ISO-10303-21;
HEADER;
FILE_DESCRIPTION((''),'2;1');
FILE_NAME('022285021','2015-04-13T',('me'),(''),
'PRO/ENGINEER BY PARAMETRIC TECHNOLOGY CORPORATION, 2011490',
'PRO/ENGINEER BY PARAMETRIC TECHNOLOGY CORPORATION, 2011490','');
FILE_SCHEMA(('CONFIG_CONTROL_DESIGN'));
ENDSEC;
DATA;
#1=CARTESIAN_POINT('',(3.928362646751E-2,9.E-2,0.E0));
#2=DIRECTION('',(0.E0,1.E0,0.E0));
#3=DIRECTION('',(7.738791177496E-1,0.E0,6.333333333333E-1));
#4=AXIS2_PLACEMENT_3D('',#1,#2,#3);
#6=DIRECTION('',(0.E0,0.E0,1.E0));
#7=VECTOR('',#6,2.E-2);
#8=CARTESIAN_POINT('',(6.25E-2,9.E-2,-3.9E-2));
#9=LINE('',#8,#7);
#10=DIRECTION('',(-1.E0,0.E0,0.E0));
#11=VECTOR('',#10,2.75E-2);
#12=CARTESIAN_POINT('',(9.E-2,9.E-2,3.9E-2));
#13=LINE('',#12,#11);
#14=DIRECTION('',(0.E0,0.E0,-1.E0));
#15=VECTOR('',#14,2.E-2);
#16=CARTESIAN_POINT('',(6.25E-2,9.E-2,3.9E-2));
#17=LINE('',#16,#15);
#18=DIRECTION('',(0.E0,0.E0,1.E0));
#19=VECTOR('',#18,2.E-2);
#20=CARTESIAN_POINT('',(3.75E-2,9.E-2,-3.9E-2));
#21=LINE('',#20,#19);
#22=CARTESIAN_POINT('',(6.071637353249E-2,9.E-2,0.E0));
#23=DIRECTION('',(0.E0,1.E0,0.E0));
#24=DIRECTION('',(-7.738791177496E-1,0.E0,-6.333333333333E-1));
#25=AXIS2_PLACEMENT_3D('',#22,#23,#24);
#27=DIRECTION('',(0.E0,0.E0,-1.E0));
#28=VECTOR('',#27,2.E-2);
#29=CARTESIAN_POINT('',(3.75E-2,9.E-2,3.9E-2));
#30=LINE('',#29,#28);
#31=DIRECTION('',(-1.E0,0.E0,0.E0));
#32=VECTOR('',#31,2.E-2);
#33=CARTESIAN_POINT('',(3.75E-2,9.E-2,3.9E-2));
#34=LINE('',#33,#32);
#35=DIRECTION('',(0.E0,0.E0,-1.E0));
#36=VECTOR('',#35,7.8E-2);
#37=CARTESIAN_POINT('',(1.75E-2,9.E-2,3.9E-2));
#38=LINE('',#37,#36);
#39=CARTESIAN_POINT('',(-6.071637353249E-2,9.E-2,0.E0));
#40=DIRECTION('',(0.E0,1.E0,0.E0));
#41=DIRECTION('',(7.738791177496E-1,0.E0,6.333333333333E-1));
#42=AXIS2_PLACEMENT_3D('',#39,#40,#41);
#44=DIRECTION('',(0.E0,0.E0,1.E0));
#45=VECTOR('',#44,2.E-2);
#46=CARTESIAN_POINT('',(-3.75E-2,9.E-2,-3.9E-2));
#47=LINE('',#46,#45);
#48=DIRECTION('',(0.E0,0.E0,-1.E0));
#49=VECTOR('',#48,7.8E-2);
#50=CARTESIAN_POINT('',(-1.75E-2,9.E-2,3.9E-2));
#51=LINE('',#50,#49);
#52=DIRECTION('',(-1.E0,0.E0,0.E0));
#53=VECTOR('',#52,2.E-2);
#54=CARTESIAN_POINT('',(-1.75E-2,9.E-2,3.9E-2));
#55=LINE('',#54,#53);
#56=DIRECTION('',(0.E0,0.E0,-1.E0));
#57=VECTOR('',#56,2.E-2);
#58=CARTESIAN_POINT('',(-3.75E-2,9.E-2,3.9E-2));
#59=LINE('',#58,#57);
#60=DIRECTION('',(0.E0,0.E0,1.E0));
#61=VECTOR('',#60,2.E-2);
#62=CARTESIAN_POINT('',(-6.25E-2,9.E-2,-3.9E-2));
#63=LINE('',#62,#61);
#64=CARTESIAN_POINT('',(-3.928362646751E-2,9.E-2,0.E0));
#65=DIRECTION('',(0.E0,1.E0,0.E0));
#66=DIRECTION('',(-7.738791177496E-1,0.E0,-6.333333333333E-1));
#67=AXIS2_PLACEMENT_3D('',#64,#65,#66);
#69=DIRECTION('',(0.E0,0.E0,-1.E0));
#70=VECTOR('',#69,2.E-2);
#71=CARTESIAN_POINT('',(-6.25E-2,9.E-2,3.9E-2));
#72=LINE('',#71,#70);
#73=DIRECTION('',(-1.E0,0.E0,0.E0));
#74=VECTOR('',#73,2.75E-2);
#75=CARTESIAN_POINT('',(-6.25E-2,9.E-2,3.9E-2));
#76=LINE('',#75,#74);
#77=DIRECTION('',(0.E0,-1.E0,0.E0));
#78=VECTOR('',#77,1.E-2);
#79=CARTESIAN_POINT('',(6.25E-2,9.E-2,1.9E-2));
#80=LINE('',#79,#78);
#81=DIRECTION('',(0.E0,1.E0,0.E0));
#82=VECTOR('',#81,1.E-2);
#83=CARTESIAN_POINT('',(3.75E-2,8.E-2,3.9E-2));
#84=LINE('',#83,#82);
#85=DIRECTION('',(-1.E0,0.E0,0.E0));
#86=VECTOR('',#85,2.E-2);
#87=CARTESIAN_POINT('',(3.75E-2,8.E-2,3.9E-2));
#88=LINE('',#87,#86);
#89=DIRECTION('',(0.E0,1.E0,0.E0));
#90=VECTOR('',#89,1.E-2);
#91=CARTESIAN_POINT('',(1.75E-2,8.E-2,3.9E-2));
#92=LINE('',#91,#90);
#93=DIRECTION('',(0.E0,1.E0,0.E0));
#94=VECTOR('',#93,1.E-2);
#95=CARTESIAN_POINT('',(6.25E-2,8.E-2,3.9E-2));
#96=LINE('',#95,#94);
#97=DIRECTION('',(-1.E0,0.E0,0.E0));
#98=VECTOR('',#97,2.75E-2);
#99=CARTESIAN_POINT('',(9.E-2,8.E-2,3.9E-2));
#100=LINE('',#99,#98);
#101=DIRECTION('',(0.E0,1.E0,0.E0));
#102=VECTOR('',#101,1.E-2);
#103=CARTESIAN_POINT('',(-6.25E-2,8.E-2,3.9E-2));
#104=LINE('',#103,#102);
#105=DIRECTION('',(-1.E0,0.E0,0.E0));
#106=VECTOR('',#105,2.75E-2);
#107=CARTESIAN_POINT('',(-6.25E-2,8.E-2,3.9E-2));
#108=LINE('',#107,#106);
#109=DIRECTION('',(0.E0,1.E0,0.E0));
#110=VECTOR('',#109,1.E-2);
#111=CARTESIAN_POINT('',(-3.75E-2,8.E-2,3.9E-2));
#112=LINE('',#111,#110);
#113=DIRECTION('',(0.E0,1.E0,0.E0));
#114=VECTOR('',#113,1.E-2);
#115=CARTESIAN_POINT('',(-1.75E-2,8.E-2,3.9E-2));
#116=LINE('',#115,#114);
#117=DIRECTION('',(-1.E0,0.E0,0.E0));
#118=VECTOR('',#117,2.E-2);
#119=CARTESIAN_POINT('',(-1.75E-2,8.E-2,3.9E-2));
#120=LINE('',#119,#118);
#121=DIRECTION('',(0.E0,-1.E0,0.E0));
#122=VECTOR('',#121,1.E-2);
#123=CARTESIAN_POINT('',(3.75E-2,9.E-2,1.9E-2));
#124=LINE('',#123,#122);
#125=DIRECTION('',(0.E0,-1.E0,0.E0));
#126=VECTOR('',#125,1.E-2);
#127=CARTESIAN_POINT('',(3.75E-2,9.E-2,-1.9E-2));
#128=LINE('',#127,#126);
#129=DIRECTION('',(0.E0,-1.E0,0.E0));
#130=VECTOR('',#129,1.E-2);
#131=CARTESIAN_POINT('',(6.25E-2,9.E-2,-3.9E-2));
#132=LINE('',#131,#130);
#133=DIRECTION('',(-1.E0,0.E0,0.E0));
#134=VECTOR('',#133,2.75E-2);
#135=CARTESIAN_POINT('',(9.E-2,9.E-2,-3.9E-2));
#136=LINE('',#135,#134);
#137=DIRECTION('',(0.E0,-1.E0,0.E0));
#138=VECTOR('',#137,1.E-2);
#139=CARTESIAN_POINT('',(3.75E-2,9.E-2,-3.9E-2));
#140=LINE('',#139,#138);
#141=DIRECTION('',(-1.E0,0.E0,0.E0));
#142=VECTOR('',#141,2.E-2);
#143=CARTESIAN_POINT('',(3.75E-2,9.E-2,-3.9E-2));
#144=LINE('',#143,#142);
#145=DIRECTION('',(0.E0,-1.E0,0.E0));
#146=VECTOR('',#145,1.E-2);
#147=CARTESIAN_POINT('',(1.75E-2,9.E-2,-3.9E-2));
#148=LINE('',#147,#146);
#149=DIRECTION('',(0.E0,-1.E0,0.E0));
#150=VECTOR('',#149,1.E-2);
#151=CARTESIAN_POINT('',(-3.75E-2,9.E-2,-3.9E-2));
#152=LINE('',#151,#150);
#153=DIRECTION('',(0.E0,-1.E0,0.E0));
#154=VECTOR('',#153,1.E-2);
#155=CARTESIAN_POINT('',(-1.75E-2,9.E-2,-3.9E-2));
#156=LINE('',#155,#154);
#157=DIRECTION('',(-1.E0,0.E0,0.E0));
#158=VECTOR('',#157,2.E-2);
#159=CARTESIAN_POINT('',(-1.75E-2,9.E-2,-3.9E-2));
#160=LINE('',#159,#158);
#161=DIRECTION('',(0.E0,-1.E0,0.E0));
#162=VECTOR('',#161,1.E-2);
#163=CARTESIAN_POINT('',(-6.25E-2,9.E-2,-3.9E-2));
#164=LINE('',#163,#162);
#165=DIRECTION('',(-1.E0,0.E0,0.E0));
#166=VECTOR('',#165,2.75E-2);
#167=CARTESIAN_POINT('',(-6.25E-2,9.E-2,-3.9E-2));
#168=LINE('',#167,#166);
#169=DIRECTION('',(0.E0,-1.E0,0.E0));
#170=VECTOR('',#169,1.E-2);
#171=CARTESIAN_POINT('',(6.25E-2,9.E-2,-1.9E-2));
#172=LINE('',#171,#170);
#173=DIRECTION('',(0.E0,0.E0,1.E0));
#174=VECTOR('',#173,2.E-2);
#175=CARTESIAN_POINT('',(-6.25E-2,8.E-2,1.9E-2));
#176=LINE('',#175,#174);
#177=CARTESIAN_POINT('',(-3.928362646751E-2,8.E-2,0.E0));
#178=DIRECTION('',(0.E0,1.E0,0.E0));
#179=DIRECTION('',(-7.738791177496E-1,0.E0,-6.333333333333E-1));
#180=AXIS2_PLACEMENT_3D('',#177,#178,#179);
#182=DIRECTION('',(0.E0,0.E0,1.E0));
#183=VECTOR('',#182,2.E-2);
#184=CARTESIAN_POINT('',(-6.25E-2,8.E-2,-3.9E-2));
#185=LINE('',#184,#183);
#186=DIRECTION('',(-1.E0,0.E0,0.E0));
#187=VECTOR('',#186,2.75E-2);
#188=CARTESIAN_POINT('',(-6.25E-2,8.E-2,-3.9E-2));
#189=LINE('',#188,#187);
#190=DIRECTION('',(-1.E0,0.E0,0.E0));
#191=VECTOR('',#190,1.E-2);
#192=CARTESIAN_POINT('',(-9.E-2,8.E-2,-3.9E-2));
#193=LINE('',#192,#191);
#194=DIRECTION('',(7.071067811865E-1,0.E0,-7.071067811865E-1));
#195=VECTOR('',#194,1.414213562373E-2);
#196=CARTESIAN_POINT('',(-1.E-1,8.E-2,-3.9E-2));
#197=LINE('',#196,#195);
#198=DIRECTION('',(7.071067811865E-1,0.E0,7.071067811865E-1));
#199=VECTOR('',#198,1.414213562373E-2);
#200=CARTESIAN_POINT('',(-1.E-2,8.E-2,-4.9E-2));
#201=LINE('',#200,#199);
#202=DIRECTION('',(7.071067811865E-1,0.E0,-7.071067811865E-1));
#203=VECTOR('',#202,1.414213562373E-2);
#204=CARTESIAN_POINT('',(0.E0,8.E-2,-3.9E-2));
#205=LINE('',#204,#203);
#206=DIRECTION('',(7.071067811865E-1,0.E0,7.071067811865E-1));
#207=VECTOR('',#206,1.414213562373E-2);
#208=CARTESIAN_POINT('',(9.E-2,8.E-2,-4.9E-2));
#209=LINE('',#208,#207);
#210=DIRECTION('',(-1.E0,0.E0,0.E0));
#211=VECTOR('',#210,1.E-2);
#212=CARTESIAN_POINT('',(1.E-1,8.E-2,-3.9E-2));
#213=LINE('',#212,#211);
#214=DIRECTION('',(-1.E0,0.E0,0.E0));
#215=VECTOR('',#214,2.75E-2);
#216=CARTESIAN_POINT('',(9.E-2,8.E-2,-3.9E-2));
#217=LINE('',#216,#215);
#218=DIRECTION('',(0.E0,0.E0,-1.E0));
#219=VECTOR('',#218,2.E-2);
#220=CARTESIAN_POINT('',(6.25E-2,8.E-2,-1.9E-2));
#221=LINE('',#220,#219);
#222=CARTESIAN_POINT('',(3.928362646751E-2,8.E-2,0.E0));
#223=DIRECTION('',(0.E0,1.E0,0.E0));
#224=DIRECTION('',(7.738791177496E-1,0.E0,6.333333333333E-1));
#225=AXIS2_PLACEMENT_3D('',#222,#223,#224);
#227=DIRECTION('',(0.E0,0.E0,-1.E0));
#228=VECTOR('',#227,2.E-2);
#229=CARTESIAN_POINT('',(6.25E-2,8.E-2,3.9E-2));
#230=LINE('',#229,#228);
#231=DIRECTION('',(1.E0,0.E0,0.E0));
#232=VECTOR('',#231,1.E-2);
#233=CARTESIAN_POINT('',(9.E-2,8.E-2,3.9E-2));
#234=LINE('',#233,#232);
#235=DIRECTION('',(-7.071067811865E-1,0.E0,7.071067811865E-1));
#236=VECTOR('',#235,1.414213562373E-2);
#237=CARTESIAN_POINT('',(1.E-1,8.E-2,3.9E-2));
#238=LINE('',#237,#236);
#239=DIRECTION('',(-1.E0,0.E0,0.E0));
#240=VECTOR('',#239,8.E-2);
#241=CARTESIAN_POINT('',(9.E-2,8.E-2,4.9E-2));
#242=LINE('',#241,#240);
#243=DIRECTION('',(-7.071067811865E-1,0.E0,-7.071067811865E-1));
#244=VECTOR('',#243,1.414213562373E-2);
#245=CARTESIAN_POINT('',(1.E-2,8.E-2,4.9E-2));
#246=LINE('',#245,#244);
#247=DIRECTION('',(-7.071067811865E-1,0.E0,7.071067811865E-1));
#248=VECTOR('',#247,1.414213562373E-2);
#249=CARTESIAN_POINT('',(0.E0,8.E-2,3.9E-2));
#250=LINE('',#249,#248);
#251=DIRECTION('',(-1.E0,0.E0,0.E0));
#252=VECTOR('',#251,8.E-2);
#253=CARTESIAN_POINT('',(-1.E-2,8.E-2,4.9E-2));
#254=LINE('',#253,#252);
#255=DIRECTION('',(-7.071067811865E-1,0.E0,-7.071067811865E-1));
#256=VECTOR('',#255,1.414213562373E-2);
#257=CARTESIAN_POINT('',(-9.E-2,8.E-2,4.9E-2));
#258=LINE('',#257,#256);
#259=DIRECTION('',(1.E0,0.E0,0.E0));
#260=VECTOR('',#259,1.E-2);
#261=CARTESIAN_POINT('',(-1.E-1,8.E-2,3.9E-2));
#262=LINE('',#261,#260);
#263=DIRECTION('',(0.E0,0.E0,1.E0));
#264=VECTOR('',#263,2.E-2);
#265=CARTESIAN_POINT('',(3.75E-2,8.E-2,1.9E-2));
#266=LINE('',#265,#264);
#267=CARTESIAN_POINT('',(6.071637353249E-2,8.E-2,0.E0));
#268=DIRECTION('',(0.E0,1.E0,0.E0));
#269=DIRECTION('',(-7.738791177496E-1,0.E0,-6.333333333333E-1));
#270=AXIS2_PLACEMENT_3D('',#267,#268,#269);
#272=DIRECTION('',(0.E0,0.E0,1.E0));
#273=VECTOR('',#272,2.E-2);
#274=CARTESIAN_POINT('',(3.75E-2,8.E-2,-3.9E-2));
#275=LINE('',#274,#273);
#276=DIRECTION('',(-1.E0,0.E0,0.E0));
#277=VECTOR('',#276,2.E-2);
#278=CARTESIAN_POINT('',(3.75E-2,8.E-2,-3.9E-2));
#279=LINE('',#278,#277);
#280=DIRECTION('',(-1.E0,0.E0,0.E0));
#281=VECTOR('',#280,2.E-2);
#282=CARTESIAN_POINT('',(-1.75E-2,8.E-2,-3.9E-2));
#283=LINE('',#282,#281);
#284=DIRECTION('',(0.E0,0.E0,-1.E0));
#285=VECTOR('',#284,2.E-2);
#286=CARTESIAN_POINT('',(-3.75E-2,8.E-2,-1.9E-2));
#287=LINE('',#286,#285);
#288=CARTESIAN_POINT('',(-6.071637353249E-2,8.E-2,0.E0));
#289=DIRECTION('',(0.E0,1.E0,0.E0));
#290=DIRECTION('',(7.738791177496E-1,0.E0,6.333333333333E-1));
#291=AXIS2_PLACEMENT_3D('',#288,#289,#290);
#293=DIRECTION('',(0.E0,0.E0,-1.E0));
#294=VECTOR('',#293,2.E-2);
#295=CARTESIAN_POINT('',(-3.75E-2,8.E-2,3.9E-2));
#296=LINE('',#295,#294);
#297=DIRECTION('',(0.E0,0.E0,-1.E0));
#298=VECTOR('',#297,7.8E-2);
#299=CARTESIAN_POINT('',(-1.75E-2,8.E-2,3.9E-2));
#300=LINE('',#299,#298);
#301=DIRECTION('',(0.E0,0.E0,-1.E0));
#302=VECTOR('',#301,2.65E-2);
#303=CARTESIAN_POINT('',(3.675E-2,8.E-2,1.325E-2));
#304=LINE('',#303,#302);
#305=DIRECTION('',(1.E0,0.E0,0.E0));
#306=VECTOR('',#305,2.65E-2);
#307=CARTESIAN_POINT('',(3.675E-2,8.E-2,1.325E-2));
#308=LINE('',#307,#306);
#309=DIRECTION('',(0.E0,0.E0,-1.E0));
#310=VECTOR('',#309,2.65E-2);
#311=CARTESIAN_POINT('',(6.325E-2,8.E-2,1.325E-2));
#312=LINE('',#311,#310);
#313=DIRECTION('',(1.E0,0.E0,0.E0));
#314=VECTOR('',#313,2.65E-2);
#315=CARTESIAN_POINT('',(3.675E-2,8.E-2,-1.325E-2));
#316=LINE('',#315,#314);
#317=DIRECTION('',(0.E0,0.E0,-1.E0));
#318=VECTOR('',#317,2.65E-2);
#319=CARTESIAN_POINT('',(-6.325E-2,8.E-2,1.325E-2));
#320=LINE('',#319,#318);
#321=DIRECTION('',(1.E0,0.E0,0.E0));
#322=VECTOR('',#321,2.65E-2);
#323=CARTESIAN_POINT('',(-6.325E-2,8.E-2,1.325E-2));
#324=LINE('',#323,#322);
#325=DIRECTION('',(0.E0,0.E0,-1.E0));
#326=VECTOR('',#325,2.65E-2);
#327=CARTESIAN_POINT('',(-3.675E-2,8.E-2,1.325E-2));
#328=LINE('',#327,#326);
#329=DIRECTION('',(1.E0,0.E0,0.E0));
#330=VECTOR('',#329,2.65E-2);
#331=CARTESIAN_POINT('',(-6.325E-2,8.E-2,-1.325E-2));
#332=LINE('',#331,#330);
#333=DIRECTION('',(0.E0,-1.E0,0.E0));
#334=VECTOR('',#333,1.E-2);
#335=CARTESIAN_POINT('',(-6.25E-2,9.E-2,1.9E-2));
#336=LINE('',#335,#334);
#337=DIRECTION('',(0.E0,-1.E0,0.E0));
#338=VECTOR('',#337,1.E-2);
#339=CARTESIAN_POINT('',(-6.25E-2,9.E-2,-1.9E-2));
#340=LINE('',#339,#338);
#341=DIRECTION('',(-7.071067811865E-1,7.071067811865E-1,0.E0));
#342=VECTOR('',#341,1.414213562373E-2);
#343=CARTESIAN_POINT('',(-9.E-2,1.E-2,3.9E-2));
#344=LINE('',#343,#342);
#345=DIRECTION('',(-7.071067811865E-1,7.071067811865E-1,0.E0));
#346=VECTOR('',#345,1.414213562373E-2);
#347=CARTESIAN_POINT('',(-9.E-2,1.E-2,-3.9E-2));
#348=LINE('',#347,#346);
#349=DIRECTION('',(0.E0,-1.E0,0.E0));
#350=VECTOR('',#349,1.E-2);
#351=CARTESIAN_POINT('',(-1.E-1,2.E-2,3.9E-2));
#352=LINE('',#351,#350);
#353=DIRECTION('',(0.E0,-1.E0,0.E0));
#354=VECTOR('',#353,1.E-2);
#355=CARTESIAN_POINT('',(-1.E-1,8.E-2,3.9E-2));
#356=LINE('',#355,#354);
#357=DIRECTION('',(-1.E0,0.E0,0.E0));
#358=VECTOR('',#357,8.E-2);
#359=CARTESIAN_POINT('',(9.E-2,1.E-2,4.9E-2));
#360=LINE('',#359,#358);
#361=DIRECTION('',(0.E0,1.E0,0.E0));
#362=VECTOR('',#361,7.E-2);
#363=CARTESIAN_POINT('',(1.E-2,1.E-2,4.9E-2));
#364=LINE('',#363,#362);
#365=DIRECTION('',(0.E0,-1.E0,0.E0));
#366=VECTOR('',#365,7.E-2);
#367=CARTESIAN_POINT('',(9.E-2,8.E-2,4.9E-2));
#368=LINE('',#367,#366);
#369=DIRECTION('',(-1.E0,0.E0,0.E0));
#370=VECTOR('',#369,8.E-2);
#371=CARTESIAN_POINT('',(-1.E-2,1.E-2,4.9E-2));
#372=LINE('',#371,#370);
#373=DIRECTION('',(0.E0,-1.E0,0.E0));
#374=VECTOR('',#373,7.E-2);
#375=CARTESIAN_POINT('',(-9.E-2,8.E-2,4.9E-2));
#376=LINE('',#375,#374);
#377=DIRECTION('',(0.E0,1.E0,0.E0));
#378=VECTOR('',#377,7.E-2);
#379=CARTESIAN_POINT('',(-1.E-2,1.E-2,4.9E-2));
#380=LINE('',#379,#378);
#381=DIRECTION('',(-1.E0,0.E0,0.E0));
#382=VECTOR('',#381,2.E-2);
#383=CARTESIAN_POINT('',(-1.75E-2,1.E-2,3.9E-2));
#384=LINE('',#383,#382);
#385=DIRECTION('',(0.E0,0.E0,1.E0));
#386=VECTOR('',#385,2.E-2);
#387=CARTESIAN_POINT('',(-3.75E-2,1.E-2,1.9E-2));
#388=LINE('',#387,#386);
#389=CARTESIAN_POINT('',(-6.071637353249E-2,1.E-2,0.E0));
#390=DIRECTION('',(0.E0,-1.E0,0.E0));
#391=DIRECTION('',(7.738791177496E-1,0.E0,-6.333333333333E-1));
#392=AXIS2_PLACEMENT_3D('',#389,#390,#391);
#394=DIRECTION('',(0.E0,0.E0,1.E0));
#395=VECTOR('',#394,2.E-2);
#396=CARTESIAN_POINT('',(-3.75E-2,1.E-2,-3.9E-2));
#397=LINE('',#396,#395);
#398=DIRECTION('',(0.E0,0.E0,-1.E0));
#399=VECTOR('',#398,2.E-2);
#400=CARTESIAN_POINT('',(3.75E-2,1.E-2,-1.9E-2));
#401=LINE('',#400,#399);
#402=CARTESIAN_POINT('',(6.071637353249E-2,1.E-2,0.E0));
#403=DIRECTION('',(0.E0,-1.E0,0.E0));
#404=DIRECTION('',(-7.738791177496E-1,0.E0,6.333333333333E-1));
#405=AXIS2_PLACEMENT_3D('',#402,#403,#404);
#407=DIRECTION('',(0.E0,0.E0,-1.E0));
#408=VECTOR('',#407,2.E-2);
#409=CARTESIAN_POINT('',(3.75E-2,1.E-2,3.9E-2));
#410=LINE('',#409,#408);
#411=DIRECTION('',(-1.E0,0.E0,0.E0));
#412=VECTOR('',#411,2.E-2);
#413=CARTESIAN_POINT('',(3.75E-2,1.E-2,3.9E-2));
#414=LINE('',#413,#412);
#415=DIRECTION('',(0.E0,0.E0,-1.E0));
#416=VECTOR('',#415,7.8E-2);
#417=CARTESIAN_POINT('',(1.75E-2,1.E-2,3.9E-2));
#418=LINE('',#417,#416);
#419=DIRECTION('',(0.E0,0.E0,-1.E0));
#420=VECTOR('',#419,2.E-2);
#421=CARTESIAN_POINT('',(-6.25E-2,1.E-2,-1.9E-2));
#422=LINE('',#421,#420);
#423=CARTESIAN_POINT('',(-3.928362646751E-2,1.E-2,0.E0));
#424=DIRECTION('',(0.E0,-1.E0,0.E0));
#425=DIRECTION('',(-7.738791177496E-1,0.E0,6.333333333333E-1));
#426=AXIS2_PLACEMENT_3D('',#423,#424,#425);
#428=DIRECTION('',(0.E0,0.E0,-1.E0));
#429=VECTOR('',#428,2.E-2);
#430=CARTESIAN_POINT('',(-6.25E-2,1.E-2,3.9E-2));
#431=LINE('',#430,#429);
#432=DIRECTION('',(-1.E0,0.E0,0.E0));
#433=VECTOR('',#432,2.75E-2);
#434=CARTESIAN_POINT('',(-6.25E-2,1.E-2,3.9E-2));
#435=LINE('',#434,#433);
#436=DIRECTION('',(1.E0,0.E0,0.E0));
#437=VECTOR('',#436,1.E-2);
#438=CARTESIAN_POINT('',(-1.E-1,1.E-2,3.9E-2));
#439=LINE('',#438,#437);
#440=DIRECTION('',(-7.071067811865E-1,0.E0,-7.071067811865E-1));
#441=VECTOR('',#440,1.414213562373E-2);
#442=CARTESIAN_POINT('',(-9.E-2,1.E-2,4.9E-2));
#443=LINE('',#442,#441);
#444=DIRECTION('',(-7.071067811865E-1,0.E0,7.071067811865E-1));
#445=VECTOR('',#444,1.414213562373E-2);
#446=CARTESIAN_POINT('',(0.E0,1.E-2,3.9E-2));
#447=LINE('',#446,#445);
#448=DIRECTION('',(-7.071067811865E-1,0.E0,-7.071067811865E-1));
#449=VECTOR('',#448,1.414213562373E-2);
#450=CARTESIAN_POINT('',(1.E-2,1.E-2,4.9E-2));
#451=LINE('',#450,#449);
#452=DIRECTION('',(-7.071067811865E-1,0.E0,7.071067811865E-1));
#453=VECTOR('',#452,1.414213562373E-2);
#454=CARTESIAN_POINT('',(1.E-1,1.E-2,3.9E-2));
#455=LINE('',#454,#453);
#456=DIRECTION('',(1.E0,0.E0,0.E0));
#457=VECTOR('',#456,1.E-2);
#458=CARTESIAN_POINT('',(9.E-2,1.E-2,3.9E-2));
#459=LINE('',#458,#457);
#460=DIRECTION('',(-1.E0,0.E0,0.E0));
#461=VECTOR('',#460,2.75E-2);
#462=CARTESIAN_POINT('',(9.E-2,1.E-2,3.9E-2));
#463=LINE('',#462,#461);
#464=DIRECTION('',(0.E0,0.E0,1.E0));
#465=VECTOR('',#464,2.E-2);
#466=CARTESIAN_POINT('',(6.25E-2,1.E-2,1.9E-2));
#467=LINE('',#466,#465);
#468=CARTESIAN_POINT('',(3.928362646751E-2,1.E-2,0.E0));
#469=DIRECTION('',(0.E0,-1.E0,0.E0));
#470=DIRECTION('',(7.738791177496E-1,0.E0,-6.333333333333E-1));
#471=AXIS2_PLACEMENT_3D('',#468,#469,#470);
#473=DIRECTION('',(0.E0,0.E0,1.E0));
#474=VECTOR('',#473,2.E-2);
#475=CARTESIAN_POINT('',(6.25E-2,1.E-2,-3.9E-2));
#476=LINE('',#475,#474);
#477=DIRECTION('',(-1.E0,0.E0,0.E0));
#478=VECTOR('',#477,1.E-2);
#479=CARTESIAN_POINT('',(1.E-1,1.E-2,-3.9E-2));
#480=LINE('',#479,#478);
#481=DIRECTION('',(7.071067811865E-1,0.E0,7.071067811865E-1));
#482=VECTOR('',#481,1.414213562373E-2);
#483=CARTESIAN_POINT('',(9.E-2,1.E-2,-4.9E-2));
#484=LINE('',#483,#482);
#485=DIRECTION('',(-1.E0,0.E0,0.E0));
#486=VECTOR('',#485,8.E-2);
#487=CARTESIAN_POINT('',(9.E-2,1.E-2,-4.9E-2));
#488=LINE('',#487,#486);
#489=DIRECTION('',(7.071067811865E-1,0.E0,-7.071067811865E-1));
#490=VECTOR('',#489,1.414213562373E-2);
#491=CARTESIAN_POINT('',(0.E0,1.E-2,-3.9E-2));
#492=LINE('',#491,#490);
#493=DIRECTION('',(7.071067811865E-1,0.E0,7.071067811865E-1));
#494=VECTOR('',#493,1.414213562373E-2);
#495=CARTESIAN_POINT('',(-1.E-2,1.E-2,-4.9E-2));
#496=LINE('',#495,#494);
#497=DIRECTION('',(-1.E0,0.E0,0.E0));
#498=VECTOR('',#497,8.E-2);
#499=CARTESIAN_POINT('',(-1.E-2,1.E-2,-4.9E-2));
#500=LINE('',#499,#498);
#501=DIRECTION('',(7.071067811865E-1,0.E0,-7.071067811865E-1));
#502=VECTOR('',#501,1.414213562373E-2);
#503=CARTESIAN_POINT('',(-1.E-1,1.E-2,-3.9E-2));
#504=LINE('',#503,#502);
#505=DIRECTION('',(-1.E0,0.E0,0.E0));
#506=VECTOR('',#505,1.E-2);
#507=CARTESIAN_POINT('',(-9.E-2,1.E-2,-3.9E-2));
#508=LINE('',#507,#506);
#509=DIRECTION('',(0.E0,0.E0,-1.E0));
#510=VECTOR('',#509,2.65E-2);
#511=CARTESIAN_POINT('',(3.675E-2,1.E-2,1.325E-2));
#512=LINE('',#511,#510);
#513=DIRECTION('',(1.E0,0.E0,0.E0));
#514=VECTOR('',#513,2.65E-2);
#515=CARTESIAN_POINT('',(3.675E-2,1.E-2,-1.325E-2));
#516=LINE('',#515,#514);
#517=DIRECTION('',(0.E0,0.E0,-1.E0));
#518=VECTOR('',#517,2.65E-2);
#519=CARTESIAN_POINT('',(6.325E-2,1.E-2,1.325E-2));
#520=LINE('',#519,#518);
#521=DIRECTION('',(1.E0,0.E0,0.E0));
#522=VECTOR('',#521,2.65E-2);
#523=CARTESIAN_POINT('',(3.675E-2,1.E-2,1.325E-2));
#524=LINE('',#523,#522);
#525=DIRECTION('',(0.E0,0.E0,-1.E0));
#526=VECTOR('',#525,2.65E-2);
#527=CARTESIAN_POINT('',(-6.325E-2,1.E-2,1.325E-2));
#528=LINE('',#527,#526);
#529=DIRECTION('',(1.E0,0.E0,0.E0));
#530=VECTOR('',#529,2.65E-2);
#531=CARTESIAN_POINT('',(-6.325E-2,1.E-2,-1.325E-2));
#532=LINE('',#531,#530);
#533=DIRECTION('',(0.E0,0.E0,-1.E0));
#534=VECTOR('',#533,2.65E-2);
#535=CARTESIAN_POINT('',(-3.675E-2,1.E-2,1.325E-2));
#536=LINE('',#535,#534);
#537=DIRECTION('',(1.E0,0.E0,0.E0));
#538=VECTOR('',#537,2.65E-2);
#539=CARTESIAN_POINT('',(-6.325E-2,1.E-2,1.325E-2));
#540=LINE('',#539,#538);
#541=DIRECTION('',(0.E0,1.E0,0.E0));
#542=VECTOR('',#541,1.E-2);
#543=CARTESIAN_POINT('',(6.25E-2,0.E0,3.9E-2));
#544=LINE('',#543,#542);
#545=DIRECTION('',(-1.E0,0.E0,0.E0));
#546=VECTOR('',#545,2.75E-2);
#547=CARTESIAN_POINT('',(9.E-2,0.E0,3.9E-2));
#548=LINE('',#547,#546);
#549=DIRECTION('',(0.E0,1.E0,0.E0));
#550=VECTOR('',#549,1.E-2);
#551=CARTESIAN_POINT('',(3.75E-2,0.E0,3.9E-2));
#552=LINE('',#551,#550);
#553=DIRECTION('',(-1.E0,0.E0,0.E0));
#554=VECTOR('',#553,2.E-2);
#555=CARTESIAN_POINT('',(3.75E-2,0.E0,3.9E-2));
#556=LINE('',#555,#554);
#557=DIRECTION('',(0.E0,1.E0,0.E0));
#558=VECTOR('',#557,1.E-2);
#559=CARTESIAN_POINT('',(1.75E-2,0.E0,3.9E-2));
#560=LINE('',#559,#558);
#561=DIRECTION('',(0.E0,1.E0,0.E0));
#562=VECTOR('',#561,1.E-2);
#563=CARTESIAN_POINT('',(-3.75E-2,0.E0,3.9E-2));
#564=LINE('',#563,#562);
#565=DIRECTION('',(0.E0,1.E0,0.E0));
#566=VECTOR('',#565,1.E-2);
#567=CARTESIAN_POINT('',(-1.75E-2,0.E0,3.9E-2));
#568=LINE('',#567,#566);
#569=DIRECTION('',(-1.E0,0.E0,0.E0));
#570=VECTOR('',#569,2.E-2);
#571=CARTESIAN_POINT('',(-1.75E-2,0.E0,3.9E-2));
#572=LINE('',#571,#570);
#573=DIRECTION('',(0.E0,1.E0,0.E0));
#574=VECTOR('',#573,1.E-2);
#575=CARTESIAN_POINT('',(-6.25E-2,0.E0,3.9E-2));
#576=LINE('',#575,#574);
#577=DIRECTION('',(-1.E0,0.E0,0.E0));
#578=VECTOR('',#577,2.75E-2);
#579=CARTESIAN_POINT('',(-6.25E-2,0.E0,3.9E-2));
#580=LINE('',#579,#578);
#581=DIRECTION('',(0.E0,1.E0,0.E0));
#582=VECTOR('',#581,1.E-2);
#583=CARTESIAN_POINT('',(6.25E-2,0.E0,1.9E-2));
#584=LINE('',#583,#582);
#585=DIRECTION('',(0.E0,0.E0,1.E0));
#586=VECTOR('',#585,2.E-2);
#587=CARTESIAN_POINT('',(6.25E-2,0.E0,-3.9E-2));
#588=LINE('',#587,#586);
#589=CARTESIAN_POINT('',(3.928362646751E-2,0.E0,0.E0));
#590=DIRECTION('',(0.E0,-1.E0,0.E0));
#591=DIRECTION('',(7.738791177496E-1,0.E0,-6.333333333333E-1));
#592=AXIS2_PLACEMENT_3D('',#589,#590,#591);
#594=DIRECTION('',(0.E0,0.E0,-1.E0));
#595=VECTOR('',#594,2.E-2);
#596=CARTESIAN_POINT('',(6.25E-2,0.E0,3.9E-2));
#597=LINE('',#596,#595);
#598=DIRECTION('',(-1.E0,0.E0,0.E0));
#599=VECTOR('',#598,2.75E-2);
#600=CARTESIAN_POINT('',(9.E-2,0.E0,-3.9E-2));
#601=LINE('',#600,#599);
#602=DIRECTION('',(0.E0,0.E0,-1.E0));
#603=VECTOR('',#602,2.E-2);
#604=CARTESIAN_POINT('',(3.75E-2,0.E0,3.9E-2));
#605=LINE('',#604,#603);
#606=CARTESIAN_POINT('',(6.071637353249E-2,0.E0,0.E0));
#607=DIRECTION('',(0.E0,-1.E0,0.E0));
#608=DIRECTION('',(-7.738791177496E-1,0.E0,6.333333333333E-1));
#609=AXIS2_PLACEMENT_3D('',#606,#607,#608);
#611=DIRECTION('',(0.E0,0.E0,1.E0));
#612=VECTOR('',#611,2.E-2);
#613=CARTESIAN_POINT('',(3.75E-2,0.E0,-3.9E-2));
#614=LINE('',#613,#612);
#615=DIRECTION('',(-1.E0,0.E0,0.E0));
#616=VECTOR('',#615,2.E-2);
#617=CARTESIAN_POINT('',(3.75E-2,0.E0,-3.9E-2));
#618=LINE('',#617,#616);
#619=DIRECTION('',(0.E0,0.E0,1.E0));
#620=VECTOR('',#619,7.8E-2);
#621=CARTESIAN_POINT('',(1.75E-2,0.E0,-3.9E-2));
#622=LINE('',#621,#620);
#623=DIRECTION('',(0.E0,0.E0,1.E0));
#624=VECTOR('',#623,2.E-2);
#625=CARTESIAN_POINT('',(-3.75E-2,0.E0,-3.9E-2));
#626=LINE('',#625,#624);
#627=CARTESIAN_POINT('',(-6.071637353249E-2,0.E0,0.E0));
#628=DIRECTION('',(0.E0,-1.E0,0.E0));
#629=DIRECTION('',(7.738791177496E-1,0.E0,-6.333333333333E-1));
#630=AXIS2_PLACEMENT_3D('',#627,#628,#629);
#632=DIRECTION('',(0.E0,0.E0,-1.E0));
#633=VECTOR('',#632,2.E-2);
#634=CARTESIAN_POINT('',(-3.75E-2,0.E0,3.9E-2));
#635=LINE('',#634,#633);
#636=DIRECTION('',(0.E0,0.E0,1.E0));
#637=VECTOR('',#636,7.8E-2);
#638=CARTESIAN_POINT('',(-1.75E-2,0.E0,-3.9E-2));
#639=LINE('',#638,#637);
#640=DIRECTION('',(-1.E0,0.E0,0.E0));
#641=VECTOR('',#640,2.E-2);
#642=CARTESIAN_POINT('',(-1.75E-2,0.E0,-3.9E-2));
#643=LINE('',#642,#641);
#644=DIRECTION('',(0.E0,0.E0,-1.E0));
#645=VECTOR('',#644,2.E-2);
#646=CARTESIAN_POINT('',(-6.25E-2,0.E0,3.9E-2));
#647=LINE('',#646,#645);
#648=CARTESIAN_POINT('',(-3.928362646751E-2,0.E0,0.E0));
#649=DIRECTION('',(0.E0,-1.E0,0.E0));
#650=DIRECTION('',(-7.738791177496E-1,0.E0,6.333333333333E-1));
#651=AXIS2_PLACEMENT_3D('',#648,#649,#650);
#653=DIRECTION('',(0.E0,0.E0,1.E0));
#654=VECTOR('',#653,2.E-2);
#655=CARTESIAN_POINT('',(-6.25E-2,0.E0,-3.9E-2));
#656=LINE('',#655,#654);
#657=DIRECTION('',(-1.E0,0.E0,0.E0));
#658=VECTOR('',#657,2.75E-2);
#659=CARTESIAN_POINT('',(-6.25E-2,0.E0,-3.9E-2));
#660=LINE('',#659,#658);
#661=DIRECTION('',(0.E0,-1.E0,0.E0));
#662=VECTOR('',#661,1.E-2);
#663=CARTESIAN_POINT('',(6.25E-2,1.E-2,-3.9E-2));
#664=LINE('',#663,#662);
#665=DIRECTION('',(-1.E0,0.E0,0.E0));
#666=VECTOR('',#665,2.75E-2);
#667=CARTESIAN_POINT('',(9.E-2,1.E-2,-3.9E-2));
#668=LINE('',#667,#666);
#669=DIRECTION('',(0.E0,-1.E0,0.E0));
#670=VECTOR('',#669,1.E-2);
#671=CARTESIAN_POINT('',(3.75E-2,1.E-2,-3.9E-2));
#672=LINE('',#671,#670);
#673=DIRECTION('',(-1.E0,0.E0,0.E0));
#674=VECTOR('',#673,2.E-2);
#675=CARTESIAN_POINT('',(3.75E-2,1.E-2,-3.9E-2));
#676=LINE('',#675,#674);
#677=DIRECTION('',(0.E0,-1.E0,0.E0));
#678=VECTOR('',#677,1.E-2);
#679=CARTESIAN_POINT('',(1.75E-2,1.E-2,-3.9E-2));
#680=LINE('',#679,#678);
#681=DIRECTION('',(0.E0,-1.E0,0.E0));
#682=VECTOR('',#681,1.E-2);
#683=CARTESIAN_POINT('',(-3.75E-2,1.E-2,-3.9E-2));
#684=LINE('',#683,#682);
#685=DIRECTION('',(0.E0,-1.E0,0.E0));
#686=VECTOR('',#685,1.E-2);
#687=CARTESIAN_POINT('',(-1.75E-2,1.E-2,-3.9E-2));
#688=LINE('',#687,#686);
#689=DIRECTION('',(-1.E0,0.E0,0.E0));
#690=VECTOR('',#689,2.E-2);
#691=CARTESIAN_POINT('',(-1.75E-2,1.E-2,-3.9E-2));
#692=LINE('',#691,#690);
#693=DIRECTION('',(0.E0,-1.E0,0.E0));
#694=VECTOR('',#693,1.E-2);
#695=CARTESIAN_POINT('',(-6.25E-2,1.E-2,-3.9E-2));
#696=LINE('',#695,#694);
#697=DIRECTION('',(-1.E0,0.E0,0.E0));
#698=VECTOR('',#697,2.75E-2);
#699=CARTESIAN_POINT('',(-6.25E-2,1.E-2,-3.9E-2));
#700=LINE('',#699,#698);
#701=DIRECTION('',(0.E0,0.E0,-1.E0));
#702=VECTOR('',#701,7.8E-2);
#703=CARTESIAN_POINT('',(9.E-2,1.E-2,3.9E-2));
#704=LINE('',#703,#702);
#705=DIRECTION('',(0.E0,-1.E0,0.E0));
#706=VECTOR('',#705,1.E-2);
#707=CARTESIAN_POINT('',(9.E-2,1.E-2,-3.9E-2));
#708=LINE('',#707,#706);
#709=DIRECTION('',(0.E0,0.E0,1.E0));
#710=VECTOR('',#709,7.8E-2);
#711=CARTESIAN_POINT('',(9.E-2,0.E0,-3.9E-2));
#712=LINE('',#711,#710);
#713=DIRECTION('',(0.E0,1.E0,0.E0));
#714=VECTOR('',#713,1.E-2);
#715=CARTESIAN_POINT('',(9.E-2,0.E0,3.9E-2));
#716=LINE('',#715,#714);
#717=DIRECTION('',(0.E0,0.E0,1.E0));
#718=VECTOR('',#717,7.8E-2);
#719=CARTESIAN_POINT('',(9.E-2,8.E-2,-3.9E-2));
#720=LINE('',#719,#718);
#721=DIRECTION('',(0.E0,1.E0,0.E0));
#722=VECTOR('',#721,1.E-2);
#723=CARTESIAN_POINT('',(9.E-2,8.E-2,3.9E-2));
#724=LINE('',#723,#722);
#725=DIRECTION('',(0.E0,0.E0,-1.E0));
#726=VECTOR('',#725,7.8E-2);
#727=CARTESIAN_POINT('',(9.E-2,9.E-2,3.9E-2));
#728=LINE('',#727,#726);
#729=DIRECTION('',(0.E0,-1.E0,0.E0));
#730=VECTOR('',#729,1.E-2);
#731=CARTESIAN_POINT('',(9.E-2,9.E-2,-3.9E-2));
#732=LINE('',#731,#730);
#733=DIRECTION('',(7.071067811865E-1,7.071067811865E-1,0.E0));
#734=VECTOR('',#733,1.414213562373E-2);
#735=CARTESIAN_POINT('',(9.E-2,1.E-2,3.9E-2));
#736=LINE('',#735,#734);
#737=DIRECTION('',(7.071067811865E-1,7.071067811865E-1,0.E0));
#738=VECTOR('',#737,1.414213562373E-2);
#739=CARTESIAN_POINT('',(9.E-2,1.E-2,-3.9E-2));
#740=LINE('',#739,#738);
#741=DIRECTION('',(0.E0,-1.E0,0.E0));
#742=VECTOR('',#741,1.E-2);
#743=CARTESIAN_POINT('',(1.E-1,8.E-2,3.9E-2));
#744=LINE('',#743,#742);
#745=DIRECTION('',(0.E0,-1.E0,0.E0));
#746=VECTOR('',#745,1.E-2);
#747=CARTESIAN_POINT('',(1.E-1,2.E-2,3.9E-2));
#748=LINE('',#747,#746);
#749=DIRECTION('',(0.E0,1.E0,0.E0));
#750=VECTOR('',#749,5.E-2);
#751=CARTESIAN_POINT('',(1.E-1,2.E-2,3.9E-2));
#752=LINE('',#751,#750);
#753=DIRECTION('',(0.E0,0.E0,1.E0));
#754=VECTOR('',#753,7.8E-2);
#755=CARTESIAN_POINT('',(1.E-1,7.E-2,-3.9E-2));
#756=LINE('',#755,#754);
#757=DIRECTION('',(0.E0,1.E0,0.E0));
#758=VECTOR('',#757,5.E-2);
#759=CARTESIAN_POINT('',(1.E-1,2.E-2,-3.9E-2));
#760=LINE('',#759,#758);
#761=DIRECTION('',(0.E0,0.E0,-1.E0));
#762=VECTOR('',#761,7.8E-2);
#763=CARTESIAN_POINT('',(1.E-1,2.E-2,3.9E-2));
#764=LINE('',#763,#762);
#765=DIRECTION('',(7.071067811865E-1,-7.071067811865E-1,0.E0));
#766=VECTOR('',#765,1.414213562373E-2);
#767=CARTESIAN_POINT('',(9.E-2,8.E-2,3.9E-2));
#768=LINE('',#767,#766);
#769=DIRECTION('',(7.071067811865E-1,-7.071067811865E-1,0.E0));
#770=VECTOR('',#769,1.414213562373E-2);
#771=CARTESIAN_POINT('',(9.E-2,8.E-2,-3.9E-2));
#772=LINE('',#771,#770);
#773=DIRECTION('',(0.E0,-1.E0,0.E0));
#774=VECTOR('',#773,1.E-2);
#775=CARTESIAN_POINT('',(1.E-1,2.E-2,-3.9E-2));
#776=LINE('',#775,#774);
#777=DIRECTION('',(0.E0,-1.E0,0.E0));
#778=VECTOR('',#777,1.E-2);
#779=CARTESIAN_POINT('',(1.E-1,8.E-2,-3.9E-2));
#780=LINE('',#779,#778);
#781=DIRECTION('',(-1.E0,0.E0,0.E0));
#782=VECTOR('',#781,8.E-2);
#783=CARTESIAN_POINT('',(9.E-2,8.E-2,-4.9E-2));
#784=LINE('',#783,#782);
#785=DIRECTION('',(0.E0,-1.E0,0.E0));
#786=VECTOR('',#785,7.E-2);
#787=CARTESIAN_POINT('',(1.E-2,8.E-2,-4.9E-2));
#788=LINE('',#787,#786);
#789=DIRECTION('',(0.E0,-1.E0,0.E0));
#790=VECTOR('',#789,7.E-2);
#791=CARTESIAN_POINT('',(9.E-2,8.E-2,-4.9E-2));
#792=LINE('',#791,#790);
#793=DIRECTION('',(-1.E0,0.E0,0.E0));
#794=VECTOR('',#793,8.E-2);
#795=CARTESIAN_POINT('',(-1.E-2,8.E-2,-4.9E-2));
#796=LINE('',#795,#794);
#797=DIRECTION('',(0.E0,-1.E0,0.E0));
#798=VECTOR('',#797,7.E-2);
#799=CARTESIAN_POINT('',(-9.E-2,8.E-2,-4.9E-2));
#800=LINE('',#799,#798);
#801=DIRECTION('',(0.E0,-1.E0,0.E0));
#802=VECTOR('',#801,7.E-2);
#803=CARTESIAN_POINT('',(-1.E-2,8.E-2,-4.9E-2));
#804=LINE('',#803,#802);
#805=DIRECTION('',(0.E0,-1.E0,0.E0));
#806=VECTOR('',#805,7.E-2);
#807=CARTESIAN_POINT('',(0.E0,8.E-2,-3.9E-2));
#808=LINE('',#807,#806);
#809=DIRECTION('',(0.E0,-1.E0,0.E0));
#810=VECTOR('',#809,1.E-2);
#811=CARTESIAN_POINT('',(-1.E-1,8.E-2,-3.9E-2));
#812=LINE('',#811,#810);
#813=DIRECTION('',(0.E0,-1.E0,0.E0));
#814=VECTOR('',#813,1.E-2);
#815=CARTESIAN_POINT('',(-1.E-1,2.E-2,-3.9E-2));
#816=LINE('',#815,#814);
#817=DIRECTION('',(0.E0,1.E0,0.E0));
#818=VECTOR('',#817,5.E-2);
#819=CARTESIAN_POINT('',(-1.E-1,2.E-2,3.9E-2));
#820=LINE('',#819,#818);
#821=DIRECTION('',(0.E0,0.E0,1.E0));
#822=VECTOR('',#821,7.8E-2);
#823=CARTESIAN_POINT('',(-1.E-1,2.E-2,-3.9E-2));
#824=LINE('',#823,#822);
#825=DIRECTION('',(0.E0,1.E0,0.E0));
#826=VECTOR('',#825,5.E-2);
#827=CARTESIAN_POINT('',(-1.E-1,2.E-2,-3.9E-2));
#828=LINE('',#827,#826);
#829=DIRECTION('',(0.E0,0.E0,-1.E0));
#830=VECTOR('',#829,7.8E-2);
#831=CARTESIAN_POINT('',(-1.E-1,7.E-2,3.9E-2));
#832=LINE('',#831,#830);
#833=DIRECTION('',(-7.071067811865E-1,-7.071067811865E-1,0.E0));
#834=VECTOR('',#833,1.414213562373E-2);
#835=CARTESIAN_POINT('',(-9.E-2,8.E-2,3.9E-2));
#836=LINE('',#835,#834);
#837=DIRECTION('',(-7.071067811865E-1,-7.071067811865E-1,0.E0));
#838=VECTOR('',#837,1.414213562373E-2);
#839=CARTESIAN_POINT('',(-9.E-2,8.E-2,-3.9E-2));
#840=LINE('',#839,#838);
#841=DIRECTION('',(0.E0,0.E0,1.E0));
#842=VECTOR('',#841,7.8E-2);
#843=CARTESIAN_POINT('',(-9.E-2,1.E-2,-3.9E-2));
#844=LINE('',#843,#842);
#845=DIRECTION('',(0.E0,1.E0,0.E0));
#846=VECTOR('',#845,1.E-2);
#847=CARTESIAN_POINT('',(-9.E-2,0.E0,3.9E-2));
#848=LINE('',#847,#846);
#849=DIRECTION('',(0.E0,0.E0,1.E0));
#850=VECTOR('',#849,7.8E-2);
#851=CARTESIAN_POINT('',(-9.E-2,0.E0,-3.9E-2));
#852=LINE('',#851,#850);
#853=DIRECTION('',(0.E0,-1.E0,0.E0));
#854=VECTOR('',#853,1.E-2);
#855=CARTESIAN_POINT('',(-9.E-2,1.E-2,-3.9E-2));
#856=LINE('',#855,#854);
#857=DIRECTION('',(0.E0,0.E0,-1.E0));
#858=VECTOR('',#857,7.8E-2);
#859=CARTESIAN_POINT('',(-9.E-2,8.E-2,3.9E-2));
#860=LINE('',#859,#858);
#861=DIRECTION('',(0.E0,-1.E0,0.E0));
#862=VECTOR('',#861,1.E-2);
#863=CARTESIAN_POINT('',(-9.E-2,9.E-2,-3.9E-2));
#864=LINE('',#863,#862);
#865=DIRECTION('',(0.E0,0.E0,-1.E0));
#866=VECTOR('',#865,7.8E-2);
#867=CARTESIAN_POINT('',(-9.E-2,9.E-2,3.9E-2));
#868=LINE('',#867,#866);
#869=DIRECTION('',(0.E0,1.E0,0.E0));
#870=VECTOR('',#869,1.E-2);
#871=CARTESIAN_POINT('',(-9.E-2,8.E-2,3.9E-2));
#872=LINE('',#871,#870);
#873=DIRECTION('',(0.E0,1.E0,0.E0));
#874=VECTOR('',#873,1.E-2);
#875=CARTESIAN_POINT('',(3.75E-2,0.E0,-1.9E-2));
#876=LINE('',#875,#874);
#877=DIRECTION('',(0.E0,1.E0,0.E0));
#878=VECTOR('',#877,1.E-2);
#879=CARTESIAN_POINT('',(3.75E-2,0.E0,1.9E-2));
#880=LINE('',#879,#878);
#881=DIRECTION('',(0.E0,1.E0,0.E0));
#882=VECTOR('',#881,1.E-2);
#883=CARTESIAN_POINT('',(-3.75E-2,0.E0,-1.9E-2));
#884=LINE('',#883,#882);
#885=DIRECTION('',(0.E0,1.E0,0.E0));
#886=VECTOR('',#885,1.E-2);
#887=CARTESIAN_POINT('',(-3.75E-2,0.E0,1.9E-2));
#888=LINE('',#887,#886);
#889=DIRECTION('',(0.E0,0.E0,-1.E0));
#890=VECTOR('',#889,7.8E-2);
#891=CARTESIAN_POINT('',(-1.75E-2,1.E-2,3.9E-2));
#892=LINE('',#891,#890);
#893=DIRECTION('',(0.E0,1.E0,0.E0));
#894=VECTOR('',#893,1.E-2);
#895=CARTESIAN_POINT('',(-6.25E-2,0.E0,-1.9E-2));
#896=LINE('',#895,#894);
#897=DIRECTION('',(0.E0,1.E0,0.E0));
#898=VECTOR('',#897,1.E-2);
#899=CARTESIAN_POINT('',(-6.25E-2,0.E0,1.9E-2));
#900=LINE('',#899,#898);
#901=DIRECTION('',(0.E0,1.E0,0.E0));
#902=VECTOR('',#901,1.E-2);
#903=CARTESIAN_POINT('',(6.25E-2,0.E0,-1.9E-2));
#904=LINE('',#903,#902);
#905=DIRECTION('',(0.E0,-1.E0,0.E0));
#906=VECTOR('',#905,7.E-2);
#907=CARTESIAN_POINT('',(0.E0,8.E-2,3.9E-2));
#908=LINE('',#907,#906);
#909=DIRECTION('',(0.E0,1.E0,0.E0));
#910=VECTOR('',#909,3.3E-1);
#911=CARTESIAN_POINT('',(3.675E-2,8.E-2,-1.325E-2));
#912=LINE('',#911,#910);
#913=DIRECTION('',(0.E0,0.E0,1.E0));
#914=VECTOR('',#913,2.65E-2);
#915=CARTESIAN_POINT('',(3.675E-2,4.1E-1,-1.325E-2));
#916=LINE('',#915,#914);
#917=DIRECTION('',(0.E0,-1.E0,0.E0));
#918=VECTOR('',#917,3.3E-1);
#919=CARTESIAN_POINT('',(3.675E-2,4.1E-1,1.325E-2));
#920=LINE('',#919,#918);
#921=DIRECTION('',(0.E0,-1.E0,0.E0));
#922=VECTOR('',#921,4.1E-2);
#923=CARTESIAN_POINT('',(3.675E-2,1.E-2,1.325E-2));
#924=LINE('',#923,#922);
#925=CARTESIAN_POINT('',(3.675E-2,-6.E-2,5.398082370883E-2));
#926=DIRECTION('',(-1.E0,0.E0,0.E0));
#927=DIRECTION('',(0.E0,5.8E-1,-8.146164741767E-1));
#928=AXIS2_PLACEMENT_3D('',#925,#926,#927);
#930=DIRECTION('',(0.E0,-1.E0,0.E0));
#931=VECTOR('',#930,4.002417639157E-2);
#932=CARTESIAN_POINT('',(3.675E-2,-9.497582360843E-2,1.825E-2));
#933=LINE('',#932,#931);
#934=DIRECTION('',(0.E0,0.E0,-1.E0));
#935=VECTOR('',#934,2.65E-2);
#936=CARTESIAN_POINT('',(3.675E-2,-1.35E-1,1.825E-2));
#937=LINE('',#936,#935);
#938=DIRECTION('',(0.E0,1.E0,0.E0));
#939=VECTOR('',#938,4.055439070070E-2);
#940=CARTESIAN_POINT('',(3.675E-2,-1.35E-1,-8.25E-3));
#941=LINE('',#940,#939);
#942=CARTESIAN_POINT('',(3.675E-2,-6.E-2,2.38E-2));
#943=DIRECTION('',(1.E0,0.E0,0.E0));
#944=DIRECTION('',(0.E0,-7.321064675728E-1,-6.811902231668E-1));
#945=AXIS2_PLACEMENT_3D('',#942,#943,#944);
#947=DIRECTION('',(0.E0,1.E0,0.E0));
#948=VECTOR('',#947,4.1E-2);
#949=CARTESIAN_POINT('',(3.675E-2,-3.1E-2,-1.325E-2));
#950=LINE('',#949,#948);
#951=DIRECTION('',(0.E0,-1.E0,0.E0));
#952=VECTOR('',#951,3.3E-1);
#953=CARTESIAN_POINT('',(6.325E-2,4.1E-1,1.325E-2));
#954=LINE('',#953,#952);
#955=DIRECTION('',(0.E0,0.E0,1.E0));
#956=VECTOR('',#955,2.65E-2);
#957=CARTESIAN_POINT('',(6.325E-2,4.1E-1,-1.325E-2));
#958=LINE('',#957,#956);
#959=DIRECTION('',(0.E0,1.E0,0.E0));
#960=VECTOR('',#959,3.3E-1);
#961=CARTESIAN_POINT('',(6.325E-2,8.E-2,-1.325E-2));
#962=LINE('',#961,#960);
#963=DIRECTION('',(0.E0,1.E0,0.E0));
#964=VECTOR('',#963,4.1E-2);
#965=CARTESIAN_POINT('',(6.325E-2,-3.1E-2,-1.325E-2));
#966=LINE('',#965,#964);
#967=CARTESIAN_POINT('',(6.325E-2,-6.E-2,2.38E-2));
#968=DIRECTION('',(1.E0,0.E0,0.E0));
#969=DIRECTION('',(0.E0,-7.321064675728E-1,-6.811902231668E-1));
#970=AXIS2_PLACEMENT_3D('',#967,#968,#969);
#972=DIRECTION('',(0.E0,1.E0,0.E0));
#973=VECTOR('',#972,4.055439070070E-2);
#974=CARTESIAN_POINT('',(6.325E-2,-1.35E-1,-8.25E-3));
#975=LINE('',#974,#973);
#976=DIRECTION('',(0.E0,0.E0,-1.E0));
#977=VECTOR('',#976,2.65E-2);
#978=CARTESIAN_POINT('',(6.325E-2,-1.35E-1,1.825E-2));
#979=LINE('',#978,#977);
#980=DIRECTION('',(0.E0,-1.E0,0.E0));
#981=VECTOR('',#980,4.002417639157E-2);
#982=CARTESIAN_POINT('',(6.325E-2,-9.497582360843E-2,1.825E-2));
#983=LINE('',#982,#981);
#984=CARTESIAN_POINT('',(6.325E-2,-6.E-2,5.398082370883E-2));
#985=DIRECTION('',(-1.E0,0.E0,0.E0));
#986=DIRECTION('',(0.E0,5.8E-1,-8.146164741767E-1));
#987=AXIS2_PLACEMENT_3D('',#984,#985,#986);
#989=DIRECTION('',(0.E0,-1.E0,0.E0));
#990=VECTOR('',#989,4.1E-2);
#991=CARTESIAN_POINT('',(6.325E-2,1.E-2,1.325E-2));
#992=LINE('',#991,#990);
#993=DIRECTION('',(1.E0,0.E0,0.E0));
#994=VECTOR('',#993,2.65E-2);
#995=CARTESIAN_POINT('',(3.675E-2,4.1E-1,1.325E-2));
#996=LINE('',#995,#994);
#997=DIRECTION('',(1.E0,0.E0,0.E0));
#998=VECTOR('',#997,2.65E-2);
#999=CARTESIAN_POINT('',(3.675E-2,4.1E-1,-1.325E-2));
#1000=LINE('',#999,#998);
#1001=DIRECTION('',(1.E0,0.E0,0.E0));
#1002=VECTOR('',#1001,2.65E-2);
#1003=CARTESIAN_POINT('',(3.675E-2,-3.1E-2,-1.325E-2));
#1004=LINE('',#1003,#1002);
#1005=DIRECTION('',(1.E0,0.E0,0.E0));
#1006=VECTOR('',#1005,2.65E-2);
#1007=CARTESIAN_POINT('',(3.675E-2,-9.444560929930E-2,-8.25E-3));
#1008=LINE('',#1007,#1006);
#1009=DIRECTION('',(1.E0,0.E0,0.E0));
#1010=VECTOR('',#1009,2.65E-2);
#1011=CARTESIAN_POINT('',(3.675E-2,-1.35E-1,-8.25E-3));
#1012=LINE('',#1011,#1010);
#1013=DIRECTION('',(1.E0,0.E0,0.E0));
#1014=VECTOR('',#1013,2.65E-2);
#1015=CARTESIAN_POINT('',(3.675E-2,-1.35E-1,1.825E-2));
#1016=LINE('',#1015,#1014);
#1017=DIRECTION('',(1.E0,0.E0,0.E0));
#1018=VECTOR('',#1017,2.65E-2);
#1019=CARTESIAN_POINT('',(3.675E-2,-9.497582360843E-2,1.825E-2));
#1020=LINE('',#1019,#1018);
#1021=DIRECTION('',(1.E0,0.E0,0.E0));
#1022=VECTOR('',#1021,2.65E-2);
#1023=CARTESIAN_POINT('',(3.675E-2,-3.1E-2,1.325E-2));
#1024=LINE('',#1023,#1022);
#1025=DIRECTION('',(0.E0,1.E0,0.E0));
#1026=VECTOR('',#1025,3.3E-1);
#1027=CARTESIAN_POINT('',(-6.325E-2,8.E-2,-1.325E-2));
#1028=LINE('',#1027,#1026);
#1029=DIRECTION('',(0.E0,0.E0,1.E0));
#1030=VECTOR('',#1029,2.65E-2);
#1031=CARTESIAN_POINT('',(-6.325E-2,4.1E-1,-1.325E-2));
#1032=LINE('',#1031,#1030);
#1033=DIRECTION('',(0.E0,-1.E0,0.E0));
#1034=VECTOR('',#1033,3.3E-1);
#1035=CARTESIAN_POINT('',(-6.325E-2,4.1E-1,1.325E-2));
#1036=LINE('',#1035,#1034);
#1037=DIRECTION('',(0.E0,-1.E0,0.E0));
#1038=VECTOR('',#1037,4.1E-2);
#1039=CARTESIAN_POINT('',(-6.325E-2,1.E-2,1.325E-2));
#1040=LINE('',#1039,#1038);
#1041=CARTESIAN_POINT('',(-6.325E-2,-6.E-2,-2.38E-2));
#1042=DIRECTION('',(1.E0,0.E0,0.E0));
#1043=DIRECTION('',(0.E0,6.163655685441E-1,7.874601487779E-1));
#1044=AXIS2_PLACEMENT_3D('',#1041,#1042,#1043);
#1046=DIRECTION('',(0.E0,-1.E0,0.E0));
#1047=VECTOR('',#1046,4.055439070070E-2);
#1048=CARTESIAN_POINT('',(-6.325E-2,-9.444560929930E-2,8.25E-3));
#1049=LINE('',#1048,#1047);
#1050=DIRECTION('',(0.E0,0.E0,-1.E0));
#1051=VECTOR('',#1050,2.65E-2);
#1052=CARTESIAN_POINT('',(-6.325E-2,-1.35E-1,8.25E-3));
#1053=LINE('',#1052,#1051);
#1054=DIRECTION('',(0.E0,1.E0,0.E0));
#1055=VECTOR('',#1054,4.002417639157E-2);
#1056=CARTESIAN_POINT('',(-6.325E-2,-1.35E-1,-1.825E-2));
#1057=LINE('',#1056,#1055);
#1058=CARTESIAN_POINT('',(-6.325E-2,-6.E-2,-5.398082370883E-2));
#1059=DIRECTION('',(-1.E0,0.E0,0.E0));
#1060=DIRECTION('',(0.E0,-6.995164721687E-1,7.146164741767E-1));
#1061=AXIS2_PLACEMENT_3D('',#1058,#1059,#1060);
#1063=DIRECTION('',(0.E0,1.E0,0.E0));
#1064=VECTOR('',#1063,4.1E-2);
#1065=CARTESIAN_POINT('',(-6.325E-2,-3.1E-2,-1.325E-2));
#1066=LINE('',#1065,#1064);
#1067=DIRECTION('',(0.E0,-1.E0,0.E0));
#1068=VECTOR('',#1067,3.3E-1);
#1069=CARTESIAN_POINT('',(-3.675E-2,4.1E-1,1.325E-2));
#1070=LINE('',#1069,#1068);
#1071=DIRECTION('',(0.E0,0.E0,1.E0));
#1072=VECTOR('',#1071,2.65E-2);
#1073=CARTESIAN_POINT('',(-3.675E-2,4.1E-1,-1.325E-2));
#1074=LINE('',#1073,#1072);
#1075=DIRECTION('',(0.E0,1.E0,0.E0));
#1076=VECTOR('',#1075,3.3E-1);
#1077=CARTESIAN_POINT('',(-3.675E-2,8.E-2,-1.325E-2));
#1078=LINE('',#1077,#1076);
#1079=DIRECTION('',(0.E0,1.E0,0.E0));
#1080=VECTOR('',#1079,4.1E-2);
#1081=CARTESIAN_POINT('',(-3.675E-2,-3.1E-2,-1.325E-2));
#1082=LINE('',#1081,#1080);
#1083=CARTESIAN_POINT('',(-3.675E-2,-6.E-2,-5.398082370883E-2));
#1084=DIRECTION('',(-1.E0,0.E0,0.E0));
#1085=DIRECTION('',(0.E0,-6.995164721687E-1,7.146164741767E-1));
#1086=AXIS2_PLACEMENT_3D('',#1083,#1084,#1085);
#1088=DIRECTION('',(0.E0,1.E0,0.E0));
#1089=VECTOR('',#1088,4.002417639157E-2);
#1090=CARTESIAN_POINT('',(-3.675E-2,-1.35E-1,-1.825E-2));
#1091=LINE('',#1090,#1089);
#1092=DIRECTION('',(0.E0,0.E0,-1.E0));
#1093=VECTOR('',#1092,2.65E-2);
#1094=CARTESIAN_POINT('',(-3.675E-2,-1.35E-1,8.25E-3));
#1095=LINE('',#1094,#1093);
#1096=DIRECTION('',(0.E0,-1.E0,0.E0));
#1097=VECTOR('',#1096,4.055439070070E-2);
#1098=CARTESIAN_POINT('',(-3.675E-2,-9.444560929930E-2,8.25E-3));
#1099=LINE('',#1098,#1097);
#1100=CARTESIAN_POINT('',(-3.675E-2,-6.E-2,-2.38E-2));
#1101=DIRECTION('',(1.E0,0.E0,0.E0));
#1102=DIRECTION('',(0.E0,6.163655685441E-1,7.874601487779E-1));
#1103=AXIS2_PLACEMENT_3D('',#1100,#1101,#1102);
#1105=DIRECTION('',(0.E0,-1.E0,0.E0));
#1106=VECTOR('',#1105,4.1E-2);
#1107=CARTESIAN_POINT('',(-3.675E-2,1.E-2,1.325E-2));
#1108=LINE('',#1107,#1106);
#1109=DIRECTION('',(1.E0,0.E0,0.E0));
#1110=VECTOR('',#1109,2.65E-2);
#1111=CARTESIAN_POINT('',(-6.325E-2,4.1E-1,1.325E-2));
#1112=LINE('',#1111,#1110);
#1113=DIRECTION('',(1.E0,0.E0,0.E0));
#1114=VECTOR('',#1113,2.65E-2);
#1115=CARTESIAN_POINT('',(-6.325E-2,4.1E-1,-1.325E-2));
#1116=LINE('',#1115,#1114);
#1117=DIRECTION('',(1.E0,0.E0,0.E0));
#1118=VECTOR('',#1117,2.65E-2);
#1119=CARTESIAN_POINT('',(-6.325E-2,-3.1E-2,-1.325E-2));
#1120=LINE('',#1119,#1118);
#1121=DIRECTION('',(1.E0,0.E0,0.E0));
#1122=VECTOR('',#1121,2.65E-2);
#1123=CARTESIAN_POINT('',(-6.325E-2,-9.497582360843E-2,-1.825E-2));
#1124=LINE('',#1123,#1122);
#1125=DIRECTION('',(1.E0,0.E0,0.E0));
#1126=VECTOR('',#1125,2.65E-2);
#1127=CARTESIAN_POINT('',(-6.325E-2,-1.35E-1,-1.825E-2));
#1128=LINE('',#1127,#1126);
#1129=DIRECTION('',(1.E0,0.E0,0.E0));
#1130=VECTOR('',#1129,2.65E-2);
#1131=CARTESIAN_POINT('',(-6.325E-2,-1.35E-1,8.25E-3));
#1132=LINE('',#1131,#1130);
#1133=DIRECTION('',(1.E0,0.E0,0.E0));
#1134=VECTOR('',#1133,2.65E-2);
#1135=CARTESIAN_POINT('',(-6.325E-2,-9.444560929930E-2,8.25E-3));
#1136=LINE('',#1135,#1134);
#1137=DIRECTION('',(1.E0,0.E0,0.E0));
#1138=VECTOR('',#1137,2.65E-2);
#1139=CARTESIAN_POINT('',(-6.325E-2,-3.1E-2,1.325E-2));
#1140=LINE('',#1139,#1138);
#1141=DIRECTION('',(0.E0,0.E0,-1.E0));
#1142=VECTOR('',#1141,7.8E-2);
#1143=CARTESIAN_POINT('',(1.75E-2,8.E-2,3.9E-2));
#1144=LINE('',#1143,#1142);
#1145=DIRECTION('',(0.E0,-1.E0,0.E0));
#1146=VECTOR('',#1145,1.E-2);
#1147=CARTESIAN_POINT('',(-3.75E-2,9.E-2,-1.9E-2));
#1148=LINE('',#1147,#1146);
#1149=DIRECTION('',(0.E0,-1.E0,0.E0));
#1150=VECTOR('',#1149,1.E-2);
#1151=CARTESIAN_POINT('',(-3.75E-2,9.E-2,1.9E-2));
#1152=LINE('',#1151,#1150);
#1153=CARTESIAN_POINT('',(9.E-2,9.E-2,3.9E-2));
#1154=CARTESIAN_POINT('',(9.E-2,9.E-2,-3.9E-2));
#1155=VERTEX_POINT('',#1153);
#1156=VERTEX_POINT('',#1154);
#1157=CARTESIAN_POINT('',(9.E-2,0.E0,-3.9E-2));
#1158=CARTESIAN_POINT('',(9.E-2,0.E0,3.9E-2));
#1159=VERTEX_POINT('',#1157);
#1160=VERTEX_POINT('',#1158);
#1161=CARTESIAN_POINT('',(-9.E-2,9.E-2,3.9E-2));
#1162=CARTESIAN_POINT('',(-9.E-2,9.E-2,-3.9E-2));
#1163=VERTEX_POINT('',#1161);
#1164=VERTEX_POINT('',#1162);
#1165=CARTESIAN_POINT('',(-9.E-2,0.E0,-3.9E-2));
#1166=CARTESIAN_POINT('',(-9.E-2,0.E0,3.9E-2));
#1167=VERTEX_POINT('',#1165);
#1168=VERTEX_POINT('',#1166);
#1169=CARTESIAN_POINT('',(9.E-2,8.E-2,-3.9E-2));
#1170=VERTEX_POINT('',#1169);
#1171=CARTESIAN_POINT('',(9.E-2,1.E-2,-3.9E-2));
#1172=VERTEX_POINT('',#1171);
#1173=CARTESIAN_POINT('',(9.E-2,1.E-2,3.9E-2));
#1174=VERTEX_POINT('',#1173);
#1175=CARTESIAN_POINT('',(9.E-2,8.E-2,3.9E-2));
#1176=VERTEX_POINT('',#1175);
#1177=CARTESIAN_POINT('',(-9.E-2,8.E-2,-3.9E-2));
#1178=VERTEX_POINT('',#1177);
#1179=CARTESIAN_POINT('',(-9.E-2,1.E-2,-3.9E-2));
#1180=VERTEX_POINT('',#1179);
#1181=CARTESIAN_POINT('',(-9.E-2,1.E-2,3.9E-2));
#1182=VERTEX_POINT('',#1181);
#1183=CARTESIAN_POINT('',(-9.E-2,8.E-2,3.9E-2));
#1184=VERTEX_POINT('',#1183);
#1185=CARTESIAN_POINT('',(-9.E-2,8.E-2,4.9E-2));
#1186=CARTESIAN_POINT('',(-9.E-2,1.E-2,4.9E-2));
#1187=VERTEX_POINT('',#1185);
#1188=VERTEX_POINT('',#1186);
#1189=CARTESIAN_POINT('',(-1.E-1,2.E-2,3.9E-2));
#1190=CARTESIAN_POINT('',(-1.E-1,7.E-2,3.9E-2));
#1191=VERTEX_POINT('',#1189);
#1192=VERTEX_POINT('',#1190);
#1193=CARTESIAN_POINT('',(-1.E-1,2.E-2,-3.9E-2));
#1194=VERTEX_POINT('',#1193);
#1195=CARTESIAN_POINT('',(-1.E-1,7.E-2,-3.9E-2));
#1196=VERTEX_POINT('',#1195);
#1197=CARTESIAN_POINT('',(-1.E-1,8.E-2,3.9E-2));
#1198=VERTEX_POINT('',#1197);
#1199=CARTESIAN_POINT('',(-1.E-1,1.E-2,3.9E-2));
#1200=VERTEX_POINT('',#1199);
#1201=CARTESIAN_POINT('',(9.E-2,8.E-2,4.9E-2));
#1202=CARTESIAN_POINT('',(9.E-2,1.E-2,4.9E-2));
#1203=VERTEX_POINT('',#1201);
#1204=VERTEX_POINT('',#1202);
#1205=CARTESIAN_POINT('',(9.E-2,8.E-2,-4.9E-2));
#1206=CARTESIAN_POINT('',(9.E-2,1.E-2,-4.9E-2));
#1207=VERTEX_POINT('',#1205);
#1208=VERTEX_POINT('',#1206);
#1209=CARTESIAN_POINT('',(-9.E-2,8.E-2,-4.9E-2));
#1210=CARTESIAN_POINT('',(-9.E-2,1.E-2,-4.9E-2));
#1211=VERTEX_POINT('',#1209);
#1212=VERTEX_POINT('',#1210);
#1213=CARTESIAN_POINT('',(1.E-1,2.E-2,3.9E-2));
#1214=CARTESIAN_POINT('',(1.E-1,7.E-2,3.9E-2));
#1215=VERTEX_POINT('',#1213);
#1216=VERTEX_POINT('',#1214);
#1217=CARTESIAN_POINT('',(1.E-1,2.E-2,-3.9E-2));
#1218=CARTESIAN_POINT('',(1.E-1,7.E-2,-3.9E-2));
#1219=VERTEX_POINT('',#1217);
#1220=VERTEX_POINT('',#1218);
#1221=CARTESIAN_POINT('',(-1.E-1,8.E-2,-3.9E-2));
#1222=VERTEX_POINT('',#1221);
#1223=CARTESIAN_POINT('',(1.E-1,8.E-2,3.9E-2));
#1224=VERTEX_POINT('',#1223);
#1225=CARTESIAN_POINT('',(1.E-1,8.E-2,-3.9E-2));
#1226=VERTEX_POINT('',#1225);
#1227=CARTESIAN_POINT('',(-1.E-1,1.E-2,-3.9E-2));
#1228=VERTEX_POINT('',#1227);
#1229=CARTESIAN_POINT('',(1.E-1,1.E-2,3.9E-2));
#1230=VERTEX_POINT('',#1229);
#1231=CARTESIAN_POINT('',(1.E-1,1.E-2,-3.9E-2));
#1232=VERTEX_POINT('',#1231);
#1233=CARTESIAN_POINT('',(1.E-2,1.E-2,4.9E-2));
#1234=VERTEX_POINT('',#1233);
#1235=CARTESIAN_POINT('',(-1.E-2,1.E-2,4.9E-2));
#1236=VERTEX_POINT('',#1235);
#1237=CARTESIAN_POINT('',(1.E-2,8.E-2,4.9E-2));
#1238=VERTEX_POINT('',#1237);
#1239=CARTESIAN_POINT('',(-1.E-2,8.E-2,4.9E-2));
#1240=VERTEX_POINT('',#1239);
#1241=CARTESIAN_POINT('',(1.E-2,8.E-2,-4.9E-2));
#1242=VERTEX_POINT('',#1241);
#1243=CARTESIAN_POINT('',(-1.E-2,8.E-2,-4.9E-2));
#1244=VERTEX_POINT('',#1243);
#1245=CARTESIAN_POINT('',(1.E-2,1.E-2,-4.9E-2));
#1246=VERTEX_POINT('',#1245);
#1247=CARTESIAN_POINT('',(-1.E-2,1.E-2,-4.9E-2));
#1248=VERTEX_POINT('',#1247);
#1249=CARTESIAN_POINT('',(0.E0,8.E-2,-3.9E-2));
#1250=CARTESIAN_POINT('',(0.E0,1.E-2,-3.9E-2));
#1251=VERTEX_POINT('',#1249);
#1252=VERTEX_POINT('',#1250);
#1253=CARTESIAN_POINT('',(0.E0,8.E-2,3.9E-2));
#1254=CARTESIAN_POINT('',(0.E0,1.E-2,3.9E-2));
#1255=VERTEX_POINT('',#1253);
#1256=VERTEX_POINT('',#1254);
#1257=CARTESIAN_POINT('',(-1.75E-2,9.E-2,3.9E-2));
#1258=CARTESIAN_POINT('',(-1.75E-2,9.E-2,-3.9E-2));
#1259=VERTEX_POINT('',#1257);
#1260=VERTEX_POINT('',#1258);
#1261=CARTESIAN_POINT('',(1.75E-2,9.E-2,3.9E-2));
#1262=CARTESIAN_POINT('',(1.75E-2,9.E-2,-3.9E-2));
#1263=VERTEX_POINT('',#1261);
#1264=VERTEX_POINT('',#1262);
#1265=CARTESIAN_POINT('',(-1.75E-2,0.E0,-3.9E-2));
#1266=CARTESIAN_POINT('',(-1.75E-2,0.E0,3.9E-2));
#1267=VERTEX_POINT('',#1265);
#1268=VERTEX_POINT('',#1266);
#1269=CARTESIAN_POINT('',(1.75E-2,0.E0,-3.9E-2));
#1270=CARTESIAN_POINT('',(1.75E-2,0.E0,3.9E-2));
#1271=VERTEX_POINT('',#1269);
#1272=VERTEX_POINT('',#1270);
#1273=CARTESIAN_POINT('',(-1.75E-2,8.E-2,-3.9E-2));
#1274=VERTEX_POINT('',#1273);
#1275=CARTESIAN_POINT('',(1.75E-2,8.E-2,-3.9E-2));
#1276=VERTEX_POINT('',#1275);
#1277=CARTESIAN_POINT('',(-1.75E-2,1.E-2,-3.9E-2));
#1278=VERTEX_POINT('',#1277);
#1279=CARTESIAN_POINT('',(1.75E-2,1.E-2,-3.9E-2));
#1280=VERTEX_POINT('',#1279);
#1281=CARTESIAN_POINT('',(-1.75E-2,1.E-2,3.9E-2));
#1282=VERTEX_POINT('',#1281);
#1283=CARTESIAN_POINT('',(1.75E-2,1.E-2,3.9E-2));
#1284=VERTEX_POINT('',#1283);
#1285=CARTESIAN_POINT('',(-1.75E-2,8.E-2,3.9E-2));
#1286=VERTEX_POINT('',#1285);
#1287=CARTESIAN_POINT('',(1.75E-2,8.E-2,3.9E-2));
#1288=VERTEX_POINT('',#1287);
#1289=CARTESIAN_POINT('',(6.25E-2,8.E-2,1.9E-2));
#1290=CARTESIAN_POINT('',(6.25E-2,8.E-2,-1.9E-2));
#1291=VERTEX_POINT('',#1289);
#1292=VERTEX_POINT('',#1290);
#1293=CARTESIAN_POINT('',(3.75E-2,8.E-2,-1.9E-2));
#1294=CARTESIAN_POINT('',(3.75E-2,8.E-2,1.9E-2));
#1295=VERTEX_POINT('',#1293);
#1296=VERTEX_POINT('',#1294);
#1297=CARTESIAN_POINT('',(6.25E-2,9.E-2,1.9E-2));
#1298=CARTESIAN_POINT('',(6.25E-2,9.E-2,-1.9E-2));
#1299=VERTEX_POINT('',#1297);
#1300=VERTEX_POINT('',#1298);
#1301=CARTESIAN_POINT('',(6.25E-2,9.E-2,-3.9E-2));
#1302=VERTEX_POINT('',#1301);
#1303=CARTESIAN_POINT('',(3.75E-2,9.E-2,-3.9E-2));
#1304=CARTESIAN_POINT('',(3.75E-2,9.E-2,-1.9E-2));
#1305=VERTEX_POINT('',#1303);
#1306=VERTEX_POINT('',#1304);
#1307=CARTESIAN_POINT('',(3.75E-2,9.E-2,1.9E-2));
#1308=VERTEX_POINT('',#1307);
#1309=CARTESIAN_POINT('',(3.75E-2,9.E-2,3.9E-2));
#1310=VERTEX_POINT('',#1309);
#1311=CARTESIAN_POINT('',(6.25E-2,9.E-2,3.9E-2));
#1312=VERTEX_POINT('',#1311);
#1313=CARTESIAN_POINT('',(6.25E-2,8.E-2,-3.9E-2));
#1314=VERTEX_POINT('',#1313);
#1315=CARTESIAN_POINT('',(3.75E-2,8.E-2,-3.9E-2));
#1316=VERTEX_POINT('',#1315);
#1317=CARTESIAN_POINT('',(3.75E-2,8.E-2,3.9E-2));
#1318=VERTEX_POINT('',#1317);
#1319=CARTESIAN_POINT('',(6.25E-2,8.E-2,3.9E-2));
#1320=VERTEX_POINT('',#1319);
#1321=CARTESIAN_POINT('',(-3.75E-2,8.E-2,1.9E-2));
#1322=CARTESIAN_POINT('',(-3.75E-2,8.E-2,-1.9E-2));
#1323=VERTEX_POINT('',#1321);
#1324=VERTEX_POINT('',#1322);
#1325=CARTESIAN_POINT('',(-6.25E-2,8.E-2,-1.9E-2));
#1326=CARTESIAN_POINT('',(-6.25E-2,8.E-2,1.9E-2));
#1327=VERTEX_POINT('',#1325);
#1328=VERTEX_POINT('',#1326);
#1329=CARTESIAN_POINT('',(-3.75E-2,9.E-2,1.9E-2));
#1330=CARTESIAN_POINT('',(-3.75E-2,9.E-2,-1.9E-2));
#1331=VERTEX_POINT('',#1329);
#1332=VERTEX_POINT('',#1330);
#1333=CARTESIAN_POINT('',(-3.75E-2,9.E-2,-3.9E-2));
#1334=VERTEX_POINT('',#1333);
#1335=CARTESIAN_POINT('',(-6.25E-2,9.E-2,-3.9E-2));
#1336=CARTESIAN_POINT('',(-6.25E-2,9.E-2,-1.9E-2));
#1337=VERTEX_POINT('',#1335);
#1338=VERTEX_POINT('',#1336);
#1339=CARTESIAN_POINT('',(-6.25E-2,9.E-2,1.9E-2));
#1340=VERTEX_POINT('',#1339);
#1341=CARTESIAN_POINT('',(-6.25E-2,9.E-2,3.9E-2));
#1342=VERTEX_POINT('',#1341);
#1343=CARTESIAN_POINT('',(-3.75E-2,9.E-2,3.9E-2));
#1344=VERTEX_POINT('',#1343);
#1345=CARTESIAN_POINT('',(-3.75E-2,8.E-2,-3.9E-2));
#1346=VERTEX_POINT('',#1345);
#1347=CARTESIAN_POINT('',(-6.25E-2,8.E-2,-3.9E-2));
#1348=VERTEX_POINT('',#1347);
#1349=CARTESIAN_POINT('',(-6.25E-2,8.E-2,3.9E-2));
#1350=VERTEX_POINT('',#1349);
#1351=CARTESIAN_POINT('',(-3.75E-2,8.E-2,3.9E-2));
#1352=VERTEX_POINT('',#1351);
#1353=CARTESIAN_POINT('',(6.25E-2,1.E-2,-1.9E-2));
#1354=CARTESIAN_POINT('',(6.25E-2,1.E-2,1.9E-2));
#1355=VERTEX_POINT('',#1353);
#1356=VERTEX_POINT('',#1354);
#1357=CARTESIAN_POINT('',(3.75E-2,1.E-2,1.9E-2));
#1358=CARTESIAN_POINT('',(3.75E-2,1.E-2,-1.9E-2));
#1359=VERTEX_POINT('',#1357);
#1360=VERTEX_POINT('',#1358);
#1361=CARTESIAN_POINT('',(6.25E-2,0.E0,-3.9E-2));
#1362=CARTESIAN_POINT('',(6.25E-2,0.E0,-1.9E-2));
#1363=VERTEX_POINT('',#1361);
#1364=VERTEX_POINT('',#1362);
#1365=CARTESIAN_POINT('',(6.25E-2,0.E0,1.9E-2));
#1366=VERTEX_POINT('',#1365);
#1367=CARTESIAN_POINT('',(6.25E-2,0.E0,3.9E-2));
#1368=VERTEX_POINT('',#1367);
#1369=CARTESIAN_POINT('',(3.75E-2,0.E0,3.9E-2));
#1370=CARTESIAN_POINT('',(3.75E-2,0.E0,1.9E-2));
#1371=VERTEX_POINT('',#1369);
#1372=VERTEX_POINT('',#1370);
#1373=CARTESIAN_POINT('',(3.75E-2,0.E0,-1.9E-2));
#1374=VERTEX_POINT('',#1373);
#1375=CARTESIAN_POINT('',(3.75E-2,0.E0,-3.9E-2));
#1376=VERTEX_POINT('',#1375);
#1377=CARTESIAN_POINT('',(6.25E-2,1.E-2,-3.9E-2));
#1378=VERTEX_POINT('',#1377);
#1379=CARTESIAN_POINT('',(3.75E-2,1.E-2,-3.9E-2));
#1380=VERTEX_POINT('',#1379);
#1381=CARTESIAN_POINT('',(6.25E-2,1.E-2,3.9E-2));
#1382=VERTEX_POINT('',#1381);
#1383=CARTESIAN_POINT('',(3.75E-2,1.E-2,3.9E-2));
#1384=VERTEX_POINT('',#1383);
#1385=CARTESIAN_POINT('',(-3.75E-2,1.E-2,-1.9E-2));
#1386=CARTESIAN_POINT('',(-3.75E-2,1.E-2,1.9E-2));
#1387=VERTEX_POINT('',#1385);
#1388=VERTEX_POINT('',#1386);
#1389=CARTESIAN_POINT('',(-6.25E-2,1.E-2,1.9E-2));
#1390=CARTESIAN_POINT('',(-6.25E-2,1.E-2,-1.9E-2));
#1391=VERTEX_POINT('',#1389);
#1392=VERTEX_POINT('',#1390);
#1393=CARTESIAN_POINT('',(-3.75E-2,0.E0,-3.9E-2));
#1394=CARTESIAN_POINT('',(-3.75E-2,0.E0,-1.9E-2));
#1395=VERTEX_POINT('',#1393);
#1396=VERTEX_POINT('',#1394);
#1397=CARTESIAN_POINT('',(-3.75E-2,0.E0,1.9E-2));
#1398=VERTEX_POINT('',#1397);
#1399=CARTESIAN_POINT('',(-3.75E-2,0.E0,3.9E-2));
#1400=VERTEX_POINT('',#1399);
#1401=CARTESIAN_POINT('',(-6.25E-2,0.E0,3.9E-2));
#1402=CARTESIAN_POINT('',(-6.25E-2,0.E0,1.9E-2));
#1403=VERTEX_POINT('',#1401);
#1404=VERTEX_POINT('',#1402);
#1405=CARTESIAN_POINT('',(-6.25E-2,0.E0,-1.9E-2));
#1406=VERTEX_POINT('',#1405);
#1407=CARTESIAN_POINT('',(-6.25E-2,0.E0,-3.9E-2));
#1408=VERTEX_POINT('',#1407);
#1409=CARTESIAN_POINT('',(-3.75E-2,1.E-2,-3.9E-2));
#1410=VERTEX_POINT('',#1409);
#1411=CARTESIAN_POINT('',(-6.25E-2,1.E-2,-3.9E-2));
#1412=VERTEX_POINT('',#1411);
#1413=CARTESIAN_POINT('',(-3.75E-2,1.E-2,3.9E-2));
#1414=VERTEX_POINT('',#1413);
#1415=CARTESIAN_POINT('',(-6.25E-2,1.E-2,3.9E-2));
#1416=VERTEX_POINT('',#1415);
#1417=CARTESIAN_POINT('',(3.675E-2,4.1E-1,-1.325E-2));
#1418=CARTESIAN_POINT('',(3.675E-2,4.1E-1,1.325E-2));
#1419=VERTEX_POINT('',#1417);
#1420=VERTEX_POINT('',#1418);
#1421=CARTESIAN_POINT('',(6.325E-2,4.1E-1,-1.325E-2));
#1422=CARTESIAN_POINT('',(6.325E-2,4.1E-1,1.325E-2));
#1423=VERTEX_POINT('',#1421);
#1424=VERTEX_POINT('',#1422);
#1425=CARTESIAN_POINT('',(3.675E-2,8.E-2,1.325E-2));
#1426=CARTESIAN_POINT('',(3.675E-2,8.E-2,-1.325E-2));
#1427=VERTEX_POINT('',#1425);
#1428=VERTEX_POINT('',#1426);
#1429=CARTESIAN_POINT('',(6.325E-2,8.E-2,1.325E-2));
#1430=CARTESIAN_POINT('',(6.325E-2,8.E-2,-1.325E-2));
#1431=VERTEX_POINT('',#1429);
#1432=VERTEX_POINT('',#1430);
#1433=CARTESIAN_POINT('',(3.675E-2,1.E-2,1.325E-2));
#1434=CARTESIAN_POINT('',(3.675E-2,1.E-2,-1.325E-2));
#1435=VERTEX_POINT('',#1433);
#1436=VERTEX_POINT('',#1434);
#1437=CARTESIAN_POINT('',(6.325E-2,1.E-2,1.325E-2));
#1438=CARTESIAN_POINT('',(6.325E-2,1.E-2,-1.325E-2));
#1439=VERTEX_POINT('',#1437);
#1440=VERTEX_POINT('',#1438);
#1441=CARTESIAN_POINT('',(3.675E-2,-3.1E-2,-1.325E-2));
#1442=VERTEX_POINT('',#1441);
#1443=CARTESIAN_POINT('',(3.675E-2,-3.1E-2,1.325E-2));
#1444=VERTEX_POINT('',#1443);
#1445=CARTESIAN_POINT('',(6.325E-2,-3.1E-2,-1.325E-2));
#1446=VERTEX_POINT('',#1445);
#1447=CARTESIAN_POINT('',(6.325E-2,-3.1E-2,1.325E-2));
#1448=VERTEX_POINT('',#1447);
#1449=CARTESIAN_POINT('',(-6.325E-2,4.1E-1,-1.325E-2));
#1450=CARTESIAN_POINT('',(-6.325E-2,4.1E-1,1.325E-2));
#1451=VERTEX_POINT('',#1449);
#1452=VERTEX_POINT('',#1450);
#1453=CARTESIAN_POINT('',(-3.675E-2,4.1E-1,-1.325E-2));
#1454=CARTESIAN_POINT('',(-3.675E-2,4.1E-1,1.325E-2));
#1455=VERTEX_POINT('',#1453);
#1456=VERTEX_POINT('',#1454);
#1457=CARTESIAN_POINT('',(-6.325E-2,8.E-2,1.325E-2));
#1458=CARTESIAN_POINT('',(-6.325E-2,8.E-2,-1.325E-2));
#1459=VERTEX_POINT('',#1457);
#1460=VERTEX_POINT('',#1458);
#1461=CARTESIAN_POINT('',(-3.675E-2,8.E-2,1.325E-2));
#1462=CARTESIAN_POINT('',(-3.675E-2,8.E-2,-1.325E-2));
#1463=VERTEX_POINT('',#1461);
#1464=VERTEX_POINT('',#1462);
#1465=CARTESIAN_POINT('',(-6.325E-2,1.E-2,1.325E-2));
#1466=CARTESIAN_POINT('',(-6.325E-2,1.E-2,-1.325E-2));
#1467=VERTEX_POINT('',#1465);
#1468=VERTEX_POINT('',#1466);
#1469=CARTESIAN_POINT('',(-3.675E-2,1.E-2,1.325E-2));
#1470=CARTESIAN_POINT('',(-3.675E-2,1.E-2,-1.325E-2));
#1471=VERTEX_POINT('',#1469);
#1472=VERTEX_POINT('',#1470);
#1473=CARTESIAN_POINT('',(-6.325E-2,-3.1E-2,1.325E-2));
#1474=VERTEX_POINT('',#1473);
#1475=CARTESIAN_POINT('',(-6.325E-2,-3.1E-2,-1.325E-2));
#1476=VERTEX_POINT('',#1475);
#1477=CARTESIAN_POINT('',(-3.675E-2,-3.1E-2,1.325E-2));
#1478=VERTEX_POINT('',#1477);
#1479=CARTESIAN_POINT('',(-3.675E-2,-3.1E-2,-1.325E-2));
#1480=VERTEX_POINT('',#1479);
#1481=CARTESIAN_POINT('',(3.675E-2,-9.497582360843E-2,1.825E-2));
#1482=VERTEX_POINT('',#1481);
#1483=CARTESIAN_POINT('',(3.675E-2,-1.35E-1,1.825E-2));
#1484=VERTEX_POINT('',#1483);
#1485=CARTESIAN_POINT('',(3.675E-2,-1.35E-1,-8.25E-3));
#1486=VERTEX_POINT('',#1485);
#1487=CARTESIAN_POINT('',(3.675E-2,-9.444560929930E-2,-8.25E-3));
#1488=VERTEX_POINT('',#1487);
#1489=CARTESIAN_POINT('',(6.325E-2,-9.497582360843E-2,1.825E-2));
#1490=VERTEX_POINT('',#1489);
#1491=CARTESIAN_POINT('',(6.325E-2,-1.35E-1,1.825E-2));
#1492=VERTEX_POINT('',#1491);
#1493=CARTESIAN_POINT('',(6.325E-2,-1.35E-1,-8.25E-3));
#1494=VERTEX_POINT('',#1493);
#1495=CARTESIAN_POINT('',(6.325E-2,-9.444560929930E-2,-8.25E-3));
#1496=VERTEX_POINT('',#1495);
#1497=CARTESIAN_POINT('',(-6.325E-2,-9.444560929930E-2,8.25E-3));
#1498=VERTEX_POINT('',#1497);
#1499=CARTESIAN_POINT('',(-6.325E-2,-1.35E-1,8.25E-3));
#1500=VERTEX_POINT('',#1499);
#1501=CARTESIAN_POINT('',(-6.325E-2,-1.35E-1,-1.825E-2));
#1502=VERTEX_POINT('',#1501);
#1503=CARTESIAN_POINT('',(-6.325E-2,-9.497582360843E-2,-1.825E-2));
#1504=VERTEX_POINT('',#1503);
#1505=CARTESIAN_POINT('',(-3.675E-2,-9.444560929930E-2,8.25E-3));
#1506=VERTEX_POINT('',#1505);
#1507=CARTESIAN_POINT('',(-3.675E-2,-1.35E-1,8.25E-3));
#1508=VERTEX_POINT('',#1507);
#1509=CARTESIAN_POINT('',(-3.675E-2,-1.35E-1,-1.825E-2));
#1510=VERTEX_POINT('',#1509);
#1511=CARTESIAN_POINT('',(-3.675E-2,-9.497582360843E-2,-1.825E-2));
#1512=VERTEX_POINT('',#1511);
#1513=CARTESIAN_POINT('',(9.E-2,9.E-2,3.9E-2));
#1514=DIRECTION('',(0.E0,1.E0,0.E0));
#1515=DIRECTION('',(0.E0,0.E0,-1.E0));
#1516=AXIS2_PLACEMENT_3D('',#1513,#1514,#1515);
#1517=PLANE('',#1516);
#1519=ORIENTED_EDGE('',*,*,#1518,.T.);
#1521=ORIENTED_EDGE('',*,*,#1520,.F.);
#1523=ORIENTED_EDGE('',*,*,#1522,.F.);
#1525=ORIENTED_EDGE('',*,*,#1524,.F.);
#1527=ORIENTED_EDGE('',*,*,#1526,.T.);
#1529=ORIENTED_EDGE('',*,*,#1528,.T.);
#1530=EDGE_LOOP('',(#1519,#1521,#1523,#1525,#1527,#1529));
#1531=FACE_OUTER_BOUND('',#1530,.F.);
#1532=ADVANCED_FACE('',(#1531),#1517,.T.);
#1533=CARTESIAN_POINT('',(9.E-2,9.E-2,3.9E-2));
#1534=DIRECTION('',(0.E0,1.E0,0.E0));
#1535=DIRECTION('',(0.E0,0.E0,-1.E0));
#1536=AXIS2_PLACEMENT_3D('',#1533,#1534,#1535);
#1537=PLANE('',#1536);
#1539=ORIENTED_EDGE('',*,*,#1538,.T.);
#1541=ORIENTED_EDGE('',*,*,#1540,.T.);
#1543=ORIENTED_EDGE('',*,*,#1542,.F.);
#1545=ORIENTED_EDGE('',*,*,#1544,.T.);
#1547=ORIENTED_EDGE('',*,*,#1546,.T.);
#1549=ORIENTED_EDGE('',*,*,#1548,.F.);
#1550=EDGE_LOOP('',(#1539,#1541,#1543,#1545,#1547,#1549));
#1551=FACE_OUTER_BOUND('',#1550,.F.);
#1552=ADVANCED_FACE('',(#1551),#1537,.T.);
#1553=CARTESIAN_POINT('',(9.E-2,9.E-2,3.9E-2));
#1554=DIRECTION('',(0.E0,1.E0,0.E0));
#1555=DIRECTION('',(0.E0,0.E0,-1.E0));
#1556=AXIS2_PLACEMENT_3D('',#1553,#1554,#1555);
#1557=PLANE('',#1556);
#1559=ORIENTED_EDGE('',*,*,#1558,.T.);
#1561=ORIENTED_EDGE('',*,*,#1560,.F.);
#1563=ORIENTED_EDGE('',*,*,#1562,.F.);
#1565=ORIENTED_EDGE('',*,*,#1564,.F.);
#1567=ORIENTED_EDGE('',*,*,#1566,.T.);
#1569=ORIENTED_EDGE('',*,*,#1568,.T.);
#1570=EDGE_LOOP('',(#1559,#1561,#1563,#1565,#1567,#1569));
#1571=FACE_OUTER_BOUND('',#1570,.F.);
#1572=ADVANCED_FACE('',(#1571),#1557,.T.);
#1573=CARTESIAN_POINT('',(9.E-2,9.E-2,3.9E-2));
#1574=DIRECTION('',(0.E0,1.E0,0.E0));
#1575=DIRECTION('',(0.E0,0.E0,-1.E0));
#1576=AXIS2_PLACEMENT_3D('',#1573,#1574,#1575);
#1577=PLANE('',#1576);
#1579=ORIENTED_EDGE('',*,*,#1578,.T.);
#1581=ORIENTED_EDGE('',*,*,#1580,.T.);
#1583=ORIENTED_EDGE('',*,*,#1582,.F.);
#1585=ORIENTED_EDGE('',*,*,#1584,.T.);
#1587=ORIENTED_EDGE('',*,*,#1586,.T.);
#1589=ORIENTED_EDGE('',*,*,#1588,.F.);
#1590=EDGE_LOOP('',(#1579,#1581,#1583,#1585,#1587,#1589));
#1591=FACE_OUTER_BOUND('',#1590,.F.);
#1592=ADVANCED_FACE('',(#1591),#1577,.T.);
#1593=CARTESIAN_POINT('',(3.928362646751E-2,9.E-2,0.E0));
#1594=DIRECTION('',(0.E0,1.E0,0.E0));
#1595=DIRECTION('',(1.E0,0.E0,0.E0));
#1596=AXIS2_PLACEMENT_3D('',#1593,#1594,#1595);
#1597=CYLINDRICAL_SURFACE('',#1596,3.E-2);
#1598=ORIENTED_EDGE('',*,*,#1518,.F.);
#1600=ORIENTED_EDGE('',*,*,#1599,.T.);
#1602=ORIENTED_EDGE('',*,*,#1601,.T.);
#1604=ORIENTED_EDGE('',*,*,#1603,.F.);
#1605=EDGE_LOOP('',(#1598,#1600,#1602,#1604));
#1606=FACE_OUTER_BOUND('',#1605,.F.);
#1607=ADVANCED_FACE('',(#1606),#1597,.F.);
#1608=CARTESIAN_POINT('',(6.25E-2,9.E-2,3.9E-2));
#1609=DIRECTION('',(1.E0,0.E0,0.E0));
#1610=DIRECTION('',(0.E0,0.E0,-1.E0));
#1611=AXIS2_PLACEMENT_3D('',#1608,#1609,#1610);
#1612=PLANE('',#1611);
#1613=ORIENTED_EDGE('',*,*,#1528,.F.);
#1615=ORIENTED_EDGE('',*,*,#1614,.F.);
#1617=ORIENTED_EDGE('',*,*,#1616,.T.);
#1618=ORIENTED_EDGE('',*,*,#1599,.F.);
#1619=EDGE_LOOP('',(#1613,#1615,#1617,#1618));
#1620=FACE_OUTER_BOUND('',#1619,.F.);
#1621=ADVANCED_FACE('',(#1620),#1612,.F.);
#1622=CARTESIAN_POINT('',(9.E-2,8.E-2,3.9E-2));
#1623=DIRECTION('',(0.E0,0.E0,1.E0));
#1624=DIRECTION('',(0.E0,1.E0,0.E0));
#1625=AXIS2_PLACEMENT_3D('',#1622,#1623,#1624);
#1626=PLANE('',#1625);
#1628=ORIENTED_EDGE('',*,*,#1627,.F.);
#1630=ORIENTED_EDGE('',*,*,#1629,.T.);
#1632=ORIENTED_EDGE('',*,*,#1631,.T.);
#1633=ORIENTED_EDGE('',*,*,#1544,.F.);
#1634=EDGE_LOOP('',(#1628,#1630,#1632,#1633));
#1635=FACE_OUTER_BOUND('',#1634,.F.);
#1636=ADVANCED_FACE('',(#1635),#1626,.T.);
#1637=CARTESIAN_POINT('',(9.E-2,8.E-2,3.9E-2));
#1638=DIRECTION('',(0.E0,0.E0,1.E0));
#1639=DIRECTION('',(0.E0,1.E0,0.E0));
#1640=AXIS2_PLACEMENT_3D('',#1637,#1638,#1639);
#1641=PLANE('',#1640);
#1642=ORIENTED_EDGE('',*,*,#1614,.T.);
#1643=ORIENTED_EDGE('',*,*,#1526,.F.);
#1645=ORIENTED_EDGE('',*,*,#1644,.F.);
#1647=ORIENTED_EDGE('',*,*,#1646,.T.);
#1648=EDGE_LOOP('',(#1642,#1643,#1645,#1647));
#1649=FACE_OUTER_BOUND('',#1648,.F.);
#1650=ADVANCED_FACE('',(#1649),#1641,.T.);
#1651=CARTESIAN_POINT('',(9.E-2,8.E-2,3.9E-2));
#1652=DIRECTION('',(0.E0,0.E0,1.E0));
#1653=DIRECTION('',(0.E0,1.E0,0.E0));
#1654=AXIS2_PLACEMENT_3D('',#1651,#1652,#1653);
#1655=PLANE('',#1654);
#1657=ORIENTED_EDGE('',*,*,#1656,.F.);
#1659=ORIENTED_EDGE('',*,*,#1658,.T.);
#1661=ORIENTED_EDGE('',*,*,#1660,.T.);
#1662=ORIENTED_EDGE('',*,*,#1584,.F.);
#1663=EDGE_LOOP('',(#1657,#1659,#1661,#1662));
#1664=FACE_OUTER_BOUND('',#1663,.F.);
#1665=ADVANCED_FACE('',(#1664),#1655,.T.);
#1666=CARTESIAN_POINT('',(9.E-2,8.E-2,3.9E-2));
#1667=DIRECTION('',(0.E0,0.E0,1.E0));
#1668=DIRECTION('',(0.E0,1.E0,0.E0));
#1669=AXIS2_PLACEMENT_3D('',#1666,#1667,#1668);
#1670=PLANE('',#1669);
#1672=ORIENTED_EDGE('',*,*,#1671,.T.);
#1673=ORIENTED_EDGE('',*,*,#1566,.F.);
#1675=ORIENTED_EDGE('',*,*,#1674,.F.);
#1677=ORIENTED_EDGE('',*,*,#1676,.T.);
#1678=EDGE_LOOP('',(#1672,#1673,#1675,#1677));
#1679=FACE_OUTER_BOUND('',#1678,.F.);
#1680=ADVANCED_FACE('',(#1679),#1670,.T.);
#1681=CARTESIAN_POINT('',(3.75E-2,9.E-2,1.9E-2));
#1682=DIRECTION('',(-1.E0,0.E0,0.E0));
#1683=DIRECTION('',(0.E0,0.E0,1.E0));
#1684=AXIS2_PLACEMENT_3D('',#1681,#1682,#1683);
#1685=PLANE('',#1684);
#1686=ORIENTED_EDGE('',*,*,#1542,.T.);
#1688=ORIENTED_EDGE('',*,*,#1687,.T.);
#1690=ORIENTED_EDGE('',*,*,#1689,.T.);
#1691=ORIENTED_EDGE('',*,*,#1627,.T.);
#1692=EDGE_LOOP('',(#1686,#1688,#1690,#1691));
#1693=FACE_OUTER_BOUND('',#1692,.F.);
#1694=ADVANCED_FACE('',(#1693),#1685,.F.);
#1695=CARTESIAN_POINT('',(6.071637353249E-2,9.E-2,0.E0));
#1696=DIRECTION('',(0.E0,1.E0,0.E0));
#1697=DIRECTION('',(1.E0,0.E0,0.E0));
#1698=AXIS2_PLACEMENT_3D('',#1695,#1696,#1697);
#1699=CYLINDRICAL_SURFACE('',#1698,3.E-2);
#1700=ORIENTED_EDGE('',*,*,#1540,.F.);
#1702=ORIENTED_EDGE('',*,*,#1701,.T.);
#1704=ORIENTED_EDGE('',*,*,#1703,.T.);
#1705=ORIENTED_EDGE('',*,*,#1687,.F.);
#1706=EDGE_LOOP('',(#1700,#1702,#1704,#1705));
#1707=FACE_OUTER_BOUND('',#1706,.F.);
#1708=ADVANCED_FACE('',(#1707),#1699,.F.);
#1709=CARTESIAN_POINT('',(3.75E-2,9.E-2,-3.9E-2));
#1710=DIRECTION('',(-1.E0,0.E0,0.E0));
#1711=DIRECTION('',(0.E0,0.E0,1.E0));
#1712=AXIS2_PLACEMENT_3D('',#1709,#1710,#1711);
#1713=PLANE('',#1712);
#1714=ORIENTED_EDGE('',*,*,#1538,.F.);
#1716=ORIENTED_EDGE('',*,*,#1715,.T.);
#1718=ORIENTED_EDGE('',*,*,#1717,.T.);
#1719=ORIENTED_EDGE('',*,*,#1701,.F.);
#1720=EDGE_LOOP('',(#1714,#1716,#1718,#1719));
#1721=FACE_OUTER_BOUND('',#1720,.F.);
#1722=ADVANCED_FACE('',(#1721),#1713,.F.);
#1723=CARTESIAN_POINT('',(9.E-2,9.E-2,-3.9E-2));
#1724=DIRECTION('',(0.E0,0.E0,-1.E0));
#1725=DIRECTION('',(0.E0,-1.E0,0.E0));
#1726=AXIS2_PLACEMENT_3D('',#1723,#1724,#1725);
#1727=PLANE('',#1726);
#1729=ORIENTED_EDGE('',*,*,#1728,.T.);
#1731=ORIENTED_EDGE('',*,*,#1730,.F.);
#1733=ORIENTED_EDGE('',*,*,#1732,.F.);
#1734=ORIENTED_EDGE('',*,*,#1522,.T.);
#1735=EDGE_LOOP('',(#1729,#1731,#1733,#1734));
#1736=FACE_OUTER_BOUND('',#1735,.F.);
#1737=ADVANCED_FACE('',(#1736),#1727,.T.);
#1738=CARTESIAN_POINT('',(9.E-2,9.E-2,-3.9E-2));
#1739=DIRECTION('',(0.E0,0.E0,-1.E0));
#1740=DIRECTION('',(0.E0,-1.E0,0.E0));
#1741=AXIS2_PLACEMENT_3D('',#1738,#1739,#1740);
#1742=PLANE('',#1741);
#1743=ORIENTED_EDGE('',*,*,#1715,.F.);
#1744=ORIENTED_EDGE('',*,*,#1548,.T.);
#1746=ORIENTED_EDGE('',*,*,#1745,.T.);
#1748=ORIENTED_EDGE('',*,*,#1747,.F.);
#1749=EDGE_LOOP('',(#1743,#1744,#1746,#1748));
#1750=FACE_OUTER_BOUND('',#1749,.F.);
#1751=ADVANCED_FACE('',(#1750),#1742,.T.);
#1752=CARTESIAN_POINT('',(9.E-2,9.E-2,-3.9E-2));
#1753=DIRECTION('',(0.E0,0.E0,-1.E0));
#1754=DIRECTION('',(0.E0,-1.E0,0.E0));
#1755=AXIS2_PLACEMENT_3D('',#1752,#1753,#1754);
#1756=PLANE('',#1755);
#1758=ORIENTED_EDGE('',*,*,#1757,.T.);
#1760=ORIENTED_EDGE('',*,*,#1759,.F.);
#1762=ORIENTED_EDGE('',*,*,#1761,.F.);
#1763=ORIENTED_EDGE('',*,*,#1562,.T.);
#1764=EDGE_LOOP('',(#1758,#1760,#1762,#1763));
#1765=FACE_OUTER_BOUND('',#1764,.F.);
#1766=ADVANCED_FACE('',(#1765),#1756,.T.);
#1767=CARTESIAN_POINT('',(9.E-2,9.E-2,-3.9E-2));
#1768=DIRECTION('',(0.E0,0.E0,-1.E0));
#1769=DIRECTION('',(0.E0,-1.E0,0.E0));
#1770=AXIS2_PLACEMENT_3D('',#1767,#1768,#1769);
#1771=PLANE('',#1770);
#1773=ORIENTED_EDGE('',*,*,#1772,.F.);
#1774=ORIENTED_EDGE('',*,*,#1588,.T.);
#1776=ORIENTED_EDGE('',*,*,#1775,.T.);
#1778=ORIENTED_EDGE('',*,*,#1777,.F.);
#1779=EDGE_LOOP('',(#1773,#1774,#1776,#1778));
#1780=FACE_OUTER_BOUND('',#1779,.F.);
#1781=ADVANCED_FACE('',(#1780),#1771,.T.);
#1782=CARTESIAN_POINT('',(6.25E-2,9.E-2,-1.9E-2));
#1783=DIRECTION('',(1.E0,0.E0,0.E0));
#1784=DIRECTION('',(0.E0,0.E0,-1.E0));
#1785=AXIS2_PLACEMENT_3D('',#1782,#1783,#1784);
#1786=PLANE('',#1785);
#1787=ORIENTED_EDGE('',*,*,#1520,.T.);
#1788=ORIENTED_EDGE('',*,*,#1603,.T.);
#1790=ORIENTED_EDGE('',*,*,#1789,.T.);
#1791=ORIENTED_EDGE('',*,*,#1728,.F.);
#1792=EDGE_LOOP('',(#1787,#1788,#1790,#1791));
#1793=FACE_OUTER_BOUND('',#1792,.F.);
#1794=ADVANCED_FACE('',(#1793),#1786,.F.);
#1795=CARTESIAN_POINT('',(9.E-2,8.E-2,-3.9E-2));
#1796=DIRECTION('',(0.E0,1.E0,0.E0));
#1797=DIRECTION('',(0.E0,0.E0,-1.E0));
#1798=AXIS2_PLACEMENT_3D('',#1795,#1796,#1797);
#1799=PLANE('',#1798);
#1800=ORIENTED_EDGE('',*,*,#1658,.F.);
#1802=ORIENTED_EDGE('',*,*,#1801,.F.);
#1804=ORIENTED_EDGE('',*,*,#1803,.F.);
#1806=ORIENTED_EDGE('',*,*,#1805,.F.);
#1807=ORIENTED_EDGE('',*,*,#1777,.T.);
#1809=ORIENTED_EDGE('',*,*,#1808,.T.);
#1811=ORIENTED_EDGE('',*,*,#1810,.T.);
#1813=ORIENTED_EDGE('',*,*,#1812,.F.);
#1815=ORIENTED_EDGE('',*,*,#1814,.T.);
#1817=ORIENTED_EDGE('',*,*,#1816,.T.);
#1819=ORIENTED_EDGE('',*,*,#1818,.F.);
#1821=ORIENTED_EDGE('',*,*,#1820,.T.);
#1823=ORIENTED_EDGE('',*,*,#1822,.T.);
#1824=ORIENTED_EDGE('',*,*,#1730,.T.);
#1825=ORIENTED_EDGE('',*,*,#1789,.F.);
#1826=ORIENTED_EDGE('',*,*,#1601,.F.);
#1827=ORIENTED_EDGE('',*,*,#1616,.F.);
#1828=ORIENTED_EDGE('',*,*,#1646,.F.);
#1830=ORIENTED_EDGE('',*,*,#1829,.T.);
#1832=ORIENTED_EDGE('',*,*,#1831,.T.);
#1834=ORIENTED_EDGE('',*,*,#1833,.T.);
#1836=ORIENTED_EDGE('',*,*,#1835,.T.);
#1838=ORIENTED_EDGE('',*,*,#1837,.T.);
#1840=ORIENTED_EDGE('',*,*,#1839,.T.);
#1842=ORIENTED_EDGE('',*,*,#1841,.T.);
#1844=ORIENTED_EDGE('',*,*,#1843,.T.);
#1845=EDGE_LOOP('',(#1800,#1802,#1804,#1806,#1807,#1809,#1811,#1813,#1815,#1817,
#1819,#1821,#1823,#1824,#1825,#1826,#1827,#1828,#1830,#1832,#1834,#1836,#1838,
#1840,#1842,#1844));
#1846=FACE_OUTER_BOUND('',#1845,.F.);
#1847=ORIENTED_EDGE('',*,*,#1629,.F.);
#1848=ORIENTED_EDGE('',*,*,#1689,.F.);
#1849=ORIENTED_EDGE('',*,*,#1703,.F.);
#1850=ORIENTED_EDGE('',*,*,#1717,.F.);
#1851=ORIENTED_EDGE('',*,*,#1747,.T.);
#1853=ORIENTED_EDGE('',*,*,#1852,.F.);
#1854=EDGE_LOOP('',(#1847,#1848,#1849,#1850,#1851,#1853));
#1855=FACE_BOUND('',#1854,.F.);
#1856=ORIENTED_EDGE('',*,*,#1759,.T.);
#1858=ORIENTED_EDGE('',*,*,#1857,.F.);
#1860=ORIENTED_EDGE('',*,*,#1859,.F.);
#1862=ORIENTED_EDGE('',*,*,#1861,.F.);
#1863=ORIENTED_EDGE('',*,*,#1676,.F.);
#1865=ORIENTED_EDGE('',*,*,#1864,.T.);
#1866=EDGE_LOOP('',(#1856,#1858,#1860,#1862,#1863,#1865));
#1867=FACE_BOUND('',#1866,.F.);
#1869=ORIENTED_EDGE('',*,*,#1868,.F.);
#1871=ORIENTED_EDGE('',*,*,#1870,.T.);
#1873=ORIENTED_EDGE('',*,*,#1872,.T.);
#1875=ORIENTED_EDGE('',*,*,#1874,.F.);
#1876=EDGE_LOOP('',(#1869,#1871,#1873,#1875));
#1877=FACE_BOUND('',#1876,.F.);
#1879=ORIENTED_EDGE('',*,*,#1878,.F.);
#1881=ORIENTED_EDGE('',*,*,#1880,.T.);
#1883=ORIENTED_EDGE('',*,*,#1882,.T.);
#1885=ORIENTED_EDGE('',*,*,#1884,.F.);
#1886=EDGE_LOOP('',(#1879,#1881,#1883,#1885));
#1887=FACE_BOUND('',#1886,.F.);
#1888=ADVANCED_FACE('',(#1846,#1855,#1867,#1877,#1887),#1799,.T.);
#1889=CARTESIAN_POINT('',(-6.25E-2,9.E-2,1.9E-2));
#1890=DIRECTION('',(-1.E0,0.E0,0.E0));
#1891=DIRECTION('',(0.E0,0.E0,1.E0));
#1892=AXIS2_PLACEMENT_3D('',#1889,#1890,#1891);
#1893=PLANE('',#1892);
#1894=ORIENTED_EDGE('',*,*,#1582,.T.);
#1896=ORIENTED_EDGE('',*,*,#1895,.T.);
#1897=ORIENTED_EDGE('',*,*,#1801,.T.);
#1898=ORIENTED_EDGE('',*,*,#1656,.T.);
#1899=EDGE_LOOP('',(#1894,#1896,#1897,#1898));
#1900=FACE_OUTER_BOUND('',#1899,.F.);
#1901=ADVANCED_FACE('',(#1900),#1893,.F.);
#1902=CARTESIAN_POINT('',(-3.928362646751E-2,9.E-2,0.E0));
#1903=DIRECTION('',(0.E0,1.E0,0.E0));
#1904=DIRECTION('',(1.E0,0.E0,0.E0));
#1905=AXIS2_PLACEMENT_3D('',#1902,#1903,#1904);
#1906=CYLINDRICAL_SURFACE('',#1905,3.E-2);
#1907=ORIENTED_EDGE('',*,*,#1580,.F.);
#1909=ORIENTED_EDGE('',*,*,#1908,.T.);
#1910=ORIENTED_EDGE('',*,*,#1803,.T.);
#1911=ORIENTED_EDGE('',*,*,#1895,.F.);
#1912=EDGE_LOOP('',(#1907,#1909,#1910,#1911));
#1913=FACE_OUTER_BOUND('',#1912,.F.);
#1914=ADVANCED_FACE('',(#1913),#1906,.F.);
#1915=CARTESIAN_POINT('',(-6.25E-2,9.E-2,-3.9E-2));
#1916=DIRECTION('',(-1.E0,0.E0,0.E0));
#1917=DIRECTION('',(0.E0,0.E0,1.E0));
#1918=AXIS2_PLACEMENT_3D('',#1915,#1916,#1917);
#1919=PLANE('',#1918);
#1920=ORIENTED_EDGE('',*,*,#1578,.F.);
#1921=ORIENTED_EDGE('',*,*,#1772,.T.);
#1922=ORIENTED_EDGE('',*,*,#1805,.T.);
#1923=ORIENTED_EDGE('',*,*,#1908,.F.);
#1924=EDGE_LOOP('',(#1920,#1921,#1922,#1923));
#1925=FACE_OUTER_BOUND('',#1924,.F.);
#1926=ADVANCED_FACE('',(#1925),#1919,.F.);
#1927=CARTESIAN_POINT('',(-9.E-2,8.E-2,-3.9E-2));
#1928=DIRECTION('',(0.E0,0.E0,1.E0));
#1929=DIRECTION('',(-1.E0,0.E0,0.E0));
#1930=AXIS2_PLACEMENT_3D('',#1927,#1928,#1929);
#1931=PLANE('',#1930);
#1933=ORIENTED_EDGE('',*,*,#1932,.F.);
#1935=ORIENTED_EDGE('',*,*,#1934,.T.);
#1937=ORIENTED_EDGE('',*,*,#1936,.F.);
#1938=EDGE_LOOP('',(#1933,#1935,#1937));
#1939=FACE_OUTER_BOUND('',#1938,.F.);
#1940=ADVANCED_FACE('',(#1939),#1931,.T.);
#1941=CARTESIAN_POINT('',(-9.E-2,8.E-2,-3.9E-2));
#1942=DIRECTION('',(0.E0,0.E0,1.E0));
#1943=DIRECTION('',(-1.E0,0.E0,0.E0));
#1944=AXIS2_PLACEMENT_3D('',#1941,#1942,#1943);
#1945=PLANE('',#1944);
#1947=ORIENTED_EDGE('',*,*,#1946,.T.);
#1949=ORIENTED_EDGE('',*,*,#1948,.F.);
#1950=ORIENTED_EDGE('',*,*,#1808,.F.);
#1951=EDGE_LOOP('',(#1947,#1949,#1950));
#1952=FACE_OUTER_BOUND('',#1951,.F.);
#1953=ADVANCED_FACE('',(#1952),#1945,.T.);
#1954=CARTESIAN_POINT('',(-9.5E-2,1.5E-2,0.E0));
#1955=DIRECTION('',(-7.071067811865E-1,-7.071067811865E-1,0.E0));
#1956=DIRECTION('',(0.E0,0.E0,1.E0));
#1957=AXIS2_PLACEMENT_3D('',#1954,#1955,#1956);
#1958=PLANE('',#1957);
#1960=ORIENTED_EDGE('',*,*,#1959,.F.);
#1962=ORIENTED_EDGE('',*,*,#1961,.F.);
#1963=ORIENTED_EDGE('',*,*,#1932,.T.);
#1965=ORIENTED_EDGE('',*,*,#1964,.T.);
#1966=EDGE_LOOP('',(#1960,#1962,#1963,#1965));
#1967=FACE_OUTER_BOUND('',#1966,.F.);
#1968=ADVANCED_FACE('',(#1967),#1958,.T.);
#1969=CARTESIAN_POINT('',(-1.E-1,8.E-2,3.9E-2));
#1970=DIRECTION('',(0.E0,0.E0,-1.E0));
#1971=DIRECTION('',(1.E0,0.E0,0.E0));
#1972=AXIS2_PLACEMENT_3D('',#1969,#1970,#1971);
#1973=PLANE('',#1972);
#1974=ORIENTED_EDGE('',*,*,#1959,.T.);
#1976=ORIENTED_EDGE('',*,*,#1975,.T.);
#1978=ORIENTED_EDGE('',*,*,#1977,.T.);
#1979=EDGE_LOOP('',(#1974,#1976,#1978));
#1980=FACE_OUTER_BOUND('',#1979,.F.);
#1981=ADVANCED_FACE('',(#1980),#1973,.T.);
#1982=CARTESIAN_POINT('',(-1.E-1,8.E-2,3.9E-2));
#1983=DIRECTION('',(0.E0,0.E0,-1.E0));
#1984=DIRECTION('',(1.E0,0.E0,0.E0));
#1985=AXIS2_PLACEMENT_3D('',#1982,#1983,#1984);
#1986=PLANE('',#1985);
#1988=ORIENTED_EDGE('',*,*,#1987,.F.);
#1989=ORIENTED_EDGE('',*,*,#1843,.F.);
#1991=ORIENTED_EDGE('',*,*,#1990,.T.);
#1992=EDGE_LOOP('',(#1988,#1989,#1991));
#1993=FACE_OUTER_BOUND('',#1992,.F.);
#1994=ADVANCED_FACE('',(#1993),#1986,.T.);
#1995=CARTESIAN_POINT('',(-9.E-2,8.E-2,4.9E-2));
#1996=DIRECTION('',(-7.071067811865E-1,0.E0,7.071067811865E-1));
#1997=DIRECTION('',(-7.071067811865E-1,0.E0,-7.071067811865E-1));
#1998=AXIS2_PLACEMENT_3D('',#1995,#1996,#1997);
#1999=PLANE('',#1998);
#2001=ORIENTED_EDGE('',*,*,#2000,.T.);
#2003=ORIENTED_EDGE('',*,*,#2002,.T.);
#2004=ORIENTED_EDGE('',*,*,#1975,.F.);
#2006=ORIENTED_EDGE('',*,*,#2005,.T.);
#2007=ORIENTED_EDGE('',*,*,#1990,.F.);
#2008=ORIENTED_EDGE('',*,*,#1841,.F.);
#2009=EDGE_LOOP('',(#2001,#2003,#2004,#2006,#2007,#2008));
#2010=FACE_OUTER_BOUND('',#2009,.F.);
#2011=ADVANCED_FACE('',(#2010),#1999,.T.);
#2012=CARTESIAN_POINT('',(9.E-2,1.E-2,4.9E-2));
#2013=DIRECTION('',(0.E0,0.E0,1.E0));
#2014=DIRECTION('',(0.E0,1.E0,0.E0));
#2015=AXIS2_PLACEMENT_3D('',#2012,#2013,#2014);
#2016=PLANE('',#2015);
#2018=ORIENTED_EDGE('',*,*,#2017,.T.);
#2020=ORIENTED_EDGE('',*,*,#2019,.T.);
#2021=ORIENTED_EDGE('',*,*,#1833,.F.);
#2023=ORIENTED_EDGE('',*,*,#2022,.T.);
#2024=EDGE_LOOP('',(#2018,#2020,#2021,#2023));
#2025=FACE_OUTER_BOUND('',#2024,.F.);
#2026=ADVANCED_FACE('',(#2025),#2016,.T.);
#2027=CARTESIAN_POINT('',(9.E-2,1.E-2,4.9E-2));
#2028=DIRECTION('',(0.E0,0.E0,1.E0));
#2029=DIRECTION('',(0.E0,1.E0,0.E0));
#2030=AXIS2_PLACEMENT_3D('',#2027,#2028,#2029);
#2031=PLANE('',#2030);
#2033=ORIENTED_EDGE('',*,*,#2032,.T.);
#2034=ORIENTED_EDGE('',*,*,#2000,.F.);
#2035=ORIENTED_EDGE('',*,*,#1839,.F.);
#2037=ORIENTED_EDGE('',*,*,#2036,.F.);
#2038=EDGE_LOOP('',(#2033,#2034,#2035,#2037));
#2039=FACE_OUTER_BOUND('',#2038,.F.);
#2040=ADVANCED_FACE('',(#2039),#2031,.T.);
#2041=CARTESIAN_POINT('',(9.E-2,1.E-2,-4.9E-2));
#2042=DIRECTION('',(0.E0,-1.E0,0.E0));
#2043=DIRECTION('',(0.E0,0.E0,1.E0));
#2044=AXIS2_PLACEMENT_3D('',#2041,#2042,#2043);
#2045=PLANE('',#2044);
#2047=ORIENTED_EDGE('',*,*,#2046,.F.);
#2049=ORIENTED_EDGE('',*,*,#2048,.F.);
#2051=ORIENTED_EDGE('',*,*,#2050,.F.);
#2053=ORIENTED_EDGE('',*,*,#2052,.F.);
#2055=ORIENTED_EDGE('',*,*,#2054,.T.);
#2056=ORIENTED_EDGE('',*,*,#1977,.F.);
#2057=ORIENTED_EDGE('',*,*,#2002,.F.);
#2058=ORIENTED_EDGE('',*,*,#2032,.F.);
#2060=ORIENTED_EDGE('',*,*,#2059,.F.);
#2062=ORIENTED_EDGE('',*,*,#2061,.F.);
#2063=ORIENTED_EDGE('',*,*,#2017,.F.);
#2065=ORIENTED_EDGE('',*,*,#2064,.F.);
#2067=ORIENTED_EDGE('',*,*,#2066,.F.);
#2069=ORIENTED_EDGE('',*,*,#2068,.T.);
#2071=ORIENTED_EDGE('',*,*,#2070,.F.);
#2073=ORIENTED_EDGE('',*,*,#2072,.F.);
#2075=ORIENTED_EDGE('',*,*,#2074,.F.);
#2077=ORIENTED_EDGE('',*,*,#2076,.F.);
#2079=ORIENTED_EDGE('',*,*,#2078,.F.);
#2081=ORIENTED_EDGE('',*,*,#2080,.F.);
#2083=ORIENTED_EDGE('',*,*,#2082,.T.);
#2085=ORIENTED_EDGE('',*,*,#2084,.F.);
#2087=ORIENTED_EDGE('',*,*,#2086,.F.);
#2089=ORIENTED_EDGE('',*,*,#2088,.T.);
#2091=ORIENTED_EDGE('',*,*,#2090,.F.);
#2092=ORIENTED_EDGE('',*,*,#1934,.F.);
#2093=EDGE_LOOP('',(#2047,#2049,#2051,#2053,#2055,#2056,#2057,#2058,#2060,#2062,
#2063,#2065,#2067,#2069,#2071,#2073,#2075,#2077,#2079,#2081,#2083,#2085,#2087,
#2089,#2091,#2092));
#2094=FACE_OUTER_BOUND('',#2093,.F.);
#2096=ORIENTED_EDGE('',*,*,#2095,.F.);
#2098=ORIENTED_EDGE('',*,*,#2097,.F.);
#2100=ORIENTED_EDGE('',*,*,#2099,.F.);
#2102=ORIENTED_EDGE('',*,*,#2101,.F.);
#2104=ORIENTED_EDGE('',*,*,#2103,.T.);
#2106=ORIENTED_EDGE('',*,*,#2105,.T.);
#2107=EDGE_LOOP('',(#2096,#2098,#2100,#2102,#2104,#2106));
#2108=FACE_BOUND('',#2107,.F.);
#2110=ORIENTED_EDGE('',*,*,#2109,.T.);
#2112=ORIENTED_EDGE('',*,*,#2111,.F.);
#2114=ORIENTED_EDGE('',*,*,#2113,.F.);
#2116=ORIENTED_EDGE('',*,*,#2115,.F.);
#2118=ORIENTED_EDGE('',*,*,#2117,.F.);
#2120=ORIENTED_EDGE('',*,*,#2119,.F.);
#2121=EDGE_LOOP('',(#2110,#2112,#2114,#2116,#2118,#2120));
#2122=FACE_BOUND('',#2121,.F.);
#2124=ORIENTED_EDGE('',*,*,#2123,.T.);
#2126=ORIENTED_EDGE('',*,*,#2125,.T.);
#2128=ORIENTED_EDGE('',*,*,#2127,.F.);
#2130=ORIENTED_EDGE('',*,*,#2129,.F.);
#2131=EDGE_LOOP('',(#2124,#2126,#2128,#2130));
#2132=FACE_BOUND('',#2131,.F.);
#2134=ORIENTED_EDGE('',*,*,#2133,.T.);
#2136=ORIENTED_EDGE('',*,*,#2135,.T.);
#2138=ORIENTED_EDGE('',*,*,#2137,.F.);
#2140=ORIENTED_EDGE('',*,*,#2139,.F.);
#2141=EDGE_LOOP('',(#2134,#2136,#2138,#2140));
#2142=FACE_BOUND('',#2141,.F.);
#2143=ADVANCED_FACE('',(#2094,#2108,#2122,#2132,#2142),#2045,.T.);
#2144=CARTESIAN_POINT('',(9.E-2,0.E0,3.9E-2));
#2145=DIRECTION('',(0.E0,0.E0,1.E0));
#2146=DIRECTION('',(0.E0,1.E0,0.E0));
#2147=AXIS2_PLACEMENT_3D('',#2144,#2145,#2146);
#2148=PLANE('',#2147);
#2150=ORIENTED_EDGE('',*,*,#2149,.T.);
#2151=ORIENTED_EDGE('',*,*,#2068,.F.);
#2153=ORIENTED_EDGE('',*,*,#2152,.F.);
#2155=ORIENTED_EDGE('',*,*,#2154,.T.);
#2156=EDGE_LOOP('',(#2150,#2151,#2153,#2155));
#2157=FACE_OUTER_BOUND('',#2156,.F.);
#2158=ADVANCED_FACE('',(#2157),#2148,.T.);
#2159=CARTESIAN_POINT('',(9.E-2,0.E0,3.9E-2));
#2160=DIRECTION('',(0.E0,0.E0,1.E0));
#2161=DIRECTION('',(0.E0,1.E0,0.E0));
#2162=AXIS2_PLACEMENT_3D('',#2159,#2160,#2161);
#2163=PLANE('',#2162);
#2165=ORIENTED_EDGE('',*,*,#2164,.F.);
#2167=ORIENTED_EDGE('',*,*,#2166,.T.);
#2169=ORIENTED_EDGE('',*,*,#2168,.T.);
#2170=ORIENTED_EDGE('',*,*,#2103,.F.);
#2171=EDGE_LOOP('',(#2165,#2167,#2169,#2170));
#2172=FACE_OUTER_BOUND('',#2171,.F.);
#2173=ADVANCED_FACE('',(#2172),#2163,.T.);
#2174=CARTESIAN_POINT('',(9.E-2,0.E0,3.9E-2));
#2175=DIRECTION('',(0.E0,0.E0,1.E0));
#2176=DIRECTION('',(0.E0,1.E0,0.E0));
#2177=AXIS2_PLACEMENT_3D('',#2174,#2175,#2176);
#2178=PLANE('',#2177);
#2180=ORIENTED_EDGE('',*,*,#2179,.T.);
#2181=ORIENTED_EDGE('',*,*,#2109,.F.);
#2183=ORIENTED_EDGE('',*,*,#2182,.F.);
#2185=ORIENTED_EDGE('',*,*,#2184,.T.);
#2186=EDGE_LOOP('',(#2180,#2181,#2183,#2185));
#2187=FACE_OUTER_BOUND('',#2186,.F.);
#2188=ADVANCED_FACE('',(#2187),#2178,.T.);
#2189=CARTESIAN_POINT('',(9.E-2,0.E0,3.9E-2));
#2190=DIRECTION('',(0.E0,0.E0,1.E0));
#2191=DIRECTION('',(0.E0,1.E0,0.E0));
#2192=AXIS2_PLACEMENT_3D('',#2189,#2190,#2191);
#2193=PLANE('',#2192);
#2195=ORIENTED_EDGE('',*,*,#2194,.F.);
#2197=ORIENTED_EDGE('',*,*,#2196,.T.);
#2199=ORIENTED_EDGE('',*,*,#2198,.T.);
#2200=ORIENTED_EDGE('',*,*,#2054,.F.);
#2201=EDGE_LOOP('',(#2195,#2197,#2199,#2200));
#2202=FACE_OUTER_BOUND('',#2201,.F.);
#2203=ADVANCED_FACE('',(#2202),#2193,.T.);
#2204=CARTESIAN_POINT('',(6.25E-2,0.E0,1.9E-2));
#2205=DIRECTION('',(1.E0,0.E0,0.E0));
#2206=DIRECTION('',(0.E0,0.E0,1.E0));
#2207=AXIS2_PLACEMENT_3D('',#2204,#2205,#2206);
#2208=PLANE('',#2207);
#2210=ORIENTED_EDGE('',*,*,#2209,.T.);
#2212=ORIENTED_EDGE('',*,*,#2211,.T.);
#2213=ORIENTED_EDGE('',*,*,#2070,.T.);
#2214=ORIENTED_EDGE('',*,*,#2149,.F.);
#2215=EDGE_LOOP('',(#2210,#2212,#2213,#2214));
#2216=FACE_OUTER_BOUND('',#2215,.F.);
#2217=ADVANCED_FACE('',(#2216),#2208,.F.);
#2218=CARTESIAN_POINT('',(9.E-2,0.E0,-3.9E-2));
#2219=DIRECTION('',(0.E0,-1.E0,0.E0));
#2220=DIRECTION('',(0.E0,0.E0,1.E0));
#2221=AXIS2_PLACEMENT_3D('',#2218,#2219,#2220);
#2222=PLANE('',#2221);
#2224=ORIENTED_EDGE('',*,*,#2223,.T.);
#2226=ORIENTED_EDGE('',*,*,#2225,.T.);
#2227=ORIENTED_EDGE('',*,*,#2209,.F.);
#2228=ORIENTED_EDGE('',*,*,#2154,.F.);
#2230=ORIENTED_EDGE('',*,*,#2229,.F.);
#2232=ORIENTED_EDGE('',*,*,#2231,.T.);
#2233=EDGE_LOOP('',(#2224,#2226,#2227,#2228,#2230,#2232));
#2234=FACE_OUTER_BOUND('',#2233,.F.);
#2235=ADVANCED_FACE('',(#2234),#2222,.T.);
#2236=CARTESIAN_POINT('',(9.E-2,0.E0,-3.9E-2));
#2237=DIRECTION('',(0.E0,-1.E0,0.E0));
#2238=DIRECTION('',(0.E0,0.E0,1.E0));
#2239=AXIS2_PLACEMENT_3D('',#2236,#2237,#2238);
#2240=PLANE('',#2239);
#2242=ORIENTED_EDGE('',*,*,#2241,.T.);
#2244=ORIENTED_EDGE('',*,*,#2243,.T.);
#2246=ORIENTED_EDGE('',*,*,#2245,.F.);
#2248=ORIENTED_EDGE('',*,*,#2247,.T.);
#2250=ORIENTED_EDGE('',*,*,#2249,.T.);
#2251=ORIENTED_EDGE('',*,*,#2166,.F.);
#2252=EDGE_LOOP('',(#2242,#2244,#2246,#2248,#2250,#2251));
#2253=FACE_OUTER_BOUND('',#2252,.F.);
#2254=ADVANCED_FACE('',(#2253),#2240,.T.);
#2255=CARTESIAN_POINT('',(9.E-2,0.E0,-3.9E-2));
#2256=DIRECTION('',(0.E0,-1.E0,0.E0));
#2257=DIRECTION('',(0.E0,0.E0,1.E0));
#2258=AXIS2_PLACEMENT_3D('',#2255,#2256,#2257);
#2259=PLANE('',#2258);
#2261=ORIENTED_EDGE('',*,*,#2260,.T.);
#2263=ORIENTED_EDGE('',*,*,#2262,.T.);
#2265=ORIENTED_EDGE('',*,*,#2264,.F.);
#2266=ORIENTED_EDGE('',*,*,#2184,.F.);
#2268=ORIENTED_EDGE('',*,*,#2267,.F.);
#2270=ORIENTED_EDGE('',*,*,#2269,.T.);
#2271=EDGE_LOOP('',(#2261,#2263,#2265,#2266,#2268,#2270));
#2272=FACE_OUTER_BOUND('',#2271,.F.);
#2273=ADVANCED_FACE('',(#2272),#2259,.T.);
#2274=CARTESIAN_POINT('',(9.E-2,0.E0,-3.9E-2));
#2275=DIRECTION('',(0.E0,-1.E0,0.E0));
#2276=DIRECTION('',(0.E0,0.E0,1.E0));
#2277=AXIS2_PLACEMENT_3D('',#2274,#2275,#2276);
#2278=PLANE('',#2277);
#2280=ORIENTED_EDGE('',*,*,#2279,.T.);
#2282=ORIENTED_EDGE('',*,*,#2281,.T.);
#2284=ORIENTED_EDGE('',*,*,#2283,.F.);
#2286=ORIENTED_EDGE('',*,*,#2285,.T.);
#2288=ORIENTED_EDGE('',*,*,#2287,.T.);
#2289=ORIENTED_EDGE('',*,*,#2196,.F.);
#2290=EDGE_LOOP('',(#2280,#2282,#2284,#2286,#2288,#2289));
#2291=FACE_OUTER_BOUND('',#2290,.F.);
#2292=ADVANCED_FACE('',(#2291),#2278,.T.);
#2293=CARTESIAN_POINT('',(6.25E-2,0.E0,-3.9E-2));
#2294=DIRECTION('',(1.E0,0.E0,0.E0));
#2295=DIRECTION('',(0.E0,0.E0,1.E0));
#2296=AXIS2_PLACEMENT_3D('',#2293,#2294,#2295);
#2297=PLANE('',#2296);
#2298=ORIENTED_EDGE('',*,*,#2223,.F.);
#2300=ORIENTED_EDGE('',*,*,#2299,.F.);
#2301=ORIENTED_EDGE('',*,*,#2074,.T.);
#2303=ORIENTED_EDGE('',*,*,#2302,.F.);
#2304=EDGE_LOOP('',(#2298,#2300,#2301,#2303));
#2305=FACE_OUTER_BOUND('',#2304,.F.);
#2306=ADVANCED_FACE('',(#2305),#2297,.F.);
#2307=CARTESIAN_POINT('',(9.E-2,1.E-2,-3.9E-2));
#2308=DIRECTION('',(0.E0,0.E0,-1.E0));
#2309=DIRECTION('',(0.E0,-1.E0,0.E0));
#2310=AXIS2_PLACEMENT_3D('',#2307,#2308,#2309);
#2311=PLANE('',#2310);
#2312=ORIENTED_EDGE('',*,*,#2299,.T.);
#2313=ORIENTED_EDGE('',*,*,#2231,.F.);
#2315=ORIENTED_EDGE('',*,*,#2314,.F.);
#2316=ORIENTED_EDGE('',*,*,#2076,.T.);
#2317=EDGE_LOOP('',(#2312,#2313,#2315,#2316));
#2318=FACE_OUTER_BOUND('',#2317,.F.);
#2319=ADVANCED_FACE('',(#2318),#2311,.T.);
#2320=CARTESIAN_POINT('',(9.E-2,1.E-2,-3.9E-2));
#2321=DIRECTION('',(0.E0,0.E0,-1.E0));
#2322=DIRECTION('',(0.E0,-1.E0,0.E0));
#2323=AXIS2_PLACEMENT_3D('',#2320,#2321,#2322);
#2324=PLANE('',#2323);
#2326=ORIENTED_EDGE('',*,*,#2325,.F.);
#2327=ORIENTED_EDGE('',*,*,#2095,.T.);
#2329=ORIENTED_EDGE('',*,*,#2328,.T.);
#2330=ORIENTED_EDGE('',*,*,#2247,.F.);
#2331=EDGE_LOOP('',(#2326,#2327,#2329,#2330));
#2332=FACE_OUTER_BOUND('',#2331,.F.);
#2333=ADVANCED_FACE('',(#2332),#2324,.T.);
#2334=CARTESIAN_POINT('',(9.E-2,1.E-2,-3.9E-2));
#2335=DIRECTION('',(0.E0,0.E0,-1.E0));
#2336=DIRECTION('',(0.E0,-1.E0,0.E0));
#2337=AXIS2_PLACEMENT_3D('',#2334,#2335,#2336);
#2338=PLANE('',#2337);
#2340=ORIENTED_EDGE('',*,*,#2339,.T.);
#2341=ORIENTED_EDGE('',*,*,#2269,.F.);
#2343=ORIENTED_EDGE('',*,*,#2342,.F.);
#2344=ORIENTED_EDGE('',*,*,#2117,.T.);
#2345=EDGE_LOOP('',(#2340,#2341,#2343,#2344));
#2346=FACE_OUTER_BOUND('',#2345,.F.);
#2347=ADVANCED_FACE('',(#2346),#2338,.T.);
#2348=CARTESIAN_POINT('',(9.E-2,1.E-2,-3.9E-2));
#2349=DIRECTION('',(0.E0,0.E0,-1.E0));
#2350=DIRECTION('',(0.E0,-1.E0,0.E0));
#2351=AXIS2_PLACEMENT_3D('',#2348,#2349,#2350);
#2352=PLANE('',#2351);
#2354=ORIENTED_EDGE('',*,*,#2353,.F.);
#2355=ORIENTED_EDGE('',*,*,#2046,.T.);
#2357=ORIENTED_EDGE('',*,*,#2356,.T.);
#2358=ORIENTED_EDGE('',*,*,#2285,.F.);
#2359=EDGE_LOOP('',(#2354,#2355,#2357,#2358));
#2360=FACE_OUTER_BOUND('',#2359,.F.);
#2361=ADVANCED_FACE('',(#2360),#2352,.T.);
#2362=CARTESIAN_POINT('',(9.E-2,0.E0,0.E0));
#2363=DIRECTION('',(-1.E0,0.E0,0.E0));
#2364=DIRECTION('',(0.E0,0.E0,1.E0));
#2365=AXIS2_PLACEMENT_3D('',#2362,#2363,#2364);
#2366=PLANE('',#2365);
#2368=ORIENTED_EDGE('',*,*,#2367,.T.);
#2369=ORIENTED_EDGE('',*,*,#2314,.T.);
#2370=ORIENTED_EDGE('',*,*,#2229,.T.);
#2371=ORIENTED_EDGE('',*,*,#2152,.T.);
#2372=EDGE_LOOP('',(#2368,#2369,#2370,#2371));
#2373=FACE_OUTER_BOUND('',#2372,.F.);
#2374=ADVANCED_FACE('',(#2373),#2366,.F.);
#2375=CARTESIAN_POINT('',(9.E-2,0.E0,0.E0));
#2376=DIRECTION('',(-1.E0,0.E0,0.E0));
#2377=DIRECTION('',(0.E0,0.E0,1.E0));
#2378=AXIS2_PLACEMENT_3D('',#2375,#2376,#2377);
#2379=PLANE('',#2378);
#2381=ORIENTED_EDGE('',*,*,#2380,.T.);
#2382=ORIENTED_EDGE('',*,*,#1644,.T.);
#2383=ORIENTED_EDGE('',*,*,#1524,.T.);
#2384=ORIENTED_EDGE('',*,*,#1732,.T.);
#2385=EDGE_LOOP('',(#2381,#2382,#2383,#2384));
#2386=FACE_OUTER_BOUND('',#2385,.F.);
#2387=ADVANCED_FACE('',(#2386),#2379,.F.);
#2388=CARTESIAN_POINT('',(9.5E-2,1.5E-2,0.E0));
#2389=DIRECTION('',(7.071067811865E-1,-7.071067811865E-1,0.E0));
#2390=DIRECTION('',(0.E0,0.E0,-1.E0));
#2391=AXIS2_PLACEMENT_3D('',#2388,#2389,#2390);
#2392=PLANE('',#2391);
#2394=ORIENTED_EDGE('',*,*,#2393,.T.);
#2396=ORIENTED_EDGE('',*,*,#2395,.T.);
#2398=ORIENTED_EDGE('',*,*,#2397,.F.);
#2399=ORIENTED_EDGE('',*,*,#2367,.F.);
#2400=EDGE_LOOP('',(#2394,#2396,#2398,#2399));
#2401=FACE_OUTER_BOUND('',#2400,.F.);
#2402=ADVANCED_FACE('',(#2401),#2392,.T.);
#2403=CARTESIAN_POINT('',(9.E-2,8.E-2,3.9E-2));
#2404=DIRECTION('',(0.E0,0.E0,-1.E0));
#2405=DIRECTION('',(1.E0,0.E0,0.E0));
#2406=AXIS2_PLACEMENT_3D('',#2403,#2404,#2405);
#2407=PLANE('',#2406);
#2408=ORIENTED_EDGE('',*,*,#2393,.F.);
#2409=ORIENTED_EDGE('',*,*,#2066,.T.);
#2411=ORIENTED_EDGE('',*,*,#2410,.F.);
#2412=EDGE_LOOP('',(#2408,#2409,#2411));
#2413=FACE_OUTER_BOUND('',#2412,.F.);
#2414=ADVANCED_FACE('',(#2413),#2407,.T.);
#2415=CARTESIAN_POINT('',(9.E-2,8.E-2,3.9E-2));
#2416=DIRECTION('',(0.E0,0.E0,-1.E0));
#2417=DIRECTION('',(1.E0,0.E0,0.E0));
#2418=AXIS2_PLACEMENT_3D('',#2415,#2416,#2417);
#2419=PLANE('',#2418);
#2421=ORIENTED_EDGE('',*,*,#2420,.T.);
#2423=ORIENTED_EDGE('',*,*,#2422,.F.);
#2424=ORIENTED_EDGE('',*,*,#1829,.F.);
#2425=EDGE_LOOP('',(#2421,#2423,#2424));
#2426=FACE_OUTER_BOUND('',#2425,.F.);
#2427=ADVANCED_FACE('',(#2426),#2419,.T.);
#2428=CARTESIAN_POINT('',(1.E-1,8.E-2,3.9E-2));
#2429=DIRECTION('',(7.071067811865E-1,0.E0,7.071067811865E-1));
#2430=DIRECTION('',(-7.071067811865E-1,0.E0,7.071067811865E-1));
#2431=AXIS2_PLACEMENT_3D('',#2428,#2429,#2430);
#2432=PLANE('',#2431);
#2433=ORIENTED_EDGE('',*,*,#2022,.F.);
#2434=ORIENTED_EDGE('',*,*,#1831,.F.);
#2435=ORIENTED_EDGE('',*,*,#2422,.T.);
#2437=ORIENTED_EDGE('',*,*,#2436,.F.);
#2438=ORIENTED_EDGE('',*,*,#2410,.T.);
#2439=ORIENTED_EDGE('',*,*,#2064,.T.);
#2440=EDGE_LOOP('',(#2433,#2434,#2435,#2437,#2438,#2439));
#2441=FACE_OUTER_BOUND('',#2440,.F.);
#2442=ADVANCED_FACE('',(#2441),#2432,.T.);
#2443=CARTESIAN_POINT('',(1.E-1,0.E0,0.E0));
#2444=DIRECTION('',(1.E0,0.E0,0.E0));
#2445=DIRECTION('',(0.E0,0.E0,-1.E0));
#2446=AXIS2_PLACEMENT_3D('',#2443,#2444,#2445);
#2447=PLANE('',#2446);
#2448=ORIENTED_EDGE('',*,*,#2436,.T.);
#2450=ORIENTED_EDGE('',*,*,#2449,.F.);
#2452=ORIENTED_EDGE('',*,*,#2451,.F.);
#2453=ORIENTED_EDGE('',*,*,#2395,.F.);
#2454=EDGE_LOOP('',(#2448,#2450,#2452,#2453));
#2455=FACE_OUTER_BOUND('',#2454,.F.);
#2456=ADVANCED_FACE('',(#2455),#2447,.T.);
#2457=CARTESIAN_POINT('',(9.5E-2,7.5E-2,0.E0));
#2458=DIRECTION('',(7.071067811865E-1,7.071067811865E-1,0.E0));
#2459=DIRECTION('',(0.E0,0.E0,1.E0));
#2460=AXIS2_PLACEMENT_3D('',#2457,#2458,#2459);
#2461=PLANE('',#2460);
#2462=ORIENTED_EDGE('',*,*,#2420,.F.);
#2463=ORIENTED_EDGE('',*,*,#2380,.F.);
#2465=ORIENTED_EDGE('',*,*,#2464,.T.);
#2466=ORIENTED_EDGE('',*,*,#2449,.T.);
#2467=EDGE_LOOP('',(#2462,#2463,#2465,#2466));
#2468=FACE_OUTER_BOUND('',#2467,.F.);
#2469=ADVANCED_FACE('',(#2468),#2461,.T.);
#2470=CARTESIAN_POINT('',(1.E-1,8.E-2,-3.9E-2));
#2471=DIRECTION('',(0.E0,0.E0,1.E0));
#2472=DIRECTION('',(-1.E0,0.E0,0.E0));
#2473=AXIS2_PLACEMENT_3D('',#2470,#2471,#2472);
#2474=PLANE('',#2473);
#2475=ORIENTED_EDGE('',*,*,#2397,.T.);
#2477=ORIENTED_EDGE('',*,*,#2476,.T.);
#2478=ORIENTED_EDGE('',*,*,#2078,.T.);
#2479=EDGE_LOOP('',(#2475,#2477,#2478));
#2480=FACE_OUTER_BOUND('',#2479,.F.);
#2481=ADVANCED_FACE('',(#2480),#2474,.T.);
#2482=CARTESIAN_POINT('',(1.E-1,8.E-2,-3.9E-2));
#2483=DIRECTION('',(0.E0,0.E0,1.E0));
#2484=DIRECTION('',(-1.E0,0.E0,0.E0));
#2485=AXIS2_PLACEMENT_3D('',#2482,#2483,#2484);
#2486=PLANE('',#2485);
#2487=ORIENTED_EDGE('',*,*,#2464,.F.);
#2488=ORIENTED_EDGE('',*,*,#1822,.F.);
#2490=ORIENTED_EDGE('',*,*,#2489,.T.);
#2491=EDGE_LOOP('',(#2487,#2488,#2490));
#2492=FACE_OUTER_BOUND('',#2491,.F.);
#2493=ADVANCED_FACE('',(#2492),#2486,.T.);
#2494=CARTESIAN_POINT('',(9.E-2,8.E-2,-4.9E-2));
#2495=DIRECTION('',(7.071067811865E-1,0.E0,-7.071067811865E-1));
#2496=DIRECTION('',(7.071067811865E-1,0.E0,7.071067811865E-1));
#2497=AXIS2_PLACEMENT_3D('',#2494,#2495,#2496);
#2498=PLANE('',#2497);
#2500=ORIENTED_EDGE('',*,*,#2499,.T.);
#2501=ORIENTED_EDGE('',*,*,#2080,.T.);
#2502=ORIENTED_EDGE('',*,*,#2476,.F.);
#2503=ORIENTED_EDGE('',*,*,#2451,.T.);
#2504=ORIENTED_EDGE('',*,*,#2489,.F.);
#2505=ORIENTED_EDGE('',*,*,#1820,.F.);
#2506=EDGE_LOOP('',(#2500,#2501,#2502,#2503,#2504,#2505));
#2507=FACE_OUTER_BOUND('',#2506,.F.);
#2508=ADVANCED_FACE('',(#2507),#2498,.T.);
#2509=CARTESIAN_POINT('',(9.E-2,8.E-2,-4.9E-2));
#2510=DIRECTION('',(0.E0,0.E0,-1.E0));
#2511=DIRECTION('',(0.E0,-1.E0,0.E0));
#2512=AXIS2_PLACEMENT_3D('',#2509,#2510,#2511);
#2513=PLANE('',#2512);
#2514=ORIENTED_EDGE('',*,*,#1818,.T.);
#2516=ORIENTED_EDGE('',*,*,#2515,.T.);
#2517=ORIENTED_EDGE('',*,*,#2082,.F.);
#2518=ORIENTED_EDGE('',*,*,#2499,.F.);
#2519=EDGE_LOOP('',(#2514,#2516,#2517,#2518));
#2520=FACE_OUTER_BOUND('',#2519,.F.);
#2521=ADVANCED_FACE('',(#2520),#2513,.T.);
#2522=CARTESIAN_POINT('',(9.E-2,8.E-2,-4.9E-2));
#2523=DIRECTION('',(0.E0,0.E0,-1.E0));
#2524=DIRECTION('',(0.E0,-1.E0,0.E0));
#2525=AXIS2_PLACEMENT_3D('',#2522,#2523,#2524);
#2526=PLANE('',#2525);
#2527=ORIENTED_EDGE('',*,*,#1812,.T.);
#2529=ORIENTED_EDGE('',*,*,#2528,.T.);
#2530=ORIENTED_EDGE('',*,*,#2088,.F.);
#2532=ORIENTED_EDGE('',*,*,#2531,.F.);
#2533=EDGE_LOOP('',(#2527,#2529,#2530,#2532));
#2534=FACE_OUTER_BOUND('',#2533,.F.);
#2535=ADVANCED_FACE('',(#2534),#2526,.T.);
#2536=CARTESIAN_POINT('',(0.E0,9.E-2,-3.9E-2));
#2537=DIRECTION('',(7.071067811865E-1,0.E0,7.071067811865E-1));
#2538=DIRECTION('',(7.071067811865E-1,0.E0,-7.071067811865E-1));
#2539=AXIS2_PLACEMENT_3D('',#2536,#2537,#2538);
#2540=PLANE('',#2539);
#2541=ORIENTED_EDGE('',*,*,#1816,.F.);
#2543=ORIENTED_EDGE('',*,*,#2542,.T.);
#2544=ORIENTED_EDGE('',*,*,#2084,.T.);
#2545=ORIENTED_EDGE('',*,*,#2515,.F.);
#2546=EDGE_LOOP('',(#2541,#2543,#2544,#2545));
#2547=FACE_OUTER_BOUND('',#2546,.F.);
#2548=ADVANCED_FACE('',(#2547),#2540,.F.);
#2549=CARTESIAN_POINT('',(-1.E-2,9.E-2,-4.9E-2));
#2550=DIRECTION('',(-7.071067811865E-1,0.E0,7.071067811865E-1));
#2551=DIRECTION('',(7.071067811865E-1,0.E0,7.071067811865E-1));
#2552=AXIS2_PLACEMENT_3D('',#2549,#2550,#2551);
#2553=PLANE('',#2552);
#2554=ORIENTED_EDGE('',*,*,#1814,.F.);
#2555=ORIENTED_EDGE('',*,*,#2531,.T.);
#2556=ORIENTED_EDGE('',*,*,#2086,.T.);
#2557=ORIENTED_EDGE('',*,*,#2542,.F.);
#2558=EDGE_LOOP('',(#2554,#2555,#2556,#2557));
#2559=FACE_OUTER_BOUND('',#2558,.F.);
#2560=ADVANCED_FACE('',(#2559),#2553,.F.);
#2561=CARTESIAN_POINT('',(-1.E-1,8.E-2,-3.9E-2));
#2562=DIRECTION('',(-7.071067811865E-1,0.E0,-7.071067811865E-1));
#2563=DIRECTION('',(7.071067811865E-1,0.E0,-7.071067811865E-1));
#2564=AXIS2_PLACEMENT_3D('',#2561,#2562,#2563);
#2565=PLANE('',#2564);
#2566=ORIENTED_EDGE('',*,*,#2528,.F.);
#2567=ORIENTED_EDGE('',*,*,#1810,.F.);
#2568=ORIENTED_EDGE('',*,*,#1948,.T.);
#2570=ORIENTED_EDGE('',*,*,#2569,.F.);
#2571=ORIENTED_EDGE('',*,*,#1936,.T.);
#2572=ORIENTED_EDGE('',*,*,#2090,.T.);
#2573=EDGE_LOOP('',(#2566,#2567,#2568,#2570,#2571,#2572));
#2574=FACE_OUTER_BOUND('',#2573,.F.);
#2575=ADVANCED_FACE('',(#2574),#2565,.T.);
#2576=CARTESIAN_POINT('',(-1.E-1,0.E0,0.E0));
#2577=DIRECTION('',(-1.E0,0.E0,0.E0));
#2578=DIRECTION('',(0.E0,0.E0,1.E0));
#2579=AXIS2_PLACEMENT_3D('',#2576,#2577,#2578);
#2580=PLANE('',#2579);
#2581=ORIENTED_EDGE('',*,*,#2005,.F.);
#2582=ORIENTED_EDGE('',*,*,#1964,.F.);
#2583=ORIENTED_EDGE('',*,*,#2569,.T.);
#2585=ORIENTED_EDGE('',*,*,#2584,.F.);
#2586=EDGE_LOOP('',(#2581,#2582,#2583,#2585));
#2587=FACE_OUTER_BOUND('',#2586,.F.);
#2588=ADVANCED_FACE('',(#2587),#2580,.T.);
#2589=CARTESIAN_POINT('',(-9.5E-2,7.5E-2,0.E0));
#2590=DIRECTION('',(-7.071067811865E-1,7.071067811865E-1,0.E0));
#2591=DIRECTION('',(0.E0,0.E0,-1.E0));
#2592=AXIS2_PLACEMENT_3D('',#2589,#2590,#2591);
#2593=PLANE('',#2592);
#2594=ORIENTED_EDGE('',*,*,#1987,.T.);
#2595=ORIENTED_EDGE('',*,*,#2584,.T.);
#2596=ORIENTED_EDGE('',*,*,#1946,.F.);
#2598=ORIENTED_EDGE('',*,*,#2597,.F.);
#2599=EDGE_LOOP('',(#2594,#2595,#2596,#2598));
#2600=FACE_OUTER_BOUND('',#2599,.F.);
#2601=ADVANCED_FACE('',(#2600),#2593,.T.);
#2602=CARTESIAN_POINT('',(-9.E-2,0.E0,0.E0));
#2603=DIRECTION('',(-1.E0,0.E0,0.E0));
#2604=DIRECTION('',(0.E0,0.E0,1.E0));
#2605=AXIS2_PLACEMENT_3D('',#2602,#2603,#2604);
#2606=PLANE('',#2605);
#2607=ORIENTED_EDGE('',*,*,#1961,.T.);
#2608=ORIENTED_EDGE('',*,*,#2198,.F.);
#2609=ORIENTED_EDGE('',*,*,#2287,.F.);
#2610=ORIENTED_EDGE('',*,*,#2356,.F.);
#2611=EDGE_LOOP('',(#2607,#2608,#2609,#2610));
#2612=FACE_OUTER_BOUND('',#2611,.F.);
#2613=ADVANCED_FACE('',(#2612),#2606,.T.);
#2614=CARTESIAN_POINT('',(-9.E-2,0.E0,0.E0));
#2615=DIRECTION('',(-1.E0,0.E0,0.E0));
#2616=DIRECTION('',(0.E0,0.E0,1.E0));
#2617=AXIS2_PLACEMENT_3D('',#2614,#2615,#2616);
#2618=PLANE('',#2617);
#2619=ORIENTED_EDGE('',*,*,#2597,.T.);
#2620=ORIENTED_EDGE('',*,*,#1775,.F.);
#2621=ORIENTED_EDGE('',*,*,#1586,.F.);
#2622=ORIENTED_EDGE('',*,*,#1660,.F.);
#2623=EDGE_LOOP('',(#2619,#2620,#2621,#2622));
#2624=FACE_OUTER_BOUND('',#2623,.F.);
#2625=ADVANCED_FACE('',(#2624),#2618,.T.);
#2626=CARTESIAN_POINT('',(3.75E-2,0.E0,-1.9E-2));
#2627=DIRECTION('',(-1.E0,0.E0,0.E0));
#2628=DIRECTION('',(0.E0,0.E0,-1.E0));
#2629=AXIS2_PLACEMENT_3D('',#2626,#2627,#2628);
#2630=PLANE('',#2629);
#2631=ORIENTED_EDGE('',*,*,#2245,.T.);
#2633=ORIENTED_EDGE('',*,*,#2632,.T.);
#2634=ORIENTED_EDGE('',*,*,#2097,.T.);
#2635=ORIENTED_EDGE('',*,*,#2325,.T.);
#2636=EDGE_LOOP('',(#2631,#2633,#2634,#2635));
#2637=FACE_OUTER_BOUND('',#2636,.F.);
#2638=ADVANCED_FACE('',(#2637),#2630,.F.);
#2639=CARTESIAN_POINT('',(6.071637353249E-2,0.E0,0.E0));
#2640=DIRECTION('',(0.E0,-1.E0,0.E0));
#2641=DIRECTION('',(1.E0,0.E0,0.E0));
#2642=AXIS2_PLACEMENT_3D('',#2639,#2640,#2641);
#2643=CYLINDRICAL_SURFACE('',#2642,3.E-2);
#2644=ORIENTED_EDGE('',*,*,#2243,.F.);
#2646=ORIENTED_EDGE('',*,*,#2645,.T.);
#2647=ORIENTED_EDGE('',*,*,#2099,.T.);
#2648=ORIENTED_EDGE('',*,*,#2632,.F.);
#2649=EDGE_LOOP('',(#2644,#2646,#2647,#2648));
#2650=FACE_OUTER_BOUND('',#2649,.F.);
#2651=ADVANCED_FACE('',(#2650),#2643,.F.);
#2652=CARTESIAN_POINT('',(3.75E-2,0.E0,3.9E-2));
#2653=DIRECTION('',(-1.E0,0.E0,0.E0));
#2654=DIRECTION('',(0.E0,0.E0,-1.E0));
#2655=AXIS2_PLACEMENT_3D('',#2652,#2653,#2654);
#2656=PLANE('',#2655);
#2657=ORIENTED_EDGE('',*,*,#2241,.F.);
#2658=ORIENTED_EDGE('',*,*,#2164,.T.);
#2659=ORIENTED_EDGE('',*,*,#2101,.T.);
#2660=ORIENTED_EDGE('',*,*,#2645,.F.);
#2661=EDGE_LOOP('',(#2657,#2658,#2659,#2660));
#2662=FACE_OUTER_BOUND('',#2661,.F.);
#2663=ADVANCED_FACE('',(#2662),#2656,.F.);
#2664=CARTESIAN_POINT('',(1.75E-2,0.E0,4.9E-2));
#2665=DIRECTION('',(1.E0,0.E0,0.E0));
#2666=DIRECTION('',(0.E0,1.E0,0.E0));
#2667=AXIS2_PLACEMENT_3D('',#2664,#2665,#2666);
#2668=PLANE('',#2667);
#2669=ORIENTED_EDGE('',*,*,#2249,.F.);
#2670=ORIENTED_EDGE('',*,*,#2328,.F.);
#2671=ORIENTED_EDGE('',*,*,#2105,.F.);
#2672=ORIENTED_EDGE('',*,*,#2168,.F.);
#2673=EDGE_LOOP('',(#2669,#2670,#2671,#2672));
#2674=FACE_OUTER_BOUND('',#2673,.F.);
#2675=ADVANCED_FACE('',(#2674),#2668,.F.);
#2676=CARTESIAN_POINT('',(-3.75E-2,0.E0,-3.9E-2));
#2677=DIRECTION('',(1.E0,0.E0,0.E0));
#2678=DIRECTION('',(0.E0,0.E0,1.E0));
#2679=AXIS2_PLACEMENT_3D('',#2676,#2677,#2678);
#2680=PLANE('',#2679);
#2681=ORIENTED_EDGE('',*,*,#2260,.F.);
#2682=ORIENTED_EDGE('',*,*,#2339,.F.);
#2683=ORIENTED_EDGE('',*,*,#2115,.T.);
#2685=ORIENTED_EDGE('',*,*,#2684,.F.);
#2686=EDGE_LOOP('',(#2681,#2682,#2683,#2685));
#2687=FACE_OUTER_BOUND('',#2686,.F.);
#2688=ADVANCED_FACE('',(#2687),#2680,.F.);
#2689=CARTESIAN_POINT('',(-6.071637353249E-2,0.E0,0.E0));
#2690=DIRECTION('',(0.E0,-1.E0,0.E0));
#2691=DIRECTION('',(1.E0,0.E0,0.E0));
#2692=AXIS2_PLACEMENT_3D('',#2689,#2690,#2691);
#2693=CYLINDRICAL_SURFACE('',#2692,3.E-2);
#2694=ORIENTED_EDGE('',*,*,#2262,.F.);
#2695=ORIENTED_EDGE('',*,*,#2684,.T.);
#2696=ORIENTED_EDGE('',*,*,#2113,.T.);
#2698=ORIENTED_EDGE('',*,*,#2697,.F.);
#2699=EDGE_LOOP('',(#2694,#2695,#2696,#2698));
#2700=FACE_OUTER_BOUND('',#2699,.F.);
#2701=ADVANCED_FACE('',(#2700),#2693,.F.);
#2702=CARTESIAN_POINT('',(-3.75E-2,0.E0,1.9E-2));
#2703=DIRECTION('',(1.E0,0.E0,0.E0));
#2704=DIRECTION('',(0.E0,0.E0,1.E0));
#2705=AXIS2_PLACEMENT_3D('',#2702,#2703,#2704);
#2706=PLANE('',#2705);
#2707=ORIENTED_EDGE('',*,*,#2264,.T.);
#2708=ORIENTED_EDGE('',*,*,#2697,.T.);
#2709=ORIENTED_EDGE('',*,*,#2111,.T.);
#2710=ORIENTED_EDGE('',*,*,#2179,.F.);
#2711=EDGE_LOOP('',(#2707,#2708,#2709,#2710));
#2712=FACE_OUTER_BOUND('',#2711,.F.);
#2713=ADVANCED_FACE('',(#2712),#2706,.F.);
#2714=CARTESIAN_POINT('',(-1.75E-2,1.E-2,4.9E-2));
#2715=DIRECTION('',(-1.E0,0.E0,0.E0));
#2716=DIRECTION('',(0.E0,-1.E0,0.E0));
#2717=AXIS2_PLACEMENT_3D('',#2714,#2715,#2716);
#2718=PLANE('',#2717);
#2719=ORIENTED_EDGE('',*,*,#2267,.T.);
#2720=ORIENTED_EDGE('',*,*,#2182,.T.);
#2721=ORIENTED_EDGE('',*,*,#2119,.T.);
#2722=ORIENTED_EDGE('',*,*,#2342,.T.);
#2723=EDGE_LOOP('',(#2719,#2720,#2721,#2722));
#2724=FACE_OUTER_BOUND('',#2723,.F.);
#2725=ADVANCED_FACE('',(#2724),#2718,.F.);
#2726=CARTESIAN_POINT('',(-6.25E-2,0.E0,-1.9E-2));
#2727=DIRECTION('',(-1.E0,0.E0,0.E0));
#2728=DIRECTION('',(0.E0,0.E0,-1.E0));
#2729=AXIS2_PLACEMENT_3D('',#2726,#2727,#2728);
#2730=PLANE('',#2729);
#2731=ORIENTED_EDGE('',*,*,#2283,.T.);
#2733=ORIENTED_EDGE('',*,*,#2732,.T.);
#2734=ORIENTED_EDGE('',*,*,#2048,.T.);
#2735=ORIENTED_EDGE('',*,*,#2353,.T.);
#2736=EDGE_LOOP('',(#2731,#2733,#2734,#2735));
#2737=FACE_OUTER_BOUND('',#2736,.F.);
#2738=ADVANCED_FACE('',(#2737),#2730,.F.);
#2739=CARTESIAN_POINT('',(-3.928362646751E-2,0.E0,0.E0));
#2740=DIRECTION('',(0.E0,-1.E0,0.E0));
#2741=DIRECTION('',(1.E0,0.E0,0.E0));
#2742=AXIS2_PLACEMENT_3D('',#2739,#2740,#2741);
#2743=CYLINDRICAL_SURFACE('',#2742,3.E-2);
#2744=ORIENTED_EDGE('',*,*,#2281,.F.);
#2746=ORIENTED_EDGE('',*,*,#2745,.T.);
#2747=ORIENTED_EDGE('',*,*,#2050,.T.);
#2748=ORIENTED_EDGE('',*,*,#2732,.F.);
#2749=EDGE_LOOP('',(#2744,#2746,#2747,#2748));
#2750=FACE_OUTER_BOUND('',#2749,.F.);
#2751=ADVANCED_FACE('',(#2750),#2743,.F.);
#2752=CARTESIAN_POINT('',(-6.25E-2,0.E0,3.9E-2));
#2753=DIRECTION('',(-1.E0,0.E0,0.E0));
#2754=DIRECTION('',(0.E0,0.E0,-1.E0));
#2755=AXIS2_PLACEMENT_3D('',#2752,#2753,#2754);
#2756=PLANE('',#2755);
#2757=ORIENTED_EDGE('',*,*,#2279,.F.);
#2758=ORIENTED_EDGE('',*,*,#2194,.T.);
#2759=ORIENTED_EDGE('',*,*,#2052,.T.);
#2760=ORIENTED_EDGE('',*,*,#2745,.F.);
#2761=EDGE_LOOP('',(#2757,#2758,#2759,#2760));
#2762=FACE_OUTER_BOUND('',#2761,.F.);
#2763=ADVANCED_FACE('',(#2762),#2756,.F.);
#2764=CARTESIAN_POINT('',(3.928362646751E-2,0.E0,0.E0));
#2765=DIRECTION('',(0.E0,-1.E0,0.E0));
#2766=DIRECTION('',(1.E0,0.E0,0.E0));
#2767=AXIS2_PLACEMENT_3D('',#2764,#2765,#2766);
#2768=CYLINDRICAL_SURFACE('',#2767,3.E-2);
#2769=ORIENTED_EDGE('',*,*,#2225,.F.);
#2770=ORIENTED_EDGE('',*,*,#2302,.T.);
#2771=ORIENTED_EDGE('',*,*,#2072,.T.);
#2772=ORIENTED_EDGE('',*,*,#2211,.F.);
#2773=EDGE_LOOP('',(#2769,#2770,#2771,#2772));
#2774=FACE_OUTER_BOUND('',#2773,.F.);
#2775=ADVANCED_FACE('',(#2774),#2768,.F.);
#2776=CARTESIAN_POINT('',(0.E0,9.E-2,3.9E-2));
#2777=DIRECTION('',(-7.071067811865E-1,0.E0,-7.071067811865E-1));
#2778=DIRECTION('',(-7.071067811865E-1,0.E0,7.071067811865E-1));
#2779=AXIS2_PLACEMENT_3D('',#2776,#2777,#2778);
#2780=PLANE('',#2779);
#2781=ORIENTED_EDGE('',*,*,#1837,.F.);
#2783=ORIENTED_EDGE('',*,*,#2782,.T.);
#2784=ORIENTED_EDGE('',*,*,#2059,.T.);
#2785=ORIENTED_EDGE('',*,*,#2036,.T.);
#2786=EDGE_LOOP('',(#2781,#2783,#2784,#2785));
#2787=FACE_OUTER_BOUND('',#2786,.F.);
#2788=ADVANCED_FACE('',(#2787),#2780,.F.);
#2789=CARTESIAN_POINT('',(1.E-2,9.E-2,4.9E-2));
#2790=DIRECTION('',(7.071067811865E-1,0.E0,-7.071067811865E-1));
#2791=DIRECTION('',(-7.071067811865E-1,0.E0,-7.071067811865E-1));
#2792=AXIS2_PLACEMENT_3D('',#2789,#2790,#2791);
#2793=PLANE('',#2792);
#2794=ORIENTED_EDGE('',*,*,#1835,.F.);
#2795=ORIENTED_EDGE('',*,*,#2019,.F.);
#2796=ORIENTED_EDGE('',*,*,#2061,.T.);
#2797=ORIENTED_EDGE('',*,*,#2782,.F.);
#2798=EDGE_LOOP('',(#2794,#2795,#2796,#2797));
#2799=FACE_OUTER_BOUND('',#2798,.F.);
#2800=ADVANCED_FACE('',(#2799),#2793,.F.);
#2801=CARTESIAN_POINT('',(3.675E-2,0.E0,0.E0));
#2802=DIRECTION('',(1.E0,0.E0,0.E0));
#2803=DIRECTION('',(0.E0,0.E0,-1.E0));
#2804=AXIS2_PLACEMENT_3D('',#2801,#2802,#2803);
#2805=PLANE('',#2804);
#2806=ORIENTED_EDGE('',*,*,#1868,.T.);
#2808=ORIENTED_EDGE('',*,*,#2807,.T.);
#2810=ORIENTED_EDGE('',*,*,#2809,.T.);
#2812=ORIENTED_EDGE('',*,*,#2811,.T.);
#2813=EDGE_LOOP('',(#2806,#2808,#2810,#2812));
#2814=FACE_OUTER_BOUND('',#2813,.F.);
#2815=ADVANCED_FACE('',(#2814),#2805,.F.);
#2816=CARTESIAN_POINT('',(3.675E-2,0.E0,0.E0));
#2817=DIRECTION('',(1.E0,0.E0,0.E0));
#2818=DIRECTION('',(0.E0,0.E0,-1.E0));
#2819=AXIS2_PLACEMENT_3D('',#2816,#2817,#2818);
#2820=PLANE('',#2819);
#2821=ORIENTED_EDGE('',*,*,#2123,.F.);
#2823=ORIENTED_EDGE('',*,*,#2822,.T.);
#2825=ORIENTED_EDGE('',*,*,#2824,.T.);
#2827=ORIENTED_EDGE('',*,*,#2826,.T.);
#2829=ORIENTED_EDGE('',*,*,#2828,.T.);
#2831=ORIENTED_EDGE('',*,*,#2830,.T.);
#2833=ORIENTED_EDGE('',*,*,#2832,.T.);
#2835=ORIENTED_EDGE('',*,*,#2834,.T.);
#2836=EDGE_LOOP('',(#2821,#2823,#2825,#2827,#2829,#2831,#2833,#2835));
#2837=FACE_OUTER_BOUND('',#2836,.F.);
#2838=ADVANCED_FACE('',(#2837),#2820,.F.);
#2839=CARTESIAN_POINT('',(3.675E-2,8.E-2,-1.325E-2));
#2840=DIRECTION('',(0.E0,0.E0,-1.E0));
#2841=DIRECTION('',(0.E0,1.E0,0.E0));
#2842=AXIS2_PLACEMENT_3D('',#2839,#2840,#2841);
#2843=PLANE('',#2842);
#2844=ORIENTED_EDGE('',*,*,#1874,.T.);
#2846=ORIENTED_EDGE('',*,*,#2845,.T.);
#2848=ORIENTED_EDGE('',*,*,#2847,.F.);
#2849=ORIENTED_EDGE('',*,*,#2807,.F.);
#2850=EDGE_LOOP('',(#2844,#2846,#2848,#2849));
#2851=FACE_OUTER_BOUND('',#2850,.F.);
#2852=ADVANCED_FACE('',(#2851),#2843,.T.);
#2853=CARTESIAN_POINT('',(6.325E-2,0.E0,0.E0));
#2854=DIRECTION('',(1.E0,0.E0,0.E0));
#2855=DIRECTION('',(0.E0,0.E0,-1.E0));
#2856=AXIS2_PLACEMENT_3D('',#2853,#2854,#2855);
#2857=PLANE('',#2856);
#2858=ORIENTED_EDGE('',*,*,#1872,.F.);
#2860=ORIENTED_EDGE('',*,*,#2859,.F.);
#2862=ORIENTED_EDGE('',*,*,#2861,.F.);
#2863=ORIENTED_EDGE('',*,*,#2845,.F.);
#2864=EDGE_LOOP('',(#2858,#2860,#2862,#2863));
#2865=FACE_OUTER_BOUND('',#2864,.F.);
#2866=ADVANCED_FACE('',(#2865),#2857,.T.);
#2867=CARTESIAN_POINT('',(6.325E-2,0.E0,0.E0));
#2868=DIRECTION('',(1.E0,0.E0,0.E0));
#2869=DIRECTION('',(0.E0,0.E0,-1.E0));
#2870=AXIS2_PLACEMENT_3D('',#2867,#2868,#2869);
#2871=PLANE('',#2870);
#2872=ORIENTED_EDGE('',*,*,#2127,.T.);
#2874=ORIENTED_EDGE('',*,*,#2873,.F.);
#2876=ORIENTED_EDGE('',*,*,#2875,.F.);
#2878=ORIENTED_EDGE('',*,*,#2877,.F.);
#2880=ORIENTED_EDGE('',*,*,#2879,.F.);
#2882=ORIENTED_EDGE('',*,*,#2881,.F.);
#2884=ORIENTED_EDGE('',*,*,#2883,.F.);
#2886=ORIENTED_EDGE('',*,*,#2885,.F.);
#2887=EDGE_LOOP('',(#2872,#2874,#2876,#2878,#2880,#2882,#2884,#2886));
#2888=FACE_OUTER_BOUND('',#2887,.F.);
#2889=ADVANCED_FACE('',(#2888),#2871,.T.);
#2890=CARTESIAN_POINT('',(3.675E-2,4.1E-1,1.325E-2));
#2891=DIRECTION('',(0.E0,0.E0,1.E0));
#2892=DIRECTION('',(0.E0,-1.E0,0.E0));
#2893=AXIS2_PLACEMENT_3D('',#2890,#2891,#2892);
#2894=PLANE('',#2893);
#2895=ORIENTED_EDGE('',*,*,#1870,.F.);
#2896=ORIENTED_EDGE('',*,*,#2811,.F.);
#2898=ORIENTED_EDGE('',*,*,#2897,.T.);
#2899=ORIENTED_EDGE('',*,*,#2859,.T.);
#2900=EDGE_LOOP('',(#2895,#2896,#2898,#2899));
#2901=FACE_OUTER_BOUND('',#2900,.F.);
#2902=ADVANCED_FACE('',(#2901),#2894,.T.);
#2903=CARTESIAN_POINT('',(3.675E-2,4.1E-1,-1.325E-2));
#2904=DIRECTION('',(0.E0,1.E0,0.E0));
#2905=DIRECTION('',(0.E0,0.E0,1.E0));
#2906=AXIS2_PLACEMENT_3D('',#2903,#2904,#2905);
#2907=PLANE('',#2906);
#2908=ORIENTED_EDGE('',*,*,#2809,.F.);
#2909=ORIENTED_EDGE('',*,*,#2847,.T.);
#2910=ORIENTED_EDGE('',*,*,#2861,.T.);
#2911=ORIENTED_EDGE('',*,*,#2897,.F.);
#2912=EDGE_LOOP('',(#2908,#2909,#2910,#2911));
#2913=FACE_OUTER_BOUND('',#2912,.F.);
#2914=ADVANCED_FACE('',(#2913),#2907,.T.);
#2915=CARTESIAN_POINT('',(3.675E-2,-3.1E-2,-1.325E-2));
#2916=DIRECTION('',(0.E0,0.E0,-1.E0));
#2917=DIRECTION('',(0.E0,1.E0,0.E0));
#2918=AXIS2_PLACEMENT_3D('',#2915,#2916,#2917);
#2919=PLANE('',#2918);
#2920=ORIENTED_EDGE('',*,*,#2125,.F.);
#2921=ORIENTED_EDGE('',*,*,#2834,.F.);
#2923=ORIENTED_EDGE('',*,*,#2922,.T.);
#2924=ORIENTED_EDGE('',*,*,#2873,.T.);
#2925=EDGE_LOOP('',(#2920,#2921,#2923,#2924));
#2926=FACE_OUTER_BOUND('',#2925,.F.);
#2927=ADVANCED_FACE('',(#2926),#2919,.T.);
#2928=CARTESIAN_POINT('',(3.675E-2,-6.E-2,2.38E-2));
#2929=DIRECTION('',(1.E0,0.E0,0.E0));
#2930=DIRECTION('',(0.E0,0.E0,-1.E0));
#2931=AXIS2_PLACEMENT_3D('',#2928,#2929,#2930);
#2932=CYLINDRICAL_SURFACE('',#2931,4.705E-2);
#2933=ORIENTED_EDGE('',*,*,#2832,.F.);
#2935=ORIENTED_EDGE('',*,*,#2934,.T.);
#2936=ORIENTED_EDGE('',*,*,#2875,.T.);
#2937=ORIENTED_EDGE('',*,*,#2922,.F.);
#2938=EDGE_LOOP('',(#2933,#2935,#2936,#2937));
#2939=FACE_OUTER_BOUND('',#2938,.F.);
#2940=ADVANCED_FACE('',(#2939),#2932,.T.);
#2941=CARTESIAN_POINT('',(3.675E-2,-1.35E-1,-8.25E-3));
#2942=DIRECTION('',(0.E0,0.E0,-1.E0));
#2943=DIRECTION('',(0.E0,1.E0,0.E0));
#2944=AXIS2_PLACEMENT_3D('',#2941,#2942,#2943);
#2945=PLANE('',#2944);
#2946=ORIENTED_EDGE('',*,*,#2830,.F.);
#2948=ORIENTED_EDGE('',*,*,#2947,.T.);
#2949=ORIENTED_EDGE('',*,*,#2877,.T.);
#2950=ORIENTED_EDGE('',*,*,#2934,.F.);
#2951=EDGE_LOOP('',(#2946,#2948,#2949,#2950));
#2952=FACE_OUTER_BOUND('',#2951,.F.);
#2953=ADVANCED_FACE('',(#2952),#2945,.T.);
#2954=CARTESIAN_POINT('',(3.675E-2,-1.35E-1,1.825E-2));
#2955=DIRECTION('',(0.E0,-1.E0,0.E0));
#2956=DIRECTION('',(0.E0,0.E0,-1.E0));
#2957=AXIS2_PLACEMENT_3D('',#2954,#2955,#2956);
#2958=PLANE('',#2957);
#2959=ORIENTED_EDGE('',*,*,#2828,.F.);
#2961=ORIENTED_EDGE('',*,*,#2960,.T.);
#2962=ORIENTED_EDGE('',*,*,#2879,.T.);
#2963=ORIENTED_EDGE('',*,*,#2947,.F.);
#2964=EDGE_LOOP('',(#2959,#2961,#2962,#2963));
#2965=FACE_OUTER_BOUND('',#2964,.F.);
#2966=ADVANCED_FACE('',(#2965),#2958,.T.);
#2967=CARTESIAN_POINT('',(3.675E-2,-9.497582360843E-2,1.825E-2));
#2968=DIRECTION('',(0.E0,0.E0,1.E0));
#2969=DIRECTION('',(0.E0,-1.E0,0.E0));
#2970=AXIS2_PLACEMENT_3D('',#2967,#2968,#2969);
#2971=PLANE('',#2970);
#2972=ORIENTED_EDGE('',*,*,#2826,.F.);
#2974=ORIENTED_EDGE('',*,*,#2973,.T.);
#2975=ORIENTED_EDGE('',*,*,#2881,.T.);
#2976=ORIENTED_EDGE('',*,*,#2960,.F.);
#2977=EDGE_LOOP('',(#2972,#2974,#2975,#2976));
#2978=FACE_OUTER_BOUND('',#2977,.F.);
#2979=ADVANCED_FACE('',(#2978),#2971,.T.);
#2980=CARTESIAN_POINT('',(3.675E-2,-6.E-2,5.398082370883E-2));
#2981=DIRECTION('',(1.E0,0.E0,0.E0));
#2982=DIRECTION('',(0.E0,0.E0,-1.E0));
#2983=AXIS2_PLACEMENT_3D('',#2980,#2981,#2982);
#2984=CYLINDRICAL_SURFACE('',#2983,5.E-2);
#2985=ORIENTED_EDGE('',*,*,#2824,.F.);
#2987=ORIENTED_EDGE('',*,*,#2986,.T.);
#2988=ORIENTED_EDGE('',*,*,#2883,.T.);
#2989=ORIENTED_EDGE('',*,*,#2973,.F.);
#2990=EDGE_LOOP('',(#2985,#2987,#2988,#2989));
#2991=FACE_OUTER_BOUND('',#2990,.F.);
#2992=ADVANCED_FACE('',(#2991),#2984,.F.);
#2993=CARTESIAN_POINT('',(3.675E-2,1.E-2,1.325E-2));
#2994=DIRECTION('',(0.E0,0.E0,1.E0));
#2995=DIRECTION('',(0.E0,-1.E0,0.E0));
#2996=AXIS2_PLACEMENT_3D('',#2993,#2994,#2995);
#2997=PLANE('',#2996);
#2998=ORIENTED_EDGE('',*,*,#2129,.T.);
#2999=ORIENTED_EDGE('',*,*,#2885,.T.);
#3000=ORIENTED_EDGE('',*,*,#2986,.F.);
#3001=ORIENTED_EDGE('',*,*,#2822,.F.);
#3002=EDGE_LOOP('',(#2998,#2999,#3000,#3001));
#3003=FACE_OUTER_BOUND('',#3002,.F.);
#3004=ADVANCED_FACE('',(#3003),#2997,.T.);
#3005=CARTESIAN_POINT('',(-6.325E-2,0.E0,0.E0));
#3006=DIRECTION('',(1.E0,0.E0,0.E0));
#3007=DIRECTION('',(0.E0,0.E0,-1.E0));
#3008=AXIS2_PLACEMENT_3D('',#3005,#3006,#3007);
#3009=PLANE('',#3008);
#3010=ORIENTED_EDGE('',*,*,#1878,.T.);
#3012=ORIENTED_EDGE('',*,*,#3011,.T.);
#3014=ORIENTED_EDGE('',*,*,#3013,.T.);
#3016=ORIENTED_EDGE('',*,*,#3015,.T.);
#3017=EDGE_LOOP('',(#3010,#3012,#3014,#3016));
#3018=FACE_OUTER_BOUND('',#3017,.F.);
#3019=ADVANCED_FACE('',(#3018),#3009,.F.);
#3020=CARTESIAN_POINT('',(-6.325E-2,0.E0,0.E0));
#3021=DIRECTION('',(1.E0,0.E0,0.E0));
#3022=DIRECTION('',(0.E0,0.E0,-1.E0));
#3023=AXIS2_PLACEMENT_3D('',#3020,#3021,#3022);
#3024=PLANE('',#3023);
#3025=ORIENTED_EDGE('',*,*,#2133,.F.);
#3027=ORIENTED_EDGE('',*,*,#3026,.T.);
#3029=ORIENTED_EDGE('',*,*,#3028,.T.);
#3031=ORIENTED_EDGE('',*,*,#3030,.T.);
#3033=ORIENTED_EDGE('',*,*,#3032,.T.);
#3035=ORIENTED_EDGE('',*,*,#3034,.T.);
#3037=ORIENTED_EDGE('',*,*,#3036,.T.);
#3039=ORIENTED_EDGE('',*,*,#3038,.T.);
#3040=EDGE_LOOP('',(#3025,#3027,#3029,#3031,#3033,#3035,#3037,#3039));
#3041=FACE_OUTER_BOUND('',#3040,.F.);
#3042=ADVANCED_FACE('',(#3041),#3024,.F.);
#3043=CARTESIAN_POINT('',(-6.325E-2,8.E-2,-1.325E-2));
#3044=DIRECTION('',(0.E0,0.E0,-1.E0));
#3045=DIRECTION('',(0.E0,1.E0,0.E0));
#3046=AXIS2_PLACEMENT_3D('',#3043,#3044,#3045);
#3047=PLANE('',#3046);
#3048=ORIENTED_EDGE('',*,*,#1884,.T.);
#3050=ORIENTED_EDGE('',*,*,#3049,.T.);
#3052=ORIENTED_EDGE('',*,*,#3051,.F.);
#3053=ORIENTED_EDGE('',*,*,#3011,.F.);
#3054=EDGE_LOOP('',(#3048,#3050,#3052,#3053));
#3055=FACE_OUTER_BOUND('',#3054,.F.);
#3056=ADVANCED_FACE('',(#3055),#3047,.T.);
#3057=CARTESIAN_POINT('',(-3.675E-2,0.E0,0.E0));
#3058=DIRECTION('',(1.E0,0.E0,0.E0));
#3059=DIRECTION('',(0.E0,0.E0,-1.E0));
#3060=AXIS2_PLACEMENT_3D('',#3057,#3058,#3059);
#3061=PLANE('',#3060);
#3062=ORIENTED_EDGE('',*,*,#1882,.F.);
#3064=ORIENTED_EDGE('',*,*,#3063,.F.);
#3066=ORIENTED_EDGE('',*,*,#3065,.F.);
#3067=ORIENTED_EDGE('',*,*,#3049,.F.);
#3068=EDGE_LOOP('',(#3062,#3064,#3066,#3067));
#3069=FACE_OUTER_BOUND('',#3068,.F.);
#3070=ADVANCED_FACE('',(#3069),#3061,.T.);
#3071=CARTESIAN_POINT('',(-3.675E-2,0.E0,0.E0));
#3072=DIRECTION('',(1.E0,0.E0,0.E0));
#3073=DIRECTION('',(0.E0,0.E0,-1.E0));
#3074=AXIS2_PLACEMENT_3D('',#3071,#3072,#3073);
#3075=PLANE('',#3074);
#3076=ORIENTED_EDGE('',*,*,#2137,.T.);
#3078=ORIENTED_EDGE('',*,*,#3077,.F.);
#3080=ORIENTED_EDGE('',*,*,#3079,.F.);
#3082=ORIENTED_EDGE('',*,*,#3081,.F.);
#3084=ORIENTED_EDGE('',*,*,#3083,.F.);
#3086=ORIENTED_EDGE('',*,*,#3085,.F.);
#3088=ORIENTED_EDGE('',*,*,#3087,.F.);
#3090=ORIENTED_EDGE('',*,*,#3089,.F.);
#3091=EDGE_LOOP('',(#3076,#3078,#3080,#3082,#3084,#3086,#3088,#3090));
#3092=FACE_OUTER_BOUND('',#3091,.F.);
#3093=ADVANCED_FACE('',(#3092),#3075,.T.);
#3094=CARTESIAN_POINT('',(-6.325E-2,4.1E-1,1.325E-2));
#3095=DIRECTION('',(0.E0,0.E0,1.E0));
#3096=DIRECTION('',(0.E0,-1.E0,0.E0));
#3097=AXIS2_PLACEMENT_3D('',#3094,#3095,#3096);
#3098=PLANE('',#3097);
#3099=ORIENTED_EDGE('',*,*,#1880,.F.);
#3100=ORIENTED_EDGE('',*,*,#3015,.F.);
#3102=ORIENTED_EDGE('',*,*,#3101,.T.);
#3103=ORIENTED_EDGE('',*,*,#3063,.T.);
#3104=EDGE_LOOP('',(#3099,#3100,#3102,#3103));
#3105=FACE_OUTER_BOUND('',#3104,.F.);
#3106=ADVANCED_FACE('',(#3105),#3098,.T.);
#3107=CARTESIAN_POINT('',(-6.325E-2,4.1E-1,-1.325E-2));
#3108=DIRECTION('',(0.E0,1.E0,0.E0));
#3109=DIRECTION('',(0.E0,0.E0,1.E0));
#3110=AXIS2_PLACEMENT_3D('',#3107,#3108,#3109);
#3111=PLANE('',#3110);
#3112=ORIENTED_EDGE('',*,*,#3013,.F.);
#3113=ORIENTED_EDGE('',*,*,#3051,.T.);
#3114=ORIENTED_EDGE('',*,*,#3065,.T.);
#3115=ORIENTED_EDGE('',*,*,#3101,.F.);
#3116=EDGE_LOOP('',(#3112,#3113,#3114,#3115));
#3117=FACE_OUTER_BOUND('',#3116,.F.);
#3118=ADVANCED_FACE('',(#3117),#3111,.T.);
#3119=CARTESIAN_POINT('',(-6.325E-2,-3.1E-2,-1.325E-2));
#3120=DIRECTION('',(0.E0,0.E0,-1.E0));
#3121=DIRECTION('',(0.E0,1.E0,0.E0));
#3122=AXIS2_PLACEMENT_3D('',#3119,#3120,#3121);
#3123=PLANE('',#3122);
#3124=ORIENTED_EDGE('',*,*,#2135,.F.);
#3125=ORIENTED_EDGE('',*,*,#3038,.F.);
#3127=ORIENTED_EDGE('',*,*,#3126,.T.);
#3128=ORIENTED_EDGE('',*,*,#3077,.T.);
#3129=EDGE_LOOP('',(#3124,#3125,#3127,#3128));
#3130=FACE_OUTER_BOUND('',#3129,.F.);
#3131=ADVANCED_FACE('',(#3130),#3123,.T.);
#3132=CARTESIAN_POINT('',(-6.325E-2,-6.E-2,-5.398082370883E-2));
#3133=DIRECTION('',(1.E0,0.E0,0.E0));
#3134=DIRECTION('',(0.E0,0.E0,-1.E0));
#3135=AXIS2_PLACEMENT_3D('',#3132,#3133,#3134);
#3136=CYLINDRICAL_SURFACE('',#3135,5.E-2);
#3137=ORIENTED_EDGE('',*,*,#3036,.F.);
#3139=ORIENTED_EDGE('',*,*,#3138,.T.);
#3140=ORIENTED_EDGE('',*,*,#3079,.T.);
#3141=ORIENTED_EDGE('',*,*,#3126,.F.);
#3142=EDGE_LOOP('',(#3137,#3139,#3140,#3141));
#3143=FACE_OUTER_BOUND('',#3142,.F.);
#3144=ADVANCED_FACE('',(#3143),#3136,.F.);
#3145=CARTESIAN_POINT('',(-6.325E-2,-1.35E-1,-1.825E-2));
#3146=DIRECTION('',(0.E0,0.E0,-1.E0));
#3147=DIRECTION('',(0.E0,1.E0,0.E0));
#3148=AXIS2_PLACEMENT_3D('',#3145,#3146,#3147);
#3149=PLANE('',#3148);
#3150=ORIENTED_EDGE('',*,*,#3034,.F.);
#3152=ORIENTED_EDGE('',*,*,#3151,.T.);
#3153=ORIENTED_EDGE('',*,*,#3081,.T.);
#3154=ORIENTED_EDGE('',*,*,#3138,.F.);
#3155=EDGE_LOOP('',(#3150,#3152,#3153,#3154));
#3156=FACE_OUTER_BOUND('',#3155,.F.);
#3157=ADVANCED_FACE('',(#3156),#3149,.T.);
#3158=CARTESIAN_POINT('',(-6.325E-2,-1.35E-1,8.25E-3));
#3159=DIRECTION('',(0.E0,-1.E0,0.E0));
#3160=DIRECTION('',(0.E0,0.E0,-1.E0));
#3161=AXIS2_PLACEMENT_3D('',#3158,#3159,#3160);
#3162=PLANE('',#3161);
#3163=ORIENTED_EDGE('',*,*,#3032,.F.);
#3165=ORIENTED_EDGE('',*,*,#3164,.T.);
#3166=ORIENTED_EDGE('',*,*,#3083,.T.);
#3167=ORIENTED_EDGE('',*,*,#3151,.F.);
#3168=EDGE_LOOP('',(#3163,#3165,#3166,#3167));
#3169=FACE_OUTER_BOUND('',#3168,.F.);
#3170=ADVANCED_FACE('',(#3169),#3162,.T.);
#3171=CARTESIAN_POINT('',(-6.325E-2,-9.444560929930E-2,8.25E-3));
#3172=DIRECTION('',(0.E0,0.E0,1.E0));
#3173=DIRECTION('',(0.E0,-1.E0,0.E0));
#3174=AXIS2_PLACEMENT_3D('',#3171,#3172,#3173);
#3175=PLANE('',#3174);
#3176=ORIENTED_EDGE('',*,*,#3030,.F.);
#3178=ORIENTED_EDGE('',*,*,#3177,.T.);
#3179=ORIENTED_EDGE('',*,*,#3085,.T.);
#3180=ORIENTED_EDGE('',*,*,#3164,.F.);
#3181=EDGE_LOOP('',(#3176,#3178,#3179,#3180));
#3182=FACE_OUTER_BOUND('',#3181,.F.);
#3183=ADVANCED_FACE('',(#3182),#3175,.T.);
#3184=CARTESIAN_POINT('',(-6.325E-2,-6.E-2,-2.38E-2));
#3185=DIRECTION('',(1.E0,0.E0,0.E0));
#3186=DIRECTION('',(0.E0,0.E0,-1.E0));
#3187=AXIS2_PLACEMENT_3D('',#3184,#3185,#3186);
#3188=CYLINDRICAL_SURFACE('',#3187,4.705E-2);
#3189=ORIENTED_EDGE('',*,*,#3028,.F.);
#3191=ORIENTED_EDGE('',*,*,#3190,.T.);
#3192=ORIENTED_EDGE('',*,*,#3087,.T.);
#3193=ORIENTED_EDGE('',*,*,#3177,.F.);
#3194=EDGE_LOOP('',(#3189,#3191,#3192,#3193));
#3195=FACE_OUTER_BOUND('',#3194,.F.);
#3196=ADVANCED_FACE('',(#3195),#3188,.T.);
#3197=CARTESIAN_POINT('',(-6.325E-2,1.E-2,1.325E-2));
#3198=DIRECTION('',(0.E0,0.E0,1.E0));
#3199=DIRECTION('',(0.E0,-1.E0,0.E0));
#3200=AXIS2_PLACEMENT_3D('',#3197,#3198,#3199);
#3201=PLANE('',#3200);
#3202=ORIENTED_EDGE('',*,*,#2139,.T.);
#3203=ORIENTED_EDGE('',*,*,#3089,.T.);
#3204=ORIENTED_EDGE('',*,*,#3190,.F.);
#3205=ORIENTED_EDGE('',*,*,#3026,.F.);
#3206=EDGE_LOOP('',(#3202,#3203,#3204,#3205));
#3207=FACE_OUTER_BOUND('',#3206,.F.);
#3208=ADVANCED_FACE('',(#3207),#3201,.T.);
#3209=CARTESIAN_POINT('',(1.75E-2,8.E-2,4.9E-2));
#3210=DIRECTION('',(1.E0,0.E0,0.E0));
#3211=DIRECTION('',(0.E0,1.E0,0.E0));
#3212=AXIS2_PLACEMENT_3D('',#3209,#3210,#3211);
#3213=PLANE('',#3212);
#3214=ORIENTED_EDGE('',*,*,#1546,.F.);
#3215=ORIENTED_EDGE('',*,*,#1631,.F.);
#3216=ORIENTED_EDGE('',*,*,#1852,.T.);
#3217=ORIENTED_EDGE('',*,*,#1745,.F.);
#3218=EDGE_LOOP('',(#3214,#3215,#3216,#3217));
#3219=FACE_OUTER_BOUND('',#3218,.F.);
#3220=ADVANCED_FACE('',(#3219),#3213,.F.);
#3221=CARTESIAN_POINT('',(-3.75E-2,9.E-2,-1.9E-2));
#3222=DIRECTION('',(1.E0,0.E0,0.E0));
#3223=DIRECTION('',(0.E0,0.E0,-1.E0));
#3224=AXIS2_PLACEMENT_3D('',#3221,#3222,#3223);
#3225=PLANE('',#3224);
#3226=ORIENTED_EDGE('',*,*,#1560,.T.);
#3228=ORIENTED_EDGE('',*,*,#3227,.T.);
#3229=ORIENTED_EDGE('',*,*,#1857,.T.);
#3230=ORIENTED_EDGE('',*,*,#1757,.F.);
#3231=EDGE_LOOP('',(#3226,#3228,#3229,#3230));
#3232=FACE_OUTER_BOUND('',#3231,.F.);
#3233=ADVANCED_FACE('',(#3232),#3225,.F.);
#3234=CARTESIAN_POINT('',(-6.071637353249E-2,9.E-2,0.E0));
#3235=DIRECTION('',(0.E0,1.E0,0.E0));
#3236=DIRECTION('',(1.E0,0.E0,0.E0));
#3237=AXIS2_PLACEMENT_3D('',#3234,#3235,#3236);
#3238=CYLINDRICAL_SURFACE('',#3237,3.E-2);
#3239=ORIENTED_EDGE('',*,*,#1558,.F.);
#3241=ORIENTED_EDGE('',*,*,#3240,.T.);
#3242=ORIENTED_EDGE('',*,*,#1859,.T.);
#3243=ORIENTED_EDGE('',*,*,#3227,.F.);
#3244=EDGE_LOOP('',(#3239,#3241,#3242,#3243));
#3245=FACE_OUTER_BOUND('',#3244,.F.);
#3246=ADVANCED_FACE('',(#3245),#3238,.F.);
#3247=CARTESIAN_POINT('',(-3.75E-2,9.E-2,3.9E-2));
#3248=DIRECTION('',(1.E0,0.E0,0.E0));
#3249=DIRECTION('',(0.E0,0.E0,-1.E0));
#3250=AXIS2_PLACEMENT_3D('',#3247,#3248,#3249);
#3251=PLANE('',#3250);
#3252=ORIENTED_EDGE('',*,*,#1568,.F.);
#3253=ORIENTED_EDGE('',*,*,#1671,.F.);
#3254=ORIENTED_EDGE('',*,*,#1861,.T.);
#3255=ORIENTED_EDGE('',*,*,#3240,.F.);
#3256=EDGE_LOOP('',(#3252,#3253,#3254,#3255));
#3257=FACE_OUTER_BOUND('',#3256,.F.);
#3258=ADVANCED_FACE('',(#3257),#3251,.F.);
#3259=CARTESIAN_POINT('',(-1.75E-2,9.E-2,4.9E-2));
#3260=DIRECTION('',(-1.E0,0.E0,0.E0));
#3261=DIRECTION('',(0.E0,-1.E0,0.E0));
#3262=AXIS2_PLACEMENT_3D('',#3259,#3260,#3261);
#3263=PLANE('',#3262);
#3264=ORIENTED_EDGE('',*,*,#1564,.T.);
#3265=ORIENTED_EDGE('',*,*,#1761,.T.);
#3266=ORIENTED_EDGE('',*,*,#1864,.F.);
#3267=ORIENTED_EDGE('',*,*,#1674,.T.);
#3268=EDGE_LOOP('',(#3264,#3265,#3266,#3267));
#3269=FACE_OUTER_BOUND('',#3268,.F.);
#3270=ADVANCED_FACE('',(#3269),#3263,.F.);
#3271=CLOSED_SHELL('',(#1532,#1552,#1572,#1592,#1607,#1621,#1636,#1650,#1665,
#1680,#1694,#1708,#1722,#1737,#1751,#1766,#1781,#1794,#1888,#1901,#1914,#1926,
#1940,#1953,#1968,#1981,#1994,#2011,#2026,#2040,#2143,#2158,#2173,#2188,#2203,
#2217,#2235,#2254,#2273,#2292,#2306,#2319,#2333,#2347,#2361,#2374,#2387,#2402,
#2414,#2427,#2442,#2456,#2469,#2481,#2493,#2508,#2521,#2535,#2548,#2560,#2575,
#2588,#2601,#2613,#2625,#2638,#2651,#2663,#2675,#2688,#2701,#2713,#2725,#2738,
#2751,#2763,#2775,#2788,#2800,#2815,#2838,#2852,#2866,#2889,#2902,#2914,#2927,
#2940,#2953,#2966,#2979,#2992,#3004,#3019,#3042,#3056,#3070,#3093,#3106,#3118,
#3131,#3144,#3157,#3170,#3183,#3196,#3208,#3220,#3233,#3246,#3258,#3270));
#3272=MANIFOLD_SOLID_BREP('',#3271);
#3273=CARTESIAN_POINT('',(0.E0,0.E0,0.E0));
#3274=DIRECTION('',(0.E0,0.E0,1.E0));
#3275=DIRECTION('',(1.E0,0.E0,0.E0));
#3276=AXIS2_PLACEMENT_3D('CSYS',#3273,#3274,#3275);
#3277=CARTESIAN_POINT('',(5.E-2,0.E0,0.E0));
#3278=DIRECTION('',(0.E0,-1.E0,0.E0));
#3279=DIRECTION('',(1.E0,0.E0,0.E0));
#3280=AXIS2_PLACEMENT_3D('',#3277,#3278,#3279);
#3284=CARTESIAN_POINT('',(5.E-2,0.E0,0.E0));
#3285=DIRECTION('',(0.E0,-1.E0,0.E0));
#3286=DIRECTION('',(-1.E0,0.E0,0.E0));
#3287=AXIS2_PLACEMENT_3D('',#3284,#3285,#3286);
#3293=CARTESIAN_POINT('',(-5.E-2,0.E0,0.E0));
#3294=DIRECTION('',(0.E0,-1.E0,0.E0));
#3295=DIRECTION('',(1.E0,0.E0,0.E0));
#3296=AXIS2_PLACEMENT_3D('',#3293,#3294,#3295);
#3300=CARTESIAN_POINT('',(-5.E-2,0.E0,0.E0));
#3301=DIRECTION('',(0.E0,-1.E0,0.E0));
#3302=DIRECTION('',(-1.E0,0.E0,0.E0));
#3303=AXIS2_PLACEMENT_3D('',#3300,#3301,#3302);
#3308=DIMENSIONAL_EXPONENTS(1.E0,0.E0,0.E0,0.E0,0.E0,0.E0,0.E0);
#3310=LENGTH_MEASURE_WITH_UNIT(LENGTH_MEASURE(2.54E1),#3309);
#3311=(CONVERSION_BASED_UNIT('INCH',#3310)LENGTH_UNIT()NAMED_UNIT(#3308));
#3312=DIMENSIONAL_EXPONENTS(0.E0,0.E0,0.E0,0.E0,0.E0,0.E0,0.E0);
#3314=PLANE_ANGLE_MEASURE_WITH_UNIT(PLANE_ANGLE_MEASURE(1.745329251994E-2),
#3313);
#3315=(CONVERSION_BASED_UNIT('DEGREE',#3314)NAMED_UNIT(*)PLANE_ANGLE_UNIT());
#3317=UNCERTAINTY_MEASURE_WITH_UNIT(LENGTH_MEASURE(5.887285199773E-5),#3311,
'closure',
'Maximum model space distance between geometric entities at asserted connectivities');
#3318=(GEOMETRIC_REPRESENTATION_CONTEXT(3)GLOBAL_UNCERTAINTY_ASSIGNED_CONTEXT((
#3317))GLOBAL_UNIT_ASSIGNED_CONTEXT((#3311,#3315,#3316))REPRESENTATION_CONTEXT(
'ID1','3'));
#3292=GEOMETRIC_SET('',(#3291,#3307));
#3322=SHAPE_REPRESENTATION_RELATIONSHIP('','',#3321,#3319);
#3323=SHAPE_REPRESENTATION_RELATIONSHIP('','',#3321,#3320);
#3324=APPLICATION_CONTEXT(
'CONFIGURATION CONTROLLED 3D DESIGNS OF MECHANICAL PARTS AND ASSEMBLIES');
#3325=APPLICATION_PROTOCOL_DEFINITION('international standard',
'config_control_design',1994,#3324);
#3326=DESIGN_CONTEXT('',#3324,'design');
#3327=MECHANICAL_CONTEXT('',#3324,'mechanical');
#3328=PRODUCT('022285021','022285021','NOT SPECIFIED',(#3327));
#3329=PRODUCT_DEFINITION_FORMATION_WITH_SPECIFIED_SOURCE('1','LAST_VERSION',
#3328,.MADE.);
#3333=PRODUCT_CATEGORY('part','');
#3334=PRODUCT_RELATED_PRODUCT_CATEGORY('detail','',(#3328));
#3335=PRODUCT_CATEGORY_RELATIONSHIP('','',#3333,#3334);
#3336=SECURITY_CLASSIFICATION_LEVEL('unclassified');
#3337=SECURITY_CLASSIFICATION('','',#3336);
#3338=CC_DESIGN_SECURITY_CLASSIFICATION(#3337,(#3329));
#3339=APPROVAL_STATUS('approved');
#3340=APPROVAL(#3339,'');
#3341=CC_DESIGN_APPROVAL(#3340,(#3337,#3329,#3330));
#3342=CALENDAR_DATE(115,13,4);
#3343=COORDINATED_UNIVERSAL_TIME_OFFSET(5,30,.AHEAD.);
#3344=LOCAL_TIME(14,45,5.9E1,#3343);
#3345=DATE_AND_TIME(#3342,#3344);
#3346=APPROVAL_DATE_TIME(#3345,#3340);
#3347=DATE_TIME_ROLE('creation_date');
#3348=CC_DESIGN_DATE_AND_TIME_ASSIGNMENT(#3345,#3347,(#3330));
#3349=DATE_TIME_ROLE('classification_date');
#3350=CC_DESIGN_DATE_AND_TIME_ASSIGNMENT(#3345,#3349,(#3337));
#3351=PERSON('UNSPECIFIED','UNSPECIFIED',$,$,$,$);
#3352=ORGANIZATION('UNSPECIFIED','UNSPECIFIED','UNSPECIFIED');
#3353=PERSON_AND_ORGANIZATION(#3351,#3352);
#3354=APPROVAL_ROLE('approver');
#3355=APPROVAL_PERSON_ORGANIZATION(#3353,#3340,#3354);
#3356=PERSON_AND_ORGANIZATION_ROLE('creator');
#3357=CC_DESIGN_PERSON_AND_ORGANIZATION_ASSIGNMENT(#3353,#3356,(#3329,#3330));
#3358=PERSON_AND_ORGANIZATION_ROLE('design_supplier');
#3359=CC_DESIGN_PERSON_AND_ORGANIZATION_ASSIGNMENT(#3353,#3358,(#3329));
#3360=PERSON_AND_ORGANIZATION_ROLE('classification_officer');
#3361=CC_DESIGN_PERSON_AND_ORGANIZATION_ASSIGNMENT(#3353,#3360,(#3337));
#3362=PERSON_AND_ORGANIZATION_ROLE('design_owner');
#3363=CC_DESIGN_PERSON_AND_ORGANIZATION_ASSIGNMENT(#3353,#3362,(#3328));
#5=CIRCLE('',#4,3.E-2);
#26=CIRCLE('',#25,3.E-2);
#43=CIRCLE('',#42,3.E-2);
#68=CIRCLE('',#67,3.E-2);
#181=CIRCLE('',#180,3.E-2);
#226=CIRCLE('',#225,3.E-2);
#271=CIRCLE('',#270,3.E-2);
#292=CIRCLE('',#291,3.E-2);
#393=CIRCLE('',#392,3.E-2);
#406=CIRCLE('',#405,3.E-2);
#427=CIRCLE('',#426,3.E-2);
#472=CIRCLE('',#471,3.E-2);
#593=CIRCLE('',#592,3.E-2);
#610=CIRCLE('',#609,3.E-2);
#631=CIRCLE('',#630,3.E-2);
#652=CIRCLE('',#651,3.E-2);
#929=CIRCLE('',#928,5.E-2);
#946=CIRCLE('',#945,4.705E-2);
#971=CIRCLE('',#970,4.705E-2);
#988=CIRCLE('',#987,5.E-2);
#1045=CIRCLE('',#1044,4.705E-2);
#1062=CIRCLE('',#1061,5.E-2);
#1087=CIRCLE('',#1086,5.E-2);
#1104=CIRCLE('',#1103,4.705E-2);
#1518=EDGE_CURVE('',#1299,#1300,#5,.T.);
#1520=EDGE_CURVE('',#1302,#1300,#9,.T.);
#1522=EDGE_CURVE('',#1156,#1302,#136,.T.);
#1524=EDGE_CURVE('',#1155,#1156,#728,.T.);
#1526=EDGE_CURVE('',#1155,#1312,#13,.T.);
#1528=EDGE_CURVE('',#1312,#1299,#17,.T.);
#1538=EDGE_CURVE('',#1305,#1306,#21,.T.);
#1540=EDGE_CURVE('',#1306,#1308,#26,.T.);
#1542=EDGE_CURVE('',#1310,#1308,#30,.T.);
#1544=EDGE_CURVE('',#1310,#1263,#34,.T.);
#1546=EDGE_CURVE('',#1263,#1264,#38,.T.);
#1548=EDGE_CURVE('',#1305,#1264,#144,.T.);
#1558=EDGE_CURVE('',#1331,#1332,#43,.T.);
#1560=EDGE_CURVE('',#1334,#1332,#47,.T.);
#1562=EDGE_CURVE('',#1260,#1334,#160,.T.);
#1564=EDGE_CURVE('',#1259,#1260,#51,.T.);
#1566=EDGE_CURVE('',#1259,#1344,#55,.T.);
#1568=EDGE_CURVE('',#1344,#1331,#59,.T.);
#1578=EDGE_CURVE('',#1337,#1338,#63,.T.);
#1580=EDGE_CURVE('',#1338,#1340,#68,.T.);
#1582=EDGE_CURVE('',#1342,#1340,#72,.T.);
#1584=EDGE_CURVE('',#1342,#1163,#76,.T.);
#1586=EDGE_CURVE('',#1163,#1164,#868,.T.);
#1588=EDGE_CURVE('',#1337,#1164,#168,.T.);
#1599=EDGE_CURVE('',#1299,#1291,#80,.T.);
#1601=EDGE_CURVE('',#1291,#1292,#226,.T.);
#1603=EDGE_CURVE('',#1300,#1292,#172,.T.);
#1614=EDGE_CURVE('',#1320,#1312,#96,.T.);
#1616=EDGE_CURVE('',#1320,#1291,#230,.T.);
#1627=EDGE_CURVE('',#1318,#1310,#84,.T.);
#1629=EDGE_CURVE('',#1318,#1288,#88,.T.);
#1631=EDGE_CURVE('',#1288,#1263,#92,.T.);
#1644=EDGE_CURVE('',#1176,#1155,#724,.T.);
#1646=EDGE_CURVE('',#1176,#1320,#100,.T.);
#1656=EDGE_CURVE('',#1350,#1342,#104,.T.);
#1658=EDGE_CURVE('',#1350,#1184,#108,.T.);
#1660=EDGE_CURVE('',#1184,#1163,#872,.T.);
#1671=EDGE_CURVE('',#1352,#1344,#112,.T.);
#1674=EDGE_CURVE('',#1286,#1259,#116,.T.);
#1676=EDGE_CURVE('',#1286,#1352,#120,.T.);
#1687=EDGE_CURVE('',#1308,#1296,#124,.T.);
#1689=EDGE_CURVE('',#1296,#1318,#266,.T.);
#1701=EDGE_CURVE('',#1306,#1295,#128,.T.);
#1703=EDGE_CURVE('',#1295,#1296,#271,.T.);
#1715=EDGE_CURVE('',#1305,#1316,#140,.T.);
#1717=EDGE_CURVE('',#1316,#1295,#275,.T.);
#1728=EDGE_CURVE('',#1302,#1314,#132,.T.);
#1730=EDGE_CURVE('',#1170,#1314,#217,.T.);
#1732=EDGE_CURVE('',#1156,#1170,#732,.T.);
#1745=EDGE_CURVE('',#1264,#1276,#148,.T.);
#1747=EDGE_CURVE('',#1316,#1276,#279,.T.);
#1757=EDGE_CURVE('',#1334,#1346,#152,.T.);
#1759=EDGE_CURVE('',#1274,#1346,#283,.T.);
#1761=EDGE_CURVE('',#1260,#1274,#156,.T.);
#1772=EDGE_CURVE('',#1337,#1348,#164,.T.);
#1775=EDGE_CURVE('',#1164,#1178,#864,.T.);
#1777=EDGE_CURVE('',#1348,#1178,#189,.T.);
#1789=EDGE_CURVE('',#1292,#1314,#221,.T.);
#1801=EDGE_CURVE('',#1328,#1350,#176,.T.);
#1803=EDGE_CURVE('',#1327,#1328,#181,.T.);
#1805=EDGE_CURVE('',#1348,#1327,#185,.T.);
#1808=EDGE_CURVE('',#1178,#1222,#193,.T.);
#1810=EDGE_CURVE('',#1222,#1211,#197,.T.);
#1812=EDGE_CURVE('',#1244,#1211,#796,.T.);
#1814=EDGE_CURVE('',#1244,#1251,#201,.T.);
#1816=EDGE_CURVE('',#1251,#1242,#205,.T.);
#1818=EDGE_CURVE('',#1207,#1242,#784,.T.);
#1820=EDGE_CURVE('',#1207,#1226,#209,.T.);
#1822=EDGE_CURVE('',#1226,#1170,#213,.T.);
#1829=EDGE_CURVE('',#1176,#1224,#234,.T.);
#1831=EDGE_CURVE('',#1224,#1203,#238,.T.);
#1833=EDGE_CURVE('',#1203,#1238,#242,.T.);
#1835=EDGE_CURVE('',#1238,#1255,#246,.T.);
#1837=EDGE_CURVE('',#1255,#1240,#250,.T.);
#1839=EDGE_CURVE('',#1240,#1187,#254,.T.);
#1841=EDGE_CURVE('',#1187,#1198,#258,.T.);
#1843=EDGE_CURVE('',#1198,#1184,#262,.T.);
#1852=EDGE_CURVE('',#1288,#1276,#1144,.T.);
#1857=EDGE_CURVE('',#1324,#1346,#287,.T.);
#1859=EDGE_CURVE('',#1323,#1324,#292,.T.);
#1861=EDGE_CURVE('',#1352,#1323,#296,.T.);
#1864=EDGE_CURVE('',#1286,#1274,#300,.T.);
#1868=EDGE_CURVE('',#1427,#1428,#304,.T.);
#1870=EDGE_CURVE('',#1427,#1431,#308,.T.);
#1872=EDGE_CURVE('',#1431,#1432,#312,.T.);
#1874=EDGE_CURVE('',#1428,#1432,#316,.T.);
#1878=EDGE_CURVE('',#1459,#1460,#320,.T.);
#1880=EDGE_CURVE('',#1459,#1463,#324,.T.);
#1882=EDGE_CURVE('',#1463,#1464,#328,.T.);
#1884=EDGE_CURVE('',#1460,#1464,#332,.T.);
#1895=EDGE_CURVE('',#1340,#1328,#336,.T.);
#1908=EDGE_CURVE('',#1338,#1327,#340,.T.);
#1932=EDGE_CURVE('',#1180,#1194,#348,.T.);
#1934=EDGE_CURVE('',#1180,#1228,#508,.T.);
#1936=EDGE_CURVE('',#1194,#1228,#816,.T.);
#1946=EDGE_CURVE('',#1178,#1196,#840,.T.);
#1948=EDGE_CURVE('',#1222,#1196,#812,.T.);
#1959=EDGE_CURVE('',#1182,#1191,#344,.T.);
#1961=EDGE_CURVE('',#1180,#1182,#844,.T.);
#1964=EDGE_CURVE('',#1194,#1191,#824,.T.);
#1975=EDGE_CURVE('',#1191,#1200,#352,.T.);
#1977=EDGE_CURVE('',#1200,#1182,#439,.T.);
#1987=EDGE_CURVE('',#1184,#1192,#836,.T.);
#1990=EDGE_CURVE('',#1198,#1192,#356,.T.);
#2000=EDGE_CURVE('',#1187,#1188,#376,.T.);
#2002=EDGE_CURVE('',#1188,#1200,#443,.T.);
#2005=EDGE_CURVE('',#1191,#1192,#820,.T.);
#2017=EDGE_CURVE('',#1204,#1234,#360,.T.);
#2019=EDGE_CURVE('',#1234,#1238,#364,.T.);
#2022=EDGE_CURVE('',#1203,#1204,#368,.T.);
#2032=EDGE_CURVE('',#1236,#1188,#372,.T.);
#2036=EDGE_CURVE('',#1236,#1240,#380,.T.);
#2046=EDGE_CURVE('',#1412,#1180,#700,.T.);
#2048=EDGE_CURVE('',#1392,#1412,#422,.T.);
#2050=EDGE_CURVE('',#1391,#1392,#427,.T.);
#2052=EDGE_CURVE('',#1416,#1391,#431,.T.);
#2054=EDGE_CURVE('',#1416,#1182,#435,.T.);
#2059=EDGE_CURVE('',#1256,#1236,#447,.T.);
#2061=EDGE_CURVE('',#1234,#1256,#451,.T.);
#2064=EDGE_CURVE('',#1230,#1204,#455,.T.);
#2066=EDGE_CURVE('',#1174,#1230,#459,.T.);
#2068=EDGE_CURVE('',#1174,#1382,#463,.T.);
#2070=EDGE_CURVE('',#1356,#1382,#467,.T.);
#2072=EDGE_CURVE('',#1355,#1356,#472,.T.);
#2074=EDGE_CURVE('',#1378,#1355,#476,.T.);
#2076=EDGE_CURVE('',#1172,#1378,#668,.T.);
#2078=EDGE_CURVE('',#1232,#1172,#480,.T.);
#2080=EDGE_CURVE('',#1208,#1232,#484,.T.);
#2082=EDGE_CURVE('',#1208,#1246,#488,.T.);
#2084=EDGE_CURVE('',#1252,#1246,#492,.T.);
#2086=EDGE_CURVE('',#1248,#1252,#496,.T.);
#2088=EDGE_CURVE('',#1248,#1212,#500,.T.);
#2090=EDGE_CURVE('',#1228,#1212,#504,.T.);
#2095=EDGE_CURVE('',#1380,#1280,#676,.T.);
#2097=EDGE_CURVE('',#1360,#1380,#401,.T.);
#2099=EDGE_CURVE('',#1359,#1360,#406,.T.);
#2101=EDGE_CURVE('',#1384,#1359,#410,.T.);
#2103=EDGE_CURVE('',#1384,#1284,#414,.T.);
#2105=EDGE_CURVE('',#1284,#1280,#418,.T.);
#2109=EDGE_CURVE('',#1282,#1414,#384,.T.);
#2111=EDGE_CURVE('',#1388,#1414,#388,.T.);
#2113=EDGE_CURVE('',#1387,#1388,#393,.T.);
#2115=EDGE_CURVE('',#1410,#1387,#397,.T.);
#2117=EDGE_CURVE('',#1278,#1410,#692,.T.);
#2119=EDGE_CURVE('',#1282,#1278,#892,.T.);
#2123=EDGE_CURVE('',#1435,#1436,#512,.T.);
#2125=EDGE_CURVE('',#1436,#1440,#516,.T.);
#2127=EDGE_CURVE('',#1439,#1440,#520,.T.);
#2129=EDGE_CURVE('',#1435,#1439,#524,.T.);
#2133=EDGE_CURVE('',#1467,#1468,#528,.T.);
#2135=EDGE_CURVE('',#1468,#1472,#532,.T.);
#2137=EDGE_CURVE('',#1471,#1472,#536,.T.);
#2139=EDGE_CURVE('',#1467,#1471,#540,.T.);
#2149=EDGE_CURVE('',#1368,#1382,#544,.T.);
#2152=EDGE_CURVE('',#1160,#1174,#716,.T.);
#2154=EDGE_CURVE('',#1160,#1368,#548,.T.);
#2164=EDGE_CURVE('',#1371,#1384,#552,.T.);
#2166=EDGE_CURVE('',#1371,#1272,#556,.T.);
#2168=EDGE_CURVE('',#1272,#1284,#560,.T.);
#2179=EDGE_CURVE('',#1400,#1414,#564,.T.);
#2182=EDGE_CURVE('',#1268,#1282,#568,.T.);
#2184=EDGE_CURVE('',#1268,#1400,#572,.T.);
#2194=EDGE_CURVE('',#1403,#1416,#576,.T.);
#2196=EDGE_CURVE('',#1403,#1168,#580,.T.);
#2198=EDGE_CURVE('',#1168,#1182,#848,.T.);
#2209=EDGE_CURVE('',#1368,#1366,#597,.T.);
#2211=EDGE_CURVE('',#1366,#1356,#584,.T.);
#2223=EDGE_CURVE('',#1363,#1364,#588,.T.);
#2225=EDGE_CURVE('',#1364,#1366,#593,.T.);
#2229=EDGE_CURVE('',#1159,#1160,#712,.T.);
#2231=EDGE_CURVE('',#1159,#1363,#601,.T.);
#2241=EDGE_CURVE('',#1371,#1372,#605,.T.);
#2243=EDGE_CURVE('',#1372,#1374,#610,.T.);
#2245=EDGE_CURVE('',#1376,#1374,#614,.T.);
#2247=EDGE_CURVE('',#1376,#1271,#618,.T.);
#2249=EDGE_CURVE('',#1271,#1272,#622,.T.);
#2260=EDGE_CURVE('',#1395,#1396,#626,.T.);
#2262=EDGE_CURVE('',#1396,#1398,#631,.T.);
#2264=EDGE_CURVE('',#1400,#1398,#635,.T.);
#2267=EDGE_CURVE('',#1267,#1268,#639,.T.);
#2269=EDGE_CURVE('',#1267,#1395,#643,.T.);
#2279=EDGE_CURVE('',#1403,#1404,#647,.T.);
#2281=EDGE_CURVE('',#1404,#1406,#652,.T.);
#2283=EDGE_CURVE('',#1408,#1406,#656,.T.);
#2285=EDGE_CURVE('',#1408,#1167,#660,.T.);
#2287=EDGE_CURVE('',#1167,#1168,#852,.T.);
#2299=EDGE_CURVE('',#1378,#1363,#664,.T.);
#2302=EDGE_CURVE('',#1364,#1355,#904,.T.);
#2314=EDGE_CURVE('',#1172,#1159,#708,.T.);
#2325=EDGE_CURVE('',#1380,#1376,#672,.T.);
#2328=EDGE_CURVE('',#1280,#1271,#680,.T.);
#2339=EDGE_CURVE('',#1410,#1395,#684,.T.);
#2342=EDGE_CURVE('',#1278,#1267,#688,.T.);
#2353=EDGE_CURVE('',#1412,#1408,#696,.T.);
#2356=EDGE_CURVE('',#1180,#1167,#856,.T.);
#2367=EDGE_CURVE('',#1174,#1172,#704,.T.);
#2380=EDGE_CURVE('',#1170,#1176,#720,.T.);
#2393=EDGE_CURVE('',#1174,#1215,#736,.T.);
#2395=EDGE_CURVE('',#1215,#1219,#764,.T.);
#2397=EDGE_CURVE('',#1172,#1219,#740,.T.);
#2410=EDGE_CURVE('',#1215,#1230,#748,.T.);
#2420=EDGE_CURVE('',#1176,#1216,#768,.T.);
#2422=EDGE_CURVE('',#1224,#1216,#744,.T.);
#2436=EDGE_CURVE('',#1215,#1216,#752,.T.);
#2449=EDGE_CURVE('',#1220,#1216,#756,.T.);
#2451=EDGE_CURVE('',#1219,#1220,#760,.T.);
#2464=EDGE_CURVE('',#1170,#1220,#772,.T.);
#2476=EDGE_CURVE('',#1219,#1232,#776,.T.);
#2489=EDGE_CURVE('',#1226,#1220,#780,.T.);
#2499=EDGE_CURVE('',#1207,#1208,#792,.T.);
#2515=EDGE_CURVE('',#1242,#1246,#788,.T.);
#2528=EDGE_CURVE('',#1211,#1212,#800,.T.);
#2531=EDGE_CURVE('',#1244,#1248,#804,.T.);
#2542=EDGE_CURVE('',#1251,#1252,#808,.T.);
#2569=EDGE_CURVE('',#1194,#1196,#828,.T.);
#2584=EDGE_CURVE('',#1192,#1196,#832,.T.);
#2597=EDGE_CURVE('',#1184,#1178,#860,.T.);
#2632=EDGE_CURVE('',#1374,#1360,#876,.T.);
#2645=EDGE_CURVE('',#1372,#1359,#880,.T.);
#2684=EDGE_CURVE('',#1396,#1387,#884,.T.);
#2697=EDGE_CURVE('',#1398,#1388,#888,.T.);
#2732=EDGE_CURVE('',#1406,#1392,#896,.T.);
#2745=EDGE_CURVE('',#1404,#1391,#900,.T.);
#2782=EDGE_CURVE('',#1255,#1256,#908,.T.);
#2807=EDGE_CURVE('',#1428,#1419,#912,.T.);
#2809=EDGE_CURVE('',#1419,#1420,#916,.T.);
#2811=EDGE_CURVE('',#1420,#1427,#920,.T.);
#2822=EDGE_CURVE('',#1435,#1444,#924,.T.);
#2824=EDGE_CURVE('',#1444,#1482,#929,.T.);
#2826=EDGE_CURVE('',#1482,#1484,#933,.T.);
#2828=EDGE_CURVE('',#1484,#1486,#937,.T.);
#2830=EDGE_CURVE('',#1486,#1488,#941,.T.);
#2832=EDGE_CURVE('',#1488,#1442,#946,.T.);
#2834=EDGE_CURVE('',#1442,#1436,#950,.T.);
#2845=EDGE_CURVE('',#1432,#1423,#962,.T.);
#2847=EDGE_CURVE('',#1419,#1423,#1000,.T.);
#2859=EDGE_CURVE('',#1424,#1431,#954,.T.);
#2861=EDGE_CURVE('',#1423,#1424,#958,.T.);
#2873=EDGE_CURVE('',#1446,#1440,#966,.T.);
#2875=EDGE_CURVE('',#1496,#1446,#971,.T.);
#2877=EDGE_CURVE('',#1494,#1496,#975,.T.);
#2879=EDGE_CURVE('',#1492,#1494,#979,.T.);
#2881=EDGE_CURVE('',#1490,#1492,#983,.T.);
#2883=EDGE_CURVE('',#1448,#1490,#988,.T.);
#2885=EDGE_CURVE('',#1439,#1448,#992,.T.);
#2897=EDGE_CURVE('',#1420,#1424,#996,.T.);
#2922=EDGE_CURVE('',#1442,#1446,#1004,.T.);
#2934=EDGE_CURVE('',#1488,#1496,#1008,.T.);
#2947=EDGE_CURVE('',#1486,#1494,#1012,.T.);
#2960=EDGE_CURVE('',#1484,#1492,#1016,.T.);
#2973=EDGE_CURVE('',#1482,#1490,#1020,.T.);
#2986=EDGE_CURVE('',#1444,#1448,#1024,.T.);
#3011=EDGE_CURVE('',#1460,#1451,#1028,.T.);
#3013=EDGE_CURVE('',#1451,#1452,#1032,.T.);
#3015=EDGE_CURVE('',#1452,#1459,#1036,.T.);
#3026=EDGE_CURVE('',#1467,#1474,#1040,.T.);
#3028=EDGE_CURVE('',#1474,#1498,#1045,.T.);
#3030=EDGE_CURVE('',#1498,#1500,#1049,.T.);
#3032=EDGE_CURVE('',#1500,#1502,#1053,.T.);
#3034=EDGE_CURVE('',#1502,#1504,#1057,.T.);
#3036=EDGE_CURVE('',#1504,#1476,#1062,.T.);
#3038=EDGE_CURVE('',#1476,#1468,#1066,.T.);
#3049=EDGE_CURVE('',#1464,#1455,#1078,.T.);
#3051=EDGE_CURVE('',#1451,#1455,#1116,.T.);
#3063=EDGE_CURVE('',#1456,#1463,#1070,.T.);
#3065=EDGE_CURVE('',#1455,#1456,#1074,.T.);
#3077=EDGE_CURVE('',#1480,#1472,#1082,.T.);
#3079=EDGE_CURVE('',#1512,#1480,#1087,.T.);
#3081=EDGE_CURVE('',#1510,#1512,#1091,.T.);
#3083=EDGE_CURVE('',#1508,#1510,#1095,.T.);
#3085=EDGE_CURVE('',#1506,#1508,#1099,.T.);
#3087=EDGE_CURVE('',#1478,#1506,#1104,.T.);
#3089=EDGE_CURVE('',#1471,#1478,#1108,.T.);
#3101=EDGE_CURVE('',#1452,#1456,#1112,.T.);
#3126=EDGE_CURVE('',#1476,#1480,#1120,.T.);
#3138=EDGE_CURVE('',#1504,#1512,#1124,.T.);
#3151=EDGE_CURVE('',#1502,#1510,#1128,.T.);
#3164=EDGE_CURVE('',#1500,#1508,#1132,.T.);
#3177=EDGE_CURVE('',#1498,#1506,#1136,.T.);
#3190=EDGE_CURVE('',#1474,#1478,#1140,.T.);
#3227=EDGE_CURVE('',#1332,#1324,#1148,.T.);
#3240=EDGE_CURVE('',#1331,#1323,#1152,.T.);
#3281=CIRCLE('',#3280,2.E-2);
#3282=TRIMMED_CURVE('',#3281,(PARAMETER_VALUE(0.E0)),(PARAMETER_VALUE(1.8E2)),
.T.,.UNSPECIFIED.);
#3283=COMPOSITE_CURVE_SEGMENT(.CONTINUOUS.,.T.,#3282);
#3288=CIRCLE('',#3287,2.E-2);
#3289=TRIMMED_CURVE('',#3288,(PARAMETER_VALUE(0.E0)),(PARAMETER_VALUE(1.8E2)),
.T.,.UNSPECIFIED.);
#3290=COMPOSITE_CURVE_SEGMENT(.CONTINUOUS.,.T.,#3289);
#3291=COMPOSITE_CURVE('',(#3283,#3290),.F.);
#3297=CIRCLE('',#3296,2.E-2);
#3298=TRIMMED_CURVE('',#3297,(PARAMETER_VALUE(0.E0)),(PARAMETER_VALUE(1.8E2)),
.T.,.UNSPECIFIED.);
#3299=COMPOSITE_CURVE_SEGMENT(.CONTINUOUS.,.T.,#3298);
#3304=CIRCLE('',#3303,2.E-2);
#3305=TRIMMED_CURVE('',#3304,(PARAMETER_VALUE(0.E0)),(PARAMETER_VALUE(1.8E2)),
.T.,.UNSPECIFIED.);
#3306=COMPOSITE_CURVE_SEGMENT(.CONTINUOUS.,.T.,#3305);
#3307=COMPOSITE_CURVE('',(#3299,#3306),.F.);
#3309=(LENGTH_UNIT()NAMED_UNIT(*)SI_UNIT(.MILLI.,.METRE.));
#3313=(NAMED_UNIT(*)PLANE_ANGLE_UNIT()SI_UNIT($,.RADIAN.));
#3316=(NAMED_UNIT(*)SI_UNIT($,.STERADIAN.)SOLID_ANGLE_UNIT());
#3319=ADVANCED_BREP_SHAPE_REPRESENTATION('',(#3272),#3318);
#3320=GEOMETRICALLY_BOUNDED_SURFACE_SHAPE_REPRESENTATION('',(#3292),#3318);
#3321=SHAPE_REPRESENTATION('',(#3276),#3318);
#3330=PRODUCT_DEFINITION('design','',#3329,#3326);
#3331=PRODUCT_DEFINITION_SHAPE('','SHAPE FOR 022285021.',#3330);
#3332=SHAPE_DEFINITION_REPRESENTATION(#3331,#3321);
ENDSEC;
END-ISO-10303-21;
