ISO-10303-21;
HEADER;
FILE_DESCRIPTION (( 'STEP AP203' ),
    '1' );
FILE_NAME ('92000A116_Passivated 18-8 Stainless Steel Pan Head Phillips Screws.STEP',
    '2022-12-02T17:25:58',
    ( 'Administrator' ),
    ( 'Managed by Terraform' ),
    'SwSTEP 2.0',
    'SolidWorks 2017',
    '' );
FILE_SCHEMA (( 'CONFIG_CONTROL_DESIGN' ));
ENDSEC;

DATA;
#1 = ORIENTED_EDGE ( 'NONE', *, *, #4940, .T. ) ;
#2 = CARTESIAN_POINT ( 'NONE',  ( -0.2358143114672041400, 1.561949897604146800, 3.970962413964580900 ) ) ;
#3 = ADVANCED_FACE ( 'NONE', ( #349 ), #1489, .T. ) ;
#4 = CARTESIAN_POINT ( 'NONE',  ( 0.6785254037844491400, 1.175240473580836400, 1.520833333333336100 ) ) ;
#5 = CARTESIAN_POINT ( 'NONE',  ( 1.322475605676673300, -0.7635316469341566500, -2.369791666666664300 ) ) ;
#6 = ORIENTED_EDGE ( 'NONE', *, *, #4609, .F. ) ;
#7 = CONICAL_SURFACE ( 'NONE', #117, 1.619999999999995900, 0.1047197551196600000 ) ;
#8 = EDGE_CURVE ( 'NONE', #1615, #4889, #1491, .T. ) ;
#9 = CARTESIAN_POINT ( 'NONE',  ( -1.763300807568898100, -1.494487252136680000E-014, -2.109374999999996900 ) ) ;
#10 = CARTESIAN_POINT ( 'NONE',  ( 0.0000000000000000000, 1.175240473580837500, -1.968749999999996900 ) ) ;
#11 = CARTESIAN_POINT ( 'NONE',  ( 0.0000000000000000000, 1.527063293868266900, -1.734374999999996700 ) ) ;
#12 = ORIENTED_EDGE ( 'NONE', *, *, #1386, .T. ) ;
#13 = ORIENTED_EDGE ( 'NONE', *, *, #2738, .T. ) ;
#14 = FACE_OUTER_BOUND ( 'NONE', #313, .T. ) ;
#15 = CARTESIAN_POINT ( 'NONE',  ( -0.6785254037844487000, -1.175240473580867500, -0.2916666666666636300 ) ) ;
#16 = ORIENTED_EDGE ( 'NONE', *, *, #451, .T. ) ;
#17 = CARTESIAN_POINT ( 'NONE',  ( 1.357050807568896700, -1.517775155448999500E-014, -3.124999999999997300 ) ) ;
#18 = CARTESIAN_POINT ( 'NONE',  ( 1.017788105676672200, -0.5876202367904419500, -1.104166666666663600 ) ) ;
#19 = VECTOR ( 'NONE', #4722, 1000.000000000000000 ) ;
#20 = CARTESIAN_POINT ( 'NONE',  ( -1.836970198721050400E-016, -1.500000000000032000, 0.5000000000000022200 ) ) ;
#21 = CARTESIAN_POINT ( 'NONE',  ( 0.0000000000000000000, 2.602085213965210600E-015, -0.3607728408534533500 ) ) ;
#22 = CARTESIAN_POINT ( 'NONE',  ( -0.2470292989821610300, 1.534691860997139200, 3.980070810694635000 ) ) ;
#23 = LINE ( 'NONE', #3710, #791 ) ;
#24 = CARTESIAN_POINT ( 'NONE',  ( -1.439254484199210300E-016, -1.175240473580867700, 1.250000000000002700 ) ) ;
#25 = CARTESIAN_POINT ( 'NONE',  ( 0.6785254037844491400, 1.175240473580837100, -2.541666666666663900 ) ) ;
#26 = CARTESIAN_POINT ( 'NONE',  ( -1.322475605676673500, 0.7635316469341262300, -2.619791666666663900 ) ) ;
#27 = ORIENTED_EDGE ( 'NONE', *, *, #2860, .T. ) ;
#28 =( BOUNDED_CURVE ( )  B_SPLINE_CURVE ( 3, ( #4977, #4990, #2679, #3057 ),
 .UNSPECIFIED., .F., .T. ) 
 B_SPLINE_CURVE_WITH_KNOTS ( ( 4, 4 ),
 ( 2.946332657651818300, 3.336852649527771500 ),
 .UNSPECIFIED. ) 
 CURVE ( )  GEOMETRIC_REPRESENTATION_ITEM ( )  RATIONAL_B_SPLINE_CURVE ( ( 1.000000000000000000, 0.9873315052531759200, 0.9873315052531759200, 1.000000000000000000 ) ) 
 REPRESENTATION_ITEM ( '' )  );
#29 = CARTESIAN_POINT ( 'NONE',  ( -1.017788105676672700, -0.5876202367904407300, -4.270833333333330400 ) ) ;
#30 = CARTESIAN_POINT ( 'NONE',  ( 1.516811748361101000, -0.2267097614933613100, 3.786743325484760900 ) ) ;
#31 = CYLINDRICAL_SURFACE ( 'NONE', #1791, 0.2915999999999999700 ) ;
#32 = CARTESIAN_POINT ( 'NONE',  ( -1.899182256117711800E-016, -1.550799999999997300, 1.749999999999997300 ) ) ;
#33 = DIRECTION ( 'NONE',  ( -1.224646799147353200E-016, -1.000000000000000000, 0.0000000000000000000 ) ) ;
#34 = CARTESIAN_POINT ( 'NONE',  ( 1.017788105676672200, -0.5876202367904420600, -0.1666666666666639100 ) ) ;
#35 = EDGE_CURVE ( 'NONE', #3073, #292, #3079, .T. ) ;
#36 = CARTESIAN_POINT ( 'NONE',  ( 1.299038105676672900, 0.7499999999999922300, -1.333333333333330600 ) ) ;
#37 = CARTESIAN_POINT ( 'NONE',  ( -0.6785254037844487000, -1.175240473580867500, -0.7916666666666638500 ) ) ;
#38 = VERTEX_POINT ( 'NONE', #4861 ) ;
#39 = CARTESIAN_POINT ( 'NONE',  ( -0.1659638459673509500, 1.518332637784022100, 3.406249999999998700 ) ) ;
#40 = CARTESIAN_POINT ( 'NONE',  ( -0.2402462345495716700, -1.556630036246271300, 3.972636439135566200 ) ) ;
#41 = EDGE_CURVE ( 'NONE', #1142, #2831, #825, .T. ) ;
#42 = CARTESIAN_POINT ( 'NONE',  ( 1.357050807568896700, -1.566761027414893200E-014, 0.8750000000000028900 ) ) ;
#43 = CARTESIAN_POINT ( 'NONE',  ( -0.1887742632592899200, -1.560372602834605700, 3.789916515708304300 ) ) ;
#44 = CARTESIAN_POINT ( 'NONE',  ( -1.439254484199210300E-016, -1.175240473580867500, -3.187499999999996900 ) ) ;
#45 = CARTESIAN_POINT ( 'NONE',  ( 0.8816504037844485900, -1.527063293868297500, -0.9427083333333300400 ) ) ;
#46 = APPROVAL_ROLE ( '' ) ;
#47 = CARTESIAN_POINT ( 'NONE',  ( -1.322475605676673800, -0.7635316469341557600, -0.5364583333333305900 ) ) ;
#48 = CARTESIAN_POINT ( 'NONE',  ( -1.439254484199210300E-016, -1.175240473580867700, -0.2499999999999972000 ) ) ;
#49 = ORIENTED_EDGE ( 'NONE', *, *, #864, .F. ) ;
#50 = CARTESIAN_POINT ( 'NONE',  ( 0.0000000000000000000, 5.865668412675717400E-016, 3.124999999999998700 ) ) ;
#51 = CARTESIAN_POINT ( 'NONE',  ( 1.553796817639132400, 0.2419763615505472500, 3.973557129246365200 ) ) ;
#52 = ORIENTED_EDGE ( 'NONE', *, *, #8, .F. ) ;
#53 = CARTESIAN_POINT ( 'NONE',  ( -1.357050807568896700, -1.494487252136680000E-014, -2.312499999999997300 ) ) ;
#54 = VERTEX_POINT ( 'NONE', #3657 ) ;
#55 = CARTESIAN_POINT ( 'NONE',  ( -1.322475605676673500, 0.7635316469341260100, -1.151041666666663400 ) ) ;
#56 = ORIENTED_EDGE ( 'NONE', *, *, #3187, .T. ) ;
#57 = PERSON_AND_ORGANIZATION_ROLE ( 'classification_officer' ) ;
#58 = CARTESIAN_POINT ( 'NONE',  ( -1.732050807568896700, -1.531992060360567500E-014, 0.9375000000000032200 ) ) ;
#59 = EDGE_LOOP ( 'NONE', ( #4945, #1626, #165, #2643 ) ) ;
#60 = AXIS2_PLACEMENT_3D ( 'NONE', #2040, #1285, #1672 ) ;
#61 = CARTESIAN_POINT ( 'NONE',  ( -1.017788105676672700, -0.5876202367904408400, -3.833333333333330400 ) ) ;
#62 = CARTESIAN_POINT ( 'NONE',  ( 0.0000000000000000000, -2.143131898507865300E-016, 1.749999999999997600 ) ) ;
#63 = EDGE_CURVE ( 'NONE', #4124, #3562, #1855, .T. ) ;
#64 = DIRECTION ( 'NONE',  ( 0.0000000000000000000, 0.3420201433256693200, 0.9396926207859082100 ) ) ;
#65 = CARTESIAN_POINT ( 'NONE',  ( -1.520383176458096600, 0.1621629660692757200, 3.406249999999998700 ) ) ;
#66 = VERTEX_POINT ( 'NONE', #1065 ) ;
#67 = DIRECTION ( 'NONE',  ( 0.0000000000000000000, -0.1045284632676538300, 0.9945218953682734000 ) ) ;
#68 = FACE_OUTER_BOUND ( 'NONE', #3325, .T. ) ;
#69 = CARTESIAN_POINT ( 'NONE',  ( 1.357050807568896700, -1.572884261410630300E-014, 1.375000000000002700 ) ) ;
#70 = CARTESIAN_POINT ( 'NONE',  ( 0.1571052013842128000, -1.522428280850913500, 3.406249999999998700 ) ) ;
#71 = ORIENTED_EDGE ( 'NONE', *, *, #1925, .T. ) ;
#72 = ORIENTED_EDGE ( 'NONE', *, *, #701, .T. ) ;
#73 = CARTESIAN_POINT ( 'NONE',  ( 0.1780109122479160100, 1.550969061094564600, 3.690090594014554500 ) ) ;
#74 = CARTESIAN_POINT ( 'NONE',  ( 0.0000000000000000000, 1.527063293868266700, -0.7343749999999967800 ) ) ;
#75 = CARTESIAN_POINT ( 'NONE',  ( 0.0000000000000000000, 1.527063293868266700, -0.7031249999999971100 ) ) ;
#76 = CARTESIAN_POINT ( 'NONE',  ( -0.6785254037844480300, 1.175240473580837500, -3.458333333333330400 ) ) ;
#77 = CYLINDRICAL_SURFACE ( 'NONE', #2754, 0.2916000000000000800 ) ;
#78 = CONICAL_SURFACE ( 'NONE', #251, 1.550799999999997100, 0.3490658503988666700 ) ;
#79 = CARTESIAN_POINT ( 'NONE',  ( -1.504338258009480200, 0.1802249924001190500, 3.406249999999998700 ) ) ;
#80 = CARTESIAN_POINT ( 'NONE',  ( -0.2622035415152644800, -1.036004162901805700, 4.124444084471205600 ) ) ;
#81 = CARTESIAN_POINT ( 'NONE',  ( -0.2270432773633974700, 1.517185021815105300, 3.789916517023745900 ) ) ;
#82 = CARTESIAN_POINT ( 'NONE',  ( 0.1770761412636807900, -1.508695708151069900, 3.406249999999998700 ) ) ;
#83 = CARTESIAN_POINT ( 'NONE',  ( -0.6785254037844487000, -1.175240473580867000, -4.229166666666664300 ) ) ;
#84 = CARTESIAN_POINT ( 'NONE',  ( 1.763300807568898100, -1.552983750924485900E-014, -0.8593749999999967800 ) ) ;
#85 = AXIS2_PLACEMENT_3D ( 'NONE', #559, #1706, #4393 ) ;
#86 = CARTESIAN_POINT ( 'NONE',  ( -0.8816504037844489200, 1.527063293868266400, -0.6614583333333307100 ) ) ;
#87 = EDGE_CURVE ( 'NONE', #247, #972, #1275, .T. ) ;
#88 = CARTESIAN_POINT ( 'NONE',  ( 0.0000000000000000000, 1.500000000000001300, 0.8125000000000035500 ) ) ;
#89 = CARTESIAN_POINT ( 'NONE',  ( 0.2402462345495701400, 1.556630036246273300, 3.972636439135567100 ) ) ;
#90 = CARTESIAN_POINT ( 'NONE',  ( -1.017788105676672700, -0.5876202367904410600, -1.333333333333330400 ) ) ;
#91 = ORIENTED_EDGE ( 'NONE', *, *, #3992, .T. ) ;
#92 = CARTESIAN_POINT ( 'NONE',  ( 0.1867183014945853200, 1.480908766186231700, 3.406249999999998700 ) ) ;
#93 = CARTESIAN_POINT ( 'NONE',  ( -1.495340224802464300, 0.1842696601082949300, 3.406249999999998700 ) ) ;
#94 = CARTESIAN_POINT ( 'NONE',  ( 0.5826306087218270400, -1.384694148928877500, 1.596615340260755900 ) ) ;
#95 = CARTESIAN_POINT ( 'NONE',  ( 0.3212238822001845500, -1.157911315867745900, 0.7615378531459916500 ) ) ;
#96 = CARTESIAN_POINT ( 'NONE',  ( -0.2096185566421598400, 1.578130571919397900, 3.983514249475045500 ) ) ;
#97 = PLANE ( 'NONE',  #2322 ) ;
#98 = CARTESIAN_POINT ( 'NONE',  ( 0.1679132498814315300, -1.542301008750361000, 3.596344926427463400 ) ) ;
#99 = CARTESIAN_POINT ( 'NONE',  ( 0.4999534751593360800, -0.2070875099665583100, 3.406249999999998700 ) ) ;
#100 = CARTESIAN_POINT ( 'NONE',  ( 0.6785254037844491400, 1.175240473580837100, -1.979166666666663900 ) ) ;
#101 = CARTESIAN_POINT ( 'NONE',  ( -0.5670171206495937500, 1.038950252870102200, 4.234880783661077800 ) ) ;
#102 = ORIENTED_EDGE ( 'NONE', *, *, #185, .T. ) ;
#103 = ORIENTED_EDGE ( 'NONE', *, *, #4254, .F. ) ;
#104 = CARTESIAN_POINT ( 'NONE',  ( -1.485788006136500100, 0.1867183014946003600, 3.406249999999998700 ) ) ;
#105 = LINE ( 'NONE', #4792, #1253 ) ;
#106 = CARTESIAN_POINT ( 'NONE',  ( 0.0000000000000000000, 1.500000000000001800, 0.2500000000000026100 ) ) ;
#107 = DIRECTION ( 'NONE',  ( 0.1045058763748857300, -0.02078751127481499200, 0.9943069954385902500 ) ) ;
#108 =( BOUNDED_CURVE ( )  B_SPLINE_CURVE ( 2, ( #518, #910, #3609, #4457, #2152, #2539, #3295 ),
 .UNSPECIFIED., .F., .F. ) 
 B_SPLINE_CURVE_WITH_KNOTS ( ( 3, 2, 2, 3 ),
 ( 0.09999999999999993600, 0.1333333333333333000, 0.1666666666666666600, 0.2000000000000000100 ),
 .UNSPECIFIED. ) 
 CURVE ( )  GEOMETRIC_REPRESENTATION_ITEM ( )  RATIONAL_B_SPLINE_CURVE ( ( 1.000000000000000200, 0.8660254037844386000, 1.000000000000000000, 0.8660254037844387100, 1.000000000000000000, 0.8660254037844384900, 1.000000000000000200 ) ) 
 REPRESENTATION_ITEM ( '' )  );
#109 = CARTESIAN_POINT ( 'NONE',  ( -0.1966617905630063700, -1.489937016748777300, 3.500855978943534700 ) ) ;
#110 = ORIENTED_EDGE ( 'NONE', *, *, #1485, .F. ) ;
#111 = CARTESIAN_POINT ( 'NONE',  ( -1.076040736524340100, 0.8795363152527153600, -4.050820829656228900 ) ) ;
#112 = AXIS2_PLACEMENT_3D ( 'NONE', #1348, #4050, #3623 ) ;
#113 = EDGE_CURVE ( 'NONE', #3825, #4104, #297, .T. ) ;
#114 = DIRECTION ( 'NONE',  ( 0.9188184237650776100, 0.3805870524817694900, 0.1045284632676537900 ) ) ;
#115 = CARTESIAN_POINT ( 'NONE',  ( 0.6785254037844479200, -1.175240473580867700, -0.1458333333333302900 ) ) ;
#116 = ORIENTED_EDGE ( 'NONE', *, *, #4514, .F. ) ;
#117 = AXIS2_PLACEMENT_3D ( 'NONE', #186, #590, #574 ) ;
#118 = ADVANCED_FACE ( 'NONE', ( #3552 ), #3328, .F. ) ;
#119 = B_SPLINE_CURVE_WITH_KNOTS ( 'NONE', 3,
 ( #2398, #2416, #1267, #1578, #51, #2891, #1319, #4787, #2852, #1670, #2483, #3647, #2444 ),
 .UNSPECIFIED., .F., .F.,
 ( 4, 3, 3, 3, 4 ),
 ( 0.0000000000000000000, 1.564682339363620400E-005, 3.129827412196178800E-005, 4.685273646181737700E-005, 6.373692748291932500E-005 ),
 .UNSPECIFIED. ) ;
#120 = ORIENTED_EDGE ( 'NONE', *, *, #4488, .T. ) ;
#121 = EDGE_LOOP ( 'NONE', ( #3904, #472, #2297, #4886, #52, #4665, #354, #3387, #1862, #3792, #3669 ) ) ;
#122 = CARTESIAN_POINT ( 'NONE',  ( 1.017788105676673100, 0.5876202367904103100, -2.083333333333330400 ) ) ;
#123 = CARTESIAN_POINT ( 'NONE',  ( 0.4412438171403622000, 1.334801767934525200, 1.343810604518705900 ) ) ;
#124 = EDGE_CURVE ( 'NONE', #4243, #2892, #2698, .T. ) ;
#125 = CARTESIAN_POINT ( 'NONE',  ( 0.2470292989821714900, -1.534691860997138300, 3.980070810694632800 ) ) ;
#126 = CARTESIAN_POINT ( 'NONE',  ( 1.017788105676673100, 0.5876202367904103100, -1.520833333333330200 ) ) ;
#127 = EDGE_LOOP ( 'NONE', ( #2404, #2821, #2144, #4739 ) ) ;
#128 = CYLINDRICAL_SURFACE ( 'NONE', #4399, 0.2915999999999999700 ) ;
#129 = CARTESIAN_POINT ( 'NONE',  ( -1.836970198721050400E-016, -1.500000000000031800, -1.499999999999997300 ) ) ;
#130 = CARTESIAN_POINT ( 'NONE',  ( -1.378746418373773900, 0.3061282878753474600, -4.028214637467344900 ) ) ;
#131 = LINE ( 'NONE', #1694, #1769 ) ;
#132 = VECTOR ( 'NONE', #1369, 1000.000000000000000 ) ;
#133 = B_SPLINE_CURVE_WITH_KNOTS ( 'NONE', 3,
 ( #3052, #3082, #1157, #3851, #1539, #4184, #1920 ),
 .UNSPECIFIED., .F., .F.,
 ( 4, 3, 4 ),
 ( 4.370558682921689100E-019, 0.0002866636736917456600, 0.0005794830328019657800 ),
 .UNSPECIFIED. ) ;
#134 = CARTESIAN_POINT ( 'NONE',  ( 0.0000000000000000000, 1.500000000000002000, -2.749999999999997800 ) ) ;
#135 = CARTESIAN_POINT ( 'NONE',  ( 1.017788105676673100, 0.5876202367904103100, -1.520833333333330200 ) ) ;
#136 = CARTESIAN_POINT ( 'NONE',  ( -1.041628846480387100, 0.7678325447829627000, 1.013330734228867300 ) ) ;
#137 = VECTOR ( 'NONE', #1231, 1000.000000000000100 ) ;
#138 = DIRECTION ( 'NONE',  ( 0.0000000000000000000, 1.000000000000000000, 1.224646799147353200E-016 ) ) ;
#139 = CARTESIAN_POINT ( 'NONE',  ( 0.0000000000000000000, 1.175240473580837500, -2.499999999999996900 ) ) ;
#140 = DIRECTION ( 'NONE',  ( 0.0000000000000000000, 0.0000000000000000000, 1.000000000000000000 ) ) ;
#141 =( BOUNDED_CURVE ( )  B_SPLINE_CURVE ( 2, ( #4291, #3475, #3138, #2336, #788, #4667, #3859 ),
 .UNSPECIFIED., .F., .F. ) 
 B_SPLINE_CURVE_WITH_KNOTS ( ( 3, 2, 2, 3 ),
 ( 0.2000000000000000100, 0.2333333333333333100, 0.2666666666666667200, 0.2999999999999999900 ),
 .UNSPECIFIED. ) 
 CURVE ( )  GEOMETRIC_REPRESENTATION_ITEM ( )  RATIONAL_B_SPLINE_CURVE ( ( 0.9999999999999997800, 0.8660254037844389300, 1.000000000000000000, 0.8660254037844387100, 1.000000000000000000, 0.8660254037844389300, 0.9999999999999997800 ) ) 
 REPRESENTATION_ITEM ( '' )  );
#142 = CARTESIAN_POINT ( 'NONE',  ( -0.1866037099812643500, 1.484567452862551400, 3.406249999999998700 ) ) ;
#143 = CARTESIAN_POINT ( 'NONE',  ( -0.2754000000000027500, 2.606755004190035800E-015, 4.249999999999998200 ) ) ;
#144 = AXIS2_PLACEMENT_3D ( 'NONE', #4839, #2578, #1000 ) ;
#145 = ORIENTED_EDGE ( 'NONE', *, *, #3678, .F. ) ;
#146 = CARTESIAN_POINT ( 'NONE',  ( 0.0000000000000000000, 1.500000000000002000, -1.749999999999997300 ) ) ;
#147 = CARTESIAN_POINT ( 'NONE',  ( -1.382348290881713100, -0.4336303116825780400, -4.000774674349828300 ) ) ;
#148 = CARTESIAN_POINT ( 'NONE',  ( 0.0000000000000000000, 1.175240473580837300, 0.06250000000000309500 ) ) ;
#149 = CARTESIAN_POINT ( 'NONE',  ( 0.3198321433484612200, 1.223115564687306900, 0.9350197705755868300 ) ) ;
#150 = CARTESIAN_POINT ( 'NONE',  ( 1.619999999999997900, 2.070106209874711500E-015, 4.249999999999998200 ) ) ;
#151 = CARTESIAN_POINT ( 'NONE',  ( 1.270004833840439700, -0.04130463030537718400, -4.176936596113871600 ) ) ;
#152 = EDGE_CURVE ( 'NONE', #578, #4161, #28, .T. ) ;
#153 = PLANE ( 'NONE',  #3034 ) ;
#154 = CARTESIAN_POINT ( 'NONE',  ( 1.017788105676672200, -0.5876202367904418400, -2.104166666666663900 ) ) ;
#155 = CARTESIAN_POINT ( 'NONE',  ( -1.836970198721050400E-016, -1.500000000000031800, -2.999999999999997300 ) ) ;
#156 = CARTESIAN_POINT ( 'NONE',  ( -1.480908766186232100, -0.1867183014945870400, 3.406249999999998700 ) ) ;
#157 = CARTESIAN_POINT ( 'NONE',  ( 0.1662786652472727500, 1.517818597926568100, 3.406249999999998700 ) ) ;
#158 = CARTESIAN_POINT ( 'NONE',  ( -1.020989215107069900, -0.1867183014945874600, 3.406249999999998700 ) ) ;
#159 = CARTESIAN_POINT ( 'NONE',  ( 0.5883555573418841600, 0.4314072894756711400, 4.191913363870521700 ) ) ;
#160 = EDGE_CURVE ( 'NONE', #1799, #4281, #1067, .T. ) ;
#161 = VERTEX_POINT ( 'NONE', #1143 ) ;
#162 = CARTESIAN_POINT ( 'NONE',  ( -0.8694868972659887100, -1.197314375377885900, -3.969440878615637200 ) ) ;
#163 = VERTEX_POINT ( 'NONE', #3090 ) ;
#164 = CARTESIAN_POINT ( 'NONE',  ( -1.357050807568896700, -1.482240784145206500E-014, -3.312499999999996400 ) ) ;
#165 = ORIENTED_EDGE ( 'NONE', *, *, #4940, .F. ) ;
#166 = CARTESIAN_POINT ( 'NONE',  ( 1.222047191635202700, 0.1909659827596635100, 0.8585126749017240000 ) ) ;
#167 = CARTESIAN_POINT ( 'NONE',  ( 0.0000000000000000000, -1.500000000000000000, 4.249999999999998200 ) ) ;
#168 = CARTESIAN_POINT ( 'NONE',  ( 1.247257811406831100, -0.2040841625079320200, -4.183807070811140800 ) ) ;
#169 =( BOUNDED_CURVE ( )  B_SPLINE_CURVE ( 2, ( #1727, #2521, #1010, #994, #3649, #4416, #1746 ),
 .UNSPECIFIED., .F., .T. ) 
 B_SPLINE_CURVE_WITH_KNOTS ( ( 3, 2, 2, 3 ),
 ( 0.0000000000000000000, 0.03333333333333331200, 0.06666666666666662400, 0.09999999999999993600 ),
 .UNSPECIFIED. ) 
 CURVE ( )  GEOMETRIC_REPRESENTATION_ITEM ( )  RATIONAL_B_SPLINE_CURVE ( ( 1.000000000000000000, 0.8660254037844387100, 1.000000000000000000, 0.8660254037844387100, 1.000000000000000000, 0.8660254037844388200, 0.9999999999999998900 ) ) 
 REPRESENTATION_ITEM ( '' )  );
#170 = ORIENTED_EDGE ( 'NONE', *, *, #4482, .F. ) ;
#171 = VERTEX_POINT ( 'NONE', #763 ) ;
#172 = CARTESIAN_POINT ( 'NONE',  ( 0.6785254037844479200, -1.175240473580867700, -2.645833333333330400 ) ) ;
#173 = DIRECTION ( 'NONE',  ( 0.9238795325112872900, -0.3826834323650888400, 2.650213660326531100E-014 ) ) ;
#174 = CARTESIAN_POINT ( 'NONE',  ( -1.439254484199210300E-016, -1.175240473580867700, 1.750000000000002400 ) ) ;
#175 = CARTESIAN_POINT ( 'NONE',  ( -0.8816504037844494800, -1.527063293868296600, 0.4739583333333361500 ) ) ;
#176 = ORIENTED_EDGE ( 'NONE', *, *, #2435, .F. ) ;
#177 = CARTESIAN_POINT ( 'NONE',  ( 0.6785254037844491400, 1.175240473580836800, -0.9791666666666637400 ) ) ;
#178 = CARTESIAN_POINT ( 'NONE',  ( 0.0000000000000000000, 4.487940763634945000E-016, 4.249999999999998200 ) ) ;
#179 = ORIENTED_EDGE ( 'NONE', *, *, #2165, .F. ) ;
#180 = DIRECTION ( 'NONE',  ( -0.0000000000000000000, -1.224646799147353200E-016, 1.000000000000000000 ) ) ;
#181 = AXIS2_PLACEMENT_3D ( 'NONE', #2081, #3233, #227 ) ;
#182 = VECTOR ( 'NONE', #4119, 1000.000000000000000 ) ;
#183 = CARTESIAN_POINT ( 'NONE',  ( -1.836970198721050400E-016, -1.500000000000032000, 2.327646539054817300E-015 ) ) ;
#184 = CARTESIAN_POINT ( 'NONE',  ( -1.836970198721050400E-016, -1.500000000000032000, -0.4999999999999973900 ) ) ;
#185 = EDGE_CURVE ( 'NONE', #1242, #1830, #3297, .T. ) ;
#186 = CARTESIAN_POINT ( 'NONE',  ( 0.0000000000000000000, 2.070106209874711500E-015, 4.249999999999998200 ) ) ;
#187 = CARTESIAN_POINT ( 'NONE',  ( 0.0000000000000000000, 1.590263637062383300, 3.967077405468494100 ) ) ;
#188 = CARTESIAN_POINT ( 'NONE',  ( 0.5181179941836169300, -0.4612119759279513800, 4.198166090358178300 ) ) ;
#189 = ORIENTED_EDGE ( 'NONE', *, *, #497, .T. ) ;
#190 = CC_DESIGN_DATE_AND_TIME_ASSIGNMENT ( #2899, #2763, ( #1888 ) ) ;
#191 = CYLINDRICAL_SURFACE ( 'NONE', #4213, 1.500000000000000400 ) ;
#192 = CARTESIAN_POINT ( 'NONE',  ( -0.8660254037844482600, 1.500000000000002200, -3.208333333333330800 ) ) ;
#193 = CARTESIAN_POINT ( 'NONE',  ( -1.017788105676672700, 0.5876202367904115300, -4.416666666666663400 ) ) ;
#194 = CARTESIAN_POINT ( 'NONE',  ( 0.0000000000000000000, 1.500000000000001800, -0.2499999999999974500 ) ) ;
#195 = CARTESIAN_POINT ( 'NONE',  ( -1.523879528077757100, 0.1470339073983348800, 3.402807630076058100 ) ) ;
#196 = CARTESIAN_POINT ( 'NONE',  ( -0.6785254037844487000, -1.175240473580867700, 1.208333333333335700 ) ) ;
#197 = DIRECTION ( 'NONE',  ( -0.0000000000000000000, -1.224646799147353200E-016, 1.000000000000000000 ) ) ;
#198 = EDGE_CURVE ( 'NONE', #3307, #3177, #1709, .T. ) ;
#199 = CARTESIAN_POINT ( 'NONE',  ( 0.6785254037844491400, 1.175240473580837100, -2.041666666666663900 ) ) ;
#200 = LINE ( 'NONE', #597, #2913 ) ;
#201 = DIRECTION ( 'NONE',  ( 0.0000000000000000000, -0.9967800569107644300, -0.08018427617041551400 ) ) ;
#202 = CARTESIAN_POINT ( 'NONE',  ( 1.357050807568896700, -1.543033495681413800E-014, -1.062499999999997100 ) ) ;
#203 = CARTESIAN_POINT ( 'NONE',  ( 0.8660254037844495900, -1.500000000000029800, 1.041666666666668700 ) ) ;
#204 = B_SPLINE_CURVE_WITH_KNOTS ( 'NONE', 3,
 ( #2008, #3976, #927, #4329 ),
 .UNSPECIFIED., .F., .F.,
 ( 4, 4 ),
 ( 0.0000000000000000000, 0.0002264108095573639300 ),
 .UNSPECIFIED. ) ;
#205 = LINE ( 'NONE', #2033, #1047 ) ;
#206 = CARTESIAN_POINT ( 'NONE',  ( -0.2373482582216078200, -1.212236563421134900, 0.8198046029509068500 ) ) ;
#207 = CARTESIAN_POINT ( 'NONE',  ( -0.2866551442409657800, 0.9254976877526323000, 4.147054690030636000 ) ) ;
#208 = CARTESIAN_POINT ( 'NONE',  ( 0.0000000000000000000, 1.500000000000001800, -0.2499999999999974500 ) ) ;
#209 = PRODUCT_DEFINITION_SHAPE ( 'NONE', 'NONE',  #1888 ) ;
#210 = CARTESIAN_POINT ( 'NONE',  ( 1.523339158636662000, -0.1528188066164969900, 3.406249999999998700 ) ) ;
#211 = CARTESIAN_POINT ( 'NONE',  ( -0.8660254037844489200, -1.500000000000032000, 0.5208333333333365900 ) ) ;
#212 = CARTESIAN_POINT ( 'NONE',  ( 1.524207146240229100, -0.1474052775258448100, 3.406249999999998700 ) ) ;
#213 = CARTESIAN_POINT ( 'NONE',  ( -1.836970198721050400E-016, -1.500000000000031800, -3.437499999999996400 ) ) ;
#214 = CARTESIAN_POINT ( 'NONE',  ( -0.6785254037844487000, -1.175240473580867300, -2.229166666666663400 ) ) ;
#215 = CARTESIAN_POINT ( 'NONE',  ( -1.578130571919393900, 0.2096185566421910300, 3.983514249475045500 ) ) ;
#216 = CARTESIAN_POINT ( 'NONE',  ( -1.017788105676672700, -0.5876202367904412900, -0.3333333333333306500 ) ) ;
#217 = CARTESIAN_POINT ( 'NONE',  ( -1.299038105676672400, -0.7500000000000230900, -1.520833333333329700 ) ) ;
#218 = CARTESIAN_POINT ( 'NONE',  ( 1.564063351765473600, -0.2337791285254888200, 3.970310088470554000 ) ) ;
#219 = DIRECTION ( 'NONE',  ( -0.07992773943613230800, -0.07992773943613278000, 0.9935910189495774600 ) ) ;
#220 = CARTESIAN_POINT ( 'NONE',  ( 0.1867183014945852900, 0.9827792013656191400, 3.406249999999999100 ) ) ;
#221 = AXIS2_PLACEMENT_3D ( 'NONE', #2400, #2022, #1606 ) ;
#222 = CARTESIAN_POINT ( 'NONE',  ( 1.379405416756157100, -0.5927198952785238700, 1.586976087484196500 ) ) ;
#223 = AXIS2_PLACEMENT_3D ( 'NONE', #2436, #114, #4717 ) ;
#224 = CARTESIAN_POINT ( 'NONE',  ( -1.299038105676672400, -0.7500000000000235400, 0.9166666666666689600 ) ) ;
#225 = EDGE_CURVE ( 'NONE', #1611, #3850, #2704, .T. ) ;
#226 = VERTEX_POINT ( 'NONE', #4033 ) ;
#227 = DIRECTION ( 'NONE',  ( 0.0000000000000000000, -0.9945218953682734000, 0.1045284632676529400 ) ) ;
#228 = CARTESIAN_POINT ( 'NONE',  ( 0.6785254037844491400, 1.175240473580837100, -2.979166666666664300 ) ) ;
#229 = CARTESIAN_POINT ( 'NONE',  ( 0.0000000000000000000, 1.489743855638744500E-015, -4.250000000000000000 ) ) ;
#230 = CARTESIAN_POINT ( 'NONE',  ( -0.6785254037844487000, -1.175240473580867500, -0.2916666666666640200 ) ) ;
#231 = CARTESIAN_POINT ( 'NONE',  ( 0.0000000000000000000, 1.550799999999996800, 1.749999999999997800 ) ) ;
#232 = CARTESIAN_POINT ( 'NONE',  ( 0.0000000000000000000, 1.527063293868266700, 0.2656250000000033300 ) ) ;
#233 = CARTESIAN_POINT ( 'NONE',  ( -1.299038105676672400, 0.7499999999999933400, -0.6666666666666643000 ) ) ;
#234 = ORIENTED_EDGE ( 'NONE', *, *, #1667, .T. ) ;
#235 = CARTESIAN_POINT ( 'NONE',  ( -0.8660254037844504800, -1.500000000000028900, 0.02083333333333620800 ) ) ;
#236 = CARTESIAN_POINT ( 'NONE',  ( -1.836970198721050400E-016, -1.500000000000031800, -1.999999999999997800 ) ) ;
#237 = B_SPLINE_CURVE_WITH_KNOTS ( 'NONE', 3,
 ( #885, #188, #3602, #2079 ),
 .UNSPECIFIED., .F., .F.,
 ( 4, 4 ),
 ( 0.0000000000000000000, 0.0002264108095573639600 ),
 .UNSPECIFIED. ) ;
#238 = DIRECTION ( 'NONE',  ( 0.0000000000000000000, -1.000000000000000000, 0.0000000000000000000 ) ) ;
#239 = VERTEX_POINT ( 'NONE', #647 ) ;
#240 = CARTESIAN_POINT ( 'NONE',  ( -0.1510359517258894100, -1.523740898691714300, 3.406249999999998700 ) ) ;
#241 = CARTESIAN_POINT ( 'NONE',  ( -1.017788105676672700, 0.5876202367904114200, -3.854166666666663900 ) ) ;
#242 = VERTEX_POINT ( 'NONE', #4055 ) ;
#243 = CARTESIAN_POINT ( 'NONE',  ( -0.6785254037844482600, 1.175240473580837300, 0.1041666666666697100 ) ) ;
#244 = DIRECTION ( 'NONE',  ( -0.1045058763748856900, -0.02078751127481457200, -0.9943069954385901400 ) ) ;
#245 = CARTESIAN_POINT ( 'NONE',  ( -1.568143934809861400, 0.1979066122514672500, 3.874741344396802400 ) ) ;
#246 = CARTESIAN_POINT ( 'NONE',  ( 0.2754000000000028100, -1.724596862030468600E-015, 4.249999999999998200 ) ) ;
#247 = VERTEX_POINT ( 'NONE', #3724 ) ;
#248 = CARTESIAN_POINT ( 'NONE',  ( -1.439254484199210300E-016, -1.175240473580867700, 0.7500000000000026600 ) ) ;
#249 = CALENDAR_DATE ( 2022, 2, 12 ) ;
#250 = CARTESIAN_POINT ( 'NONE',  ( -1.017788105676672700, 0.5876202367904108700, 0.6458333333333363700 ) ) ;
#251 = AXIS2_PLACEMENT_3D ( 'NONE', #779, #3470, #2753 ) ;
#252 = CARTESIAN_POINT ( 'NONE',  ( 1.480908766186231900, 0.1867183014945862600, 3.406249999999998700 ) ) ;
#253 = ORIENTED_EDGE ( 'NONE', *, *, #953, .T. ) ;
#254 = CARTESIAN_POINT ( 'NONE',  ( 1.537627275276222300, -0.2062073152951292300, 3.591675580152613000 ) ) ;
#255 = VERTEX_POINT ( 'NONE', #3467 ) ;
#256 = CIRCLE ( 'NONE', #2216, 4.608510497053428500 ) ;
#257 = DIRECTION ( 'NONE',  ( 0.0000000000000000000, -0.7071067811865420200, 0.7071067811865531200 ) ) ;
#258 = AXIS2_PLACEMENT_3D ( 'NONE', #4109, #2135, #2558 ) ;
#259 = ORIENTED_EDGE ( 'NONE', *, *, #2907, .F. ) ;
#260 = VECTOR ( 'NONE', #567, 999.9999999999998900 ) ;
#261 = EDGE_CURVE ( 'NONE', #3504, #1799, #169, .T. ) ;
#262 = CARTESIAN_POINT ( 'NONE',  ( -1.357050807568896700, -1.469228911904265700E-014, -4.374999999999997300 ) ) ;
#263 = CARTESIAN_POINT ( 'NONE',  ( -1.836970198721050400E-016, -1.500000000000031800, -1.999999999999997800 ) ) ;
#264 = CARTESIAN_POINT ( 'NONE',  ( 0.0000000000000000000, 6.505213034913026600E-016, 2.720538499609658900 ) ) ;
#265 = CIRCLE ( 'NONE', #2471, 2.963999999999997300 ) ;
#266 = CARTESIAN_POINT ( 'NONE',  ( -0.8816504037844494800, -1.527063293868296900, 0.5052083333333358100 ) ) ;
#267 = EDGE_CURVE ( 'NONE', #3662, #2461, #2588, .T. ) ;
#268 = CARTESIAN_POINT ( 'NONE',  ( 1.017788105676672200, -0.5876202367904420600, -0.1041666666666637600 ) ) ;
#269 = FACE_OUTER_BOUND ( 'NONE', #2015, .T. ) ;
#270 = CARTESIAN_POINT ( 'NONE',  ( -0.4999534751593330300, 0.2070875099665652800, 3.406249999999998700 ) ) ;
#271 = CARTESIAN_POINT ( 'NONE',  ( -1.357050807568896700, -1.481475379895739200E-014, -3.374999999999996900 ) ) ;
#272 = CARTESIAN_POINT ( 'NONE',  ( -0.6785254037844482600, 1.175240473580837300, -2.395833333333330400 ) ) ;
#273 = CARTESIAN_POINT ( 'NONE',  ( -1.544577949440512100, -0.2457639344235000900, 3.976637958131966000 ) ) ;
#274 = EDGE_LOOP ( 'NONE', ( #712, #2043, #3803, #2510 ) ) ;
#275 = CARTESIAN_POINT ( 'NONE',  ( -1.017788105676672700, 0.5876202367904113100, -2.854166666666663900 ) ) ;
#276 =( BOUNDED_CURVE ( )  B_SPLINE_CURVE ( 2, ( #4711, #3179, #3194, #3568, #3582, #1254, #1642, #2038, #2058, #4737, #126, #2816, #3978, #503, #3209, #3224, #911, #3261, #4394, #2153, #929, #202, #993, #177, #3708, #1351, #948, #2520, #2937, #3315, #3296, #971, #615, #2502, #3634, #3240, #4076, #4850, #3648, #2874, #1321, #4808, #2916, #4828, #3688, #2484, #560, #1367, #4032 ),
 .UNSPECIFIED., .F., .F. ) 
 B_SPLINE_CURVE_WITH_KNOTS ( ( 3, 2, 2, 2, 2, 2, 2, 2, 2, 2, 2, 2, 2, 2, 2, 2, 2, 2, 2, 2, 2, 2, 2, 2, 3 ),
 ( 0.2000000000000000100, 0.2333333333333333400, 0.2666666666666666600, 0.2999999999999999900, 0.3333333333333333100, 0.3666666666666666400, 0.4000000000000000200, 0.4333333333333333500, 0.4666666666666666700, 0.5000000000000000000, 0.5333333333333333300, 0.5666666666666666500, 0.5999999999999999800, 0.6333333333333333000, 0.6666666666666666300, 0.6999999999999999600, 0.7333333333333331700, 0.7666666666666666100, 0.8000000000000000400, 0.8333333333333332600, 0.8666666666666667000, 0.8999999999999999100, 0.9333333333333333500, 0.9666666666666665600, 1.000000000000000200 ),
 .UNSPECIFIED. ) 
 CURVE ( )  GEOMETRIC_REPRESENTATION_ITEM ( )  RATIONAL_B_SPLINE_CURVE ( ( 1.000000000000000000, 0.8660254037844387100, 1.000000000000000000, 0.8660254037844387100, 1.000000000000000000, 0.8660254037844387100, 1.000000000000000000, 0.8660254037844387100, 1.000000000000000000, 0.8660254037844387100, 1.000000000000000000, 0.8660254037844387100, 1.000000000000000000, 0.8660254037844387100, 1.000000000000000000, 0.8660254037844387100, 1.000000000000000000, 0.8660254037844387100, 1.000000000000000000, 0.8660254037844387100, 1.000000000000000000, 0.8660254037844387100, 1.000000000000000000, 0.8660254037844387100, 1.000000000000000000, 0.8660254037844387100, 1.000000000000000000, 0.8660254037844387100, 1.000000000000000000, 0.8660254037844387100, 1.000000000000000000, 0.8660254037844387100, 1.000000000000000000, 0.8660254037844387100, 1.000000000000000000, 0.8660254037844387100, 1.000000000000000000, 0.8660254037844387100, 1.000000000000000000, 0.8660254037844387100, 1.000000000000000000, 0.8660254037844387100, 1.000000000000000000, 0.8660254037844387100, 1.000000000000000000, 0.8660254037844387100, 1.000000000000000000, 0.8660254037844387100, 1.000000000000000000 ) ) 
 REPRESENTATION_ITEM ( '' )  );
#277 = DIRECTION ( 'NONE',  ( 0.9238795325112860700, -0.3826834323650913900, 0.0000000000000000000 ) ) ;
#278 = DIRECTION ( 'NONE',  ( 0.02078751127481449600, 0.1045058763748857000, 0.9943069954385902500 ) ) ;
#279 = CARTESIAN_POINT ( 'NONE',  ( -1.836970198721050400E-016, -1.500000000000032000, -0.9999999999999974500 ) ) ;
#280 = CARTESIAN_POINT ( 'NONE',  ( -0.8816504037844489200, 1.527063293868266400, 1.338541666666669200 ) ) ;
#281 = CARTESIAN_POINT ( 'NONE',  ( 1.763300807568898100, -1.589723154898906400E-014, 2.140625000000003100 ) ) ;
#282 = CARTESIAN_POINT ( 'NONE',  ( 1.357050807568896700, -1.530021623440473000E-014, -2.124999999999996900 ) ) ;
#283 = CARTESIAN_POINT ( 'NONE',  ( -1.017788105676672700, 0.5876202367904114200, -3.416666666666663900 ) ) ;
#284 = CARTESIAN_POINT ( 'NONE',  ( 0.6785254037844491400, 1.175240473580837100, -1.979166666666663900 ) ) ;
#285 = EDGE_CURVE ( 'NONE', #1546, #723, #4273, .T. ) ;
#286 = CARTESIAN_POINT ( 'NONE',  ( -1.524207146240230200, -0.1474052775258406500, 3.406249999999998700 ) ) ;
#287 = CARTESIAN_POINT ( 'NONE',  ( 0.0000000000000000000, 1.175240473580837500, -3.499999999999996900 ) ) ;
#288 = ORIENTED_EDGE ( 'NONE', *, *, #437, .T. ) ;
#289 = CARTESIAN_POINT ( 'NONE',  ( -1.322475605676673800, -0.7635316469341554300, -4.036458333333330400 ) ) ;
#290 = EDGE_CURVE ( 'NONE', #972, #4954, #2485, .T. ) ;
#291 = CARTESIAN_POINT ( 'NONE',  ( -1.533209921821065500, 0.1576114318129294400, 3.500855289840901100 ) ) ;
#292 = VERTEX_POINT ( 'NONE', #1336 ) ;
#293 = CARTESIAN_POINT ( 'NONE',  ( -0.8816504037844489200, 1.527063293868266400, -0.6614583333333304800 ) ) ;
#294 = CARTESIAN_POINT ( 'NONE',  ( 0.0000000000000000000, 1.527063293868266400, 2.265625000000003100 ) ) ;
#295 = CARTESIAN_POINT ( 'NONE',  ( 1.017788105676673100, 0.5876202367904103100, -1.583333333333330200 ) ) ;
#296 = ORIENTED_EDGE ( 'NONE', *, *, #3870, .T. ) ;
#297 = CIRCLE ( 'NONE', #2836, 1.531318301494583300 ) ;
#298 =( BOUNDED_SURFACE ( )  B_SPLINE_SURFACE ( 1, 2, ( 
 ( #2944, #622, #1165, #736, #4225, #4941, #3472, #2244, #4191, #370, #1930, #762, #386, #1512, #4206, #3840, #1892, #3824, #4958, #3044, #3424, #4242, #4598, #702, #352, #1545, #1111, #747, #3460, #4583, #1864, #2677, #2296, #3056, #2664, #2630, #3856, #1492, #4988, #324, #3071, #1141, #1525, #2316, #4975, #1906, #2645, #3441, #1126, #1097, #4612, #9, #3025, #3409, #3797, #4174, #335, #4565, #2262, #719, #1876 ),
 ( #2276, #2779, #2335, #3510, #29, #83, #416, #459, #4303, #447, #3927, #3879, #2743, #2758, #432, #3943, #1627, #3168, #851, #1214, #2711, #4664, #400, #3153, #3908, #4321, #4629, #3559, #1595, #785, #44, #3492, #1957, #1240, #2347, #3105, #4289, #1183, #1998, #1564, #4258, #1945, #1196, #4653, #3890, #2727, #802, #3119, #2366, #1583, #4274, #53, #3136, #814, #3527, #1975, #830, #4678, #2375, #3539, #4694 ) ),
 .UNSPECIFIED., .F., .F., .F. ) 
 B_SPLINE_SURFACE_WITH_KNOTS ( ( 2, 2 ),
 ( 3, 2, 2, 2, 2, 2, 2, 2, 2, 2, 2, 2, 2, 2, 2, 2, 2, 2, 2, 2, 2, 2, 2, 2, 2, 2, 2, 2, 2, 2, 3 ),
 ( 0.0000000000000000000, 1.000000000000000000 ),
 ( 0.0000000000000000000, 0.03333333333333333300, 0.06666666666666666600, 0.1000000000000000100, 0.1333333333333333300, 0.1666666666666666600, 0.2000000000000000100, 0.2333333333333333400, 0.2666666666666666600, 0.2999999999999999900, 0.3333333333333333100, 0.3666666666666666400, 0.4000000000000000200, 0.4333333333333333500, 0.4666666666666666700, 0.5000000000000000000, 0.5333333333333333300, 0.5666666666666666500, 0.5999999999999999800, 0.6333333333333333000, 0.6666666666666666300, 0.6999999999999999600, 0.7333333333333332800, 0.7666666666666667200, 0.8000000000000000400, 0.8333333333333333700, 0.8666666666666667000, 0.9000000000000000200, 0.9333333333333333500, 0.9666666666666666700, 1.000000000000000000 ),
 .UNSPECIFIED. ) 
 GEOMETRIC_REPRESENTATION_ITEM ( )  RATIONAL_B_SPLINE_SURFACE ( (
 ( 1.000000000000000000, 0.8660254037844387100, 1.000000000000000000, 0.8660254037844387100, 1.000000000000000000, 0.8660254037844387100, 1.000000000000000000, 0.8660254037844387100, 1.000000000000000000, 0.8660254037844387100, 1.000000000000000000, 0.8660254037844387100, 1.000000000000000000, 0.8660254037844387100, 1.000000000000000000, 0.8660254037844387100, 1.000000000000000000, 0.8660254037844387100, 1.000000000000000000, 0.8660254037844387100, 1.000000000000000000, 0.8660254037844387100, 1.000000000000000000, 0.8660254037844387100, 1.000000000000000000, 0.8660254037844387100, 1.000000000000000000, 0.8660254037844387100, 1.000000000000000000, 0.8660254037844387100, 1.000000000000000000, 0.8660254037844387100, 1.000000000000000000, 0.8660254037844387100, 1.000000000000000000, 0.8660254037844387100, 1.000000000000000000, 0.8660254037844387100, 1.000000000000000000, 0.8660254037844387100, 1.000000000000000000, 0.8660254037844387100, 1.000000000000000000, 0.8660254037844387100, 1.000000000000000000, 0.8660254037844387100, 1.000000000000000000, 0.8660254037844387100, 1.000000000000000000, 0.8660254037844387100, 1.000000000000000000, 0.8660254037844387100, 1.000000000000000000, 0.8660254037844387100, 1.000000000000000000, 0.8660254037844387100, 1.000000000000000000, 0.8660254037844387100, 1.000000000000000000, 0.8660254037844387100, 1.000000000000000000),
 ( 1.000000000000000000, 0.8660254037844387100, 1.000000000000000000, 0.8660254037844387100, 1.000000000000000000, 0.8660254037844387100, 1.000000000000000000, 0.8660254037844387100, 1.000000000000000000, 0.8660254037844387100, 1.000000000000000000, 0.8660254037844387100, 1.000000000000000000, 0.8660254037844387100, 1.000000000000000000, 0.8660254037844387100, 1.000000000000000000, 0.8660254037844387100, 1.000000000000000000, 0.8660254037844387100, 1.000000000000000000, 0.8660254037844387100, 1.000000000000000000, 0.8660254037844387100, 1.000000000000000000, 0.8660254037844387100, 1.000000000000000000, 0.8660254037844387100, 1.000000000000000000, 0.8660254037844387100, 1.000000000000000000, 0.8660254037844387100, 1.000000000000000000, 0.8660254037844387100, 1.000000000000000000, 0.8660254037844387100, 1.000000000000000000, 0.8660254037844387100, 1.000000000000000000, 0.8660254037844387100, 1.000000000000000000, 0.8660254037844387100, 1.000000000000000000, 0.8660254037844387100, 1.000000000000000000, 0.8660254037844387100, 1.000000000000000000, 0.8660254037844387100, 1.000000000000000000, 0.8660254037844387100, 1.000000000000000000, 0.8660254037844387100, 1.000000000000000000, 0.8660254037844387100, 1.000000000000000000, 0.8660254037844387100, 1.000000000000000000, 0.8660254037844387100, 1.000000000000000000, 0.8660254037844387100, 1.000000000000000000) ) ) 
 REPRESENTATION_ITEM ( '' )  SURFACE ( )  );
#299 = CARTESIAN_POINT ( 'NONE',  ( 0.0000000000000000000, 1.175240473580837500, -1.937499999999996900 ) ) ;
#300 = ORIENTED_EDGE ( 'NONE', *, *, #198, .T. ) ;
#301 = CARTESIAN_POINT ( 'NONE',  ( -0.8509634971246145000, -0.8392950801631465800, 0.7567278337241475400 ) ) ;
#302 = APPROVAL_PERSON_ORGANIZATION ( #3189, #2160, #46 ) ;
#303 = CARTESIAN_POINT ( 'NONE',  ( 1.357050807568896700, -1.517775155448999500E-014, -3.124999999999997300 ) ) ;
#304 = CARTESIAN_POINT ( 'NONE',  ( -1.017788105676672700, -0.5876202367904408400, -3.333333333333330400 ) ) ;
#305 = ADVANCED_FACE ( 'NONE', ( #4633 ), #2351, .T. ) ;
#306 = CARTESIAN_POINT ( 'NONE',  ( -1.357050807568896700, -1.524338017865896500E-014, 0.1250000000000028300 ) ) ;
#307 = CARTESIAN_POINT ( 'NONE',  ( 0.0000000000000000000, 1.527063293868267100, -4.203124999999996400 ) ) ;
#308 = ORIENTED_EDGE ( 'NONE', *, *, #1249, .T. ) ;
#309 = VECTOR ( 'NONE', #3842, 1000.000000000000000 ) ;
#310 = CARTESIAN_POINT ( 'NONE',  ( 1.500309455660793200, 0.1821761911992850200, 3.406249999999998700 ) ) ;
#311 = CARTESIAN_POINT ( 'NONE',  ( 1.357050807568896700, -1.548391325427683300E-014, -0.6249999999999971100 ) ) ;
#312 = CARTESIAN_POINT ( 'NONE',  ( 1.763300807568898100, -1.565612921040693000E-014, 0.1718750000000026600 ) ) ;
#313 = EDGE_LOOP ( 'NONE', ( #3030, #2203, #784, #3968 ) ) ;
#314 = CARTESIAN_POINT ( 'NONE',  ( -0.8816504037844494800, -1.527063293868296900, 0.9739583333333364800 ) ) ;
#315 = CARTESIAN_POINT ( 'NONE',  ( -1.525790226333802100, -0.2368692021002867800, 3.883403946070116000 ) ) ;
#316 =( GEOMETRIC_REPRESENTATION_CONTEXT ( 3 ) GLOBAL_UNCERTAINTY_ASSIGNED_CONTEXT ( ( #2895 ) ) GLOBAL_UNIT_ASSIGNED_CONTEXT ( ( #3031, #1148, #1550 ) ) REPRESENTATION_CONTEXT ( 'NONE', 'WORKASPACE' ) );
#317 = CARTESIAN_POINT ( 'NONE',  ( -1.439254484199210300E-016, -1.175240473580867500, -1.687499999999996900 ) ) ;
#318 = VECTOR ( 'NONE', #873, 1000.000000000000100 ) ;
#319 = CARTESIAN_POINT ( 'NONE',  ( -1.561949897604145300, -0.2358143114672206200, 3.970962413964579200 ) ) ;
#320 = EDGE_CURVE ( 'NONE', #4608, #4687, #1586, .T. ) ;
#321 = CARTESIAN_POINT ( 'NONE',  ( 1.357050807568896700, -1.530787027689940300E-014, -2.062499999999996900 ) ) ;
#322 = CARTESIAN_POINT ( 'NONE',  ( 0.0000000000000000000, 1.175240473580837100, 0.5625000000000031100 ) ) ;
#323 = CARTESIAN_POINT ( 'NONE',  ( 0.8816504037844485900, -1.527063293868297300, -4.411458333333330400 ) ) ;
#324 = CARTESIAN_POINT ( 'NONE',  ( -1.763300807568898100, -1.488364018140943200E-014, -2.609374999999997300 ) ) ;
#325 = CARTESIAN_POINT ( 'NONE',  ( -1.154494479548343400, 0.8540669729680010500, 1.426196465509158800 ) ) ;
#326 = CARTESIAN_POINT ( 'NONE',  ( -0.6785254037844487000, -1.175240473580867500, -0.7916666666666638500 ) ) ;
#327 = CARTESIAN_POINT ( 'NONE',  ( 0.0000000000000000000, 1.527063293868266700, -0.2031249999999971400 ) ) ;
#328 = CARTESIAN_POINT ( 'NONE',  ( -1.516811814775606200, -0.2267098366437915700, 3.786744040493382100 ) ) ;
#329 = ADVANCED_FACE ( 'NONE', ( #1435 ), #1557, .T. ) ;
#330 = CARTESIAN_POINT ( 'NONE',  ( 0.6785254037844491400, 1.175240473580837100, -2.041666666666663900 ) ) ;
#331 = CARTESIAN_POINT ( 'NONE',  ( -0.2470292989821610300, 1.534691860997139200, 3.980070810694635000 ) ) ;
#332 = ORIENTED_EDGE ( 'NONE', *, *, #4796, .F. ) ;
#333 = CARTESIAN_POINT ( 'NONE',  ( -1.439254484199210300E-016, -1.175240473580867700, 1.812500000000002700 ) ) ;
#334 = CARTESIAN_POINT ( 'NONE',  ( -0.8816504037844489200, 1.527063293868266700, -3.661458333333330800 ) ) ;
#335 = CARTESIAN_POINT ( 'NONE',  ( 1.322475605676673300, -0.7635316469341566500, -1.901041666666663600 ) ) ;
#336 = CARTESIAN_POINT ( 'NONE',  ( -1.836970198721050400E-016, -1.500000000000031500, -3.499999999999997800 ) ) ;
#337 = DIRECTION ( 'NONE',  ( -0.0000000000000000000, -0.0000000000000000000, -1.000000000000000000 ) ) ;
#338 = CARTESIAN_POINT ( 'NONE',  ( -1.092813464767274700, -0.4323758804164540800, 0.7181586815022255000 ) ) ;
#339 = CARTESIAN_POINT ( 'NONE',  ( -0.8816504037844489200, 1.527063293868266700, -2.161458333333329900 ) ) ;
#340 = ORIENTED_EDGE ( 'NONE', *, *, #761, .T. ) ;
#341 = CARTESIAN_POINT ( 'NONE',  ( -1.036004162901805100, -0.2622035415152667000, 4.124444084471206500 ) ) ;
#342 = CARTESIAN_POINT ( 'NONE',  ( 1.357050807568896700, -1.543033495681413800E-014, -1.062499999999996900 ) ) ;
#343 = EDGE_CURVE ( 'NONE', #3655, #2641, #3907, .T. ) ;
#344 = ORIENTED_EDGE ( 'NONE', *, *, #4150, .T. ) ;
#345 = CARTESIAN_POINT ( 'NONE',  ( 0.0000000000000000000, 1.175240473580837300, 0.06250000000000309500 ) ) ;
#346 = VERTEX_POINT ( 'NONE', #3620 ) ;
#347 = ADVANCED_FACE ( 'NONE', ( #4204 ), #1133, .F. ) ;
#348 = CARTESIAN_POINT ( 'NONE',  ( 1.017788105676673100, 0.5876202367904100900, -0.08333333333333044200 ) ) ;
#349 = FACE_OUTER_BOUND ( 'NONE', #2750, .T. ) ;
#350 = DIRECTION ( 'NONE',  ( 0.0000000000000000000, -1.000000000000000000, 0.0000000000000000000 ) ) ;
#351 = EDGE_CURVE ( 'NONE', #239, #3128, #3020, .T. ) ;
#352 = CARTESIAN_POINT ( 'NONE',  ( 0.0000000000000000000, 1.527063293868266900, -3.234374999999996900 ) ) ;
#353 = CARTESIAN_POINT ( 'NONE',  ( 0.0000000000000000000, 1.500000000000001800, -2.687499999999996400 ) ) ;
#354 = ORIENTED_EDGE ( 'NONE', *, *, #290, .F. ) ;
#355 = CARTESIAN_POINT ( 'NONE',  ( 1.480580224213948300, 0.1863564937325003500, 3.402807629089146700 ) ) ;
#356 = DIRECTION ( 'NONE',  ( 0.0000000000000000000, -0.9945218953682734000, -0.1045284632676529400 ) ) ;
#357 = CARTESIAN_POINT ( 'NONE',  ( 1.322475605676674200, 0.7635316469341247900, -1.786458333333330400 ) ) ;
#358 =( BOUNDED_SURFACE ( )  B_SPLINE_SURFACE ( 3, 2, ( 
 ( #2073, #3597, #2840 ),
 ( #4757, #2469, #2405 ),
 ( #98, #3966, #914 ),
 ( #2858, #547, #2447 ) ),
 .UNSPECIFIED., .F., .F., .F. ) 
 B_SPLINE_SURFACE_WITH_KNOTS ( ( 4, 4 ),
 ( 3, 3 ),
 ( 0.001051995562049038600, 0.001638430371242070300 ),
 ( 0.0000000000000000000, 1.000000000000000000 ),
 .UNSPECIFIED. ) 
 GEOMETRIC_REPRESENTATION_ITEM ( )  RATIONAL_B_SPLINE_SURFACE ( (
 ( 1.000000000000000000, 0.7553668689636107200, 1.000000000000000000),
 ( 1.000000000000000000, 0.7516316305290560200, 1.000000000000000000),
 ( 1.000000000000000000, 0.7477224900206378400, 1.000000000000000000),
 ( 1.000000000000000000, 0.7436119262819681500, 1.000000000000000000) ) ) 
 REPRESENTATION_ITEM ( '' )  SURFACE ( )  );
#359 = EDGE_LOOP ( 'NONE', ( #3494, #2813, #1358, #2968 ) ) ;
#360 = LINE ( 'NONE', #916, #835 ) ;
#361 = CARTESIAN_POINT ( 'NONE',  ( 1.017788105676672200, -0.5876202367904421700, 0.3958333333333362000 ) ) ;
#362 = CARTESIAN_POINT ( 'NONE',  ( -1.017788105676672700, -0.5876202367904410600, -1.833333333333330400 ) ) ;
#363 = VERTEX_POINT ( 'NONE', #4400 ) ;
#364 = PLANE ( 'NONE',  #1981 ) ;
#365 = ORIENTED_EDGE ( 'NONE', *, *, #1469, .F. ) ;
#366 = VERTEX_POINT ( 'NONE', #207 ) ;
#367 = CARTESIAN_POINT ( 'NONE',  ( -0.6785254037844487000, -1.175240473580867700, 0.7708333333333362600 ) ) ;
#368 = DIRECTION ( 'NONE',  ( -0.0000000000000000000, -1.224646799147353200E-016, 1.000000000000000000 ) ) ;
#369 = EDGE_LOOP ( 'NONE', ( #4892, #2626, #709, #1502 ) ) ;
#370 = CARTESIAN_POINT ( 'NONE',  ( 1.763300807568898100, -1.516244346950065600E-014, -3.859374999999996900 ) ) ;
#371 = CARTESIAN_POINT ( 'NONE',  ( 0.0000000000000000000, 1.175240473580837300, -0.4999999999999970000 ) ) ;
#372 = CARTESIAN_POINT ( 'NONE',  ( 0.0000000000000000000, 1.527063293868266900, -2.234374999999996900 ) ) ;
#373 = CARTESIAN_POINT ( 'NONE',  ( 1.357050807568896700, -1.573649665660097300E-014, 1.437500000000003100 ) ) ;
#374 = AXIS2_PLACEMENT_3D ( 'NONE', #638, #603, #4890 ) ;
#375 = CARTESIAN_POINT ( 'NONE',  ( -0.6785254037844482600, 1.175240473580837300, -0.4583333333333305400 ) ) ;
#376 = VECTOR ( 'NONE', #1364, 1000.000000000000100 ) ;
#377 = EDGE_CURVE ( 'NONE', #1830, #1848, #105, .T. ) ;
#378 = ADVANCED_FACE ( 'NONE', ( #3373 ), #933, .T. ) ;
#379 = CARTESIAN_POINT ( 'NONE',  ( 0.0000000000000000000, 6.856313376338447600E-016, 2.316076999219320000 ) ) ;
#380 = AXIS2_PLACEMENT_3D ( 'NONE', #940, #1313, #138 ) ;
#381 = CARTESIAN_POINT ( 'NONE',  ( -1.357050807568896700, -1.506733720128153500E-014, -1.312499999999996900 ) ) ;
#382 = VECTOR ( 'NONE', #244, 1000.000000000000100 ) ;
#383 = EDGE_CURVE ( 'NONE', #4466, #970, #2113, .T. ) ;
#384 = CARTESIAN_POINT ( 'NONE',  ( -1.439254484199210300E-016, -1.175240473580867700, 1.750000000000002400 ) ) ;
#385 = CARTESIAN_POINT ( 'NONE',  ( 1.763300807568898100, -1.522750283070535700E-014, -3.328124999999997300 ) ) ;
#386 = CARTESIAN_POINT ( 'NONE',  ( 0.0000000000000000000, 1.527063293868267100, -3.734374999999996900 ) ) ;
#387 = ORIENTED_EDGE ( 'NONE', *, *, #890, .F. ) ;
#388 = CARTESIAN_POINT ( 'NONE',  ( 1.017788105676673100, 0.5876202367904100900, -0.08333333333333023400 ) ) ;
#389 = CARTESIAN_POINT ( 'NONE',  ( 1.555317683825219400, 0.2265721224584697200, 3.785433777543671100 ) ) ;
#390 = CARTESIAN_POINT ( 'NONE',  ( -1.357050807568896700, -1.543473124102574000E-014, 1.687500000000002700 ) ) ;
#391 = CARTESIAN_POINT ( 'NONE',  ( 0.0000000000000000000, 1.527063293868266900, -2.703124999999997300 ) ) ;
#392 = CARTESIAN_POINT ( 'NONE',  ( -1.017788105676672700, 0.5876202367904113100, -2.916666666666663900 ) ) ;
#393 = CARTESIAN_POINT ( 'NONE',  ( 0.6785254037844479200, -1.175240473580867700, -0.1458333333333302900 ) ) ;
#394 = CARTESIAN_POINT ( 'NONE',  ( -0.1571052013842021700, 1.522428280850913500, 3.406249999999998700 ) ) ;
#395 = CARTESIAN_POINT ( 'NONE',  ( -0.8660254037844472600, 1.500000000000003600, 1.354166666666670100 ) ) ;
#396 = DIRECTION ( 'NONE',  ( 0.0000000000000000000, -1.000000000000000000, 0.0000000000000000000 ) ) ;
#397 = CARTESIAN_POINT ( 'NONE',  ( 0.6785254037844491400, 1.175240473580836400, 0.9583333333333361500 ) ) ;
#398 = CARTESIAN_POINT ( 'NONE',  ( 0.0000000000000000000, 1.175240473580837500, -2.999999999999996900 ) ) ;
#399 = CARTESIAN_POINT ( 'NONE',  ( 0.0000000000000000000, 1.527063293868266900, -2.203124999999997300 ) ) ;
#400 = CARTESIAN_POINT ( 'NONE',  ( 1.017788105676673100, 0.5876202367904105300, -3.520833333333330400 ) ) ;
#401 = ORIENTED_EDGE ( 'NONE', *, *, #2515, .T. ) ;
#402 = CARTESIAN_POINT ( 'NONE',  ( 1.489937016748775800, -0.1966617905630120300, 3.500855978943534700 ) ) ;
#403 = CARTESIAN_POINT ( 'NONE',  ( 0.0000000000000000000, 2.070106209874711500E-015, 3.967077405468494100 ) ) ;
#404 = CARTESIAN_POINT ( 'NONE',  ( -1.357050807568896700, -1.518214783870160100E-014, -0.3749999999999972800 ) ) ;
#405 = VERTEX_POINT ( 'NONE', #1959 ) ;
#406 = CARTESIAN_POINT ( 'NONE',  ( -1.439254484199210300E-016, -1.175240473580867300, -4.249999999999996400 ) ) ;
#407 = CARTESIAN_POINT ( 'NONE',  ( -1.357050807568896700, -1.512091549874423000E-014, -0.8749999999999971100 ) ) ;
#408 = EDGE_CURVE ( 'NONE', #4704, #171, #3940, .T. ) ;
#409 = CARTESIAN_POINT ( 'NONE',  ( 0.0000000000000000000, -0.7099290930832598000, 2.720538499609658900 ) ) ;
#410 = EDGE_LOOP ( 'NONE', ( #478, #4041, #2953, #703 ) ) ;
#411 = DIRECTION ( 'NONE',  ( -0.0000000000000000000, -1.224646799147353200E-016, 1.000000000000000000 ) ) ;
#412 = CARTESIAN_POINT ( 'NONE',  ( -1.017788105676672700, 0.5876202367904107500, 1.083333333333336400 ) ) ;
#413 = CARTESIAN_POINT ( 'NONE',  ( 1.322475605676674200, 0.7635316469341247900, -2.286458333333330400 ) ) ;
#414 = EDGE_LOOP ( 'NONE', ( #3432, #743, #1202, #2973 ) ) ;
#415 = CIRCLE ( 'NONE', #1245, 4.608510497053427600 ) ;
#416 = CARTESIAN_POINT ( 'NONE',  ( -1.439254484199210300E-016, -1.175240473580867300, -4.187499999999996400 ) ) ;
#417 =( BOUNDED_CURVE ( )  B_SPLINE_CURVE ( 3, ( #4434, #2137, #220, #4250 ),
 .UNSPECIFIED., .F., .T. ) 
 B_SPLINE_CURVE_WITH_KNOTS ( ( 4, 4 ),
 ( 2.946332657651815600, 3.336852649527769300 ),
 .UNSPECIFIED. ) 
 CURVE ( )  GEOMETRIC_REPRESENTATION_ITEM ( )  RATIONAL_B_SPLINE_CURVE ( ( 1.000000000000000000, 0.9873315052531757000, 0.9873315052531757000, 1.000000000000000000 ) ) 
 REPRESENTATION_ITEM ( '' )  );
#418 = CARTESIAN_POINT ( 'NONE',  ( 0.6785254037844491400, 1.175240473580836800, -0.04166666666666380600 ) ) ;
#419 = CARTESIAN_POINT ( 'NONE',  ( 0.0000000000000000000, 1.527063293868266700, 0.2656250000000032800 ) ) ;
#420 = EDGE_LOOP ( 'NONE', ( #1973, #4356, #4948, #2717 ) ) ;
#421 = VECTOR ( 'NONE', #4862, 1000.000000000000100 ) ;
#422 = ORIENTED_EDGE ( 'NONE', *, *, #4284, .F. ) ;
#423 = CARTESIAN_POINT ( 'NONE',  ( 0.0000000000000000000, 1.175240473580837700, -3.999999999999996400 ) ) ;
#424 = CARTESIAN_POINT ( 'NONE',  ( 1.357050807568896700, -1.548391325427683300E-014, -0.6249999999999971100 ) ) ;
#425 = VECTOR ( 'NONE', #522, 999.9999999999998900 ) ;
#426 = CARTESIAN_POINT ( 'NONE',  ( 0.0000000000000000000, 4.487940763634945000E-016, 4.249999999999998200 ) ) ;
#427 = CARTESIAN_POINT ( 'NONE',  ( -1.535008919663076500, -0.2473912189711514600, 3.983514249373000900 ) ) ;
#428 = DIRECTION ( 'NONE',  ( 0.07992773943613237800, -0.07992773943613269700, 0.9935910189495773500 ) ) ;
#429 = CYLINDRICAL_SURFACE ( 'NONE', #435, 1.500000000000000400 ) ;
#430 = DIRECTION ( 'NONE',  ( -0.9238795325112860700, 0.3826834323650913900, 0.0000000000000000000 ) ) ;
#431 = CARTESIAN_POINT ( 'NONE',  ( -1.500309455660793900, -0.1821761911992857400, 3.406249999999998700 ) ) ;
#432 = CARTESIAN_POINT ( 'NONE',  ( -1.017788105676672700, 0.5876202367904114200, -3.854166666666663900 ) ) ;
#433 = VECTOR ( 'NONE', #1787, 1000.000000000000000 ) ;
#434 = CARTESIAN_POINT ( 'NONE',  ( 0.8816504037844498100, 1.527063293868266400, -0.7760416666666635200 ) ) ;
#435 = AXIS2_PLACEMENT_3D ( 'NONE', #2179, #2159, #3372 ) ;
#436 = CARTESIAN_POINT ( 'NONE',  ( -0.8816504037844494800, -1.527063293868296600, -0.4947916666666637400 ) ) ;
#437 = EDGE_CURVE ( 'NONE', #4816, #2238, #2486, .T. ) ;
#438 = CARTESIAN_POINT ( 'NONE',  ( -1.439254484199210300E-016, -1.175240473580867500, -3.249999999999996900 ) ) ;
#439 = CC_DESIGN_PERSON_AND_ORGANIZATION_ASSIGNMENT ( #2655, #1980, ( #2509 ) ) ;
#440 = CARTESIAN_POINT ( 'NONE',  ( 0.6785254037844491400, 1.175240473580836800, -1.041666666666663900 ) ) ;
#441 = DIRECTION ( 'NONE',  ( 0.0000000000000000000, -0.9945218953682734000, 0.1045284632676529400 ) ) ;
#442 = PLANE ( 'NONE',  #2212 ) ;
#443 = EDGE_CURVE ( 'NONE', #3073, #1483, #3264, .T. ) ;
#444 =( BOUNDED_CURVE ( )  B_SPLINE_CURVE ( 3, ( #4859, #532, #2927, #4023 ),
 .UNSPECIFIED., .F., .T. ) 
 B_SPLINE_CURVE_WITH_KNOTS ( ( 4, 4 ),
 ( 2.751161613710444900, 3.532023693469144900 ),
 .UNSPECIFIED. ) 
 CURVE ( )  GEOMETRIC_REPRESENTATION_ITEM ( )  RATIONAL_B_SPLINE_CURVE ( ( 1.000000000000000000, 0.9498300650479265500, 0.9498300650479265500, 1.000000000000000000 ) ) 
 REPRESENTATION_ITEM ( '' )  );
#445 = CARTESIAN_POINT ( 'NONE',  ( -0.6785254037844487000, -1.175240473580867700, 1.708333333333336100 ) ) ;
#446 = CARTESIAN_POINT ( 'NONE',  ( 0.1659638459673615800, -1.518332637784021800, 3.406249999999998700 ) ) ;
#447 = CARTESIAN_POINT ( 'NONE',  ( 1.357050807568896700, -1.506294091706992900E-014, -4.062499999999996400 ) ) ;
#448 = CARTESIAN_POINT ( 'NONE',  ( 1.357050807568896700, -1.554514559423420000E-014, -0.1249999999999970700 ) ) ;
#449 = CARTESIAN_POINT ( 'NONE',  ( -1.763300807568898100, -1.512856954123890300E-014, -0.6093749999999968900 ) ) ;
#450 = CARTESIAN_POINT ( 'NONE',  ( -1.299038105676672400, -0.7500000000000229800, -3.020833333333329900 ) ) ;
#451 = EDGE_CURVE ( 'NONE', #4644, #3746, #2243, .T. ) ;
#452 = CARTESIAN_POINT ( 'NONE',  ( -0.6785254037844480300, 1.175240473580837100, 0.6041666666666697400 ) ) ;
#453 = CARTESIAN_POINT ( 'NONE',  ( -1.439254484199210300E-016, -1.175240473580867700, -1.249999999999996900 ) ) ;
#454 = ORIENTED_EDGE ( 'NONE', *, *, #2773, .F. ) ;
#455 = CARTESIAN_POINT ( 'NONE',  ( -1.499053591008000500, -0.2066980835378324800, 3.596344928075366500 ) ) ;
#456 = EDGE_LOOP ( 'NONE', ( #2325, #1603, #3680, #12 ) ) ;
#457 = CARTESIAN_POINT ( 'NONE',  ( 0.1470339072918486200, 1.523879527983821100, 3.402807629089146700 ) ) ;
#458 = CARTESIAN_POINT ( 'NONE',  ( 0.1866037099812747900, -1.484567452862551000, 3.406249999999998700 ) ) ;
#459 = CARTESIAN_POINT ( 'NONE',  ( 0.6785254037844479200, -1.175240473580867500, -4.145833333333330400 ) ) ;
#460 = DIRECTION ( 'NONE',  ( 0.0000000000000000000, -0.9967800569107644300, -0.08018427617041558300 ) ) ;
#461 = VERTEX_POINT ( 'NONE', #4552 ) ;
#462 = CARTESIAN_POINT ( 'NONE',  ( -0.6785254037844487000, -1.175240473580867300, -2.229166666666663400 ) ) ;
#463 = ORIENTED_EDGE ( 'NONE', *, *, #2417, .T. ) ;
#464 = CARTESIAN_POINT ( 'NONE',  ( 1.732050807568896500, -1.533848644687808600E-014, -2.374999999999997300 ) ) ;
#465 = PERSON ( 'UNSPECIFIED', 'UNSPECIFIED', 'UNSPECIFIED', ('UNSPECIFIED'), ('UNSPECIFIED'), ('UNSPECIFIED') ) ;
#466 = ORIENTED_EDGE ( 'NONE', *, *, #1643, .T. ) ;
#467 = CARTESIAN_POINT ( 'NONE',  ( 1.552342565972939500, -0.2424234256958982300, 3.974050065620837700 ) ) ;
#468 = CARTESIAN_POINT ( 'NONE',  ( 0.6785254037844479200, -1.175240473580867700, -0.2083333333333303200 ) ) ;
#469 = EDGE_CURVE ( 'NONE', #4331, #3124, #487, .T. ) ;
#470 = CARTESIAN_POINT ( 'NONE',  ( -0.1821761911992695600, 1.500309455660795200, 3.406249999999998700 ) ) ;
#471 = CARTESIAN_POINT ( 'NONE',  ( -0.5251542044367962800, -0.3682059365705838100, 3.406249999999998700 ) ) ;
#472 = ORIENTED_EDGE ( 'NONE', *, *, #3903, .T. ) ;
#473 = CARTESIAN_POINT ( 'NONE',  ( 0.8454866920094593600, -1.239012612379305300, 1.610428147091792700 ) ) ;
#474 = ORGANIZATION ( 'UNSPECIFIED', 'UNSPECIFIED', '' ) ;
#475 =( BOUNDED_CURVE ( )  B_SPLINE_CURVE ( 2, ( #3122, #807, #4670, #58, #2746, #2826, #1663 ),
 .UNSPECIFIED., .F., .F. ) 
 B_SPLINE_CURVE_WITH_KNOTS ( ( 3, 2, 2, 3 ),
 ( 0.3000000000000000400, 0.3333333333333333700, 0.3666666666666667000, 0.4000000000000000200 ),
 .UNSPECIFIED. ) 
 CURVE ( )  GEOMETRIC_REPRESENTATION_ITEM ( )  RATIONAL_B_SPLINE_CURVE ( ( 1.000000000000000000, 0.8660254037844387100, 1.000000000000000000, 0.8660254037844387100, 1.000000000000000000, 0.8660254037844387100, 1.000000000000000000 ) ) 
 REPRESENTATION_ITEM ( '' )  );
#476 = DIRECTION ( 'NONE',  ( 8.759593272591333100E-016, 0.9945218953682734000, 0.1045284632676539600 ) ) ;
#477 = ORIENTED_EDGE ( 'NONE', *, *, #1344, .T. ) ;
#478 = ORIENTED_EDGE ( 'NONE', *, *, #3963, .F. ) ;
#479 = LINE ( 'NONE', #4384, #4045 ) ;
#480 = DIRECTION ( 'NONE',  ( -0.0000000000000000000, -1.224646799147353200E-016, 1.000000000000000000 ) ) ;
#481 = CARTESIAN_POINT ( 'NONE',  ( 1.017788105676672200, -0.5876202367904417300, -2.104166666666663400 ) ) ;
#482 = CARTESIAN_POINT ( 'NONE',  ( 1.322475605676673300, -0.7635316469341567600, -0.8697916666666638500 ) ) ;
#483 = ORIENTED_EDGE ( 'NONE', *, *, #3067, .F. ) ;
#484 = FACE_OUTER_BOUND ( 'NONE', #4183, .T. ) ;
#485 = CARTESIAN_POINT ( 'NONE',  ( 0.2372923498678557200, 1.560644815424483400, 3.971354974855262100 ) ) ;
#486 = DIRECTION ( 'NONE',  ( 0.0000000000000000000, -0.9945218953682734000, -0.1045284632676529400 ) ) ;
#487 = LINE ( 'NONE', #2617, #4840 ) ;
#488 = FACE_OUTER_BOUND ( 'NONE', #3469, .T. ) ;
#489 = CARTESIAN_POINT ( 'NONE',  ( -1.020989215107067400, 0.1867183014945955600, 3.406249999999998700 ) ) ;
#490 = CARTESIAN_POINT ( 'NONE',  ( -1.517818597926566600, 0.1662786652472878800, 3.406249999999998700 ) ) ;
#491 = CARTESIAN_POINT ( 'NONE',  ( -1.836970198721050400E-016, -1.500000000000031800, -1.937499999999996200 ) ) ;
#492 = CARTESIAN_POINT ( 'NONE',  ( -0.8519915355136992200, -1.157346771819243200, 1.406133596396769800 ) ) ;
#493 = CARTESIAN_POINT ( 'NONE',  ( 0.2267097614933555300, 1.516811748361102100, 3.786743325484761800 ) ) ;
#494 = CARTESIAN_POINT ( 'NONE',  ( -1.017788105676672700, 0.5876202367904112000, -1.354166666666663600 ) ) ;
#495 = DIRECTION ( 'NONE',  ( -0.02078751127481432600, 0.1045058763748859000, -0.9943069954385901400 ) ) ;
#496 = ORIENTED_EDGE ( 'NONE', *, *, #1699, .F. ) ;
#497 = EDGE_CURVE ( 'NONE', #163, #38, #599, .T. ) ;
#498 = CARTESIAN_POINT ( 'NONE',  ( 0.2424234256958909300, 1.552342565972943300, 3.974050065620837700 ) ) ;
#499 = CARTESIAN_POINT ( 'NONE',  ( -2.151871130004137800E-015, -0.2069258640381782300, -0.3390240561570310200 ) ) ;
#500 = ORIENTED_EDGE ( 'NONE', *, *, #2624, .T. ) ;
#501 = CARTESIAN_POINT ( 'NONE',  ( -0.1857697912670945000, 1.491192056489763600, 3.406249999999998700 ) ) ;
#502 = CARTESIAN_POINT ( 'NONE',  ( -0.4999534751593369100, -0.2070875099665580900, 3.406249999999998700 ) ) ;
#503 = CARTESIAN_POINT ( 'NONE',  ( -0.6785254037844480300, 1.175240473580837500, -1.395833333333330200 ) ) ;
#504 = EDGE_CURVE ( 'NONE', #4219, #2880, #444, .T. ) ;
#505 = CARTESIAN_POINT ( 'NONE',  ( -1.836970198721050400E-016, -1.500000000000032000, -0.4374999999999966100 ) ) ;
#506 = CARTESIAN_POINT ( 'NONE',  ( 0.2066980920887497900, 1.499053598773188600, 3.596345009431927600 ) ) ;
#507 = CARTESIAN_POINT ( 'NONE',  ( -1.229156756197674400, -0.7726505411117946500, -3.988637275249344000 ) ) ;
#508 = DIRECTION ( 'NONE',  ( -0.07992773943613182300, 0.07992773943613305800, 0.9935910189495774600 ) ) ;
#509 = CARTESIAN_POINT ( 'NONE',  ( 1.017788105676673100, 0.5876202367904102000, -0.5208333333333303700 ) ) ;
#510 = CARTESIAN_POINT ( 'NONE',  ( 1.499946631447520300, -0.1826575322082432400, 3.406249999999998700 ) ) ;
#511 = CARTESIAN_POINT ( 'NONE',  ( 1.078731878418716100, 0.7291586712434553500, -4.145399957451488100 ) ) ;
#512 = ORIENTED_EDGE ( 'NONE', *, *, #4368, .F. ) ;
#513 = CARTESIAN_POINT ( 'NONE',  ( -1.555317687559806700, 0.2265721268285519900, 3.785433819121443800 ) ) ;
#514 = CARTESIAN_POINT ( 'NONE',  ( 0.0000000000000000000, 5.755657082366097000E-016, 3.214831068342491000 ) ) ;
#515 = CARTESIAN_POINT ( 'NONE',  ( 1.197489531002498400, 0.7203977205829434900, 1.296755321246885200 ) ) ;
#516 = CARTESIAN_POINT ( 'NONE',  ( 0.1510359517258801600, 1.523740898691715800, 3.406249999999998700 ) ) ;
#517 = ORIENTED_EDGE ( 'NONE', *, *, #1121, .T. ) ;
#518 = CARTESIAN_POINT ( 'NONE',  ( -1.836970198721050400E-016, -1.500000000000032000, -0.4374999999999966100 ) ) ;
#519 = CARTESIAN_POINT ( 'NONE',  ( 0.7201645196196379000, -1.321504831364988000, 1.603560682161306600 ) ) ;
#520 = DIRECTION ( 'NONE',  ( 0.9238795325112864100, 0.3826834323650905600, -0.0000000000000000000 ) ) ;
#521 = ORIENTED_EDGE ( 'NONE', *, *, #3251, .T. ) ;
#522 = DIRECTION ( 'NONE',  ( 0.0000000000000000000, -0.1045284632676539600, 0.9945218953682734000 ) ) ;
#523 = AXIS2_PLACEMENT_3D ( 'NONE', #1395, #4438, #3320 ) ;
#524 = EDGE_CURVE ( 'NONE', #3743, #3382, #3817, .T. ) ;
#525 = CARTESIAN_POINT ( 'NONE',  ( -0.6785254037844487000, -1.175240473580867500, -0.7291666666666638500 ) ) ;
#526 = ORIENTED_EDGE ( 'NONE', *, *, #2087, .T. ) ;
#527 = CARTESIAN_POINT ( 'NONE',  ( 0.8660254037844479200, -1.500000000000032900, 1.104166666666669800 ) ) ;
#528 = FACE_OUTER_BOUND ( 'NONE', #369, .T. ) ;
#529 = CARTESIAN_POINT ( 'NONE',  ( -0.8597871306992016500, 0.9491916743549931900, 1.000046049000742800 ) ) ;
#530 = CARTESIAN_POINT ( 'NONE',  ( 0.2470292989821714900, -1.534691860997138300, 3.980070810694632800 ) ) ;
#531 = VERTEX_POINT ( 'NONE', #3305 ) ;
#532 = CARTESIAN_POINT ( 'NONE',  ( -0.3980426312549972300, 0.4531220514732920400, 3.406249999999998700 ) ) ;
#533 = ORIENTED_EDGE ( 'NONE', *, *, #2574, .F. ) ;
#534 = CARTESIAN_POINT ( 'NONE',  ( 0.8660254037844489200, 1.500000000000001100, -0.2916666666666643000 ) ) ;
#535 = DIRECTION ( 'NONE',  ( -1.776356839400250500E-015, -1.000000000000000000, 0.0000000000000000000 ) ) ;
#536 = EDGE_LOOP ( 'NONE', ( #4264, #4373, #2236, #2637 ) ) ;
#537 = DIRECTION ( 'NONE',  ( -0.0000000000000000000, -1.224646799147353200E-016, 1.000000000000000000 ) ) ;
#538 = CARTESIAN_POINT ( 'NONE',  ( 1.836970198721030400E-016, 1.500000000000000900, 4.249999999999998200 ) ) ;
#539 = EDGE_CURVE ( 'NONE', #3313, #3655, #4559, .T. ) ;
#540 = CARTESIAN_POINT ( 'NONE',  ( -0.1843326785565769800, 1.495966003080825700, 3.406249999999998700 ) ) ;
#541 =( BOUNDED_SURFACE ( )  B_SPLINE_SURFACE ( 3, 2, ( 
 ( #96, #3981, #2795 ),
 ( #4775, #3182, #81 ),
 ( #2139, #4461, #4397 ),
 ( #3299, #2155, #949 ) ),
 .UNSPECIFIED., .F., .F., .T. ) 
 B_SPLINE_SURFACE_WITH_KNOTS ( ( 4, 4 ),
 ( 3, 3 ),
 ( 0.001033242954321074200, 0.001619677831743910600 ),
 ( 0.0000000000000000000, 1.000000000000000000 ),
 .UNSPECIFIED. ) 
 GEOMETRIC_REPRESENTATION_ITEM ( )  RATIONAL_B_SPLINE_SURFACE ( (
 ( 1.000000000000000000, 0.7553668689655793600, 1.000000000000000000),
 ( 1.000000000000000000, 0.7516316303512861100, 1.000000000000000000),
 ( 1.000000000000000000, 0.7477224903184167500, 1.000000000000000000),
 ( 1.000000000000000000, 0.7436119262774212300, 1.000000000000000000) ) ) 
 REPRESENTATION_ITEM ( '' )  SURFACE ( )  );
#542 = CARTESIAN_POINT ( 'NONE',  ( -0.9827792013656199100, -0.1867183014945874000, 3.406249999999998700 ) ) ;
#543 = CARTESIAN_POINT ( 'NONE',  ( 0.0000000000000000000, 2.911062155725037100, 3.214831068342491000 ) ) ;
#544 = ORIENTED_EDGE ( 'NONE', *, *, #2476, .T. ) ;
#545 = LINE ( 'NONE', #1300, #842 ) ;
#546 = CARTESIAN_POINT ( 'NONE',  ( 0.7540073917954206500, -0.9484141107713819400, 0.7891756195021539800 ) ) ;
#547 = CARTESIAN_POINT ( 'NONE',  ( 0.1859679960993940200, -1.519732609499132400, 3.399111321018217800 ) ) ;
#548 = FACE_OUTER_BOUND ( 'NONE', #2875, .T. ) ;
#549 = CARTESIAN_POINT ( 'NONE',  ( 0.0000000000000000000, 1.175240473580837500, -3.437499999999996900 ) ) ;
#550 = CARTESIAN_POINT ( 'NONE',  ( -1.534691860997133800, 0.2470292989821912800, 3.980070810694635000 ) ) ;
#551 = CARTESIAN_POINT ( 'NONE',  ( -0.1709231710256233800, -1.332422385124036400, 1.150012434213938800 ) ) ;
#552 = CARTESIAN_POINT ( 'NONE',  ( -1.732050807568896500, -1.482240784145206500E-014, -3.124999999999997300 ) ) ;
#553 = FACE_OUTER_BOUND ( 'NONE', #127, .T. ) ;
#554 = CARTESIAN_POINT ( 'NONE',  ( 1.357050807568896700, -1.505528687457526000E-014, -4.124999999999996400 ) ) ;
#555 = CARTESIAN_POINT ( 'NONE',  ( 0.0000000000000000000, 1.175240473580837500, -2.937499999999996900 ) ) ;
#556 = CARTESIAN_POINT ( 'NONE',  ( 1.357050807568896700, -1.560637793419156800E-014, 0.3750000000000028900 ) ) ;
#557 = CARTESIAN_POINT ( 'NONE',  ( 0.1867183014945836300, -0.9827792013656196900, 3.406249999999998700 ) ) ;
#558 = CARTESIAN_POINT ( 'NONE',  ( -1.870113174931205300E-016, -1.527063293868297100, 0.5156250000000030000 ) ) ;
#559 = CARTESIAN_POINT ( 'NONE',  ( 0.0000000000000000000, 5.755657082366097000E-016, 3.214831068342491000 ) ) ;
#560 = CARTESIAN_POINT ( 'NONE',  ( 1.017788105676673100, 0.5876202367904100900, -0.02083333333333017200 ) ) ;
#561 = AXIS2_PLACEMENT_3D ( 'NONE', #4415, #2854, #2112 ) ;
#562 = ORIENTED_EDGE ( 'NONE', *, *, #1635, .T. ) ;
#563 = CARTESIAN_POINT ( 'NONE',  ( -0.1879607210212002900, -1.559594178744791800, 3.782412223762201500 ) ) ;
#564 = AXIS2_PLACEMENT_3D ( 'NONE', #2651, #4603, #356 ) ;
#565 = CARTESIAN_POINT ( 'NONE',  ( -1.836970198721050400E-016, -1.500000000000031500, -3.937499999999996400 ) ) ;
#566 = CARTESIAN_POINT ( 'NONE',  ( 0.0000000000000000000, 1.175240473580837700, -3.937499999999996400 ) ) ;
#567 = DIRECTION ( 'NONE',  ( 0.1045284632676537100, 0.0000000000000000000, 0.9945218953682734000 ) ) ;
#568 = EDGE_CURVE ( 'NONE', #4024, #658, #637, .T. ) ;
#569 = CARTESIAN_POINT ( 'NONE',  ( 0.2066061694804664800, -1.498883546685037000, 3.595470424235173800 ) ) ;
#570 = PRODUCT ( '92000A116_Passivated 18-8 Stainless Steel Pan Head Phillips Screws', '92000A116_Passivated 18-8 Stainless Steel Pan Head Phillips Screws', '', ( #3477 ) ) ;
#571 = CARTESIAN_POINT ( 'NONE',  ( 0.0000000000000000000, 1.500000000000001800, -3.687499999999996400 ) ) ;
#572 = CARTESIAN_POINT ( 'NONE',  ( -1.017788105676672700, -0.5876202367904408400, -3.270833333333330400 ) ) ;
#573 = CARTESIAN_POINT ( 'NONE',  ( -1.017788105676672700, -0.5876202367904414000, 0.6666666666666692900 ) ) ;
#574 = DIRECTION ( 'NONE',  ( 1.000000000000000000, 0.0000000000000000000, 0.0000000000000000000 ) ) ;
#575 = CARTESIAN_POINT ( 'NONE',  ( -1.299038105676672400, 0.7499999999999931200, 1.333333333333335700 ) ) ;
#576 = DIRECTION ( 'NONE',  ( 0.0000000000000000000, -1.000000000000000000, 0.0000000000000000000 ) ) ;
#577 = B_SPLINE_CURVE_WITH_KNOTS ( 'NONE', 3,
 ( #3591, #2834, #874, #3938, #2035, #1280, #1668, #4357, #2443, #3993 ),
 .UNSPECIFIED., .F., .F.,
 ( 4, 2, 2, 2, 4 ),
 ( 2.727918165477391900E-016, 0.0002803807501193102000, 0.0005607615002383476100, 0.0008411422503573851200, 0.001121523000476422900 ),
 .UNSPECIFIED. ) ;
#578 = VERTEX_POINT ( 'NONE', #4448 ) ;
#579 = CARTESIAN_POINT ( 'NONE',  ( 0.0000000000000000000, -2.287307525620818200, 2.437499999999998200 ) ) ;
#580 = CARTESIAN_POINT ( 'NONE',  ( 1.732050807568896500, -1.516244346950065000E-014, -3.812499999999996000 ) ) ;
#581 = ORIENTED_EDGE ( 'NONE', *, *, #469, .F. ) ;
#582 = DIRECTION ( 'NONE',  ( 0.9945218953682734000, 0.0000000000000000000, 0.1045284632676529400 ) ) ;
#583 = CARTESIAN_POINT ( 'NONE',  ( -1.299038105676672400, 0.7499999999999937800, -3.166666666666663900 ) ) ;
#584 = ORIENTED_EDGE ( 'NONE', *, *, #1886, .T. ) ;
#585 = EDGE_LOOP ( 'NONE', ( #2301, #2412, #2162, #1734, #1589, #526, #1686, #1854, #4994, #4136, #3795, #521, #4553, #3739, #3486, #2766, #1323, #4318, #1262, #463, #1487, #584, #3331, #3616 ) ) ;
#586 = CARTESIAN_POINT ( 'NONE',  ( -1.439254484199210300E-016, -1.175240473580867500, -2.187499999999997300 ) ) ;
#587 = CARTESIAN_POINT ( 'NONE',  ( -0.2069258640381782500, 2.583859507573067700E-015, -0.3390240561570312400 ) ) ;
#588 = CARTESIAN_POINT ( 'NONE',  ( 1.357050807568896700, -1.566761027414893200E-014, 0.8750000000000028900 ) ) ;
#589 = CARTESIAN_POINT ( 'NONE',  ( 0.4314072894756694200, -0.5883555573418863800, 4.191913363870519900 ) ) ;
#590 = DIRECTION ( 'NONE',  ( 0.0000000000000000000, 0.0000000000000000000, 1.000000000000000000 ) ) ;
#591 = AXIS2_PLACEMENT_3D ( 'NONE', #4734, #888, #1278 ) ;
#592 = ORIENTED_EDGE ( 'NONE', *, *, #2871, .T. ) ;
#593 = CARTESIAN_POINT ( 'NONE',  ( -0.2087934338140690100, 0.9100100306033882500, 3.406249999999998700 ) ) ;
#594 = CARTESIAN_POINT ( 'NONE',  ( 0.8660254037844479200, -1.500000000000032400, -1.958333333333331000 ) ) ;
#595 = CARTESIAN_POINT ( 'NONE',  ( -0.8660254037844461500, -1.500000000000035700, -0.9791666666666629700 ) ) ;
#596 = VERTEX_POINT ( 'NONE', #2819 ) ;
#597 = CARTESIAN_POINT ( 'NONE',  ( -0.9279710683664137400, -0.2990896682797081200, 4.265361283549925300 ) ) ;
#598 = LINE ( 'NONE', #4009, #4214 ) ;
#599 =( BOUNDED_CURVE ( )  B_SPLINE_CURVE ( 2, ( #4140, #1416, #905, #1683, #1291 ),
 .UNSPECIFIED., .F., .T. ) 
 B_SPLINE_CURVE_WITH_KNOTS ( ( 3, 2, 3 ),
 ( 0.7000000000000001800, 0.7333333333333333900, 0.7445194911122968700 ),
 .UNSPECIFIED. ) 
 CURVE ( )  GEOMETRIC_REPRESENTATION_ITEM ( )  RATIONAL_B_SPLINE_CURVE ( ( 0.9999999999999991100, 0.8660254037844396000, 1.000000000000000000, 0.9550401708507940700, 0.9402560062562839200 ) ) 
 REPRESENTATION_ITEM ( '' )  );
#600 = EDGE_CURVE ( 'NONE', #658, #4644, #131, .T. ) ;
#601 = CARTESIAN_POINT ( 'NONE',  ( 0.0000000000000000000, 1.175240473580837700, -4.437499999999997300 ) ) ;
#602 = ORIENTED_EDGE ( 'NONE', *, *, #2871, .F. ) ;
#603 = DIRECTION ( 'NONE',  ( -0.0000000000000000000, -1.224646799147353200E-016, 1.000000000000000000 ) ) ;
#604 = ORIENTED_EDGE ( 'NONE', *, *, #1891, .F. ) ;
#605 = FACE_OUTER_BOUND ( 'NONE', #2696, .T. ) ;
#606 = CARTESIAN_POINT ( 'NONE',  ( 1.299038105676672900, 0.7499999999999923400, -3.270833333333329500 ) ) ;
#607 = CARTESIAN_POINT ( 'NONE',  ( 0.6785254037844479200, -1.175240473580867500, -3.645833333333330400 ) ) ;
#608 = DIRECTION ( 'NONE',  ( -0.9188184237650777200, -0.3805870524817695500, -0.1045284632676537900 ) ) ;
#609 = CARTESIAN_POINT ( 'NONE',  ( 0.0000000000000000000, 1.175240473580837100, 0.5000000000000030000 ) ) ;
#610 = EDGE_CURVE ( 'NONE', #1752, #799, #3699, .T. ) ;
#611 = DIRECTION ( 'NONE',  ( -0.0000000000000000000, -1.224646799147353200E-016, 1.000000000000000000 ) ) ;
#612 = FACE_OUTER_BOUND ( 'NONE', #4437, .T. ) ;
#613 = CARTESIAN_POINT ( 'NONE',  ( 0.0000000000000000000, 2.070106209874711500E-015, 3.967077405468494100 ) ) ;
#614 = CARTESIAN_POINT ( 'NONE',  ( -1.299038105676672700, -0.7500000000000234300, -0.02083333333333015100 ) ) ;
#615 = CARTESIAN_POINT ( 'NONE',  ( 1.017788105676672200, -0.5876202367904419500, -0.6041666666666636300 ) ) ;
#616 = B_SPLINE_CURVE_WITH_KNOTS ( 'NONE', 3,
 ( #92, #909, #862, #3581, #3567, #3949, #2851, #1250, #3960, #157, #4348, #2429, #3608, #516, #2056, #1295 ),
 .UNSPECIFIED., .F., .F.,
 ( 4, 3, 3, 3, 3, 4 ),
 ( 0.0000000000000000000, 1.463771985081043500E-005, 2.928091597100466300E-005, 4.384937606648161900E-005, 5.839566969081283400E-005, 6.381151625595476400E-005 ),
 .UNSPECIFIED. ) ;
#617 = CYLINDRICAL_SURFACE ( 'NONE', #3770, 0.2916000000000001400 ) ;
#618 = FACE_OUTER_BOUND ( 'NONE', #1426, .T. ) ;
#619 = DIRECTION ( 'NONE',  ( 0.0000000000000000000, -1.000000000000000000, -1.224646799147353200E-016 ) ) ;
#620 = CARTESIAN_POINT ( 'NONE',  ( 0.6785254037844491400, 1.175240473580837300, -3.979166666666663900 ) ) ;
#621 = CARTESIAN_POINT ( 'NONE',  ( -1.836970198721050600E-016, -1.500000000000032200, 0.06250000000000310900 ) ) ;
#622 = CARTESIAN_POINT ( 'NONE',  ( -0.8816504037844489200, 1.527063293868266900, -4.192708333333330400 ) ) ;
#623 = DIRECTION ( 'NONE',  ( 0.0000000000000000000, 0.0000000000000000000, 1.000000000000000000 ) ) ;
#624 = CARTESIAN_POINT ( 'NONE',  ( -1.092813464767274700, -0.4323758804164540800, 0.7181586815022255000 ) ) ;
#625 = CARTESIAN_POINT ( 'NONE',  ( 1.017788105676673100, 0.5876202367904098700, 0.9166666666666695200 ) ) ;
#626 = CARTESIAN_POINT ( 'NONE',  ( -1.322475605676673800, -0.7635316469341559800, 0.9322916666666696300 ) ) ;
#627 = ORIENTED_EDGE ( 'NONE', *, *, #3713, .F. ) ;
#628 = CARTESIAN_POINT ( 'NONE',  ( 0.4347626794466366600, -0.5917109473128536700, 4.233624606597339300 ) ) ;
#629 = CARTESIAN_POINT ( 'NONE',  ( -1.732050807568896700, -1.519745592369094000E-014, -0.06249999999999668300 ) ) ;
#630 = ADVANCED_FACE ( 'NONE', ( #4175 ), #3338, .T. ) ;
#631 = CARTESIAN_POINT ( 'NONE',  ( 0.0000000000000000000, 1.500000000000001800, -2.187499999999996400 ) ) ;
#632 = AXIS2_PLACEMENT_3D ( 'NONE', #680, #4867, #1437 ) ;
#633 = CARTESIAN_POINT ( 'NONE',  ( -1.564063351765471800, 0.2337791285254985600, 3.970310088470554900 ) ) ;
#634 = EDGE_CURVE ( 'NONE', #1684, #2300, #3914, .T. ) ;
#635 = CARTESIAN_POINT ( 'NONE',  ( -0.1780109122479160400, -1.550969061094565000, 3.690090594014554100 ) ) ;
#636 = CARTESIAN_POINT ( 'NONE',  ( -1.017788105676672700, 0.5876202367904113100, -2.354166666666663900 ) ) ;
#637 =( BOUNDED_CURVE ( )  B_SPLINE_CURVE ( 3, ( #3274, #3234, #4004, #2128 ),
 .UNSPECIFIED., .F., .T. ) 
 B_SPLINE_CURVE_WITH_KNOTS ( ( 4, 4 ),
 ( 2.751161613710442700, 3.532023693469144000 ),
 .UNSPECIFIED. ) 
 CURVE ( )  GEOMETRIC_REPRESENTATION_ITEM ( )  RATIONAL_B_SPLINE_CURVE ( ( 1.000000000000000000, 0.9498300650479265500, 0.9498300650479265500, 1.000000000000000000 ) ) 
 REPRESENTATION_ITEM ( '' )  );
#638 = CARTESIAN_POINT ( 'NONE',  ( 0.0000000000000000000, 6.856313376338447600E-016, 2.316076999219320000 ) ) ;
#639 = CARTESIAN_POINT ( 'NONE',  ( 0.0000000000000000000, 1.500000000000001300, 0.3125000000000035500 ) ) ;
#640 = EDGE_CURVE ( 'NONE', #2185, #242, #3650, .T. ) ;
#641 = CARTESIAN_POINT ( 'NONE',  ( -0.9978205399679966900, -0.2631248712943674000, 4.133209951772098400 ) ) ;
#642 = CARTESIAN_POINT ( 'NONE',  ( -0.8816504037844494800, -1.527063293868296600, 0.005208333333335687100 ) ) ;
#643 = CARTESIAN_POINT ( 'NONE',  ( -0.6785254037844482600, 1.175240473580837100, 0.6041666666666697400 ) ) ;
#644 = CARTESIAN_POINT ( 'NONE',  ( -0.6785254037844487000, -1.175240473580867300, -2.291666666666663900 ) ) ;
#645 = ORIENTED_EDGE ( 'NONE', *, *, #1473, .F. ) ;
#646 = CARTESIAN_POINT ( 'NONE',  ( 1.572796539073740000, -0.2470295586577220500, 3.980073281342364900 ) ) ;
#647 = CARTESIAN_POINT ( 'NONE',  ( -1.836970198721050400E-016, -1.500000000000032000, 2.327646539054817300E-015 ) ) ;
#648 = EDGE_LOOP ( 'NONE', ( #4751, #4202, #1562, #1311 ) ) ;
#649 = CARTESIAN_POINT ( 'NONE',  ( 0.0000000000000000000, 1.175240473580837100, 0.5000000000000030000 ) ) ;
#650 = CARTESIAN_POINT ( 'NONE',  ( -0.6785254037844487000, -1.175240473580867300, -3.291666666666663400 ) ) ;
#651 = VERTEX_POINT ( 'NONE', #4286 ) ;
#652 = ADVANCED_FACE ( 'NONE', ( #731 ), #3766, .T. ) ;
#653 = CARTESIAN_POINT ( 'NONE',  ( -1.017788105676672700, 0.5876202367904113100, -2.416666666666663900 ) ) ;
#654 = CARTESIAN_POINT ( 'NONE',  ( -0.9609782536090909500, -0.2712414087855106200, 4.140750377164774700 ) ) ;
#655 = DIRECTION ( 'NONE',  ( 0.1045058763748857300, -0.02078751127481500200, 0.9943069954385901400 ) ) ;
#656 = CARTESIAN_POINT ( 'NONE',  ( 0.0000000000000000000, 1.187500000000006200, -4.249999999999999100 ) ) ;
#657 = CARTESIAN_POINT ( 'NONE',  ( -0.8781929652596193200, -0.7941438866653730600, -4.249999999999998200 ) ) ;
#658 = VERTEX_POINT ( 'NONE', #1561 ) ;
#659 = CARTESIAN_POINT ( 'NONE',  ( -0.8816504037844494800, -1.527063293868296900, 1.505208333333335700 ) ) ;
#660 = CALENDAR_DATE ( 2022, 2, 12 ) ;
#661 = CARTESIAN_POINT ( 'NONE',  ( -1.357050807568896700, -1.518980188119627000E-014, -0.3124999999999970600 ) ) ;
#662 = CARTESIAN_POINT ( 'NONE',  ( 1.357050807568896700, -1.536144857436209800E-014, -1.624999999999997100 ) ) ;
#663 = ORIENTED_EDGE ( 'NONE', *, *, #3580, .T. ) ;
#664 = ORIENTED_EDGE ( 'NONE', *, *, #4605, .T. ) ;
#665 = ORIENTED_EDGE ( 'NONE', *, *, #3123, .F. ) ;
#666 = VECTOR ( 'NONE', #2348, 999.9999999999998900 ) ;
#667 = CARTESIAN_POINT ( 'NONE',  ( -1.575981320763140300, 0.2127095426802586600, 3.967077405468492300 ) ) ;
#668 = CARTESIAN_POINT ( 'NONE',  ( 0.6785254037844491400, 1.175240473580836400, 0.4583333333333363100 ) ) ;
#669 = VERTEX_POINT ( 'NONE', #4987 ) ;
#670 = EDGE_CURVE ( 'NONE', #4608, #2158, #4056, .T. ) ;
#671 = CARTESIAN_POINT ( 'NONE',  ( -1.017788105676672700, -0.5876202367904407300, -4.333333333333330400 ) ) ;
#672 = CARTESIAN_POINT ( 'NONE',  ( -1.322475605676673500, 0.7635316469341264500, -4.619791666666663400 ) ) ;
#673 = CARTESIAN_POINT ( 'NONE',  ( 1.491192056489761800, 0.1857697912671098000, 3.406249999999998700 ) ) ;
#674 = DIRECTION ( 'NONE',  ( 1.000000000000000000, 0.0000000000000000000, 0.0000000000000000000 ) ) ;
#675 = CARTESIAN_POINT ( 'NONE',  ( -0.8660254037844478100, -1.500000000000032900, -3.541666666666663900 ) ) ;
#676 = CARTESIAN_POINT ( 'NONE',  ( -0.8816504037844489200, 1.527063293868266400, 0.3385416666666694600 ) ) ;
#677 = CARTESIAN_POINT ( 'NONE',  ( 0.8816504037844485900, -1.527063293868297800, 1.057291666666669600 ) ) ;
#678 = CARTESIAN_POINT ( 'NONE',  ( -1.017788105676672700, 0.5876202367904113100, -2.416666666666663900 ) ) ;
#679 = ADVANCED_FACE ( 'NONE', ( #2136 ), #3545, .F. ) ;
#680 = CARTESIAN_POINT ( 'NONE',  ( 2.590581099512336200E-015, -5.499639599344713400E-016, 4.249999999999998200 ) ) ;
#681 = CARTESIAN_POINT ( 'NONE',  ( -0.6785254037844480300, 1.175240473580837500, 0.04166666666666967600 ) ) ;
#682 = ORIENTED_EDGE ( 'NONE', *, *, #1386, .F. ) ;
#683 = CARTESIAN_POINT ( 'NONE',  ( 1.017788105676673100, 0.5876202367904104200, -3.020833333333330400 ) ) ;
#684 = CARTESIAN_POINT ( 'NONE',  ( -0.6785254037844482600, 1.175240473580837100, 1.104166666666669600 ) ) ;
#685 = CARTESIAN_POINT ( 'NONE',  ( 0.6785254037844491400, 1.175240473580837100, -2.541666666666663900 ) ) ;
#686 = CARTESIAN_POINT ( 'NONE',  ( -1.559594178744789300, 0.1879607210212161100, 3.782412223762202000 ) ) ;
#687 = CARTESIAN_POINT ( 'NONE',  ( 1.644585589577184900E-016, 0.1867183014945875700, 3.406249999999998700 ) ) ;
#688 = CARTESIAN_POINT ( 'NONE',  ( -0.1889392476239262200, -1.482824163085693500, 1.563237923009455100 ) ) ;
#689 = CARTESIAN_POINT ( 'NONE',  ( 0.0000000000000000000, 1.527063293868266400, 1.296875000000002900 ) ) ;
#690 = CARTESIAN_POINT ( 'NONE',  ( 1.763300807568898100, -1.583599920903170000E-014, 1.640625000000003100 ) ) ;
#691 = CARTESIAN_POINT ( 'NONE',  ( -1.017788105676672700, 0.5876202367904112000, -1.916666666666663900 ) ) ;
#692 = ORIENTED_EDGE ( 'NONE', *, *, #4972, .T. ) ;
#693 = EDGE_CURVE ( 'NONE', #2224, #1799, #1399, .T. ) ;
#694 =( BOUNDED_CURVE ( )  B_SPLINE_CURVE ( 3, ( #895, #2071, #3596, #1270 ),
 .UNSPECIFIED., .F., .F. ) 
 B_SPLINE_CURVE_WITH_KNOTS ( ( 4, 4 ),
 ( 2.946332657651818300, 3.336852649527768400 ),
 .UNSPECIFIED. ) 
 CURVE ( )  GEOMETRIC_REPRESENTATION_ITEM ( )  RATIONAL_B_SPLINE_CURVE ( ( 1.000000000000000000, 0.9873315052531760300, 0.9873315052531760300, 1.000000000000000000 ) ) 
 REPRESENTATION_ITEM ( '' )  );
#695 = CARTESIAN_POINT ( 'NONE',  ( -0.6785254037844487000, -1.175240473580867500, 0.2083333333333358700 ) ) ;
#696 = CARTESIAN_POINT ( 'NONE',  ( -1.439254484199210300E-016, -1.175240473580867500, -2.187499999999997300 ) ) ;
#697 = ORIENTED_EDGE ( 'NONE', *, *, #1055, .T. ) ;
#698 = ADVANCED_FACE ( 'NONE', ( #2796 ), #4965, .T. ) ;
#699 = CARTESIAN_POINT ( 'NONE',  ( 1.017788105676672200, -0.5876202367904422900, 0.8958333333333361500 ) ) ;
#700 = CARTESIAN_POINT ( 'NONE',  ( 1.763300807568898100, -1.516627049074798600E-014, -3.828124999999996900 ) ) ;
#701 = EDGE_CURVE ( 'NONE', #3306, #2600, #3692, .T. ) ;
#702 = CARTESIAN_POINT ( 'NONE',  ( 0.8816504037844498100, 1.527063293868266400, -3.276041666666663900 ) ) ;
#703 = ORIENTED_EDGE ( 'NONE', *, *, #4514, .T. ) ;
#704 = CARTESIAN_POINT ( 'NONE',  ( 0.0000000000000000000, 1.500000000000001300, -1.187499999999996200 ) ) ;
#705 = CARTESIAN_POINT ( 'NONE',  ( 0.0000000000000000000, -2.143131898507865300E-016, 1.749999999999997600 ) ) ;
#706 = CARTESIAN_POINT ( 'NONE',  ( -1.322475605676673800, -0.7635316469341557600, -0.5364583333333308200 ) ) ;
#707 = CARTESIAN_POINT ( 'NONE',  ( 0.8660254037844491400, 1.500000000000001100, 0.7708333333333368100 ) ) ;
#708 = CARTESIAN_POINT ( 'NONE',  ( 1.017788105676672200, -0.5876202367904419500, -1.166666666666663600 ) ) ;
#709 = ORIENTED_EDGE ( 'NONE', *, *, #3479, .T. ) ;
#710 = ORIENTED_EDGE ( 'NONE', *, *, #4061, .T. ) ;
#711 = CARTESIAN_POINT ( 'NONE',  ( 0.0000000000000000000, 1.175240473580837500, -1.999999999999997100 ) ) ;
#712 = ORIENTED_EDGE ( 'NONE', *, *, #2020, .F. ) ;
#713 = DIRECTION ( 'NONE',  ( 0.0000000000000000000, -1.000000000000000000, 0.0000000000000000000 ) ) ;
#714 = COORDINATED_UNIVERSAL_TIME_OFFSET ( 6, 0, .BEHIND. ) ;
#715 = EDGE_CURVE ( 'NONE', #2359, #405, #4460, .T. ) ;
#716 = CARTESIAN_POINT ( 'NONE',  ( -1.017788105676672700, -0.5876202367904415100, 1.229166666666669400 ) ) ;
#717 = CARTESIAN_POINT ( 'NONE',  ( -0.6785254037844487000, -1.175240473580867300, -2.291666666666663900 ) ) ;
#718 = ORIENTED_EDGE ( 'NONE', *, *, #1276, .T. ) ;
#719 = CARTESIAN_POINT ( 'NONE',  ( 0.8816504037844498100, 1.527063293868266400, -1.776041666666663600 ) ) ;
#720 = ORIENTED_EDGE ( 'NONE', *, *, #3104, .F. ) ;
#721 = CARTESIAN_POINT ( 'NONE',  ( 2.590581099512336200E-015, -1.531318301494584400, 3.406249999999998700 ) ) ;
#722 = ORIENTED_EDGE ( 'NONE', *, *, #113, .T. ) ;
#723 = VERTEX_POINT ( 'NONE', #2797 ) ;
#724 = CARTESIAN_POINT ( 'NONE',  ( -1.035680818496413000, -0.5767764539687316700, 0.7181586815023489600 ) ) ;
#725 = VECTOR ( 'NONE', #4475, 1000.000000000000000 ) ;
#726 = CARTESIAN_POINT ( 'NONE',  ( 1.357050807568896700, -1.554514559423420000E-014, -0.1249999999999970700 ) ) ;
#727 = ADVANCED_FACE ( 'NONE', ( #4715 ), #97, .T. ) ;
#728 = DIRECTION ( 'NONE',  ( -0.07992773943613232200, -0.07992773943613278000, 0.9935910189495773500 ) ) ;
#729 = CARTESIAN_POINT ( 'NONE',  ( -0.6785254037844487000, -1.175240473580867500, -0.2291666666666635500 ) ) ;
#730 = LINE ( 'NONE', #3697, #4712 ) ;
#731 = FACE_OUTER_BOUND ( 'NONE', #3242, .T. ) ;
#732 = EDGE_CURVE ( 'NONE', #1613, #2468, #2122, .T. ) ;
#733 = CIRCLE ( 'NONE', #561, 4.610772840853451600 ) ;
#734 = CARTESIAN_POINT ( 'NONE',  ( -1.017788105676672700, 0.5876202367904108700, 0.08333333333333618800 ) ) ;
#735 = CARTESIAN_POINT ( 'NONE',  ( 0.0000000000000000000, 1.527063293868266900, -2.703124999999997300 ) ) ;
#736 = CARTESIAN_POINT ( 'NONE',  ( -1.763300807568898100, -1.469994316153733000E-014, -4.109374999999997300 ) ) ;
#737 = CARTESIAN_POINT ( 'NONE',  ( 1.299038105676672200, -0.7500000000000242000, -1.354166666666663000 ) ) ;
#738 = CARTESIAN_POINT ( 'NONE',  ( -1.017788105676672700, -0.5876202367904410600, -1.333333333333330400 ) ) ;
#739 = CARTESIAN_POINT ( 'NONE',  ( -0.6785254037844487000, -1.175240473580867700, 0.7708333333333362600 ) ) ;
#740 = CARTESIAN_POINT ( 'NONE',  ( 0.0000000000000000000, 1.175240473580837300, 3.035766082959412400E-015 ) ) ;
#741 = CARTESIAN_POINT ( 'NONE',  ( 1.523879528077757700, -0.1470339073983251700, 3.402807630076058100 ) ) ;
#742 = CARTESIAN_POINT ( 'NONE',  ( 1.017788105676673100, 0.5876202367904102000, -1.020833333333330400 ) ) ;
#743 = ORIENTED_EDGE ( 'NONE', *, *, #4445, .T. ) ;
#744 = ADVANCED_FACE ( 'NONE', ( #4479 ), #4849, .T. ) ;
#745 = CARTESIAN_POINT ( 'NONE',  ( -1.017788105676672700, 0.5876202367904107500, 1.645833333333336400 ) ) ;
#746 = DIRECTION ( 'NONE',  ( -0.0000000000000000000, -1.224646799147353200E-016, 1.000000000000000000 ) ) ;
#747 = CARTESIAN_POINT ( 'NONE',  ( -1.763300807568898100, -1.482240784145206500E-014, -3.109374999999996900 ) ) ;
#748 = CARTESIAN_POINT ( 'NONE',  ( -1.017788105676672700, -0.5876202367904410600, -1.833333333333330400 ) ) ;
#749 = CARTESIAN_POINT ( 'NONE',  ( -1.870113174931205300E-016, -1.527063293868297100, -1.453124999999997100 ) ) ;
#750 = DESIGN_CONTEXT ( 'detailed design', #4307, 'design' ) ;
#751 = CARTESIAN_POINT ( 'NONE',  ( 1.480580224308149200, -0.1863564938362335700, 3.402807630076058100 ) ) ;
#752 = CARTESIAN_POINT ( 'NONE',  ( -0.6785254037844482600, 1.175240473580837300, -0.3958333333333304800 ) ) ;
#753 = EDGE_CURVE ( 'NONE', #1242, #2770, #4345, .T. ) ;
#754 = VERTEX_POINT ( 'NONE', #4686 ) ;
#755 = CARTESIAN_POINT ( 'NONE',  ( 0.0000000000000000000, 4.487940763634945000E-016, 4.249999999999998200 ) ) ;
#756 = ORIENTED_EDGE ( 'NONE', *, *, #2827, .T. ) ;
#757 = CARTESIAN_POINT ( 'NONE',  ( 0.2712414087855070700, -0.9609782536090911700, 4.140750377164774700 ) ) ;
#758 = ORIENTED_EDGE ( 'NONE', *, *, #4738, .F. ) ;
#759 = CARTESIAN_POINT ( 'NONE',  ( 0.0000000000000000000, -1.500000000000000000, 4.249999999999998200 ) ) ;
#760 = CARTESIAN_POINT ( 'NONE',  ( -0.2265721268284725500, -1.555317687559917100, 3.785433819121447400 ) ) ;
#761 = EDGE_CURVE ( 'NONE', #4572, #2461, #265, .T. ) ;
#762 = CARTESIAN_POINT ( 'NONE',  ( 0.8816504037844498100, 1.527063293868266400, -3.776041666666663900 ) ) ;
#763 = CARTESIAN_POINT ( 'NONE',  ( 1.480908766186230800, -0.1867183014945909800, 3.406249999999998700 ) ) ;
#764 = CARTESIAN_POINT ( 'NONE',  ( 0.0000000000000000000, 6.505213034913026600E-016, 2.720538499609658900 ) ) ;
#765 = VERTEX_POINT ( 'NONE', #20 ) ;
#766 = CARTESIAN_POINT ( 'NONE',  ( 1.499053598773171000, 0.2066980920887511200, 3.596345009431931100 ) ) ;
#767 = ORIENTED_EDGE ( 'NONE', *, *, #4574, .T. ) ;
#768 = CARTESIAN_POINT ( 'NONE',  ( 0.0000000000000000000, 1.527063293868266700, -1.203124999999997100 ) ) ;
#769 = ADVANCED_FACE ( 'NONE', ( #1638 ), #1646, .T. ) ;
#770 = ORIENTED_EDGE ( 'NONE', *, *, #3488, .F. ) ;
#771 = CARTESIAN_POINT ( 'NONE',  ( 1.542129073831890500, 0.1678132330522522900, 3.595469040531504400 ) ) ;
#772 = CYLINDRICAL_SURFACE ( 'NONE', #564, 0.2915999999999999700 ) ;
#773 = CARTESIAN_POINT ( 'NONE',  ( 0.6785254037844491400, 1.175240473580837100, -3.541666666666663900 ) ) ;
#774 = CARTESIAN_POINT ( 'NONE',  ( 1.357050807568896700, -1.530021623440473000E-014, -2.124999999999996900 ) ) ;
#775 = ORIENTED_EDGE ( 'NONE', *, *, #3878, .F. ) ;
#776 = CARTESIAN_POINT ( 'NONE',  ( -0.2127095426802426700, -1.575981320763143200, 3.967077405468491400 ) ) ;
#777 = EDGE_LOOP ( 'NONE', ( #3106, #91, #2603, #3689 ) ) ;
#778 = ORIENTED_EDGE ( 'NONE', *, *, #2980, .T. ) ;
#779 = CARTESIAN_POINT ( 'NONE',  ( 0.0000000000000000000, -2.143131898507865300E-016, 1.749999999999997600 ) ) ;
#780 = LINE ( 'NONE', #2183, #421 ) ;
#781 = DIRECTION ( 'NONE',  ( 0.0000000000000000000, 0.0000000000000000000, 1.000000000000000000 ) ) ;
#782 = CARTESIAN_POINT ( 'NONE',  ( -1.439254484199210300E-016, -1.175240473580867500, -2.749999999999997300 ) ) ;
#783 = CARTESIAN_POINT ( 'NONE',  ( -0.2473912189818747400, -1.535008919672471200, 3.983514249475043700 ) ) ;
#784 = ORIENTED_EDGE ( 'NONE', *, *, #3043, .T. ) ;
#785 = CARTESIAN_POINT ( 'NONE',  ( -0.6785254037844487000, -1.175240473580867300, -3.229166666666664300 ) ) ;
#786 = FACE_OUTER_BOUND ( 'NONE', #3595, .T. ) ;
#787 =( BOUNDED_CURVE ( )  B_SPLINE_CURVE ( 2, ( #2164, #2514, #217, #2078, #1680, #1716, #2451 ),
 .UNSPECIFIED., .F., .T. ) 
 B_SPLINE_CURVE_WITH_KNOTS ( ( 3, 2, 2, 3 ),
 ( 0.4999999999999998300, 0.5333333333333332100, 0.5666666666666666500, 0.6000000000000000900 ),
 .UNSPECIFIED. ) 
 CURVE ( )  GEOMETRIC_REPRESENTATION_ITEM ( )  RATIONAL_B_SPLINE_CURVE ( ( 1.000000000000000900, 0.8660254037844381500, 1.000000000000000000, 0.8660254037844387100, 1.000000000000000000, 0.8660254037844382600, 1.000000000000000400 ) ) 
 REPRESENTATION_ITEM ( '' )  );
#788 = CARTESIAN_POINT ( 'NONE',  ( 1.299038105676672200, -0.7500000000000239800, -2.854166666666663000 ) ) ;
#789 = CARTESIAN_POINT ( 'NONE',  ( -1.439254484199210300E-016, -1.175240473580867500, -1.687499999999996900 ) ) ;
#790 = CARTESIAN_POINT ( 'NONE',  ( 0.8816504037844498100, 1.527063293868266400, -0.7447916666666639700 ) ) ;
#791 = VECTOR ( 'NONE', #2093, 1000.000000000000100 ) ;
#792 = EDGE_CURVE ( 'NONE', #4467, #4572, #992, .T. ) ;
#793 = CARTESIAN_POINT ( 'NONE',  ( -1.092813464767274700, -0.4323758804164540800, 0.7181586815022255000 ) ) ;
#794 = CARTESIAN_POINT ( 'NONE',  ( -0.6785254037844482600, 1.175240473580837300, -1.458333333333330400 ) ) ;
#795 = CYLINDRICAL_SURFACE ( 'NONE', #144, 1.500000000000000400 ) ;
#796 = CARTESIAN_POINT ( 'NONE',  ( -2.975360223268521400E-011, 1.333913811434464200, 1.154110094324621000 ) ) ;
#797 = CARTESIAN_POINT ( 'NONE',  ( -0.2078487863861467100, -1.576622122564784300, 3.967077405468491400 ) ) ;
#798 = CARTESIAN_POINT ( 'NONE',  ( -0.2438702740433570700, 1.549187076721471000, 3.975097646223971500 ) ) ;
#799 = VERTEX_POINT ( 'NONE', #3114 ) ;
#800 = EDGE_CURVE ( 'NONE', #66, #4490, #4417, .T. ) ;
#801 = CARTESIAN_POINT ( 'NONE',  ( -0.8816504037844489200, 1.527063293868266700, -2.661458333333330800 ) ) ;
#802 = CARTESIAN_POINT ( 'NONE',  ( 1.017788105676673100, 0.5876202367904104200, -2.520833333333330800 ) ) ;
#803 = ORIENTED_EDGE ( 'NONE', *, *, #568, .F. ) ;
#804 = DIRECTION ( 'NONE',  ( -0.0000000000000000000, -1.224646799147353200E-016, 1.000000000000000000 ) ) ;
#805 = CARTESIAN_POINT ( 'NONE',  ( -1.322475605676673800, -0.7635316469341558700, -0.5677083333333302600 ) ) ;
#806 = APPLICATION_CONTEXT ( 'configuration controlled 3d designs of mechanical parts and assemblies' ) ;
#807 = CARTESIAN_POINT ( 'NONE',  ( -0.8660254037844489200, -1.500000000000032000, 1.020833333333336400 ) ) ;
#808 = CARTESIAN_POINT ( 'NONE',  ( 0.8660254037844472600, 1.500000000000004000, -1.291666666666664100 ) ) ;
#809 = CARTESIAN_POINT ( 'NONE',  ( 0.8454866920094593600, -1.239012612379305300, 1.610428147091792700 ) ) ;
#810 = ORIENTED_EDGE ( 'NONE', *, *, #965, .T. ) ;
#811 = CARTESIAN_POINT ( 'NONE',  ( 1.836970198721030400E-016, 1.500000000000000900, 4.249999999999998200 ) ) ;
#812 = CARTESIAN_POINT ( 'NONE',  ( -1.017788105676672700, 0.5876202367904107500, 1.583333333333336400 ) ) ;
#813 = CARTESIAN_POINT ( 'NONE',  ( 1.050943903833033000, -1.070288237343691900, -3.937500000000000000 ) ) ;
#814 = CARTESIAN_POINT ( 'NONE',  ( -0.6785254037844487000, -1.175240473580867300, -2.229166666666663400 ) ) ;
#815 = EDGE_LOOP ( 'NONE', ( #778, #4953, #1495, #834 ) ) ;
#816 = DIRECTION ( 'NONE',  ( -0.1045058763748857000, -0.02078751127481481100, 0.9943069954385901400 ) ) ;
#817 = CARTESIAN_POINT ( 'NONE',  ( 0.0000000000000000000, 1.175240473580837500, -1.937499999999996900 ) ) ;
#818 = ORIENTED_EDGE ( 'NONE', *, *, #4150, .F. ) ;
#819 = ORIENTED_EDGE ( 'NONE', *, *, #3638, .T. ) ;
#820 = CARTESIAN_POINT ( 'NONE',  ( -1.017788105676672700, 0.5876202367904112000, -1.416666666666663600 ) ) ;
#821 = EDGE_CURVE ( 'NONE', #2760, #3077, #4851, .T. ) ;
#822 = CARTESIAN_POINT ( 'NONE',  ( -0.1474052775258243300, 1.524207146240231300, 3.406249999999998700 ) ) ;
#823 = ORIENTED_EDGE ( 'NONE', *, *, #1373, .F. ) ;
#824 = CARTESIAN_POINT ( 'NONE',  ( -1.511934972212399800, 0.1741350313372314100, 3.406249999999998700 ) ) ;
#825 = LINE ( 'NONE', #4005, #4811 ) ;
#826 = DIRECTION ( 'NONE',  ( 0.0000000000000000000, -1.000000000000000000, 0.0000000000000000000 ) ) ;
#827 = PLANE ( 'NONE',  #2671 ) ;
#828 = CARTESIAN_POINT ( 'NONE',  ( 0.1800167148843485900, -1.504658928399268800, 3.406249999999998700 ) ) ;
#829 = ORIENTED_EDGE ( 'NONE', *, *, #4186, .T. ) ;
#830 = CARTESIAN_POINT ( 'NONE',  ( 1.017788105676672200, -0.5876202367904418400, -2.104166666666663900 ) ) ;
#831 = CARTESIAN_POINT ( 'NONE',  ( 0.1979066122514631900, 1.568143934809873800, 3.874741344396913000 ) ) ;
#832 = CARTESIAN_POINT ( 'NONE',  ( 0.0000000000000000000, 2.070106209874711500E-015, 4.249999999999998200 ) ) ;
#833 = CARTESIAN_POINT ( 'NONE',  ( 1.763300807568898100, -1.565230218915959700E-014, 0.1406250000000031600 ) ) ;
#834 = ORIENTED_EDGE ( 'NONE', *, *, #792, .F. ) ;
#835 = VECTOR ( 'NONE', #4322, 1000.000000000000000 ) ;
#836 = DIRECTION ( 'NONE',  ( 0.9945218953682734000, 0.0000000000000000000, 0.1045284632676529400 ) ) ;
#837 = CARTESIAN_POINT ( 'NONE',  ( -0.6785254037844487000, -1.175240473580867000, -4.291666666666664300 ) ) ;
#838 = ORIENTED_EDGE ( 'NONE', *, *, #4546, .F. ) ;
#839 = ORIENTED_EDGE ( 'NONE', *, *, #1580, .T. ) ;
#840 = CARTESIAN_POINT ( 'NONE',  ( 1.732050807568896500, -1.546095112679282200E-014, -1.374999999999997600 ) ) ;
#841 = CARTESIAN_POINT ( 'NONE',  ( 0.3601859003894132800, -1.304608081593721100, 1.174626978266481300 ) ) ;
#842 = VECTOR ( 'NONE', #4378, 999.9999999999998900 ) ;
#843 = CARTESIAN_POINT ( 'NONE',  ( 0.0000000000000000000, 1.500000000000001300, 1.312500000000003600 ) ) ;
#844 = CARTESIAN_POINT ( 'NONE',  ( -1.519732609499131200, -0.1859679960993998200, 3.399111321018216900 ) ) ;
#845 = VERTEX_POINT ( 'NONE', #843 ) ;
#846 = CARTESIAN_POINT ( 'NONE',  ( -0.2712414087855085100, -0.9609782536090909500, 4.140750377164773800 ) ) ;
#847 = B_SPLINE_CURVE_WITH_KNOTS ( 'NONE', 3,
 ( #2771, #1282, #846, #3950 ),
 .UNSPECIFIED., .F., .F.,
 ( 4, 4 ),
 ( 0.0000000000000000000, 0.0001154157762592072300 ),
 .UNSPECIFIED. ) ;
#848 = AXIS2_PLACEMENT_3D ( 'NONE', #514, #537, #2006 ) ;
#849 = DIRECTION ( 'NONE',  ( 0.0000000000000000000, -1.000000000000000000, 0.0000000000000000000 ) ) ;
#850 = CARTESIAN_POINT ( 'NONE',  ( 0.1863754552030866000, -1.486380696054987900, 3.406249999999998700 ) ) ;
#851 = CARTESIAN_POINT ( 'NONE',  ( -1.439254484199210300E-016, -1.175240473580867300, -3.687499999999997300 ) ) ;
#852 = FACE_OUTER_BOUND ( 'NONE', #420, .T. ) ;
#853 = CARTESIAN_POINT ( 'NONE',  ( 1.534691860997135400, -0.2470292989821814300, 3.980070810694633600 ) ) ;
#854 = CARTESIAN_POINT ( 'NONE',  ( -0.8816504037844489200, 1.527063293868266400, -0.6927083333333301500 ) ) ;
#855 = CARTESIAN_POINT ( 'NONE',  ( 0.0000000000000000000, 1.500000000000002000, -2.249999999999997800 ) ) ;
#856 = EDGE_CURVE ( 'NONE', #1720, #4816, #616, .T. ) ;
#857 = B_SPLINE_CURVE_WITH_KNOTS ( 'NONE', 3,
 ( #3148, #1252, #1605, #4710 ),
 .UNSPECIFIED., .F., .F.,
 ( 4, 4 ),
 ( 0.0000000000000000000, 0.0002264108095573640400 ),
 .UNSPECIFIED. ) ;
#858 = LINE ( 'NONE', #628, #376 ) ;
#859 = CARTESIAN_POINT ( 'NONE',  ( -1.322475605676673500, 0.7635316469341259000, -0.1510416666666634100 ) ) ;
#860 = CARTESIAN_POINT ( 'NONE',  ( 1.357050807568896700, -1.523898389444736300E-014, -2.624999999999997300 ) ) ;
#861 = CC_DESIGN_PERSON_AND_ORGANIZATION_ASSIGNMENT ( #3249, #1962, ( #2509 ) ) ;
#862 = CARTESIAN_POINT ( 'NONE',  ( 0.1858814171829685500, 1.490734877733622700, 3.406249999999998700 ) ) ;
#863 = CARTESIAN_POINT ( 'NONE',  ( 0.0000000000000000000, 4.487940763634945000E-016, 4.249999999999998200 ) ) ;
#864 = EDGE_CURVE ( 'NONE', #2713, #1555, #1877, .T. ) ;
#865 = ORIENTED_EDGE ( 'NONE', *, *, #4099, .F. ) ;
#866 = B_SPLINE_CURVE_WITH_KNOTS ( 'NONE', 3,
 ( #925, #3589, #3190, #2832 ),
 .UNSPECIFIED., .F., .F.,
 ( 4, 4 ),
 ( 0.0000000000000000000, 0.0001154157762592071500 ),
 .UNSPECIFIED. ) ;
#867 = DIRECTION ( 'NONE',  ( 0.0000000000000000000, -1.000000000000000000, 0.0000000000000000000 ) ) ;
#868 = EDGE_LOOP ( 'NONE', ( #1422, #2418, #4652, #4325 ) ) ;
#869 = CARTESIAN_POINT ( 'NONE',  ( 0.0000000000000000000, 1.500000000000002000, -1.749999999999997300 ) ) ;
#870 = CARTESIAN_POINT ( 'NONE',  ( 1.017788105676673100, 0.5876202367904102000, -1.020833333333330400 ) ) ;
#871 = CARTESIAN_POINT ( 'NONE',  ( 0.1610726947650134000, 1.336012834450799300, -4.101487165549209600 ) ) ;
#872 = CARTESIAN_POINT ( 'NONE',  ( 0.2470292989821757700, 1.534691860997136500, 3.980070810694635000 ) ) ;
#873 = DIRECTION ( 'NONE',  ( 0.02078751127481431900, -0.1045058763748859000, 0.9943069954385901400 ) ) ;
#874 = CARTESIAN_POINT ( 'NONE',  ( 0.8971102649793344400, -1.175753218375647800, -3.961436914937323600 ) ) ;
#875 = CARTESIAN_POINT ( 'NONE',  ( -1.480908766186229900, 0.1867183014946003400, 3.406249999999998700 ) ) ;
#876 = DIRECTION ( 'NONE',  ( 0.1045284632676538300, 0.0000000000000000000, -0.9945218953682734000 ) ) ;
#877 = VERTEX_POINT ( 'NONE', #4750 ) ;
#878 = CARTESIAN_POINT ( 'NONE',  ( 0.2470295587086585000, 1.572796539117266500, 3.980073281827051000 ) ) ;
#879 = CARTESIAN_POINT ( 'NONE',  ( -5.250033615717009700E-014, 1.341506350946117400, -4.095993649053887100 ) ) ;
#880 = AXIS2_PLACEMENT_3D ( 'NONE', #2141, #902, #3601 ) ;
#881 = EDGE_LOOP ( 'NONE', ( #4860, #2030, #344, #4566 ) ) ;
#882 = EDGE_CURVE ( 'NONE', #669, #1720, #2918, .T. ) ;
#883 = ORIENTED_EDGE ( 'NONE', *, *, #4640, .T. ) ;
#884 = CARTESIAN_POINT ( 'NONE',  ( -0.6785254037844487000, -1.175240473580867500, -1.229166666666663400 ) ) ;
#885 = CARTESIAN_POINT ( 'NONE',  ( 0.5883555573418828300, -0.4314072894756736400, 4.191913363870520800 ) ) ;
#886 = B_SPLINE_CURVE_WITH_KNOTS ( 'NONE', 3,
 ( #2914, #2951, #3336, #3722, #4053, #4433, #1743 ),
 .UNSPECIFIED., .F., .F.,
 ( 4, 3, 4 ),
 ( 0.0000000000000000000, 0.0002797678895357797200, 0.0005665053905745371500 ),
 .UNSPECIFIED. ) ;
#887 = EDGE_LOOP ( 'NONE', ( #1857, #3014, #4989, #4755 ) ) ;
#888 = DIRECTION ( 'NONE',  ( -0.0000000000000000000, 2.449293598294706400E-016, -1.000000000000000000 ) ) ;
#889 = DIRECTION ( 'NONE',  ( 1.034226902831782800E-014, 0.9945218953682735100, -0.1045284632676536000 ) ) ;
#890 = EDGE_CURVE ( 'NONE', #2648, #4124, #204, .T. ) ;
#891 = CARTESIAN_POINT ( 'NONE',  ( 0.2457639344234942300, -1.544577949440513000, 3.976637958131965100 ) ) ;
#892 = VERTEX_POINT ( 'NONE', #1234 ) ;
#893 = CYLINDRICAL_SURFACE ( 'NONE', #4094, 1.500000000000000400 ) ;
#894 = ADVANCED_FACE ( 'NONE', ( #3045 ), #3238, .T. ) ;
#895 = CARTESIAN_POINT ( 'NONE',  ( 1.020989215107069400, 0.1867183014945866800, 3.406249999999998700 ) ) ;
#896 = VERTEX_POINT ( 'NONE', #489 ) ;
#897 = ORIENTED_EDGE ( 'NONE', *, *, #3984, .F. ) ;
#898 = CARTESIAN_POINT ( 'NONE',  ( -0.5883555573418842700, -0.4314072894756723600, 4.191913363870520800 ) ) ;
#899 = FACE_OUTER_BOUND ( 'NONE', #1532, .T. ) ;
#900 = CARTESIAN_POINT ( 'NONE',  ( 0.2165511500658406100, 1.507752390197092800, 3.690090594014554500 ) ) ;
#901 = CARTESIAN_POINT ( 'NONE',  ( 1.357050807568896700, -1.543033495681413800E-014, -1.062499999999996900 ) ) ;
#902 = DIRECTION ( 'NONE',  ( -8.759593272591332200E-016, -0.9945218953682734000, 0.1045284632676537100 ) ) ;
#903 = ORIENTED_EDGE ( 'NONE', *, *, #1643, .F. ) ;
#904 = FACE_OUTER_BOUND ( 'NONE', #2094, .T. ) ;
#905 = CARTESIAN_POINT ( 'NONE',  ( 1.299038105676672200, -0.7500000000000245400, 1.583333333333335500 ) ) ;
#906 = CARTESIAN_POINT ( 'NONE',  ( 0.2467405608427224200, 1.538281606095238700, 3.978816423804653300 ) ) ;
#907 = CARTESIAN_POINT ( 'NONE',  ( 1.301631805412417200, 0.4711484403595683800, 1.284432744927246800 ) ) ;
#908 = LINE ( 'NONE', #1070, #3039 ) ;
#909 = CARTESIAN_POINT ( 'NONE',  ( 0.1867183014945853200, 1.485788006136501600, 3.406249999999998700 ) ) ;
#910 = CARTESIAN_POINT ( 'NONE',  ( -0.8660254037844481400, -1.500000000000032900, -0.4791666666666630200 ) ) ;
#911 = CARTESIAN_POINT ( 'NONE',  ( -1.017788105676672700, -0.5876202367904410600, -1.270833333333330400 ) ) ;
#912 = AXIS2_PLACEMENT_3D ( 'NONE', #403, #337, #3800 ) ;
#913 = LINE ( 'NONE', #270, #2061 ) ;
#914 = CARTESIAN_POINT ( 'NONE',  ( 0.2066980835378272000, -1.499053591007950800, 3.596344928075370100 ) ) ;
#915 = AXIS2_PLACEMENT_3D ( 'NONE', #4747, #2480, #535 ) ;
#916 = CARTESIAN_POINT ( 'NONE',  ( 1.836970198721030400E-016, 1.500000000000000900, 4.249999999999998200 ) ) ;
#917 = CARTESIAN_POINT ( 'NONE',  ( -1.357050807568896700, -1.512856954123890300E-014, -0.8124999999999971100 ) ) ;
#918 = CARTESIAN_POINT ( 'NONE',  ( 1.508146100628093200, -0.1771724077350130000, 3.406249999999998700 ) ) ;
#919 = CARTESIAN_POINT ( 'NONE',  ( -1.034592285688539700, -0.8267255392586524400, 1.097932949756565100 ) ) ;
#920 = ORIENTED_EDGE ( 'NONE', *, *, #1473, .T. ) ;
#921 = EDGE_CURVE ( 'NONE', #1615, #2300, #2004, .T. ) ;
#922 = DIRECTION ( 'NONE',  ( -4.188538737677001000E-017, -0.3420201433256696000, 0.9396926207859082100 ) ) ;
#923 = CARTESIAN_POINT ( 'NONE',  ( -0.8660254037844478100, -1.500000000000032900, -3.479166666666662100 ) ) ;
#924 = CARTESIAN_POINT ( 'NONE',  ( 0.6785254037844491400, 1.175240473580837100, -1.979166666666663900 ) ) ;
#925 = CARTESIAN_POINT ( 'NONE',  ( -1.036004162901802200, 0.2622035415152749200, 4.124444084471207400 ) ) ;
#926 = CARTESIAN_POINT ( 'NONE',  ( 0.3559375851764630700, 1.361616131688237100, 1.348074156620735500 ) ) ;
#927 = CARTESIAN_POINT ( 'NONE',  ( -0.5181173504688748600, -0.4612122490825873400, 4.198166147663302500 ) ) ;
#928 = CARTESIAN_POINT ( 'NONE',  ( -0.9453114802360875800, -0.1941710946047835700, 3.406249999999998700 ) ) ;
#929 = CARTESIAN_POINT ( 'NONE',  ( 1.017788105676672200, -0.5876202367904419500, -1.104166666666663600 ) ) ;
#930 = CARTESIAN_POINT ( 'NONE',  ( 1.191999458637146500, -0.2906467541365939100, 0.8313326509570255800 ) ) ;
#931 = CARTESIAN_POINT ( 'NONE',  ( 0.8199913421413256300, -1.233021590029466500, 1.530125153703533000 ) ) ;
#932 = ORIENTED_EDGE ( 'NONE', *, *, #1667, .F. ) ;
#933 = PLANE ( 'NONE',  #3001 ) ;
#934 = DIRECTION ( 'NONE',  ( 0.0000000000000000000, 1.000000000000000000, 1.398248868307333700E-016 ) ) ;
#935 = CARTESIAN_POINT ( 'NONE',  ( 1.517818597926567300, -0.1662786652472788600, 3.406249999999998700 ) ) ;
#936 = CARTESIAN_POINT ( 'NONE',  ( -0.3402049654054018500, 1.231401807783002500, 0.9680523125298192700 ) ) ;
#937 = VERTEX_POINT ( 'NONE', #2814 ) ;
#938 = CARTESIAN_POINT ( 'NONE',  ( 0.0000000000000000000, 1.500000000000001800, -3.187499999999996400 ) ) ;
#939 = CARTESIAN_POINT ( 'NONE',  ( -0.6785254037844480300, 1.175240473580837500, -2.895833333333329500 ) ) ;
#940 = CARTESIAN_POINT ( 'NONE',  ( 0.0000000000000000000, -2.287307525620818200, 1.749999999999997300 ) ) ;
#942 = VERTEX_POINT ( 'NONE', #4709 ) ;
#941 = CARTESIAN_POINT ( 'NONE',  ( -0.6785254037844482600, 1.175240473580837100, 1.041666666666669600 ) ) ;
#943 = DIRECTION ( 'NONE',  ( 1.000000000000000000, 0.0000000000000000000, -0.0000000000000000000 ) ) ;
#944 = CARTESIAN_POINT ( 'NONE',  ( -1.763300807568898100, -1.518980188119627000E-014, -0.1093749999999968600 ) ) ;
#945 = DIRECTION ( 'NONE',  ( 1.000000000000000000, 7.993605777301127100E-015, 0.0000000000000000000 ) ) ;
#946 = ORIENTED_EDGE ( 'NONE', *, *, #4254, .T. ) ;
#947 = CARTESIAN_POINT ( 'NONE',  ( 0.2189201988679686500, -1.574078335371368100, 3.967461089029150400 ) ) ;
#948 = CARTESIAN_POINT ( 'NONE',  ( -1.017788105676672700, 0.5876202367904110900, -0.8541666666666636300 ) ) ;
#949 = CARTESIAN_POINT ( 'NONE',  ( -0.1863564938362137800, 1.480580224308151800, 3.402807630076058600 ) ) ;
#950 = EDGE_LOOP ( 'NONE', ( #4220, #3550, #3377, #4871, #365, #4820, #3920, #4829, #839, #3884, #1320, #818 ) ) ;
#951 = VECTOR ( 'NONE', #1803, 1000.000000000000000 ) ;
#952 = CARTESIAN_POINT ( 'NONE',  ( -0.1979066122514513100, -1.568143934809864000, 3.874741344396802000 ) ) ;
#953 = EDGE_CURVE ( 'NONE', #1613, #2263, #577, .T. ) ;
#954 = CARTESIAN_POINT ( 'NONE',  ( 1.017788105676672200, -0.5876202367904417300, -3.104166666666663900 ) ) ;
#955 = ORIENTED_EDGE ( 'NONE', *, *, #2574, .T. ) ;
#956 = CARTESIAN_POINT ( 'NONE',  ( -1.836970198721050600E-016, -1.500000000000032400, 1.062500000000003100 ) ) ;
#957 = PERSON_AND_ORGANIZATION ( #465, #474 ) ;
#958 = CARTESIAN_POINT ( 'NONE',  ( -0.8660254037844471500, -1.500000000000034600, 0.9583333333333359200 ) ) ;
#959 = CARTESIAN_POINT ( 'NONE',  ( -0.8660254037844438100, -1.500000000000040000, -3.041666666666663400 ) ) ;
#960 = CARTESIAN_POINT ( 'NONE',  ( -1.357050807568896700, -1.476117550149469700E-014, -3.812499999999997800 ) ) ;
#961 = DIRECTION ( 'NONE',  ( 0.3826834323650901700, -0.9238795325112866300, -3.710063863590714900E-014 ) ) ;
#962 = VERTEX_POINT ( 'NONE', #2415 ) ;
#963 = CARTESIAN_POINT ( 'NONE',  ( 1.017788105676672200, -0.5876202367904421700, 0.3333333333333359800 ) ) ;
#964 = FACE_OUTER_BOUND ( 'NONE', #2905, .T. ) ;
#965 = EDGE_CURVE ( 'NONE', #4954, #1615, #1375, .T. ) ;
#966 = CARTESIAN_POINT ( 'NONE',  ( 1.357050807568896700, -1.530021623440473000E-014, -2.124999999999996900 ) ) ;
#967 = DIRECTION ( 'NONE',  ( -0.0000000000000000000, -0.0000000000000000000, -1.000000000000000000 ) ) ;
#968 = DIRECTION ( 'NONE',  ( 0.9188184237650771600, -0.3805870524817703800, -0.1045284632676538500 ) ) ;
#969 = ORIENTED_EDGE ( 'NONE', *, *, #2624, .F. ) ;
#970 = VERTEX_POINT ( 'NONE', #2791 ) ;
#971 = CARTESIAN_POINT ( 'NONE',  ( 0.6785254037844479200, -1.175240473580867700, -0.6458333333333302600 ) ) ;
#972 = VERTEX_POINT ( 'NONE', #4052 ) ;
#973 = DIRECTION ( 'NONE',  ( 0.0000000000000000000, 1.000000000000000000, 1.398248868307333700E-016 ) ) ;
#974 = CARTESIAN_POINT ( 'NONE',  ( 1.201505211727685700, -0.8874305920716971700, 1.565802836342712100 ) ) ;
#975 = B_SPLINE_CURVE_WITH_KNOTS ( 'NONE', 3,
 ( #4419, #206, #4561, #4901, #301, #4934, #2623, #1056 ),
 .UNSPECIFIED., .F., .F.,
 ( 4, 2, 2, 4 ),
 ( 0.01043869536115014400, 0.01115291834879945900, 0.01151002984262411600, 0.01186714133644877300 ),
 .UNSPECIFIED. ) ;
#976 = CARTESIAN_POINT ( 'NONE',  ( 0.0000000000000000000, 8.673617379884035500E-016, 2.437499999999998700 ) ) ;
#977 = CARTESIAN_POINT ( 'NONE',  ( 0.6785254037844491400, 1.175240473580837100, -3.479166666666663900 ) ) ;
#978 = CARTESIAN_POINT ( 'NONE',  ( 0.9743102564488440600, 0.7807783717178585800, 0.8914361145229453600 ) ) ;
#979 = CARTESIAN_POINT ( 'NONE',  ( 0.07566600718253113600, -1.181531097324046500, -4.249999999999994700 ) ) ;
#980 = CARTESIAN_POINT ( 'NONE',  ( -0.8660254037844482600, 1.500000000000001600, 0.7916666666666694100 ) ) ;
#981 = EDGE_CURVE ( 'NONE', #723, #163, #2861, .T. ) ;
#982 = CIRCLE ( 'NONE', #3241, 1.590263637062383100 ) ;
#983 = CARTESIAN_POINT ( 'NONE',  ( -1.644585589577228300E-016, -0.1867183014945883500, 3.406249999999998700 ) ) ;
#984 = FACE_OUTER_BOUND ( 'NONE', #3540, .T. ) ;
#985 = CARTESIAN_POINT ( 'NONE',  ( -1.439254484199210300E-016, -1.175240473580867300, -4.187499999999996400 ) ) ;
#986 = CARTESIAN_POINT ( 'NONE',  ( -1.499053592390422900, 0.2066980850601406200, 3.596344942559033700 ) ) ;
#987 = CARTESIAN_POINT ( 'NONE',  ( -1.357050807568896700, -1.530461251861633600E-014, 0.6250000000000026600 ) ) ;
#988 = CARTESIAN_POINT ( 'NONE',  ( 1.299038105676673100, 0.7499999999999921200, 0.2291666666666700700 ) ) ;
#989 = CARTESIAN_POINT ( 'NONE',  ( 1.534691860997135400, -0.2470292989821814300, 3.980070810694633600 ) ) ;
#990 = CARTESIAN_POINT ( 'NONE',  ( -0.8660254037844497000, 1.499999999999998700, 1.291666666666669400 ) ) ;
#991 = CARTESIAN_POINT ( 'NONE',  ( 0.0000000000000000000, 1.500000000000001600, -0.1874999999999963100 ) ) ;
#992 = CIRCLE ( 'NONE', #4637, 2.290070906916736900 ) ;
#993 = CARTESIAN_POINT ( 'NONE',  ( 1.017788105676673100, 0.5876202367904102000, -1.020833333333330400 ) ) ;
#994 = CARTESIAN_POINT ( 'NONE',  ( 1.732050807568896500, -1.534614048937275300E-014, -2.312499999999996400 ) ) ;
#995 = CARTESIAN_POINT ( 'NONE',  ( 0.0000000000000000000, 1.500000000000001300, -1.187499999999996200 ) ) ;
#996 = DIRECTION ( 'NONE',  ( -0.0000000000000000000, -1.224646799147353200E-016, 1.000000000000000000 ) ) ;
#997 = VERTEX_POINT ( 'NONE', #2459 ) ;
#998 = CARTESIAN_POINT ( 'NONE',  ( -1.357050807568896700, -1.469994316153733000E-014, -4.312499999999996400 ) ) ;
#999 = CARTESIAN_POINT ( 'NONE',  ( -1.017788105676672700, 0.5876202367904109800, -0.3541666666666636300 ) ) ;
#1000 = DIRECTION ( 'NONE',  ( 0.0000000000000000000, -1.000000000000000000, 0.0000000000000000000 ) ) ;
#1001 = EDGE_CURVE ( 'NONE', #2744, #2158, #1955, .T. ) ;
#1002 = DIRECTION ( 'NONE',  ( -0.0000000000000000000, -1.224646799147353200E-016, 1.000000000000000000 ) ) ;
#1003 = CARTESIAN_POINT ( 'NONE',  ( -0.6785254037844487000, -1.175240473580867300, -3.229166666666664300 ) ) ;
#1004 = CARTESIAN_POINT ( 'NONE',  ( 0.0000000000000000000, 1.500000000000001800, -3.187499999999996400 ) ) ;
#1005 = CARTESIAN_POINT ( 'NONE',  ( 0.6785254037844491400, 1.175240473580836400, 1.958333333333336400 ) ) ;
#1006 = CARTESIAN_POINT ( 'NONE',  ( 0.1979066507483025500, -1.568143967638054000, 3.874741701929062600 ) ) ;
#1007 = CARTESIAN_POINT ( 'NONE',  ( -1.870113174931205300E-016, -1.527063293868297300, 1.515625000000003100 ) ) ;
#1008 = CARTESIAN_POINT ( 'NONE',  ( -1.836970198721050400E-016, -1.500000000000032000, -0.9374999999999963400 ) ) ;
#1009 = CARTESIAN_POINT ( 'NONE',  ( -0.8660254037844482600, 1.500000000000002200, -0.1458333333333298200 ) ) ;
#1010 = CARTESIAN_POINT ( 'NONE',  ( 1.299038105676672900, 0.7499999999999923400, -2.270833333333329500 ) ) ;
#1011 = CARTESIAN_POINT ( 'NONE',  ( 1.383263066523982900E-011, -1.449114434572392100, 1.470621205103176800 ) ) ;
#1012 = DIRECTION ( 'NONE',  ( -8.759593272591332200E-016, -0.9945218953682732900, -0.1045284632676539400 ) ) ;
#1013 = EDGE_LOOP ( 'NONE', ( #3926, #2169, #3140, #4529 ) ) ;
#1014 =( BOUNDED_CURVE ( )  B_SPLINE_CURVE ( 2, ( #1178, #4623, #1122, #2703, #4984, #395, #3101 ),
 .UNSPECIFIED., .F., .T. ) 
 B_SPLINE_CURVE_WITH_KNOTS ( ( 3, 2, 2, 3 ),
 ( 0.1000000000000001200, 0.1333333333333334100, 0.1666666666666667100, 0.2000000000000000100 ),
 .UNSPECIFIED. ) 
 CURVE ( )  GEOMETRIC_REPRESENTATION_ITEM ( )  RATIONAL_B_SPLINE_CURVE ( ( 0.9999999999999993300, 0.8660254037844392600, 1.000000000000000000, 0.8660254037844387100, 1.000000000000000000, 0.8660254037844384900, 1.000000000000000200 ) ) 
 REPRESENTATION_ITEM ( '' )  );
#1015 = CARTESIAN_POINT ( 'NONE',  ( -1.439254484199210300E-016, -1.175240473580867300, -4.249999999999996400 ) ) ;
#1016 = ORIENTED_EDGE ( 'NONE', *, *, #1858, .T. ) ;
#1017 = CARTESIAN_POINT ( 'NONE',  ( 0.0000000000000000000, 1.351151883724552200, -1.835937499999996900 ) ) ;
#1018 = CARTESIAN_POINT ( 'NONE',  ( 1.322475605676673300, -0.7635316469341567600, -0.3697916666666641300 ) ) ;
#1019 = CARTESIAN_POINT ( 'NONE',  ( 0.0000000000000000000, 1.175240473580837100, 0.5625000000000031100 ) ) ;
#1020 = CARTESIAN_POINT ( 'NONE',  ( -1.439254484199210300E-016, -1.175240473580867500, -1.749999999999996900 ) ) ;
#1021 = ORIENTED_EDGE ( 'NONE', *, *, #160, .F. ) ;
#1022 = CARTESIAN_POINT ( 'NONE',  ( 1.517185021815186100, -0.2270432773634173700, 3.789916517023741400 ) ) ;
#1023 = CARTESIAN_POINT ( 'NONE',  ( 1.299038105676672200, -0.7500000000000245400, 1.083333333333335500 ) ) ;
#1024 = CARTESIAN_POINT ( 'NONE',  ( -1.567404313149281000, 0.2303456307747518700, 3.969288913115502000 ) ) ;
#1025 = ORIENTED_EDGE ( 'NONE', *, *, #4249, .T. ) ;
#1026 = CARTESIAN_POINT ( 'NONE',  ( -0.1867183014945854600, 2.058467064324496700E-015, 3.406249999999998700 ) ) ;
#1027 = EDGE_CURVE ( 'NONE', #2837, #2238, #2924, .T. ) ;
#1028 = CARTESIAN_POINT ( 'NONE',  ( 1.017788105676672200, -0.5876202367904416200, -3.666666666666663400 ) ) ;
#1029 = ORIENTED_EDGE ( 'NONE', *, *, #1027, .T. ) ;
#1030 = CARTESIAN_POINT ( 'NONE',  ( -0.8660254037844482600, 1.500000000000002200, -2.208333333333330800 ) ) ;
#1031 = DIRECTION ( 'NONE',  ( -0.0000000000000000000, -1.224646799147353000E-016, 1.000000000000000000 ) ) ;
#1032 = VERTEX_POINT ( 'NONE', #1318 ) ;
#1033 = LINE ( 'NONE', #1494, #309 ) ;
#1034 = CARTESIAN_POINT ( 'NONE',  ( 1.524207146240230000, 0.1474052775258398500, 3.406249999999998700 ) ) ;
#1035 = CARTESIAN_POINT ( 'NONE',  ( -1.870113174931205300E-016, -1.527063293868297300, 1.546875000000002200 ) ) ;
#1036 = EDGE_CURVE ( 'NONE', #2702, #4024, #858, .T. ) ;
#1037 = ORIENTED_EDGE ( 'NONE', *, *, #3742, .T. ) ;
#1038 = CARTESIAN_POINT ( 'NONE',  ( 0.8816504037844498100, 1.527063293868266200, 1.223958333333336600 ) ) ;
#1039 = FACE_OUTER_BOUND ( 'NONE', #2233, .T. ) ;
#1040 = CARTESIAN_POINT ( 'NONE',  ( -1.017788105676672700, 0.5876202367904110900, -0.9166666666666637400 ) ) ;
#1041 = CARTESIAN_POINT ( 'NONE',  ( -1.017788105676672700, -0.5876202367904414000, 0.2291666666666695700 ) ) ;
#1042 = ADVANCED_BREP_SHAPE_REPRESENTATION ( '92000A116_Passivated 18-8 Stainless Steel Pan Head Phillips Screws', ( #3761, #3481 ), #316 ) ;
#1043 = CARTESIAN_POINT ( 'NONE',  ( -1.732050807568896500, -1.518980188119627000E-014, -0.1249999999999977700 ) ) ;
#1044 = CYLINDRICAL_SURFACE ( 'NONE', #4246, 1.500000000000000400 ) ;
#1045 = DIRECTION ( 'NONE',  ( 0.3805870524817599500, -0.9188184237650816000, 0.1045284632676536400 ) ) ;
#1046 = CARTESIAN_POINT ( 'NONE',  ( -1.357050807568896700, -1.475352145900002500E-014, -3.874999999999996900 ) ) ;
#1047 = VECTOR ( 'NONE', #3630, 1000.000000000000100 ) ;
#1048 = CARTESIAN_POINT ( 'NONE',  ( 0.6785254037844479200, -1.175240473580867700, -0.1458333333333305100 ) ) ;
#1049 = CARTESIAN_POINT ( 'NONE',  ( -0.8816504037844494800, -1.527063293868296400, -3.494791666666663900 ) ) ;
#1050 = DIRECTION ( 'NONE',  ( 0.1045284632676537100, 0.0000000000000000000, -0.9945218953682732900 ) ) ;
#1051 = CARTESIAN_POINT ( 'NONE',  ( -1.439254484199210300E-016, -1.175240473580867700, 0.3125000000000028900 ) ) ;
#1052 = ORIENTED_EDGE ( 'NONE', *, *, #2126, .T. ) ;
#1053 = CARTESIAN_POINT ( 'NONE',  ( -1.357050807568896700, -1.499845081882949800E-014, -1.874999999999996900 ) ) ;
#1054 = CARTESIAN_POINT ( 'NONE',  ( -1.547933754415225400, 0.2446622343353419500, 3.975503699672908300 ) ) ;
#1055 = EDGE_CURVE ( 'NONE', #3247, #3068, #1072, .T. ) ;
#1056 = CARTESIAN_POINT ( 'NONE',  ( -1.092813464767274700, -0.4323758804164540800, 0.7181586815022255000 ) ) ;
#1057 = CARTESIAN_POINT ( 'NONE',  ( 1.357050807568896700, -1.505528687457526000E-014, -4.124999999999996400 ) ) ;
#1058 = EDGE_LOOP ( 'NONE', ( #4625, #4156, #3450, #4827 ) ) ;
#1059 = ADVANCED_FACE ( 'NONE', ( #2192 ), #617, .T. ) ;
#1060 = CARTESIAN_POINT ( 'NONE',  ( -1.836970198721050600E-016, -1.500000000000032400, 1.562500000000002900 ) ) ;
#1061 = CARTESIAN_POINT ( 'NONE',  ( 1.357050807568896700, -1.523898389444736300E-014, -2.624999999999996900 ) ) ;
#1062 = EDGE_CURVE ( 'NONE', #4439, #4281, #1159, .T. ) ;
#1063 = CARTESIAN_POINT ( 'NONE',  ( 1.299038105676672900, 0.7499999999999924500, -2.833333333333330400 ) ) ;
#1064 = CARTESIAN_POINT ( 'NONE',  ( -0.5854651049460819500, -1.030318922749764700, -4.249999999999999100 ) ) ;
#1065 = CARTESIAN_POINT ( 'NONE',  ( -2.975360223268521400E-011, 1.333913811434464200, 1.154110094324621000 ) ) ;
#1066 = CARTESIAN_POINT ( 'NONE',  ( -1.322475605676673800, -0.7635316469341558700, 0.4635416666666690700 ) ) ;
#1067 =( BOUNDED_CURVE ( )  B_SPLINE_CURVE ( 2, ( #1528, #4227, #4613, #1907, #4600, #3443, #353 ),
 .UNSPECIFIED., .F., .F. ) 
 B_SPLINE_CURVE_WITH_KNOTS ( ( 3, 2, 2, 3 ),
 ( 0.09999999999999993600, 0.1333333333333333000, 0.1666666666666666600, 0.2000000000000000100 ),
 .UNSPECIFIED. ) 
 CURVE ( )  GEOMETRIC_REPRESENTATION_ITEM ( )  RATIONAL_B_SPLINE_CURVE ( ( 1.000000000000000200, 0.8660254037844386000, 1.000000000000000000, 0.8660254037844387100, 1.000000000000000000, 0.8660254037844384900, 1.000000000000000200 ) ) 
 REPRESENTATION_ITEM ( '' )  );
#1068 = CARTESIAN_POINT ( 'NONE',  ( 0.6785254037844491400, 1.175240473580836800, 0.02083333333333640300 ) ) ;
#1069 = ORIENTED_EDGE ( 'NONE', *, *, #8, .T. ) ;
#1070 = CARTESIAN_POINT ( 'NONE',  ( 0.0000000000000000000, -1.187500000000003300, -4.250000000000000000 ) ) ;
#1071 = ORIENTED_EDGE ( 'NONE', *, *, #4932, .T. ) ;
#1072 =( BOUNDED_CURVE ( )  B_SPLINE_CURVE ( 2, ( #2134, #3685, #4392, #4072, #4474, #2089, #1008 ),
 .UNSPECIFIED., .F., .F. ) 
 B_SPLINE_CURVE_WITH_KNOTS ( ( 3, 2, 2, 3 ),
 ( 0.2000000000000000100, 0.2333333333333332800, 0.2666666666666666100, 0.2999999999999998800 ),
 .UNSPECIFIED. ) 
 CURVE ( )  GEOMETRIC_REPRESENTATION_ITEM ( )  RATIONAL_B_SPLINE_CURVE ( ( 0.9999999999999997800, 0.8660254037844389300, 1.000000000000000000, 0.8660254037844387100, 1.000000000000000000, 0.8660254037844393700, 0.9999999999999993300 ) ) 
 REPRESENTATION_ITEM ( '' )  );
#1073 = CARTESIAN_POINT ( 'NONE',  ( 0.6785254037844491400, 1.175240473580837100, -2.479166666666663900 ) ) ;
#1074 = ORIENTED_EDGE ( 'NONE', *, *, #4903, .F. ) ;
#1075 = CARTESIAN_POINT ( 'NONE',  ( -1.357050807568896700, -1.518214783870160100E-014, -0.3749999999999972200 ) ) ;
#1076 = ORIENTED_EDGE ( 'NONE', *, *, #3878, .T. ) ;
#1077 = CARTESIAN_POINT ( 'NONE',  ( -1.439254484199210300E-016, -1.175240473580867500, -2.749999999999997300 ) ) ;
#1078 = CARTESIAN_POINT ( 'NONE',  ( 0.0000000000000000000, 2.070106209874711500E-015, 3.406249999999998700 ) ) ;
#1079 = CARTESIAN_POINT ( 'NONE',  ( 1.017788105676672200, -0.5876202367904418400, -1.666666666666663600 ) ) ;
#1080 = ORIENTED_EDGE ( 'NONE', *, *, #2219, .T. ) ;
#1081 = CARTESIAN_POINT ( 'NONE',  ( -1.870113174931205300E-016, -1.527063293868297300, 0.5468750000000024400 ) ) ;
#1082 = CARTESIAN_POINT ( 'NONE',  ( -0.6785254037844482600, 1.175240473580837100, 1.104166666666669600 ) ) ;
#1083 = CARTESIAN_POINT ( 'NONE',  ( 0.6785254037844479200, -1.175240473580867700, -2.208333333333330400 ) ) ;
#1084 = ADVANCED_FACE ( 'NONE', ( #1999 ), #77, .T. ) ;
#1085 = EDGE_LOOP ( 'NONE', ( #340, #4114, #3051, #2446 ) ) ;
#1086 = CIRCLE ( 'NONE', #4181, 1.500000000000000000 ) ;
#1087 = AXIS2_PLACEMENT_3D ( 'NONE', #1804, #4103, #2200 ) ;
#1088 = CARTESIAN_POINT ( 'NONE',  ( -0.2622035415152554900, 1.036004162901807100, 4.124444084471207400 ) ) ;
#1089 = CARTESIAN_POINT ( 'NONE',  ( 1.017788105676673100, 0.5876202367904099800, 0.4166666666666695700 ) ) ;
#1090 = ORIENTED_EDGE ( 'NONE', *, *, #2193, .T. ) ;
#1091 = VERTEX_POINT ( 'NONE', #4145 ) ;
#1092 = CIRCLE ( 'NONE', #3284, 4.606075864237159800 ) ;
#1093 = EDGE_CURVE ( 'NONE', #2600, #1468, #1644, .T. ) ;
#1094 = CARTESIAN_POINT ( 'NONE',  ( -1.439254484199210300E-016, -1.175240473580867300, -4.249999999999996400 ) ) ;
#1095 = CARTESIAN_POINT ( 'NONE',  ( 1.357050807568896700, -1.567526431664360800E-014, 0.9375000000000028900 ) ) ;
#1096 = CARTESIAN_POINT ( 'NONE',  ( 0.6785254037844479200, -1.175240473580867700, -2.708333333333330400 ) ) ;
#1097 = CARTESIAN_POINT ( 'NONE',  ( -0.8816504037844489200, 1.527063293868266700, -2.192708333333330400 ) ) ;
#1098 = FACE_OUTER_BOUND ( 'NONE', #1233, .T. ) ;
#1099 = DIRECTION ( 'NONE',  ( 0.0000000000000000000, 1.000000000000000000, 1.398248868307333700E-016 ) ) ;
#1100 = CARTESIAN_POINT ( 'NONE',  ( 1.519732609387471200, 0.1859679959731092600, 3.399111319816650500 ) ) ;
#1101 = CARTESIAN_POINT ( 'NONE',  ( 0.8660254037844479200, -1.500000000000032900, 0.6041666666666697400 ) ) ;
#1102 = CARTESIAN_POINT ( 'NONE',  ( 1.322475605676674200, 0.7635316469341249000, -2.286458333333330400 ) ) ;
#1103 = VECTOR ( 'NONE', #2873, 1000.000000000000000 ) ;
#1104 = CIRCLE ( 'NONE', #4897, 4.610772840853451600 ) ;
#1105 = CARTESIAN_POINT ( 'NONE',  ( -1.357050807568896700, -1.499845081882949800E-014, -1.874999999999996900 ) ) ;
#1106 = CARTESIAN_POINT ( 'NONE',  ( -1.553796817639132800, -0.2419763615505480800, 3.973557129246364300 ) ) ;
#1107 = B_SPLINE_CURVE_WITH_KNOTS ( 'NONE', 3,
 ( #3287, #1735, #979, #4001 ),
 .UNSPECIFIED., .F., .F.,
 ( 4, 4 ),
 ( 0.0000000000000000000, 0.0001126837943461419700 ),
 .UNSPECIFIED. ) ;
#1108 = ADVANCED_FACE ( 'NONE', ( #1773 ), #3820, .T. ) ;
#1109 = CARTESIAN_POINT ( 'NONE',  ( 1.017788105676672200, -0.5876202367904424000, 1.895833333333335900 ) ) ;
#1110 = CARTESIAN_POINT ( 'NONE',  ( 0.8816504037844485900, -1.527063293868297300, -3.911458333333330800 ) ) ;
#1111 = CARTESIAN_POINT ( 'NONE',  ( -1.322475605676673500, 0.7635316469341263400, -3.151041666666663400 ) ) ;
#1112 = CARTESIAN_POINT ( 'NONE',  ( -1.400739864442310100, -0.4046642157569525500, 1.486686000668212800 ) ) ;
#1113 = CARTESIAN_POINT ( 'NONE',  ( 1.357050807568896700, -1.536144857436209800E-014, -1.624999999999997100 ) ) ;
#1114 = CARTESIAN_POINT ( 'NONE',  ( -1.322475605676673500, 0.7635316469341261200, -2.151041666666663400 ) ) ;
#1115 = CARTESIAN_POINT ( 'NONE',  ( 0.6785254037844491400, 1.175240473580836800, -0.04166666666666380600 ) ) ;
#1116 = ORIENTED_EDGE ( 'NONE', *, *, #3580, .F. ) ;
#1117 = CARTESIAN_POINT ( 'NONE',  ( 1.533209921821045500, 0.1576114318128900300, 3.500855289840672400 ) ) ;
#1118 = AXIS2_PLACEMENT_3D ( 'NONE', #4673, #3919, #1641 ) ;
#1119 = CARTESIAN_POINT ( 'NONE',  ( -0.4531220514732887100, -0.3980426312550021700, 3.406249999999998700 ) ) ;
#1120 = CARTESIAN_POINT ( 'NONE',  ( -1.439254484199210300E-016, -1.175240473580867500, -1.749999999999996900 ) ) ;
#1121 = EDGE_CURVE ( 'NONE', #765, #2080, #3205, .T. ) ;
#1122 = CARTESIAN_POINT ( 'NONE',  ( -1.299038105676672700, -0.7500000000000235400, 1.479166666666669600 ) ) ;
#1123 = CARTESIAN_POINT ( 'NONE',  ( -1.017788105676672700, -0.5876202367904414000, 0.1666666666666693500 ) ) ;
#1124 = CARTESIAN_POINT ( 'NONE',  ( 0.0000000000000000000, 1.527063293868266900, -3.203124999999997300 ) ) ;
#1125 = EDGE_CURVE ( 'NONE', #3307, #1752, #982, .T. ) ;
#1126 = CARTESIAN_POINT ( 'NONE',  ( 0.0000000000000000000, 1.527063293868266900, -2.234374999999996900 ) ) ;
#1127 = ORIENTED_EDGE ( 'NONE', *, *, #3835, .F. ) ;
#1128 = CARTESIAN_POINT ( 'NONE',  ( 0.0000000000000000000, 1.175240473580837300, -0.9999999999999970000 ) ) ;
#1129 = CARTESIAN_POINT ( 'NONE',  ( -0.4635201020745575200, -1.079971891169104100, 0.7181586815023668400 ) ) ;
#1130 = CARTESIAN_POINT ( 'NONE',  ( -1.870113174931205300E-016, -1.527063293868296900, -2.453124999999996900 ) ) ;
#1131 = ORIENTED_EDGE ( 'NONE', *, *, #4317, .F. ) ;
#1132 = ADVANCED_FACE ( 'NONE', ( #2674 ), #3397, .T. ) ;
#1133 = CONICAL_SURFACE ( 'NONE', #4185, 1.619999999999997900, 0.1047197551196600000 ) ;
#1134 = CARTESIAN_POINT ( 'NONE',  ( 0.6785254037844491400, 1.175240473580836800, -0.9791666666666637400 ) ) ;
#1135 = ORIENTED_EDGE ( 'NONE', *, *, #821, .F. ) ;
#1136 = CARTESIAN_POINT ( 'NONE',  ( -0.2175298284521957300, -1.574523370509065300, 3.967368464254875400 ) ) ;
#1137 = CARTESIAN_POINT ( 'NONE',  ( -1.017788105676672700, 0.5876202367904108700, 0.6458333333333363700 ) ) ;
#1138 = CARTESIAN_POINT ( 'NONE',  ( -0.2066980850601248300, -1.499053592390437100, 3.596344942559027900 ) ) ;
#1139 = ORIENTED_EDGE ( 'NONE', *, *, #3187, .F. ) ;
#1140 = CIRCLE ( 'NONE', #3832, 4.606075864237160600 ) ;
#1141 = CARTESIAN_POINT ( 'NONE',  ( -0.8816504037844494800, -1.527063293868296400, -2.526041666666663400 ) ) ;
#1142 = VERTEX_POINT ( 'NONE', #3531 ) ;
#1143 = CARTESIAN_POINT ( 'NONE',  ( -0.5883555573418801600, 0.4314072894756763000, 4.191913363870521700 ) ) ;
#1144 = CARTESIAN_POINT ( 'NONE',  ( -0.6785254037844487000, -1.175240473580867300, -1.791666666666663600 ) ) ;
#1145 = CARTESIAN_POINT ( 'NONE',  ( -1.870113174931205300E-016, -1.527063293868296900, -1.984374999999996400 ) ) ;
#1146 = ORIENTED_EDGE ( 'NONE', *, *, #753, .T. ) ;
#1147 = ORIENTED_EDGE ( 'NONE', *, *, #2165, .T. ) ;
#1148 =( NAMED_UNIT ( * ) PLANE_ANGLE_UNIT ( ) SI_UNIT ( $, .RADIAN. ) );
#1149 = VECTOR ( 'NONE', #2601, 1000.000000000000100 ) ;
#1150 = CARTESIAN_POINT ( 'NONE',  ( 1.763300807568898100, -1.547243219053482700E-014, -1.328124999999997300 ) ) ;
#1151 = EDGE_CURVE ( 'NONE', #2224, #3861, #2492, .T. ) ;
#1152 = CARTESIAN_POINT ( 'NONE',  ( 1.576622122564776700, 0.2078487863862036000, 3.967077405468494100 ) ) ;
#1153 = ORIENTED_EDGE ( 'NONE', *, *, #3554, .T. ) ;
#1154 = CARTESIAN_POINT ( 'NONE',  ( 1.519732609479225400, -0.1859679960768917400, 3.399111320804028200 ) ) ;
#1155 = CARTESIAN_POINT ( 'NONE',  ( -0.6785254037844487000, -1.175240473580867500, -0.7291666666666638500 ) ) ;
#1156 = LINE ( 'NONE', #2096, #3036 ) ;
#1157 = CARTESIAN_POINT ( 'NONE',  ( 1.498883479085573600, 0.2066060943415825900, 3.595469709336402500 ) ) ;
#1158 = CARTESIAN_POINT ( 'NONE',  ( 7.069155443775209700E-016, 0.2069258640381783100, -0.3390240561570315200 ) ) ;
#1159 = LINE ( 'NONE', #4865, #1103 ) ;
#1160 = EDGE_CURVE ( 'NONE', #531, #4377, #2646, .T. ) ;
#1161 = CONICAL_SURFACE ( 'NONE', #632, 1.619999999999998100, 0.1047197551196600000 ) ;
#1162 = ADVANCED_FACE ( 'NONE', ( #553 ), #31, .T. ) ;
#1163 = CARTESIAN_POINT ( 'NONE',  ( 1.036004162901804600, -0.2622035415152686500, 4.124444084471206500 ) ) ;
#1164 = CARTESIAN_POINT ( 'NONE',  ( -1.523737468660976400, -0.1522618602394557900, 3.406249999999998700 ) ) ;
#1165 = CARTESIAN_POINT ( 'NONE',  ( -1.322475605676673500, 0.7635316469341264500, -4.151041666666663400 ) ) ;
#1166 =( BOUNDED_SURFACE ( )  B_SPLINE_SURFACE ( 1, 2, ( 
 ( #372, #3428, #1114, #3074, #4178, #3463, #1145, #1496, #1866, #1910, #4615, #3815, #11, #2266, #3476, #4194, #1171, #4585, #1597, #2016, #2783, #3560, #3892, #4292, #4680, #2761, #55, #3495, #1243, #2377, #4697, #45, #1978, #84, #1612, #434, #74, #854, #4306, #449, #805, #2801, #4276, #2391, #3944, #2350, #2407, #3121, #4718, #3513, #3139, #1631, #3530, #3156, #4324, #1199, #2730, #833, #1585, #1217, #419 ),
 ( #1185, #3881, #4656, #1961, #1566, #462, #4668, #3171, #481, #2367, #2745, #100, #817, #3912, #3541, #1230, #3930, #2002, #789, #4261, #1948, #1678, #135, #3954, #3214, #3587, #494, #4744, #3986, #884, #3186, #1649, #1258, #901, #870, #3200, #2437, #2824, #2843, #917, #2047, #525, #4729, #3967, #2031, #2811, #509, #2064, #1273, #3575, #4364, #3600, #4760, #4341, #2424, #115, #1662, #4354, #1287, #2450, #148 ) ),
 .UNSPECIFIED., .F., .F., .F. ) 
 B_SPLINE_SURFACE_WITH_KNOTS ( ( 2, 2 ),
 ( 3, 2, 2, 2, 2, 2, 2, 2, 2, 2, 2, 2, 2, 2, 2, 2, 2, 2, 2, 2, 2, 2, 2, 2, 2, 2, 2, 2, 2, 2, 3 ),
 ( 0.0000000000000000000, 1.000000000000000000 ),
 ( 0.0000000000000000000, 0.03333333333333333300, 0.06666666666666666600, 0.1000000000000000100, 0.1333333333333333300, 0.1666666666666666600, 0.2000000000000000100, 0.2333333333333333400, 0.2666666666666666600, 0.2999999999999999900, 0.3333333333333333100, 0.3666666666666666400, 0.4000000000000000200, 0.4333333333333333500, 0.4666666666666666700, 0.5000000000000000000, 0.5333333333333333300, 0.5666666666666666500, 0.5999999999999999800, 0.6333333333333333000, 0.6666666666666666300, 0.6999999999999999600, 0.7333333333333332800, 0.7666666666666667200, 0.8000000000000000400, 0.8333333333333333700, 0.8666666666666667000, 0.9000000000000000200, 0.9333333333333333500, 0.9666666666666666700, 1.000000000000000000 ),
 .UNSPECIFIED. ) 
 GEOMETRIC_REPRESENTATION_ITEM ( )  RATIONAL_B_SPLINE_SURFACE ( (
 ( 1.000000000000000000, 0.8660254037844387100, 1.000000000000000000, 0.8660254037844387100, 1.000000000000000000, 0.8660254037844387100, 1.000000000000000000, 0.8660254037844387100, 1.000000000000000000, 0.8660254037844387100, 1.000000000000000000, 0.8660254037844387100, 1.000000000000000000, 0.8660254037844387100, 1.000000000000000000, 0.8660254037844387100, 1.000000000000000000, 0.8660254037844387100, 1.000000000000000000, 0.8660254037844387100, 1.000000000000000000, 0.8660254037844387100, 1.000000000000000000, 0.8660254037844387100, 1.000000000000000000, 0.8660254037844387100, 1.000000000000000000, 0.8660254037844387100, 1.000000000000000000, 0.8660254037844387100, 1.000000000000000000, 0.8660254037844387100, 1.000000000000000000, 0.8660254037844387100, 1.000000000000000000, 0.8660254037844387100, 1.000000000000000000, 0.8660254037844387100, 1.000000000000000000, 0.8660254037844387100, 1.000000000000000000, 0.8660254037844387100, 1.000000000000000000, 0.8660254037844387100, 1.000000000000000000, 0.8660254037844387100, 1.000000000000000000, 0.8660254037844387100, 1.000000000000000000, 0.8660254037844387100, 1.000000000000000000, 0.8660254037844387100, 1.000000000000000000, 0.8660254037844387100, 1.000000000000000000, 0.8660254037844387100, 1.000000000000000000, 0.8660254037844387100, 1.000000000000000000, 0.8660254037844387100, 1.000000000000000000),
 ( 1.000000000000000000, 0.8660254037844387100, 1.000000000000000000, 0.8660254037844387100, 1.000000000000000000, 0.8660254037844387100, 1.000000000000000000, 0.8660254037844387100, 1.000000000000000000, 0.8660254037844387100, 1.000000000000000000, 0.8660254037844387100, 1.000000000000000000, 0.8660254037844387100, 1.000000000000000000, 0.8660254037844387100, 1.000000000000000000, 0.8660254037844387100, 1.000000000000000000, 0.8660254037844387100, 1.000000000000000000, 0.8660254037844387100, 1.000000000000000000, 0.8660254037844387100, 1.000000000000000000, 0.8660254037844387100, 1.000000000000000000, 0.8660254037844387100, 1.000000000000000000, 0.8660254037844387100, 1.000000000000000000, 0.8660254037844387100, 1.000000000000000000, 0.8660254037844387100, 1.000000000000000000, 0.8660254037844387100, 1.000000000000000000, 0.8660254037844387100, 1.000000000000000000, 0.8660254037844387100, 1.000000000000000000, 0.8660254037844387100, 1.000000000000000000, 0.8660254037844387100, 1.000000000000000000, 0.8660254037844387100, 1.000000000000000000, 0.8660254037844387100, 1.000000000000000000, 0.8660254037844387100, 1.000000000000000000, 0.8660254037844387100, 1.000000000000000000, 0.8660254037844387100, 1.000000000000000000, 0.8660254037844387100, 1.000000000000000000, 0.8660254037844387100, 1.000000000000000000, 0.8660254037844387100, 1.000000000000000000) ) ) 
 REPRESENTATION_ITEM ( '' )  SURFACE ( )  );
#1167 = CARTESIAN_POINT ( 'NONE',  ( 0.8660254037844489200, 1.500000000000001600, -3.291666666666664300 ) ) ;
#1168 = LINE ( 'NONE', #2567, #382 ) ;
#1169 = CARTESIAN_POINT ( 'NONE',  ( -0.1892290181409233600, 1.413305150745007200, 1.372236006380481300 ) ) ;
#1170 = CARTESIAN_POINT ( 'NONE',  ( -0.2731436643961221400, -1.038180288643461500, 4.228532400733665300 ) ) ;
#1171 = CARTESIAN_POINT ( 'NONE',  ( -1.322475605676673800, -0.7635316469341557600, -1.567708333333330200 ) ) ;
#1172 = APPROVAL_STATUS ( 'not_yet_approved' ) ;
#1173 = CARTESIAN_POINT ( 'NONE',  ( -0.8816504037844489200, 1.527063293868266400, -1.161458333333330600 ) ) ;
#1174 = CARTESIAN_POINT ( 'NONE',  ( 0.0000000000000000000, -2.816358005589994800, 3.098507708920577900 ) ) ;
#1175 = CARTESIAN_POINT ( 'NONE',  ( 0.6785254037844491400, 1.175240473580836800, 0.02083333333333624300 ) ) ;
#1176 = ORIENTED_EDGE ( 'NONE', *, *, #634, .T. ) ;
#1177 = CARTESIAN_POINT ( 'NONE',  ( -0.1701009219599218800, 1.515488654394542900, 3.406249999999998700 ) ) ;
#1178 = CARTESIAN_POINT ( 'NONE',  ( -1.836970198721050600E-016, -1.500000000000032400, 1.562500000000002900 ) ) ;
#1179 = ORIENTED_EDGE ( 'NONE', *, *, #3543, .F. ) ;
#1180 = CARTESIAN_POINT ( 'NONE',  ( 1.017788105676673100, 0.5876202367904098700, 1.416666666666669400 ) ) ;
#1181 = CARTESIAN_POINT ( 'NONE',  ( 0.0000000000000000000, 1.175240473580837500, -2.499999999999996900 ) ) ;
#1182 = CARTESIAN_POINT ( 'NONE',  ( 0.8816504037844485900, -1.527063293868297500, -2.411458333333330400 ) ) ;
#1183 = CARTESIAN_POINT ( 'NONE',  ( -0.6785254037844482600, 1.175240473580837300, -2.895833333333330400 ) ) ;
#1184 = DIRECTION ( 'NONE',  ( -0.0000000000000000000, -0.0000000000000000000, 1.000000000000000000 ) ) ;
#1185 = CARTESIAN_POINT ( 'NONE',  ( 0.0000000000000000000, 1.175240473580837500, -2.437499999999996900 ) ) ;
#1186 = CARTESIAN_POINT ( 'NONE',  ( -0.8660254037844478100, -1.500000000000032900, -2.979166666666663400 ) ) ;
#1187 = AXIS2_PLACEMENT_3D ( 'NONE', #2570, #608, #4501 ) ;
#1188 = CARTESIAN_POINT ( 'NONE',  ( 0.9609782536090906200, 0.2712414087855096200, 4.140750377164774700 ) ) ;
#1189 = EDGE_CURVE ( 'NONE', #38, #2542, #1521, .T. ) ;
#1190 = ORIENTED_EDGE ( 'NONE', *, *, #1602, .T. ) ;
#1191 = CARTESIAN_POINT ( 'NONE',  ( 1.245932656107035600, -0.2877651580966643100, 0.9719535438422902700 ) ) ;
#1192 = CARTESIAN_POINT ( 'NONE',  ( -0.9254976877526260900, 0.2866551442409829300, 4.147054690030636000 ) ) ;
#1193 = CARTESIAN_POINT ( 'NONE',  ( -1.576622122564781400, 0.2078487863861627200, 3.967077405468492300 ) ) ;
#1194 = ORIENTED_EDGE ( 'NONE', *, *, #3984, .T. ) ;
#1195 = CARTESIAN_POINT ( 'NONE',  ( -1.017788105676672700, -0.5876202367904415100, 1.666666666666669200 ) ) ;
#1196 = CARTESIAN_POINT ( 'NONE',  ( -1.439254484199210300E-016, -1.175240473580867500, -2.687499999999997300 ) ) ;
#1197 = CARTESIAN_POINT ( 'NONE',  ( -1.836970198721050400E-016, -1.500000000000031800, -1.999999999999997800 ) ) ;
#1198 = ORIENTED_EDGE ( 'NONE', *, *, #2609, .T. ) ;
#1199 = CARTESIAN_POINT ( 'NONE',  ( 0.8816504037844485900, -1.527063293868297500, 0.05729166666666989800 ) ) ;
#1200 = ORIENTED_EDGE ( 'NONE', *, *, #1741, .T. ) ;
#1201 = APPROVAL_ROLE ( '' ) ;
#1202 = ORIENTED_EDGE ( 'NONE', *, *, #1001, .T. ) ;
#1203 = COORDINATED_UNIVERSAL_TIME_OFFSET ( 6, 0, .BEHIND. ) ;
#1204 = CARTESIAN_POINT ( 'NONE',  ( 1.017788105676672200, -0.5876202367904416200, -3.666666666666663400 ) ) ;
#1205 = CARTESIAN_POINT ( 'NONE',  ( 0.0000000000000000000, 1.175240473580837300, -1.499999999999996900 ) ) ;
#1206 = DIRECTION ( 'NONE',  ( 0.0000000000000000000, 0.0000000000000000000, 1.000000000000000000 ) ) ;
#1207 = CARTESIAN_POINT ( 'NONE',  ( -1.560372603634419200, -0.1887742641981990900, 3.789916524429055600 ) ) ;
#1208 = ORIENTED_EDGE ( 'NONE', *, *, #4732, .F. ) ;
#1209 = DIRECTION ( 'NONE',  ( 0.07992773943613182300, -0.07992773943613305800, -0.9935910189495774600 ) ) ;
#1210 = CONICAL_SURFACE ( 'NONE', #4440, 1.187500000000004700, 0.7853981633974402900 ) ;
#1211 = CARTESIAN_POINT ( 'NONE',  ( 0.6785254037844491400, 1.175240473580836400, 0.4583333333333363100 ) ) ;
#1212 = CARTESIAN_POINT ( 'NONE',  ( 1.299038105676672200, -0.7500000000000237600, -3.916666666666663900 ) ) ;
#1213 = ORIENTED_EDGE ( 'NONE', *, *, #4732, .T. ) ;
#1214 = CARTESIAN_POINT ( 'NONE',  ( 0.6785254037844479200, -1.175240473580867500, -3.645833333333330400 ) ) ;
#1215 = CARTESIAN_POINT ( 'NONE',  ( 1.480908766186230800, -0.1867183014945909800, 3.406249999999998700 ) ) ;
#1216 = DIRECTION ( 'NONE',  ( -0.0000000000000000000, -1.224646799147353200E-016, 1.000000000000000000 ) ) ;
#1217 = CARTESIAN_POINT ( 'NONE',  ( 0.8816504037844498100, 1.527063293868266400, 0.2239583333333364000 ) ) ;
#1218 = CYLINDRICAL_SURFACE ( 'NONE', #1826, 1.500000000000000400 ) ;
#1219 = EDGE_CURVE ( 'NONE', #1032, #366, #4484, .T. ) ;
#1220 = CARTESIAN_POINT ( 'NONE',  ( -1.017788105676672700, 0.5876202367904114200, -3.416666666666663900 ) ) ;
#1221 = CARTESIAN_POINT ( 'NONE',  ( -1.017788105676672700, -0.5876202367904411700, -0.8333333333333304800 ) ) ;
#1222 = LINE ( 'NONE', #1477, #1938 ) ;
#1223 = CARTESIAN_POINT ( 'NONE',  ( 0.1867183014945854600, 2.086552065770483200E-015, 3.406249999999998700 ) ) ;
#1224 = CARTESIAN_POINT ( 'NONE',  ( -1.524207146240225100, 0.1474052775258880300, 3.406249999999998700 ) ) ;
#1225 = EDGE_CURVE ( 'NONE', #1903, #3755, #475, .T. ) ;
#1226 =( BOUNDED_CURVE ( )  B_SPLINE_CURVE ( 2, ( #3159, #3480, #1574, #840, #36, #808, #4658 ),
 .UNSPECIFIED., .F., .F. ) 
 B_SPLINE_CURVE_WITH_KNOTS ( ( 3, 2, 2, 3 ),
 ( 0.3000000000000002700, 0.3333333333333335400, 0.3666666666666668100, 0.4000000000000001300 ),
 .UNSPECIFIED. ) 
 CURVE ( )  GEOMETRIC_REPRESENTATION_ITEM ( )  RATIONAL_B_SPLINE_CURVE ( ( 0.9999999999999988900, 0.8660254037844398200, 1.000000000000000000, 0.8660254037844387100, 1.000000000000000000, 0.8660254037844382600, 1.000000000000000400 ) ) 
 REPRESENTATION_ITEM ( '' )  );
#1227 = CARTESIAN_POINT ( 'NONE',  ( 0.0000000000000000000, 4.487940763634945000E-016, 4.249999999999998200 ) ) ;
#1228 = CARTESIAN_POINT ( 'NONE',  ( -1.515488654394541800, -0.1701009219599383900, 3.406249999999998700 ) ) ;
#1229 = CARTESIAN_POINT ( 'NONE',  ( 1.017788105676673100, 0.5876202367904105300, -3.583333333333330400 ) ) ;
#1230 = CARTESIAN_POINT ( 'NONE',  ( -1.357050807568896700, -1.500610486132416700E-014, -1.812499999999996900 ) ) ;
#1231 = DIRECTION ( 'NONE',  ( -0.0000000000000000000, -0.8660254037844391500, 0.4999999999999990000 ) ) ;
#1232 = CARTESIAN_POINT ( 'NONE',  ( 0.8394648200698433500, -1.062789719189612500, 1.202051176319044000 ) ) ;
#1233 = EDGE_LOOP ( 'NONE', ( #3788, #2466, #4508, #2977 ) ) ;
#1234 = CARTESIAN_POINT ( 'NONE',  ( 0.9254976877526287500, -0.2866551442409776000, 4.147054690030635100 ) ) ;
#1235 = CARTESIAN_POINT ( 'NONE',  ( -1.578130571910036500, -0.2096185566311898900, 3.983514249373000900 ) ) ;
#1236 = CARTESIAN_POINT ( 'NONE',  ( -1.299038105676672400, -0.7500000000000235400, 0.4166666666666689600 ) ) ;
#1237 = CARTESIAN_POINT ( 'NONE',  ( -1.357050807568896700, -1.475352145900002500E-014, -3.874999999999996900 ) ) ;
#1238 = CARTESIAN_POINT ( 'NONE',  ( -0.2267097614933555000, -1.516811748361102600, 3.786743325484760900 ) ) ;
#1239 = CARTESIAN_POINT ( 'NONE',  ( 1.196817672909243500, -0.9270509831248885400, -3.926502832395822700 ) ) ;
#1240 = CARTESIAN_POINT ( 'NONE',  ( 1.357050807568896700, -1.518540559698466400E-014, -3.062499999999996900 ) ) ;
#1241 = AXIS2_PLACEMENT_3D ( 'NONE', #1729, #4034, #3266 ) ;
#1242 = VERTEX_POINT ( 'NONE', #3250 ) ;
#1243 = CARTESIAN_POINT ( 'NONE',  ( -1.322475605676673800, -0.7635316469341557600, -1.067708333333330200 ) ) ;
#1244 = DIRECTION ( 'NONE',  ( 0.0000000000000000000, 1.224646799147353000E-016, -1.000000000000000000 ) ) ;
#1245 = AXIS2_PLACEMENT_3D ( 'NONE', #4838, #3696, #2491 ) ;
#1246 = ORIENTED_EDGE ( 'NONE', *, *, #443, .F. ) ;
#1247 = CARTESIAN_POINT ( 'NONE',  ( -1.439254484199210300E-016, -1.175240473580867500, -2.249999999999997300 ) ) ;
#1248 = CARTESIAN_POINT ( 'NONE',  ( 0.9254976877526298600, 0.2866551442409747700, 4.147054690030635100 ) ) ;
#1249 = EDGE_CURVE ( 'NONE', #1389, #1929, #3555, .T. ) ;
#1250 = CARTESIAN_POINT ( 'NONE',  ( 0.1741350313372162500, 1.511934972212401100, 3.406249999999998700 ) ) ;
#1251 = EDGE_LOOP ( 'NONE', ( #4110, #2356, #3371, #3687 ) ) ;
#1252 = CARTESIAN_POINT ( 'NONE',  ( -0.5181179941836141500, 0.4612119759279537100, 4.198166090358180100 ) ) ;
#1253 = VECTOR ( 'NONE', #4835, 999.9999999999998900 ) ;
#1254 = CARTESIAN_POINT ( 'NONE',  ( -0.6785254037844487000, -1.175240473580867300, -1.729166666666663600 ) ) ;
#1255 = CARTESIAN_POINT ( 'NONE',  ( 0.2473912190327965400, 1.535008919717076000, 3.983514249959532600 ) ) ;
#1256 = ORIENTED_EDGE ( 'NONE', *, *, #3543, .T. ) ;
#1257 = CARTESIAN_POINT ( 'NONE',  ( 0.1966617905630063400, 1.489937016748776900, 3.500855978943534700 ) ) ;
#1258 = CARTESIAN_POINT ( 'NONE',  ( 1.017788105676672200, -0.5876202367904419500, -1.104166666666663600 ) ) ;
#1259 = EDGE_LOOP ( 'NONE', ( #4314, #1958, #1146, #3130, #2221, #1052, #3622, #3185 ) ) ;
#1260 = FACE_OUTER_BOUND ( 'NONE', #1451, .T. ) ;
#1261 = ORIENTED_EDGE ( 'NONE', *, *, #670, .T. ) ;
#1262 = ORIENTED_EDGE ( 'NONE', *, *, #2059, .T. ) ;
#1263 = CARTESIAN_POINT ( 'NONE',  ( 0.6785254037844479200, -1.175240473580867700, -2.208333333333330400 ) ) ;
#1264 = CARTESIAN_POINT ( 'NONE',  ( -7.985838458082756900E-014, 1.410392906041639600, 1.364234679818168400 ) ) ;
#1265 = VECTOR ( 'NONE', #1677, 1000.000000000000100 ) ;
#1266 = CARTESIAN_POINT ( 'NONE',  ( -1.836970198721050400E-016, -1.500000000000031800, -1.937499999999996200 ) ) ;
#1267 = CARTESIAN_POINT ( 'NONE',  ( 1.544577949440511600, 0.2457639344234992800, 3.976637958131966900 ) ) ;
#1268 = EDGE_LOOP ( 'NONE', ( #2660, #3599, #2621, #2098 ) ) ;
#1269 = ORIENTED_EDGE ( 'NONE', *, *, #953, .F. ) ;
#1270 = CARTESIAN_POINT ( 'NONE',  ( 0.9100100306033864800, 0.2087934338140780600, 3.406249999999998700 ) ) ;
#1271 = CARTESIAN_POINT ( 'NONE',  ( -1.212660653210748700, -0.7453164392736794100, 1.368102637616794400 ) ) ;
#1272 = CIRCLE ( 'NONE', #4338, 1.550799999999997100 ) ;
#1273 = CARTESIAN_POINT ( 'NONE',  ( 0.0000000000000000000, 1.175240473580837300, -0.4374999999999968900 ) ) ;
#1274 = CARTESIAN_POINT ( 'NONE',  ( 0.1133358032388377800, -1.182079204496981200, -4.250000000000000000 ) ) ;
#1275 =( BOUNDED_CURVE ( )  B_SPLINE_CURVE ( 2, ( #3009, #4118, #4922, #1417, #2945, #2553, #279 ),
 .UNSPECIFIED., .F., .T. ) 
 B_SPLINE_CURVE_WITH_KNOTS ( ( 3, 2, 2, 3 ),
 ( 0.4000000000000001300, 0.4333333333333335100, 0.4666666666666669500, 0.5000000000000003300 ),
 .UNSPECIFIED. ) 
 CURVE ( )  GEOMETRIC_REPRESENTATION_ITEM ( )  RATIONAL_B_SPLINE_CURVE ( ( 0.9999999999999995600, 0.8660254037844391500, 1.000000000000000000, 0.8660254037844387100, 1.000000000000000000, 0.8660254037844373800, 1.000000000000001300 ) ) 
 REPRESENTATION_ITEM ( '' )  );
#1276 = EDGE_CURVE ( 'NONE', #892, #4644, #3523, .T. ) ;
#1277 = B_SPLINE_CURVE_WITH_KNOTS ( 'NONE', 3,
 ( #2568, #291, #4909, #2226, #686, #245, #3781 ),
 .UNSPECIFIED., .F., .F.,
 ( 4, 3, 4 ),
 ( 3.430424283271759300E-016, 0.0002867374893064195100, 0.0005665053673953705500 ),
 .UNSPECIFIED. ) ;
#1278 = DIRECTION ( 'NONE',  ( 8.704148513061226000E-014, -1.000000000000000000, 0.0000000000000000000 ) ) ;
#1279 = CARTESIAN_POINT ( 'NONE',  ( 0.1941710946047800800, -0.9453114802360871300, 3.406249999999998700 ) ) ;
#1280 = CARTESIAN_POINT ( 'NONE',  ( 0.4628182282804667600, -1.338607985407968200, -4.024134823632834000 ) ) ;
#1281 = CARTESIAN_POINT ( 'NONE',  ( 0.2238015188012809400, -1.571416688645962800, 3.968174913599007000 ) ) ;
#1282 = CARTESIAN_POINT ( 'NONE',  ( -0.2631248712943651800, -0.9978205399679973600, 4.133209951772098400 ) ) ;
#1283 = EDGE_CURVE ( 'NONE', #4025, #2702, #237, .T. ) ;
#1284 = ORIENTED_EDGE ( 'NONE', *, *, #290, .T. ) ;
#1285 = DIRECTION ( 'NONE',  ( -0.0000000000000000000, -0.0000000000000000000, -1.000000000000000000 ) ) ;
#1286 = CARTESIAN_POINT ( 'NONE',  ( -0.09332938304229838900, 1.344689426178006700, -4.092810573821994400 ) ) ;
#1287 = CARTESIAN_POINT ( 'NONE',  ( 1.017788105676673100, 0.5876202367904100900, -0.02083333333333017200 ) ) ;
#1288 = CARTESIAN_POINT ( 'NONE',  ( 0.7487596934443685500, 1.006870509872321600, 0.9086255580358344500 ) ) ;
#1289 = CARTESIAN_POINT ( 'NONE',  ( 0.8454866920094593600, -1.239012612379305300, 1.610428147091792700 ) ) ;
#1290 = CARTESIAN_POINT ( 'NONE',  ( -3.777006226363460200E-014, 1.260009172861203500, 0.9510587686516313000 ) ) ;
#1291 = CARTESIAN_POINT ( 'NONE',  ( 1.476889365292440400, -0.2622933523483775800, 1.610428147091759900 ) ) ;
#1292 = CARTESIAN_POINT ( 'NONE',  ( -1.572796539073738200, 0.2470295586577319100, 3.980073281342365800 ) ) ;
#1293 = CARTESIAN_POINT ( 'NONE',  ( 0.6785254037844491400, 1.175240473580837100, -2.041666666666663900 ) ) ;
#1294 = CARTESIAN_POINT ( 'NONE',  ( 1.096282313403988100, 0.8713254963814166500, 1.304345717800267300 ) ) ;
#1295 = CARTESIAN_POINT ( 'NONE',  ( 0.1474052775258389000, 1.524207146240229800, 3.406249999999998700 ) ) ;
#1296 = CARTESIAN_POINT ( 'NONE',  ( 3.215498476294970400E-016, 2.287307525620820000, 1.749999999999997800 ) ) ;
#1297 = ORIENTED_EDGE ( 'NONE', *, *, #2051, .T. ) ;
#1298 = ORIENTED_EDGE ( 'NONE', *, *, #267, .F. ) ;
#1299 = CARTESIAN_POINT ( 'NONE',  ( -1.836970198721050400E-016, -1.500000000000032000, -0.4374999999999966100 ) ) ;
#1300 = CARTESIAN_POINT ( 'NONE',  ( 0.4347626794466379900, 0.5917109473128512300, 4.233624606597339300 ) ) ;
#1301 = EDGE_CURVE ( 'NONE', #242, #1782, #2774, .T. ) ;
#1302 = CARTESIAN_POINT ( 'NONE',  ( -1.299038105676672400, 0.7499999999999936700, -2.666666666666663900 ) ) ;
#1303 = VERTEX_POINT ( 'NONE', #1717 ) ;
#1304 = CARTESIAN_POINT ( 'NONE',  ( 0.1593403583579617900, 1.257264236211746100, 0.9435171171895281300 ) ) ;
#1305 = ADVANCED_FACE ( 'NONE', ( #2487 ), #1459, .T. ) ;
#1306 = CARTESIAN_POINT ( 'NONE',  ( -0.7954915155712430900, -1.066544045521094600, 1.115114299221666700 ) ) ;
#1307 =( BOUNDED_SURFACE ( )  B_SPLINE_SURFACE ( 3, 2, ( 
 ( #1255, #878, #2011 ),
 ( #1645, #2060, #2041 ),
 ( #506, #4727, #3951 ),
 ( #1673, #4334, #457 ) ),
 .UNSPECIFIED., .F., .F., .F. ) 
 B_SPLINE_SURFACE_WITH_KNOTS ( ( 4, 4 ),
 ( 3, 3 ),
 ( 0.0009457745824564878000, 0.001532209764511536200 ),
 ( 0.0000000000000000000, 1.000000000000000000 ),
 .UNSPECIFIED. ) 
 GEOMETRIC_REPRESENTATION_ITEM ( )  RATIONAL_B_SPLINE_SURFACE ( (
 ( 1.000000000000000000, 0.7553668689749267800, 1.000000000000000000),
 ( 1.000000000000000000, 0.7516316295133800300, 1.000000000000000000),
 ( 1.000000000000000000, 0.7477224916929473600, 1.000000000000000000),
 ( 1.000000000000000000, 0.7436119262564593300, 1.000000000000000000) ) ) 
 REPRESENTATION_ITEM ( '' )  SURFACE ( )  );
#1308 = CARTESIAN_POINT ( 'NONE',  ( -1.836970198721050400E-016, -1.500000000000031800, -2.999999999999997300 ) ) ;
#1309 = B_SPLINE_CURVE_WITH_KNOTS ( 'NONE', 3,
 ( #1359, #654, #641, #4858 ),
 .UNSPECIFIED., .F., .F.,
 ( 4, 4 ),
 ( 0.0000000000000000000, 0.0001154157762592060600 ),
 .UNSPECIFIED. ) ;
#1310 = ORIENTED_EDGE ( 'NONE', *, *, #539, .T. ) ;
#1311 = ORIENTED_EDGE ( 'NONE', *, *, #2773, .T. ) ;
#1312 = CARTESIAN_POINT ( 'NONE',  ( 0.6785254037844491400, 1.175240473580837100, -3.479166666666663900 ) ) ;
#1313 = DIRECTION ( 'NONE',  ( 0.0000000000000000000, 1.224646799147353200E-016, -1.000000000000000000 ) ) ;
#1314 = CARTESIAN_POINT ( 'NONE',  ( 0.6785254037844479200, -1.175240473580867700, -0.2083333333333307600 ) ) ;
#1315 = CARTESIAN_POINT ( 'NONE',  ( 0.08963583535739053100, 1.409013405744528900, 1.360444533901702600 ) ) ;
#1316 = EDGE_CURVE ( 'NONE', #1091, #54, #2612, .T. ) ;
#1317 = CARTESIAN_POINT ( 'NONE',  ( -0.8816504037844494800, -1.527063293868296600, -0.02604166666666374300 ) ) ;
#1318 = CARTESIAN_POINT ( 'NONE',  ( -0.2087934338140690100, 0.9100100306033882500, 3.406249999999998700 ) ) ;
#1319 = CARTESIAN_POINT ( 'NONE',  ( 1.561949897604144800, 0.2358143114672198200, 3.970962413964580100 ) ) ;
#1320 = ORIENTED_EDGE ( 'NONE', *, *, #800, .F. ) ;
#1321 = CARTESIAN_POINT ( 'NONE',  ( -1.017788105676672700, -0.5876202367904411700, -0.2708333333333303700 ) ) ;
#1322 = CARTESIAN_POINT ( 'NONE',  ( 0.1715198971677347500, -1.453050624359642600, 1.481435797666839300 ) ) ;
#1323 = ORIENTED_EDGE ( 'NONE', *, *, #4868, .T. ) ;
#1324 = CIRCLE ( 'NONE', #1918, 1.531318301494583500 ) ;
#1325 = CARTESIAN_POINT ( 'NONE',  ( -0.3170463941377649200, -1.146545008483582000, 0.7275182688350184700 ) ) ;
#1326 = CARTESIAN_POINT ( 'NONE',  ( 0.0000000000000000000, 4.487940763634945000E-016, 4.249999999999998200 ) ) ;
#1327 = CARTESIAN_POINT ( 'NONE',  ( -0.6519409855332521900, -1.163683858818569600, 1.124133956428934100 ) ) ;
#1328 = ORIENTED_EDGE ( 'NONE', *, *, #4125, .F. ) ;
#1329 = CARTESIAN_POINT ( 'NONE',  ( 0.0000000000000000000, 1.351151883724552000, 0.1640625000000031900 ) ) ;
#1330 = DIRECTION ( 'NONE',  ( 0.0000000000000000000, -1.000000000000000000, 0.0000000000000000000 ) ) ;
#1331 = CARTESIAN_POINT ( 'NONE',  ( 1.017788105676673100, 0.5876202367904099800, 0.4166666666666695700 ) ) ;
#1332 = CARTESIAN_POINT ( 'NONE',  ( 1.038180288643460100, -0.2731436643961262500, 4.228532400733666200 ) ) ;
#1333 = CARTESIAN_POINT ( 'NONE',  ( 0.8816504037844485900, -1.527063293868297500, 0.5572916666666695200 ) ) ;
#1334 = TOROIDAL_SURFACE ( 'NONE', #1731, 2.287307525620819100, 0.6875000000000004400 ) ;
#1335 = CARTESIAN_POINT ( 'NONE',  ( 0.2134061629270732600, -1.575889484126588700, 3.967077405468486500 ) ) ;
#1336 = CARTESIAN_POINT ( 'NONE',  ( 0.0000000000000000000, 1.175240473580837500, -1.937499999999996900 ) ) ;
#1337 = CARTESIAN_POINT ( 'NONE',  ( 1.070458011032063400, -0.5869358991224502600, 0.8143904374814889800 ) ) ;
#1338 = DIRECTION ( 'NONE',  ( 0.0000000000000000000, 0.0000000000000000000, 1.000000000000000000 ) ) ;
#1339 = VECTOR ( 'NONE', #2392, 1000.000000000000100 ) ;
#1340 = DIRECTION ( 'NONE',  ( -0.0000000000000000000, -1.224646799147353200E-016, 1.000000000000000000 ) ) ;
#1341 = CARTESIAN_POINT ( 'NONE',  ( 0.8660254037844489200, 1.500000000000001100, 0.2083333333333356700 ) ) ;
#1342 = CARTESIAN_POINT ( 'NONE',  ( -1.017788105676672700, -0.5876202367904407300, -4.270833333333330400 ) ) ;
#1343 = CARTESIAN_POINT ( 'NONE',  ( 0.9279710683664130800, 0.2990896682797071200, 4.265361283549925300 ) ) ;
#1344 = EDGE_CURVE ( 'NONE', #723, #845, #1405, .T. ) ;
#1345 = CARTESIAN_POINT ( 'NONE',  ( 0.6785254037844479200, -1.175240473580867700, -3.145833333333330400 ) ) ;
#1346 = CARTESIAN_POINT ( 'NONE',  ( 1.038180288643460600, 0.2731436643961234800, 4.228532400733666200 ) ) ;
#1347 = CARTESIAN_POINT ( 'NONE',  ( 1.017788105676672200, -0.5876202367904422900, 1.333333333333336100 ) ) ;
#1348 = CARTESIAN_POINT ( 'NONE',  ( 2.948907029683748100E-017, -3.111055989149961000E-015, 4.249999999999998200 ) ) ;
#1349 = CARTESIAN_POINT ( 'NONE',  ( 1.576622122564782700, -0.2078487863861529500, 3.967077405468494100 ) ) ;
#1350 = CARTESIAN_POINT ( 'NONE',  ( -1.732050807568896500, -1.512856954123890300E-014, -0.6249999999999976700 ) ) ;
#1351 = CARTESIAN_POINT ( 'NONE',  ( -0.6785254037844480300, 1.175240473580837500, -0.8958333333333301500 ) ) ;
#1352 = CARTESIAN_POINT ( 'NONE',  ( 0.8660254037844529200, -1.500000000000024000, -0.9583333333333303700 ) ) ;
#1353 = DIRECTION ( 'NONE',  ( -0.9238795325112864100, -0.3826834323650905600, 0.0000000000000000000 ) ) ;
#1354 = CARTESIAN_POINT ( 'NONE',  ( -0.1842696601082797800, -1.495340224802466800, 3.406249999999998700 ) ) ;
#1355 = CARTESIAN_POINT ( 'NONE',  ( -0.6785254037844482600, 1.175240473580837500, -3.895833333333329900 ) ) ;
#1356 = PLANE ( 'NONE',  #880 ) ;
#1357 = DIRECTION ( 'NONE',  ( 0.0000000000000000000, -0.1045284632676536900, -0.9945218953682732900 ) ) ;
#1358 = ORIENTED_EDGE ( 'NONE', *, *, #1732, .F. ) ;
#1359 = CARTESIAN_POINT ( 'NONE',  ( -0.9254976877526300800, -0.2866551442409758800, 4.147054690030634200 ) ) ;
#1360 = CARTESIAN_POINT ( 'NONE',  ( -0.8234078741651420500, -0.8385640366158168000, -4.250000000000000900 ) ) ;
#1361 = CARTESIAN_POINT ( 'NONE',  ( 0.0000000000000000000, -2.143131898507865300E-016, 1.749999999999997600 ) ) ;
#1362 = CARTESIAN_POINT ( 'NONE',  ( 1.017788105676673100, 0.5876202367904100900, -0.08333333333333044200 ) ) ;
#1363 = CARTESIAN_POINT ( 'NONE',  ( -1.524207146240230200, -0.1474052775258406500, 3.406249999999998700 ) ) ;
#1364 = DIRECTION ( 'NONE',  ( -0.07992773943613239200, 0.07992773943613269700, -0.9935910189495773500 ) ) ;
#1365 = VERTEX_POINT ( 'NONE', #4082 ) ;
#1366 = DIRECTION ( 'NONE',  ( -0.0000000000000000000, -1.224646799147353200E-016, 1.000000000000000000 ) ) ;
#1367 = CARTESIAN_POINT ( 'NONE',  ( 0.6785254037844491400, 1.175240473580836800, 0.02083333333333624300 ) ) ;
#1368 = CARTESIAN_POINT ( 'NONE',  ( 0.8660254037844472600, 1.500000000000003800, 1.208333333333335900 ) ) ;
#1369 = DIRECTION ( 'NONE',  ( -0.0000000000000000000, -1.224646799147353200E-016, 1.000000000000000000 ) ) ;
#1370 = EDGE_LOOP ( 'NONE', ( #1190, #4443, #3243, #2449 ) ) ;
#1371 = ORIENTED_EDGE ( 'NONE', *, *, #3002, .F. ) ;
#1372 = AXIS2_PLACEMENT_3D ( 'NONE', #3757, #180, #4481 ) ;
#1373 = EDGE_CURVE ( 'NONE', #896, #596, #2559, .T. ) ;
#1374 = CARTESIAN_POINT ( 'NONE',  ( -1.357050807568896700, -1.476117550149469700E-014, -3.812499999999997300 ) ) ;
#1375 =( BOUNDED_CURVE ( )  B_SPLINE_CURVE ( 2, ( #4771, #2109, #233, #1350, #2538, #4804, #2890 ),
 .UNSPECIFIED., .F., .T. ) 
 B_SPLINE_CURVE_WITH_KNOTS ( ( 3, 2, 2, 3 ),
 ( 0.6000000000000000900, 0.6333333333333335300, 0.6666666666666668500, 0.7000000000000002900 ),
 .UNSPECIFIED. ) 
 CURVE ( )  GEOMETRIC_REPRESENTATION_ITEM ( )  RATIONAL_B_SPLINE_CURVE ( ( 0.9999999999999995600, 0.8660254037844391500, 1.000000000000000000, 0.8660254037844387100, 1.000000000000000000, 0.8660254037844373800, 1.000000000000001300 ) ) 
 REPRESENTATION_ITEM ( '' )  );
#1376 = ORIENTED_EDGE ( 'NONE', *, *, #4738, .T. ) ;
#1377 = CARTESIAN_POINT ( 'NONE',  ( 0.0000000000000000000, 1.500000000000002000, -2.249999999999997800 ) ) ;
#1378 = LOCAL_TIME ( 11, 25, 58.00000000000000000, #1203 ) ;
#1379 = CARTESIAN_POINT ( 'NONE',  ( -1.836970198721050400E-016, -1.500000000000032200, 1.000000000000002400 ) ) ;
#1380 = CARTESIAN_POINT ( 'NONE',  ( 0.0000000000000000000, 1.500000000000002000, -2.249999999999997800 ) ) ;
#1381 = CARTESIAN_POINT ( 'NONE',  ( -1.357050807568896700, -1.488364018140943200E-014, -2.812499999999997300 ) ) ;
#1382 = DIRECTION ( 'NONE',  ( 1.000000000000000000, 0.0000000000000000000, 0.0000000000000000000 ) ) ;
#1383 = ORIENTED_EDGE ( 'NONE', *, *, #600, .T. ) ;
#1384 = CARTESIAN_POINT ( 'NONE',  ( 0.0000000000000000000, 1.175240473580837100, 2.000000000000003100 ) ) ;
#1385 = CARTESIAN_POINT ( 'NONE',  ( 0.0000000000000000000, 1.500000000000001300, 0.3125000000000035500 ) ) ;
#1386 = EDGE_CURVE ( 'NONE', #1503, #4525, #4290, .T. ) ;
#1387 = CARTESIAN_POINT ( 'NONE',  ( -1.322475605676673500, 0.7635316469341257900, 0.8489583333333365900 ) ) ;
#1388 = ADVANCED_FACE ( 'NONE', ( #1584 ), #4171, .T. ) ;
#1389 = VERTEX_POINT ( 'NONE', #4485 ) ;
#1390 = CARTESIAN_POINT ( 'NONE',  ( -1.836970198721050400E-016, -1.500000000000032200, 1.000000000000002400 ) ) ;
#1391 = ORIENTED_EDGE ( 'NONE', *, *, #4651, .T. ) ;
#1392 = DIRECTION ( 'NONE',  ( -0.0000000000000000000, -1.224646799147353000E-016, 1.000000000000000000 ) ) ;
#1393 = CYLINDRICAL_SURFACE ( 'NONE', #1949, 1.500000000000000400 ) ;
#1394 = CARTESIAN_POINT ( 'NONE',  ( -0.2866551442409657800, 0.9254976877526323000, 4.147054690030636000 ) ) ;
#1395 = CARTESIAN_POINT ( 'NONE',  ( -0.2069258640381761400, 3.504156612743540600E-015, -0.3390240561570314600 ) ) ;
#1396 = ORIENTED_EDGE ( 'NONE', *, *, #4671, .F. ) ;
#1397 = CIRCLE ( 'NONE', #2352, 1.531318301494583500 ) ;
#1398 = CARTESIAN_POINT ( 'NONE',  ( 0.6785254037844479200, -1.175240473580867500, -4.208333333333330400 ) ) ;
#1399 = LINE ( 'NONE', #2364, #2669 ) ;
#1400 = CARTESIAN_POINT ( 'NONE',  ( 1.512083700825213900, 0.1735972396126735100, 3.406249999999998700 ) ) ;
#1401 = FACE_OUTER_BOUND ( 'NONE', #868, .T. ) ;
#1402 = CARTESIAN_POINT ( 'NONE',  ( 1.322475605676674200, 0.7635316469341245600, 0.2135416666666693800 ) ) ;
#1403 = CARTESIAN_POINT ( 'NONE',  ( -1.763300807568898100, -1.531226656111100500E-014, 0.8906250000000030000 ) ) ;
#1404 = CARTESIAN_POINT ( 'NONE',  ( 1.357050807568896700, -1.542268091431946500E-014, -1.124999999999997100 ) ) ;
#1405 = LINE ( 'NONE', #4795, #3578 ) ;
#1406 = CARTESIAN_POINT ( 'NONE',  ( -1.836970198721050400E-016, -1.500000000000032000, 2.327646539054817300E-015 ) ) ;
#1407 = EDGE_CURVE ( 'NONE', #942, #4746, #1701, .T. ) ;
#1408 = CARTESIAN_POINT ( 'NONE',  ( -0.1492243482503690700, -1.524031224859956100, 3.406249999999998700 ) ) ;
#1409 = AXIS2_PLACEMENT_3D ( 'NONE', #4386, #2848, #1330 ) ;
#1410 = ORIENTED_EDGE ( 'NONE', *, *, #2410, .F. ) ;
#1411 = CARTESIAN_POINT ( 'NONE',  ( -0.6785254037844482600, 1.175240473580837300, -3.458333333333330400 ) ) ;
#1412 = CARTESIAN_POINT ( 'NONE',  ( -1.498883479085571600, 0.2066060943415969100, 3.595469709336403000 ) ) ;
#1413 = CARTESIAN_POINT ( 'NONE',  ( -1.299038105676672400, 0.7499999999999932300, 0.8333333333333358100 ) ) ;
#1414 = EDGE_CURVE ( 'NONE', #937, #1801, #3165, .T. ) ;
#1415 = CARTESIAN_POINT ( 'NONE',  ( 1.515488654394541400, 0.1701009219599376200, 3.406249999999998700 ) ) ;
#1416 = CARTESIAN_POINT ( 'NONE',  ( 0.8660254037844512500, -1.500000000000026900, 1.541666666666669000 ) ) ;
#1417 = CARTESIAN_POINT ( 'NONE',  ( -1.732050807568896500, -1.506733720128153500E-014, -1.124999999999997600 ) ) ;
#1418 = CARTESIAN_POINT ( 'NONE',  ( 1.763300807568898100, -1.571736155036429400E-014, 0.6718750000000025500 ) ) ;
#1419 = CARTESIAN_POINT ( 'NONE',  ( 1.322475605676674200, 0.7635316469341242300, 2.182291666666670100 ) ) ;
#1420 = CARTESIAN_POINT ( 'NONE',  ( -1.571416688645961700, -0.2238015188012865100, 3.968174913599007900 ) ) ;
#1421 = CARTESIAN_POINT ( 'NONE',  ( 0.0000000000000000000, 1.175240473580837500, -1.937499999999996900 ) ) ;
#1422 = ORIENTED_EDGE ( 'NONE', *, *, #2640, .F. ) ;
#1423 = CARTESIAN_POINT ( 'NONE',  ( 0.4630245338343841900, -1.500000000000034400, 1.584777278270892400 ) ) ;
#1424 = CARTESIAN_POINT ( 'NONE',  ( -0.8816504037844489200, 1.527063293868266900, -4.161458333333330400 ) ) ;
#1425 = CARTESIAN_POINT ( 'NONE',  ( 1.299038105676672200, -0.7500000000000239800, -2.916666666666664300 ) ) ;
#1426 = EDGE_LOOP ( 'NONE', ( #2454, #500, #4679, #4526 ) ) ;
#1427 = CARTESIAN_POINT ( 'NONE',  ( 0.0000000000000000000, 1.175240473580837500, -1.937499999999996900 ) ) ;
#1428 = CARTESIAN_POINT ( 'NONE',  ( -1.732050807568896500, -1.476117550149469700E-014, -3.624999999999997300 ) ) ;
#1429 = CARTESIAN_POINT ( 'NONE',  ( 1.763300807568898100, -1.577859389032166200E-014, 1.171875000000002400 ) ) ;
#1430 = CARTESIAN_POINT ( 'NONE',  ( 0.8816504037844498100, 1.527063293868266200, 1.723958333333336400 ) ) ;
#1431 = AXIS2_PLACEMENT_3D ( 'NONE', #1158, #4645, #1540 ) ;
#1432 = CARTESIAN_POINT ( 'NONE',  ( 0.0000000000000000000, 2.602085213965210600E-015, 3.967077405468494100 ) ) ;
#1433 = ORIENTED_EDGE ( 'NONE', *, *, #732, .F. ) ;
#1434 = ADVANCED_FACE ( 'NONE', ( #3403 ), #2426, .T. ) ;
#1435 = FACE_OUTER_BOUND ( 'NONE', #1085, .T. ) ;
#1436 = AXIS2_PLACEMENT_3D ( 'NONE', #246, #4878, #3427 ) ;
#1437 = DIRECTION ( 'NONE',  ( 0.0000000000000000000, -1.000000000000000000, 0.0000000000000000000 ) ) ;
#1438 =( BOUNDED_CURVE ( )  B_SPLINE_CURVE ( 2, ( #106, #1621, #4332, #3553, #1236, #1993, #4316 ),
 .UNSPECIFIED., .F., .F. ) 
 B_SPLINE_CURVE_WITH_KNOTS ( ( 3, 2, 2, 3 ),
 ( 0.2000000000000000100, 0.2333333333333333400, 0.2666666666666666600, 0.2999999999999999900 ),
 .UNSPECIFIED. ) 
 CURVE ( )  GEOMETRIC_REPRESENTATION_ITEM ( )  RATIONAL_B_SPLINE_CURVE ( ( 1.000000000000000000, 0.8660254037844387100, 1.000000000000000000, 0.8660254037844387100, 1.000000000000000000, 0.8660254037844387100, 1.000000000000000000 ) ) 
 REPRESENTATION_ITEM ( '' )  );
#1439 = ORIENTED_EDGE ( 'NONE', *, *, #2673, .T. ) ;
#1440 = CARTESIAN_POINT ( 'NONE',  ( -1.836970198721050600E-016, -1.500000000000032400, 1.562500000000002900 ) ) ;
#1441 = AXIS2_PLACEMENT_3D ( 'NONE', #2952, #4436, #2138 ) ;
#1442 = LINE ( 'NONE', #2029, #4823 ) ;
#1443 = EDGE_CURVE ( 'NONE', #1801, #3850, #1168, .T. ) ;
#1444 = CARTESIAN_POINT ( 'NONE',  ( 0.0000000000000000000, 1.175240473580837700, -4.499999999999997300 ) ) ;
#1445 = CARTESIAN_POINT ( 'NONE',  ( 1.017788105676673100, 0.5876202367904104200, -2.583333333333330800 ) ) ;
#1446 = ORIENTED_EDGE ( 'NONE', *, *, #2506, .T. ) ;
#1447 = LINE ( 'NONE', #2001, #4037 ) ;
#1448 = DIRECTION ( 'NONE',  ( -0.07992773943613230800, -0.07992773943613253100, -0.9935910189495773500 ) ) ;
#1449 = DIRECTION ( 'NONE',  ( -0.0000000000000000000, -1.224646799147353200E-016, 1.000000000000000000 ) ) ;
#1450 = CARTESIAN_POINT ( 'NONE',  ( 0.0000000000000000000, 1.527063293868266400, 0.7968750000000028900 ) ) ;
#1451 = EDGE_LOOP ( 'NONE', ( #3440, #1037, #1074, #288, #4927 ) ) ;
#1452 = CARTESIAN_POINT ( 'NONE',  ( -0.6785254037844482600, 1.175240473580837300, 0.1041666666666697100 ) ) ;
#1453 = FACE_OUTER_BOUND ( 'NONE', #1567, .T. ) ;
#1454 = CARTESIAN_POINT ( 'NONE',  ( -0.6785254037844487000, -1.175240473580867500, -1.291666666666663600 ) ) ;
#1455 = CARTESIAN_POINT ( 'NONE',  ( -1.299038105676672400, -0.7500000000000234300, -0.08333333333333092800 ) ) ;
#1456 = FACE_OUTER_BOUND ( 'NONE', #1013, .T. ) ;
#1457 = PLANE ( 'NONE',  #1569 ) ;
#1458 = CARTESIAN_POINT ( 'NONE',  ( 0.0000000000000000000, 1.175240473580837700, -3.999999999999996400 ) ) ;
#1459 = CYLINDRICAL_SURFACE ( 'NONE', #3279, 1.500000000000000400 ) ;
#1460 = ADVANCED_FACE ( 'NONE', ( #3343 ), #795, .T. ) ;
#1461 = CARTESIAN_POINT ( 'NONE',  ( 0.6785254037844479200, -1.175240473580867700, -0.2083333333333307600 ) ) ;
#1462 = CARTESIAN_POINT ( 'NONE',  ( -1.763300807568898100, -1.470377018278466300E-014, -4.078124999999997300 ) ) ;
#1463 = CARTESIAN_POINT ( 'NONE',  ( -1.357050807568896700, -1.505968315878686300E-014, -1.374999999999997100 ) ) ;
#1464 = CARTESIAN_POINT ( 'NONE',  ( 1.763300807568898100, -1.583982623027903300E-014, 1.671875000000002700 ) ) ;
#1465 = CARTESIAN_POINT ( 'NONE',  ( -1.357050807568896700, -1.537349890106837300E-014, 1.187500000000002900 ) ) ;
#1466 = CARTESIAN_POINT ( 'NONE',  ( 0.6785254037844479200, -1.175240473580867700, -1.208333333333330600 ) ) ;
#1467 = CARTESIAN_POINT ( 'NONE',  ( -1.537088995082178200, 0.2468885705421099400, 3.979230760618282800 ) ) ;
#1468 = VERTEX_POINT ( 'NONE', #3271 ) ;
#1469 = EDGE_CURVE ( 'NONE', #255, #1546, #1593, .T. ) ;
#1470 = CARTESIAN_POINT ( 'NONE',  ( 1.576622122564776700, 0.2078487863862036000, 3.967077405468494100 ) ) ;
#1471 = CARTESIAN_POINT ( 'NONE',  ( -0.6785254037844482600, 1.175240473580837100, 1.604166666666669600 ) ) ;
#1472 = CARTESIAN_POINT ( 'NONE',  ( 1.763300807568898100, -1.510503815079062200E-014, -4.328124999999997300 ) ) ;
#1473 = EDGE_CURVE ( 'NONE', #2080, #754, #2425, .T. ) ;
#1474 = DIRECTION ( 'NONE',  ( -0.0000000000000000000, -1.224646799147353200E-016, 1.000000000000000000 ) ) ;
#1475 = CARTESIAN_POINT ( 'NONE',  ( -1.259261138602775400, 0.6964061162486313600, 1.434271978044463500 ) ) ;
#1476 = CARTESIAN_POINT ( 'NONE',  ( 0.6785254037844479200, -1.175240473580867700, -1.708333333333330400 ) ) ;
#1477 = CARTESIAN_POINT ( 'NONE',  ( 1.836970198721030400E-016, 1.500000000000000900, 4.249999999999998200 ) ) ;
#1478 = CARTESIAN_POINT ( 'NONE',  ( -1.836970198721050600E-016, -1.500000000000032400, 0.5625000000000031100 ) ) ;
#1479 = CARTESIAN_POINT ( 'NONE',  ( 0.8816504037844498100, 1.527063293868266400, -2.244791666666663900 ) ) ;
#1480 = ORIENTED_EDGE ( 'NONE', *, *, #3195, .F. ) ;
#1481 = ADVANCED_FACE ( 'NONE', ( #4776 ), #3763, .T. ) ;
#1482 = CARTESIAN_POINT ( 'NONE',  ( -1.439254484199210300E-016, -1.175240473580867700, -0.6874999999999968900 ) ) ;
#1483 = VERTEX_POINT ( 'NONE', #1015 ) ;
#1484 = CARTESIAN_POINT ( 'NONE',  ( -0.2368691645223563500, 1.525790193410411200, 3.883403588540147200 ) ) ;
#1485 = EDGE_CURVE ( 'NONE', #2158, #3504, #2965, .T. ) ;
#1486 = B_SPLINE_CURVE_WITH_KNOTS ( 'NONE', 3,
 ( #550, #1832, #4097, #2577, #1412, #4081, #2196 ),
 .UNSPECIFIED., .F., .F.,
 ( 4, 3, 4 ),
 ( 8.741117365843378200E-019, 0.0002928193619181968400, 0.0005794830383588883300 ),
 .UNSPECIFIED. ) ;
#1487 = ORIENTED_EDGE ( 'NONE', *, *, #1834, .T. ) ;
#1488 = CARTESIAN_POINT ( 'NONE',  ( 0.0000000000000000000, 1.175240473580837300, -0.4999999999999970000 ) ) ;
#1489 = CYLINDRICAL_SURFACE ( 'NONE', #3362, 0.2916000000000000800 ) ;
#1490 = CARTESIAN_POINT ( 'NONE',  ( -1.763300807568898100, -1.476500252274203000E-014, -3.578124999999996900 ) ) ;
#1491 =( BOUNDED_CURVE ( )  B_SPLINE_CURVE ( 2, ( #184, #2879, #3269, #4421, #2120, #534, #194 ),
 .UNSPECIFIED., .F., .T. ) 
 B_SPLINE_CURVE_WITH_KNOTS ( ( 3, 2, 2, 3 ),
 ( 0.7000000000000002900, 0.7333333333333335000, 0.7666666666666668300, 0.8000000000000000400 ),
 .UNSPECIFIED. ) 
 CURVE ( )  GEOMETRIC_REPRESENTATION_ITEM ( )  RATIONAL_B_SPLINE_CURVE ( ( 0.9999999999999986700, 0.8660254037844400400, 1.000000000000000000, 0.8660254037844387100, 1.000000000000000000, 0.8660254037844387100, 1.000000000000000000 ) ) 
 REPRESENTATION_ITEM ( '' )  );
#1492 = CARTESIAN_POINT ( 'NONE',  ( -0.8816504037844489200, 1.527063293868266700, -2.692708333333329500 ) ) ;
#1493 = CARTESIAN_POINT ( 'NONE',  ( 0.8660254037844489200, 1.500000000000001100, -1.229166666666663200 ) ) ;
#1494 = CARTESIAN_POINT ( 'NONE',  ( 1.836970198721030400E-016, 1.500000000000000900, 4.249999999999998200 ) ) ;
#1495 = ORIENTED_EDGE ( 'NONE', *, *, #761, .F. ) ;
#1496 = CARTESIAN_POINT ( 'NONE',  ( 0.8816504037844485900, -1.527063293868297500, -1.942708333333330400 ) ) ;
#1497 = CARTESIAN_POINT ( 'NONE',  ( 0.6785254037844491400, 1.175240473580836400, 1.520833333333336100 ) ) ;
#1498 = AXIS2_PLACEMENT_3D ( 'NONE', #3991, #3959, #4785 ) ;
#1499 = CARTESIAN_POINT ( 'NONE',  ( 1.763300807568898100, -1.534996751062009200E-014, -2.328124999999997800 ) ) ;
#1500 = ORIENTED_EDGE ( 'NONE', *, *, #4309, .F. ) ;
#1501 = CARTESIAN_POINT ( 'NONE',  ( -0.6785254037844482600, 1.175240473580837300, -0.8958333333333301500 ) ) ;
#1502 = ORIENTED_EDGE ( 'NONE', *, *, #800, .T. ) ;
#1503 = VERTEX_POINT ( 'NONE', #341 ) ;
#1504 = ORIENTED_EDGE ( 'NONE', *, *, #3327, .F. ) ;
#1505 = FACE_OUTER_BOUND ( 'NONE', #1901, .T. ) ;
#1506 = EDGE_CURVE ( 'NONE', #3662, #4467, #4541, .T. ) ;
#1507 = ADVANCED_FACE ( 'NONE', ( #1825 ), #2846, .T. ) ;
#1508 = ORIENTED_EDGE ( 'NONE', *, *, #732, .T. ) ;
#1509 = CARTESIAN_POINT ( 'NONE',  ( -1.439254484199210300E-016, -1.175240473580867700, 0.2500000000000026100 ) ) ;
#1510 = CARTESIAN_POINT ( 'NONE',  ( -0.1859679960768859100, -1.519732609479226700, 3.399111320804028700 ) ) ;
#1511 = EDGE_LOOP ( 'NONE', ( #758, #718, #3712, #4693 ) ) ;
#1512 = CARTESIAN_POINT ( 'NONE',  ( -0.8816504037844489200, 1.527063293868266900, -3.692708333333330400 ) ) ;
#1513 = CONICAL_SURFACE ( 'NONE', #112, 1.619999999999998100, 0.1047197551196600000 ) ;
#1514 = DIRECTION ( 'NONE',  ( 0.0000000000000000000, -1.000000000000000000, -1.224646799147353200E-016 ) ) ;
#1515 = CARTESIAN_POINT ( 'NONE',  ( -0.6785254037844480300, 1.175240473580837500, -0.4583333333333305400 ) ) ;
#1516 = CARTESIAN_POINT ( 'NONE',  ( 0.0000000000000000000, 1.175240473580837100, 1.562500000000003100 ) ) ;
#1517 = CARTESIAN_POINT ( 'NONE',  ( -0.8816504037844489200, 1.527063293868266400, -1.661458333333330600 ) ) ;
#1518 = FACE_OUTER_BOUND ( 'NONE', #3844, .T. ) ;
#1519 = CARTESIAN_POINT ( 'NONE',  ( 0.0000000000000000000, 4.487940763634945000E-016, 4.249999999999998200 ) ) ;
#1520 = CARTESIAN_POINT ( 'NONE',  ( -0.6785254037844482600, 1.175240473580837300, -1.395833333333330200 ) ) ;
#1521 = CIRCLE ( 'NONE', #2933, 1.500000000000000400 ) ;
#1522 = DIRECTION ( 'NONE',  ( -0.9188184237650771600, 0.3805870524817703800, 0.1045284632676538600 ) ) ;
#1523 = CARTESIAN_POINT ( 'NONE',  ( 0.6785254037844491400, 1.175240473580836400, 0.5208333333333363700 ) ) ;
#1524 = CARTESIAN_POINT ( 'NONE',  ( -0.2270432773634120700, -1.517185021815125000, 3.789916517023746300 ) ) ;
#1525 = CARTESIAN_POINT ( 'NONE',  ( -1.870113174931205300E-016, -1.527063293868296900, -2.484374999999996900 ) ) ;
#1526 = ORIENTED_EDGE ( 'NONE', *, *, #3646, .T. ) ;
#1527 =( BOUNDED_SURFACE ( )  B_SPLINE_SURFACE ( 3, 2, ( 
 ( #1235, #2769, #427 ),
 ( #1207, #2021, #4298 ),
 ( #1969, #1992, #455 ),
 ( #3163, #844, #3551 ) ),
 .UNSPECIFIED., .F., .F., .T. ) 
 B_SPLINE_SURFACE_WITH_KNOTS ( ( 4, 4 ),
 ( 3, 3 ),
 ( 0.001051995562049049000, 0.001638430371242081100 ),
 ( 0.0000000000000000000, 1.000000000000000000 ),
 .UNSPECIFIED. ) 
 GEOMETRIC_REPRESENTATION_ITEM ( )  RATIONAL_B_SPLINE_SURFACE ( (
 ( 1.000000000000000000, 0.7553668689636103800, 1.000000000000000000),
 ( 1.000000000000000000, 0.7516316305290542400, 1.000000000000000000),
 ( 1.000000000000000000, 0.7477224900206386200, 1.000000000000000000),
 ( 1.000000000000000000, 0.7436119262819669300, 1.000000000000000000) ) ) 
 REPRESENTATION_ITEM ( '' )  SURFACE ( )  );
#1528 = CARTESIAN_POINT ( 'NONE',  ( -1.836970198721050400E-016, -1.500000000000031800, -2.437499999999996400 ) ) ;
#1529 = CARTESIAN_POINT ( 'NONE',  ( 0.6785254037844479200, -1.175240473580867700, -0.2083333333333303400 ) ) ;
#1530 = CARTESIAN_POINT ( 'NONE',  ( 0.0000000000000000000, 1.175240473580837100, 1.062500000000003100 ) ) ;
#1531 = CARTESIAN_POINT ( 'NONE',  ( 0.8816504037844498100, 1.527063293868266400, -1.244791666666663900 ) ) ;
#1532 = EDGE_LOOP ( 'NONE', ( #1298, #4805, #3497, #1139 ) ) ;
#1533 = ADVANCED_FACE ( 'NONE', ( #2317 ), #1751, .F. ) ;
#1534 = CARTESIAN_POINT ( 'NONE',  ( 1.568143934809900700, 0.1979066122514950000, 3.874741344397200700 ) ) ;
#1535 = CARTESIAN_POINT ( 'NONE',  ( -1.836970198721050400E-016, -1.500000000000032000, -0.4999999999999973900 ) ) ;
#1536 = CARTESIAN_POINT ( 'NONE',  ( 1.017788105676672200, -0.5876202367904419500, -0.6041666666666636300 ) ) ;
#1537 = EDGE_CURVE ( 'NONE', #3562, #651, #1893, .T. ) ;
#1538 = DIRECTION ( 'NONE',  ( -0.0000000000000000000, -1.224646799147353200E-016, 1.000000000000000000 ) ) ;
#1539 = CARTESIAN_POINT ( 'NONE',  ( 1.516811748361102100, 0.2267097614933563700, 3.786743325484760900 ) ) ;
#1540 = DIRECTION ( 'NONE',  ( -3.197442310920450800E-014, -0.1045284632676538000, 0.9945218953682732900 ) ) ;
#1541 = CARTESIAN_POINT ( 'NONE',  ( -0.6785254037844482600, 1.175240473580837100, 0.5416666666666697400 ) ) ;
#1542 = CARTESIAN_POINT ( 'NONE',  ( 0.6785254037844479200, -1.175240473580867700, -2.708333333333330400 ) ) ;
#1543 = CARTESIAN_POINT ( 'NONE',  ( -0.8816504037844494800, -1.527063293868296400, -2.494791666666663900 ) ) ;
#1544 = EDGE_CURVE ( 'NONE', #651, #2648, #3099, .T. ) ;
#1545 = CARTESIAN_POINT ( 'NONE',  ( -0.8816504037844489200, 1.527063293868266700, -3.192708333333330800 ) ) ;
#1546 = VERTEX_POINT ( 'NONE', #1390 ) ;
#1547 = CARTESIAN_POINT ( 'NONE',  ( -0.7302328368967274700, 1.236052673854836100, 1.399382606787967800 ) ) ;
#1548 = CARTESIAN_POINT ( 'NONE',  ( 0.0000000000000000000, 4.487940763634945000E-016, 4.249999999999998200 ) ) ;
#1549 = CARTESIAN_POINT ( 'NONE',  ( -0.8060732922148407000, -0.9295370751942690900, -4.221091629322114800 ) ) ;
#1550 =( NAMED_UNIT ( * ) SI_UNIT ( $, .STERADIAN. ) SOLID_ANGLE_UNIT ( ) );
#1551 = CARTESIAN_POINT ( 'NONE',  ( -1.439254484199210300E-016, -1.175240473580867700, -0.2499999999999972000 ) ) ;
#1552 = ORIENTED_EDGE ( 'NONE', *, *, #640, .F. ) ;
#1553 = CARTESIAN_POINT ( 'NONE',  ( -0.6785254037844487000, -1.175240473580867300, -2.291666666666663900 ) ) ;
#1554 = CARTESIAN_POINT ( 'NONE',  ( 0.3355105031341767400, -1.193317569361830800, 0.8641194597651960000 ) ) ;
#1555 = VERTEX_POINT ( 'NONE', #4111 ) ;
#1556 = CARTESIAN_POINT ( 'NONE',  ( -0.2372923498678577700, -1.560644815424481400, 3.971354974855260800 ) ) ;
#1557 = TOROIDAL_SURFACE ( 'NONE', #4902, 2.816358005589995300, 0.1499999999999995200 ) ;
#1558 = DIRECTION ( 'NONE',  ( 3.397559750819368500E-015, 0.9945218953682734000, 0.1045284632676538300 ) ) ;
#1559 = CARTESIAN_POINT ( 'NONE',  ( -1.357050807568896700, -1.530461251861633600E-014, 0.6250000000000026600 ) ) ;
#1560 = CARTESIAN_POINT ( 'NONE',  ( 1.017788105676673100, 0.5876202367904104200, -2.583333333333330800 ) ) ;
#1561 = CARTESIAN_POINT ( 'NONE',  ( 0.5251542044367948400, -0.3682059365705851500, 3.406249999999998700 ) ) ;
#1562 = ORIENTED_EDGE ( 'NONE', *, *, #2354, .T. ) ;
#1563 = VECTOR ( 'NONE', #611, 1000.000000000000000 ) ;
#1564 = CARTESIAN_POINT ( 'NONE',  ( -1.357050807568896700, -1.488364018140943200E-014, -2.812499999999997300 ) ) ;
#1565 = CARTESIAN_POINT ( 'NONE',  ( 0.0000000000000000000, 1.489743855638744500E-015, -4.250000000000000000 ) ) ;
#1566 = CARTESIAN_POINT ( 'NONE',  ( -1.017788105676672700, -0.5876202367904409500, -2.270833333333330400 ) ) ;
#1567 = EDGE_LOOP ( 'NONE', ( #2802, #1269, #6 ) ) ;
#1568 = ORIENTED_EDGE ( 'NONE', *, *, #1984, .T. ) ;
#1569 = AXIS2_PLACEMENT_3D ( 'NONE', #2237, #1045, #3405 ) ;
#1570 = FACE_OUTER_BOUND ( 'NONE', #3558, .T. ) ;
#1571 = CARTESIAN_POINT ( 'NONE',  ( -1.322475605676673500, 0.7635316469341260100, -0.6197916666666638500 ) ) ;
#1572 = EDGE_CURVE ( 'NONE', #1032, #4219, #913, .T. ) ;
#1573 = ORIENTED_EDGE ( 'NONE', *, *, #225, .T. ) ;
#1574 = CARTESIAN_POINT ( 'NONE',  ( 1.299038105676672200, -0.7500000000000242000, -1.416666666666664100 ) ) ;
#1575 = CARTESIAN_POINT ( 'NONE',  ( -1.357050807568896700, -1.505968315878686300E-014, -1.374999999999997100 ) ) ;
#1576 = CYLINDRICAL_SURFACE ( 'NONE', #181, 0.2915999999999999700 ) ;
#1577 = CARTESIAN_POINT ( 'NONE',  ( 1.150543476945650200, -0.5215438536518983700, 0.9522114149160445500 ) ) ;
#1578 = CARTESIAN_POINT ( 'NONE',  ( 1.549187076721468800, 0.2438702740433726900, 3.975097646223970700 ) ) ;
#1579 = CARTESIAN_POINT ( 'NONE',  ( 0.2866551442409723800, -0.9254976877526303000, 4.147054690030634200 ) ) ;
#1580 = EDGE_CURVE ( 'NONE', #3368, #4380, #4969, .T. ) ;
#1581 = VECTOR ( 'NONE', #4674, 1000.000000000000000 ) ;
#1582 = CARTESIAN_POINT ( 'NONE',  ( -0.1470339073983194800, -1.523879528077758800, 3.402807630076058600 ) ) ;
#1583 = CARTESIAN_POINT ( 'NONE',  ( -0.6785254037844482600, 1.175240473580837300, -2.395833333333330400 ) ) ;
#1584 = FACE_OUTER_BOUND ( 'NONE', #2111, .T. ) ;
#1585 = CARTESIAN_POINT ( 'NONE',  ( 1.322475605676674200, 0.7635316469341244500, 0.1822916666666700200 ) ) ;
#1586 =( BOUNDED_CURVE ( )  B_SPLINE_CURVE ( 2, ( #236, #594, #3666, #2917, #4090, #2171, #2561 ),
 .UNSPECIFIED., .F., .F. ) 
 B_SPLINE_CURVE_WITH_KNOTS ( ( 3, 2, 2, 3 ),
 ( 0.9000000000000000200, 0.9333333333333333500, 0.9666666666666666700, 1.000000000000000000 ),
 .UNSPECIFIED. ) 
 CURVE ( )  GEOMETRIC_REPRESENTATION_ITEM ( )  RATIONAL_B_SPLINE_CURVE ( ( 1.000000000000000000, 0.8660254037844387100, 1.000000000000000000, 0.8660254037844387100, 1.000000000000000000, 0.8660254037844387100, 1.000000000000000000 ) ) 
 REPRESENTATION_ITEM ( '' )  );
#1587 = CARTESIAN_POINT ( 'NONE',  ( -1.017788105676672700, -0.5876202367904408400, -3.333333333333330400 ) ) ;
#1588 = CARTESIAN_POINT ( 'NONE',  ( 0.6106561597171091800, -1.203306003452597500, 1.188359773923577600 ) ) ;
#1589 = ORIENTED_EDGE ( 'NONE', *, *, #3963, .T. ) ;
#1590 = CARTESIAN_POINT ( 'NONE',  ( 1.209057454452286700, 0.4572300886301725600, 1.033262397014621700 ) ) ;
#1591 = DIRECTION ( 'NONE',  ( -1.000000000000000000, 0.0000000000000000000, 0.0000000000000000000 ) ) ;
#1592 = CARTESIAN_POINT ( 'NONE',  ( -1.836970198721050600E-016, -1.500000000000032400, 1.062500000000003100 ) ) ;
#1593 =( BOUNDED_CURVE ( )  B_SPLINE_CURVE ( 2, ( #4873, #980, #1413, #2549, #224, #958, #1379 ),
 .UNSPECIFIED., .F., .F. ) 
 B_SPLINE_CURVE_WITH_KNOTS ( ( 3, 2, 2, 3 ),
 ( 0.4000000000000000200, 0.4333333333333334000, 0.4666666666666667900, 0.5000000000000001100 ),
 .UNSPECIFIED. ) 
 CURVE ( )  GEOMETRIC_REPRESENTATION_ITEM ( )  RATIONAL_B_SPLINE_CURVE ( ( 1.000000000000000000, 0.8660254037844387100, 1.000000000000000000, 0.8660254037844387100, 1.000000000000000000, 0.8660254037844382600, 1.000000000000000400 ) ) 
 REPRESENTATION_ITEM ( '' )  );
#1594 = CARTESIAN_POINT ( 'NONE',  ( -1.017788105676672700, -0.5876202367904414000, 0.6666666666666692900 ) ) ;
#1595 = CARTESIAN_POINT ( 'NONE',  ( -1.017788105676672700, -0.5876202367904408400, -3.270833333333330400 ) ) ;
#1596 = CARTESIAN_POINT ( 'NONE',  ( 0.1576114318128891100, 1.533209921821045500, 3.500855289840672400 ) ) ;
#1597 = CARTESIAN_POINT ( 'NONE',  ( -1.870113174931205300E-016, -1.527063293868296900, -1.484374999999996700 ) ) ;
#1598 = CARTESIAN_POINT ( 'NONE',  ( -1.836970198721050400E-016, -1.500000000000031800, -2.937499999999996400 ) ) ;
#1599 = AXIS2_PLACEMENT_3D ( 'NONE', #1768, #1392, #973 ) ;
#1600 = CARTESIAN_POINT ( 'NONE',  ( 0.6785254037844491400, 1.175240473580837100, -3.041666666666663900 ) ) ;
#1601 = CARTESIAN_POINT ( 'NONE',  ( 0.9254976877526287500, -0.2866551442409776000, 4.147054690030635100 ) ) ;
#1602 = EDGE_CURVE ( 'NONE', #4797, #247, #1226, .T. ) ;
#1603 = ORIENTED_EDGE ( 'NONE', *, *, #1093, .T. ) ;
#1604 = CARTESIAN_POINT ( 'NONE',  ( 0.1665170719417527500, -1.223257011865837500, 0.8500830361976922100 ) ) ;
#1605 = CARTESIAN_POINT ( 'NONE',  ( -0.4612122490825816300, 0.5181173504688787500, 4.198166147663302500 ) ) ;
#1606 = DIRECTION ( 'NONE',  ( 0.3826834323651037700, 0.9238795325112808500, -2.650213660326531100E-014 ) ) ;
#1607 = ORIENTED_EDGE ( 'NONE', *, *, #2550, .T. ) ;
#1608 = CARTESIAN_POINT ( 'NONE',  ( -1.357050807568896700, -1.536584485857370000E-014, 1.125000000000002700 ) ) ;
#1609 = CARTESIAN_POINT ( 'NONE',  ( 0.1522618602394500700, -1.523737468660977500, 3.406249999999998700 ) ) ;
#1610 = DIRECTION ( 'NONE',  ( 0.3826834323650946700, 0.9238795325112846300, -0.0000000000000000000 ) ) ;
#1611 = VERTEX_POINT ( 'NONE', #2735 ) ;
#1612 = CARTESIAN_POINT ( 'NONE',  ( 1.322475605676674200, 0.7635316469341245600, -0.8177083333333302600 ) ) ;
#1613 = VERTEX_POINT ( 'NONE', #1965 ) ;
#1614 = CARTESIAN_POINT ( 'NONE',  ( 0.8660254037844489200, 1.500000000000001600, -2.291666666666664300 ) ) ;
#1615 = VERTEX_POINT ( 'NONE', #1535 ) ;
#1616 = CARTESIAN_POINT ( 'NONE',  ( 0.8816504037844498100, 1.527063293868266200, 0.7239583333333367000 ) ) ;
#1617 = CARTESIAN_POINT ( 'NONE',  ( 0.1867183014945853200, 1.480908766186231700, 3.406249999999998700 ) ) ;
#1618 = CARTESIAN_POINT ( 'NONE',  ( 0.0000000000000000000, 1.175240473580837300, -0.4999999999999970000 ) ) ;
#1619 = DIRECTION ( 'NONE',  ( 0.3826834323650937200, -0.9238795325112850700, 0.0000000000000000000 ) ) ;
#1620 = ORIENTED_EDGE ( 'NONE', *, *, #3742, .F. ) ;
#1621 = CARTESIAN_POINT ( 'NONE',  ( -0.8660254037844482600, 1.500000000000001600, 0.2916666666666691800 ) ) ;
#1622 = LINE ( 'NONE', #2046, #1748 ) ;
#1623 = CARTESIAN_POINT ( 'NONE',  ( -0.1867183014945853800, -1.480908766186232400, 3.406249999999998700 ) ) ;
#1624 = CARTESIAN_POINT ( 'NONE',  ( 0.1821761911992801600, -1.500309455660795000, 3.406249999999998700 ) ) ;
#1625 = ORIENTED_EDGE ( 'NONE', *, *, #610, .T. ) ;
#1626 = ORIENTED_EDGE ( 'NONE', *, *, #408, .F. ) ;
#1627 = CARTESIAN_POINT ( 'NONE',  ( -1.017788105676672700, -0.5876202367904408400, -3.770833333333330400 ) ) ;
#1628 = FACE_BOUND ( 'NONE', #2228, .T. ) ;
#1629 = CARTESIAN_POINT ( 'NONE',  ( -1.254431609412139700, -0.7547085688088575100, 1.502974181575075200 ) ) ;
#1630 = CARTESIAN_POINT ( 'NONE',  ( 0.2066060943415817500, 1.498883479085573600, 3.595469709336403400 ) ) ;
#1631 = CARTESIAN_POINT ( 'NONE',  ( -1.763300807568898100, -1.518980188119627000E-014, -0.1093749999999970600 ) ) ;
#1632 = ORIENTED_EDGE ( 'NONE', *, *, #4223, .F. ) ;
#1633 = CARTESIAN_POINT ( 'NONE',  ( -0.8660254037844482600, 1.500000000000001600, -3.145833333333329900 ) ) ;
#1634 = FACE_OUTER_BOUND ( 'NONE', #3583, .T. ) ;
#1635 = EDGE_CURVE ( 'NONE', #4572, #2594, #2986, .T. ) ;
#1636 = B_SPLINE_CURVE_WITH_KNOTS ( 'NONE', 3,
 ( #2823, #3574, #493, #900, #1630, #1257, #3953 ),
 .UNSPECIFIED., .F., .F.,
 ( 4, 3, 4 ),
 ( 0.0000000000000000000, 0.0002928193619181956000, 0.0005794830383588874600 ),
 .UNSPECIFIED. ) ;
#1637 = CARTESIAN_POINT ( 'NONE',  ( -1.357050807568896700, -1.518214783870160100E-014, -0.3749999999999972800 ) ) ;
#1638 = FACE_OUTER_BOUND ( 'NONE', #3509, .T. ) ;
#1639 = FACE_OUTER_BOUND ( 'NONE', #648, .T. ) ;
#1640 = DIRECTION ( 'NONE',  ( -8.807843561199459700E-017, 1.000000000000000000, -0.0000000000000000000 ) ) ;
#1641 = DIRECTION ( 'NONE',  ( 0.0000000000000000000, -1.000000000000000000, 0.0000000000000000000 ) ) ;
#1642 = CARTESIAN_POINT ( 'NONE',  ( -1.439254484199210300E-016, -1.175240473580867500, -1.687499999999996900 ) ) ;
#1643 = EDGE_CURVE ( 'NONE', #1483, #226, #4592, .T. ) ;
#1644 = B_SPLINE_CURVE_WITH_KNOTS ( 'NONE', 3,
 ( #3380, #2985, #4540, #4947, #328, #315, #2998 ),
 .UNSPECIFIED., .F., .F.,
 ( 4, 3, 4 ),
 ( 4.370558682921689100E-019, 0.0002866647567030761300, 0.0005794830328004784700 ),
 .UNSPECIFIED. ) ;
#1645 = CARTESIAN_POINT ( 'NONE',  ( 0.2270432730400777100, 1.517185018027142500, 3.789916475889968600 ) ) ;
#1646 = CYLINDRICAL_SURFACE ( 'NONE', #4365, 1.500000000000000400 ) ;
#1647 = CARTESIAN_POINT ( 'NONE',  ( -0.3691721571577118400, 1.306961759396219300, -4.082583619081530600 ) ) ;
#1648 = DIRECTION ( 'NONE',  ( 0.0000000000000000000, -1.000000000000000000, 0.0000000000000000000 ) ) ;
#1649 = CARTESIAN_POINT ( 'NONE',  ( 0.6785254037844479200, -1.175240473580867700, -1.145833333333330400 ) ) ;
#1650 = CARTESIAN_POINT ( 'NONE',  ( 1.941727895143473000E-015, 0.1867183014945849300, 3.406249999999998700 ) ) ;
#1651 = ORIENTED_EDGE ( 'NONE', *, *, #1984, .F. ) ;
#1652 = CARTESIAN_POINT ( 'NONE',  ( -1.836970198721050400E-016, -1.500000000000031500, -3.937499999999996400 ) ) ;
#1653 = DIRECTION ( 'NONE',  ( -0.9188184237650776100, -0.3805870524817694900, 0.1045284632676536700 ) ) ;
#1654 = CARTESIAN_POINT ( 'NONE',  ( 2.339930191347029800E-015, 0.2753999999999995300, 4.249999999999998200 ) ) ;
#1655 = CARTESIAN_POINT ( 'NONE',  ( 1.299038105676672200, -0.7500000000000243100, -0.3541666666666633500 ) ) ;
#1656 = CARTESIAN_POINT ( 'NONE',  ( -1.299038105676672400, 0.7499999999999934500, -1.666666666666664100 ) ) ;
#1657 = CARTESIAN_POINT ( 'NONE',  ( -1.353394756658840500, -0.4110711688496584400, 1.343322294496396300 ) ) ;
#1658 = AXIS2_PLACEMENT_3D ( 'NONE', #143, #4752, #876 ) ;
#1659 = CARTESIAN_POINT ( 'NONE',  ( 0.0000000000000000000, 2.070106209874711500E-015, 4.249999999999998200 ) ) ;
#1660 = EDGE_CURVE ( 'NONE', #4112, #3433, #866, .T. ) ;
#1661 = CARTESIAN_POINT ( 'NONE',  ( -0.8660254037844497000, 1.499999999999998700, -2.708333333333330400 ) ) ;
#1662 = CARTESIAN_POINT ( 'NONE',  ( 1.017788105676672200, -0.5876202367904420600, -0.1041666666666638700 ) ) ;
#1663 = CARTESIAN_POINT ( 'NONE',  ( 0.0000000000000000000, 1.500000000000001300, 0.8125000000000035500 ) ) ;
#1664 = AXIS2_PLACEMENT_3D ( 'NONE', #1947, #3108, #3512 ) ;
#1665 = VERTEX_POINT ( 'NONE', #3520 ) ;
#1666 = B_SPLINE_CURVE_WITH_KNOTS ( 'NONE', 3,
 ( #4446, #2477, #569, #3289, #3272, #2161, #530 ),
 .UNSPECIFIED., .F., .F.,
 ( 4, 3, 4 ),
 ( 4.370558682921689100E-019, 0.0002866647567030760700, 0.0005794830328004776100 ),
 .UNSPECIFIED. ) ;
#1667 = EDGE_CURVE ( 'NONE', #1684, #3686, #4659, .T. ) ;
#1668 = CARTESIAN_POINT ( 'NONE',  ( 0.3716238948271213800, -1.353782970678343700, -4.036656535397413300 ) ) ;
#1669 = ORIENTED_EDGE ( 'NONE', *, *, #4368, .T. ) ;
#1670 = CARTESIAN_POINT ( 'NONE',  ( 1.571416688645961500, 0.2238015188012856300, 3.968174913599008800 ) ) ;
#1671 = DIRECTION ( 'NONE',  ( -0.0000000000000000000, -1.224646799147353200E-016, 1.000000000000000000 ) ) ;
#1672 = DIRECTION ( 'NONE',  ( -1.000000000000000000, 0.0000000000000000000, 0.0000000000000000000 ) ) ;
#1673 = CARTESIAN_POINT ( 'NONE',  ( 0.1863564937324994100, 1.480580224213948100, 3.402807629089146700 ) ) ;
#1674 = ORIENTED_EDGE ( 'NONE', *, *, #4507, .F. ) ;
#1675 = VECTOR ( 'NONE', #4459, 1000.000000000000200 ) ;
#1676 = CARTESIAN_POINT ( 'NONE',  ( -0.7123315144900463900, -1.304633664717732100, -3.962618001310356700 ) ) ;
#1677 = DIRECTION ( 'NONE',  ( 0.1045058763748857000, 0.02078751127481456200, 0.9943069954385901400 ) ) ;
#1678 = CARTESIAN_POINT ( 'NONE',  ( 1.357050807568896700, -1.536910261685676700E-014, -1.562499999999997100 ) ) ;
#1679 = ORIENTED_EDGE ( 'NONE', *, *, #2695, .F. ) ;
#1680 = CARTESIAN_POINT ( 'NONE',  ( -1.299038105676672400, 0.7499999999999935600, -1.604166666666663000 ) ) ;
#1681 = CONICAL_SURFACE ( 'NONE', #4014, 1.550799999999997100, 0.3490658503988666700 ) ;
#1682 = CARTESIAN_POINT ( 'NONE',  ( -0.6529281036284324500, 1.095939823664612500, 0.9864418206934405500 ) ) ;
#1683 = CARTESIAN_POINT ( 'NONE',  ( 1.430806672962416300, -0.5217701466205572100, 1.596012769632194400 ) ) ;
#1684 = VERTEX_POINT ( 'NONE', #3203 ) ;
#1685 = CARTESIAN_POINT ( 'NONE',  ( -0.7012142086582576800, 1.161673277405027300, 1.208935060970250300 ) ) ;
#1686 = ORIENTED_EDGE ( 'NONE', *, *, #4346, .T. ) ;
#1687 = CARTESIAN_POINT ( 'NONE',  ( 0.2461404650521784000, 1.543116970613432900, 3.977136521887539200 ) ) ;
#1688 = VECTOR ( 'NONE', #1908, 1000.000000000000000 ) ;
#1689 = CARTESIAN_POINT ( 'NONE',  ( 0.0000000000000000000, -1.500000000000000000, 4.249999999999998200 ) ) ;
#1690 = CARTESIAN_POINT ( 'NONE',  ( 0.2419763615505422800, -1.553796817639133700, 3.973557129246363400 ) ) ;
#1691 = ORIENTED_EDGE ( 'NONE', *, *, #2980, .F. ) ;
#1692 = AXIS2_PLACEMENT_3D ( 'NONE', #2232, #2585, #4558 ) ;
#1693 = CYLINDRICAL_SURFACE ( 'NONE', #4669, 1.500000000000000400 ) ;
#1694 = CARTESIAN_POINT ( 'NONE',  ( 0.2070875099665589200, -0.4999534751593366900, 3.406249999999998700 ) ) ;
#1695 = LINE ( 'NONE', #3873, #4716 ) ;
#1696 = CARTESIAN_POINT ( 'NONE',  ( 1.017788105676672200, -0.5876202367904416200, -3.604166666666663400 ) ) ;
#1697 = AXIS2_PLACEMENT_3D ( 'NONE', #3964, #107, #4726 ) ;
#1698 = CARTESIAN_POINT ( 'NONE',  ( 1.480908766186230800, -0.1867183014945909800, 3.406249999999998700 ) ) ;
#1699 = EDGE_CURVE ( 'NONE', #2238, #4450, #2023, .T. ) ;
#1700 = DIRECTION ( 'NONE',  ( -0.3805870524817671600, -0.9188184237650786100, -0.1045284632676539100 ) ) ;
#1701 = LINE ( 'NONE', #1343, #3461 ) ;
#1702 = CARTESIAN_POINT ( 'NONE',  ( -0.6785254037844480300, 1.175240473580837700, -3.895833333333329900 ) ) ;
#1703 = CARTESIAN_POINT ( 'NONE',  ( 1.357050807568896700, -1.572884261410630300E-014, 1.375000000000002700 ) ) ;
#1704 = CARTESIAN_POINT ( 'NONE',  ( -0.8816504037844489200, 1.527063293868266400, -0.1927083333333300400 ) ) ;
#1705 = CARTESIAN_POINT ( 'NONE',  ( 0.0000000000000000000, 1.500000000000001300, -1.687499999999996200 ) ) ;
#1706 = DIRECTION ( 'NONE',  ( -0.0000000000000000000, -1.224646799147353200E-016, 1.000000000000000000 ) ) ;
#1707 = CARTESIAN_POINT ( 'NONE',  ( 1.695429792159683100E-013, -1.184817306270993200, 0.7444708130683851400 ) ) ;
#1708 = VERTEX_POINT ( 'NONE', #3990 ) ;
#1709 = B_SPLINE_CURVE_WITH_KNOTS ( 'NONE', 3,
 ( #1152, #1534, #1915, #2286, #771, #1117, #4198 ),
 .UNSPECIFIED., .F., .F.,
 ( 4, 3, 4 ),
 ( 5.957295028081779900E-016, 0.0002797678895363811300, 0.0005665053905751381200 ),
 .UNSPECIFIED. ) ;
#1710 = CARTESIAN_POINT ( 'NONE',  ( 0.9798529528408067600, -0.7233680199722393200, 0.8066931883787578100 ) ) ;
#1711 = CARTESIAN_POINT ( 'NONE',  ( -0.2631248712943565800, 0.9978205399679986900, 4.133209951772099300 ) ) ;
#1712 = CARTESIAN_POINT ( 'NONE',  ( 1.383263066523982900E-011, -1.449114434572392100, 1.470621205103176800 ) ) ;
#1713 =( BOUNDED_CURVE ( )  B_SPLINE_CURVE ( 2, ( #2531, #192, #583, #552, #2882, #959, #1308 ),
 .UNSPECIFIED., .F., .T. ) 
 B_SPLINE_CURVE_WITH_KNOTS ( ( 3, 2, 2, 3 ),
 ( 0.4000000000000000200, 0.4333333333333334600, 0.4666666666666669000, 0.5000000000000003300 ),
 .UNSPECIFIED. ) 
 CURVE ( )  GEOMETRIC_REPRESENTATION_ITEM ( )  RATIONAL_B_SPLINE_CURVE ( ( 1.000000000000000000, 0.8660254037844387100, 1.000000000000000000, 0.8660254037844387100, 1.000000000000000000, 0.8660254037844373800, 1.000000000000001300 ) ) 
 REPRESENTATION_ITEM ( '' )  );
#1714 = CARTESIAN_POINT ( 'NONE',  ( 0.0000000000000000000, 1.500000000000001800, -3.687499999999996400 ) ) ;
#1715 = CARTESIAN_POINT ( 'NONE',  ( -1.017788105676672700, -0.5876202367904408400, -3.270833333333330400 ) ) ;
#1716 = CARTESIAN_POINT ( 'NONE',  ( -0.8660254037844465900, 1.500000000000004200, -1.645833333333330600 ) ) ;
#1717 = CARTESIAN_POINT ( 'NONE',  ( -0.9100100306033833700, 0.2087934338140862400, 3.406249999999998700 ) ) ;
#1718 = DIRECTION ( 'NONE',  ( 1.000000000000000000, -8.807843561199463100E-016, -0.0000000000000000000 ) ) ;
#1719 = CARTESIAN_POINT ( 'NONE',  ( -1.299038105676672400, -0.7500000000000230900, -2.020833333333329900 ) ) ;
#1720 = VERTEX_POINT ( 'NONE', #1617 ) ;
#1721 = CARTESIAN_POINT ( 'NONE',  ( 0.0000000000000000000, 1.175240473580837700, -3.937499999999996400 ) ) ;
#1722 = CARTESIAN_POINT ( 'NONE',  ( 0.0000000000000000000, 1.175240473580837300, 3.035766082959412400E-015 ) ) ;
#1723 = CARTESIAN_POINT ( 'NONE',  ( -0.1867183014945879800, 4.192738519871730300E-015, 3.406249999999998700 ) ) ;
#1724 = CARTESIAN_POINT ( 'NONE',  ( 1.017788105676673100, 0.5876202367904103100, -2.083333333333330400 ) ) ;
#1725 = CARTESIAN_POINT ( 'NONE',  ( 0.8660254037844494800, -1.500000000000029800, -1.895833333333329700 ) ) ;
#1726 = CARTESIAN_POINT ( 'NONE',  ( 0.5181173504688746400, 0.4612122490825864000, 4.198166147663302500 ) ) ;
#1727 = CARTESIAN_POINT ( 'NONE',  ( 0.0000000000000000000, 1.500000000000001800, -2.187499999999996400 ) ) ;
#1728 = ORIENTED_EDGE ( 'NONE', *, *, #2334, .F. ) ;
#1729 = CARTESIAN_POINT ( 'NONE',  ( 3.449043816798811200E-016, 2.816358005589995700, 3.098507708920578800 ) ) ;
#1730 = CARTESIAN_POINT ( 'NONE',  ( -0.1528188066164906100, -1.523339158636663400, 3.406249999999998700 ) ) ;
#1731 = AXIS2_PLACEMENT_3D ( 'NONE', #976, #2940, #619 ) ;
#1732 = EDGE_CURVE ( 'NONE', #363, #1708, #2251, .T. ) ;
#1733 = CARTESIAN_POINT ( 'NONE',  ( 0.6785254037844479200, -1.175240473580867500, -3.645833333333330400 ) ) ;
#1734 = ORIENTED_EDGE ( 'NONE', *, *, #3420, .T. ) ;
#1735 = CARTESIAN_POINT ( 'NONE',  ( 0.03788858934124000200, -1.179270349826725800, -4.249999999999996400 ) ) ;
#1736 = ORIENTED_EDGE ( 'NONE', *, *, #504, .T. ) ;
#1737 = CARTESIAN_POINT ( 'NONE',  ( -1.439254484199210300E-016, -1.175240473580867300, -3.687499999999997300 ) ) ;
#1738 = CARTESIAN_POINT ( 'NONE',  ( -1.537627275276188100, 0.2062073152952853000, 3.591675580152606400 ) ) ;
#1739 = CARTESIAN_POINT ( 'NONE',  ( -0.6785254037844487000, -1.175240473580867500, 0.2083333333333358700 ) ) ;
#1740 = CARTESIAN_POINT ( 'NONE',  ( -1.550969161285930700, -0.1780110278272063800, 3.690091666444041100 ) ) ;
#1741 = EDGE_CURVE ( 'NONE', #2594, #2217, #3636, .T. ) ;
#1742 = CARTESIAN_POINT ( 'NONE',  ( 1.575981320763141900, -0.2127095426802489100, 3.967077405468494100 ) ) ;
#1743 = CARTESIAN_POINT ( 'NONE',  ( -0.1474052775258243300, 1.524207146240231300, 3.406249999999998700 ) ) ;
#1744 = ORIENTED_EDGE ( 'NONE', *, *, #2506, .F. ) ;
#1745 = CARTESIAN_POINT ( 'NONE',  ( -1.118765173933574900, 0.8100421976491424300, 1.250367431557780000 ) ) ;
#1746 = CARTESIAN_POINT ( 'NONE',  ( -1.836970198721050400E-016, -1.500000000000031800, -2.437499999999996400 ) ) ;
#1747 = ORIENTED_EDGE ( 'NONE', *, *, #2615, .F. ) ;
#1748 = VECTOR ( 'NONE', #4742, 1000.000000000000000 ) ;
#1749 = CARTESIAN_POINT ( 'NONE',  ( 1.732050807568896500, -1.564464814666492400E-014, 0.1250000000000024400 ) ) ;
#1750 = CARTESIAN_POINT ( 'NONE',  ( -0.6785254037844482600, 1.175240473580837300, -3.395833333333330400 ) ) ;
#1751 =( BOUNDED_SURFACE ( )  B_SPLINE_SURFACE ( 3, 2, ( 
 ( #4884, #646, #4492 ),
 ( #1022, #4476, #2170 ),
 ( #1897, #254, #3080 ),
 ( #751, #1154, #741 ) ),
 .UNSPECIFIED., .F., .F., .F. ) 
 B_SPLINE_SURFACE_WITH_KNOTS ( ( 4, 4 ),
 ( 3, 3 ),
 ( 0.001033242954321101500, 0.001619677831743937100 ),
 ( 0.0000000000000000000, 1.000000000000000000 ),
 .UNSPECIFIED. ) 
 GEOMETRIC_REPRESENTATION_ITEM ( )  RATIONAL_B_SPLINE_SURFACE ( (
 ( 1.000000000000000000, 0.7553668689655791400, 1.000000000000000000),
 ( 1.000000000000000000, 0.7516316303512847700, 1.000000000000000000),
 ( 1.000000000000000000, 0.7477224903184178700, 1.000000000000000000),
 ( 1.000000000000000000, 0.7436119262774201200, 1.000000000000000000) ) ) 
 REPRESENTATION_ITEM ( '' )  SURFACE ( )  );
#1752 = VERTEX_POINT ( 'NONE', #2427 ) ;
#1753 = CARTESIAN_POINT ( 'NONE',  ( -1.524207146240225100, 0.1474052775258880300, 3.406249999999998700 ) ) ;
#1754 = CARTESIAN_POINT ( 'NONE',  ( -0.8660254037844465900, 1.500000000000004900, 0.3541666666666700700 ) ) ;
#1755 = EDGE_CURVE ( 'NONE', #2393, #4895, #205, .T. ) ;
#1756 = ORIENTED_EDGE ( 'NONE', *, *, #4284, .T. ) ;
#1757 = CIRCLE ( 'NONE', #2764, 4.608510497053428500 ) ;
#1758 = CARTESIAN_POINT ( 'NONE',  ( -0.05496445076863419600, -0.1326959224940216800, -0.3758688603731168400 ) ) ;
#1759 = CARTESIAN_POINT ( 'NONE',  ( 0.6785254037844491400, 1.175240473580837300, -4.041666666666664300 ) ) ;
#1760 = CARTESIAN_POINT ( 'NONE',  ( 1.357050807568896700, -1.506294091706993200E-014, -4.062499999999996400 ) ) ;
#1761 = DIRECTION ( 'NONE',  ( 0.0000000000000000000, 1.000000000000000000, 1.398248868307333700E-016 ) ) ;
#1762 = CARTESIAN_POINT ( 'NONE',  ( 0.6785254037844479200, -1.175240473580867700, 1.791666666666669400 ) ) ;
#1763 = CARTESIAN_POINT ( 'NONE',  ( 0.1879607980436962500, -1.559594244955204500, 3.782412938773126200 ) ) ;
#1764 = CARTESIAN_POINT ( 'NONE',  ( -1.322475605676673800, -0.7635316469341558700, -0.06770833333333028900 ) ) ;
#1765 = FACE_OUTER_BOUND ( 'NONE', #2564, .T. ) ;
#1766 = CARTESIAN_POINT ( 'NONE',  ( -0.7026901318165348400, -0.7026901318165363900, 4.203144106708491800 ) ) ;
#1767 = CARTESIAN_POINT ( 'NONE',  ( 0.4612119759279488300, 0.5181179941836182600, 4.198166090358179200 ) ) ;
#1768 = CARTESIAN_POINT ( 'NONE',  ( 0.0000000000000000000, -2.143131898507865300E-016, 1.749999999999997600 ) ) ;
#1769 = VECTOR ( 'NONE', #520, 1000.000000000000100 ) ;
#1770 = CARTESIAN_POINT ( 'NONE',  ( 1.442353859504949900, -0.4318209227137668200, 1.598450672266708900 ) ) ;
#1771 = CIRCLE ( 'NONE', #2799, 1.187500000000004700 ) ;
#1772 = DIRECTION ( 'NONE',  ( 0.1045058763748857200, 0.02078751127481456500, 0.9943069954385902500 ) ) ;
#1773 = FACE_OUTER_BOUND ( 'NONE', #1370, .T. ) ;
#1774 = ADVANCED_FACE ( 'NONE', ( #269 ), #2586, .T. ) ;
#1775 = DIRECTION ( 'NONE',  ( -0.0000000000000000000, -1.224646799147353200E-016, 1.000000000000000000 ) ) ;
#1776 = EDGE_CURVE ( 'NONE', #2263, #1946, #2747, .T. ) ;
#1777 = CARTESIAN_POINT ( 'NONE',  ( 0.0000000000000000000, 1.489743855638744500E-015, -4.250000000000000000 ) ) ;
#1778 = CARTESIAN_POINT ( 'NONE',  ( -1.357050807568896700, -1.494487252136680000E-014, -2.312499999999997300 ) ) ;
#1779 = CARTESIAN_POINT ( 'NONE',  ( 5.273039961881108900E-013, -1.352123412263504400, -4.085376587736496900 ) ) ;
#1780 = CARTESIAN_POINT ( 'NONE',  ( 0.1780110278272006000, -1.550969161285931800, 3.690091666444041100 ) ) ;
#1781 = CARTESIAN_POINT ( 'NONE',  ( 0.6785254037844479200, -1.175240473580867700, -0.1458333333333305100 ) ) ;
#1782 = VERTEX_POINT ( 'NONE', #3973 ) ;
#1783 = DIRECTION ( 'NONE',  ( -1.000000000000000000, 0.0000000000000000000, -0.0000000000000000000 ) ) ;
#1784 = CARTESIAN_POINT ( 'NONE',  ( -1.539609450051896000, -0.2468476514111938900, 3.978342549502071400 ) ) ;
#1785 = CARTESIAN_POINT ( 'NONE',  ( 0.0000000000000000000, 1.175240473580837500, -2.937499999999996900 ) ) ;
#1786 = CARTESIAN_POINT ( 'NONE',  ( -1.732050807568896500, -1.494487252136680000E-014, -2.124999999999997800 ) ) ;
#1787 = DIRECTION ( 'NONE',  ( -1.000000000000000000, 1.039923713744689900E-014, -0.0000000000000000000 ) ) ;
#1788 = CARTESIAN_POINT ( 'NONE',  ( 1.504658928399267100, 0.1800167148843534700, 3.406249999999998700 ) ) ;
#1789 = CARTESIAN_POINT ( 'NONE',  ( 0.8816504037844485900, -1.527063293868297800, 1.088541666666669000 ) ) ;
#1790 = CARTESIAN_POINT ( 'NONE',  ( -1.870113174931205300E-016, -1.527063293868297300, 2.015625000000002700 ) ) ;
#1791 = AXIS2_PLACEMENT_3D ( 'NONE', #101, #4294, #836 ) ;
#1792 = CARTESIAN_POINT ( 'NONE',  ( -0.6785254037844482600, 1.175240473580837300, -1.458333333333330400 ) ) ;
#1793 = ORIENTED_EDGE ( 'NONE', *, *, #3037, .F. ) ;
#1794 = ORIENTED_EDGE ( 'NONE', *, *, #539, .F. ) ;
#1795 = CARTESIAN_POINT ( 'NONE',  ( -1.017788105676672700, 0.5876202367904108700, 0.08333333333333618800 ) ) ;
#1796 = AXIS2_PLACEMENT_3D ( 'NONE', #3813, #1474, #2689 ) ;
#1797 = EDGE_CURVE ( 'NONE', #2594, #1708, #1104, .T. ) ;
#1798 = CARTESIAN_POINT ( 'NONE',  ( -1.017788105676672700, -0.5876202367904408400, -3.333333333333330400 ) ) ;
#1799 = VERTEX_POINT ( 'NONE', #2649 ) ;
#1800 = PLANE ( 'NONE',  #1883 ) ;
#1801 = VERTEX_POINT ( 'NONE', #2712 ) ;
#1802 = DIRECTION ( 'NONE',  ( -0.1045058763748857200, -0.02078751127481481800, 0.9943069954385902500 ) ) ;
#1803 = DIRECTION ( 'NONE',  ( 0.07992773943613229500, 0.07992773943613278000, -0.9935910189495773500 ) ) ;
#1804 = CARTESIAN_POINT ( 'NONE',  ( 2.801143839917188400E-016, 2.287307525620820000, 2.437499999999999100 ) ) ;
#1805 = ORIENTED_EDGE ( 'NONE', *, *, #160, .T. ) ;
#1806 = CARTESIAN_POINT ( 'NONE',  ( -1.870113174931205300E-016, -1.527063293868297100, -0.4531249999999975600 ) ) ;
#1807 = EDGE_CURVE ( 'NONE', #2468, #3655, #1222, .T. ) ;
#1808 = CARTESIAN_POINT ( 'NONE',  ( -1.017788105676672700, -0.5876202367904412900, -0.2708333333333303700 ) ) ;
#1809 = ORIENTED_EDGE ( 'NONE', *, *, #3132, .F. ) ;
#1810 = CARTESIAN_POINT ( 'NONE',  ( -0.4347626794466381000, -0.5917109473128523400, 4.233624606597339300 ) ) ;
#1811 = EDGE_LOOP ( 'NONE', ( #2072, #4511, #4395, #1396 ) ) ;
#1812 = LINE ( 'NONE', #3891, #2470 ) ;
#1813 = CARTESIAN_POINT ( 'NONE',  ( -1.439254484199210300E-016, -1.175240473580867500, -2.187499999999996900 ) ) ;
#1814 =( BOUNDED_CURVE ( )  B_SPLINE_CURVE ( 2, ( #1289, #1423, #1060 ),
 .UNSPECIFIED., .F., .T. ) 
 B_SPLINE_CURVE_WITH_KNOTS ( ( 3, 3 ),
 ( 0.08099320945079921400, 0.1000000000000001200 ),
 .UNSPECIFIED. ) 
 CURVE ( )  GEOMETRIC_REPRESENTATION_ITEM ( )  RATIONAL_B_SPLINE_CURVE ( ( 0.9343333060482641500, 0.9236071873245123000, 1.000000000000000700 ) ) 
 REPRESENTATION_ITEM ( '' )  );
#1815 = CARTESIAN_POINT ( 'NONE',  ( -1.836970198721050400E-016, -1.500000000000031800, -3.437499999999996400 ) ) ;
#1816 = ORIENTED_EDGE ( 'NONE', *, *, #3037, .T. ) ;
#1817 = CIRCLE ( 'NONE', #1796, 2.287307525620819100 ) ;
#1818 = CARTESIAN_POINT ( 'NONE',  ( -1.017788105676672700, 0.5876202367904114200, -3.916666666666663900 ) ) ;
#1819 = ADVANCED_FACE ( 'NONE', ( #3210 ), #4432, .F. ) ;
#1820 = CARTESIAN_POINT ( 'NONE',  ( 0.8816504037844485900, -1.527063293868297500, -3.411458333333330800 ) ) ;
#1821 = CARTESIAN_POINT ( 'NONE',  ( 0.8660254037844472600, 1.500000000000004400, -2.791666666666664300 ) ) ;
#1822 = CARTESIAN_POINT ( 'NONE',  ( 0.9100100306033857000, -0.2087934338140805500, 3.406249999999998700 ) ) ;
#1823 = CARTESIAN_POINT ( 'NONE',  ( -1.870113174931205300E-016, -1.527063293868297300, 1.015625000000003100 ) ) ;
#1824 = CARTESIAN_POINT ( 'NONE',  ( -1.017788105676672700, -0.5876202367904410600, -1.833333333333330400 ) ) ;
#1825 = FACE_OUTER_BOUND ( 'NONE', #3799, .T. ) ;
#1826 = AXIS2_PLACEMENT_3D ( 'NONE', #1227, #3471, #1942 ) ;
#1827 = CARTESIAN_POINT ( 'NONE',  ( -1.357050807568896700, -1.494487252136680000E-014, -2.312499999999996900 ) ) ;
#1828 = EDGE_CURVE ( 'NONE', #3841, #2837, #2982, .T. ) ;
#1829 = CARTESIAN_POINT ( 'NONE',  ( -0.2267097614933409600, 1.516811748361104100, 3.786743325484761300 ) ) ;
#1830 = VERTEX_POINT ( 'NONE', #2299 ) ;
#1831 = CARTESIAN_POINT ( 'NONE',  ( -1.017788105676672700, -0.5876202367904408400, -3.833333333333330400 ) ) ;
#1832 = CARTESIAN_POINT ( 'NONE',  ( -1.525790193410406300, 0.2368691645223864900, 3.883403588540147700 ) ) ;
#1833 = CARTESIAN_POINT ( 'NONE',  ( 1.357050807568896700, -1.530021623440473000E-014, -2.124999999999996900 ) ) ;
#1834 = EDGE_CURVE ( 'NONE', #2393, #962, #2724, .T. ) ;
#1835 = CARTESIAN_POINT ( 'NONE',  ( 0.4314072894756709200, 0.5883555573418841600, 4.191913363870521700 ) ) ;
#1836 = DIRECTION ( 'NONE',  ( 0.0000000000000000000, 1.224646799147353000E-016, -1.000000000000000000 ) ) ;
#1837 = CARTESIAN_POINT ( 'NONE',  ( 1.322475605676673300, -0.7635316469341569800, 0.6302083333333358100 ) ) ;
#1838 = CARTESIAN_POINT ( 'NONE',  ( -1.017788105676672700, -0.5876202367904414000, 0.2291666666666695700 ) ) ;
#1839 = CARTESIAN_POINT ( 'NONE',  ( -1.017788105676672700, 0.5876202367904112000, -1.416666666666663600 ) ) ;
#1840 = VERTEX_POINT ( 'NONE', #721 ) ;
#1841 = ADVANCED_FACE ( 'NONE', ( #4599 ), #1166, .T. ) ;
#1842 = CARTESIAN_POINT ( 'NONE',  ( -1.017788105676672700, 0.5876202367904113100, -2.354166666666663900 ) ) ;
#1843 = CARTESIAN_POINT ( 'NONE',  ( -1.439254484199210300E-016, -1.175240473580867700, 0.2500000000000026100 ) ) ;
#1844 = CARTESIAN_POINT ( 'NONE',  ( 1.017788105676672200, -0.5876202367904417300, -2.604166666666663400 ) ) ;
#1845 = ORIENTED_EDGE ( 'NONE', *, *, #2198, .T. ) ;
#1846 = CARTESIAN_POINT ( 'NONE',  ( 1.017788105676672200, -0.5876202367904421700, 0.3958333333333362000 ) ) ;
#1847 = CARTESIAN_POINT ( 'NONE',  ( 1.017788105676672200, -0.5876202367904418400, -2.166666666666663900 ) ) ;
#1848 = VERTEX_POINT ( 'NONE', #2723 ) ;
#1849 = CARTESIAN_POINT ( 'NONE',  ( 0.0000000000000000000, 1.175240473580837500, -3.499999999999996900 ) ) ;
#1850 = CARTESIAN_POINT ( 'NONE',  ( -1.439254484199210300E-016, -1.175240473580867500, -1.749999999999996900 ) ) ;
#1851 = CARTESIAN_POINT ( 'NONE',  ( -1.870113174931205300E-016, -1.527063293868297300, 1.046875000000002400 ) ) ;
#1852 = CARTESIAN_POINT ( 'NONE',  ( 1.357050807568896700, -1.579772899655834000E-014, 1.937500000000002900 ) ) ;
#1853 = AXIS2_PLACEMENT_3D ( 'NONE', #178, #3667, #238 ) ;
#1854 = ORIENTED_EDGE ( 'NONE', *, *, #890, .T. ) ;
#1855 = LINE ( 'NONE', #3359, #951 ) ;
#1856 = CARTESIAN_POINT ( 'NONE',  ( 0.0000000000000000000, 1.500000000000002200, -3.749999999999997800 ) ) ;
#1857 = ORIENTED_EDGE ( 'NONE', *, *, #4186, .F. ) ;
#1858 = EDGE_CURVE ( 'NONE', #4208, #531, #2552, .T. ) ;
#1859 = ADVANCED_FACE ( 'NONE', ( #3983 ), #442, .T. ) ;
#1860 = CARTESIAN_POINT ( 'NONE',  ( 0.0000000000000000000, 1.175240473580837100, 1.562500000000003100 ) ) ;
#1861 = CARTESIAN_POINT ( 'NONE',  ( 0.0000000000000000000, 1.175240473580837500, -1.999999999999997100 ) ) ;
#1862 = ORIENTED_EDGE ( 'NONE', *, *, #1602, .F. ) ;
#1863 = DATE_AND_TIME ( #249, #3321 ) ;
#1864 = CARTESIAN_POINT ( 'NONE',  ( -1.870113174931205300E-016, -1.527063293868296900, -2.984374999999996400 ) ) ;
#1865 = CARTESIAN_POINT ( 'NONE',  ( -1.357050807568896700, -1.512091549874423000E-014, -0.8749999999999971100 ) ) ;
#1866 = CARTESIAN_POINT ( 'NONE',  ( 1.322475605676673300, -0.7635316469341566500, -1.901041666666663400 ) ) ;
#1867 = ORIENTED_EDGE ( 'NONE', *, *, #2076, .T. ) ;
#1868 = ORIENTED_EDGE ( 'NONE', *, *, #524, .T. ) ;
#1869 = LINE ( 'NONE', #1329, #3980 ) ;
#1870 = CARTESIAN_POINT ( 'NONE',  ( -1.322475605676673800, -0.7635316469341557600, -1.036458333333330600 ) ) ;
#1871 = CARTESIAN_POINT ( 'NONE',  ( -0.6785254037844487000, -1.175240473580867300, -1.791666666666663600 ) ) ;
#1872 = FACE_OUTER_BOUND ( 'NONE', #1811, .T. ) ;
#1873 = VECTOR ( 'NONE', #2246, 1000.000000000000000 ) ;
#1874 = CARTESIAN_POINT ( 'NONE',  ( -0.6785254037844482600, 1.175240473580837300, -0.4583333333333303200 ) ) ;
#1875 = CARTESIAN_POINT ( 'NONE',  ( -1.439254484199210300E-016, -1.175240473580867500, -3.249999999999996900 ) ) ;
#1876 = CARTESIAN_POINT ( 'NONE',  ( 0.0000000000000000000, 1.527063293868266900, -1.734374999999996700 ) ) ;
#1877 = LINE ( 'NONE', #4372, #4231 ) ;
#1878 = CARTESIAN_POINT ( 'NONE',  ( 0.6785254037844491400, 1.175240473580836800, -1.041666666666663900 ) ) ;
#1879 = CARTESIAN_POINT ( 'NONE',  ( -0.7354406211332152900, -0.9294106106815309700, 0.7181586815023615100 ) ) ;
#1880 = CARTESIAN_POINT ( 'NONE',  ( -1.017788105676672700, -0.5876202367904411700, -0.3333333333333304300 ) ) ;
#1881 = ADVANCED_FACE ( 'NONE', ( #852 ), #78, .T. ) ;
#1882 = CARTESIAN_POINT ( 'NONE',  ( 0.4999534751593349700, 0.2070875099665614200, 3.406249999999998700 ) ) ;
#1883 = AXIS2_PLACEMENT_3D ( 'NONE', #2991, #2207, #277 ) ;
#1884 = CARTESIAN_POINT ( 'NONE',  ( 1.017788105676673100, 0.5876202367904102000, -0.5208333333333303700 ) ) ;
#1885 = ORIENTED_EDGE ( 'NONE', *, *, #3603, .F. ) ;
#1886 = EDGE_CURVE ( 'NONE', #962, #3841, #4435, .T. ) ;
#1887 = DIRECTION ( 'NONE',  ( -0.3826834323650946700, -0.9238795325112846300, 0.0000000000000000000 ) ) ;
#1888 = PRODUCT_DEFINITION ( 'UNKNOWN', '', #2509, #750 ) ;
#1889 = CARTESIAN_POINT ( 'NONE',  ( 1.357050807568896700, -1.560637793419156800E-014, 0.3750000000000028900 ) ) ;
#1890 = CARTESIAN_POINT ( 'NONE',  ( -1.524207146240230200, -0.1474052775258406500, 3.406249999999998700 ) ) ;
#1891 = EDGE_CURVE ( 'NONE', #4704, #4335, #3874, .T. ) ;
#1892 = CARTESIAN_POINT ( 'NONE',  ( -1.322475605676673800, -0.7635316469341554300, -3.567708333333330400 ) ) ;
#1893 =( BOUNDED_CURVE ( )  B_SPLINE_CURVE ( 3, ( #2560, #1119, #3337, #4215 ),
 .UNSPECIFIED., .F., .F. ) 
 B_SPLINE_CURVE_WITH_KNOTS ( ( 4, 4 ),
 ( 2.751161613710444400, 3.532023693469145400 ),
 .UNSPECIFIED. ) 
 CURVE ( )  GEOMETRIC_REPRESENTATION_ITEM ( )  RATIONAL_B_SPLINE_CURVE ( ( 1.000000000000000000, 0.9498300650479265500, 0.9498300650479265500, 1.000000000000000000 ) ) 
 REPRESENTATION_ITEM ( '' )  );
#1894 = CARTESIAN_POINT ( 'NONE',  ( 0.8660254037844501400, -1.500000000000028000, -1.395833333333329300 ) ) ;
#1895 = CARTESIAN_POINT ( 'NONE',  ( 1.017788105676673100, 0.5876202367904103100, -1.583333333333330200 ) ) ;
#1896 = CARTESIAN_POINT ( 'NONE',  ( 1.017788105676673100, 0.5876202367904102000, -0.5833333333333304800 ) ) ;
#1897 = CARTESIAN_POINT ( 'NONE',  ( 1.499053592390468400, -0.2066980850601301800, 3.596344942559024800 ) ) ;
#1898 = CARTESIAN_POINT ( 'NONE',  ( 0.6785254037844491400, 1.175240473580836800, -0.4791666666666637400 ) ) ;
#1899 = EDGE_LOOP ( 'NONE', ( #1208, #1297, #517, #920 ) ) ;
#1900 = CARTESIAN_POINT ( 'NONE',  ( 1.299038105676672900, 0.7499999999999919000, 0.6666666666666691800 ) ) ;
#1901 = EDGE_LOOP ( 'NONE', ( #2518, #56, #562, #1885 ) ) ;
#1902 = CARTESIAN_POINT ( 'NONE',  ( -0.2457639344234836500, 1.544577949440513600, 3.976637958131967700 ) ) ;
#1903 = VERTEX_POINT ( 'NONE', #1592 ) ;
#1904 = ADVANCED_FACE ( 'NONE', ( #1639 ), #1044, .T. ) ;
#1905 = CARTESIAN_POINT ( 'NONE',  ( 1.357050807568896700, -1.561403197668624100E-014, 0.4375000000000030500 ) ) ;
#1906 = CARTESIAN_POINT ( 'NONE',  ( 1.763300807568898100, -1.534614048937275600E-014, -2.359374999999996400 ) ) ;
#1907 = CARTESIAN_POINT ( 'NONE',  ( -1.732050807568896500, -1.489129422390410500E-014, -2.562499999999996400 ) ) ;
#1908 = DIRECTION ( 'NONE',  ( 1.000000000000000000, -3.416274459760633000E-015, -0.0000000000000000000 ) ) ;
#1909 = VERTEX_POINT ( 'NONE', #1193 ) ;
#1910 = CARTESIAN_POINT ( 'NONE',  ( 1.763300807568898100, -1.540737282933012300E-014, -1.859374999999996700 ) ) ;
#1911 = CARTESIAN_POINT ( 'NONE',  ( -1.439254484199210300E-016, -1.175240473580867700, 1.312500000000002900 ) ) ;
#1912 = CARTESIAN_POINT ( 'NONE',  ( 0.0000000000000000000, 1.175240473580837300, -0.4999999999999970000 ) ) ;
#1913 = EDGE_CURVE ( 'NONE', #658, #4025, #3340, .T. ) ;
#1914 = ORIENTED_EDGE ( 'NONE', *, *, #185, .F. ) ;
#1915 = CARTESIAN_POINT ( 'NONE',  ( 1.559594178744810000, 0.1879607210212225800, 3.782412223762400900 ) ) ;
#1916 = DATE_AND_TIME ( #660, #4753 ) ;
#1917 = DIRECTION ( 'NONE',  ( -1.000000000000000000, 0.0000000000000000000, -0.0000000000000000000 ) ) ;
#1918 = AXIS2_PLACEMENT_3D ( 'NONE', #3703, #3348, #1382 ) ;
#1919 = CARTESIAN_POINT ( 'NONE',  ( -1.017788105676672700, 0.5876202367904113100, -2.416666666666663900 ) ) ;
#1920 = CARTESIAN_POINT ( 'NONE',  ( 1.534691860997136700, 0.2470292989821765400, 3.980070810694634100 ) ) ;
#1921 = ORIENTED_EDGE ( 'NONE', *, *, #1994, .F. ) ;
#1922 = ORIENTED_EDGE ( 'NONE', *, *, #3613, .T. ) ;
#1923 = DIRECTION ( 'NONE',  ( -0.0000000000000000000, -1.224646799147353200E-016, 1.000000000000000000 ) ) ;
#1924 = VECTOR ( 'NONE', #1184, 1000.000000000000000 ) ;
#1925 = EDGE_CURVE ( 'NONE', #1665, #1946, #1771, .T. ) ;
#1926 = CARTESIAN_POINT ( 'NONE',  ( 1.017788105676672200, -0.5876202367904422900, 0.8333333333333360300 ) ) ;
#1927 = CARTESIAN_POINT ( 'NONE',  ( 1.357050807568896700, -1.523898389444736300E-014, -2.624999999999996900 ) ) ;
#1928 = CARTESIAN_POINT ( 'NONE',  ( 1.763300807568898100, -1.528873517066272500E-014, -2.828124999999997300 ) ) ;
#1929 = VERTEX_POINT ( 'NONE', #4624 ) ;
#1930 = CARTESIAN_POINT ( 'NONE',  ( 1.322475605676674200, 0.7635316469341251200, -3.817708333333329900 ) ) ;
#1931 = LINE ( 'NONE', #2599, #3626 ) ;
#1932 = CARTESIAN_POINT ( 'NONE',  ( 0.0000000000000000000, 2.602085213965210600E-015, -0.3607728408534533500 ) ) ;
#1933 = CARTESIAN_POINT ( 'NONE',  ( -1.322475605676673500, 0.7635316469341260100, -1.119791666666663900 ) ) ;
#1934 = VECTOR ( 'NONE', #428, 1000.000000000000100 ) ;
#1935 = CARTESIAN_POINT ( 'NONE',  ( 1.017788105676672200, -0.5876202367904415100, -4.166666666666664300 ) ) ;
#1936 = CARTESIAN_POINT ( 'NONE',  ( 1.017788105676672200, -0.5876202367904415100, -4.166666666666664300 ) ) ;
#1937 = CARTESIAN_POINT ( 'NONE',  ( 1.017788105676673100, 0.5876202367904104200, -2.083333333333330400 ) ) ;
#1938 = VECTOR ( 'NONE', #3412, 1000.000000000000000 ) ;
#1939 = CARTESIAN_POINT ( 'NONE',  ( 1.267665370728740600, 0.2127060503266640600, 1.013362643133669300 ) ) ;
#1940 = CARTESIAN_POINT ( 'NONE',  ( -0.2424234256958920900, -1.552342565972941300, 3.974050065620836800 ) ) ;
#1941 = CARTESIAN_POINT ( 'NONE',  ( -0.2468476514111774500, 1.539609450051898000, 3.978342549502074100 ) ) ;
#1942 = DIRECTION ( 'NONE',  ( 0.0000000000000000000, -1.000000000000000000, 0.0000000000000000000 ) ) ;
#1943 = CARTESIAN_POINT ( 'NONE',  ( -1.017788105676672700, -0.5876202367904409500, -2.333333333333330400 ) ) ;
#1944 = CARTESIAN_POINT ( 'NONE',  ( 0.0000000000000000000, 4.487940763634945000E-016, 4.249999999999998200 ) ) ;
#1945 = CARTESIAN_POINT ( 'NONE',  ( -0.6785254037844487000, -1.175240473580867300, -2.729166666666663400 ) ) ;
#1946 = VERTEX_POINT ( 'NONE', #2329 ) ;
#1947 = CARTESIAN_POINT ( 'NONE',  ( 2.423342852320893400E-015, -5.499639599344713400E-016, 3.406249999999998700 ) ) ;
#1948 = CARTESIAN_POINT ( 'NONE',  ( 1.017788105676672200, -0.5876202367904418400, -1.604166666666663600 ) ) ;
#1949 = AXIS2_PLACEMENT_3D ( 'NONE', #3072, #4536, #3798 ) ;
#1950 = CARTESIAN_POINT ( 'NONE',  ( -0.6785254037844487000, -1.175240473580867000, -3.791666666666663400 ) ) ;
#1951 = EDGE_CURVE ( 'NONE', #4916, #4219, #2841, .T. ) ;
#1952 = CARTESIAN_POINT ( 'NONE',  ( 1.277881067396323900, -0.1216994516430612000, 0.9858204169221213000 ) ) ;
#1953 = CARTESIAN_POINT ( 'NONE',  ( -1.508146100628092300, 0.1771724077350225200, 3.406249999999998700 ) ) ;
#1954 = CARTESIAN_POINT ( 'NONE',  ( 0.2631248712943634600, -0.9978205399679969100, 4.133209951772098400 ) ) ;
#1955 =( BOUNDED_CURVE ( )  B_SPLINE_CURVE ( 2, ( #1705, #2517, #4848, #3661, #4431, #1725, #3632 ),
 .UNSPECIFIED., .F., .F. ) 
 B_SPLINE_CURVE_WITH_KNOTS ( ( 3, 2, 2, 3 ),
 ( 0.6000000000000000900, 0.6333333333333333000, 0.6666666666666667400, 0.6999999999999998400 ),
 .UNSPECIFIED. ) 
 CURVE ( )  GEOMETRIC_REPRESENTATION_ITEM ( )  RATIONAL_B_SPLINE_CURVE ( ( 0.9999999999999995600, 0.8660254037844391500, 1.000000000000000000, 0.8660254037844387100, 1.000000000000000000, 0.8660254037844391500, 0.9999999999999995600 ) ) 
 REPRESENTATION_ITEM ( '' )  );
#1956 = CARTESIAN_POINT ( 'NONE',  ( -0.2410245267385764700, -0.5818846813168261400, 4.249999999999998200 ) ) ;
#1957 = CARTESIAN_POINT ( 'NONE',  ( 1.017788105676672200, -0.5876202367904417300, -3.104166666666663900 ) ) ;
#1958 = ORIENTED_EDGE ( 'NONE', *, *, #2583, .T. ) ;
#1959 = CARTESIAN_POINT ( 'NONE',  ( 0.1867183014945815700, -1.480908766186233200, 3.406249999999998700 ) ) ;
#1960 = DIRECTION ( 'NONE',  ( 0.9238795325112860700, -0.3826834323650913900, -0.0000000000000000000 ) ) ;
#1961 = CARTESIAN_POINT ( 'NONE',  ( -1.357050807568896700, -1.494487252136680000E-014, -2.312499999999996900 ) ) ;
#1962 = PERSON_AND_ORGANIZATION_ROLE ( 'design_supplier' ) ;
#1963 = CARTESIAN_POINT ( 'NONE',  ( 1.322475605676674200, 0.7635316469341245600, -0.2864583333333304300 ) ) ;
#1964 = ORIENTED_EDGE ( 'NONE', *, *, #2738, .F. ) ;
#1965 = CARTESIAN_POINT ( 'NONE',  ( 1.050943903833033000, -1.070288237343691900, -3.937500000000000000 ) ) ;
#1966 = CARTESIAN_POINT ( 'NONE',  ( -0.6785254037844482600, 1.175240473580837300, -0.9583333333333303700 ) ) ;
#1967 = CARTESIAN_POINT ( 'NONE',  ( 1.276360304729769400, 0.1299616491739454300, 1.006578396481318200 ) ) ;
#1968 = ORIENTED_EDGE ( 'NONE', *, *, #408, .T. ) ;
#1969 = CARTESIAN_POINT ( 'NONE',  ( -1.542301008750361500, -0.1679132498814323300, 3.596344926427473200 ) ) ;
#1970 = ORIENTED_EDGE ( 'NONE', *, *, #152, .F. ) ;
#1971 = CARTESIAN_POINT ( 'NONE',  ( -0.2324325179827276800, 1.565698917497981000, 3.969794681949657900 ) ) ;
#1972 = CARTESIAN_POINT ( 'NONE',  ( -1.038180288643454800, 0.5631462490855209100, 4.198051900844818700 ) ) ;
#1973 = ORIENTED_EDGE ( 'NONE', *, *, #4875, .T. ) ;
#1974 = DATE_AND_TIME ( #3676, #1378 ) ;
#1975 = CARTESIAN_POINT ( 'NONE',  ( 0.6785254037844479200, -1.175240473580867700, -2.145833333333330400 ) ) ;
#1976 = CARTESIAN_POINT ( 'NONE',  ( 0.1678132330522514900, 1.542129073831890500, 3.595469040531505300 ) ) ;
#1977 = DIRECTION ( 'NONE',  ( -0.0000000000000000000, -1.224646799147353200E-016, 1.000000000000000000 ) ) ;
#1978 = CARTESIAN_POINT ( 'NONE',  ( 1.322475605676673300, -0.7635316469341568700, -0.9010416666666635200 ) ) ;
#1979 = ORIENTED_EDGE ( 'NONE', *, *, #2673, .F. ) ;
#1980 = PERSON_AND_ORGANIZATION_ROLE ( 'creator' ) ;
#1981 = AXIS2_PLACEMENT_3D ( 'NONE', #3821, #1522, #1887 ) ;
#1982 = CIRCLE ( 'NONE', #2117, 1.550799999999997100 ) ;
#1983 = CARTESIAN_POINT ( 'NONE',  ( 1.322475605676674200, 0.7635316469341246700, -0.7864583333333305900 ) ) ;
#1984 = EDGE_CURVE ( 'NONE', #1665, #1929, #1695, .T. ) ;
#1985 = ORIENTED_EDGE ( 'NONE', *, *, #4129, .F. ) ;
#1986 = ORIENTED_EDGE ( 'NONE', *, *, #198, .F. ) ;
#1987 = CARTESIAN_POINT ( 'NONE',  ( -1.357050807568896700, -1.481475379895739200E-014, -3.374999999999996900 ) ) ;
#1988 = CARTESIAN_POINT ( 'NONE',  ( 0.6785254037844491400, 1.175240473580836800, -0.04166666666666380600 ) ) ;
#1989 = FACE_OUTER_BOUND ( 'NONE', #4518, .T. ) ;
#1990 =( BOUNDED_CURVE ( )  B_SPLINE_CURVE ( 2, ( #2581, #3376, #2959, #1428, #2146, #675, #4452 ),
 .UNSPECIFIED., .F., .F. ) 
 B_SPLINE_CURVE_WITH_KNOTS ( ( 3, 2, 2, 3 ),
 ( 0.2000000000000000100, 0.2333333333333333400, 0.2666666666666667200, 0.3000000000000000400 ),
 .UNSPECIFIED. ) 
 CURVE ( )  GEOMETRIC_REPRESENTATION_ITEM ( )  RATIONAL_B_SPLINE_CURVE ( ( 1.000000000000000000, 0.8660254037844387100, 1.000000000000000000, 0.8660254037844387100, 1.000000000000000000, 0.8660254037844384900, 1.000000000000000200 ) ) 
 REPRESENTATION_ITEM ( '' )  );
#1991 = CARTESIAN_POINT ( 'NONE',  ( -0.1522618602394394100, 1.523737468660977500, 3.406249999999998700 ) ) ;
#1992 = CARTESIAN_POINT ( 'NONE',  ( -1.537627273944389000, -0.2062073137888993100, 3.591675565820938500 ) ) ;
#1993 = CARTESIAN_POINT ( 'NONE',  ( -0.8660254037844488100, -1.500000000000031800, 0.4583333333333354200 ) ) ;
#1994 = EDGE_CURVE ( 'NONE', #3124, #2713, #2464, .T. ) ;
#1995 = CYLINDRICAL_SURFACE ( 'NONE', #4788, 1.500000000000000400 ) ;
#1996 = CARTESIAN_POINT ( 'NONE',  ( 0.0000000000000000000, 1.175240473580837100, 1.000000000000003100 ) ) ;
#1997 = CARTESIAN_POINT ( 'NONE',  ( 0.1701009219599325700, -1.515488654394542700, 3.406249999999998700 ) ) ;
#1998 = CARTESIAN_POINT ( 'NONE',  ( -1.017788105676672700, 0.5876202367904113100, -2.854166666666663900 ) ) ;
#1999 = FACE_OUTER_BOUND ( 'NONE', #2173, .T. ) ;
#2000 = LINE ( 'NONE', #4013, #3094 ) ;
#2001 = CARTESIAN_POINT ( 'NONE',  ( 1.836970198721030400E-016, 1.500000000000000900, 4.249999999999998200 ) ) ;
#2002 = CARTESIAN_POINT ( 'NONE',  ( -0.6785254037844487000, -1.175240473580867300, -1.729166666666663900 ) ) ;
#2003 = CARTESIAN_POINT ( 'NONE',  ( 0.0000000000000000000, 4.487940763634945000E-016, 4.249999999999998200 ) ) ;
#2004 = LINE ( 'NONE', #1689, #4970 ) ;
#2005 = CARTESIAN_POINT ( 'NONE',  ( 1.543116970613428500, -0.2461404650521849500, 3.977136521887540100 ) ) ;
#2006 = DIRECTION ( 'NONE',  ( 0.0000000000000000000, -1.000000000000000000, -1.489768496152869600E-016 ) ) ;
#2007 = CARTESIAN_POINT ( 'NONE',  ( 1.100527865326621100, -0.8152086002115003200, 1.219763189068932000 ) ) ;
#2008 = CARTESIAN_POINT ( 'NONE',  ( -0.4314072894756711400, -0.5883555573418852700, 4.191913363870520800 ) ) ;
#2009 = DIRECTION ( 'NONE',  ( 0.0000000000000000000, 1.000000000000000000, 1.175727161050965200E-016 ) ) ;
#2010 = VERTEX_POINT ( 'NONE', #3487 ) ;
#2011 = CARTESIAN_POINT ( 'NONE',  ( 0.2096185566943387600, 1.578130571963836300, 3.983514249959532600 ) ) ;
#2012 = CARTESIAN_POINT ( 'NONE',  ( -2.425680116754351800E-016, -0.2754000000000032500, 4.249999999999998200 ) ) ;
#2013 = CARTESIAN_POINT ( 'NONE',  ( -1.135915831110845300, 0.8064965023910145600, -4.047507921163213700 ) ) ;
#2014 = AXIS2_PLACEMENT_3D ( 'NONE', #2775, #4351, #849 ) ;
#2015 = EDGE_LOOP ( 'NONE', ( #2432, #3730, #932, #4259, #1964, #645, #4092, #3948, #602, #4545, #3217, #4044, #1914, #3255, #4874, #1552 ) ) ;
#2016 = CARTESIAN_POINT ( 'NONE',  ( 0.8816504037844485900, -1.527063293868297500, -1.442708333333329900 ) ) ;
#2017 = AXIS2_PLACEMENT_3D ( 'NONE', #587, #4370, #2084 ) ;
#2018 = B_SPLINE_CURVE_WITH_KNOTS ( 'NONE', 3,
 ( #879, #1286, #4777, #1647, #2044, #4741, #2822, #111, #2013, #2434, #3227, #2421, #130, #4714, #3982, #2798, #147, #3952, #507, #3244, #3997, #162, #1676, #4363, #3618, #2062 ),
 .UNSPECIFIED., .F., .F.,
 ( 4, 2, 2, 2, 2, 2, 2, 2, 2, 2, 2, 2, 4 ),
 ( 0.003840119905084948300, 0.004118252103463285900, 0.004396384301841624300, 0.004952648698598299500, 0.005230780896976637000, 0.005508913095354974600, 0.005787045293733313100, 0.006065177492111650600, 0.006621441888868326600, 0.006899574087246664200, 0.007177706285625001800, 0.007733970682381678700, 0.008290235079138353800 ),
 .UNSPECIFIED. ) ;
#2019 = CARTESIAN_POINT ( 'NONE',  ( 0.8403253293570921400, 1.128060291996585600, 1.321741156871286000 ) ) ;
#2020 = EDGE_CURVE ( 'NONE', #255, #3755, #3206, .T. ) ;
#2021 = CARTESIAN_POINT ( 'NONE',  ( -1.555317688351644000, -0.2265721277549597700, 3.785433827936212300 ) ) ;
#2022 = DIRECTION ( 'NONE',  ( -0.9188184237650746100, 0.3805870524817768200, -0.1045284632676537600 ) ) ;
#2023 = B_SPLINE_CURVE_WITH_KNOTS ( 'NONE', 3,
 ( #3236, #4705, #3219, #2803, #2395, #4767, #3934, #485, #89, #498, #3175, #1687, #906, #2053, #3606, #872 ),
 .UNSPECIFIED., .F., .F.,
 ( 4, 3, 3, 3, 3, 4 ),
 ( 6.661945954393860900E-018, 1.470844003610720900E-005, 2.939417830354293100E-005, 4.442267351833703800E-005, 5.988482598153932100E-005, 6.364891938347040800E-005 ),
 .UNSPECIFIED. ) ;
#2024 = EDGE_LOOP ( 'NONE', ( #4197, #710, #2388, #2095 ) ) ;
#2025 = CARTESIAN_POINT ( 'NONE',  ( 1.299038105676672900, 0.7499999999999920100, -0.2708333333333296500 ) ) ;
#2026 = CARTESIAN_POINT ( 'NONE',  ( -0.8660254037844445900, -1.500000000000038900, -1.541666666666663600 ) ) ;
#2027 = CARTESIAN_POINT ( 'NONE',  ( -1.036004162901802200, 0.2622035415152749200, 4.124444084471207400 ) ) ;
#2028 = ORIENTED_EDGE ( 'NONE', *, *, #3132, .T. ) ;
#2029 = CARTESIAN_POINT ( 'NONE',  ( 0.1867183014945880400, 1.256127540800929300E-015, 3.406249999999998700 ) ) ;
#2030 = ORIENTED_EDGE ( 'NONE', *, *, #4582, .T. ) ;
#2031 = CARTESIAN_POINT ( 'NONE',  ( 1.017788105676672200, -0.5876202367904419500, -0.6041666666666636300 ) ) ;
#2032 = EDGE_LOOP ( 'NONE', ( #627, #189, #2657, #4018 ) ) ;
#2033 = CARTESIAN_POINT ( 'NONE',  ( -0.2731436643961130400, 1.038180288643463000, 4.228532400733666200 ) ) ;
#2034 = CARTESIAN_POINT ( 'NONE',  ( -0.4314072894756711400, -0.5883555573418852700, 4.191913363870520800 ) ) ;
#2035 = CARTESIAN_POINT ( 'NONE',  ( 0.6422969129970491600, -1.290558757944969500, -3.998883893147743100 ) ) ;
#2036 = DIRECTION ( 'NONE',  ( -1.034226902831782700E-014, -0.9945218953682734000, 0.1045284632676535800 ) ) ;
#2037 = ORIENTED_EDGE ( 'NONE', *, *, #1951, .F. ) ;
#2038 = CARTESIAN_POINT ( 'NONE',  ( 0.6785254037844479200, -1.175240473580867700, -1.645833333333330400 ) ) ;
#2039 = CIRCLE ( 'NONE', #2733, 1.531318301494581000 ) ;
#2040 = CARTESIAN_POINT ( 'NONE',  ( 0.0000000000000000000, 2.602085213965210600E-015, 3.967077405468494100 ) ) ;
#2041 = CARTESIAN_POINT ( 'NONE',  ( 0.1887742588306499100, 1.560372599061996300, 3.789916474573783700 ) ) ;
#2042 = ORIENTED_EDGE ( 'NONE', *, *, #1925, .F. ) ;
#2043 = ORIENTED_EDGE ( 'NONE', *, *, #1469, .T. ) ;
#2044 = CARTESIAN_POINT ( 'NONE',  ( -0.4602788118175497600, 1.281515731451771800, -4.078985414128601900 ) ) ;
#2045 = LINE ( 'NONE', #3411, #1688 ) ;
#2046 = CARTESIAN_POINT ( 'NONE',  ( -0.2070875099665536200, 0.4999534751593379100, 3.406249999999998700 ) ) ;
#2047 = CARTESIAN_POINT ( 'NONE',  ( -1.017788105676672700, -0.5876202367904411700, -0.7708333333333303700 ) ) ;
#2048 = CARTESIAN_POINT ( 'NONE',  ( 0.9842308809664458400, 0.8614542065068970800, -4.139539810969890400 ) ) ;
#2049 = VERTEX_POINT ( 'NONE', #80 ) ;
#2050 = LINE ( 'NONE', #150, #260 ) ;
#2051 = EDGE_CURVE ( 'NONE', #3128, #765, #1438, .T. ) ;
#2052 = B_SPLINE_CURVE_WITH_KNOTS ( 'NONE', 3,
 ( #338, #724, #4992, #1879, #3059, #1129 ),
 .UNSPECIFIED., .F., .F.,
 ( 4, 2, 4 ),
 ( 1.792800126126357100E-015, 0.0004652154425846294200, 0.0009304308851674661200 ),
 .UNSPECIFIED. ) ;
#2053 = CARTESIAN_POINT ( 'NONE',  ( 0.2468885705420942600, 1.537088995082182900, 3.979230760618282000 ) ) ;
#2054 = CARTESIAN_POINT ( 'NONE',  ( 0.2622035415152625900, -1.036004162901805100, 4.124444084471205600 ) ) ;
#2055 = LINE ( 'NONE', #3974, #4473 ) ;
#2056 = CARTESIAN_POINT ( 'NONE',  ( 0.1492243482503498000, 1.524031224859958800, 3.406249999999998700 ) ) ;
#2057 = PLANE ( 'NONE',  #4148 ) ;
#2058 = CARTESIAN_POINT ( 'NONE',  ( 1.017788105676672200, -0.5876202367904418400, -1.604166666666663600 ) ) ;
#2059 = EDGE_CURVE ( 'NONE', #4916, #366, #3701, .T. ) ;
#2060 = CARTESIAN_POINT ( 'NONE',  ( 0.2265721224584702800, 1.555317683825135500, 3.785433777543684800 ) ) ;
#2061 = VECTOR ( 'NONE', #2189, 1000.000000000000000 ) ;
#2062 = CARTESIAN_POINT ( 'NONE',  ( -1.836970198721050400E-016, -1.500000000000031500, -3.937499999999996400 ) ) ;
#2063 = CARTESIAN_POINT ( 'NONE',  ( 0.7026901318165331700, -0.7026901318165379400, 4.203144106708491800 ) ) ;
#2064 = CARTESIAN_POINT ( 'NONE',  ( 0.6785254037844491400, 1.175240473580836800, -0.4791666666666637400 ) ) ;
#2065 = CARTESIAN_POINT ( 'NONE',  ( 1.524031224859958100, -0.1492243482503557400, 3.406249999999998700 ) ) ;
#2066 = CARTESIAN_POINT ( 'NONE',  ( -0.1692246437882022100, 1.262924384873282100, 0.9590682478282581700 ) ) ;
#2067 = ORIENTED_EDGE ( 'NONE', *, *, #3098, .T. ) ;
#2068 = CARTESIAN_POINT ( 'NONE',  ( -1.017788105676672700, -0.5876202367904409500, -2.270833333333330400 ) ) ;
#2069 = CARTESIAN_POINT ( 'NONE',  ( -0.3625845760923520100, 1.296916521768426000, 1.180611586291613800 ) ) ;
#2070 = CARTESIAN_POINT ( 'NONE',  ( 1.017788105676672200, -0.5876202367904418400, -2.166666666666663900 ) ) ;
#2071 = CARTESIAN_POINT ( 'NONE',  ( 0.9827792013656194700, 0.1867183014945866000, 3.406249999999998700 ) ) ;
#2072 = ORIENTED_EDGE ( 'NONE', *, *, #2219, .F. ) ;
#2073 = CARTESIAN_POINT ( 'NONE',  ( 0.2096185566311839200, -1.578130571910037800, 3.983514249373000900 ) ) ;
#2074 = AXIS2_PLACEMENT_3D ( 'NONE', #3700, #2453, #4406 ) ;
#2075 =( BOUNDED_CURVE ( )  B_SPLINE_CURVE ( 2, ( #4961, #3399, #3462, #4159, #748, #1144, #1850, #1476, #1079, #1113, #1895, #4555, #3782, #2618, #4601, #1463, #738, #4944, #4177, #4978, #2248, #2631, #3444, #1878, #1128, #2680, #2227, #1865, #2265, #326, #4991, #4923, #2647, #311, #2298, #3047, #371, #1515, #2666, #3826, #4584, #3058, #4207, #1529, #4630, #448, #388, #418, #3493 ),
 .UNSPECIFIED., .F., .F. ) 
 B_SPLINE_CURVE_WITH_KNOTS ( ( 3, 2, 2, 2, 2, 2, 2, 2, 2, 2, 2, 2, 2, 2, 2, 2, 2, 2, 2, 2, 2, 2, 2, 2, 3 ),
 ( 0.2000000000000000100, 0.2333333333333333400, 0.2666666666666666600, 0.2999999999999999900, 0.3333333333333333100, 0.3666666666666666400, 0.4000000000000000200, 0.4333333333333333500, 0.4666666666666666700, 0.5000000000000000000, 0.5333333333333333300, 0.5666666666666666500, 0.5999999999999999800, 0.6333333333333333000, 0.6666666666666666300, 0.6999999999999999600, 0.7333333333333331700, 0.7666666666666666100, 0.8000000000000000400, 0.8333333333333332600, 0.8666666666666667000, 0.8999999999999999100, 0.9333333333333333500, 0.9666666666666665600, 1.000000000000000200 ),
 .UNSPECIFIED. ) 
 CURVE ( )  GEOMETRIC_REPRESENTATION_ITEM ( )  RATIONAL_B_SPLINE_CURVE ( ( 1.000000000000000000, 0.8660254037844387100, 1.000000000000000000, 0.8660254037844387100, 1.000000000000000000, 0.8660254037844387100, 1.000000000000000000, 0.8660254037844387100, 1.000000000000000000, 0.8660254037844387100, 1.000000000000000000, 0.8660254037844387100, 1.000000000000000000, 0.8660254037844387100, 1.000000000000000000, 0.8660254037844387100, 1.000000000000000000, 0.8660254037844387100, 1.000000000000000000, 0.8660254037844387100, 1.000000000000000000, 0.8660254037844387100, 1.000000000000000000, 0.8660254037844387100, 1.000000000000000000, 0.8660254037844387100, 1.000000000000000000, 0.8660254037844387100, 1.000000000000000000, 0.8660254037844387100, 1.000000000000000000, 0.8660254037844387100, 1.000000000000000000, 0.8660254037844387100, 1.000000000000000000, 0.8660254037844387100, 1.000000000000000000, 0.8660254037844387100, 1.000000000000000000, 0.8660254037844387100, 1.000000000000000000, 0.8660254037844387100, 1.000000000000000000, 0.8660254037844387100, 1.000000000000000000, 0.8660254037844387100, 1.000000000000000000, 0.8660254037844387100, 1.000000000000000000 ) ) 
 REPRESENTATION_ITEM ( '' )  );
#2076 = EDGE_CURVE ( 'NONE', #3825, #799, #3594, .T. ) ;
#2077 = CARTESIAN_POINT ( 'NONE',  ( -1.017788105676672700, 0.5876202367904114200, -3.354166666666663900 ) ) ;
#2078 = CARTESIAN_POINT ( 'NONE',  ( -1.732050807568896500, -1.501375890381883700E-014, -1.562499999999996400 ) ) ;
#2079 = CARTESIAN_POINT ( 'NONE',  ( 0.4314072894756694200, -0.5883555573418863800, 4.191913363870519900 ) ) ;
#2080 = VERTEX_POINT ( 'NONE', #2431 ) ;
#2081 = CARTESIAN_POINT ( 'NONE',  ( 1.038950252870096700, 0.5670171206496040800, 4.234880783661077800 ) ) ;
#2082 = CARTESIAN_POINT ( 'NONE',  ( 1.017788105676673100, 0.5876202367904106400, -4.083333333333330400 ) ) ;
#2083 = CARTESIAN_POINT ( 'NONE',  ( -1.439254484199210300E-016, -1.175240473580867500, -3.187499999999996900 ) ) ;
#2084 = DIRECTION ( 'NONE',  ( 0.1045284632676536900, 2.930988785010413300E-014, 0.9945218953682732900 ) ) ;
#2085 = CARTESIAN_POINT ( 'NONE',  ( -0.6785254037844482600, 1.175240473580837100, 1.541666666666669400 ) ) ;
#2086 = DIRECTION ( 'NONE',  ( -1.065814103640150400E-014, -0.1045284632676535700, -0.9945218953682732900 ) ) ;
#2087 = EDGE_CURVE ( 'NONE', #2049, #346, #847, .T. ) ;
#2088 = CARTESIAN_POINT ( 'NONE',  ( 1.322475605676673300, -0.7635316469341568700, 0.09895833333333634000 ) ) ;
#2089 = CARTESIAN_POINT ( 'NONE',  ( 0.8660254037844501400, -1.500000000000028000, -0.8958333333333294800 ) ) ;
#2090 = ORIENTED_EDGE ( 'NONE', *, *, #285, .T. ) ;
#2091 = CARTESIAN_POINT ( 'NONE',  ( 0.2468476514111880800, -1.539609450051897800, 3.978342549502072300 ) ) ;
#2092 = DIRECTION ( 'NONE',  ( -0.0000000000000000000, -1.224646799147353200E-016, 1.000000000000000000 ) ) ;
#2093 = DIRECTION ( 'NONE',  ( 0.1045058763748856900, 0.02078751127481481800, -0.9943069954385901400 ) ) ;
#2094 = EDGE_LOOP ( 'NONE', ( #3029, #4575, #3421, #4689 ) ) ;
#2095 = ORIENTED_EDGE ( 'NONE', *, *, #1506, .F. ) ;
#2096 = CARTESIAN_POINT ( 'NONE',  ( 1.836970198721030400E-016, 1.500000000000000900, 4.249999999999998200 ) ) ;
#2097 = CARTESIAN_POINT ( 'NONE',  ( -1.439254484199210300E-016, -1.175240473580867500, -3.187499999999996900 ) ) ;
#2098 = ORIENTED_EDGE ( 'NONE', *, *, #1544, .T. ) ;
#2099 = CARTESIAN_POINT ( 'NONE',  ( 1.495340224802465000, -0.1842696601082856000, 3.406249999999998700 ) ) ;
#2100 = CARTESIAN_POINT ( 'NONE',  ( 0.9279710683664124100, -0.2990896682797099000, 4.265361283549925300 ) ) ;
#2101 = CARTESIAN_POINT ( 'NONE',  ( -0.2754000000000001400, -1.065206580442793200E-015, 4.249999999999998200 ) ) ;
#2102 = CARTESIAN_POINT ( 'NONE',  ( -1.732050807568896500, -1.495252656386146900E-014, -2.062499999999996000 ) ) ;
#2103 = CARTESIAN_POINT ( 'NONE',  ( 0.0000000000000000000, 1.175240473580837500, -3.437499999999996900 ) ) ;
#2104 = DIRECTION ( 'NONE',  ( -0.0000000000000000000, -1.224646799147353000E-016, 1.000000000000000000 ) ) ;
#2105 = ORIENTED_EDGE ( 'NONE', *, *, #35, .T. ) ;
#2106 = CARTESIAN_POINT ( 'NONE',  ( -1.017788105676672700, -0.5876202367904415100, 1.666666666666669200 ) ) ;
#2107 = CARTESIAN_POINT ( 'NONE',  ( -1.568143967638052600, -0.1979066507483085400, 3.874741701929063500 ) ) ;
#2108 = CARTESIAN_POINT ( 'NONE',  ( 1.574523370509063800, -0.2175298284522019800, 3.967368464254876300 ) ) ;
#2109 = CARTESIAN_POINT ( 'NONE',  ( -0.8660254037844497000, 1.499999999999998700, -0.7083333333333305900 ) ) ;
#2110 = CARTESIAN_POINT ( 'NONE',  ( -1.020989215107067400, 0.1867183014945955600, 3.406249999999998700 ) ) ;
#2111 = EDGE_LOOP ( 'NONE', ( #1970, #176, #4458, #116 ) ) ;
#2112 = DIRECTION ( 'NONE',  ( 0.0000000000000000000, 0.0000000000000000000, -1.000000000000000000 ) ) ;
#2114 = ORIENTED_EDGE ( 'NONE', *, *, #261, .F. ) ;
#2113 =( BOUNDED_CURVE ( )  B_SPLINE_CURVE ( 2, ( #3268, #2118, #3245, #2900, #3672, #1167, #3909 ),
 .UNSPECIFIED., .F., .T. ) 
 B_SPLINE_CURVE_WITH_KNOTS ( ( 3, 2, 2, 3 ),
 ( 0.3000000000000000400, 0.3333333333333333700, 0.3666666666666666400, 0.4000000000000000200 ),
 .UNSPECIFIED. ) 
 CURVE ( )  GEOMETRIC_REPRESENTATION_ITEM ( )  RATIONAL_B_SPLINE_CURVE ( ( 0.9999999999999997800, 0.8660254037844389300, 1.000000000000000000, 0.8660254037844387100, 1.000000000000000000, 0.8660254037844387100, 1.000000000000000000 ) ) 
 REPRESENTATION_ITEM ( '' )  );
#2115 = VECTOR ( 'NONE', #1718, 1000.000000000000000 ) ;
#2116 = CARTESIAN_POINT ( 'NONE',  ( -0.2712414087855002400, 0.9609782536090930600, 4.140750377164775600 ) ) ;
#2117 = AXIS2_PLACEMENT_3D ( 'NONE', #705, #1836, #1099 ) ;
#2118 = CARTESIAN_POINT ( 'NONE',  ( 0.8660254037844487000, -1.500000000000030900, -3.458333333333330800 ) ) ;
#2119 = FACE_OUTER_BOUND ( 'NONE', #3351, .T. ) ;
#2120 = CARTESIAN_POINT ( 'NONE',  ( 1.299038105676672900, 0.7499999999999921200, -0.3333333333333309300 ) ) ;
#2121 = DIRECTION ( 'NONE',  ( 0.0000000000000000000, -1.000000000000000000, 0.0000000000000000000 ) ) ;
#2122 =( BOUNDED_CURVE ( )  B_SPLINE_CURVE ( 2, ( #813, #1239, #1212, #2721, #2383, #3534, #4660 ),
 .UNSPECIFIED., .F., .F. ) 
 B_SPLINE_CURVE_WITH_KNOTS ( ( 3, 2, 2, 3 ),
 ( 0.1245672100893541200, 0.1333333333333333300, 0.1666666666666666600, 0.2000000000000000100 ),
 .UNSPECIFIED. ) 
 CURVE ( )  GEOMETRIC_REPRESENTATION_ITEM ( )  RATIONAL_B_SPLINE_CURVE ( ( 0.9480652107226088500, 0.9647668653403611600, 1.000000000000000000, 0.8660254037844387100, 1.000000000000000000, 0.8660254037844387100, 1.000000000000000000 ) ) 
 REPRESENTATION_ITEM ( '' )  );
#2123 = CARTESIAN_POINT ( 'NONE',  ( 1.065524436696076500, 0.6457077566402961200, 0.8837736605046715400 ) ) ;
#2124 = ADVANCED_FACE ( 'NONE', ( #1401 ), #2384, .T. ) ;
#2125 = CARTESIAN_POINT ( 'NONE',  ( 0.8660254037844499200, 1.499999999999999800, 1.270833333333336600 ) ) ;
#2126 = EDGE_CURVE ( 'NONE', #1830, #2542, #2794, .T. ) ;
#2127 = DIRECTION ( 'NONE',  ( 1.000000000000000000, 0.0000000000000000000, 0.0000000000000000000 ) ) ;
#2128 = CARTESIAN_POINT ( 'NONE',  ( 0.5251542044367948400, -0.3682059365705851500, 3.406249999999998700 ) ) ;
#2129 = CARTESIAN_POINT ( 'NONE',  ( 0.0000000000000000000, 1.175240473580837500, -2.437499999999996900 ) ) ;
#2130 = CARTESIAN_POINT ( 'NONE',  ( -0.6191419128736526100, 1.204499385946769400, 1.201717771525415700 ) ) ;
#2131 = CARTESIAN_POINT ( 'NONE',  ( 0.6785254037844491400, 1.175240473580836400, 0.9583333333333361500 ) ) ;
#2132 = CARTESIAN_POINT ( 'NONE',  ( 0.8660254037844462600, -1.500000000000035300, 0.1041666666666695900 ) ) ;
#2133 = CARTESIAN_POINT ( 'NONE',  ( 1.556630036246269500, -0.2402462345495777800, 3.972636439135567100 ) ) ;
#2134 = CARTESIAN_POINT ( 'NONE',  ( 0.0000000000000000000, 1.500000000000001300, -0.6874999999999963400 ) ) ;
#2135 = DIRECTION ( 'NONE',  ( 0.9188184237650745000, -0.3805870524817768200, 0.1045284632676537500 ) ) ;
#2136 = FACE_OUTER_BOUND ( 'NONE', #2939, .T. ) ;
#2137 = CARTESIAN_POINT ( 'NONE',  ( 0.1941710946047816900, 0.9453114802360862400, 3.406249999999999100 ) ) ;
#2138 = DIRECTION ( 'NONE',  ( 1.224646799147353200E-016, 1.000000000000000000, 0.0000000000000000000 ) ) ;
#2139 = CARTESIAN_POINT ( 'NONE',  ( -0.1679132514439788100, 1.542301010129202300, 3.596344940910945800 ) ) ;
#2140 = ORIENTED_EDGE ( 'NONE', *, *, #4374, .T. ) ;
#2141 = CARTESIAN_POINT ( 'NONE',  ( 2.425680116754351800E-016, 0.2754000000000022500, 4.249999999999998200 ) ) ;
#2142 = DIRECTION ( 'NONE',  ( -0.9238795325112872900, 0.3826834323650888400, 2.650213660326531100E-014 ) ) ;
#2143 = CARTESIAN_POINT ( 'NONE',  ( -0.8660254037844465900, 1.500000000000004400, -3.645833333333329900 ) ) ;
#2144 = ORIENTED_EDGE ( 'NONE', *, *, #2417, .F. ) ;
#2145 = CARTESIAN_POINT ( 'NONE',  ( 1.017788105676673100, 0.5876202367904105300, -3.520833333333330400 ) ) ;
#2146 = CARTESIAN_POINT ( 'NONE',  ( -1.299038105676672400, -0.7500000000000228700, -3.583333333333331300 ) ) ;
#2147 = CARTESIAN_POINT ( 'NONE',  ( -0.6785254037844487000, -1.175240473580867700, 0.7083333333333359200 ) ) ;
#2148 = CARTESIAN_POINT ( 'NONE',  ( -1.559594244955203400, -0.1879607980437021100, 3.782412938773126200 ) ) ;
#2149 = CARTESIAN_POINT ( 'NONE',  ( 1.322475605676674200, 0.7635316469341245600, 0.1822916666666698500 ) ) ;
#2150 = AXIS2_PLACEMENT_3D ( 'NONE', #379, #4967, #3451 ) ;
#2151 = CARTESIAN_POINT ( 'NONE',  ( -1.732050807568896500, -1.537349890106837300E-014, 1.375000000000002400 ) ) ;
#2152 = CARTESIAN_POINT ( 'NONE',  ( -1.299038105676672400, 0.7499999999999934500, -0.6041666666666630800 ) ) ;
#2153 = CARTESIAN_POINT ( 'NONE',  ( 0.6785254037844479200, -1.175240473580867700, -1.145833333333330600 ) ) ;
#2154 = DIRECTION ( 'NONE',  ( -0.0000000000000000000, -1.224646799147353200E-016, 1.000000000000000000 ) ) ;
#2155 = CARTESIAN_POINT ( 'NONE',  ( -0.1859679960768712800, 1.519732609479228300, 3.399111320804028700 ) ) ;
#2156 = EDGE_CURVE ( 'NONE', #292, #3368, #276, .T. ) ;
#2157 = DIRECTION ( 'NONE',  ( 0.0000000000000000000, 0.0000000000000000000, 1.000000000000000000 ) ) ;
#2158 = VERTEX_POINT ( 'NONE', #491 ) ;
#2159 = DIRECTION ( 'NONE',  ( -0.0000000000000000000, -1.224646799147353200E-016, 1.000000000000000000 ) ) ;
#2160 = APPROVAL ( #4699, 'UNSPECIFIED' ) ;
#2161 = CARTESIAN_POINT ( 'NONE',  ( 0.2368692021002810600, -1.525790226333803900, 3.883403946070116400 ) ) ;
#2162 = ORIENTED_EDGE ( 'NONE', *, *, #4158, .T. ) ;
#2163 = CARTESIAN_POINT ( 'NONE',  ( -1.439254484199210300E-016, -1.175240473580867700, 0.2500000000000026100 ) ) ;
#2164 = CARTESIAN_POINT ( 'NONE',  ( -1.836970198721050400E-016, -1.500000000000032000, -1.437499999999996200 ) ) ;
#2165 = EDGE_CURVE ( 'NONE', #3961, #1142, #4333, .T. ) ;
#2166 = CARTESIAN_POINT ( 'NONE',  ( 1.017788105676673100, 0.5876202367904099800, 0.4791666666666696800 ) ) ;
#2167 = DIRECTION ( 'NONE',  ( 0.0000000000000000000, -0.9967800569107642100, 0.08018427617041552800 ) ) ;
#2168 = CARTESIAN_POINT ( 'NONE',  ( -1.299038105676672400, 0.7499999999999934500, -0.1041666666666633100 ) ) ;
#2169 = ORIENTED_EDGE ( 'NONE', *, *, #1580, .F. ) ;
#2170 = CARTESIAN_POINT ( 'NONE',  ( 1.560372602834604300, -0.1887742632592950600, 3.789916515708306600 ) ) ;
#2171 = CARTESIAN_POINT ( 'NONE',  ( 0.8660254037844489200, 1.500000000000001600, -1.791666666666664300 ) ) ;
#2172 = CARTESIAN_POINT ( 'NONE',  ( 1.087957153280361400, -1.017378916896435300, 1.554321112380360000 ) ) ;
#2173 = EDGE_LOOP ( 'NONE', ( #103, #2635, #179, #1985 ) ) ;
#2174 = CARTESIAN_POINT ( 'NONE',  ( -0.1704000625668436200, -1.515250468763449800, 3.406249999999998700 ) ) ;
#2175 = CIRCLE ( 'NONE', #3063, 4.608510497053429400 ) ;
#2176 = CARTESIAN_POINT ( 'NONE',  ( 0.6785254037844491400, 1.175240473580837100, -1.979166666666663900 ) ) ;
#2177 = ADVANCED_FACE ( 'NONE', ( #4900 ), #4117, .T. ) ;
#2178 = ORIENTED_EDGE ( 'NONE', *, *, #2261, .T. ) ;
#2179 = CARTESIAN_POINT ( 'NONE',  ( 0.0000000000000000000, 4.487940763634945000E-016, 4.249999999999998200 ) ) ;
#2180 = DIRECTION ( 'NONE',  ( 0.0000000000000000000, 1.000000000000000000, 1.398248868307333700E-016 ) ) ;
#2181 = ORIENTED_EDGE ( 'NONE', *, *, #2765, .F. ) ;
#2182 = FACE_OUTER_BOUND ( 'NONE', #1259, .T. ) ;
#2183 = CARTESIAN_POINT ( 'NONE',  ( -1.038180288643457500, 0.2731436643961324100, 4.228532400733666200 ) ) ;
#2184 = CARTESIAN_POINT ( 'NONE',  ( -1.763300807568898100, -1.525486124240097100E-014, 0.4218750000000025500 ) ) ;
#2185 = VERTEX_POINT ( 'NONE', #1707 ) ;
#2186 = CARTESIAN_POINT ( 'NONE',  ( 0.0000000000000000000, 1.527063293868266400, 1.765625000000003300 ) ) ;
#2187 = CIRCLE ( 'NONE', #2859, 2.963999999999997300 ) ;
#2188 = CARTESIAN_POINT ( 'NONE',  ( 0.6785254037844491400, 1.175240473580836800, -1.041666666666663900 ) ) ;
#2189 = DIRECTION ( 'NONE',  ( -0.3826834323651011600, -0.9238795325112820800, 0.0000000000000000000 ) ) ;
#2190 = CARTESIAN_POINT ( 'NONE',  ( 1.732050807568896500, -1.576711282657965600E-014, 1.125000000000002200 ) ) ;
#2191 = AXIS2_PLACEMENT_3D ( 'NONE', #579, #1783, #1338 ) ;
#2192 = FACE_OUTER_BOUND ( 'NONE', #3809, .T. ) ;
#2193 = EDGE_CURVE ( 'NONE', #4895, #1032, #2344, .T. ) ;
#2194 = CARTESIAN_POINT ( 'NONE',  ( 0.8660254037844479200, -1.500000000000032400, 0.5416666666666689600 ) ) ;
#2195 = CARTESIAN_POINT ( 'NONE',  ( 1.357050807568896700, -1.524663793694203500E-014, -2.562499999999997300 ) ) ;
#2196 = CARTESIAN_POINT ( 'NONE',  ( -1.480908766186229900, 0.1867183014946003400, 3.406249999999998700 ) ) ;
#2197 = CARTESIAN_POINT ( 'NONE',  ( 0.0000000000000000000, -2.143131898507865300E-016, 1.749999999999997600 ) ) ;
#2198 = EDGE_CURVE ( 'NONE', #2217, #2837, #733, .T. ) ;
#2199 = DIRECTION ( 'NONE',  ( -0.0000000000000000000, -0.0000000000000000000, 1.000000000000000000 ) ) ;
#2200 = DIRECTION ( 'NONE',  ( 1.224646799147352700E-016, 1.000000000000000000, 0.0000000000000000000 ) ) ;
#2201 = CARTESIAN_POINT ( 'NONE',  ( 0.8816504037844485900, -1.527063293868297500, -0.4114583333333309300 ) ) ;
#2202 = CARTESIAN_POINT ( 'NONE',  ( -0.8816504037844489200, 1.527063293868266400, 1.807291666666669800 ) ) ;
#2203 = ORIENTED_EDGE ( 'NONE', *, *, #87, .T. ) ;
#2204 = CARTESIAN_POINT ( 'NONE',  ( -0.6785254037844487000, -1.175240473580867300, -1.791666666666663600 ) ) ;
#2205 = CARTESIAN_POINT ( 'NONE',  ( -1.017788105676672700, -0.5876202367904414000, 0.1666666666666693500 ) ) ;
#2206 = CARTESIAN_POINT ( 'NONE',  ( -0.6785254037844487000, -1.175240473580867300, -2.229166666666663400 ) ) ;
#2207 = DIRECTION ( 'NONE',  ( -0.3805870524817671600, -0.9188184237650786100, 0.1045284632676536900 ) ) ;
#2208 = CARTESIAN_POINT ( 'NONE',  ( -0.6785254037844487000, -1.175240473580867300, -2.791666666666663400 ) ) ;
#2209 = CARTESIAN_POINT ( 'NONE',  ( -1.836970198721050400E-016, -1.500000000000031800, -3.437499999999996400 ) ) ;
#2210 = CARTESIAN_POINT ( 'NONE',  ( -1.322475605676673500, 0.7635316469341257900, 0.8802083333333360300 ) ) ;
#2211 = CARTESIAN_POINT ( 'NONE',  ( 0.8816504037844498100, 1.527063293868266200, 2.223958333333336600 ) ) ;
#2212 = AXIS2_PLACEMENT_3D ( 'NONE', #4237, #1558, #67 ) ;
#2213 = CARTESIAN_POINT ( 'NONE',  ( 0.0000000000000000000, -1.500000000000000000, 4.249999999999998200 ) ) ;
#2214 = EDGE_LOOP ( 'NONE', ( #1194, #2533, #3239, #3430 ) ) ;
#2215 =( BOUNDED_CURVE ( )  B_SPLINE_CURVE ( 2, ( #2430, #235, #614, #629, #2168, #1009, #991 ),
 .UNSPECIFIED., .F., .F. ) 
 B_SPLINE_CURVE_WITH_KNOTS ( ( 3, 2, 2, 3 ),
 ( 0.7000000000000000700, 0.7333333333333335000, 0.7666666666666666100, 0.8000000000000000400 ),
 .UNSPECIFIED. ) 
 CURVE ( )  GEOMETRIC_REPRESENTATION_ITEM ( )  RATIONAL_B_SPLINE_CURVE ( ( 0.9999999999999995600, 0.8660254037844391500, 1.000000000000000000, 0.8660254037844387100, 1.000000000000000000, 0.8660254037844387100, 1.000000000000000000 ) ) 
 REPRESENTATION_ITEM ( '' )  );
#2216 = AXIS2_PLACEMENT_3D ( 'NONE', #2830, #3291, #173 ) ;
#2217 = VERTEX_POINT ( 'NONE', #543 ) ;
#2218 = CARTESIAN_POINT ( 'NONE',  ( 0.6785254037844479200, -1.175240473580867700, 0.2916666666666692400 ) ) ;
#2219 = EDGE_CURVE ( 'NONE', #3850, #669, #417, .T. ) ;
#2220 = CARTESIAN_POINT ( 'NONE',  ( 0.0000000000000000000, 1.175240473580837500, -2.437499999999996900 ) ) ;
#2221 = ORIENTED_EDGE ( 'NONE', *, *, #377, .F. ) ;
#2222 = ADVANCED_FACE ( 'NONE', ( #1518 ), #4347, .T. ) ;
#2223 = CARTESIAN_POINT ( 'NONE',  ( -1.299038105676672400, 0.7499999999999936700, -2.166666666666664300 ) ) ;
#2224 = VERTEX_POINT ( 'NONE', #3226 ) ;
#2225 = CARTESIAN_POINT ( 'NONE',  ( -0.8816504037844494800, -1.527063293868296200, -4.494791666666664300 ) ) ;
#2226 = CARTESIAN_POINT ( 'NONE',  ( -1.550969061094562600, 0.1780109122479317500, 3.690090594014554100 ) ) ;
#2227 = CARTESIAN_POINT ( 'NONE',  ( -1.017788105676672700, 0.5876202367904110900, -0.9166666666666637400 ) ) ;
#2228 = EDGE_LOOP ( 'NONE', ( #3605, #533 ) ) ;
#2229 = CARTESIAN_POINT ( 'NONE',  ( -1.763300807568898100, -1.519362890244360600E-014, -0.07812499999999736300 ) ) ;
#2230 = CALENDAR_DATE ( 2022, 2, 12 ) ;
#2231 = CARTESIAN_POINT ( 'NONE',  ( -0.8816504037844494800, -1.527063293868296900, 1.473958333333336100 ) ) ;
#2232 = CARTESIAN_POINT ( 'NONE',  ( 0.0000000000000000000, 4.487940763634945000E-016, 4.249999999999998200 ) ) ;
#2233 = EDGE_LOOP ( 'NONE', ( #4376, #4781, #4071, #1090, #4471, #1736, #3544, #663, #4151, #2777, #2140, #72, #3860, #1153, #664, #4586, #1526, #2408, #3808, #2540, #3483, #767, #2467, #2782, #1439, #883, #4336, #1383, #16, #2294, #756, #722, #1076, #4323, #1868, #2178, #1816, #946, #1573, #1080, #3120, #4562 ) ) ;
#2234 = LINE ( 'NONE', #3184, #1265 ) ;
#2235 = CARTESIAN_POINT ( 'NONE',  ( -1.017788105676672700, -0.5876202367904410600, -1.770833333333330400 ) ) ;
#2236 = ORIENTED_EDGE ( 'NONE', *, *, #3713, .T. ) ;
#2237 = CARTESIAN_POINT ( 'NONE',  ( -0.2410245267385726100, 0.5818846813168269100, 4.249999999999998200 ) ) ;
#2238 = VERTEX_POINT ( 'NONE', #4740 ) ;
#2239 = VECTOR ( 'NONE', #3939, 1000.000000000000100 ) ;
#2240 = CARTESIAN_POINT ( 'NONE',  ( 0.6785254037844491400, 1.175240473580837100, -2.979166666666663400 ) ) ;
#2241 = CARTESIAN_POINT ( 'NONE',  ( 1.357050807568896700, -1.573649665660097300E-014, 1.437500000000003100 ) ) ;
#2242 = CARTESIAN_POINT ( 'NONE',  ( -1.763300807568898100, -1.464253784282729500E-014, -4.578124999999996400 ) ) ;
#2243 =( BOUNDED_CURVE ( )  B_SPLINE_CURVE ( 3, ( #1822, #4516, #2994, #4535 ),
 .UNSPECIFIED., .F., .F. ) 
 B_SPLINE_CURVE_WITH_KNOTS ( ( 4, 4 ),
 ( 2.946332657651817000, 3.336852649527770200 ),
 .UNSPECIFIED. ) 
 CURVE ( )  GEOMETRIC_REPRESENTATION_ITEM ( )  RATIONAL_B_SPLINE_CURVE ( ( 1.000000000000000000, 0.9873315052531759200, 0.9873315052531759200, 1.000000000000000000 ) ) 
 REPRESENTATION_ITEM ( '' )  );
#2244 = CARTESIAN_POINT ( 'NONE',  ( 0.8816504037844485900, -1.527063293868297300, -3.942708333333330400 ) ) ;
#2245 = VECTOR ( 'NONE', #2741, 1000.000000000000000 ) ;
#2246 = DIRECTION ( 'NONE',  ( -1.000000000000000000, 8.807843561199463100E-016, -0.0000000000000000000 ) ) ;
#2247 = CARTESIAN_POINT ( 'NONE',  ( -0.8924354041671552800, 1.128924153647457900, 1.408745652740077200 ) ) ;
#2248 = CARTESIAN_POINT ( 'NONE',  ( 1.017788105676672200, -0.5876202367904419500, -1.166666666666663600 ) ) ;
#2249 = CARTESIAN_POINT ( 'NONE',  ( 0.0000000000000000000, 1.527063293868266400, 1.796875000000002900 ) ) ;
#2250 = CARTESIAN_POINT ( 'NONE',  ( -1.357050807568896700, -1.505968315878686300E-014, -1.374999999999997100 ) ) ;
#2251 = CIRCLE ( 'NONE', #591, 1.590263637062383300 ) ;
#2252 = ADVANCED_FACE ( 'NONE', ( #488 ), #1307, .F. ) ;
#2253 = B_SPLINE_CURVE_WITH_KNOTS ( 'NONE', 3,
 ( #2888, #1006, #1763, #1780, #3705, #2535, #3659 ),
 .UNSPECIFIED., .F., .F.,
 ( 4, 3, 4 ),
 ( 0.0000000000000000000, 0.0002797668062532028000, 0.0005665053905760215300 ),
 .UNSPECIFIED. ) ;
#2254 = AXIS2_PLACEMENT_3D ( 'NONE', #3977, #968, #3663 ) ;
#2255 = CARTESIAN_POINT ( 'NONE',  ( 0.6785254037844479200, -1.175240473580867700, -1.645833333333330400 ) ) ;
#2256 = EDGE_CURVE ( 'NONE', #4035, #4523, #3569, .T. ) ;
#2257 = CARTESIAN_POINT ( 'NONE',  ( -1.392545621357344600, 0.04444031337746646300, 1.309005627198891900 ) ) ;
#2258 = CC_DESIGN_APPROVAL ( #2160, ( #2974 ) ) ;
#2259 = CARTESIAN_POINT ( 'NONE',  ( 0.6785254037844479200, -1.175240473580867700, 1.854166666666669600 ) ) ;
#2260 = CARTESIAN_POINT ( 'NONE',  ( -1.017788105676672700, -0.5876202367904409500, -2.833333333333330400 ) ) ;
#2261 = EDGE_CURVE ( 'NONE', #3382, #942, #694, .T. ) ;
#2262 = CARTESIAN_POINT ( 'NONE',  ( 1.322475605676674200, 0.7635316469341247900, -1.817708333333329900 ) ) ;
#2263 = VERTEX_POINT ( 'NONE', #2433 ) ;
#2264 = CARTESIAN_POINT ( 'NONE',  ( -1.448866919941486800, 0.1607841471509029500, 1.459888193532108000 ) ) ;
#2265 = CARTESIAN_POINT ( 'NONE',  ( -1.017788105676672700, -0.5876202367904411700, -0.8333333333333304800 ) ) ;
#2266 = CARTESIAN_POINT ( 'NONE',  ( -0.8816504037844489200, 1.527063293868266700, -1.692708333333330200 ) ) ;
#2267 = CARTESIAN_POINT ( 'NONE',  ( 1.017788105676673100, 0.5876202367904098700, 0.9791666666666696300 ) ) ;
#2268 = CARTESIAN_POINT ( 'NONE',  ( 0.0000000000000000000, 1.527063293868266900, -2.203124999999997300 ) ) ;
#2269 = ORIENTED_EDGE ( 'NONE', *, *, #4708, .T. ) ;
#2270 = CARTESIAN_POINT ( 'NONE',  ( -1.357050807568896700, -1.518980188119627000E-014, -0.3124999999999972200 ) ) ;
#2271 = CARTESIAN_POINT ( 'NONE',  ( -0.2470292989821754600, -1.534691860997136700, 3.980070810694632800 ) ) ;
#2272 = ORIENTED_EDGE ( 'NONE', *, *, #63, .F. ) ;
#2273 = ADVANCED_FACE ( 'NONE', ( #548 ), #3457, .T. ) ;
#2274 = CARTESIAN_POINT ( 'NONE',  ( -1.017788105676672700, -0.5876202367904412900, -0.3333333333333306500 ) ) ;
#2275 = CARTESIAN_POINT ( 'NONE',  ( -1.322475605676673500, 0.7635316469341263400, -4.119791666666664300 ) ) ;
#2276 = CARTESIAN_POINT ( 'NONE',  ( 0.0000000000000000000, 1.175240473580837700, -4.437499999999997300 ) ) ;
#2277 = EDGE_LOOP ( 'NONE', ( #2815, #401, #1071, #4212 ) ) ;
#2278 =( BOUNDED_CURVE ( )  B_SPLINE_CURVE ( 2, ( #3419, #2194, #3437, #4252, #1900, #2328, #4593 ),
 .UNSPECIFIED., .F., .T. ) 
 B_SPLINE_CURVE_WITH_KNOTS ( ( 3, 2, 2, 3 ),
 ( 0.2999999999999999900, 0.3333333333333333100, 0.3666666666666666400, 0.4000000000000000200 ),
 .UNSPECIFIED. ) 
 CURVE ( )  GEOMETRIC_REPRESENTATION_ITEM ( )  RATIONAL_B_SPLINE_CURVE ( ( 1.000000000000000000, 0.8660254037844387100, 1.000000000000000000, 0.8660254037844387100, 1.000000000000000000, 0.8660254037844387100, 1.000000000000000000 ) ) 
 REPRESENTATION_ITEM ( '' )  );
#2279 = CARTESIAN_POINT ( 'NONE',  ( 1.732050807568896500, -1.546860516928749100E-014, -1.312499999999996400 ) ) ;
#2280 = CARTESIAN_POINT ( 'NONE',  ( 0.2470292989821757700, 1.534691860997136500, 3.980070810694635000 ) ) ;
#2281 = CARTESIAN_POINT ( 'NONE',  ( 1.560372599061998500, 0.1887742588306442200, 3.789916474573795700 ) ) ;
#2282 = AXIS2_PLACEMENT_3D ( 'NONE', #499, #889, #2086 ) ;
#2283 = CARTESIAN_POINT ( 'NONE',  ( -1.322475605676673800, -0.7635316469341555400, -2.536458333333330800 ) ) ;
#2284 = ORIENTED_EDGE ( 'NONE', *, *, #1283, .F. ) ;
#2285 = ORIENTED_EDGE ( 'NONE', *, *, #1807, .F. ) ;
#2286 = CARTESIAN_POINT ( 'NONE',  ( 1.550969061094564600, 0.1780109122479168200, 3.690090594014553600 ) ) ;
#2287 = CARTESIAN_POINT ( 'NONE',  ( 0.6785254037844479200, -1.175240473580867700, 0.3541666666666695200 ) ) ;
#2288 = AXIS2_PLACEMENT_3D ( 'NONE', #2497, #3276, #961 ) ;
#2289 = CARTESIAN_POINT ( 'NONE',  ( 0.6785254037844491400, 1.175240473580836800, -1.479166666666663600 ) ) ;
#2290 = ORIENTED_EDGE ( 'NONE', *, *, #1160, .T. ) ;
#2291 = DIRECTION ( 'NONE',  ( 0.0000000000000000000, 1.000000000000000000, 1.175727161050965200E-016 ) ) ;
#2292 = EDGE_CURVE ( 'NONE', #4687, #4797, #3707, .T. ) ;
#2293 = CARTESIAN_POINT ( 'NONE',  ( 0.0000000000000000000, 1.175240473580837100, 2.062500000000003100 ) ) ;
#2294 = ORIENTED_EDGE ( 'NONE', *, *, #4507, .T. ) ;
#2295 = PERSON_AND_ORGANIZATION ( #465, #474 ) ;
#2296 = CARTESIAN_POINT ( 'NONE',  ( 1.322475605676673300, -0.7635316469341565400, -2.901041666666663900 ) ) ;
#2297 = ORIENTED_EDGE ( 'NONE', *, *, #351, .F. ) ;
#2298 = CARTESIAN_POINT ( 'NONE',  ( 1.017788105676673100, 0.5876202367904102000, -0.5833333333333304800 ) ) ;
#2299 = CARTESIAN_POINT ( 'NONE',  ( -1.819316636665639100E-016, -1.485584772631861600, 1.570822635401445800 ) ) ;
#2300 = VERTEX_POINT ( 'NONE', #1299 ) ;
#2301 = ORIENTED_EDGE ( 'NONE', *, *, #3603, .T. ) ;
#2302 = CARTESIAN_POINT ( 'NONE',  ( -1.017788105676672700, -0.5876202367904414000, 0.7291666666666694100 ) ) ;
#2303 = LINE ( 'NONE', #10, #1924 ) ;
#2304 = CARTESIAN_POINT ( 'NONE',  ( -1.763300807568898100, -1.500993188257150100E-014, -1.578124999999997100 ) ) ;
#2305 = ADVANCED_FACE ( 'NONE', ( #4058 ), #541, .F. ) ;
#2306 = EDGE_LOOP ( 'NONE', ( #3193, #1632, #4277, #2999 ) ) ;
#2307 = CARTESIAN_POINT ( 'NONE',  ( 0.6785254037844491400, 1.175240473580836400, 0.5208333333333363700 ) ) ;
#2308 = CARTESIAN_POINT ( 'NONE',  ( -1.439254484199210300E-016, -1.175240473580867500, -2.249999999999996900 ) ) ;
#2309 = VECTOR ( 'NONE', #2441, 1000.000000000000000 ) ;
#2310 = DIRECTION ( 'NONE',  ( -1.000000000000000000, 0.0000000000000000000, 0.0000000000000000000 ) ) ;
#2311 = CARTESIAN_POINT ( 'NONE',  ( -0.2419763615505316500, 1.553796817639134400, 3.973557129246366100 ) ) ;
#2312 =( BOUNDED_SURFACE ( )  B_SPLINE_SURFACE ( 1, 2, ( 
 ( #601, #3714, #2923, #998, #1342, #4017, #4442, #3673, #4815, #4422, #4379, #620, #566, #1355, #241, #1374, #4465, #4854, #3999, #1733, #1696, #4403, #2901, #977, #549, #1750, #2077, #164, #1715, #3654, #2097, #4794, #954, #3762, #683, #2240, #1785, #2575, #275, #2565, #4547, #4095, #2976, #4483, #1844, #2195, #4935, #1073, #2220, #3390, #636, #4510, #4531, #2206, #696, #3406, #2625, #321, #2989, #2176, #1421 ),
 ( #1444, #3021, #3370, #262, #671, #4135, #1094, #1398, #4870, #1057, #2955, #3342, #1458, #4904, #1818, #1046, #1831, #4888, #3357, #2593, #1028, #4918, #3745, #3729, #287, #1411, #4116, #4153, #1798, #650, #4126, #4496, #2611, #303, #3003, #3778, #398, #4627, #3790, #3103, #3876, #2332, #782, #1542, #3490, #1927, #1560, #25, #1181, #4240, #2707, #4256, #1943, #4649, #2500, #3278, #4029, #966, #1724, #199, #2516 ) ),
 .UNSPECIFIED., .F., .F., .F. ) 
 B_SPLINE_SURFACE_WITH_KNOTS ( ( 2, 2 ),
 ( 3, 2, 2, 2, 2, 2, 2, 2, 2, 2, 2, 2, 2, 2, 2, 2, 2, 2, 2, 2, 2, 2, 2, 2, 2, 2, 2, 2, 2, 2, 3 ),
 ( 0.0000000000000000000, 1.000000000000000000 ),
 ( 0.0000000000000000000, 0.03333333333333333300, 0.06666666666666666600, 0.1000000000000000100, 0.1333333333333333300, 0.1666666666666666600, 0.2000000000000000100, 0.2333333333333333400, 0.2666666666666666600, 0.2999999999999999900, 0.3333333333333333100, 0.3666666666666666400, 0.4000000000000000200, 0.4333333333333333500, 0.4666666666666666700, 0.5000000000000000000, 0.5333333333333333300, 0.5666666666666666500, 0.5999999999999999800, 0.6333333333333333000, 0.6666666666666666300, 0.6999999999999999600, 0.7333333333333332800, 0.7666666666666667200, 0.8000000000000000400, 0.8333333333333333700, 0.8666666666666667000, 0.9000000000000000200, 0.9333333333333333500, 0.9666666666666666700, 1.000000000000000000 ),
 .UNSPECIFIED. ) 
 GEOMETRIC_REPRESENTATION_ITEM ( )  RATIONAL_B_SPLINE_SURFACE ( (
 ( 1.000000000000000000, 0.8660254037844387100, 1.000000000000000000, 0.8660254037844387100, 1.000000000000000000, 0.8660254037844387100, 1.000000000000000000, 0.8660254037844387100, 1.000000000000000000, 0.8660254037844387100, 1.000000000000000000, 0.8660254037844387100, 1.000000000000000000, 0.8660254037844387100, 1.000000000000000000, 0.8660254037844387100, 1.000000000000000000, 0.8660254037844387100, 1.000000000000000000, 0.8660254037844387100, 1.000000000000000000, 0.8660254037844387100, 1.000000000000000000, 0.8660254037844387100, 1.000000000000000000, 0.8660254037844387100, 1.000000000000000000, 0.8660254037844387100, 1.000000000000000000, 0.8660254037844387100, 1.000000000000000000, 0.8660254037844387100, 1.000000000000000000, 0.8660254037844387100, 1.000000000000000000, 0.8660254037844387100, 1.000000000000000000, 0.8660254037844387100, 1.000000000000000000, 0.8660254037844387100, 1.000000000000000000, 0.8660254037844387100, 1.000000000000000000, 0.8660254037844387100, 1.000000000000000000, 0.8660254037844387100, 1.000000000000000000, 0.8660254037844387100, 1.000000000000000000, 0.8660254037844387100, 1.000000000000000000, 0.8660254037844387100, 1.000000000000000000, 0.8660254037844387100, 1.000000000000000000, 0.8660254037844387100, 1.000000000000000000, 0.8660254037844387100, 1.000000000000000000, 0.8660254037844387100, 1.000000000000000000),
 ( 1.000000000000000000, 0.8660254037844387100, 1.000000000000000000, 0.8660254037844387100, 1.000000000000000000, 0.8660254037844387100, 1.000000000000000000, 0.8660254037844387100, 1.000000000000000000, 0.8660254037844387100, 1.000000000000000000, 0.8660254037844387100, 1.000000000000000000, 0.8660254037844387100, 1.000000000000000000, 0.8660254037844387100, 1.000000000000000000, 0.8660254037844387100, 1.000000000000000000, 0.8660254037844387100, 1.000000000000000000, 0.8660254037844387100, 1.000000000000000000, 0.8660254037844387100, 1.000000000000000000, 0.8660254037844387100, 1.000000000000000000, 0.8660254037844387100, 1.000000000000000000, 0.8660254037844387100, 1.000000000000000000, 0.8660254037844387100, 1.000000000000000000, 0.8660254037844387100, 1.000000000000000000, 0.8660254037844387100, 1.000000000000000000, 0.8660254037844387100, 1.000000000000000000, 0.8660254037844387100, 1.000000000000000000, 0.8660254037844387100, 1.000000000000000000, 0.8660254037844387100, 1.000000000000000000, 0.8660254037844387100, 1.000000000000000000, 0.8660254037844387100, 1.000000000000000000, 0.8660254037844387100, 1.000000000000000000, 0.8660254037844387100, 1.000000000000000000, 0.8660254037844387100, 1.000000000000000000, 0.8660254037844387100, 1.000000000000000000, 0.8660254037844387100, 1.000000000000000000, 0.8660254037844387100, 1.000000000000000000) ) ) 
 REPRESENTATION_ITEM ( '' )  SURFACE ( )  );
#2313 = CARTESIAN_POINT ( 'NONE',  ( -1.439254484199210300E-016, -1.175240473580867700, 1.312500000000002900 ) ) ;
#2314 = CARTESIAN_POINT ( 'NONE',  ( -0.1863564938362280400, -1.480580224308150500, 3.402807630076058600 ) ) ;
#2315 = ORIENTED_EDGE ( 'NONE', *, *, #4411, .T. ) ;
#2316 = CARTESIAN_POINT ( 'NONE',  ( 0.8816504037844485900, -1.527063293868297500, -2.442708333333329900 ) ) ;
#2317 = FACE_OUTER_BOUND ( 'NONE', #59, .T. ) ;
#2318 = CARTESIAN_POINT ( 'NONE',  ( 0.0000000000000000000, -2.963999999999996900, 3.124999999999998200 ) ) ;
#2319 = CARTESIAN_POINT ( 'NONE',  ( 1.578130571963836300, 0.2096185566943395700, 3.983514249959531700 ) ) ;
#2320 = CARTESIAN_POINT ( 'NONE',  ( -0.6785254037844487000, -1.175240473580867700, 1.770833333333336400 ) ) ;
#2321 = CARTESIAN_POINT ( 'NONE',  ( -1.017788105676672700, -0.5876202367904411700, -0.8333333333333304800 ) ) ;
#2322 = AXIS2_PLACEMENT_3D ( 'NONE', #2012, #476, #3134 ) ;
#2323 = CARTESIAN_POINT ( 'NONE',  ( 1.017788105676672200, -0.5876202367904417300, -3.166666666666663900 ) ) ;
#2324 = CARTESIAN_POINT ( 'NONE',  ( 0.0000000000000000000, 1.175240473580837300, -0.4374999999999968900 ) ) ;
#2325 = ORIENTED_EDGE ( 'NONE', *, *, #3777, .F. ) ;
#2326 = EDGE_CURVE ( 'NONE', #2010, #4467, #4966, .T. ) ;
#2327 = CARTESIAN_POINT ( 'NONE',  ( 1.234232261387869300, 0.3759554233858711200, 1.026673849820928000 ) ) ;
#2328 = CARTESIAN_POINT ( 'NONE',  ( 0.8660254037844489200, 1.500000000000000900, 0.7083333333333361500 ) ) ;
#2329 = CARTESIAN_POINT ( 'NONE',  ( -0.9039058364399601400, -0.7701366689424580200, -4.250000000000000000 ) ) ;
#2330 = ADVANCED_FACE ( 'NONE', ( #2790 ), #4091, .T. ) ;
#2331 = CARTESIAN_POINT ( 'NONE',  ( -0.6785254037844482600, 1.175240473580837100, 1.041666666666669600 ) ) ;
#2332 = CARTESIAN_POINT ( 'NONE',  ( -0.6785254037844487000, -1.175240473580867300, -2.791666666666663400 ) ) ;
#2333 = CARTESIAN_POINT ( 'NONE',  ( 1.322475605676674200, 0.7635316469341249000, -2.786458333333330800 ) ) ;
#2334 = EDGE_CURVE ( 'NONE', #3068, #4243, #3995, .T. ) ;
#2335 = CARTESIAN_POINT ( 'NONE',  ( -1.017788105676672700, 0.5876202367904115300, -4.354166666666663400 ) ) ;
#2336 = CARTESIAN_POINT ( 'NONE',  ( 1.732050807568896500, -1.528490814941538800E-014, -2.812499999999996900 ) ) ;
#2337 = CARTESIAN_POINT ( 'NONE',  ( 1.542301016495472500, 0.1679132586585672900, 3.596345007782947500 ) ) ;
#2338 = CARTESIAN_POINT ( 'NONE',  ( -1.763300807568898100, -1.507116422252887100E-014, -1.078124999999997300 ) ) ;
#2339 = CARTESIAN_POINT ( 'NONE',  ( 0.6785254037844491400, 1.175240473580836800, -1.541666666666663900 ) ) ;
#2340 = ORIENTED_EDGE ( 'NONE', *, *, #4217, .T. ) ;
#2341 = CARTESIAN_POINT ( 'NONE',  ( -0.1800167148843379600, 1.504658928399269100, 3.406249999999998700 ) ) ;
#2342 = CARTESIAN_POINT ( 'NONE',  ( 1.020989215107069400, 0.1867183014945866800, 3.406249999999998700 ) ) ;
#2343 = EDGE_LOOP ( 'NONE', ( #102, #2365, #955, #3979 ) ) ;
#2344 =( BOUNDED_CURVE ( )  B_SPLINE_CURVE ( 3, ( #2541, #3281, #3665, #593 ),
 .UNSPECIFIED., .F., .F. ) 
 B_SPLINE_CURVE_WITH_KNOTS ( ( 4, 4 ),
 ( 2.946332657651819600, 3.336852649527770200 ),
 .UNSPECIFIED. ) 
 CURVE ( )  GEOMETRIC_REPRESENTATION_ITEM ( )  RATIONAL_B_SPLINE_CURVE ( ( 1.000000000000000000, 0.9873315052531760300, 0.9873315052531760300, 1.000000000000000000 ) ) 
 REPRESENTATION_ITEM ( '' )  );
#2345 = CARTESIAN_POINT ( 'NONE',  ( 1.357050807568896700, -1.579007495406367100E-014, 1.875000000000002700 ) ) ;
#2346 = CARTESIAN_POINT ( 'NONE',  ( -0.2096185566421749400, -1.578130571919396800, 3.983514249475043700 ) ) ;
#2347 = CARTESIAN_POINT ( 'NONE',  ( 1.017788105676673100, 0.5876202367904104200, -3.020833333333330400 ) ) ;
#2348 = DIRECTION ( 'NONE',  ( -4.188538737677001000E-017, -0.3420201433256696000, 0.9396926207859082100 ) ) ;
#2349 = ORIENTED_EDGE ( 'NONE', *, *, #2941, .F. ) ;
#2350 = CARTESIAN_POINT ( 'NONE',  ( 1.763300807568898100, -1.559106984920222600E-014, -0.3593749999999967800 ) ) ;
#2351 = CONICAL_SURFACE ( 'NONE', #1599, 1.550799999999997100, 0.3490658503988666700 ) ;
#2352 = AXIS2_PLACEMENT_3D ( 'NONE', #3507, #781, #3117 ) ;
#2353 = CARTESIAN_POINT ( 'NONE',  ( -0.2990896682796980700, 0.9279710683664160700, 4.265361283549925300 ) ) ;
#2354 = EDGE_CURVE ( 'NONE', #4797, #2892, #4842, .T. ) ;
#2355 = ADVANCED_FACE ( 'NONE', ( #984 ), #3573, .T. ) ;
#2356 = ORIENTED_EDGE ( 'NONE', *, *, #63, .T. ) ;
#2357 = CC_DESIGN_PERSON_AND_ORGANIZATION_ASSIGNMENT ( #957, #57, ( #2974 ) ) ;
#2358 = CARTESIAN_POINT ( 'NONE',  ( 1.036004162901804400, 0.2622035415152657600, 4.124444084471206500 ) ) ;
#2359 = VERTEX_POINT ( 'NONE', #3635 ) ;
#2360 = CARTESIAN_POINT ( 'NONE',  ( -0.2078487863861317500, 1.576622122564786100, 3.967077405468494100 ) ) ;
#2361 = CIRCLE ( 'NONE', #2288, 4.608510497053427600 ) ;
#2362 = EDGE_CURVE ( 'NONE', #2461, #2217, #3759, .T. ) ;
#2363 = CARTESIAN_POINT ( 'NONE',  ( -1.017788105676672700, -0.5876202367904415100, 1.166666666666669200 ) ) ;
#2364 = CARTESIAN_POINT ( 'NONE',  ( 0.0000000000000000000, -1.500000000000000000, 4.249999999999998200 ) ) ;
#2365 = ORIENTED_EDGE ( 'NONE', *, *, #377, .T. ) ;
#2366 = CARTESIAN_POINT ( 'NONE',  ( 0.0000000000000000000, 1.175240473580837500, -2.437499999999996900 ) ) ;
#2367 = CARTESIAN_POINT ( 'NONE',  ( 1.357050807568896700, -1.530787027689940300E-014, -2.062499999999996900 ) ) ;
#2368 = DIRECTION ( 'NONE',  ( 1.000000000000000000, 0.0000000000000000000, 0.0000000000000000000 ) ) ;
#2369 = CYLINDRICAL_SURFACE ( 'NONE', #4539, 0.2915999999999999700 ) ;
#2370 = CARTESIAN_POINT ( 'NONE',  ( 1.017788105676673100, 0.5876202367904105300, -3.583333333333330400 ) ) ;
#2371 = CARTESIAN_POINT ( 'NONE',  ( -1.017788105676672700, 0.5876202367904110900, -0.4166666666666636900 ) ) ;
#2372 = CARTESIAN_POINT ( 'NONE',  ( 0.0000000000000000000, 1.550799999999996800, 1.749999999999997800 ) ) ;
#2373 = CARTESIAN_POINT ( 'NONE',  ( 0.6785254037844479200, -1.175240473580867700, 0.7916666666666691800 ) ) ;
#2374 = CARTESIAN_POINT ( 'NONE',  ( -1.508695708151068800, -0.1770761412636865900, 3.406249999999998700 ) ) ;
#2375 = CARTESIAN_POINT ( 'NONE',  ( 1.017788105676673100, 0.5876202367904103100, -2.020833333333330400 ) ) ;
#2376 = AXIS2_PLACEMENT_3D ( 'NONE', #4057, #2919, #1353 ) ;
#2377 = CARTESIAN_POINT ( 'NONE',  ( -0.8816504037844494800, -1.527063293868296600, -1.026041666666663400 ) ) ;
#2378 = SECURITY_CLASSIFICATION_LEVEL ( 'unclassified' ) ;
#2379 = CARTESIAN_POINT ( 'NONE',  ( 1.299038105676672200, -0.7500000000000239800, -2.416666666666664300 ) ) ;
#2380 = CARTESIAN_POINT ( 'NONE',  ( -0.6785254037844487000, -1.175240473580867300, -2.791666666666664300 ) ) ;
#2381 = CARTESIAN_POINT ( 'NONE',  ( -0.8528306518285563300, 1.061953664026714400, 1.222991741505114600 ) ) ;
#2382 = EDGE_CURVE ( 'NONE', #38, #4224, #2817, .T. ) ;
#2383 = CARTESIAN_POINT ( 'NONE',  ( 1.299038105676672900, 0.7499999999999926700, -3.833333333333330800 ) ) ;
#2384 = PLANE ( 'NONE',  #1658 ) ;
#2385 = CARTESIAN_POINT ( 'NONE',  ( 0.6785254037844491400, 1.175240473580836400, 1.958333333333336400 ) ) ;
#2386 = CARTESIAN_POINT ( 'NONE',  ( -1.495966003080824400, -0.1843326785565931300, 3.406249999999998700 ) ) ;
#2387 = CARTESIAN_POINT ( 'NONE',  ( 2.590581099512336200E-015, -1.619999999999998800, 4.249999999999998200 ) ) ;
#2388 = ORIENTED_EDGE ( 'NONE', *, *, #2326, .T. ) ;
#2389 = CARTESIAN_POINT ( 'NONE',  ( 0.6785254037844491400, 1.175240473580837100, -3.541666666666663400 ) ) ;
#2390 = DIRECTION ( 'NONE',  ( -0.0000000000000000000, -1.224646799147353200E-016, 1.000000000000000000 ) ) ;
#2391 = CARTESIAN_POINT ( 'NONE',  ( 0.8816504037844485900, -1.527063293868297500, -0.4427083333333301500 ) ) ;
#2392 = DIRECTION ( 'NONE',  ( -0.1045058763748855900, 0.02078751127481547100, 0.9943069954385901400 ) ) ;
#2393 = VERTEX_POINT ( 'NONE', #4078 ) ;
#2394 = CARTESIAN_POINT ( 'NONE',  ( 0.0000000000000000000, 1.527063293868266700, -0.2343749999999967000 ) ) ;
#2395 = CARTESIAN_POINT ( 'NONE',  ( 0.2262873432254709500, 1.570261840389537200, 3.968467505280394800 ) ) ;
#2396 = CARTESIAN_POINT ( 'NONE',  ( 1.017788105676672200, -0.5876202367904419500, -0.6666666666666637400 ) ) ;
#2397 = EDGE_LOOP ( 'NONE', ( #4570, #3087, #692, #2855 ) ) ;
#2398 = CARTESIAN_POINT ( 'NONE',  ( 1.534691860997136700, 0.2470292989821765400, 3.980070810694634100 ) ) ;
#2399 = CARTESIAN_POINT ( 'NONE',  ( -0.6785254037844487000, -1.175240473580867300, -3.291666666666663400 ) ) ;
#2400 = CARTESIAN_POINT ( 'NONE',  ( -0.1326959224940205700, 0.05496445076863689500, -0.3758688603731164500 ) ) ;
#2401 = AXIS2_PLACEMENT_3D ( 'NONE', #2904, #1802, #582 ) ;
#2402 = CARTESIAN_POINT ( 'NONE',  ( -1.732050807568896500, -1.500610486132416700E-014, -1.624999999999997100 ) ) ;
#2403 = CARTESIAN_POINT ( 'NONE',  ( -1.484567452862549900, -0.1866037099812803700, 3.406249999999998700 ) ) ;
#2404 = ORIENTED_EDGE ( 'NONE', *, *, #2193, .F. ) ;
#2405 = CARTESIAN_POINT ( 'NONE',  ( 0.2270432782799793900, -1.517185022618195100, 3.789916525744339500 ) ) ;
#2406 = CARTESIAN_POINT ( 'NONE',  ( -0.5917109473128473500, 0.4347626794466436000, 4.233624606597339300 ) ) ;
#2407 = CARTESIAN_POINT ( 'NONE',  ( 1.322475605676674200, 0.7635316469341245600, -0.3177083333333302100 ) ) ;
#2408 = ORIENTED_EDGE ( 'NONE', *, *, #152, .T. ) ;
#2409 = FACE_OUTER_BOUND ( 'NONE', #3945, .T. ) ;
#2410 = EDGE_CURVE ( 'NONE', #3504, #226, #2000, .T. ) ;
#2411 = EDGE_LOOP ( 'NONE', ( #2090, #477, #592, #1500 ) ) ;
#2412 = ORIENTED_EDGE ( 'NONE', *, *, #1797, .T. ) ;
#2413 = CARTESIAN_POINT ( 'NONE',  ( 0.0000000000000000000, 1.351151883724552000, -0.1015624999999970600 ) ) ;
#2414 = CYLINDRICAL_SURFACE ( 'NONE', #3417, 1.500000000000000400 ) ;
#2415 = CARTESIAN_POINT ( 'NONE',  ( -0.2470292989821610300, 1.534691860997139200, 3.980070810694635000 ) ) ;
#2416 = CARTESIAN_POINT ( 'NONE',  ( 1.539609450051895800, 0.2468476514111930800, 3.978342549502073200 ) ) ;
#2417 = EDGE_CURVE ( 'NONE', #366, #2393, #3709, .T. ) ;
#2418 = ORIENTED_EDGE ( 'NONE', *, *, #3327, .T. ) ;
#2419 = LINE ( 'NONE', #1723, #2309 ) ;
#2420 = CARTESIAN_POINT ( 'NONE',  ( -0.2368691645223708900, -1.525790193410409400, 3.883403588540145900 ) ) ;
#2421 = CARTESIAN_POINT ( 'NONE',  ( -1.351933826690950000, 0.3966775507653543300, -4.031646050497909300 ) ) ;
#2422 = VECTOR ( 'NONE', #1671, 1000.000000000000000 ) ;
#2423 = PLANE ( 'NONE',  #223 ) ;
#2424 = CARTESIAN_POINT ( 'NONE',  ( -1.439254484199210300E-016, -1.175240473580867700, -0.1874999999999971400 ) ) ;
#2425 =( BOUNDED_CURVE ( )  B_SPLINE_CURVE ( 2, ( #2508, #211, #4043, #2926, #3288, #1754, #639 ),
 .UNSPECIFIED., .F., .F. ) 
 B_SPLINE_CURVE_WITH_KNOTS ( ( 3, 2, 2, 3 ),
 ( 0.5000000000000000000, 0.5333333333333333300, 0.5666666666666667600, 0.6000000000000000900 ),
 .UNSPECIFIED. ) 
 CURVE ( )  GEOMETRIC_REPRESENTATION_ITEM ( )  RATIONAL_B_SPLINE_CURVE ( ( 1.000000000000000000, 0.8660254037844387100, 1.000000000000000000, 0.8660254037844387100, 1.000000000000000000, 0.8660254037844382600, 1.000000000000000400 ) ) 
 REPRESENTATION_ITEM ( '' )  );
#2426 = CONICAL_SURFACE ( 'NONE', #3536, 1.550799999999997100, 0.3490658503988666700 ) ;
#2427 = CARTESIAN_POINT ( 'NONE',  ( 1.590263637062383100, 2.070106209874711500E-015, 3.967077405468494100 ) ) ;
#2428 = CARTESIAN_POINT ( 'NONE',  ( 1.338187594433776200, -0.3305280311918110700, 1.244306069302492300 ) ) ;
#2429 = CARTESIAN_POINT ( 'NONE',  ( 0.1575495245399216300, 1.522273161123904400, 3.406249999999998700 ) ) ;
#2430 = CARTESIAN_POINT ( 'NONE',  ( -1.836970198721050600E-016, -1.500000000000032200, 0.06250000000000310900 ) ) ;
#2431 = CARTESIAN_POINT ( 'NONE',  ( -1.836970198721050600E-016, -1.500000000000032400, 0.5625000000000031100 ) ) ;
#2432 = ORIENTED_EDGE ( 'NONE', *, *, #4875, .F. ) ;
#2433 = CARTESIAN_POINT ( 'NONE',  ( 5.273039961881108900E-013, -1.352123412263504400, -4.085376587736496900 ) ) ;
#2434 = CARTESIAN_POINT ( 'NONE',  ( -1.238592043479980200, 0.6510946465055498200, -4.041301201700871800 ) ) ;
#2435 = EDGE_CURVE ( 'NONE', #346, #578, #23, .T. ) ;
#2436 = CARTESIAN_POINT ( 'NONE',  ( -0.5818846813168250300, -0.2410245267385792100, 4.249999999999998200 ) ) ;
#2437 = CARTESIAN_POINT ( 'NONE',  ( 0.0000000000000000000, 1.175240473580837300, -0.9374999999999968900 ) ) ;
#2438 = CARTESIAN_POINT ( 'NONE',  ( 0.3190586405859158800, 1.301230544333990900, -4.107510353021476500 ) ) ;
#2439 = APPROVAL ( #4634, 'UNSPECIFIED' ) ;
#2440 = CARTESIAN_POINT ( 'NONE',  ( 0.6785254037844479200, -1.175240473580867700, -2.708333333333330400 ) ) ;
#2441 = DIRECTION ( 'NONE',  ( -1.136809992917884100E-014, -1.000000000000000000, 0.0000000000000000000 ) ) ;
#2442 = EDGE_CURVE ( 'NONE', #1909, #997, #3381, .T. ) ;
#2443 = CARTESIAN_POINT ( 'NONE',  ( 0.09184794024502554400, -1.363722447762053500, -4.073777552237964400 ) ) ;
#2444 = CARTESIAN_POINT ( 'NONE',  ( 1.576622122564776700, 0.2078487863862036000, 3.967077405468494100 ) ) ;
#2445 = CARTESIAN_POINT ( 'NONE',  ( 1.542129073831889800, -0.1678132330522574000, 3.595469040531505300 ) ) ;
#2446 = ORIENTED_EDGE ( 'NONE', *, *, #1635, .F. ) ;
#2447 = CARTESIAN_POINT ( 'NONE',  ( 0.1863564938587257400, -1.480580224328586800, 3.402807630290146000 ) ) ;
#2448 = DIRECTION ( 'NONE',  ( -0.9238795325112854100, -0.3826834323650930000, 2.473768010504524400E-014 ) ) ;
#2449 = ORIENTED_EDGE ( 'NONE', *, *, #2354, .F. ) ;
#2450 = CARTESIAN_POINT ( 'NONE',  ( 0.6785254037844491400, 1.175240473580836800, 0.02083333333333624300 ) ) ;
#2451 = CARTESIAN_POINT ( 'NONE',  ( 0.0000000000000000000, 1.500000000000001300, -1.687499999999996200 ) ) ;
#2452 = CARTESIAN_POINT ( 'NONE',  ( 1.062170197218073300, -0.6499076780459153200, -4.202587226195090500 ) ) ;
#2453 = DIRECTION ( 'NONE',  ( -0.0000000000000000000, -1.224646799147353200E-016, 1.000000000000000000 ) ) ;
#2454 = ORIENTED_EDGE ( 'NONE', *, *, #1151, .T. ) ;
#2455 = ORIENTED_EDGE ( 'NONE', *, *, #3678, .T. ) ;
#2456 = CARTESIAN_POINT ( 'NONE',  ( 0.6785254037844491400, 1.175240473580837100, -2.479166666666663900 ) ) ;
#2457 = CARTESIAN_POINT ( 'NONE',  ( -0.6785254037844487000, -1.175240473580867300, -2.291666666666663900 ) ) ;
#2458 = CARTESIAN_POINT ( 'NONE',  ( 1.327848052603342000, 0.3856422801747323400, 1.280192216712868100 ) ) ;
#2459 = CARTESIAN_POINT ( 'NONE',  ( -1.534691860997133800, 0.2470292989821912800, 3.980070810694635000 ) ) ;
#2460 = CARTESIAN_POINT ( 'NONE',  ( 0.2283142632703963900, -1.568956015774094700, 3.968834839177240800 ) ) ;
#2461 = VERTEX_POINT ( 'NONE', #4167 ) ;
#2462 = CARTESIAN_POINT ( 'NONE',  ( 0.4314072894756709200, 0.5883555573418841600, 4.191913363870521700 ) ) ;
#2463 = COORDINATED_UNIVERSAL_TIME_OFFSET ( 6, 0, .BEHIND. ) ;
#2464 = B_SPLINE_CURVE_WITH_KNOTS ( 'NONE', 3,
 ( #1579, #757, #1954, #3131 ),
 .UNSPECIFIED., .F., .F.,
 ( 4, 4 ),
 ( 0.0000000000000000000, 0.0001154157762592061800 ),
 .UNSPECIFIED. ) ;
#2465 = CARTESIAN_POINT ( 'NONE',  ( 0.1601622194861533100, -1.187751500998470900, 0.7525324468264573700 ) ) ;
#2466 = ORIENTED_EDGE ( 'NONE', *, *, #3385, .T. ) ;
#2467 = ORIENTED_EDGE ( 'NONE', *, *, #715, .T. ) ;
#2468 = VERTEX_POINT ( 'NONE', #1856 ) ;
#2469 = CARTESIAN_POINT ( 'NONE',  ( 0.2265721277549588900, -1.555317688351645300, 3.785433827936210500 ) ) ;
#2470 = VECTOR ( 'NONE', #1960, 1000.000000000000100 ) ;
#2471 = AXIS2_PLACEMENT_3D ( 'NONE', #50, #2739, #3849 ) ;
#2472 = ADVANCED_FACE ( 'NONE', ( #2670 ), #1161, .F. ) ;
#2473 = CARTESIAN_POINT ( 'NONE',  ( -1.290057725239744900, 0.1403140724844582600, 1.046896369072657200 ) ) ;
#2474 = ORIENTED_EDGE ( 'NONE', *, *, #383, .F. ) ;
#2475 = LINE ( 'NONE', #3901, #2239 ) ;
#2476 = EDGE_CURVE ( 'NONE', #2263, #2641, #908, .T. ) ;
#2477 = CARTESIAN_POINT ( 'NONE',  ( 0.1966618281293644200, -1.489937050857382400, 3.500856336363592700 ) ) ;
#2478 = CARTESIAN_POINT ( 'NONE',  ( -0.6785254037844482600, 1.175240473580837500, -4.458333333333330400 ) ) ;
#2479 = CARTESIAN_POINT ( 'NONE',  ( 1.357050807568896700, -1.518540559698466800E-014, -3.062499999999996900 ) ) ;
#2480 = DIRECTION ( 'NONE',  ( -0.0000000000000000000, 2.449293598294706400E-016, -1.000000000000000000 ) ) ;
#2481 = CARTESIAN_POINT ( 'NONE',  ( 0.0000000000000000000, 1.175240473580837300, -0.4999999999999970000 ) ) ;
#2482 = CARTESIAN_POINT ( 'NONE',  ( -0.8816504037844489200, 1.527063293868266400, 0.3072916666666699600 ) ) ;
#2483 = CARTESIAN_POINT ( 'NONE',  ( 1.574078335371349000, 0.2189201988680059800, 3.967461089029157500 ) ) ;
#2484 = CARTESIAN_POINT ( 'NONE',  ( 1.357050807568896700, -1.555279963672887300E-014, -0.06249999999999701600 ) ) ;
#2485 =( BOUNDED_CURVE ( )  B_SPLINE_CURVE ( 2, ( #4809, #1352, #3316, #4493, #4830, #2938, #2894 ),
 .UNSPECIFIED., .F., .T. ) 
 B_SPLINE_CURVE_WITH_KNOTS ( ( 3, 2, 2, 3 ),
 ( 0.5000000000000003300, 0.5333333333333335500, 0.5666666666666668700, 0.6000000000000000900 ),
 .UNSPECIFIED. ) 
 CURVE ( )  GEOMETRIC_REPRESENTATION_ITEM ( )  RATIONAL_B_SPLINE_CURVE ( ( 0.9999999999999986700, 0.8660254037844400400, 1.000000000000000000, 0.8660254037844387100, 1.000000000000000000, 0.8660254037844382600, 1.000000000000000400 ) ) 
 REPRESENTATION_ITEM ( '' )  );
#2486 = B_SPLINE_CURVE_WITH_KNOTS ( 'NONE', 3,
 ( #2728, #1596, #1976, #73, #2759, #831, #3928 ),
 .UNSPECIFIED., .F., .F.,
 ( 4, 3, 4 ),
 ( 0.0000000000000000000, 0.0002867374893067661300, 0.0005665053673957202100 ),
 .UNSPECIFIED. ) ;
#2487 = FACE_OUTER_BOUND ( 'NONE', #2032, .T. ) ;
#2488 = CARTESIAN_POINT ( 'NONE',  ( 0.5631462490855107000, 1.038180288643460100, 4.198051900844818700 ) ) ;
#2489 = DIRECTION ( 'NONE',  ( -0.9945218953682734000, -8.759593272591328500E-017, 0.1045284632676537100 ) ) ;
#2490 = CARTESIAN_POINT ( 'NONE',  ( -0.7026901318165286200, 0.7026901318165413900, 4.203144106708491800 ) ) ;
#2491 = DIRECTION ( 'NONE',  ( 0.9238795325112886300, 0.3826834323650853400, 1.236295853086189300E-014 ) ) ;
#2492 =( BOUNDED_CURVE ( )  B_SPLINE_CURVE ( 2, ( #4719, #3913, #2379, #464, #3172, #1614, #855 ),
 .UNSPECIFIED., .F., .F. ) 
 B_SPLINE_CURVE_WITH_KNOTS ( ( 3, 2, 2, 3 ),
 ( 0.7000000000000001800, 0.7333333333333333900, 0.7666666666666668300, 0.8000000000000000400 ),
 .UNSPECIFIED. ) 
 CURVE ( )  GEOMETRIC_REPRESENTATION_ITEM ( )  RATIONAL_B_SPLINE_CURVE ( ( 0.9999999999999991100, 0.8660254037844396000, 1.000000000000000000, 0.8660254037844387100, 1.000000000000000000, 0.8660254037844387100, 1.000000000000000000 ) ) 
 REPRESENTATION_ITEM ( '' )  );
#2493 = CARTESIAN_POINT ( 'NONE',  ( 0.5251542044367961700, 0.3682059365705828700, 3.406249999999998700 ) ) ;
#2494 = CARTESIAN_POINT ( 'NONE',  ( 0.0000000000000000000, 2.070106209874711500E-015, 3.406249999999998700 ) ) ;
#2495 = CARTESIAN_POINT ( 'NONE',  ( 0.0000000000000000000, 1.175240473580837700, -4.499999999999997300 ) ) ;
#2496 = CARTESIAN_POINT ( 'NONE',  ( -0.6785254037844487000, -1.175240473580867000, -3.729166666666663400 ) ) ;
#2497 = CARTESIAN_POINT ( 'NONE',  ( 0.1326959224940216200, 0.05496445076863608300, -0.3758688603731165100 ) ) ;
#2498 = CARTESIAN_POINT ( 'NONE',  ( -1.357050807568896700, -1.518214783870160100E-014, -0.3749999999999972200 ) ) ;
#2499 = DIRECTION ( 'NONE',  ( 0.0000000000000000000, -1.000000000000000000, 0.0000000000000000000 ) ) ;
#2500 = CARTESIAN_POINT ( 'NONE',  ( -1.439254484199210300E-016, -1.175240473580867500, -2.249999999999997300 ) ) ;
#2501 = CARTESIAN_POINT ( 'NONE',  ( 0.0000000000000000000, 1.500000000000001800, -3.687499999999996400 ) ) ;
#2502 = CARTESIAN_POINT ( 'NONE',  ( 1.357050807568896700, -1.549156729677150500E-014, -0.5624999999999970000 ) ) ;
#2503 = DIRECTION ( 'NONE',  ( -0.0000000000000000000, -0.8660254037844391500, 0.4999999999999990000 ) ) ;
#2504 = AXIS2_PLACEMENT_3D ( 'NONE', #1777, #1002, #3304 ) ;
#2505 = CARTESIAN_POINT ( 'NONE',  ( -0.7264112681861238900, -1.295662638977672600, 1.537285952093797100 ) ) ;
#2506 = EDGE_CURVE ( 'NONE', #4954, #3247, #4480, .T. ) ;
#2507 = CARTESIAN_POINT ( 'NONE',  ( -1.836970198721050400E-016, -1.500000000000032000, -1.437499999999996200 ) ) ;
#2508 = CARTESIAN_POINT ( 'NONE',  ( -1.836970198721050600E-016, -1.500000000000032400, 0.5625000000000031100 ) ) ;
#2509 = PRODUCT_DEFINITION_FORMATION_WITH_SPECIFIED_SOURCE ( 'ANY', '', #570, .NOT_KNOWN. ) ;
#2510 = ORIENTED_EDGE ( 'NONE', *, *, #1225, .T. ) ;
#2511 = CARTESIAN_POINT ( 'NONE',  ( -1.017788105676672700, 0.5876202367904113100, -2.354166666666663900 ) ) ;
#2512 = CARTESIAN_POINT ( 'NONE',  ( -0.09075840644307757400, 1.336176492263525300, 1.160326758815754000 ) ) ;
#2513 = CARTESIAN_POINT ( 'NONE',  ( 0.6785254037844491400, 1.175240473580836400, 0.4583333333333363100 ) ) ;
#2514 = CARTESIAN_POINT ( 'NONE',  ( -0.8660254037844461500, -1.500000000000035700, -1.479166666666662700 ) ) ;
#2515 = EDGE_CURVE ( 'NONE', #4889, #239, #3173, .T. ) ;
#2516 = CARTESIAN_POINT ( 'NONE',  ( 0.0000000000000000000, 1.175240473580837500, -1.999999999999997100 ) ) ;
#2517 = CARTESIAN_POINT ( 'NONE',  ( 0.8660254037844507000, 1.499999999999998200, -1.729166666666663400 ) ) ;
#2518 = ORIENTED_EDGE ( 'NONE', *, *, #2362, .F. ) ;
#2519 = CARTESIAN_POINT ( 'NONE',  ( 1.020989215107069600, -0.1867183014945894000, 3.406249999999998700 ) ) ;
#2520 = CARTESIAN_POINT ( 'NONE',  ( -1.357050807568896700, -1.512856954123890300E-014, -0.8124999999999971100 ) ) ;
#2521 = CARTESIAN_POINT ( 'NONE',  ( 0.8660254037844489200, 1.500000000000001100, -2.229166666666663000 ) ) ;
#2522 = ORIENTED_EDGE ( 'NONE', *, *, #4402, .T. ) ;
#2523 = CARTESIAN_POINT ( 'NONE',  ( -0.1867183014945853800, -1.480908766186232400, 3.406249999999998700 ) ) ;
#2524 = CARTESIAN_POINT ( 'NONE',  ( 1.299038105676672900, 0.7499999999999920100, 0.1666666666666692900 ) ) ;
#2525 = CARTESIAN_POINT ( 'NONE',  ( 0.0000000000000000000, -2.143131898507865300E-016, 1.749999999999997600 ) ) ;
#2526 = CLOSED_SHELL ( 'NONE', ( #4618, #4595, #2697, #769, #3438, #2607, #3391, #1108, #2222, #2177, #4855, #1460, #3015, #1507, #3061, #2355, #4444, #1904, #4548, #2273, #698, #3344, #2853, #4211, #2627, #4571, #329, #3518, #3181, #1481, #305, #1434, #1881, #4883, #4238, #4524, #3793, #3366, #3773, #4928, #378, #894, #2990, #2915, #347, #2675, #3230, #1084, #3818, #1819, #2252, #1859, #2330, #3416, #4414, #2472, #3865, #4773, #3086, #727, #2820, #3664, #3314, #3723, #2124, #4981, #4691, #630, #1388, #1059, #2653, #744, #3, #1162, #4137, #1533, #3466, #679, #2305, #4188, #4166, #1305, #1774, #4955, #3040, #118, #3836, #4906, #4075, #652, #1132, #2527, #1841 ) ) ;
#2527 = ADVANCED_FACE ( 'NONE', ( #2920 ), #4073, .T. ) ;
#2528 = CARTESIAN_POINT ( 'NONE',  ( 1.520383176458097500, -0.1621629660692667200, 3.406249999999998700 ) ) ;
#2529 = DATE_AND_TIME ( #2230, #2893 ) ;
#2530 = CARTESIAN_POINT ( 'NONE',  ( 0.2622035415152645900, 1.036004162901804400, 4.124444084471207400 ) ) ;
#2531 = CARTESIAN_POINT ( 'NONE',  ( 0.0000000000000000000, 1.500000000000002000, -3.249999999999997800 ) ) ;
#2532 = CARTESIAN_POINT ( 'NONE',  ( 1.017788105676672200, -0.5876202367904417300, -3.104166666666663900 ) ) ;
#2533 = ORIENTED_EDGE ( 'NONE', *, *, #1062, .T. ) ;
#2534 = CARTESIAN_POINT ( 'NONE',  ( 1.357050807568896700, -1.579007495406367100E-014, 1.875000000000002700 ) ) ;
#2535 = CARTESIAN_POINT ( 'NONE',  ( 0.1576114703713194500, -1.533209955833165500, 3.500855647255595800 ) ) ;
#2536 = PERSON_AND_ORGANIZATION ( #465, #474 ) ;
#2537 = CARTESIAN_POINT ( 'NONE',  ( -0.4314072894756657600, 0.5883555573418881600, 4.191913363870521700 ) ) ;
#2538 = CARTESIAN_POINT ( 'NONE',  ( -1.299038105676672400, -0.7500000000000234300, -0.5833333333333309300 ) ) ;
#2539 = CARTESIAN_POINT ( 'NONE',  ( -0.8660254037844472600, 1.500000000000002900, -0.6458333333333300400 ) ) ;
#2540 = ORIENTED_EDGE ( 'NONE', *, *, #3123, .T. ) ;
#2541 = CARTESIAN_POINT ( 'NONE',  ( -0.1867183014945763800, 1.020989215107071200, 3.406249999999998700 ) ) ;
#2542 = VERTEX_POINT ( 'NONE', #809 ) ;
#2543 = AXIS2_PLACEMENT_3D ( 'NONE', #3257, #140, #943 ) ;
#2544 = FACE_OUTER_BOUND ( 'NONE', #2306, .T. ) ;
#2545 = CARTESIAN_POINT ( 'NONE',  ( 0.0000000000000000000, -1.500000000000000000, 4.249999999999998200 ) ) ;
#2546 = CARTESIAN_POINT ( 'NONE',  ( -0.1474052775258726800, -1.524207146240227600, 3.406249999999998700 ) ) ;
#2547 = DIRECTION ( 'NONE',  ( 0.0000000000000000000, -0.1045284632676539300, 0.9945218953682731800 ) ) ;
#2548 = CARTESIAN_POINT ( 'NONE',  ( 0.0000000000000000000, 1.175240473580837300, 0.06250000000000309500 ) ) ;
#2549 = CARTESIAN_POINT ( 'NONE',  ( -1.732050807568896500, -1.531226656111100500E-014, 0.8750000000000023300 ) ) ;
#2550 = EDGE_CURVE ( 'NONE', #4746, #1091, #3774, .T. ) ;
#2551 = CARTESIAN_POINT ( 'NONE',  ( 1.518332637784020500, 0.1659638459673665200, 3.406249999999998700 ) ) ;
#2552 = LINE ( 'NONE', #3921, #1581 ) ;
#2553 = CARTESIAN_POINT ( 'NONE',  ( -0.8660254037844438100, -1.500000000000040200, -1.041666666666663600 ) ) ;
#2554 = CARTESIAN_POINT ( 'NONE',  ( -0.8513657609206430900, -0.8169588401053833300, -4.249999999999999100 ) ) ;
#2555 = CARTESIAN_POINT ( 'NONE',  ( -1.017788105676672700, -0.5876202367904414000, 0.1666666666666693500 ) ) ;
#2556 = CARTESIAN_POINT ( 'NONE',  ( 0.6785254037844491400, 1.175240473580836400, 0.5208333333333363700 ) ) ;
#2557 = CARTESIAN_POINT ( 'NONE',  ( -1.299038105676672400, -0.7500000000000236500, 1.416666666666669000 ) ) ;
#2558 = DIRECTION ( 'NONE',  ( 0.3826834323651011600, 0.9238795325112820800, 0.0000000000000000000 ) ) ;
#2559 = LINE ( 'NONE', #1650, #433 ) ;
#2560 = CARTESIAN_POINT ( 'NONE',  ( -0.5251542044367962800, -0.3682059365705838100, 3.406249999999998700 ) ) ;
#2561 = CARTESIAN_POINT ( 'NONE',  ( 0.0000000000000000000, 1.500000000000002000, -1.749999999999997300 ) ) ;
#2562 = CARTESIAN_POINT ( 'NONE',  ( -1.570261840389536500, 0.2262873432254841600, 3.968467505280393900 ) ) ;
#2563 = CARTESIAN_POINT ( 'NONE',  ( -0.1662786652472726900, -1.517818597926568800, 3.406249999999998700 ) ) ;
#2564 = EDGE_LOOP ( 'NONE', ( #4882, #2778, #4040, #1391 ) ) ;
#2565 = CARTESIAN_POINT ( 'NONE',  ( -1.357050807568896700, -1.488364018140943200E-014, -2.812499999999997300 ) ) ;
#2566 = DIRECTION ( 'NONE',  ( -0.9238795325112860700, 0.3826834323650913900, -0.0000000000000000000 ) ) ;
#2567 = CARTESIAN_POINT ( 'NONE',  ( 0.2990896682797061200, 0.9279710683664124100, 4.265361283549925300 ) ) ;
#2568 = CARTESIAN_POINT ( 'NONE',  ( -1.524207146240225100, 0.1474052775258880300, 3.406249999999998700 ) ) ;
#2569 = CARTESIAN_POINT ( 'NONE',  ( -0.7140157985588480000, -0.9459789655805782600, -4.249999999999999100 ) ) ;
#2570 = CARTESIAN_POINT ( 'NONE',  ( -0.1326959224940235400, -0.05496445076863167000, -0.3758688603731167900 ) ) ;
#2571 = CARTESIAN_POINT ( 'NONE',  ( 0.8816504037844498100, 1.527063293868266200, 1.255208333333335900 ) ) ;
#2572 = CARTESIAN_POINT ( 'NONE',  ( 0.8816504037844485900, -1.527063293868297800, 2.057291666666669600 ) ) ;
#2573 = CARTESIAN_POINT ( 'NONE',  ( 0.0000000000000000000, 1.175240473580837300, -0.9999999999999970000 ) ) ;
#2574 = EDGE_CURVE ( 'NONE', #1848, #2770, #1272, .T. ) ;
#2575 = CARTESIAN_POINT ( 'NONE',  ( -0.6785254037844482600, 1.175240473580837300, -2.895833333333330400 ) ) ;
#2576 = ORIENTED_EDGE ( 'NONE', *, *, #351, .T. ) ;
#2577 = CARTESIAN_POINT ( 'NONE',  ( -1.507752390197090600, 0.2165511500658558700, 3.690090594014554100 ) ) ;
#2578 = DIRECTION ( 'NONE',  ( -0.0000000000000000000, -1.224646799147353200E-016, 1.000000000000000000 ) ) ;
#2579 = CARTESIAN_POINT ( 'NONE',  ( 0.5883555573418828300, -0.4314072894756736400, 4.191913363870520800 ) ) ;
#2580 = ORIENTED_EDGE ( 'NONE', *, *, #343, .F. ) ;
#2581 = CARTESIAN_POINT ( 'NONE',  ( 0.0000000000000000000, 1.500000000000002200, -3.749999999999997800 ) ) ;
#2582 = CARTESIAN_POINT ( 'NONE',  ( 0.0000000000000000000, 1.527063293868266400, 0.2968750000000028900 ) ) ;
#2583 = EDGE_CURVE ( 'NONE', #1782, #1242, #4929, .T. ) ;
#2584 = CARTESIAN_POINT ( 'NONE',  ( -1.322475605676673800, -0.7635316469341560900, 1.932291666666669600 ) ) ;
#2585 = DIRECTION ( 'NONE',  ( -0.0000000000000000000, -1.224646799147353200E-016, 1.000000000000000000 ) ) ;
#2586 =( BOUNDED_SURFACE ( )  B_SPLINE_SURFACE ( 1, 2, ( 
 ( #2481, #4068, #3277, #2498, #216, #230, #2887, #1314, #4784, #4388, #1362, #3330, #1722, #4821, #2910, #4470, #2555, #1739, #2163, #2869, #963, #556, #1331, #2513, #609, #4800, #4007, #987, #573, #2147, #248, #2947, #2930, #588, #625, #2131, #3256, #941, #3704, #4863, #3658, #196, #3644, #4027, #1347, #1703, #4049, #4428, #4409, #2085, #3292, #4845, #2106, #3681, #174, #1762, #4453, #2534, #3310, #1005, #1384 ),
 ( #4085, #293, #2619, #4143, #706, #3028, #1806, #2201, #1018, #2996, #4487, #4128, #327, #4894, #4537, #2229, #3361, #642, #4105, #4502, #3378, #312, #1402, #4946, #2582, #676, #4519, #2184, #1066, #266, #1081, #3754, #1837, #1418, #2983, #2602, #1450, #4910, #2210, #3768, #3718, #4924, #1851, #1789, #3011, #1429, #4879, #2571, #689, #280, #2961, #4160, #3349, #659, #1035, #3400, #3736, #1464, #3783, #4556, #2249 ) ),
 .UNSPECIFIED., .F., .F., .F. ) 
 B_SPLINE_SURFACE_WITH_KNOTS ( ( 2, 2 ),
 ( 3, 2, 2, 2, 2, 2, 2, 2, 2, 2, 2, 2, 2, 2, 2, 2, 2, 2, 2, 2, 2, 2, 2, 2, 2, 2, 2, 2, 2, 2, 3 ),
 ( 0.0000000000000000000, 1.000000000000000000 ),
 ( 0.0000000000000000000, 0.03333333333333333300, 0.06666666666666666600, 0.1000000000000000100, 0.1333333333333333300, 0.1666666666666666600, 0.2000000000000000100, 0.2333333333333333400, 0.2666666666666666600, 0.2999999999999999900, 0.3333333333333333100, 0.3666666666666666400, 0.4000000000000000200, 0.4333333333333333500, 0.4666666666666666700, 0.5000000000000000000, 0.5333333333333333300, 0.5666666666666666500, 0.5999999999999999800, 0.6333333333333333000, 0.6666666666666666300, 0.6999999999999999600, 0.7333333333333332800, 0.7666666666666667200, 0.8000000000000000400, 0.8333333333333333700, 0.8666666666666667000, 0.9000000000000000200, 0.9333333333333333500, 0.9666666666666666700, 1.000000000000000000 ),
 .UNSPECIFIED. ) 
 GEOMETRIC_REPRESENTATION_ITEM ( )  RATIONAL_B_SPLINE_SURFACE ( (
 ( 1.000000000000000000, 0.8660254037844387100, 1.000000000000000000, 0.8660254037844387100, 1.000000000000000000, 0.8660254037844387100, 1.000000000000000000, 0.8660254037844387100, 1.000000000000000000, 0.8660254037844387100, 1.000000000000000000, 0.8660254037844387100, 1.000000000000000000, 0.8660254037844387100, 1.000000000000000000, 0.8660254037844387100, 1.000000000000000000, 0.8660254037844387100, 1.000000000000000000, 0.8660254037844387100, 1.000000000000000000, 0.8660254037844387100, 1.000000000000000000, 0.8660254037844387100, 1.000000000000000000, 0.8660254037844387100, 1.000000000000000000, 0.8660254037844387100, 1.000000000000000000, 0.8660254037844387100, 1.000000000000000000, 0.8660254037844387100, 1.000000000000000000, 0.8660254037844387100, 1.000000000000000000, 0.8660254037844387100, 1.000000000000000000, 0.8660254037844387100, 1.000000000000000000, 0.8660254037844387100, 1.000000000000000000, 0.8660254037844387100, 1.000000000000000000, 0.8660254037844387100, 1.000000000000000000, 0.8660254037844387100, 1.000000000000000000, 0.8660254037844387100, 1.000000000000000000, 0.8660254037844387100, 1.000000000000000000, 0.8660254037844387100, 1.000000000000000000, 0.8660254037844387100, 1.000000000000000000, 0.8660254037844387100, 1.000000000000000000, 0.8660254037844387100, 1.000000000000000000, 0.8660254037844387100, 1.000000000000000000),
 ( 1.000000000000000000, 0.8660254037844387100, 1.000000000000000000, 0.8660254037844387100, 1.000000000000000000, 0.8660254037844387100, 1.000000000000000000, 0.8660254037844387100, 1.000000000000000000, 0.8660254037844387100, 1.000000000000000000, 0.8660254037844387100, 1.000000000000000000, 0.8660254037844387100, 1.000000000000000000, 0.8660254037844387100, 1.000000000000000000, 0.8660254037844387100, 1.000000000000000000, 0.8660254037844387100, 1.000000000000000000, 0.8660254037844387100, 1.000000000000000000, 0.8660254037844387100, 1.000000000000000000, 0.8660254037844387100, 1.000000000000000000, 0.8660254037844387100, 1.000000000000000000, 0.8660254037844387100, 1.000000000000000000, 0.8660254037844387100, 1.000000000000000000, 0.8660254037844387100, 1.000000000000000000, 0.8660254037844387100, 1.000000000000000000, 0.8660254037844387100, 1.000000000000000000, 0.8660254037844387100, 1.000000000000000000, 0.8660254037844387100, 1.000000000000000000, 0.8660254037844387100, 1.000000000000000000, 0.8660254037844387100, 1.000000000000000000, 0.8660254037844387100, 1.000000000000000000, 0.8660254037844387100, 1.000000000000000000, 0.8660254037844387100, 1.000000000000000000, 0.8660254037844387100, 1.000000000000000000, 0.8660254037844387100, 1.000000000000000000, 0.8660254037844387100, 1.000000000000000000, 0.8660254037844387100, 1.000000000000000000) ) ) 
 REPRESENTATION_ITEM ( '' )  SURFACE ( )  );
#2587 = ORIENTED_EDGE ( 'NONE', *, *, #225, .F. ) ;
#2588 = CIRCLE ( 'NONE', #1441, 2.290070906916736900 ) ;
#2589 = CARTESIAN_POINT ( 'NONE',  ( 1.017788105676673100, 0.5876202367904104200, -2.020833333333330400 ) ) ;
#2590 = ORIENTED_EDGE ( 'NONE', *, *, #1891, .T. ) ;
#2591 = CARTESIAN_POINT ( 'NONE',  ( -1.575889484126587600, -0.2134061629270792300, 3.967077405468487000 ) ) ;
#2592 = FACE_OUTER_BOUND ( 'NONE', #1268, .T. ) ;
#2593 = CARTESIAN_POINT ( 'NONE',  ( 0.6785254037844479200, -1.175240473580867500, -3.708333333333330400 ) ) ;
#2594 = VERTEX_POINT ( 'NONE', #3590 ) ;
#2595 = CARTESIAN_POINT ( 'NONE',  ( -0.8660254037844488100, -1.500000000000031500, -2.041666666666664300 ) ) ;
#2596 = CARTESIAN_POINT ( 'NONE',  ( -0.8816504037844489200, 1.527063293868266900, -4.661458333333331300 ) ) ;
#2597 = ORIENTED_EDGE ( 'NONE', *, *, #4021, .F. ) ;
#2598 = CIRCLE ( 'NONE', #2017, 4.606075864237159800 ) ;
#2599 = CARTESIAN_POINT ( 'NONE',  ( 0.0000000000000000000, 1.175240473580837300, 0.03125000000000306700 ) ) ;
#2600 = VERTEX_POINT ( 'NONE', #156 ) ;
#2601 = DIRECTION ( 'NONE',  ( -0.0000000000000000000, 0.8660254037844391500, 0.4999999999999990000 ) ) ;
#2602 = CARTESIAN_POINT ( 'NONE',  ( 0.8816504037844498100, 1.527063293868266200, 0.7552083333333361500 ) ) ;
#2603 = ORIENTED_EDGE ( 'NONE', *, *, #2156, .F. ) ;
#2604 = CARTESIAN_POINT ( 'NONE',  ( -1.322475605676673500, 0.7635316469341256700, 1.848958333333336600 ) ) ;
#2605 = FACE_OUTER_BOUND ( 'NONE', #414, .T. ) ;
#2606 = CARTESIAN_POINT ( 'NONE',  ( 0.6785254037844479200, -1.175240473580867700, -1.708333333333330400 ) ) ;
#2607 = ADVANCED_FACE ( 'NONE', ( #618 ), #4344, .T. ) ;
#2608 = CARTESIAN_POINT ( 'NONE',  ( -1.560644815424478100, 0.2372923498678734000, 3.971354974855262100 ) ) ;
#2609 = EDGE_CURVE ( 'NONE', #4889, #1684, #2055, .T. ) ;
#2610 = CC_DESIGN_SECURITY_CLASSIFICATION ( #2974, ( #2509 ) ) ;
#2611 = CARTESIAN_POINT ( 'NONE',  ( 1.017788105676672200, -0.5876202367904417300, -3.166666666666663900 ) ) ;
#2612 = CIRCLE ( 'NONE', #4300, 4.606075864237159800 ) ;
#2613 = CARTESIAN_POINT ( 'NONE',  ( 1.017788105676672200, -0.5876202367904420600, -0.1041666666666637600 ) ) ;
#2614 = CARTESIAN_POINT ( 'NONE',  ( 0.0000000000000000000, 1.527063293868267100, -4.703124999999997300 ) ) ;
#2615 = EDGE_CURVE ( 'NONE', #997, #4112, #3333, .T. ) ;
#2616 =( BOUNDED_SURFACE ( )  B_SPLINE_SURFACE ( 1, 2, ( 
 ( #2394, #1704, #859, #944, #1764, #1317, #4391, #2912, #2088, #4070, #2149, #4847, #232, #2482, #3546, #2872, #4786, #175, #558, #1333, #3259, #2932, #3311, #1616, #3737, #4925, #1387, #1403, #626, #314, #1823, #677, #4489, #4880, #2997, #1038, #4130, #2620, #4503, #3379, #3706, #2231, #1007, #2963, #4521, #690, #2948, #1430, #2186, #2202, #2604, #2984, #2584, #3720, #1790, #2572, #3012, #281, #1419, #2211, #294 ),
 ( #3350, #3332, #4912, #661, #1808, #4120, #4088, #1781, #268, #3363, #4472, #1068, #3769, #1452, #4144, #4896, #1838, #4107, #1051, #3756, #4864, #4538, #2166, #2556, #1019, #643, #250, #3801, #2302, #739, #2682, #4229, #3784, #4568, #2267, #4557, #1530, #1082, #4963, #1465, #3843, #4179, #1911, #3075, #4209, #373, #2633, #1497, #1516, #4195, #2693, #390, #4616, #2320, #4979, #4163, #3429, #1852, #3048, #3092, #2667 ) ),
 .UNSPECIFIED., .F., .F., .F. ) 
 B_SPLINE_SURFACE_WITH_KNOTS ( ( 2, 2 ),
 ( 3, 2, 2, 2, 2, 2, 2, 2, 2, 2, 2, 2, 2, 2, 2, 2, 2, 2, 2, 2, 2, 2, 2, 2, 2, 2, 2, 2, 2, 2, 3 ),
 ( 0.0000000000000000000, 1.000000000000000000 ),
 ( 0.0000000000000000000, 0.03333333333333333300, 0.06666666666666666600, 0.1000000000000000100, 0.1333333333333333300, 0.1666666666666666600, 0.2000000000000000100, 0.2333333333333333400, 0.2666666666666666600, 0.2999999999999999900, 0.3333333333333333100, 0.3666666666666666400, 0.4000000000000000200, 0.4333333333333333500, 0.4666666666666666700, 0.5000000000000000000, 0.5333333333333333300, 0.5666666666666666500, 0.5999999999999999800, 0.6333333333333333000, 0.6666666666666666300, 0.6999999999999999600, 0.7333333333333332800, 0.7666666666666667200, 0.8000000000000000400, 0.8333333333333333700, 0.8666666666666667000, 0.9000000000000000200, 0.9333333333333333500, 0.9666666666666666700, 1.000000000000000000 ),
 .UNSPECIFIED. ) 
 GEOMETRIC_REPRESENTATION_ITEM ( )  RATIONAL_B_SPLINE_SURFACE ( (
 ( 1.000000000000000000, 0.8660254037844387100, 1.000000000000000000, 0.8660254037844387100, 1.000000000000000000, 0.8660254037844387100, 1.000000000000000000, 0.8660254037844387100, 1.000000000000000000, 0.8660254037844387100, 1.000000000000000000, 0.8660254037844387100, 1.000000000000000000, 0.8660254037844387100, 1.000000000000000000, 0.8660254037844387100, 1.000000000000000000, 0.8660254037844387100, 1.000000000000000000, 0.8660254037844387100, 1.000000000000000000, 0.8660254037844387100, 1.000000000000000000, 0.8660254037844387100, 1.000000000000000000, 0.8660254037844387100, 1.000000000000000000, 0.8660254037844387100, 1.000000000000000000, 0.8660254037844387100, 1.000000000000000000, 0.8660254037844387100, 1.000000000000000000, 0.8660254037844387100, 1.000000000000000000, 0.8660254037844387100, 1.000000000000000000, 0.8660254037844387100, 1.000000000000000000, 0.8660254037844387100, 1.000000000000000000, 0.8660254037844387100, 1.000000000000000000, 0.8660254037844387100, 1.000000000000000000, 0.8660254037844387100, 1.000000000000000000, 0.8660254037844387100, 1.000000000000000000, 0.8660254037844387100, 1.000000000000000000, 0.8660254037844387100, 1.000000000000000000, 0.8660254037844387100, 1.000000000000000000, 0.8660254037844387100, 1.000000000000000000, 0.8660254037844387100, 1.000000000000000000, 0.8660254037844387100, 1.000000000000000000),
 ( 1.000000000000000000, 0.8660254037844387100, 1.000000000000000000, 0.8660254037844387100, 1.000000000000000000, 0.8660254037844387100, 1.000000000000000000, 0.8660254037844387100, 1.000000000000000000, 0.8660254037844387100, 1.000000000000000000, 0.8660254037844387100, 1.000000000000000000, 0.8660254037844387100, 1.000000000000000000, 0.8660254037844387100, 1.000000000000000000, 0.8660254037844387100, 1.000000000000000000, 0.8660254037844387100, 1.000000000000000000, 0.8660254037844387100, 1.000000000000000000, 0.8660254037844387100, 1.000000000000000000, 0.8660254037844387100, 1.000000000000000000, 0.8660254037844387100, 1.000000000000000000, 0.8660254037844387100, 1.000000000000000000, 0.8660254037844387100, 1.000000000000000000, 0.8660254037844387100, 1.000000000000000000, 0.8660254037844387100, 1.000000000000000000, 0.8660254037844387100, 1.000000000000000000, 0.8660254037844387100, 1.000000000000000000, 0.8660254037844387100, 1.000000000000000000, 0.8660254037844387100, 1.000000000000000000, 0.8660254037844387100, 1.000000000000000000, 0.8660254037844387100, 1.000000000000000000, 0.8660254037844387100, 1.000000000000000000, 0.8660254037844387100, 1.000000000000000000, 0.8660254037844387100, 1.000000000000000000, 0.8660254037844387100, 1.000000000000000000, 0.8660254037844387100, 1.000000000000000000, 0.8660254037844387100, 1.000000000000000000) ) ) 
 REPRESENTATION_ITEM ( '' )  SURFACE ( )  );
#2617 = CARTESIAN_POINT ( 'NONE',  ( 0.2990896682797046800, -0.9279710683664139600, 4.265361283549925300 ) ) ;
#2618 = CARTESIAN_POINT ( 'NONE',  ( -0.6785254037844480300, 1.175240473580837500, -1.458333333333330400 ) ) ;
#2619 = CARTESIAN_POINT ( 'NONE',  ( -1.322475605676673500, 0.7635316469341260100, -0.6197916666666638500 ) ) ;
#2620 = CARTESIAN_POINT ( 'NONE',  ( -0.8816504037844489200, 1.527063293868266400, 1.307291666666670100 ) ) ;
#2621 = ORIENTED_EDGE ( 'NONE', *, *, #3646, .F. ) ;
#2622 = CARTESIAN_POINT ( 'NONE',  ( -0.6785254037844487000, -1.175240473580867300, -1.729166666666663900 ) ) ;
#2623 = CARTESIAN_POINT ( 'NONE',  ( -1.051929728415299700, -0.5456484350918371400, 0.7282066005028665600 ) ) ;
#2624 = EDGE_CURVE ( 'NONE', #3861, #3504, #2665, .T. ) ;
#2625 = CARTESIAN_POINT ( 'NONE',  ( 1.017788105676672200, -0.5876202367904418400, -2.104166666666663900 ) ) ;
#2626 = ORIENTED_EDGE ( 'NONE', *, *, #640, .T. ) ;
#2627 = ADVANCED_FACE ( 'NONE', ( #3453 ), #3396, .F. ) ;
#2628 = CARTESIAN_POINT ( 'NONE',  ( 1.017788105676673100, 0.5876202367904099800, 0.4791666666666696800 ) ) ;
#2629 = CARTESIAN_POINT ( 'NONE',  ( 0.6785254037844479200, -1.175240473580867700, -2.208333333333330400 ) ) ;
#2630 = CARTESIAN_POINT ( 'NONE',  ( 0.8816504037844498100, 1.527063293868266400, -2.776041666666663400 ) ) ;
#2631 = CARTESIAN_POINT ( 'NONE',  ( 1.357050807568896700, -1.542268091431946500E-014, -1.124999999999997100 ) ) ;
#2632 = CARTESIAN_POINT ( 'NONE',  ( -0.1832609237937266900, -1.328980269858735400, -4.108519730140754300 ) ) ;
#2633 = CARTESIAN_POINT ( 'NONE',  ( 1.017788105676673100, 0.5876202367904098700, 1.479166666666669600 ) ) ;
#2634 = CARTESIAN_POINT ( 'NONE',  ( -1.357050807568896700, -1.493721847887212700E-014, -2.374999999999996400 ) ) ;
#2635 = ORIENTED_EDGE ( 'NONE', *, *, #41, .F. ) ;
#2636 = CARTESIAN_POINT ( 'NONE',  ( -1.017788105676672700, 0.5876202367904110900, -0.8541666666666636300 ) ) ;
#2637 = ORIENTED_EDGE ( 'NONE', *, *, #3394, .T. ) ;
#2638 = CARTESIAN_POINT ( 'NONE',  ( -0.1966617905629920200, 1.489937016748778900, 3.500855978943534300 ) ) ;
#2639 = AXIS2_PLACEMENT_3D ( 'NONE', #656, #3398, #1514 ) ;
#2640 = EDGE_CURVE ( 'NONE', #3077, #4895, #2419, .T. ) ;
#2641 = VERTEX_POINT ( 'NONE', #1652 ) ;
#2642 = CARTESIAN_POINT ( 'NONE',  ( -0.6785254037844482600, 1.175240473580837100, 0.6041666666666697400 ) ) ;
#2643 = ORIENTED_EDGE ( 'NONE', *, *, #2076, .F. ) ;
#2644 = CARTESIAN_POINT ( 'NONE',  ( -1.017788105676672700, 0.5876202367904113100, -2.916666666666663900 ) ) ;
#2645 = CARTESIAN_POINT ( 'NONE',  ( 1.322475605676674200, 0.7635316469341249000, -2.317708333333330400 ) ) ;
#2646 =( BOUNDED_CURVE ( )  B_SPLINE_CURVE ( 2, ( #1598, #1186, #450, #4263, #3931, #1633, #4280 ),
 .UNSPECIFIED., .F., .F. ) 
 B_SPLINE_CURVE_WITH_KNOTS ( ( 3, 2, 2, 3 ),
 ( 0.2999999999999999900, 0.3333333333333333100, 0.3666666666666667000, 0.4000000000000000200 ),
 .UNSPECIFIED. ) 
 CURVE ( )  GEOMETRIC_REPRESENTATION_ITEM ( )  RATIONAL_B_SPLINE_CURVE ( ( 1.000000000000000400, 0.8660254037844386000, 1.000000000000000000, 0.8660254037844387100, 1.000000000000000000, 0.8660254037844387100, 1.000000000000000000 ) ) 
 REPRESENTATION_ITEM ( '' )  );
#2647 = CARTESIAN_POINT ( 'NONE',  ( 1.017788105676672200, -0.5876202367904419500, -0.6666666666666637400 ) ) ;
#2648 = VERTEX_POINT ( 'NONE', #2034 ) ;
#2649 = CARTESIAN_POINT ( 'NONE',  ( -1.836970198721050400E-016, -1.500000000000031800, -2.437499999999996400 ) ) ;
#2650 = APPROVAL_DATE_TIME ( #2529, #2160 ) ;
#2651 = CARTESIAN_POINT ( 'NONE',  ( 1.038180288643459200, -0.5631462490855146900, 4.198051900844818700 ) ) ;
#2652 = CARTESIAN_POINT ( 'NONE',  ( -0.6785254037844487000, -1.175240473580867500, -0.7916666666666638500 ) ) ;
#2653 = ADVANCED_FACE ( 'NONE', ( #3695 ), #2369, .T. ) ;
#2654 = EDGE_LOOP ( 'NONE', ( #1116, #4853, #3008, #512 ) ) ;
#2655 = PERSON_AND_ORGANIZATION ( #465, #474 ) ;
#2656 = CARTESIAN_POINT ( 'NONE',  ( 1.017788105676673100, 0.5876202367904103100, -1.520833333333330200 ) ) ;
#2657 = ORIENTED_EDGE ( 'NONE', *, *, #1189, .T. ) ;
#2658 = CARTESIAN_POINT ( 'NONE',  ( -1.349393537289492700, 0.3153266958577379300, 1.288318736768166100 ) ) ;
#2659 = ORIENTED_EDGE ( 'NONE', *, *, #3522, .F. ) ;
#2660 = ORIENTED_EDGE ( 'NONE', *, *, #4346, .F. ) ;
#2661 = CIRCLE ( 'NONE', #4995, 1.531318301494583300 ) ;
#2662 = CARTESIAN_POINT ( 'NONE',  ( 1.357050807568896700, -1.554514559423420000E-014, -0.1249999999999971800 ) ) ;
#2663 = CARTESIAN_POINT ( 'NONE',  ( 0.0000000000000000000, 1.175240473580837500, -2.499999999999996900 ) ) ;
#2664 = CARTESIAN_POINT ( 'NONE',  ( 1.322475605676674200, 0.7635316469341249000, -2.817708333333329900 ) ) ;
#2665 = LINE ( 'NONE', #538, #19 ) ;
#2666 = CARTESIAN_POINT ( 'NONE',  ( -1.017788105676672700, 0.5876202367904110900, -0.4166666666666636900 ) ) ;
#2667 = CARTESIAN_POINT ( 'NONE',  ( 0.0000000000000000000, 1.175240473580837100, 2.062500000000003100 ) ) ;
#2668 = CARTESIAN_POINT ( 'NONE',  ( 0.8816504037844485900, -1.527063293868297500, -1.911458333333330600 ) ) ;
#2669 = VECTOR ( 'NONE', #746, 1000.000000000000000 ) ;
#2670 = FACE_OUTER_BOUND ( 'NONE', #3446, .T. ) ;
#2671 = AXIS2_PLACEMENT_3D ( 'NONE', #1956, #4663, #430 ) ;
#2672 = CARTESIAN_POINT ( 'NONE',  ( -0.6785254037844482600, 1.175240473580837300, -2.458333333333329900 ) ) ;
#2673 = EDGE_CURVE ( 'NONE', #1555, #4331, #4657, .T. ) ;
#2674 = FACE_OUTER_BOUND ( 'NONE', #4936, .T. ) ;
#2675 = ADVANCED_FACE ( 'NONE', ( #1039 ), #3204, .T. ) ;
#2676 = CARTESIAN_POINT ( 'NONE',  ( 0.6785254037844479200, -1.175240473580867700, 1.354166666666669400 ) ) ;
#2677 = CARTESIAN_POINT ( 'NONE',  ( 0.8816504037844485900, -1.527063293868297500, -2.942708333333329500 ) ) ;
#2678 = ORIENTED_EDGE ( 'NONE', *, *, #1055, .F. ) ;
#2679 = CARTESIAN_POINT ( 'NONE',  ( -0.1867183014945854900, -0.9827792013656203600, 3.406249999999998700 ) ) ;
#2680 = CARTESIAN_POINT ( 'NONE',  ( -0.6785254037844480300, 1.175240473580837500, -0.9583333333333304800 ) ) ;
#2681 = CARTESIAN_POINT ( 'NONE',  ( -0.9039058364399601400, -0.7701366689424580200, -4.250000000000000000 ) ) ;
#2682 = CARTESIAN_POINT ( 'NONE',  ( -1.439254484199210300E-016, -1.175240473580867700, 0.8125000000000028900 ) ) ;
#2683 = CARTESIAN_POINT ( 'NONE',  ( -1.322475605676673800, -0.7635316469341556500, -1.536458333333330600 ) ) ;
#2684 = CARTESIAN_POINT ( 'NONE',  ( 0.0000000000000000000, 1.175240473580837100, 0.5625000000000031100 ) ) ;
#2685 = CARTESIAN_POINT ( 'NONE',  ( 0.6785254037844479200, -1.175240473580867700, -2.208333333333330400 ) ) ;
#2686 = CARTESIAN_POINT ( 'NONE',  ( 0.0000000000000000000, 4.487940763634945000E-016, 4.249999999999998200 ) ) ;
#2687 = CARTESIAN_POINT ( 'NONE',  ( 1.017788105676672200, -0.5876202367904424000, 1.833333333333335700 ) ) ;
#2688 = CARTESIAN_POINT ( 'NONE',  ( -1.322475605676673800, -0.7635316469341555400, -3.036458333333330800 ) ) ;
#2689 = DIRECTION ( 'NONE',  ( 0.0000000000000000000, -1.000000000000000000, -9.480160934557597000E-017 ) ) ;
#2690 = ORIENTED_EDGE ( 'NONE', *, *, #1283, .T. ) ;
#2691 = DIRECTION ( 'NONE',  ( -0.0000000000000000000, -1.224646799147353200E-016, 1.000000000000000000 ) ) ;
#2692 = DIRECTION ( 'NONE',  ( -0.9945218953682732900, 1.130582428830287500E-014, -0.1045284632676538200 ) ) ;
#2693 = CARTESIAN_POINT ( 'NONE',  ( -1.017788105676672700, 0.5876202367904107500, 1.645833333333336400 ) ) ;
#2694 = CARTESIAN_POINT ( 'NONE',  ( 0.6785254037844479200, -1.175240473580867700, -0.7083333333333303700 ) ) ;
#2695 = EDGE_CURVE ( 'NONE', #3746, #4335, #4836, .T. ) ;
#2696 = EDGE_LOOP ( 'NONE', ( #720, #4327 ) ) ;
#2697 = ADVANCED_FACE ( 'NONE', ( #3814 ), #1995, .T. ) ;
#2698 =( BOUNDED_CURVE ( )  B_SPLINE_CURVE ( 2, ( #704, #1493, #3410, #2279, #737, #1894, #4192 ),
 .UNSPECIFIED., .F., .T. ) 
 B_SPLINE_CURVE_WITH_KNOTS ( ( 3, 2, 2, 3 ),
 ( 0.4000000000000000200, 0.4333333333333332900, 0.4666666666666665600, 0.4999999999999998300 ),
 .UNSPECIFIED. ) 
 CURVE ( )  GEOMETRIC_REPRESENTATION_ITEM ( )  RATIONAL_B_SPLINE_CURVE ( ( 1.000000000000000000, 0.8660254037844387100, 1.000000000000000000, 0.8660254037844387100, 1.000000000000000000, 0.8660254037844393700, 0.9999999999999993300 ) ) 
 REPRESENTATION_ITEM ( '' )  );
#2699 = CARTESIAN_POINT ( 'NONE',  ( 0.0000000000000000000, 1.175240473580837500, -2.999999999999996900 ) ) ;
#2700 = CARTESIAN_POINT ( 'NONE',  ( -1.357050807568896700, -1.512856954123890300E-014, -0.8124999999999971100 ) ) ;
#2701 = CARTESIAN_POINT ( 'NONE',  ( 1.015933780865777800, 0.8295679534976234700, 1.063694075969489300 ) ) ;
#2702 = VERTEX_POINT ( 'NONE', #589 ) ;
#2703 = CARTESIAN_POINT ( 'NONE',  ( -1.732050807568896700, -1.538115294356304200E-014, 1.437500000000003100 ) ) ;
#2704 = LINE ( 'NONE', #1882, #1675 ) ;
#2705 = CARTESIAN_POINT ( 'NONE',  ( -0.2283142632703857300, 1.568956015774095200, 3.968834839177243400 ) ) ;
#2706 = EDGE_CURVE ( 'NONE', #877, #3306, #4477, .T. ) ;
#2707 = CARTESIAN_POINT ( 'NONE',  ( -1.017788105676672700, 0.5876202367904113100, -2.416666666666663900 ) ) ;
#2708 = CARTESIAN_POINT ( 'NONE',  ( 1.763300807568898100, -1.534996751062009200E-014, -2.328124999999997800 ) ) ;
#2709 = ORIENTED_EDGE ( 'NONE', *, *, #2860, .F. ) ;
#2710 = FACE_OUTER_BOUND ( 'NONE', #3610, .T. ) ;
#2711 = CARTESIAN_POINT ( 'NONE',  ( 1.017788105676672200, -0.5876202367904416200, -3.604166666666663400 ) ) ;
#2712 = CARTESIAN_POINT ( 'NONE',  ( 0.2866551442409739900, 0.9254976877526286400, 4.147054690030636000 ) ) ;
#2713 = VERTEX_POINT ( 'NONE', #2054 ) ;
#2714 = ORIENTED_EDGE ( 'NONE', *, *, #1994, .T. ) ;
#2715 = VECTOR ( 'NONE', #816, 1000.000000000000100 ) ;
#2716 = CARTESIAN_POINT ( 'NONE',  ( -0.8816504037844494800, -1.527063293868296400, -2.494791666666663900 ) ) ;
#2717 = ORIENTED_EDGE ( 'NONE', *, *, #4998, .T. ) ;
#2718 = CARTESIAN_POINT ( 'NONE',  ( -1.017788105676672700, 0.5876202367904108700, 0.6458333333333363700 ) ) ;
#2719 = CARTESIAN_POINT ( 'NONE',  ( 0.6785254037844479200, -1.175240473580867700, -0.7083333333333303700 ) ) ;
#2720 = FACE_OUTER_BOUND ( 'NONE', #4420, .T. ) ;
#2721 = CARTESIAN_POINT ( 'NONE',  ( 1.732050807568896500, -1.515478942700598400E-014, -3.874999999999996900 ) ) ;
#2722 = CARTESIAN_POINT ( 'NONE',  ( -0.2461404650521790100, -1.543116970613430000, 3.977136521887538300 ) ) ;
#2723 = CARTESIAN_POINT ( 'NONE',  ( -1.899182256117711800E-016, -1.550799999999997300, 1.749999999999997300 ) ) ;
#2724 = CIRCLE ( 'NONE', #3442, 4.606075864237159800 ) ;
#2725 = CARTESIAN_POINT ( 'NONE',  ( -0.6785254037844482600, 1.175240473580837100, 1.541666666666669400 ) ) ;
#2726 = CARTESIAN_POINT ( 'NONE',  ( -0.2062073152952494700, -1.537627275276107100, 3.591675580152611200 ) ) ;
#2727 = CARTESIAN_POINT ( 'NONE',  ( 1.357050807568896700, -1.524663793694203500E-014, -2.562499999999997300 ) ) ;
#2728 = CARTESIAN_POINT ( 'NONE',  ( 0.1474052775258389000, 1.524207146240229800, 3.406249999999998700 ) ) ;
#2729 = DIRECTION ( 'NONE',  ( 0.0000000000000000000, 0.0000000000000000000, 1.000000000000000000 ) ) ;
#2730 = CARTESIAN_POINT ( 'NONE',  ( 1.322475605676673300, -0.7635316469341569800, 0.09895833333333631200 ) ) ;
#2731 = PERSON_AND_ORGANIZATION_ROLE ( 'design_owner' ) ;
#2732 = CARTESIAN_POINT ( 'NONE',  ( -1.870113174931205300E-016, -1.527063293868297100, -0.4531249999999973900 ) ) ;
#2733 = AXIS2_PLACEMENT_3D ( 'NONE', #4062, #2157, #2942 ) ;
#2734 = AXIS2_PLACEMENT_3D ( 'NONE', #2806, #1653, #1619 ) ;
#2735 = CARTESIAN_POINT ( 'NONE',  ( 0.3682059365705827000, 0.5251542044367959500, 3.406249999999998700 ) ) ;
#2736 = CARTESIAN_POINT ( 'NONE',  ( 0.0000000000000000000, 1.175240473580837300, -0.9999999999999970000 ) ) ;
#2737 = ORIENTED_EDGE ( 'NONE', *, *, #1414, .T. ) ;
#2738 = EDGE_CURVE ( 'NONE', #754, #3004, #4360, .T. ) ;
#2739 = DIRECTION ( 'NONE',  ( -0.0000000000000000000, -1.224646799147353200E-016, 1.000000000000000000 ) ) ;
#2740 = CARTESIAN_POINT ( 'NONE',  ( 0.5917109473128501200, -0.4347626794466408200, 4.233624606597339300 ) ) ;
#2741 = DIRECTION ( 'NONE',  ( -0.0000000000000000000, -1.224646799147353200E-016, 1.000000000000000000 ) ) ;
#2742 = CARTESIAN_POINT ( 'NONE',  ( -1.518332637784020900, -0.1659638459673674100, 3.406249999999998700 ) ) ;
#2743 = CARTESIAN_POINT ( 'NONE',  ( 0.0000000000000000000, 1.175240473580837700, -3.937499999999996400 ) ) ;
#2744 = VERTEX_POINT ( 'NONE', #4069 ) ;
#2745 = CARTESIAN_POINT ( 'NONE',  ( 1.017788105676673100, 0.5876202367904104200, -2.020833333333330400 ) ) ;
#2746 = CARTESIAN_POINT ( 'NONE',  ( -1.299038105676672400, 0.7499999999999933400, 0.8958333333333368100 ) ) ;
#2747 = B_SPLINE_CURVE_WITH_KNOTS ( 'NONE', 3,
 ( #1779, #2632, #3109, #4245, #1549, #2681 ),
 .UNSPECIFIED., .F., .F.,
 ( 4, 2, 4 ),
 ( 0.001121523000476422900, 0.001680956724755156400, 0.002240390449033890000 ),
 .UNSPECIFIED. ) ;
#2748 = CARTESIAN_POINT ( 'NONE',  ( -1.301768923426343900, 0.09575103207302199100, 0.6807105361820651200 ) ) ;
#2749 = CARTESIAN_POINT ( 'NONE',  ( 1.357050807568896700, -1.542268091431946500E-014, -1.124999999999997100 ) ) ;
#2750 = EDGE_LOOP ( 'NONE', ( #3197, #2037, #770, #2950 ) ) ;
#2751 = CARTESIAN_POINT ( 'NONE',  ( 1.111630500726514400, -0.5952442769159770300, 0.9461299042002369000 ) ) ;
#2752 = CARTESIAN_POINT ( 'NONE',  ( -1.523740898691712300, 0.1510359517259047800, 3.406249999999998700 ) ) ;
#2753 = DIRECTION ( 'NONE',  ( 0.0000000000000000000, 1.000000000000000000, 1.398248868307333700E-016 ) ) ;
#2754 = AXIS2_PLACEMENT_3D ( 'NONE', #4412, #4456, #2167 ) ;
#2755 = VERTEX_POINT ( 'NONE', #4087 ) ;
#2756 = CARTESIAN_POINT ( 'NONE',  ( 0.0000000000000000000, 1.175240473580837100, 1.500000000000003100 ) ) ;
#2757 = CARTESIAN_POINT ( 'NONE',  ( -1.482736319501099900, -0.1867183014945870100, 3.406249999999998700 ) ) ;
#2758 = CARTESIAN_POINT ( 'NONE',  ( -0.6785254037844482600, 1.175240473580837500, -3.895833333333329900 ) ) ;
#2759 = CARTESIAN_POINT ( 'NONE',  ( 0.1879607210212062300, 1.559594178744796700, 3.782412223762257500 ) ) ;
#2760 = VERTEX_POINT ( 'NONE', #4802 ) ;
#2761 = CARTESIAN_POINT ( 'NONE',  ( -0.8816504037844489200, 1.527063293868266400, -1.192708333333330200 ) ) ;
#2762 = ORIENTED_EDGE ( 'NONE', *, *, #3221, .F. ) ;
#2763 = DATE_TIME_ROLE ( 'creation_date' ) ;
#2764 = AXIS2_PLACEMENT_3D ( 'NONE', #1758, #1700, #2142 ) ;
#2765 = EDGE_CURVE ( 'NONE', #363, #2359, #2253, .T. ) ;
#2766 = ORIENTED_EDGE ( 'NONE', *, *, #1660, .T. ) ;
#2767 = CARTESIAN_POINT ( 'NONE',  ( 1.017788105676673100, 0.5876202367904102000, -1.083333333333330400 ) ) ;
#2768 = CARTESIAN_POINT ( 'NONE',  ( 1.019687511683170500, -0.7341581615092223100, 0.9337842205073189100 ) ) ;
#2769 = CARTESIAN_POINT ( 'NONE',  ( -1.572796539064574000, -0.2470295586469881400, 3.980073281240279900 ) ) ;
#2770 = VERTEX_POINT ( 'NONE', #231 ) ;
#2771 = CARTESIAN_POINT ( 'NONE',  ( -0.2622035415152644800, -1.036004162901805700, 4.124444084471205600 ) ) ;
#2772 = LOCAL_TIME ( 11, 25, 58.00000000000000000, #3683 ) ;
#2773 = EDGE_CURVE ( 'NONE', #2892, #2744, #787, .T. ) ;
#2774 = B_SPLINE_CURVE_WITH_KNOTS ( 'NONE', 3,
 ( #1290, #2066, #936, #3970, #1682, #2845, #529, #136, #3576, #3639, #3231, #2473, #3588, #4367, #2863, #4002, #919, #1306, #1327, #4383, #551, #3955 ),
 .UNSPECIFIED., .F., .F.,
 ( 4, 2, 2, 2, 2, 2, 2, 2, 2, 2, 4 ),
 ( 0.004306731403096034300, 0.004815192723950441500, 0.005069423384377645100, 0.005323654044804848800, 0.005832115365659256900, 0.006086346026086460500, 0.006340576686513664200, 0.006849038007368071400, 0.007357499328222478700, 0.007865960649076886000, 0.008374421969931293200 ),
 .UNSPECIFIED. ) ;
#2775 = CARTESIAN_POINT ( 'NONE',  ( 0.0000000000000000000, 4.487940763634945000E-016, 4.249999999999998200 ) ) ;
#2776 = CARTESIAN_POINT ( 'NONE',  ( 0.1843326785565875800, -1.495966003080825500, 3.406249999999998700 ) ) ;
#2777 = ORIENTED_EDGE ( 'NONE', *, *, #3522, .T. ) ;
#2778 = ORIENTED_EDGE ( 'NONE', *, *, #4911, .T. ) ;
#2779 = CARTESIAN_POINT ( 'NONE',  ( -0.6785254037844482600, 1.175240473580837500, -4.395833333333330400 ) ) ;
#2780 = CIRCLE ( 'NONE', #915, 1.590263637062383300 ) ;
#2781 = CARTESIAN_POINT ( 'NONE',  ( -1.836970198721050400E-016, -1.500000000000031800, -2.499999999999997800 ) ) ;
#2782 = ORIENTED_EDGE ( 'NONE', *, *, #4759, .T. ) ;
#2783 = CARTESIAN_POINT ( 'NONE',  ( 1.322475605676673300, -0.7635316469341567600, -1.401041666666663400 ) ) ;
#2784 = PERSON_AND_ORGANIZATION_ROLE ( 'creator' ) ;
#2785 = CARTESIAN_POINT ( 'NONE',  ( 1.763300807568898100, -1.559489687044956200E-014, -0.3281249999999972200 ) ) ;
#2786 = FACE_OUTER_BOUND ( 'NONE', #274, .T. ) ;
#2787 = CARTESIAN_POINT ( 'NONE',  ( 1.560644815424479600, -0.2372923498678637900, 3.971354974855261700 ) ) ;
#2788 = CARTESIAN_POINT ( 'NONE',  ( -1.017788105676672700, 0.5876202367904113100, -2.416666666666663900 ) ) ;
#2789 = CARTESIAN_POINT ( 'NONE',  ( 1.017788105676673100, 0.5876202367904103100, -1.583333333333330200 ) ) ;
#2790 = FACE_OUTER_BOUND ( 'NONE', #1511, .T. ) ;
#2791 = CARTESIAN_POINT ( 'NONE',  ( 0.0000000000000000000, 1.500000000000002000, -3.249999999999997800 ) ) ;
#2792 = CARTESIAN_POINT ( 'NONE',  ( -1.523339158636661100, 0.1528188066165059600, 3.406249999999998700 ) ) ;
#2793 = CARTESIAN_POINT ( 'NONE',  ( 0.2984565662742190700, -1.467411409966221400, 1.583302950868946700 ) ) ;
#2794 = B_SPLINE_CURVE_WITH_KNOTS ( 'NONE', 3,
 ( #3164, #4359, #2793, #94, #519, #473 ),
 .UNSPECIFIED., .F., .F.,
 ( 4, 2, 4 ),
 ( 0.01722038355601417800, 0.01766570552479590800, 0.01811102749357763900 ),
 .UNSPECIFIED. ) ;
#2795 = CARTESIAN_POINT ( 'NONE',  ( -0.2473912189818601700, 1.535008919672473000, 3.983514249475045500 ) ) ;
#2796 = FACE_OUTER_BOUND ( 'NONE', #2277, .T. ) ;
#2797 = CARTESIAN_POINT ( 'NONE',  ( 0.0000000000000000000, 1.500000000000001300, 1.250000000000002700 ) ) ;
#2798 = CARTESIAN_POINT ( 'NONE',  ( -1.420490431240682100, -0.2494841088402503500, -4.007495894722194600 ) ) ;
#2799 = AXIS2_PLACEMENT_3D ( 'NONE', #3505, #1923, #396 ) ;
#2800 = CARTESIAN_POINT ( 'NONE',  ( 0.0000000000000000000, 4.487940763634945000E-016, 4.249999999999998200 ) ) ;
#2801 = CARTESIAN_POINT ( 'NONE',  ( -0.8816504037844494800, -1.527063293868296600, -0.5260416666666636300 ) ) ;
#2802 = ORIENTED_EDGE ( 'NONE', *, *, #2476, .F. ) ;
#2803 = CARTESIAN_POINT ( 'NONE',  ( 0.2219105846160806300, 1.572391632816121800, 3.967918235608000300 ) ) ;
#2804 = CARTESIAN_POINT ( 'NONE',  ( -1.038950252870097100, -0.5670171206496050800, 4.234880783661077800 ) ) ;
#2805 = EDGE_CURVE ( 'NONE', #4466, #3313, #4168, .T. ) ;
#2806 = CARTESIAN_POINT ( 'NONE',  ( 0.5818846813168249100, 0.2410245267385781300, 4.249999999999998200 ) ) ;
#2807 = CARTESIAN_POINT ( 'NONE',  ( -1.490734877733621100, 0.1858814171829836500, 3.406249999999998700 ) ) ;
#2808 = CARTESIAN_POINT ( 'NONE',  ( 0.8660254037844485900, -1.500000000000031500, -0.3958333333333297100 ) ) ;
#2809 = CARTESIAN_POINT ( 'NONE',  ( -0.6977527703843887700, -1.262104204648187000, 1.419888706870004800 ) ) ;
#2810 = DIRECTION ( 'NONE',  ( 0.0000000000000000000, -1.000000000000000000, -1.224646799147353200E-016 ) ) ;
#2811 = CARTESIAN_POINT ( 'NONE',  ( 1.357050807568896700, -1.549156729677150500E-014, -0.5624999999999970000 ) ) ;
#2812 = CARTESIAN_POINT ( 'NONE',  ( 0.8515856375093156000, -0.8909938178238217000, -4.215414846470328500 ) ) ;
#2813 = ORIENTED_EDGE ( 'NONE', *, *, #4125, .T. ) ;
#2814 = CARTESIAN_POINT ( 'NONE',  ( 0.2622035415152645900, 1.036004162901804400, 4.124444084471207400 ) ) ;
#2815 = ORIENTED_EDGE ( 'NONE', *, *, #2609, .F. ) ;
#2816 = CARTESIAN_POINT ( 'NONE',  ( 0.6785254037844491400, 1.175240473580836800, -1.479166666666663900 ) ) ;
#2817 = B_SPLINE_CURVE_WITH_KNOTS ( 'NONE', 3,
 ( #3651, #1770, #222, #974, #2172, #931, #3318, #4418, #1322, #1011 ),
 .UNSPECIFIED., .F., .F.,
 ( 4, 2, 2, 2, 4 ),
 ( 6.087030402960928400E-015, 0.0005142363715601402400, 0.001028472743114193300, 0.001542709114668246200, 0.002056945486222299500 ),
 .UNSPECIFIED. ) ;
#2818 = AXIS2_PLACEMENT_3D ( 'NONE', #1174, #1917, #4638 ) ;
#2819 = CARTESIAN_POINT ( 'NONE',  ( -1.480908766186229900, 0.1867183014946003400, 3.406249999999998700 ) ) ;
#2820 = ADVANCED_FACE ( 'NONE', ( #1634 ), #1513, .F. ) ;
#2821 = ORIENTED_EDGE ( 'NONE', *, *, #1755, .F. ) ;
#2822 = CARTESIAN_POINT ( 'NONE',  ( -0.8789505382662460300, 1.075435499540595900, -4.060967812864821400 ) ) ;
#2823 = CARTESIAN_POINT ( 'NONE',  ( 0.2470292989821757700, 1.534691860997136500, 3.980070810694635000 ) ) ;
#2824 = CARTESIAN_POINT ( 'NONE',  ( -0.6785254037844482600, 1.175240473580837300, -0.8958333333333301500 ) ) ;
#2825 = VERTEX_POINT ( 'NONE', #1753 ) ;
#2826 = CARTESIAN_POINT ( 'NONE',  ( -0.8660254037844482600, 1.500000000000002200, 0.8541666666666701800 ) ) ;
#2827 = EDGE_CURVE ( 'NONE', #171, #3825, #3789, .T. ) ;
#2828 = ORIENTED_EDGE ( 'NONE', *, *, #701, .F. ) ;
#2829 = EDGE_LOOP ( 'NONE', ( #3728, #1986, #1179, #4725 ) ) ;
#2830 = CARTESIAN_POINT ( 'NONE',  ( 0.05496445076863231600, 0.1326959224940223700, -0.3758688603731162900 ) ) ;
#2831 = VERTEX_POINT ( 'NONE', #2493 ) ;
#2832 = CARTESIAN_POINT ( 'NONE',  ( -0.9254976877526260900, 0.2866551442409829300, 4.147054690030636000 ) ) ;
#2833 = CONICAL_SURFACE ( 'NONE', #3671, 1.187500000000004700, 0.7853981633974402900 ) ;
#2834 = CARTESIAN_POINT ( 'NONE',  ( 0.9761820239609083600, -1.127085716550241500, -3.949353911990098900 ) ) ;
#2835 = CARTESIAN_POINT ( 'NONE',  ( 3.629853112672752800E-016, 2.963999999999999500, 2.316076999219320400 ) ) ;
#2836 = AXIS2_PLACEMENT_3D ( 'NONE', #1078, #623, #674 ) ;
#2837 = VERTEX_POINT ( 'NONE', #187 ) ;
#2838 = LINE ( 'NONE', #2387, #425 ) ;
#2839 = CARTESIAN_POINT ( 'NONE',  ( -0.8660254037844493700, 1.499999999999999800, -1.708333333333330600 ) ) ;
#2840 = CARTESIAN_POINT ( 'NONE',  ( 0.2473912189711456600, -1.535008919663077800, 3.983514249373000900 ) ) ;
#2841 = LINE ( 'NONE', #3102, #4232 ) ;
#2842 = CARTESIAN_POINT ( 'NONE',  ( -1.299038105676672400, -0.7500000000000229800, -2.583333333333330800 ) ) ;
#2843 = CARTESIAN_POINT ( 'NONE',  ( -1.017788105676672700, 0.5876202367904110900, -0.8541666666666636300 ) ) ;
#2844 = CARTESIAN_POINT ( 'NONE',  ( 1.732050807568896700, -1.577476686907432900E-014, 1.187500000000003600 ) ) ;
#2845 = CARTESIAN_POINT ( 'NONE',  ( -0.7940998652204960300, 1.002625894211926400, 0.9955538422463793300 ) ) ;
#2846 = CYLINDRICAL_SURFACE ( 'NONE', #3857, 1.500000000000000400 ) ;
#2847 = CARTESIAN_POINT ( 'NONE',  ( 1.357050807568896700, -1.530787027689940300E-014, -2.062499999999996900 ) ) ;
#2848 = DIRECTION ( 'NONE',  ( -0.0000000000000000000, -1.224646799147353200E-016, 1.000000000000000000 ) ) ;
#2849 = CARTESIAN_POINT ( 'NONE',  ( -1.357050807568896700, -1.493721847887212700E-014, -2.374999999999997300 ) ) ;
#2850 = CARTESIAN_POINT ( 'NONE',  ( 0.0000000000000000000, 4.487940763634945000E-016, 4.249999999999998200 ) ) ;
#2851 = CARTESIAN_POINT ( 'NONE',  ( 0.1771724077350073600, 1.508146100628094100, 3.406249999999998700 ) ) ;
#2852 = CARTESIAN_POINT ( 'NONE',  ( 1.568956015774093200, 0.2283142632704012200, 3.968834839177242600 ) ) ;
#2853 = ADVANCED_FACE ( 'NONE', ( #2786 ), #4115, .T. ) ;
#2854 = DIRECTION ( 'NONE',  ( 1.000000000000000000, 0.0000000000000000000, 0.0000000000000000000 ) ) ;
#2855 = ORIENTED_EDGE ( 'NONE', *, *, #1121, .F. ) ;
#2856 = CARTESIAN_POINT ( 'NONE',  ( 0.8660254037844489200, 1.500000000000001100, -0.2291666666666631900 ) ) ;
#2857 = CARTESIAN_POINT ( 'NONE',  ( -1.299038105676672400, 0.7499999999999934500, -1.104166666666663000 ) ) ;
#2858 = CARTESIAN_POINT ( 'NONE',  ( 0.1470339074214118100, -1.523879528098137600, 3.402807630290146000 ) ) ;
#2859 = AXIS2_PLACEMENT_3D ( 'NONE', #4833, #996, #3727 ) ;
#2860 = EDGE_CURVE ( 'NONE', #4104, #1752, #2050, .T. ) ;
#2861 =( BOUNDED_CURVE ( )  B_SPLINE_CURVE ( 2, ( #3334, #990, #575, #2151, #2557, #2949, #2935 ),
 .UNSPECIFIED., .F., .T. ) 
 B_SPLINE_CURVE_WITH_KNOTS ( ( 3, 2, 2, 3 ),
 ( 0.6000000000000000900, 0.6333333333333334100, 0.6666666666666668500, 0.7000000000000001800 ),
 .UNSPECIFIED. ) 
 CURVE ( )  GEOMETRIC_REPRESENTATION_ITEM ( )  RATIONAL_B_SPLINE_CURVE ( ( 0.9999999999999995600, 0.8660254037844391500, 1.000000000000000000, 0.8660254037844387100, 1.000000000000000000, 0.8660254037844378200, 1.000000000000000900 ) ) 
 REPRESENTATION_ITEM ( '' )  );
#2862 = CARTESIAN_POINT ( 'NONE',  ( 1.299038105676673100, 0.7499999999999920100, 1.229166666666669800 ) ) ;
#2863 = CARTESIAN_POINT ( 'NONE',  ( -1.262442460871881600, -0.3703086561052563700, 1.073915949782443300 ) ) ;
#2864 = DIRECTION ( 'NONE',  ( 0.0000000000000000000, -1.000000000000000000, -1.224646799147353200E-016 ) ) ;
#2865 = B_SPLINE_CURVE_WITH_KNOTS ( 'NONE', 3,
 ( #1349, #1742, #2108, #4430, #4803, #2889, #218, #2787, #2133, #467, #4824, #2005, #3174, #3684, #3294, #989 ),
 .UNSPECIFIED., .F., .F.,
 ( 4, 3, 3, 3, 3, 4 ),
 ( 2.710505431213761100E-020, 1.470844003612265800E-005, 2.939417830357433500E-005, 4.442267351837460600E-005, 5.988482598158415900E-005, 6.364891938351263700E-005 ),
 .UNSPECIFIED. ) ;
#2866 = CARTESIAN_POINT ( 'NONE',  ( -1.299038105676672400, 0.7499999999999936700, -3.604166666666663000 ) ) ;
#2867 = CARTESIAN_POINT ( 'NONE',  ( 1.017788105676672200, -0.5876202367904417300, -2.604166666666663400 ) ) ;
#2868 = CARTESIAN_POINT ( 'NONE',  ( -1.519732609479224300, 0.1859679960769011800, 3.399111320804028700 ) ) ;
#2869 = CARTESIAN_POINT ( 'NONE',  ( 0.6785254037844479200, -1.175240473580867700, 0.2916666666666692900 ) ) ;
#2870 = CARTESIAN_POINT ( 'NONE',  ( 0.1867183014945835700, -1.020989215107069600, 3.406249999999998700 ) ) ;
#2871 = EDGE_CURVE ( 'NONE', #845, #1903, #4806, .T. ) ;
#2872 = CARTESIAN_POINT ( 'NONE',  ( -1.763300807568898100, -1.525103422115363800E-014, 0.3906250000000031600 ) ) ;
#2873 = DIRECTION ( 'NONE',  ( -0.0000000000000000000, -1.224646799147353200E-016, 1.000000000000000000 ) ) ;
#2874 = CARTESIAN_POINT ( 'NONE',  ( -1.357050807568896700, -1.518980188119627000E-014, -0.3124999999999972200 ) ) ;
#2875 = EDGE_LOOP ( 'NONE', ( #1744, #810, #3533, #2455 ) ) ;
#2876 = CARTESIAN_POINT ( 'NONE',  ( -1.299038105676672400, -0.7500000000000232000, -1.020833333333329700 ) ) ;
#2877 = CARTESIAN_POINT ( 'NONE',  ( 0.2866551442409723800, -0.9254976877526303000, 4.147054690030634200 ) ) ;
#2878 = DIRECTION ( 'NONE',  ( 0.1045284632676537100, 0.0000000000000000000, 0.9945218953682734000 ) ) ;
#2879 = CARTESIAN_POINT ( 'NONE',  ( 0.8660254037844529200, -1.500000000000024000, -0.4583333333333303200 ) ) ;
#2880 = VERTEX_POINT ( 'NONE', #4042 ) ;
#2881 = CARTESIAN_POINT ( 'NONE',  ( 1.515250468763448300, -0.1704000625668497200, 3.406249999999998700 ) ) ;
#2882 = CARTESIAN_POINT ( 'NONE',  ( -1.299038105676672400, -0.7500000000000228700, -3.083333333333331300 ) ) ;
#2883 = CARTESIAN_POINT ( 'NONE',  ( -1.357050807568896700, -1.469228911904265700E-014, -4.374999999999997300 ) ) ;
#2884 = EDGE_LOOP ( 'NONE', ( #1135, #1620, #3425, #1504 ) ) ;
#2885 = CARTESIAN_POINT ( 'NONE',  ( 1.357050807568896700, -1.512417325702730000E-014, -3.562499999999996400 ) ) ;
#2886 = CARTESIAN_POINT ( 'NONE',  ( -1.542301010129197000, 0.1679132514440270500, 3.596344940910944000 ) ) ;
#2887 = CARTESIAN_POINT ( 'NONE',  ( -1.439254484199210300E-016, -1.175240473580867700, -0.2499999999999973900 ) ) ;
#2888 = CARTESIAN_POINT ( 'NONE',  ( 0.2078487863861424600, -1.576622122564785600, 3.967077405468491400 ) ) ;
#2889 = CARTESIAN_POINT ( 'NONE',  ( 1.567404313149282700, -0.2303456307747421500, 3.969288913115501100 ) ) ;
#2890 = CARTESIAN_POINT ( 'NONE',  ( -1.836970198721050400E-016, -1.500000000000032000, -0.4999999999999973900 ) ) ;
#2891 = CARTESIAN_POINT ( 'NONE',  ( 1.558176212289527700, 0.2392183543293089100, 3.972137828681203200 ) ) ;
#2892 = VERTEX_POINT ( 'NONE', #2507 ) ;
#2893 = LOCAL_TIME ( 11, 25, 58.00000000000000000, #714 ) ;
#2894 = CARTESIAN_POINT ( 'NONE',  ( 0.0000000000000000000, 1.500000000000001800, -0.7499999999999974500 ) ) ;
#2895 = UNCERTAINTY_MEASURE_WITH_UNIT (LENGTH_MEASURE( 1.000000000000000100E-005 ), #3031, 'distance_accuracy_value', 'NONE');
#2896 = CARTESIAN_POINT ( 'NONE',  ( -1.836970198721050400E-016, -1.500000000000032000, -0.9374999999999963400 ) ) ;
#2897 = ORIENTED_EDGE ( 'NONE', *, *, #4099, .T. ) ;
#2898 = CARTESIAN_POINT ( 'NONE',  ( -0.1474052775258726800, -1.524207146240227600, 3.406249999999998700 ) ) ;
#2899 = DATE_AND_TIME ( #4382, #2772 ) ;
#2900 = CARTESIAN_POINT ( 'NONE',  ( 1.732050807568896500, -1.521602176696335100E-014, -3.374999999999997300 ) ) ;
#2901 = CARTESIAN_POINT ( 'NONE',  ( 1.017788105676673100, 0.5876202367904105300, -3.520833333333330400 ) ) ;
#2902 = ORIENTED_EDGE ( 'NONE', *, *, #3956, .F. ) ;
#2903 = CARTESIAN_POINT ( 'NONE',  ( 1.299038105676672200, -0.7500000000000245400, 1.145833333333336800 ) ) ;
#2904 = CARTESIAN_POINT ( 'NONE',  ( -0.5631462490855107000, -1.038180288643461700, 4.198051900844817800 ) ) ;
#2905 = EDGE_LOOP ( 'NONE', ( #3994, #296, #4933, #4938 ) ) ;
#2906 = SPHERICAL_SURFACE ( 'NONE', #3449, 4.610772840853451600 ) ;
#2907 = EDGE_CURVE ( 'NONE', #1483, #1389, #1107, .T. ) ;
#2908 = CARTESIAN_POINT ( 'NONE',  ( 1.017788105676673100, 0.5876202367904104200, -3.020833333333330400 ) ) ;
#2909 = CARTESIAN_POINT ( 'NONE',  ( -1.560372602834604300, 0.1887742632592976900, 3.789916515708307500 ) ) ;
#2910 = CARTESIAN_POINT ( 'NONE',  ( -1.017788105676672700, 0.5876202367904108700, 0.08333333333333618800 ) ) ;
#2911 = CARTESIAN_POINT ( 'NONE',  ( 1.299038105676672200, -0.7500000000000244200, 0.1458333333333364800 ) ) ;
#2912 = CARTESIAN_POINT ( 'NONE',  ( 0.8816504037844485900, -1.527063293868297500, 0.05729166666666957200 ) ) ;
#2913 = VECTOR ( 'NONE', #3694, 999.9999999999998900 ) ;
#2914 = CARTESIAN_POINT ( 'NONE',  ( -0.2078487863861317500, 1.576622122564786100, 3.967077405468494100 ) ) ;
#2915 = ADVANCED_FACE ( 'NONE', ( #1098 ), #1356, .T. ) ;
#2916 = CARTESIAN_POINT ( 'NONE',  ( -1.439254484199210300E-016, -1.175240473580867700, -0.1874999999999971400 ) ) ;
#2917 = CARTESIAN_POINT ( 'NONE',  ( 1.732050807568896500, -1.539971878683545400E-014, -1.874999999999997600 ) ) ;
#2918 = LINE ( 'NONE', #1223, #4594 ) ;
#2919 = DIRECTION ( 'NONE',  ( -0.3805870524817662700, 0.9188184237650788300, 0.1045284632676538300 ) ) ;
#2920 = FACE_OUTER_BOUND ( 'NONE', #777, .T. ) ;
#2921 = CARTESIAN_POINT ( 'NONE',  ( -0.1802249924001037600, -1.504338258009482600, 3.406249999999998700 ) ) ;
#2922 = CARTESIAN_POINT ( 'NONE',  ( 0.2754000000000001400, 2.425680116754332300E-017, 4.249999999999998200 ) ) ;
#2923 = CARTESIAN_POINT ( 'NONE',  ( -1.017788105676672700, 0.5876202367904115300, -4.354166666666663400 ) ) ;
#2924 = CIRCLE ( 'NONE', #3248, 1.590263637062380800 ) ;
#2925 = CARTESIAN_POINT ( 'NONE',  ( 0.6785254037844491400, 1.175240473580836800, 0.02083333333333640300 ) ) ;
#2926 = CARTESIAN_POINT ( 'NONE',  ( -1.732050807568896700, -1.525868826364831000E-014, 0.4375000000000032800 ) ) ;
#2927 = CARTESIAN_POINT ( 'NONE',  ( -0.4531220514732847100, 0.3980426312550055500, 3.406249999999998700 ) ) ;
#2928 = CARTESIAN_POINT ( 'NONE',  ( -1.439254484199210300E-016, -1.175240473580867500, -2.687499999999997300 ) ) ;
#2929 = PLANE ( 'NONE',  #1436 ) ;
#2930 = CARTESIAN_POINT ( 'NONE',  ( 1.017788105676672200, -0.5876202367904422900, 0.8333333333333360300 ) ) ;
#2931 = CARTESIAN_POINT ( 'NONE',  ( -1.542129141224536800, -0.1678133101362542500, 3.595469755425365400 ) ) ;
#2932 = CARTESIAN_POINT ( 'NONE',  ( 1.763300807568898100, -1.571353452911696100E-014, 0.6406250000000031100 ) ) ;
#2933 = AXIS2_PLACEMENT_3D ( 'NONE', #4308, #1244, #4701 ) ;
#2934 = ORIENTED_EDGE ( 'NONE', *, *, #1797, .F. ) ;
#2935 = CARTESIAN_POINT ( 'NONE',  ( -1.836970198721050400E-016, -1.500000000000032200, 1.500000000000002400 ) ) ;
#2936 = CARTESIAN_POINT ( 'NONE',  ( 0.0000000000000000000, -1.500000000000000000, 4.249999999999998200 ) ) ;
#2937 = CARTESIAN_POINT ( 'NONE',  ( -1.017788105676672700, -0.5876202367904411700, -0.7708333333333303700 ) ) ;
#2938 = CARTESIAN_POINT ( 'NONE',  ( 0.8660254037844472600, 1.500000000000004000, -0.7916666666666640800 ) ) ;
#2939 = EDGE_LOOP ( 'NONE', ( #665, #3846, #3262, #1809 ) ) ;
#2940 = DIRECTION ( 'NONE',  ( -0.0000000000000000000, -1.224646799147353200E-016, 1.000000000000000000 ) ) ;
#2941 = EDGE_CURVE ( 'NONE', #997, #596, #1486, .T. ) ;
#2942 = DIRECTION ( 'NONE',  ( 1.000000000000000000, 0.0000000000000000000, 0.0000000000000000000 ) ) ;
#2943 = CARTESIAN_POINT ( 'NONE',  ( -1.017788105676672700, 0.5876202367904108700, 0.1458333333333363100 ) ) ;
#2944 = CARTESIAN_POINT ( 'NONE',  ( 0.0000000000000000000, 1.527063293868267100, -4.234374999999996400 ) ) ;
#2945 = CARTESIAN_POINT ( 'NONE',  ( -1.299038105676672400, -0.7500000000000232000, -1.083333333333330800 ) ) ;
#2946 = DIRECTION ( 'NONE',  ( 0.0000000000000000000, -1.000000000000000000, 0.0000000000000000000 ) ) ;
#2947 = CARTESIAN_POINT ( 'NONE',  ( 0.6785254037844479200, -1.175240473580867700, 0.7916666666666691800 ) ) ;
#2948 = CARTESIAN_POINT ( 'NONE',  ( 1.322475605676674200, 0.7635316469341243400, 1.682291666666669800 ) ) ;
#2949 = CARTESIAN_POINT ( 'NONE',  ( -0.8660254037844451500, -1.500000000000037500, 1.458333333333335500 ) ) ;
#2950 = ORIENTED_EDGE ( 'NONE', *, *, #4651, .F. ) ;
#2951 = CARTESIAN_POINT ( 'NONE',  ( -0.1979066122514364100, 1.568143934809865800, 3.874741344396804200 ) ) ;
#2952 = CARTESIAN_POINT ( 'NONE',  ( 8.694123914659983200E-017, 0.7099290930832611300, 2.720538499609658900 ) ) ;
#2953 = ORIENTED_EDGE ( 'NONE', *, *, #3212, .F. ) ;
#2954 = CARTESIAN_POINT ( 'NONE',  ( 1.524207146240230000, 0.1474052775258398500, 3.406249999999998700 ) ) ;
#2955 = CARTESIAN_POINT ( 'NONE',  ( 1.017788105676673100, 0.5876202367904106400, -4.083333333333330400 ) ) ;
#2956 = ORIENTED_EDGE ( 'NONE', *, *, #383, .T. ) ;
#2957 = CARTESIAN_POINT ( 'NONE',  ( 1.017788105676673100, 0.5876202367904100900, -0.02083333333333033500 ) ) ;
#2958 = DIRECTION ( 'NONE',  ( -0.0000000000000000000, -1.224646799147353200E-016, 1.000000000000000000 ) ) ;
#2959 = CARTESIAN_POINT ( 'NONE',  ( -1.299038105676672400, 0.7499999999999937800, -3.666666666666663900 ) ) ;
#2960 = ORIENTED_EDGE ( 'NONE', *, *, #2941, .T. ) ;
#2961 = CARTESIAN_POINT ( 'NONE',  ( -1.322475605676673500, 0.7635316469341257900, 1.380208333333336100 ) ) ;
#2962 = LINE ( 'NONE', #3660, #1563 ) ;
#2963 = CARTESIAN_POINT ( 'NONE',  ( 0.8816504037844485900, -1.527063293868297800, 1.557291666666669400 ) ) ;
#2964 = CARTESIAN_POINT ( 'NONE',  ( -1.439254484199210300E-016, -1.175240473580867500, -2.249999999999996900 ) ) ;
#2965 =( BOUNDED_CURVE ( )  B_SPLINE_CURVE ( 2, ( #1266, #3732, #1719, #2102, #4505, #4996, #631 ),
 .UNSPECIFIED., .F., .F. ) 
 B_SPLINE_CURVE_WITH_KNOTS ( ( 3, 2, 2, 3 ),
 ( 0.6999999999999998400, 0.7333333333333332800, 0.7666666666666666100, 0.8000000000000000400 ),
 .UNSPECIFIED. ) 
 CURVE ( )  GEOMETRIC_REPRESENTATION_ITEM ( )  RATIONAL_B_SPLINE_CURVE ( ( 1.000000000000000400, 0.8660254037844382600, 1.000000000000000000, 0.8660254037844387100, 1.000000000000000000, 0.8660254037844387100, 1.000000000000000000 ) ) 
 REPRESENTATION_ITEM ( '' )  );
#2966 = VERTEX_POINT ( 'NONE', #3215 ) ;
#2967 = CARTESIAN_POINT ( 'NONE',  ( -1.357050807568896700, -1.525103422115363800E-014, 0.1875000000000030000 ) ) ;
#2968 = ORIENTED_EDGE ( 'NONE', *, *, #2765, .T. ) ;
#2969 = CIRCLE ( 'NONE', #1087, 0.6875000000000006700 ) ;
#2970 = CARTESIAN_POINT ( 'NONE',  ( -1.552342565972938400, 0.2424234256959079100, 3.974050065620838600 ) ) ;
#2971 = EDGE_CURVE ( 'NONE', #2542, #3323, #1814, .T. ) ;
#2972 = CARTESIAN_POINT ( 'NONE',  ( 1.357050807568896700, -1.560637793419156800E-014, 0.3750000000000028300 ) ) ;
#2973 = ORIENTED_EDGE ( 'NONE', *, *, #670, .F. ) ;
#2974 = SECURITY_CLASSIFICATION ( '', '', #2378 ) ;
#2975 = FACE_OUTER_BOUND ( 'NONE', #2214, .T. ) ;
#2976 = CARTESIAN_POINT ( 'NONE',  ( -1.439254484199210300E-016, -1.175240473580867500, -2.687499999999997300 ) ) ;
#2977 = ORIENTED_EDGE ( 'NONE', *, *, #4223, .T. ) ;
#2978 = CARTESIAN_POINT ( 'NONE',  ( 0.0000000000000000000, 1.175240473580837300, -0.4374999999999968900 ) ) ;
#2979 = CARTESIAN_POINT ( 'NONE',  ( -1.870113174931205300E-016, -1.527063293868296600, -4.453124999999997300 ) ) ;
#2980 = EDGE_CURVE ( 'NONE', #4467, #3662, #3150, .T. ) ;
#2981 = CARTESIAN_POINT ( 'NONE',  ( 1.482736319501099900, 0.1867183014945862100, 3.406249999999998700 ) ) ;
#2982 = CIRCLE ( 'NONE', #912, 1.590263637062380800 ) ;
#2983 = CARTESIAN_POINT ( 'NONE',  ( 1.322475605676674200, 0.7635316469341244500, 0.7135416666666692900 ) ) ;
#2984 = CARTESIAN_POINT ( 'NONE',  ( -1.763300807568898100, -1.543473124102574000E-014, 1.890625000000002700 ) ) ;
#2985 = CARTESIAN_POINT ( 'NONE',  ( -1.489937050857381000, -0.1966618281293700000, 3.500856336363592700 ) ) ;
#2986 = CIRCLE ( 'NONE', #2818, 0.1499999999999995200 ) ;
#2987 = CARTESIAN_POINT ( 'NONE',  ( -1.558176212289528200, -0.2392183543293097700, 3.972137828681202400 ) ) ;
#2988 = ORIENTED_EDGE ( 'NONE', *, *, #1913, .F. ) ;
#2989 = CARTESIAN_POINT ( 'NONE',  ( 1.017788105676673100, 0.5876202367904103100, -2.020833333333330400 ) ) ;
#2990 = ADVANCED_FACE ( 'NONE', ( #484 ), #1800, .T. ) ;
#2991 = CARTESIAN_POINT ( 'NONE',  ( 0.2410245267385764100, 0.5818846813168249100, 4.249999999999998200 ) ) ;
#2992 = CARTESIAN_POINT ( 'NONE',  ( -0.8816504037844494800, -1.527063293868296200, -3.994791666666663900 ) ) ;
#2993 = CARTESIAN_POINT ( 'NONE',  ( 1.480908766186231900, 0.1867183014945862600, 3.406249999999998700 ) ) ;
#2994 = CARTESIAN_POINT ( 'NONE',  ( 0.9827792013656193600, -0.1867183014945891500, 3.406249999999998700 ) ) ;
#2995 = CARTESIAN_POINT ( 'NONE',  ( 0.4531220514732884300, 0.3980426312550012200, 3.406249999999998700 ) ) ;
#2996 = CARTESIAN_POINT ( 'NONE',  ( 1.763300807568898100, -1.559489687044956200E-014, -0.3281249999999973400 ) ) ;
#2997 = CARTESIAN_POINT ( 'NONE',  ( 1.322475605676674200, 0.7635316469341243400, 1.182291666666669800 ) ) ;
#2998 = CARTESIAN_POINT ( 'NONE',  ( -1.534691860997137400, -0.2470292989821774000, 3.980070810694633600 ) ) ;
#2999 = ORIENTED_EDGE ( 'NONE', *, *, #1407, .F. ) ;
#3000 = CARTESIAN_POINT ( 'NONE',  ( 0.0000000000000000000, 1.175240473580837300, 3.035766082959412400E-015 ) ) ;
#3001 = AXIS2_PLACEMENT_3D ( 'NONE', #2922, #2489, #2878 ) ;
#3002 = EDGE_CURVE ( 'NONE', #3861, #4608, #4218, .T. ) ;
#3003 = CARTESIAN_POINT ( 'NONE',  ( 1.017788105676673100, 0.5876202367904104200, -3.083333333333330400 ) ) ;
#3004 = VERTEX_POINT ( 'NONE', #621 ) ;
#3005 = CARTESIAN_POINT ( 'NONE',  ( -1.357050807568896700, -1.537349890106837300E-014, 1.187500000000002900 ) ) ;
#3006 = CARTESIAN_POINT ( 'NONE',  ( -1.357050807568896700, -1.493721847887212700E-014, -2.374999999999997300 ) ) ;
#3007 = CARTESIAN_POINT ( 'NONE',  ( 1.520380694806617200, 0.1615340143260620400, 3.406249999999998700 ) ) ;
#3008 = ORIENTED_EDGE ( 'NONE', *, *, #1660, .F. ) ;
#3009 = CARTESIAN_POINT ( 'NONE',  ( 0.0000000000000000000, 1.500000000000001800, -1.249999999999997300 ) ) ;
#3010 = CARTESIAN_POINT ( 'NONE',  ( -8.016931643516440000E-012, -1.218713188295136100, 0.8375989835422146300 ) ) ;
#3011 = CARTESIAN_POINT ( 'NONE',  ( 1.322475605676673300, -0.7635316469341569800, 1.130208333333335900 ) ) ;
#3012 = CARTESIAN_POINT ( 'NONE',  ( 1.322475605676673300, -0.7635316469341572000, 2.098958333333335700 ) ) ;
#3013 = CARTESIAN_POINT ( 'NONE',  ( -0.6785254037844482600, 1.175240473580837300, -2.458333333333329900 ) ) ;
#3014 = ORIENTED_EDGE ( 'NONE', *, *, #4796, .T. ) ;
#3015 = ADVANCED_FACE ( 'NONE', ( #3517 ), #429, .T. ) ;
#3016 = ORIENTED_EDGE ( 'NONE', *, *, #3002, .T. ) ;
#3017 = CARTESIAN_POINT ( 'NONE',  ( -1.538281606095232900, 0.2467405608427383200, 3.978816423804654200 ) ) ;
#3018 = EDGE_LOOP ( 'NONE', ( #2828, #4913, #4012, #4636 ) ) ;
#3019 = CARTESIAN_POINT ( 'NONE',  ( -1.565698917497979400, -0.2324325179827441700, 3.969794681949656100 ) ) ;
#3020 =( BOUNDED_CURVE ( )  B_SPLINE_CURVE ( 2, ( #183, #3285, #4015, #1749, #2524, #1341, #4038 ),
 .UNSPECIFIED., .F., .F. ) 
 B_SPLINE_CURVE_WITH_KNOTS ( ( 3, 2, 2, 3 ),
 ( 0.9000000000000000200, 0.9333333333333333500, 0.9666666666666666700, 1.000000000000000000 ),
 .UNSPECIFIED. ) 
 CURVE ( )  GEOMETRIC_REPRESENTATION_ITEM ( )  RATIONAL_B_SPLINE_CURVE ( ( 1.000000000000000000, 0.8660254037844387100, 1.000000000000000000, 0.8660254037844387100, 1.000000000000000000, 0.8660254037844387100, 1.000000000000000000 ) ) 
 REPRESENTATION_ITEM ( '' )  );
#3021 = CARTESIAN_POINT ( 'NONE',  ( -0.6785254037844482600, 1.175240473580837500, -4.458333333333330400 ) ) ;
#3022 = CARTESIAN_POINT ( 'NONE',  ( -1.439254484199210300E-016, -1.175240473580867700, 0.8125000000000028900 ) ) ;
#3023 = CARTESIAN_POINT ( 'NONE',  ( 1.322475605676673300, -0.7635316469341564300, -3.869791666666663900 ) ) ;
#3024 = ORIENTED_EDGE ( 'NONE', *, *, #3098, .F. ) ;
#3025 = CARTESIAN_POINT ( 'NONE',  ( -1.322475605676673800, -0.7635316469341555400, -2.067708333333330400 ) ) ;
#3026 =( BOUNDED_SURFACE ( )  B_SPLINE_SURFACE ( 1, 2, ( 
 ( #2978, #4872, #999, #4532, #4497, #4919, #4856, #1048, #2613, #3747, #2957, #2925, #2548, #243, #2943, #3324, #3715, #3345, #3731, #3458, #1846, #1905, #2628, #1523, #322, #2642, #1137, #3041, #4189, #367, #3022, #4549, #699, #1095, #3392, #4610, #4937, #684, #3407, #3005, #716, #3794, #2313, #2676, #4596, #2241, #4986, #4, #1860, #1471, #745, #4172, #3422, #4563, #333, #2259, #1109, #4956, #4578, #3811, #2293 ),
 ( #1488, #1874, #3069, #1075, #2274, #3779, #4973, #1461, #3837, #2662, #348, #3054, #4222, #3439, #734, #306, #1123, #3822, #1509, #4154, #4203, #1889, #3888, #1211, #3151, #1541, #4301, #1559, #1594, #4648, #3852, #2373, #1926, #42, #4626, #397, #1996, #2331, #412, #1608, #2363, #4676, #24, #3905, #3525, #69, #1180, #4255, #2756, #2725, #812, #4692, #1195, #445, #384, #3923, #2687, #2345, #4287, #2385, #3537 ) ),
 .UNSPECIFIED., .F., .F., .T. ) 
 B_SPLINE_SURFACE_WITH_KNOTS ( ( 2, 2 ),
 ( 3, 2, 2, 2, 2, 2, 2, 2, 2, 2, 2, 2, 2, 2, 2, 2, 2, 2, 2, 2, 2, 2, 2, 2, 2, 2, 2, 2, 2, 2, 3 ),
 ( 0.0000000000000000000, 1.000000000000000000 ),
 ( 0.0000000000000000000, 0.03333333333333333300, 0.06666666666666666600, 0.1000000000000000100, 0.1333333333333333300, 0.1666666666666666600, 0.2000000000000000100, 0.2333333333333333400, 0.2666666666666666600, 0.2999999999999999900, 0.3333333333333333100, 0.3666666666666666400, 0.4000000000000000200, 0.4333333333333333500, 0.4666666666666666700, 0.5000000000000000000, 0.5333333333333333300, 0.5666666666666666500, 0.5999999999999999800, 0.6333333333333333000, 0.6666666666666666300, 0.6999999999999999600, 0.7333333333333332800, 0.7666666666666667200, 0.8000000000000000400, 0.8333333333333333700, 0.8666666666666667000, 0.9000000000000000200, 0.9333333333333333500, 0.9666666666666666700, 1.000000000000000000 ),
 .UNSPECIFIED. ) 
 GEOMETRIC_REPRESENTATION_ITEM ( )  RATIONAL_B_SPLINE_SURFACE ( (
 ( 1.000000000000000000, 0.8660254037844387100, 1.000000000000000000, 0.8660254037844387100, 1.000000000000000000, 0.8660254037844387100, 1.000000000000000000, 0.8660254037844387100, 1.000000000000000000, 0.8660254037844387100, 1.000000000000000000, 0.8660254037844387100, 1.000000000000000000, 0.8660254037844387100, 1.000000000000000000, 0.8660254037844387100, 1.000000000000000000, 0.8660254037844387100, 1.000000000000000000, 0.8660254037844387100, 1.000000000000000000, 0.8660254037844387100, 1.000000000000000000, 0.8660254037844387100, 1.000000000000000000, 0.8660254037844387100, 1.000000000000000000, 0.8660254037844387100, 1.000000000000000000, 0.8660254037844387100, 1.000000000000000000, 0.8660254037844387100, 1.000000000000000000, 0.8660254037844387100, 1.000000000000000000, 0.8660254037844387100, 1.000000000000000000, 0.8660254037844387100, 1.000000000000000000, 0.8660254037844387100, 1.000000000000000000, 0.8660254037844387100, 1.000000000000000000, 0.8660254037844387100, 1.000000000000000000, 0.8660254037844387100, 1.000000000000000000, 0.8660254037844387100, 1.000000000000000000, 0.8660254037844387100, 1.000000000000000000, 0.8660254037844387100, 1.000000000000000000, 0.8660254037844387100, 1.000000000000000000, 0.8660254037844387100, 1.000000000000000000, 0.8660254037844387100, 1.000000000000000000, 0.8660254037844387100, 1.000000000000000000),
 ( 1.000000000000000000, 0.8660254037844387100, 1.000000000000000000, 0.8660254037844387100, 1.000000000000000000, 0.8660254037844387100, 1.000000000000000000, 0.8660254037844387100, 1.000000000000000000, 0.8660254037844387100, 1.000000000000000000, 0.8660254037844387100, 1.000000000000000000, 0.8660254037844387100, 1.000000000000000000, 0.8660254037844387100, 1.000000000000000000, 0.8660254037844387100, 1.000000000000000000, 0.8660254037844387100, 1.000000000000000000, 0.8660254037844387100, 1.000000000000000000, 0.8660254037844387100, 1.000000000000000000, 0.8660254037844387100, 1.000000000000000000, 0.8660254037844387100, 1.000000000000000000, 0.8660254037844387100, 1.000000000000000000, 0.8660254037844387100, 1.000000000000000000, 0.8660254037844387100, 1.000000000000000000, 0.8660254037844387100, 1.000000000000000000, 0.8660254037844387100, 1.000000000000000000, 0.8660254037844387100, 1.000000000000000000, 0.8660254037844387100, 1.000000000000000000, 0.8660254037844387100, 1.000000000000000000, 0.8660254037844387100, 1.000000000000000000, 0.8660254037844387100, 1.000000000000000000, 0.8660254037844387100, 1.000000000000000000, 0.8660254037844387100, 1.000000000000000000, 0.8660254037844387100, 1.000000000000000000, 0.8660254037844387100, 1.000000000000000000, 0.8660254037844387100, 1.000000000000000000, 0.8660254037844387100, 1.000000000000000000) ) ) 
 REPRESENTATION_ITEM ( '' )  SURFACE ( )  );
#3027 = CARTESIAN_POINT ( 'NONE',  ( 0.0000000000000000000, -2.963999999999997300, 2.316076999219319500 ) ) ;
#3028 = CARTESIAN_POINT ( 'NONE',  ( -0.8816504037844494800, -1.527063293868296600, -0.4947916666666641900 ) ) ;
#3029 = ORIENTED_EDGE ( 'NONE', *, *, #3638, .F. ) ;
#3030 = ORIENTED_EDGE ( 'NONE', *, *, #4675, .F. ) ;
#3031 =( LENGTH_UNIT ( ) NAMED_UNIT ( * ) SI_UNIT ( .MILLI., .METRE. ) );
#3032 = FACE_OUTER_BOUND ( 'NONE', #3866, .T. ) ;
#3033 = CARTESIAN_POINT ( 'NONE',  ( 0.0000000000000000000, 1.175240473580837500, -2.499999999999996900 ) ) ;
#3034 = AXIS2_PLACEMENT_3D ( 'NONE', #2101, #4003, #3641 ) ;
#3035 = CARTESIAN_POINT ( 'NONE',  ( -1.017788105676672700, 0.5876202367904112000, -1.354166666666663600 ) ) ;
#3036 = VECTOR ( 'NONE', #1340, 1000.000000000000000 ) ;
#3037 = EDGE_CURVE ( 'NONE', #942, #2831, #730, .T. ) ;
#3038 = DIRECTION ( 'NONE',  ( -0.0000000000000000000, -1.224646799147353200E-016, 1.000000000000000000 ) ) ;
#3039 = VECTOR ( 'NONE', #257, 1000.000000000000000 ) ;
#3040 = ADVANCED_FACE ( 'NONE', ( #1456 ), #3026, .T. ) ;
#3041 = CARTESIAN_POINT ( 'NONE',  ( -1.357050807568896700, -1.531226656111100500E-014, 0.6875000000000028900 ) ) ;
#3042 = CARTESIAN_POINT ( 'NONE',  ( -1.870113174931205300E-016, -1.527063293868296600, -3.953124999999997300 ) ) ;
#3043 = EDGE_CURVE ( 'NONE', #972, #3068, #3089, .T. ) ;
#3044 = CARTESIAN_POINT ( 'NONE',  ( 0.8816504037844485900, -1.527063293868297300, -3.442708333333330400 ) ) ;
#3045 = FACE_OUTER_BOUND ( 'NONE', #4449, .T. ) ;
#3046 = CARTESIAN_POINT ( 'NONE',  ( -1.447861682352368900, -0.1255994683570676500, 1.473498063889731300 ) ) ;
#3047 = CARTESIAN_POINT ( 'NONE',  ( 0.6785254037844491400, 1.175240473580836800, -0.5416666666666638500 ) ) ;
#3048 = CARTESIAN_POINT ( 'NONE',  ( 1.017788105676673100, 0.5876202367904097600, 1.979166666666669800 ) ) ;
#3049 = CARTESIAN_POINT ( 'NONE',  ( 0.8816504037844485900, -1.527063293868297500, -2.411458333333330400 ) ) ;
#3050 = CARTESIAN_POINT ( 'NONE',  ( -1.357050807568896700, -1.493721847887212700E-014, -2.374999999999996400 ) ) ;
#3051 = ORIENTED_EDGE ( 'NONE', *, *, #1741, .F. ) ;
#3052 = CARTESIAN_POINT ( 'NONE',  ( 1.480908766186231900, 0.1867183014945862600, 3.406249999999998700 ) ) ;
#3053 = B_SPLINE_CURVE_WITH_KNOTS ( 'NONE', 3,
 ( #1163, #3996, #3917, #1601 ),
 .UNSPECIFIED., .F., .F.,
 ( 4, 4 ),
 ( 0.0000000000000000000, 0.0001154157762592070700 ),
 .UNSPECIFIED. ) ;
#3054 = CARTESIAN_POINT ( 'NONE',  ( 0.6785254037844491400, 1.175240473580836800, -0.04166666666666366000 ) ) ;
#3055 = CARTESIAN_POINT ( 'NONE',  ( 1.322475605676674200, 0.7635316469341249000, -3.286458333333330400 ) ) ;
#3056 = CARTESIAN_POINT ( 'NONE',  ( 1.763300807568898100, -1.528490814941538800E-014, -2.859374999999996900 ) ) ;
#3057 = CARTESIAN_POINT ( 'NONE',  ( -0.1867183014945854000, -1.020989215107070500, 3.406249999999998700 ) ) ;
#3058 = CARTESIAN_POINT ( 'NONE',  ( -0.6785254037844487000, -1.175240473580867500, -0.2916666666666635800 ) ) ;
#3059 = CARTESIAN_POINT ( 'NONE',  ( -0.6062238347164026200, -1.018723955679801800, 0.7181586815023574000 ) ) ;
#3060 = CARTESIAN_POINT ( 'NONE',  ( 1.357050807568896700, -1.548391325427683300E-014, -0.6249999999999971100 ) ) ;
#3061 = ADVANCED_FACE ( 'NONE', ( #2119 ), #1218, .T. ) ;
#3062 = CARTESIAN_POINT ( 'NONE',  ( 1.357050807568896700, -1.561403197668624100E-014, 0.4375000000000030000 ) ) ;
#3063 = AXIS2_PLACEMENT_3D ( 'NONE', #3229, #3985, #2448 ) ;
#3064 = CARTESIAN_POINT ( 'NONE',  ( -0.6785254037844487000, -1.175240473580867500, -1.229166666666663400 ) ) ;
#3065 = ORIENTED_EDGE ( 'NONE', *, *, #2326, .F. ) ;
#3066 = EDGE_LOOP ( 'NONE', ( #1508, #4643, #3232, #4976 ) ) ;
#3067 = EDGE_CURVE ( 'NONE', #3436, #1840, #1397, .T. ) ;
#3068 = VERTEX_POINT ( 'NONE', #4239 ) ;
#3069 = CARTESIAN_POINT ( 'NONE',  ( -1.017788105676672700, 0.5876202367904109800, -0.4166666666666637400 ) ) ;
#3070 = CARTESIAN_POINT ( 'NONE',  ( -1.522428280850912600, -0.1571052013842186000, 3.406249999999998700 ) ) ;
#3071 = CARTESIAN_POINT ( 'NONE',  ( -1.322475605676673800, -0.7635316469341555400, -2.567708333333330400 ) ) ;
#3072 = CARTESIAN_POINT ( 'NONE',  ( 0.0000000000000000000, 4.487940763634945000E-016, 4.249999999999998200 ) ) ;
#3073 = VERTEX_POINT ( 'NONE', #3875 ) ;
#3074 = CARTESIAN_POINT ( 'NONE',  ( -1.763300807568898100, -1.494487252136680000E-014, -2.109374999999996900 ) ) ;
#3075 = CARTESIAN_POINT ( 'NONE',  ( 0.6785254037844479200, -1.175240473580867700, 1.354166666666669400 ) ) ;
#3076 = CARTESIAN_POINT ( 'NONE',  ( -0.8816504037844494800, -1.527063293868296600, -1.494791666666663900 ) ) ;
#3077 = VERTEX_POINT ( 'NONE', #4270 ) ;
#3078 = FACE_OUTER_BOUND ( 'NONE', #4096, .T. ) ;
#3079 =( BOUNDED_CURVE ( )  B_SPLINE_CURVE ( 2, ( #1360, #4798, #985, #4067, #4843, #1760, #4427, #3275, #1721, #1702, #4407, #960, #3290, #2496, #1737, #607, #4451, #2885, #2145, #1312, #2103, #4783, #3702, #4385, #572, #1003, #2083, #1345, #2532, #2479, #2908, #228, #555, #939, #3253, #1381, #4047, #3628, #2928, #172, #2867, #3643, #4084, #2456, #2129, #4818, #2511, #1778, #2068, #214, #586, #3308, #154, #2847, #3235, #924, #1427 ),
 .UNSPECIFIED., .F., .T. ) 
 B_SPLINE_CURVE_WITH_KNOTS ( ( 3, 2, 2, 2, 2, 2, 2, 2, 2, 2, 2, 2, 2, 2, 2, 2, 2, 2, 2, 2, 2, 2, 2, 2, 2, 2, 2, 2, 3 ),
 ( 0.07543278991064381000, 0.1000000000000000100, 0.1333333333333333300, 0.1666666666666666600, 0.2000000000000000100, 0.2333333333333333400, 0.2666666666666666600, 0.2999999999999999900, 0.3333333333333333700, 0.3666666666666667000, 0.4000000000000000200, 0.4333333333333333500, 0.4666666666666666700, 0.5000000000000000000, 0.5333333333333333300, 0.5666666666666666500, 0.5999999999999999800, 0.6333333333333333000, 0.6666666666666666300, 0.6999999999999999600, 0.7333333333333332800, 0.7666666666666667200, 0.8000000000000000400, 0.8333333333333333700, 0.8666666666666667000, 0.9000000000000001300, 0.9333333333333333500, 0.9666666666666666700, 1.000000000000000000 ),
 .UNSPECIFIED. ) 
 CURVE ( )  GEOMETRIC_REPRESENTATION_ITEM ( )  RATIONAL_B_SPLINE_CURVE ( ( 0.9480652107226168500, 0.9012585384440692200, 1.000000000000000000, 0.8660254037844387100, 1.000000000000000000, 0.8660254037844387100, 1.000000000000000000, 0.8660254037844387100, 1.000000000000000000, 0.8660254037844387100, 1.000000000000000000, 0.8660254037844387100, 1.000000000000000000, 0.8660254037844387100, 1.000000000000000000, 0.8660254037844387100, 1.000000000000000000, 0.8660254037844387100, 1.000000000000000000, 0.8660254037844387100, 1.000000000000000000, 0.8660254037844387100, 1.000000000000000000, 0.8660254037844387100, 1.000000000000000000, 0.8660254037844387100, 1.000000000000000000, 0.8660254037844387100, 1.000000000000000000, 0.8660254037844387100, 1.000000000000000000, 0.8660254037844387100, 1.000000000000000000, 0.8660254037844387100, 1.000000000000000000, 0.8660254037844387100, 1.000000000000000000, 0.8660254037844387100, 1.000000000000000000, 0.8660254037844387100, 1.000000000000000000, 0.8660254037844387100, 1.000000000000000000, 0.8660254037844387100, 1.000000000000000000, 0.8660254037844387100, 1.000000000000000000, 0.8660254037844387100, 1.000000000000000000, 0.8660254037844387100, 1.000000000000000000, 0.8660254037844387100, 1.000000000000000000, 0.8660254037844387100, 1.000000000000000000, 0.8660254037844387100, 1.000000000000000000 ) ) 
 REPRESENTATION_ITEM ( '' )  );
#3080 = CARTESIAN_POINT ( 'NONE',  ( 1.542301010129199000, -0.1679132514440056500, 3.596344940910944000 ) ) ;
#3081 = CARTESIAN_POINT ( 'NONE',  ( 1.357050807568896700, -1.549156729677150500E-014, -0.5624999999999970000 ) ) ;
#3082 = CARTESIAN_POINT ( 'NONE',  ( 1.489937016748777100, 0.1966617905630072300, 3.500855978943534300 ) ) ;
#3083 = ORIENTED_EDGE ( 'NONE', *, *, #3895, .T. ) ;
#3084 = EDGE_LOOP ( 'NONE', ( #4951, #682, #2902, #2762 ) ) ;
#3085 = CIRCLE ( 'NONE', #3158, 1.187500000000004700 ) ;
#3086 = ADVANCED_FACE ( 'NONE', ( #4959 ), #827, .T. ) ;
#3087 = ORIENTED_EDGE ( 'NONE', *, *, #2020, .T. ) ;
#3088 = CARTESIAN_POINT ( 'NONE',  ( 1.531318301494583300, 2.070106209874711500E-015, 3.406249999999998700 ) ) ;
#3089 = LINE ( 'NONE', #759, #2245 ) ;
#3090 = CARTESIAN_POINT ( 'NONE',  ( -1.836970198721050400E-016, -1.500000000000032200, 1.500000000000002400 ) ) ;
#3091 = CARTESIAN_POINT ( 'NONE',  ( 1.535008919717076000, 0.2473912190327973400, 3.983514249959531700 ) ) ;
#3092 = CARTESIAN_POINT ( 'NONE',  ( 0.6785254037844491400, 1.175240473580836400, 2.020833333333336100 ) ) ;
#3093 = CARTESIAN_POINT ( 'NONE',  ( 0.8816504037844485900, -1.527063293868297500, -1.411458333333330400 ) ) ;
#3094 = VECTOR ( 'NONE', #2503, 1000.000000000000100 ) ;
#3095 = CARTESIAN_POINT ( 'NONE',  ( -1.819316636665639100E-016, -1.485584772631861600, 1.570822635401445800 ) ) ;
#3096 = CARTESIAN_POINT ( 'NONE',  ( -1.017788105676672700, -0.5876202367904409500, -2.833333333333330400 ) ) ;
#3097 = CARTESIAN_POINT ( 'NONE',  ( 0.0000000000000000000, 1.175240473580837500, -2.499999999999996900 ) ) ;
#3098 = EDGE_CURVE ( 'NONE', #4335, #892, #3053, .T. ) ;
#3099 = LINE ( 'NONE', #1810, #4235 ) ;
#3100 = CARTESIAN_POINT ( 'NONE',  ( 0.9658286437813357100, -0.7999600571131326700, 0.9271633771959165700 ) ) ;
#3101 = CARTESIAN_POINT ( 'NONE',  ( 0.0000000000000000000, 1.500000000000001300, 1.312500000000003600 ) ) ;
#3102 = CARTESIAN_POINT ( 'NONE',  ( -0.4347626794466328300, 0.5917109473128552300, 4.233624606597340200 ) ) ;
#3103 = CARTESIAN_POINT ( 'NONE',  ( -1.357050807568896700, -1.487598613891476000E-014, -2.874999999999996900 ) ) ;
#3104 = EDGE_CURVE ( 'NONE', #2010, #3604, #4226, .T. ) ;
#3105 = CARTESIAN_POINT ( 'NONE',  ( 0.6785254037844491400, 1.175240473580837100, -2.979166666666663400 ) ) ;
#3106 = ORIENTED_EDGE ( 'NONE', *, *, #4482, .T. ) ;
#3107 = CARTESIAN_POINT ( 'NONE',  ( -1.299257611150430400, -0.6716618004676959700, 1.499222908123918300 ) ) ;
#3108 = DIRECTION ( 'NONE',  ( 0.0000000000000000000, 0.0000000000000000000, 1.000000000000000000 ) ) ;
#3109 = CARTESIAN_POINT ( 'NONE',  ( -0.3627101312449352900, -1.263907367903836400, -4.135236518129625300 ) ) ;
#3110 = CARTESIAN_POINT ( 'NONE',  ( -0.8816504037844494800, -1.527063293868296400, -1.994791666666663600 ) ) ;
#3111 = CARTESIAN_POINT ( 'NONE',  ( 1.357050807568896700, -1.505528687457526000E-014, -4.124999999999996400 ) ) ;
#3112 = CARTESIAN_POINT ( 'NONE',  ( 1.357050807568896700, -1.554514559423420000E-014, -0.1249999999999970700 ) ) ;
#3113 =( BOUNDED_CURVE ( )  B_SPLINE_CURVE ( 3, ( #3592, #3208, #4030, #2110 ),
 .UNSPECIFIED., .F., .T. ) 
 B_SPLINE_CURVE_WITH_KNOTS ( ( 4, 4 ),
 ( 2.946332657651817800, 3.336852649527771100 ),
 .UNSPECIFIED. ) 
 CURVE ( )  GEOMETRIC_REPRESENTATION_ITEM ( )  RATIONAL_B_SPLINE_CURVE ( ( 1.000000000000000000, 0.9873315052531759200, 0.9873315052531759200, 1.000000000000000000 ) ) 
 REPRESENTATION_ITEM ( '' )  );
#3114 = CARTESIAN_POINT ( 'NONE',  ( 1.576622122564782700, -0.2078487863861529500, 3.967077405468494100 ) ) ;
#3115 = CARTESIAN_POINT ( 'NONE',  ( -0.2303456307747361300, -1.567404313149284100, 3.969288913115500300 ) ) ;
#3116 = CARTESIAN_POINT ( 'NONE',  ( -0.2189201988679579400, 1.574078335371368800, 3.967461089029153100 ) ) ;
#3117 = DIRECTION ( 'NONE',  ( 1.000000000000000000, 0.0000000000000000000, 0.0000000000000000000 ) ) ;
#3118 = CARTESIAN_POINT ( 'NONE',  ( -1.870113174931205300E-016, -1.527063293868296900, -2.953124999999997300 ) ) ;
#3119 = CARTESIAN_POINT ( 'NONE',  ( 0.6785254037844491400, 1.175240473580837100, -2.479166666666663900 ) ) ;
#3120 = ORIENTED_EDGE ( 'NONE', *, *, #882, .T. ) ;
#3121 = CARTESIAN_POINT ( 'NONE',  ( 0.8816504037844498100, 1.527063293868266400, -0.2760416666666635800 ) ) ;
#3122 = CARTESIAN_POINT ( 'NONE',  ( -1.836970198721050600E-016, -1.500000000000032400, 1.062500000000003100 ) ) ;
#3123 = EDGE_CURVE ( 'NONE', #4523, #3436, #4985, .T. ) ;
#3124 = VERTEX_POINT ( 'NONE', #2877 ) ;
#3125 = CARTESIAN_POINT ( 'NONE',  ( -1.439254484199210300E-016, -1.175240473580867300, -3.749999999999997300 ) ) ;
#3126 = CARTESIAN_POINT ( 'NONE',  ( -1.017788105676672700, -0.5876202367904411700, -0.3333333333333304300 ) ) ;
#3127 = DIRECTION ( 'NONE',  ( -0.02078751127481365600, 0.1045058763748858300, 0.9943069954385902500 ) ) ;
#3128 = VERTEX_POINT ( 'NONE', #4398 ) ;
#3129 = CARTESIAN_POINT ( 'NONE',  ( -1.515250468763447600, 0.1704000625668589400, 3.406249999999998700 ) ) ;
#3130 = ORIENTED_EDGE ( 'NONE', *, *, #4425, .T. ) ;
#3131 = CARTESIAN_POINT ( 'NONE',  ( 0.2622035415152625900, -1.036004162901805100, 4.124444084471205600 ) ) ;
#3132 = EDGE_CURVE ( 'NONE', #3436, #461, #4133, .T. ) ;
#3133 = CARTESIAN_POINT ( 'NONE',  ( -0.9234006816096638200, 1.004724358462451900, 1.229914344986579900 ) ) ;
#3134 = DIRECTION ( 'NONE',  ( 0.0000000000000000000, -0.1045284632676539600, 0.9945218953682734000 ) ) ;
#3135 = ORIENTED_EDGE ( 'NONE', *, *, #2805, .F. ) ;
#3136 = CARTESIAN_POINT ( 'NONE',  ( -1.017788105676672700, -0.5876202367904409500, -2.270833333333330400 ) ) ;
#3137 = CARTESIAN_POINT ( 'NONE',  ( 1.525790193410407700, -0.2368691645223767200, 3.883403588540145900 ) ) ;
#3138 = CARTESIAN_POINT ( 'NONE',  ( 1.299038105676672900, 0.7499999999999923400, -2.770833333333329900 ) ) ;
#3139 = CARTESIAN_POINT ( 'NONE',  ( -1.322475605676673500, 0.7635316469341259000, -0.1510416666666634700 ) ) ;
#3140 = ORIENTED_EDGE ( 'NONE', *, *, #3992, .F. ) ;
#3141 = FACE_OUTER_BOUND ( 'NONE', #4580, .T. ) ;
#3142 = ORIENTED_EDGE ( 'NONE', *, *, #3454, .F. ) ;
#3143 = ORIENTED_EDGE ( 'NONE', *, *, #693, .T. ) ;
#3144 = ORIENTED_EDGE ( 'NONE', *, *, #1699, .T. ) ;
#3145 = CARTESIAN_POINT ( 'NONE',  ( 0.6785254037844479200, -1.175240473580867700, -3.208333333333330400 ) ) ;
#3146 = DIRECTION ( 'NONE',  ( 0.0000000000000000000, 1.224646799147353000E-016, -1.000000000000000000 ) ) ;
#3147 = CIRCLE ( 'NONE', #85, 2.911062155725036200 ) ;
#3148 = CARTESIAN_POINT ( 'NONE',  ( -0.5883555573418801600, 0.4314072894756763000, 4.191913363870521700 ) ) ;
#3149 = DIRECTION ( 'NONE',  ( -0.0000000000000000000, -1.224646799147353200E-016, 1.000000000000000000 ) ) ;
#3150 = CIRCLE ( 'NONE', #374, 2.963999999999998200 ) ;
#3151 = CARTESIAN_POINT ( 'NONE',  ( 0.0000000000000000000, 1.175240473580837100, 0.5000000000000030000 ) ) ;
#3152 = CARTESIAN_POINT ( 'NONE',  ( 0.1474052775258349600, -1.524207146240231300, 3.406249999999998700 ) ) ;
#3153 = CARTESIAN_POINT ( 'NONE',  ( 0.6785254037844491400, 1.175240473580837100, -3.479166666666663900 ) ) ;
#3154 = VECTOR ( 'NONE', #495, 1000.000000000000100 ) ;
#3155 = CARTESIAN_POINT ( 'NONE',  ( -0.1867183014945853800, -1.480908766186232400, 3.406249999999998700 ) ) ;
#3156 = CARTESIAN_POINT ( 'NONE',  ( -0.8816504037844494800, -1.527063293868296600, -0.02604166666666336500 ) ) ;
#3157 = CARTESIAN_POINT ( 'NONE',  ( 0.0000000000000000000, 1.527063293868266700, -0.2031249999999971400 ) ) ;
#3158 = AXIS2_PLACEMENT_3D ( 'NONE', #229, #1449, #2946 ) ;
#3159 = CARTESIAN_POINT ( 'NONE',  ( -1.836970198721050400E-016, -1.500000000000031800, -1.499999999999997300 ) ) ;
#3160 = CARTESIAN_POINT ( 'NONE',  ( -0.6785254037844482600, 1.175240473580837300, -0.4583333333333305400 ) ) ;
#3161 = EDGE_CURVE ( 'NONE', #2713, #3786, #4051, .T. ) ;
#3162 = CARTESIAN_POINT ( 'NONE',  ( -0.1615340143260465000, 1.520380694806618700, 3.406249999999998700 ) ) ;
#3163 = CARTESIAN_POINT ( 'NONE',  ( -1.523879528098136500, -0.1470339074214174200, 3.402807630290145500 ) ) ;
#3164 = CARTESIAN_POINT ( 'NONE',  ( -1.819316636665639100E-016, -1.485584772631861600, 1.570822635401445800 ) ) ;
#3165 = B_SPLINE_CURVE_WITH_KNOTS ( 'NONE', 3,
 ( #2530, #4098, #4498, #4891 ),
 .UNSPECIFIED., .F., .F.,
 ( 4, 4 ),
 ( 0.0000000000000000000, 0.0001154157762592071100 ),
 .UNSPECIFIED. ) ;
#3166 = CARTESIAN_POINT ( 'NONE',  ( -0.2066060943415817500, -1.498883479085574100, 3.595469709336403000 ) ) ;
#3167 = CARTESIAN_POINT ( 'NONE',  ( -1.486380696054987000, -0.1863754552030921500, 3.406249999999998700 ) ) ;
#3168 = CARTESIAN_POINT ( 'NONE',  ( -0.6785254037844487000, -1.175240473580867000, -3.729166666666663400 ) ) ;
#3169 = EDGE_LOOP ( 'NONE', ( #1131, #2042, #3911, #259, #1246 ) ) ;
#3170 = DIRECTION ( 'NONE',  ( 4.359394138433585000E-015, 1.000000000000000000, -0.0000000000000000000 ) ) ;
#3171 = CARTESIAN_POINT ( 'NONE',  ( 0.6785254037844479200, -1.175240473580867700, -2.145833333333330400 ) ) ;
#3172 = CARTESIAN_POINT ( 'NONE',  ( 1.299038105676672900, 0.7499999999999924500, -2.333333333333330800 ) ) ;
#3173 =( BOUNDED_CURVE ( )  B_SPLINE_CURVE ( 2, ( #4528, #4885, #3339, #1043, #1455, #3725, #1406 ),
 .UNSPECIFIED., .F., .F. ) 
 B_SPLINE_CURVE_WITH_KNOTS ( ( 3, 2, 2, 3 ),
 ( 0.8000000000000000400, 0.8333333333333333700, 0.8666666666666667000, 0.9000000000000000200 ),
 .UNSPECIFIED. ) 
 CURVE ( )  GEOMETRIC_REPRESENTATION_ITEM ( )  RATIONAL_B_SPLINE_CURVE ( ( 1.000000000000000000, 0.8660254037844387100, 1.000000000000000000, 0.8660254037844387100, 1.000000000000000000, 0.8660254037844387100, 1.000000000000000000 ) ) 
 REPRESENTATION_ITEM ( '' )  );
#3174 = CARTESIAN_POINT ( 'NONE',  ( 1.538281606095234000, -0.2467405608427286100, 3.978816423804654200 ) ) ;
#3175 = CARTESIAN_POINT ( 'NONE',  ( 0.2446622343353252200, 1.547933754415230700, 3.975503699672907400 ) ) ;
#3176 = CARTESIAN_POINT ( 'NONE',  ( 0.0000000000000000000, 1.175240473580837300, 3.035766082959412400E-015 ) ) ;
#3177 = VERTEX_POINT ( 'NONE', #2954 ) ;
#3178 = CARTESIAN_POINT ( 'NONE',  ( -0.1863754552030761300, 1.486380696054988300, 3.406249999999998700 ) ) ;
#3179 = CARTESIAN_POINT ( 'NONE',  ( -0.6785254037844480300, 1.175240473580837500, -1.895833333333330400 ) ) ;
#3180 = ORIENTED_EDGE ( 'NONE', *, *, #320, .F. ) ;
#3181 = ADVANCED_FACE ( 'NONE', ( #612 ), #1334, .T. ) ;
#3182 = CARTESIAN_POINT ( 'NONE',  ( -0.2265721268284677500, 1.555317687559875800, 3.785433819121443400 ) ) ;
#3183 = CARTESIAN_POINT ( 'NONE',  ( -0.3588919719858730300, -1.397791792644258500, 1.446307790960901000 ) ) ;
#3184 = CARTESIAN_POINT ( 'NONE',  ( 0.2731436643961221400, 1.038180288643459900, 4.228532400733666200 ) ) ;
#3185 = ORIENTED_EDGE ( 'NONE', *, *, #2382, .T. ) ;
#3186 = CARTESIAN_POINT ( 'NONE',  ( -1.439254484199210300E-016, -1.175240473580867700, -1.187499999999996900 ) ) ;
#3187 = EDGE_CURVE ( 'NONE', #2461, #4572, #2187, .T. ) ;
#3188 = ORIENTED_EDGE ( 'NONE', *, *, #610, .F. ) ;
#3189 = PERSON_AND_ORGANIZATION ( #465, #474 ) ;
#3190 = CARTESIAN_POINT ( 'NONE',  ( -0.9609782536090869500, 0.2712414087855178900, 4.140750377164774700 ) ) ;
#3191 = DIRECTION ( 'NONE',  ( -0.0000000000000000000, -1.224646799147353200E-016, 1.000000000000000000 ) ) ;
#3192 = CARTESIAN_POINT ( 'NONE',  ( -1.522273161123902900, 0.1575495245399365900, 3.406249999999998700 ) ) ;
#3193 = ORIENTED_EDGE ( 'NONE', *, *, #2261, .F. ) ;
#3194 = CARTESIAN_POINT ( 'NONE',  ( -1.017788105676672700, 0.5876202367904112000, -1.854166666666663600 ) ) ;
#3195 = EDGE_CURVE ( 'NONE', #970, #4377, #1156, .T. ) ;
#3196 = ORIENTED_EDGE ( 'NONE', *, *, #3043, .F. ) ;
#3197 = ORIENTED_EDGE ( 'NONE', *, *, #504, .F. ) ;
#3198 = LINE ( 'NONE', #1346, #4758 ) ;
#3199 = CARTESIAN_POINT ( 'NONE',  ( 0.0000000000000000000, 1.451473643165389800E-015, -3.937500000000000000 ) ) ;
#3200 = CARTESIAN_POINT ( 'NONE',  ( 0.6785254037844491400, 1.175240473580836800, -0.9791666666666637400 ) ) ;
#3201 = EDGE_LOOP ( 'NONE', ( #2934, #1200, #1845, #1029, #3144, #829, #2737, #2340, #1147, #3971, #1607, #4698, #1256, #4743, #1625, #1, #2590, #2067, #1376, #2690, #819, #2714, #4387, #1922, #3668 ) ) ;
#3202 = FACE_OUTER_BOUND ( 'NONE', #1899, .T. ) ;
#3203 = CARTESIAN_POINT ( 'NONE',  ( 0.0000000000000000000, 1.500000000000001600, -0.1874999999999963100 ) ) ;
#3204 = PLANE ( 'NONE',  #2543 ) ;
#3205 = LINE ( 'NONE', #2213, #3936 ) ;
#3206 = LINE ( 'NONE', #811, #2422 ) ;
#3207 = CARTESIAN_POINT ( 'NONE',  ( -0.1867183014945710500, 1.482736319501101400, 3.406249999999998700 ) ) ;
#3208 = CARTESIAN_POINT ( 'NONE',  ( -0.9453114802360845800, 0.1941710946047909800, 3.406249999999998700 ) ) ;
#3209 = CARTESIAN_POINT ( 'NONE',  ( -1.017788105676672700, 0.5876202367904112000, -1.354166666666663600 ) ) ;
#3210 = FACE_OUTER_BOUND ( 'NONE', #2829, .T. ) ;
#3211 = CARTESIAN_POINT ( 'NONE',  ( -0.1811712554973854100, -1.436309975666973500, 1.458862925299053300 ) ) ;
#3212 = EDGE_CURVE ( 'NONE', #4161, #4523, #4401, .T. ) ;
#3213 = CARTESIAN_POINT ( 'NONE',  ( -1.836970198721050400E-016, -1.500000000000031800, -1.499999999999997300 ) ) ;
#3214 = CARTESIAN_POINT ( 'NONE',  ( 0.0000000000000000000, 1.175240473580837300, -1.437499999999996900 ) ) ;
#3215 = CARTESIAN_POINT ( 'NONE',  ( -0.9254976877526300800, -0.2866551442409758800, 4.147054690030634200 ) ) ;
#3216 = CARTESIAN_POINT ( 'NONE',  ( 0.2752655480402765300, -1.173142623209641400, -4.243441102487352600 ) ) ;
#3217 = ORIENTED_EDGE ( 'NONE', *, *, #2971, .F. ) ;
#3218 = PLANE ( 'NONE',  #380 ) ;
#3219 = CARTESIAN_POINT ( 'NONE',  ( 0.2175298284522067000, 1.574523370509060700, 3.967368464254879000 ) ) ;
#3220 = CARTESIAN_POINT ( 'NONE',  ( 0.2087934338140756100, -0.9100100306033864800, 3.406249999999998700 ) ) ;
#3221 = EDGE_CURVE ( 'NONE', #2755, #2966, #200, .T. ) ;
#3222 = ORIENTED_EDGE ( 'NONE', *, *, #41, .T. ) ;
#3223 = CARTESIAN_POINT ( 'NONE',  ( -0.1867183014945711400, 1.480908766186233500, 3.406249999999998700 ) ) ;
#3224 = CARTESIAN_POINT ( 'NONE',  ( -1.357050807568896700, -1.506733720128153500E-014, -1.312499999999997100 ) ) ;
#3225 = CARTESIAN_POINT ( 'NONE',  ( 0.0000000000000000000, 1.500000000000001600, -0.1874999999999963100 ) ) ;
#3226 = CARTESIAN_POINT ( 'NONE',  ( -1.836970198721050400E-016, -1.500000000000031800, -2.499999999999997800 ) ) ;
#3227 = CARTESIAN_POINT ( 'NONE',  ( -1.281705975005138700, 0.5690800767802176600, -4.038225360606344500 ) ) ;
#3228 = DIRECTION ( 'NONE',  ( 0.0000000000000000000, 0.0000000000000000000, 1.000000000000000000 ) ) ;
#3229 = CARTESIAN_POINT ( 'NONE',  ( 0.05496445076863432100, -0.1326959224940223400, -0.3758688603731169000 ) ) ;
#3230 = ADVANCED_FACE ( 'NONE', ( #1872 ), #128, .T. ) ;
#3231 = CARTESIAN_POINT ( 'NONE',  ( -1.257543544978396500, 0.3068321111627390600, 1.038000004622891900 ) ) ;
#3232 = ORIENTED_EDGE ( 'NONE', *, *, #343, .T. ) ;
#3233 = DIRECTION ( 'NONE',  ( 0.02078751127481449200, 0.1045058763748856900, 0.9943069954385902500 ) ) ;
#3234 = CARTESIAN_POINT ( 'NONE',  ( 0.3980426312549999500, -0.4531220514732906000, 3.406249999999998700 ) ) ;
#3235 = CARTESIAN_POINT ( 'NONE',  ( 1.017788105676673100, 0.5876202367904103100, -2.020833333333330400 ) ) ;
#3236 = CARTESIAN_POINT ( 'NONE',  ( 0.2078487863861622500, 1.576622122564782100, 3.967077405468494100 ) ) ;
#3237 = CARTESIAN_POINT ( 'NONE',  ( 1.373574055543157300, -0.1498599291702285000, 1.253429808816988200 ) ) ;
#3238 = PLANE ( 'NONE',  #2734 ) ;
#3239 = ORIENTED_EDGE ( 'NONE', *, *, #4546, .T. ) ;
#3240 = CARTESIAN_POINT ( 'NONE',  ( 0.6785254037844491400, 1.175240473580836800, -0.4791666666666637400 ) ) ;
#3241 = AXIS2_PLACEMENT_3D ( 'NONE', #1432, #4926, #4121 ) ;
#3242 = EDGE_LOOP ( 'NONE', ( #308, #2897, #2580, #1794, #4703, #4504, #838, #1021, #2114, #3561, #903, #3617 ) ) ;
#3243 = ORIENTED_EDGE ( 'NONE', *, *, #124, .T. ) ;
#3244 = CARTESIAN_POINT ( 'NONE',  ( -1.125534973312393600, -0.9267558976114982400, -3.982476469230759700 ) ) ;
#3245 = CARTESIAN_POINT ( 'NONE',  ( 1.299038105676672200, -0.7500000000000238700, -3.416666666666663900 ) ) ;
#3246 = CARTESIAN_POINT ( 'NONE',  ( -0.1594493746697531200, -1.181896170962323700, 0.7364450597685854300 ) ) ;
#3247 = VERTEX_POINT ( 'NONE', #3711 ) ;
#3248 = AXIS2_PLACEMENT_3D ( 'NONE', #613, #967, #945 ) ;
#3249 = PERSON_AND_ORGANIZATION ( #465, #474 ) ;
#3250 = CARTESIAN_POINT ( 'NONE',  ( -7.985838458082756900E-014, 1.410392906041639600, 1.364234679818168400 ) ) ;
#3251 = EDGE_CURVE ( 'NONE', #1468, #877, #3726, .T. ) ;
#3252 = B_SPLINE_CURVE_WITH_KNOTS ( 'NONE', 3,
 ( #3309, #657, #2554, #3767 ),
 .UNSPECIFIED., .F., .F.,
 ( 4, 4 ),
 ( 0.0005344103384122139700, 0.0006387323511942688000 ),
 .UNSPECIFIED. ) ;
#3253 = CARTESIAN_POINT ( 'NONE',  ( -1.017788105676672700, 0.5876202367904113100, -2.854166666666663900 ) ) ;
#3254 = CARTESIAN_POINT ( 'NONE',  ( -0.1867183014945854000, -1.020989215107070500, 3.406249999999998700 ) ) ;
#3255 = ORIENTED_EDGE ( 'NONE', *, *, #2583, .F. ) ;
#3256 = CARTESIAN_POINT ( 'NONE',  ( 0.0000000000000000000, 1.175240473580837100, 1.000000000000003100 ) ) ;
#3257 = CARTESIAN_POINT ( 'NONE',  ( 0.0000000000000000000, 2.070106209874711500E-015, 3.406249999999998700 ) ) ;
#3258 = VECTOR ( 'NONE', #1610, 1000.000000000000100 ) ;
#3259 = CARTESIAN_POINT ( 'NONE',  ( 1.322475605676673300, -0.7635316469341569800, 0.5989583333333363700 ) ) ;
#3260 = CARTESIAN_POINT ( 'NONE',  ( 0.2392183543293038800, -1.558176212289529500, 3.972137828681202400 ) ) ;
#3261 = CARTESIAN_POINT ( 'NONE',  ( -0.6785254037844487000, -1.175240473580867500, -1.229166666666663600 ) ) ;
#3262 = ORIENTED_EDGE ( 'NONE', *, *, #3420, .F. ) ;
#3263 = CYLINDRICAL_SURFACE ( 'NONE', #1118, 1.500000000000000400 ) ;
#3264 = B_SPLINE_CURVE_WITH_KNOTS ( 'NONE', 3,
 ( #4102, #2569, #1064, #3347, #4500, #4942 ),
 .UNSPECIFIED., .F., .F.,
 ( 4, 2, 4 ),
 ( 5.915612125890228000E-018, 0.0004592835295906185400, 0.0009185670591812312200 ),
 .UNSPECIFIED. ) ;
#3265 =( BOUNDED_CURVE ( )  B_SPLINE_CURVE ( 2, ( #938, #4022, #606, #4066, #4841, #4551, #2209 ),
 .UNSPECIFIED., .F., .T. ) 
 B_SPLINE_CURVE_WITH_KNOTS ( ( 3, 2, 2, 3 ),
 ( 0.4000000000000000200, 0.4333333333333333500, 0.4666666666666666200, 0.4999999999999999400 ),
 .UNSPECIFIED. ) 
 CURVE ( )  GEOMETRIC_REPRESENTATION_ITEM ( )  RATIONAL_B_SPLINE_CURVE ( ( 1.000000000000000000, 0.8660254037844387100, 1.000000000000000000, 0.8660254037844387100, 1.000000000000000000, 0.8660254037844389300, 0.9999999999999997800 ) ) 
 REPRESENTATION_ITEM ( '' )  );
#3266 = DIRECTION ( 'NONE',  ( 1.224646799147353700E-016, 1.000000000000000000, 0.0000000000000000000 ) ) ;
#3267 = CARTESIAN_POINT ( 'NONE',  ( -0.1867183014945853200, -1.485788006136502500, 3.406249999999998700 ) ) ;
#3268 = CARTESIAN_POINT ( 'NONE',  ( -1.836970198721050400E-016, -1.500000000000031500, -3.499999999999997800 ) ) ;
#3269 = CARTESIAN_POINT ( 'NONE',  ( 1.299038105676672200, -0.7500000000000243100, -0.4166666666666641900 ) ) ;
#3270 = CARTESIAN_POINT ( 'NONE',  ( 1.504338258009480800, -0.1802249924001095800, 3.406249999999998700 ) ) ;
#3271 = CARTESIAN_POINT ( 'NONE',  ( -1.534691860997137400, -0.2470292989821774000, 3.980070810694633600 ) ) ;
#3272 = CARTESIAN_POINT ( 'NONE',  ( 0.2267098366437859100, -1.516811814775607300, 3.786744040493382100 ) ) ;
#3273 = CARTESIAN_POINT ( 'NONE',  ( -1.017788105676672700, -0.5876202367904407300, -4.333333333333330400 ) ) ;
#3274 = CARTESIAN_POINT ( 'NONE',  ( 0.3682059365705812000, -0.5251542044367981700, 3.406249999999998700 ) ) ;
#3275 = CARTESIAN_POINT ( 'NONE',  ( 0.6785254037844491400, 1.175240473580837500, -3.979166666666663900 ) ) ;
#3276 = DIRECTION ( 'NONE',  ( 0.9188184237650777200, 0.3805870524817695500, -0.1045284632676536900 ) ) ;
#3277 = CARTESIAN_POINT ( 'NONE',  ( -1.017788105676672700, 0.5876202367904109800, -0.4166666666666637400 ) ) ;
#3278 = CARTESIAN_POINT ( 'NONE',  ( 0.6785254037844479200, -1.175240473580867700, -2.208333333333330400 ) ) ;
#3279 = AXIS2_PLACEMENT_3D ( 'NONE', #2003, #4020, #4405 ) ;
#3280 = DIRECTION ( 'NONE',  ( 0.3826834323650937200, -0.9238795325112850700, -0.0000000000000000000 ) ) ;
#3281 = CARTESIAN_POINT ( 'NONE',  ( -0.1867183014945768000, 0.9827792013656212500, 3.406249999999998700 ) ) ;
#3282 = CARTESIAN_POINT ( 'NONE',  ( 0.0000000000000000000, 4.336808689942017700E-016, 3.098507708920578400 ) ) ;
#3283 = CARTESIAN_POINT ( 'NONE',  ( -0.1575495245399213000, -1.522273161123905100, 3.406249999999998700 ) ) ;
#3284 = AXIS2_PLACEMENT_3D ( 'NONE', #3765, #4101, #1050 ) ;
#3285 = CARTESIAN_POINT ( 'NONE',  ( 0.8660254037844479200, -1.500000000000032400, 0.04166666666666917600 ) ) ;
#3286 = EDGE_CURVE ( 'NONE', #3686, #1365, #3335, .T. ) ;
#3287 = CARTESIAN_POINT ( 'NONE',  ( -1.439254484199210300E-016, -1.175240473580867300, -4.249999999999996400 ) ) ;
#3288 = CARTESIAN_POINT ( 'NONE',  ( -1.299038105676672400, 0.7499999999999934500, 0.3958333333333367000 ) ) ;
#3289 = CARTESIAN_POINT ( 'NONE',  ( 0.2165512627827178000, -1.507752490716990400, 3.690091666444041100 ) ) ;
#3290 = CARTESIAN_POINT ( 'NONE',  ( -1.017788105676672700, -0.5876202367904408400, -3.770833333333330400 ) ) ;
#3291 = DIRECTION ( 'NONE',  ( 0.3805870524817671600, 0.9188184237650786100, -0.1045284632676536900 ) ) ;
#3292 = CARTESIAN_POINT ( 'NONE',  ( -1.017788105676672700, 0.5876202367904107500, 1.583333333333336400 ) ) ;
#3293 = EDGE_CURVE ( 'NONE', #4490, #4380, #975, .T. ) ;
#3294 = CARTESIAN_POINT ( 'NONE',  ( 1.535890407632282100, -0.2469850266604074200, 3.979649587690041700 ) ) ;
#3295 = CARTESIAN_POINT ( 'NONE',  ( 0.0000000000000000000, 1.500000000000001300, -0.6874999999999963400 ) ) ;
#3296 = CARTESIAN_POINT ( 'NONE',  ( -1.439254484199210300E-016, -1.175240473580867700, -0.6874999999999968900 ) ) ;
#3297 = B_SPLINE_CURVE_WITH_KNOTS ( 'NONE', 3,
 ( #4554, #1169, #3858, #1547, #2247, #4943, #325, #1475, #4176, #4960, #2264, #3046, #3426, #1112, #3529, #3107, #1629, #3585, #3998, #4814, #2505, #3753, #688, #3095 ),
 .UNSPECIFIED., .F., .F.,
 ( 4, 2, 2, 2, 2, 2, 2, 2, 2, 2, 2, 4 ),
 ( 0.01267788831496860700, 0.01324570022009930400, 0.01381351212523000000, 0.01409741807779534900, 0.01438132403036069600, 0.01494913593549139300, 0.01523304188805674200, 0.01551694784062208900, 0.01580085379318743900, 0.01608475974575278600, 0.01665257165088348400, 0.01722038355601417800 ),
 .UNSPECIFIED. ) ;
#3298 = ORIENTED_EDGE ( 'NONE', *, *, #3613, .F. ) ;
#3299 = CARTESIAN_POINT ( 'NONE',  ( -0.1470339073983047700, 1.523879528077759700, 3.402807630076058600 ) ) ;
#3300 = CARTESIAN_POINT ( 'NONE',  ( -0.2078487863861467100, -1.576622122564784300, 3.967077405468491400 ) ) ;
#3301 = DIRECTION ( 'NONE',  ( -0.0000000000000000000, -1.224646799147353000E-016, 1.000000000000000000 ) ) ;
#3302 = ORIENTED_EDGE ( 'NONE', *, *, #2706, .T. ) ;
#3303 = CARTESIAN_POINT ( 'NONE',  ( 1.223275202645722800, -0.1315522744959266300, 0.8403622149059644100 ) ) ;
#3304 = DIRECTION ( 'NONE',  ( 0.0000000000000000000, -1.000000000000000000, 0.0000000000000000000 ) ) ;
#3305 = CARTESIAN_POINT ( 'NONE',  ( -1.836970198721050400E-016, -1.500000000000031800, -2.937499999999996400 ) ) ;
#3306 = VERTEX_POINT ( 'NONE', #286 ) ;
#3307 = VERTEX_POINT ( 'NONE', #1470 ) ;
#3308 = CARTESIAN_POINT ( 'NONE',  ( 0.6785254037844479200, -1.175240473580867700, -2.145833333333330400 ) ) ;
#3309 = CARTESIAN_POINT ( 'NONE',  ( -0.9039058364399601400, -0.7701366689424580200, -4.250000000000000000 ) ) ;
#3310 = CARTESIAN_POINT ( 'NONE',  ( 1.017788105676673100, 0.5876202367904097600, 1.916666666666669800 ) ) ;
#3311 = CARTESIAN_POINT ( 'NONE',  ( 1.322475605676674200, 0.7635316469341244500, 0.6822916666666698500 ) ) ;
#3312 = PLANE ( 'NONE',  #258 ) ;
#3313 = VERTEX_POINT ( 'NONE', #1815 ) ;
#3314 = ADVANCED_FACE ( 'NONE', ( #1765 ), #1457, .T. ) ;
#3315 = CARTESIAN_POINT ( 'NONE',  ( -0.6785254037844487000, -1.175240473580867500, -0.7291666666666638500 ) ) ;
#3316 = CARTESIAN_POINT ( 'NONE',  ( 1.299038105676672200, -0.7500000000000243100, -0.9166666666666641900 ) ) ;
#3317 = AXIS2_PLACEMENT_3D ( 'NONE', #4713, #3556, #867 ) ;
#3318 = CARTESIAN_POINT ( 'NONE',  ( 0.6683182741641441300, -1.316324406687464400, 1.517698181930326400 ) ) ;
#3319 = EDGE_LOOP ( 'NONE', ( #969, #3016, #1261, #4201 ) ) ;
#3320 = DIRECTION ( 'NONE',  ( 0.1045284632676538000, 0.0000000000000000000, 0.9945218953682732900 ) ) ;
#3321 = LOCAL_TIME ( 11, 25, 58.00000000000000000, #2463 ) ;
#3322 = CARTESIAN_POINT ( 'NONE',  ( 1.822570639214263900E-016, 0.2069258640381763100, -0.3390240561570316800 ) ) ;
#3323 = VERTEX_POINT ( 'NONE', #1440 ) ;
#3324 = CARTESIAN_POINT ( 'NONE',  ( -1.357050807568896700, -1.525103422115363800E-014, 0.1875000000000029700 ) ) ;
#3325 = EDGE_LOOP ( 'NONE', ( #2522, #1568, #4801 ) ) ;
#3326 = FACE_OUTER_BOUND ( 'NONE', #536, .T. ) ;
#3327 = EDGE_CURVE ( 'NONE', #3077, #962, #4079, .T. ) ;
#3328 = PLANE ( 'NONE',  #2639 ) ;
#3329 = CARTESIAN_POINT ( 'NONE',  ( 0.3682059365705827000, 0.5251542044367959500, 3.406249999999998700 ) ) ;
#3330 = CARTESIAN_POINT ( 'NONE',  ( 0.6785254037844491400, 1.175240473580836800, -0.04166666666666366000 ) ) ;
#3331 = ORIENTED_EDGE ( 'NONE', *, *, #1828, .T. ) ;
#3332 = CARTESIAN_POINT ( 'NONE',  ( -0.6785254037844482600, 1.175240473580837300, -0.3958333333333302600 ) ) ;
#3333 = CIRCLE ( 'NONE', #2282, 4.606075864237160600 ) ;
#3334 = CARTESIAN_POINT ( 'NONE',  ( 0.0000000000000000000, 1.500000000000001300, 1.250000000000002700 ) ) ;
#3335 =( BOUNDED_CURVE ( )  B_SPLINE_CURVE ( 2, ( #3000, #681, #1795, #4543, #2205, #695, #1843, #2218, #3807, #2972, #1089, #668, #649, #4952, #4495, #3369, #3355, #3386, #3744 ),
 .UNSPECIFIED., .F., .T. ) 
 B_SPLINE_CURVE_WITH_KNOTS ( ( 3, 2, 2, 2, 2, 2, 2, 2, 2, 3 ),
 ( 0.2000000000000000100, 0.2333333333333333400, 0.2666666666666666600, 0.2999999999999999900, 0.3333333333333333100, 0.3666666666666666400, 0.4000000000000000200, 0.4333333333333333500, 0.4666666666666666700, 0.4870130361962937100 ),
 .UNSPECIFIED. ) 
 CURVE ( )  GEOMETRIC_REPRESENTATION_ITEM ( )  RATIONAL_B_SPLINE_CURVE ( ( 1.000000000000000000, 0.8660254037844387100, 1.000000000000000000, 0.8660254037844387100, 1.000000000000000000, 0.8660254037844387100, 1.000000000000000000, 0.8660254037844387100, 1.000000000000000000, 0.8660254037844387100, 1.000000000000000000, 0.8660254037844387100, 1.000000000000000000, 0.8660254037844387100, 1.000000000000000000, 0.8660254037844387100, 1.000000000000000000, 0.9182231007344685600, 0.9362779821555524700 ) ) 
 REPRESENTATION_ITEM ( '' )  );
#3336 = CARTESIAN_POINT ( 'NONE',  ( -0.1879607210211853800, 1.559594178744793100, 3.782412223762202900 ) ) ;
#3337 = CARTESIAN_POINT ( 'NONE',  ( -0.3980426312550015600, -0.4531220514732891600, 3.406249999999998700 ) ) ;
#3338 = CYLINDRICAL_SURFACE ( 'NONE', #1697, 0.2915999999999999700 ) ;
#3339 = CARTESIAN_POINT ( 'NONE',  ( -1.299038105676672400, 0.7499999999999933400, -0.1666666666666641900 ) ) ;
#3340 = LINE ( 'NONE', #2740, #1934 ) ;
#3341 = CARTESIAN_POINT ( 'NONE',  ( -0.1826575322082373300, -1.499946631447521800, 3.406249999999998700 ) ) ;
#3342 = CARTESIAN_POINT ( 'NONE',  ( 0.6785254037844491400, 1.175240473580837300, -4.041666666666664300 ) ) ;
#3343 = FACE_OUTER_BOUND ( 'NONE', #2397, .T. ) ;
#3344 = ADVANCED_FACE ( 'NONE', ( #3202 ), #1693, .T. ) ;
#3345 = CARTESIAN_POINT ( 'NONE',  ( -0.6785254037844487000, -1.175240473580867500, 0.2708333333333361500 ) ) ;
#3346 = DIRECTION ( 'NONE',  ( 0.0000000000000000000, -1.000000000000000000, -1.224646799147353200E-016 ) ) ;
#3347 = CARTESIAN_POINT ( 'NONE',  ( -0.3038685749748706300, -1.145421477373506500, -4.249999999999997300 ) ) ;
#3348 = DIRECTION ( 'NONE',  ( 0.0000000000000000000, 0.0000000000000000000, 1.000000000000000000 ) ) ;
#3349 = CARTESIAN_POINT ( 'NONE',  ( -1.322475605676673800, -0.7635316469341559800, 1.463541666666669000 ) ) ;
#3350 = CARTESIAN_POINT ( 'NONE',  ( 0.0000000000000000000, 1.175240473580837300, -0.4374999999999968900 ) ) ;
#3351 = EDGE_LOOP ( 'NONE', ( #1480, #3972, #1016, #2290 ) ) ;
#3352 = CARTESIAN_POINT ( 'NONE',  ( -0.6785254037844482600, 1.175240473580837300, -0.9583333333333303700 ) ) ;
#3353 = CARTESIAN_POINT ( 'NONE',  ( 1.836970198721030400E-016, 1.500000000000000900, 4.249999999999998200 ) ) ;
#3354 = CARTESIAN_POINT ( 'NONE',  ( -0.6785254037844487000, -1.175240473580867000, -3.791666666666663400 ) ) ;
#3355 = CARTESIAN_POINT ( 'NONE',  ( -1.017788105676672700, -0.5876202367904414000, 0.6666666666666692900 ) ) ;
#3356 = EDGE_CURVE ( 'NONE', #765, #255, #2278, .T. ) ;
#3357 = CARTESIAN_POINT ( 'NONE',  ( -1.439254484199210300E-016, -1.175240473580867300, -3.749999999999997300 ) ) ;
#3358 = CARTESIAN_POINT ( 'NONE',  ( -1.017788105676672700, -0.5876202367904409500, -2.333333333333330400 ) ) ;
#3359 = CARTESIAN_POINT ( 'NONE',  ( -0.5917109473128514500, -0.4347626794466394900, 4.233624606597339300 ) ) ;
#3360 = CARTESIAN_POINT ( 'NONE',  ( 0.0000000000000000000, 1.500000000000001300, -1.187499999999996200 ) ) ;
#3361 = CARTESIAN_POINT ( 'NONE',  ( -1.322475605676673800, -0.7635316469341558700, -0.03645833333333083800 ) ) ;
#3362 = AXIS2_PLACEMENT_3D ( 'NONE', #2490, #4793, #4016 ) ;
#3363 = CARTESIAN_POINT ( 'NONE',  ( 1.357050807568896700, -1.555279963672887300E-014, -0.06249999999999701600 ) ) ;
#3364 = CARTESIAN_POINT ( 'NONE',  ( -1.017788105676672700, -0.5876202367904410600, -1.333333333333330400 ) ) ;
#3365 = ORIENTED_EDGE ( 'NONE', *, *, #1036, .F. ) ;
#3366 = ADVANCED_FACE ( 'NONE', ( #3570 ), #4283, .T. ) ;
#3367 = CARTESIAN_POINT ( 'NONE',  ( -1.535890407632280400, 0.2469850266604171100, 3.979649587690041700 ) ) ;
#3368 = VERTEX_POINT ( 'NONE', #345 ) ;
#3369 = CARTESIAN_POINT ( 'NONE',  ( -1.357050807568896700, -1.530461251861633300E-014, 0.6250000000000028900 ) ) ;
#3370 = CARTESIAN_POINT ( 'NONE',  ( -1.017788105676672700, 0.5876202367904115300, -4.416666666666663400 ) ) ;
#3371 = ORIENTED_EDGE ( 'NONE', *, *, #4605, .F. ) ;
#3372 = DIRECTION ( 'NONE',  ( 0.0000000000000000000, -1.000000000000000000, 0.0000000000000000000 ) ) ;
#3373 = FACE_OUTER_BOUND ( 'NONE', #887, .T. ) ;
#3374 = CARTESIAN_POINT ( 'NONE',  ( 0.0000000000000000000, 1.527063293868266900, -3.703124999999997300 ) ) ;
#3375 = CARTESIAN_POINT ( 'NONE',  ( -1.836970198721050400E-016, -1.500000000000031800, -2.999999999999997300 ) ) ;
#3376 = CARTESIAN_POINT ( 'NONE',  ( -0.8660254037844482600, 1.500000000000002200, -3.708333333333330400 ) ) ;
#3377 = ORIENTED_EDGE ( 'NONE', *, *, #981, .F. ) ;
#3378 = CARTESIAN_POINT ( 'NONE',  ( 1.322475605676673300, -0.7635316469341568700, 0.1302083333333357900 ) ) ;
#3379 = CARTESIAN_POINT ( 'NONE',  ( -1.763300807568898100, -1.537349890106837300E-014, 1.390625000000003100 ) ) ;
#3380 = CARTESIAN_POINT ( 'NONE',  ( -1.480908766186232100, -0.1867183014945870400, 3.406249999999998700 ) ) ;
#3381 = B_SPLINE_CURVE_WITH_KNOTS ( 'NONE', 3,
 ( #3758, #667, #3787, #4122, #2562, #1024, #633, #2608, #4560, #2970, #1054, #4132, #3017, #1467, #3367, #3404 ),
 .UNSPECIFIED., .F., .F.,
 ( 4, 3, 3, 3, 3, 4 ),
 ( 0.0000000000000000000, 1.470844003612278600E-005, 2.939417830357489800E-005, 4.442267351837480900E-005, 5.988482598158422000E-005, 6.364891938351370800E-005 ),
 .UNSPECIFIED. ) ;
#3382 = VERTEX_POINT ( 'NONE', #2342 ) ;
#3383 = CIRCLE ( 'NONE', #1187, 4.608510497053428500 ) ;
#3384 = CARTESIAN_POINT ( 'NONE',  ( -0.6785254037844482600, 1.175240473580837300, -1.895833333333330400 ) ) ;
#3385 = EDGE_CURVE ( 'NONE', #3743, #54, #133, .T. ) ;
#3386 = CARTESIAN_POINT ( 'NONE',  ( -0.8224771000300880000, -0.9259088218476980700, 0.6906538557187477100 ) ) ;
#3387 = ORIENTED_EDGE ( 'NONE', *, *, #87, .F. ) ;
#3388 = CC_DESIGN_APPROVAL ( #3897, ( #1888 ) ) ;
#3389 = VECTOR ( 'NONE', #3280, 1000.000000000000200 ) ;
#3390 = CARTESIAN_POINT ( 'NONE',  ( -0.6785254037844482600, 1.175240473580837300, -2.395833333333330400 ) ) ;
#3391 = ADVANCED_FACE ( 'NONE', ( #2605 ), #191, .T. ) ;
#3392 = CARTESIAN_POINT ( 'NONE',  ( 1.017788105676673100, 0.5876202367904098700, 0.9791666666666696300 ) ) ;
#3393 = CARTESIAN_POINT ( 'NONE',  ( 0.6785254037844491400, 1.175240473580837100, -2.041666666666663900 ) ) ;
#3394 = EDGE_CURVE ( 'NONE', #3323, #845, #1014, .T. ) ;
#3395 = CARTESIAN_POINT ( 'NONE',  ( 0.3682059365705812000, -0.5251542044367981700, 3.406249999999998700 ) ) ;
#3396 = CONICAL_SURFACE ( 'NONE', #1498, 1.619999999999998100, 0.1047197551196600000 ) ;
#3397 =( BOUNDED_SURFACE ( )  B_SPLINE_SURFACE ( 1, 2, ( 
 ( #3033, #3013, #678, #2634, #4522, #644, #2964, #1083, #4165, #282, #4898, #4881, #4108, #4914, #691, #1053, #1824, #2204, #1020, #2606, #3402, #662, #295, #3721, #3772, #1792, #1839, #2250, #3364, #1454, #3785, #1466, #708, #1404, #4491, #2188, #2573, #3352, #1040, #3738, #2321, #2652, #4604, #2694, #4230, #3060, #1896, #3478, #1912, #375, #3431, #404, #1880, #15, #1551, #4964, #34, #726, #4635, #1115, #740 ),
 ( #391, #3816, #4247, #4993, #2283, #2716, #1130, #3049, #3802, #1499, #1102, #1479, #2268, #339, #4180, #4980, #4196, #3110, #4617, #2668, #4589, #3863, #357, #3830, #3448, #1517, #4210, #2304, #2683, #3076, #749, #3093, #3465, #1150, #3845, #1531, #768, #1173, #1933, #2338, #1870, #4569, #3415, #3542, #482, #3894, #1983, #790, #75, #86, #1571, #4326, #47, #436, #2732, #3515, #4682, #2785, #1963, #3496, #3157 ) ),
 .UNSPECIFIED., .F., .F., .F. ) 
 B_SPLINE_SURFACE_WITH_KNOTS ( ( 2, 2 ),
 ( 3, 2, 2, 2, 2, 2, 2, 2, 2, 2, 2, 2, 2, 2, 2, 2, 2, 2, 2, 2, 2, 2, 2, 2, 2, 2, 2, 2, 2, 2, 3 ),
 ( 0.0000000000000000000, 1.000000000000000000 ),
 ( 0.0000000000000000000, 0.03333333333333333300, 0.06666666666666666600, 0.1000000000000000100, 0.1333333333333333300, 0.1666666666666666600, 0.2000000000000000100, 0.2333333333333333400, 0.2666666666666666600, 0.2999999999999999900, 0.3333333333333333100, 0.3666666666666666400, 0.4000000000000000200, 0.4333333333333333500, 0.4666666666666666700, 0.5000000000000000000, 0.5333333333333333300, 0.5666666666666666500, 0.5999999999999999800, 0.6333333333333333000, 0.6666666666666666300, 0.6999999999999999600, 0.7333333333333332800, 0.7666666666666667200, 0.8000000000000000400, 0.8333333333333333700, 0.8666666666666667000, 0.9000000000000000200, 0.9333333333333333500, 0.9666666666666666700, 1.000000000000000000 ),
 .UNSPECIFIED. ) 
 GEOMETRIC_REPRESENTATION_ITEM ( )  RATIONAL_B_SPLINE_SURFACE ( (
 ( 1.000000000000000000, 0.8660254037844387100, 1.000000000000000000, 0.8660254037844387100, 1.000000000000000000, 0.8660254037844387100, 1.000000000000000000, 0.8660254037844387100, 1.000000000000000000, 0.8660254037844387100, 1.000000000000000000, 0.8660254037844387100, 1.000000000000000000, 0.8660254037844387100, 1.000000000000000000, 0.8660254037844387100, 1.000000000000000000, 0.8660254037844387100, 1.000000000000000000, 0.8660254037844387100, 1.000000000000000000, 0.8660254037844387100, 1.000000000000000000, 0.8660254037844387100, 1.000000000000000000, 0.8660254037844387100, 1.000000000000000000, 0.8660254037844387100, 1.000000000000000000, 0.8660254037844387100, 1.000000000000000000, 0.8660254037844387100, 1.000000000000000000, 0.8660254037844387100, 1.000000000000000000, 0.8660254037844387100, 1.000000000000000000, 0.8660254037844387100, 1.000000000000000000, 0.8660254037844387100, 1.000000000000000000, 0.8660254037844387100, 1.000000000000000000, 0.8660254037844387100, 1.000000000000000000, 0.8660254037844387100, 1.000000000000000000, 0.8660254037844387100, 1.000000000000000000, 0.8660254037844387100, 1.000000000000000000, 0.8660254037844387100, 1.000000000000000000, 0.8660254037844387100, 1.000000000000000000, 0.8660254037844387100, 1.000000000000000000, 0.8660254037844387100, 1.000000000000000000, 0.8660254037844387100, 1.000000000000000000),
 ( 1.000000000000000000, 0.8660254037844387100, 1.000000000000000000, 0.8660254037844387100, 1.000000000000000000, 0.8660254037844387100, 1.000000000000000000, 0.8660254037844387100, 1.000000000000000000, 0.8660254037844387100, 1.000000000000000000, 0.8660254037844387100, 1.000000000000000000, 0.8660254037844387100, 1.000000000000000000, 0.8660254037844387100, 1.000000000000000000, 0.8660254037844387100, 1.000000000000000000, 0.8660254037844387100, 1.000000000000000000, 0.8660254037844387100, 1.000000000000000000, 0.8660254037844387100, 1.000000000000000000, 0.8660254037844387100, 1.000000000000000000, 0.8660254037844387100, 1.000000000000000000, 0.8660254037844387100, 1.000000000000000000, 0.8660254037844387100, 1.000000000000000000, 0.8660254037844387100, 1.000000000000000000, 0.8660254037844387100, 1.000000000000000000, 0.8660254037844387100, 1.000000000000000000, 0.8660254037844387100, 1.000000000000000000, 0.8660254037844387100, 1.000000000000000000, 0.8660254037844387100, 1.000000000000000000, 0.8660254037844387100, 1.000000000000000000, 0.8660254037844387100, 1.000000000000000000, 0.8660254037844387100, 1.000000000000000000, 0.8660254037844387100, 1.000000000000000000, 0.8660254037844387100, 1.000000000000000000, 0.8660254037844387100, 1.000000000000000000, 0.8660254037844387100, 1.000000000000000000, 0.8660254037844387100, 1.000000000000000000) ) ) 
 REPRESENTATION_ITEM ( '' )  SURFACE ( )  );
#3398 = DIRECTION ( 'NONE',  ( 0.0000000000000000000, -1.224646799147353200E-016, 1.000000000000000000 ) ) ;
#3399 = CARTESIAN_POINT ( 'NONE',  ( -0.6785254037844480300, 1.175240473580837500, -1.958333333333330200 ) ) ;
#3400 = CARTESIAN_POINT ( 'NONE',  ( 0.8816504037844485900, -1.527063293868297800, 1.588541666666669000 ) ) ;
#3401 = CARTESIAN_POINT ( 'NONE',  ( 1.299038105676672200, -0.7500000000000245400, 0.6458333333333365900 ) ) ;
#3402 = CARTESIAN_POINT ( 'NONE',  ( 1.017788105676672200, -0.5876202367904418400, -1.666666666666663600 ) ) ;
#3403 = FACE_OUTER_BOUND ( 'NONE', #2343, .T. ) ;
#3404 = CARTESIAN_POINT ( 'NONE',  ( -1.534691860997133800, 0.2470292989821912800, 3.980070810694635000 ) ) ;
#3405 = DIRECTION ( 'NONE',  ( 0.9238795325112890700, 0.3826834323650841200, 0.0000000000000000000 ) ) ;
#3406 = CARTESIAN_POINT ( 'NONE',  ( 0.6785254037844479200, -1.175240473580867700, -2.145833333333330400 ) ) ;
#3407 = CARTESIAN_POINT ( 'NONE',  ( -1.017788105676672700, 0.5876202367904107500, 1.145833333333336400 ) ) ;
#3408 = CARTESIAN_POINT ( 'NONE',  ( 1.322475605676674200, 0.7635316469341250100, -3.786458333333330400 ) ) ;
#3409 = CARTESIAN_POINT ( 'NONE',  ( -0.8816504037844494800, -1.527063293868296400, -2.026041666666663400 ) ) ;
#3410 = CARTESIAN_POINT ( 'NONE',  ( 1.299038105676672900, 0.7499999999999922300, -1.270833333333329700 ) ) ;
#3411 = CARTESIAN_POINT ( 'NONE',  ( -6.378809645658464000E-016, -0.1867183014945859000, 3.406249999999998700 ) ) ;
#3412 = DIRECTION ( 'NONE',  ( -0.0000000000000000000, -1.224646799147353200E-016, 1.000000000000000000 ) ) ;
#3413 = CARTESIAN_POINT ( 'NONE',  ( 1.299038105676673100, 0.7499999999999920100, 0.7291666666666699600 ) ) ;
#3414 = AXIS2_PLACEMENT_3D ( 'NONE', #863, #2092, #576 ) ;
#3415 = CARTESIAN_POINT ( 'NONE',  ( -1.870113174931205300E-016, -1.527063293868297100, -0.9531249999999971100 ) ) ;
#3416 = ADVANCED_FACE ( 'NONE', ( #904 ), #364, .T. ) ;
#3417 = AXIS2_PLACEMENT_3D ( 'NONE', #1548, #2691, #4275 ) ;
#3418 = CARTESIAN_POINT ( 'NONE',  ( -1.017788105676672700, 0.5876202367904112000, -1.916666666666663900 ) ) ;
#3419 = CARTESIAN_POINT ( 'NONE',  ( -1.836970198721050400E-016, -1.500000000000032000, 0.5000000000000022200 ) ) ;
#3420 = EDGE_CURVE ( 'NONE', #461, #4035, #3621, .T. ) ;
#3421 = ORIENTED_EDGE ( 'NONE', *, *, #4640, .F. ) ;
#3422 = CARTESIAN_POINT ( 'NONE',  ( -1.017788105676672700, -0.5876202367904415100, 1.729166666666669400 ) ) ;
#3423 = CARTESIAN_POINT ( 'NONE',  ( -0.6785254037844482600, 1.175240473580837300, -2.958333333333329900 ) ) ;
#3424 = CARTESIAN_POINT ( 'NONE',  ( 1.322475605676673300, -0.7635316469341564300, -3.401041666666663400 ) ) ;
#3425 = ORIENTED_EDGE ( 'NONE', *, *, #1886, .F. ) ;
#3426 = CARTESIAN_POINT ( 'NONE',  ( -1.438181900812964400, -0.2195776579089582000, 1.477948715260991100 ) ) ;
#3427 = DIRECTION ( 'NONE',  ( 0.1045284632676538300, 0.0000000000000000000, 0.9945218953682734000 ) ) ;
#3428 = CARTESIAN_POINT ( 'NONE',  ( -0.8816504037844489200, 1.527063293868266700, -2.192708333333329900 ) ) ;
#3429 = CARTESIAN_POINT ( 'NONE',  ( 1.017788105676672200, -0.5876202367904424000, 1.895833333333335900 ) ) ;
#3430 = ORIENTED_EDGE ( 'NONE', *, *, #1858, .F. ) ;
#3431 = CARTESIAN_POINT ( 'NONE',  ( -1.017788105676672700, 0.5876202367904110900, -0.4166666666666636900 ) ) ;
#3432 = ORIENTED_EDGE ( 'NONE', *, *, #320, .T. ) ;
#3433 = VERTEX_POINT ( 'NONE', #1192 ) ;
#3434 = DIRECTION ( 'NONE',  ( 0.0000000000000000000, -1.000000000000000000, 0.0000000000000000000 ) ) ;
#3435 = CARTESIAN_POINT ( 'NONE',  ( -0.6785254037844482600, 1.175240473580837300, -1.958333333333330200 ) ) ;
#3436 = VERTEX_POINT ( 'NONE', #4723 ) ;
#3437 = CARTESIAN_POINT ( 'NONE',  ( 1.299038105676672200, -0.7500000000000244200, 0.5833333333333355900 ) ) ;
#3438 = ADVANCED_FACE ( 'NONE', ( #2975 ), #3263, .T. ) ;
#3439 = CARTESIAN_POINT ( 'NONE',  ( -0.6785254037844482600, 1.175240473580837300, 0.04166666666666967600 ) ) ;
#3440 = ORIENTED_EDGE ( 'NONE', *, *, #1828, .F. ) ;
#3441 = CARTESIAN_POINT ( 'NONE',  ( 0.8816504037844498100, 1.527063293868266400, -2.276041666666663900 ) ) ;
#3442 = AXIS2_PLACEMENT_3D ( 'NONE', #4567, #2692, #3827 ) ;
#3443 = CARTESIAN_POINT ( 'NONE',  ( -0.8660254037844472600, 1.500000000000003100, -2.645833333333329500 ) ) ;
#3444 = CARTESIAN_POINT ( 'NONE',  ( 1.017788105676673100, 0.5876202367904102000, -1.083333333333330400 ) ) ;
#3445 = CARTESIAN_POINT ( 'NONE',  ( 1.517185018027142200, 0.2270432730400783500, 3.789916475889965500 ) ) ;
#3446 = EDGE_LOOP ( 'NONE', ( #1328, #483, #2028, #4272 ) ) ;
#3447 = ORIENTED_EDGE ( 'NONE', *, *, #113, .F. ) ;
#3448 = CARTESIAN_POINT ( 'NONE',  ( 0.0000000000000000000, 1.527063293868266700, -1.703124999999997100 ) ) ;
#3449 = AXIS2_PLACEMENT_3D ( 'NONE', #4688, #1591, #2009 ) ;
#3450 = ORIENTED_EDGE ( 'NONE', *, *, #1572, .F. ) ;
#3451 = DIRECTION ( 'NONE',  ( 0.0000000000000000000, -1.000000000000000000, -1.463160826566133600E-016 ) ) ;
#3452 = CARTESIAN_POINT ( 'NONE',  ( 0.6785254037844479200, -1.175240473580867700, -0.6458333333333302600 ) ) ;
#3453 = FACE_OUTER_BOUND ( 'NONE', #359, .T. ) ;
#3454 = EDGE_CURVE ( 'NONE', #877, #1909, #4396, .T. ) ;
#3455 = DIRECTION ( 'NONE',  ( 0.0000000000000000000, -1.000000000000000000, 0.0000000000000000000 ) ) ;
#3456 = CC_DESIGN_PERSON_AND_ORGANIZATION_ASSIGNMENT ( #2536, #2784, ( #1888 ) ) ;
#3457 = CYLINDRICAL_SURFACE ( 'NONE', #3317, 1.500000000000000400 ) ;
#3458 = CARTESIAN_POINT ( 'NONE',  ( 0.6785254037844479200, -1.175240473580867700, 0.3541666666666695200 ) ) ;
#3459 = CARTESIAN_POINT ( 'NONE',  ( 0.8816504037844485900, -1.527063293868297500, -2.911458333333330800 ) ) ;
#3460 = CARTESIAN_POINT ( 'NONE',  ( -1.322475605676673800, -0.7635316469341554300, -3.067708333333330400 ) ) ;
#3461 = VECTOR ( 'NONE', #278, 999.9999999999998900 ) ;
#3462 = CARTESIAN_POINT ( 'NONE',  ( -1.017788105676672700, 0.5876202367904112000, -1.916666666666663900 ) ) ;
#3463 = CARTESIAN_POINT ( 'NONE',  ( -0.8816504037844494800, -1.527063293868296400, -2.026041666666663400 ) ) ;
#3464 = CARTESIAN_POINT ( 'NONE',  ( 1.732050807568896700, -1.571353452911695800E-014, 0.6875000000000031100 ) ) ;
#3465 = CARTESIAN_POINT ( 'NONE',  ( 1.322475605676673300, -0.7635316469341567600, -1.369791666666663900 ) ) ;
#3466 = ADVANCED_FACE ( 'NONE', ( #4766 ), #1527, .F. ) ;
#3467 = CARTESIAN_POINT ( 'NONE',  ( 0.0000000000000000000, 1.500000000000001300, 0.7500000000000026600 ) ) ;
#3468 = CARTESIAN_POINT ( 'NONE',  ( 1.357050807568896700, -1.536910261685676700E-014, -1.562499999999997100 ) ) ;
#3469 = EDGE_LOOP ( 'NONE', ( #4683, #332, #496, #4587 ) ) ;
#3470 = DIRECTION ( 'NONE',  ( -0.0000000000000000000, -1.224646799147353000E-016, 1.000000000000000000 ) ) ;
#3471 = DIRECTION ( 'NONE',  ( -0.0000000000000000000, -1.224646799147353200E-016, 1.000000000000000000 ) ) ;
#3472 = CARTESIAN_POINT ( 'NONE',  ( -1.870113174931205300E-016, -1.527063293868296600, -3.984374999999996400 ) ) ;
#3473 = CARTESIAN_POINT ( 'NONE',  ( 1.357050807568896700, -1.511651921453262700E-014, -3.624999999999996900 ) ) ;
#3474 = CARTESIAN_POINT ( 'NONE',  ( -0.6785254037844482600, 1.175240473580837300, -3.458333333333330400 ) ) ;
#3475 = CARTESIAN_POINT ( 'NONE',  ( 0.8660254037844498100, 1.500000000000000000, -2.729166666666663900 ) ) ;
#3476 = CARTESIAN_POINT ( 'NONE',  ( -1.322475605676673500, 0.7635316469341260100, -1.651041666666663400 ) ) ;
#3477 = MECHANICAL_CONTEXT ( 'NONE', #806, 'mechanical' ) ;
#3478 = CARTESIAN_POINT ( 'NONE',  ( 0.6785254037844491400, 1.175240473580836800, -0.5416666666666638500 ) ) ;
#3479 = EDGE_CURVE ( 'NONE', #242, #66, #2475, .T. ) ;
#3480 = CARTESIAN_POINT ( 'NONE',  ( 0.8660254037844519200, -1.500000000000025100, -1.458333333333329900 ) ) ;
#3481 = AXIS2_PLACEMENT_3D ( 'NONE', #3828, #4293, #2368 ) ;
#3482 = CARTESIAN_POINT ( 'NONE',  ( -1.439254484199210300E-016, -1.175240473580867700, -1.187499999999996900 ) ) ;
#3483 = ORIENTED_EDGE ( 'NONE', *, *, #3067, .T. ) ;
#3484 = CARTESIAN_POINT ( 'NONE',  ( 0.6450006328158935900, -1.070485961033730100, 0.8923979192574379400 ) ) ;
#3485 = CARTESIAN_POINT ( 'NONE',  ( -1.383967202856271500, 0.1367646796151132700, 1.301980232743232200 ) ) ;
#3486 = ORIENTED_EDGE ( 'NONE', *, *, #2615, .T. ) ;
#3487 = CARTESIAN_POINT ( 'NONE',  ( 0.0000000000000000000, -2.287307525620818200, 1.749999999999997300 ) ) ;
#3488 = EDGE_CURVE ( 'NONE', #161, #4916, #857, .T. ) ;
#3489 = ORIENTED_EDGE ( 'NONE', *, *, #4021, .T. ) ;
#3490 = CARTESIAN_POINT ( 'NONE',  ( 1.017788105676672200, -0.5876202367904417300, -2.666666666666663400 ) ) ;
#3491 = CARTESIAN_POINT ( 'NONE',  ( -0.8816504037844489200, 1.527063293868266700, -3.161458333333330400 ) ) ;
#3492 = CARTESIAN_POINT ( 'NONE',  ( 0.6785254037844479200, -1.175240473580867700, -3.145833333333330400 ) ) ;
#3493 = CARTESIAN_POINT ( 'NONE',  ( 0.0000000000000000000, 1.175240473580837300, 3.035766082959412400E-015 ) ) ;
#3494 = ORIENTED_EDGE ( 'NONE', *, *, #4574, .F. ) ;
#3495 = CARTESIAN_POINT ( 'NONE',  ( -1.763300807568898100, -1.506733720128153500E-014, -1.109374999999996900 ) ) ;
#3496 = CARTESIAN_POINT ( 'NONE',  ( 0.8816504037844498100, 1.527063293868266400, -0.2447916666666639900 ) ) ;
#3497 = ORIENTED_EDGE ( 'NONE', *, *, #792, .T. ) ;
#3498 = APPROVAL_PERSON_ORGANIZATION ( #3612, #2439, #1201 ) ;
#3499 = CARTESIAN_POINT ( 'NONE',  ( -0.6785254037844480300, 1.175240473580837700, -3.958333333333330400 ) ) ;
#3500 = CARTESIAN_POINT ( 'NONE',  ( 1.017788105676673100, 0.5876202367904100900, -0.08333333333333023400 ) ) ;
#3501 = CARTESIAN_POINT ( 'NONE',  ( 0.6392854367586843200, 1.161698726394632300, 1.103588374202756600 ) ) ;
#3502 = CARTESIAN_POINT ( 'NONE',  ( -0.2219105846160746600, -1.572391632816124700, 3.967918235607997600 ) ) ;
#3503 = ORIENTED_EDGE ( 'NONE', *, *, #634, .F. ) ;
#3504 = VERTEX_POINT ( 'NONE', #4315 ) ;
#3505 = CARTESIAN_POINT ( 'NONE',  ( 0.0000000000000000000, 1.489743855638744500E-015, -4.250000000000000000 ) ) ;
#3506 = FACE_OUTER_BOUND ( 'NONE', #4631, .T. ) ;
#3507 = CARTESIAN_POINT ( 'NONE',  ( 2.423342852320893400E-015, -5.499639599344713400E-016, 3.406249999999998700 ) ) ;
#3508 = CARTESIAN_POINT ( 'NONE',  ( -1.322475605676673500, 0.7635316469341262300, -3.119791666666663900 ) ) ;
#3509 = EDGE_LOOP ( 'NONE', ( #2956, #3839, #3083, #3135 ) ) ;
#3510 = CARTESIAN_POINT ( 'NONE',  ( -1.357050807568896700, -1.469994316153733000E-014, -4.312499999999996400 ) ) ;
#3511 = LINE ( 'NONE', #983, #2115 ) ;
#3512 = DIRECTION ( 'NONE',  ( 1.000000000000000000, 0.0000000000000000000, 0.0000000000000000000 ) ) ;
#3513 = CARTESIAN_POINT ( 'NONE',  ( -0.8816504037844489200, 1.527063293868266400, -0.1927083333333303200 ) ) ;
#3514 = APPLICATION_PROTOCOL_DEFINITION ( 'international standard', 'config_control_design', 1994, #4307 ) ;
#3515 = CARTESIAN_POINT ( 'NONE',  ( 0.8816504037844485900, -1.527063293868297500, -0.4114583333333304800 ) ) ;
#3516 = AXIS2_PLACEMENT_3D ( 'NONE', #832, #2729, #4244 ) ;
#3517 = FACE_OUTER_BOUND ( 'NONE', #2411, .T. ) ;
#3518 = ADVANCED_FACE ( 'NONE', ( #4164 ), #2906, .T. ) ;
#3519 = AXIS2_PLACEMENT_3D ( 'NONE', #1944, #368, #350 ) ;
#3520 = CARTESIAN_POINT ( 'NONE',  ( 1.646767242728461800E-016, 1.187500000000006200, -4.250000000000000000 ) ) ;
#3521 = CARTESIAN_POINT ( 'NONE',  ( -1.635149679182389000E-016, -1.335201039451426400, 1.157646724234911100 ) ) ;
#3522 = EDGE_CURVE ( 'NONE', #596, #2825, #4733, .T. ) ;
#3523 = LINE ( 'NONE', #2100, #3154 ) ;
#3524 = CARTESIAN_POINT ( 'NONE',  ( 6.413709527678480200E-017, -3.076407964170014400E-015, 3.967077405468492300 ) ) ;
#3525 = CARTESIAN_POINT ( 'NONE',  ( 1.017788105676672200, -0.5876202367904422900, 1.333333333333336100 ) ) ;
#3526 = CARTESIAN_POINT ( 'NONE',  ( -1.491192056489762300, -0.1857697912671105500, 3.406249999999998700 ) ) ;
#3527 = CARTESIAN_POINT ( 'NONE',  ( -1.439254484199210300E-016, -1.175240473580867500, -2.187499999999997300 ) ) ;
#3528 = CARTESIAN_POINT ( 'NONE',  ( 1.498883479085572700, -0.2066060943415874700, 3.595469709336403400 ) ) ;
#3529 = CARTESIAN_POINT ( 'NONE',  ( -1.372493554955910100, -0.4967423799518851400, 1.491017998178958400 ) ) ;
#3530 = CARTESIAN_POINT ( 'NONE',  ( -1.322475605676673800, -0.7635316469341558700, -0.06770833333333020600 ) ) ;
#3531 = CARTESIAN_POINT ( 'NONE',  ( 0.5883555573418841600, 0.4314072894756711400, 4.191913363870521700 ) ) ;
#3532 = CARTESIAN_POINT ( 'NONE',  ( 0.6785254037844491400, 1.175240473580836800, -0.5416666666666638500 ) ) ;
#3533 = ORIENTED_EDGE ( 'NONE', *, *, #921, .T. ) ;
#3534 = CARTESIAN_POINT ( 'NONE',  ( 0.8660254037844489200, 1.500000000000001600, -3.791666666666664700 ) ) ;
#3535 = CARTESIAN_POINT ( 'NONE',  ( -1.524031224859954100, 0.1492243482503844400, 3.406249999999998700 ) ) ;
#3536 = AXIS2_PLACEMENT_3D ( 'NONE', #2197, #1031, #2180 ) ;
#3537 = CARTESIAN_POINT ( 'NONE',  ( 0.0000000000000000000, 1.175240473580837100, 2.000000000000003100 ) ) ;
#3538 = CARTESIAN_POINT ( 'NONE',  ( -1.504658928399267700, -0.1800167148843542000, 3.406249999999998700 ) ) ;
#3539 = CARTESIAN_POINT ( 'NONE',  ( 0.6785254037844491400, 1.175240473580837100, -1.979166666666663900 ) ) ;
#3540 = EDGE_LOOP ( 'NONE', ( #4764, #2269, #3143, #1805 ) ) ;
#3541 = CARTESIAN_POINT ( 'NONE',  ( -1.017788105676672700, 0.5876202367904112000, -1.854166666666663600 ) ) ;
#3542 = CARTESIAN_POINT ( 'NONE',  ( 0.8816504037844485900, -1.527063293868297500, -0.9114583333333305900 ) ) ;
#3543 = EDGE_CURVE ( 'NONE', #54, #3307, #119, .T. ) ;
#3544 = ORIENTED_EDGE ( 'NONE', *, *, #4769, .T. ) ;
#3545 =( BOUNDED_SURFACE ( )  B_SPLINE_SURFACE ( 3, 2, ( 
 ( #783, #3823, #2346 ),
 ( #1524, #760, #43 ),
 ( #1138, #2726, #3889 ),
 ( #2314, #1510, #1582 ) ),
 .UNSPECIFIED., .F., .F., .T. ) 
 B_SPLINE_SURFACE_WITH_KNOTS ( ( 4, 4 ),
 ( 3, 3 ),
 ( 0.001033242954321069000, 0.001619677831743903700 ),
 ( 0.0000000000000000000, 1.000000000000000000 ),
 .UNSPECIFIED. ) 
 GEOMETRIC_REPRESENTATION_ITEM ( )  RATIONAL_B_SPLINE_SURFACE ( (
 ( 1.000000000000000000, 0.7553668689655797000, 1.000000000000000000),
 ( 1.000000000000000000, 0.7516316303512876600, 1.000000000000000000),
 ( 1.000000000000000000, 0.7477224903184176400, 1.000000000000000000),
 ( 1.000000000000000000, 0.7436119262774213400, 1.000000000000000000) ) ) 
 REPRESENTATION_ITEM ( '' )  SURFACE ( )  );
#3546 = CARTESIAN_POINT ( 'NONE',  ( -1.322475605676673500, 0.7635316469341257900, 0.3489583333333365300 ) ) ;
#3547 = CARTESIAN_POINT ( 'NONE',  ( 1.017788105676673100, 0.5876202367904106400, -4.083333333333330400 ) ) ;
#3548 = CARTESIAN_POINT ( 'NONE',  ( 0.6897924910368925500, -1.161656999348722000, 1.192929063142597700 ) ) ;
#3549 = DIRECTION ( 'NONE',  ( -1.000000000000000000, 0.0000000000000000000, -0.0000000000000000000 ) ) ;
#3550 = ORIENTED_EDGE ( 'NONE', *, *, #497, .F. ) ;
#3551 = CARTESIAN_POINT ( 'NONE',  ( -1.480580224328585500, -0.1863564938587312100, 3.402807630290145500 ) ) ;
#3552 = FACE_OUTER_BOUND ( 'NONE', #3169, .T. ) ;
#3553 = CARTESIAN_POINT ( 'NONE',  ( -1.732050807568896500, -1.525103422115363800E-014, 0.3750000000000024400 ) ) ;
#3554 = EDGE_CURVE ( 'NONE', #4525, #2755, #4905, .T. ) ;
#3555 = B_SPLINE_CURVE_WITH_KNOTS ( 'NONE', 3,
 ( #1274, #3216, #4355, #3988, #2812, #2452, #4745, #168, #151, #4731, #3624, #511, #2048, #4763, #4780, #2438, #871, #4342 ),
 .UNSPECIFIED., .F., .F.,
 ( 4, 2, 2, 2, 2, 2, 2, 2, 4 ),
 ( 0.0000000000000000000, 0.0004800149881356182100, 0.0009600299762712364300, 0.001440044964406855100, 0.001920059952542473700, 0.002400074940678092100, 0.002880089928813711000, 0.003360104916949329900, 0.003840119905084948300 ),
 .UNSPECIFIED. ) ;
#3556 = DIRECTION ( 'NONE',  ( -0.0000000000000000000, -1.224646799147353200E-016, 1.000000000000000000 ) ) ;
#3557 = CARTESIAN_POINT ( 'NONE',  ( -1.512083700825214100, -0.1735972396126743400, 3.406249999999998700 ) ) ;
#3558 = EDGE_LOOP ( 'NONE', ( #775, #27, #3640, #300 ) ) ;
#3559 = CARTESIAN_POINT ( 'NONE',  ( -1.357050807568896700, -1.482240784145206500E-014, -3.312499999999996400 ) ) ;
#3560 = CARTESIAN_POINT ( 'NONE',  ( 1.763300807568898100, -1.546860516928749100E-014, -1.359374999999996900 ) ) ;
#3561 = ORIENTED_EDGE ( 'NONE', *, *, #2410, .T. ) ;
#3562 = VERTEX_POINT ( 'NONE', #471 ) ;
#3563 = ORIENTED_EDGE ( 'NONE', *, *, #4170, .F. ) ;
#3564 = CARTESIAN_POINT ( 'NONE',  ( -1.017788105676672700, -0.5876202367904409500, -2.333333333333330400 ) ) ;
#3565 = CARTESIAN_POINT ( 'NONE',  ( 0.9103173063386321700, -1.005003984341488400, 1.206631879329558500 ) ) ;
#3566 = FACE_OUTER_BOUND ( 'NONE', #410, .T. ) ;
#3567 = CARTESIAN_POINT ( 'NONE',  ( 0.1826575322082375200, 1.499946631447521200, 3.406249999999998700 ) ) ;
#3568 = CARTESIAN_POINT ( 'NONE',  ( -1.357050807568896700, -1.500610486132416700E-014, -1.812499999999996900 ) ) ;
#3569 = B_SPLINE_CURVE_WITH_KNOTS ( 'NONE', 3,
 ( #4361, #2420, #1238, #3614, #3166, #109, #1623 ),
 .UNSPECIFIED., .F., .F.,
 ( 4, 3, 4 ),
 ( 8.741117365843378200E-019, 0.0002928193619181943000, 0.0005794830383588857200 ),
 .UNSPECIFIED. ) ;
#3570 = FACE_OUTER_BOUND ( 'NONE', #3201, .T. ) ;
#3571 = CARTESIAN_POINT ( 'NONE',  ( -0.4472068289758602800, -1.369565227722281800, 1.439708841989383500 ) ) ;
#3572 =( BOUNDED_CURVE ( )  B_SPLINE_CURVE ( 3, ( #4517, #2995, #3717, #3329 ),
 .UNSPECIFIED., .F., .F. ) 
 B_SPLINE_CURVE_WITH_KNOTS ( ( 4, 4 ),
 ( 2.751161613710442700, 3.532023693469144000 ),
 .UNSPECIFIED. ) 
 CURVE ( )  GEOMETRIC_REPRESENTATION_ITEM ( )  RATIONAL_B_SPLINE_CURVE ( ( 1.000000000000000000, 0.9498300650479265500, 0.9498300650479265500, 1.000000000000000000 ) ) 
 REPRESENTATION_ITEM ( '' )  );
#3573 = CYLINDRICAL_SURFACE ( 'NONE', #1853, 1.500000000000000400 ) ;
#3574 = CARTESIAN_POINT ( 'NONE',  ( 0.2368691645223710000, 1.525790193410408600, 3.883403588540147200 ) ) ;
#3575 = CARTESIAN_POINT ( 'NONE',  ( -0.6785254037844482600, 1.175240473580837300, -0.3958333333333304800 ) ) ;
#3576 = CARTESIAN_POINT ( 'NONE',  ( -1.136528583736147600, 0.6242148788189219000, 1.020933162974071400 ) ) ;
#3577 = B_SPLINE_CURVE_WITH_KNOTS ( 'NONE', 3,
 ( #1034, #3733, #3716, #3007, #2551, #1415, #1400, #3752, #1788, #310, #4534, #673, #4139, #4486, #2981, #2993 ),
 .UNSPECIFIED., .F., .F.,
 ( 4, 3, 3, 3, 3, 4 ),
 ( 0.0000000000000000000, 1.463772298357061000E-005, 2.928092099299660300E-005, 4.384939631435137900E-005, 5.839568215676212000E-005, 6.381151604612062000E-005 ),
 .UNSPECIFIED. ) ;
#3578 = VECTOR ( 'NONE', #1775, 1000.000000000000000 ) ;
#3579 = CARTESIAN_POINT ( 'NONE',  ( 1.017788105676672200, -0.5876202367904417300, -2.666666666666663400 ) ) ;
#3580 = EDGE_CURVE ( 'NONE', #1303, #896, #3113, .T. ) ;
#3581 = CARTESIAN_POINT ( 'NONE',  ( 0.1842696601082798900, 1.495340224802465900, 3.406249999999998700 ) ) ;
#3582 = CARTESIAN_POINT ( 'NONE',  ( -1.017788105676672700, -0.5876202367904410600, -1.770833333333330400 ) ) ;
#3583 = EDGE_LOOP ( 'NONE', ( #3957, #3489, #3142, #3302 ) ) ;
#3584 = CARTESIAN_POINT ( 'NONE',  ( -1.108026380998671500, -0.9003037612533170100, 1.379959962280950900 ) ) ;
#3585 = CARTESIAN_POINT ( 'NONE',  ( -1.148805915321865000, -0.9121530082715393300, 1.511047803513152500 ) ) ;
#3586 = DIRECTION ( 'NONE',  ( 0.07992773943613239200, -0.07992773943613271100, 0.9935910189495774600 ) ) ;
#3587 = CARTESIAN_POINT ( 'NONE',  ( -0.6785254037844482600, 1.175240473580837300, -1.395833333333330200 ) ) ;
#3588 = CARTESIAN_POINT ( 'NONE',  ( -1.298182735673230900, 0.05429708156162548600, 1.051474581084824900 ) ) ;
#3589 = CARTESIAN_POINT ( 'NONE',  ( -0.9978205399679934700, 0.2631248712943751200, 4.133209951772099300 ) ) ;
#3590 = CARTESIAN_POINT ( 'NONE',  ( -3.565022951127660000E-016, -2.911062155725035300, 3.214831068342491000 ) ) ;
#3591 = CARTESIAN_POINT ( 'NONE',  ( 1.050943903833033000, -1.070288237343691900, -3.937500000000000000 ) ) ;
#3592 = CARTESIAN_POINT ( 'NONE',  ( -0.9100100306033833700, 0.2087934338140862400, 3.406249999999998700 ) ) ;
#3593 = CARTESIAN_POINT ( 'NONE',  ( 1.559594178744790400, -0.1879607210212063700, 3.782412223762202900 ) ) ;
#3594 = B_SPLINE_CURVE_WITH_KNOTS ( 'NONE', 3,
 ( #4299, #3962, #2445, #4690, #3593, #4724, #3611 ),
 .UNSPECIFIED., .F., .F.,
 ( 4, 3, 4 ),
 ( 0.0000000000000000000, 0.0002867374893067661300, 0.0005665053673957185800 ),
 .UNSPECIFIED. ) ;
#3595 = EDGE_LOOP ( 'NONE', ( #2659, #2349, #4790, #2597 ) ) ;
#3596 = CARTESIAN_POINT ( 'NONE',  ( 0.9453114802360870200, 0.1941710946047828200, 3.406249999999998700 ) ) ;
#3597 = CARTESIAN_POINT ( 'NONE',  ( 0.2470295586469822000, -1.572796539064575900, 3.980073281240279900 ) ) ;
#3598 = CARTESIAN_POINT ( 'NONE',  ( 0.9100100306033857000, -0.2087934338140805500, 3.406249999999998700 ) ) ;
#3599 = ORIENTED_EDGE ( 'NONE', *, *, #2435, .T. ) ;
#3600 = CARTESIAN_POINT ( 'NONE',  ( -1.357050807568896700, -1.518980188119627000E-014, -0.3124999999999972200 ) ) ;
#3601 = DIRECTION ( 'NONE',  ( 0.0000000000000000000, -0.1045284632676537100, -0.9945218953682734000 ) ) ;
#3602 = CARTESIAN_POINT ( 'NONE',  ( 0.4612122490825848500, -0.5181173504688769700, 4.198166147663302500 ) ) ;
#3603 = EDGE_CURVE ( 'NONE', #2217, #2594, #3147, .T. ) ;
#3604 = VERTEX_POINT ( 'NONE', #1296 ) ;
#3605 = ORIENTED_EDGE ( 'NONE', *, *, #4425, .F. ) ;
#3606 = CARTESIAN_POINT ( 'NONE',  ( 0.2469850266604016200, 1.535890407632284300, 3.979649587690041700 ) ) ;
#3607 = CARTESIAN_POINT ( 'NONE',  ( 1.363484188061473200, 0.2098409426617823800, 1.271442638939374500 ) ) ;
#3608 = CARTESIAN_POINT ( 'NONE',  ( 0.1528188066164910500, 1.523339158636662700, 3.406249999999998700 ) ) ;
#3609 = CARTESIAN_POINT ( 'NONE',  ( -1.299038105676672400, -0.7500000000000232000, -0.5208333333333298200 ) ) ;
#3610 = EDGE_LOOP ( 'NONE', ( #4810, #3625, #3024, #1679 ) ) ;
#3611 = CARTESIAN_POINT ( 'NONE',  ( 1.576622122564782700, -0.2078487863861529500, 3.967077405468494100 ) ) ;
#3612 = PERSON_AND_ORGANIZATION ( #465, #474 ) ;
#3613 = EDGE_CURVE ( 'NONE', #3786, #363, #4702, .T. ) ;
#3614 = CARTESIAN_POINT ( 'NONE',  ( -0.2165511500658406100, -1.507752390197093300, 3.690090594014554100 ) ) ;
#3615 = CARTESIAN_POINT ( 'NONE',  ( 1.017788105676672200, -0.5876202367904416200, -3.666666666666663400 ) ) ;
#3616 = ORIENTED_EDGE ( 'NONE', *, *, #2198, .F. ) ;
#3617 = ORIENTED_EDGE ( 'NONE', *, *, #2907, .T. ) ;
#3618 = CARTESIAN_POINT ( 'NONE',  ( -0.1876307243844626300, -1.494276865695356900, -3.943223134304583200 ) ) ;
#3619 = TOROIDAL_SURFACE ( 'NONE', #4869, 0.7099290930832604700, 2.290070906916736900 ) ;
#3620 = CARTESIAN_POINT ( 'NONE',  ( -0.2866551442409738800, -0.9254976877526300800, 4.147054690030634200 ) ) ;
#3621 = B_SPLINE_CURVE_WITH_KNOTS ( 'NONE', 3,
 ( #797, #776, #1136, #3502, #3834, #3115, #3872, #1556, #40, #1940, #4642, #2722, #3886, #4576, #4971, #2271 ),
 .UNSPECIFIED., .F., .F.,
 ( 4, 3, 3, 3, 3, 4 ),
 ( 0.0000000000000000000, 1.470844003612280000E-005, 2.939417830357467700E-005, 4.442267351837478900E-005, 5.988482598158396300E-005, 6.364891938351332800E-005 ),
 .UNSPECIFIED. ) ;
#3622 = ORIENTED_EDGE ( 'NONE', *, *, #1189, .F. ) ;
#3623 = DIRECTION ( 'NONE',  ( 1.000000000000000000, 0.0000000000000000000, 0.0000000000000000000 ) ) ;
#3624 = CARTESIAN_POINT ( 'NONE',  ( 1.213968523682413100, 0.4374419010544637900, -4.157163060019989600 ) ) ;
#3625 = ORIENTED_EDGE ( 'NONE', *, *, #1276, .F. ) ;
#3626 = VECTOR ( 'NONE', #2199, 1000.000000000000000 ) ;
#3627 = CARTESIAN_POINT ( 'NONE',  ( -1.299038105676672400, -0.7500000000000228700, -3.520833333333329900 ) ) ;
#3628 = CARTESIAN_POINT ( 'NONE',  ( -0.6785254037844487000, -1.175240473580867300, -2.729166666666663400 ) ) ;
#3629 = CARTESIAN_POINT ( 'NONE',  ( -1.535008919672468100, 0.2473912189818904300, 3.983514249475045500 ) ) ;
#3630 = DIRECTION ( 'NONE',  ( 0.1045058763748855900, -0.02078751127481546400, -0.9943069954385901400 ) ) ;
#3631 = DIRECTION ( 'NONE',  ( -0.0000000000000000000, -1.224646799147353200E-016, 1.000000000000000000 ) ) ;
#3632 = CARTESIAN_POINT ( 'NONE',  ( -1.836970198721050400E-016, -1.500000000000031800, -1.937499999999996200 ) ) ;
#3633 = CARTESIAN_POINT ( 'NONE',  ( -0.9100100306033869200, -0.2087934338140788900, 3.406249999999998700 ) ) ;
#3634 = CARTESIAN_POINT ( 'NONE',  ( 1.017788105676673100, 0.5876202367904102000, -0.5208333333333303700 ) ) ;
#3635 = CARTESIAN_POINT ( 'NONE',  ( 0.1474052775258349600, -1.524207146240231300, 3.406249999999998700 ) ) ;
#3636 = CIRCLE ( 'NONE', #848, 2.911062155725036200 ) ;
#3637 = CARTESIAN_POINT ( 'NONE',  ( 0.8660254037844477000, -1.500000000000032000, -3.895833333333329900 ) ) ;
#3638 = EDGE_CURVE ( 'NONE', #2702, #3124, #4831, .T. ) ;
#3639 = CARTESIAN_POINT ( 'NONE',  ( -1.233324894234268100, 0.3878650987752645900, 1.033653988501877400 ) ) ;
#3640 = ORIENTED_EDGE ( 'NONE', *, *, #1125, .F. ) ;
#3641 = DIRECTION ( 'NONE',  ( 0.1045284632676537100, 0.0000000000000000000, -0.9945218953682734000 ) ) ;
#3642 = B_SPLINE_CURVE_WITH_KNOTS ( 'NONE', 3,
 ( #4080, #1325, #3246, #4778 ),
 .UNSPECIFIED., .F., .F.,
 ( 4, 4 ),
 ( 1.238986590148263000E-016, 0.0004766316132304471500 ),
 .UNSPECIFIED. ) ;
#3643 = CARTESIAN_POINT ( 'NONE',  ( 1.357050807568896700, -1.524663793694203500E-014, -2.562499999999996400 ) ) ;
#3644 = CARTESIAN_POINT ( 'NONE',  ( -1.439254484199210300E-016, -1.175240473580867700, 1.250000000000002700 ) ) ;
#3645 = CARTESIAN_POINT ( 'NONE',  ( 1.372741617550349700, 0.1188905244557254300, 1.266900452530510500 ) ) ;
#3646 = EDGE_CURVE ( 'NONE', #651, #578, #3691, .T. ) ;
#3647 = CARTESIAN_POINT ( 'NONE',  ( 1.575889484126563800, 0.2134061629271527500, 3.967077405468493200 ) ) ;
#3648 = CARTESIAN_POINT ( 'NONE',  ( -1.017788105676672700, 0.5876202367904110900, -0.3541666666666636300 ) ) ;
#3649 = CARTESIAN_POINT ( 'NONE',  ( 1.299038105676672200, -0.7500000000000240900, -2.354166666666663400 ) ) ;
#3650 = B_SPLINE_CURVE_WITH_KNOTS ( 'NONE', 3,
 ( #4774, #2465, #95, #4789, #546, #1710, #1337, #930, #3303, #166, #4423, #2123, #978, #1288, #4761, #149, #1304, #4000 ),
 .UNSPECIFIED., .F., .F.,
 ( 4, 2, 2, 2, 2, 2, 2, 2, 4 ),
 ( 0.0004766316132304471500, 0.0009553940869636456300, 0.001434156560696844200, 0.001912919034430042500, 0.002391681508163240800, 0.002870443981896438600, 0.003349206455629637300, 0.003827968929362836000, 0.004306731403096034300 ),
 .UNSPECIFIED. ) ;
#3651 = CARTESIAN_POINT ( 'NONE',  ( 1.476889365292440400, -0.2622933523483775800, 1.610428147091759900 ) ) ;
#3652 = CARTESIAN_POINT ( 'NONE',  ( -0.1741350313372160000, -1.511934972212402000, 3.406249999999998700 ) ) ;
#3653 = DIRECTION ( 'NONE',  ( 1.000000000000000000, 0.0000000000000000000, 0.0000000000000000000 ) ) ;
#3654 = CARTESIAN_POINT ( 'NONE',  ( -0.6785254037844487000, -1.175240473580867300, -3.229166666666664300 ) ) ;
#3655 = VERTEX_POINT ( 'NONE', #2501 ) ;
#3656 = DIRECTION ( 'NONE',  ( 0.0000000000000000000, 0.0000000000000000000, 1.000000000000000000 ) ) ;
#3657 = CARTESIAN_POINT ( 'NONE',  ( 1.534691860997136700, 0.2470292989821765400, 3.980070810694634100 ) ) ;
#3658 = CARTESIAN_POINT ( 'NONE',  ( -1.017788105676672700, -0.5876202367904415100, 1.166666666666669200 ) ) ;
#3659 = CARTESIAN_POINT ( 'NONE',  ( 0.1474052775258349600, -1.524207146240231300, 3.406249999999998700 ) ) ;
#3660 = CARTESIAN_POINT ( 'NONE',  ( 0.0000000000000000000, -1.500000000000000000, 4.249999999999998200 ) ) ;
#3661 = CARTESIAN_POINT ( 'NONE',  ( 1.732050807568896500, -1.540737282933012300E-014, -1.812499999999996700 ) ) ;
#3662 = VERTEX_POINT ( 'NONE', #2835 ) ;
#3663 = DIRECTION ( 'NONE',  ( -0.3826834323650934500, -0.9238795325112853000, 1.324518677997192400E-014 ) ) ;
#3664 = ADVANCED_FACE ( 'NONE', ( #2720 ), #2057, .T. ) ;
#3665 = CARTESIAN_POINT ( 'NONE',  ( -0.1941710946047734700, 0.9453114802360888000, 3.406249999999998700 ) ) ;
#3666 = CARTESIAN_POINT ( 'NONE',  ( 1.299038105676672200, -0.7500000000000240900, -1.916666666666664300 ) ) ;
#3667 = DIRECTION ( 'NONE',  ( -0.0000000000000000000, -1.224646799147353200E-016, 1.000000000000000000 ) ) ;
#3668 = ORIENTED_EDGE ( 'NONE', *, *, #1732, .T. ) ;
#3669 = ORIENTED_EDGE ( 'NONE', *, *, #4249, .F. ) ;
#3670 = CARTESIAN_POINT ( 'NONE',  ( -0.1621629660692604800, -1.520383176458098600, 3.406249999999998700 ) ) ;
#3671 = AXIS2_PLACEMENT_3D ( 'NONE', #4260, #1977, #4655 ) ;
#3672 = CARTESIAN_POINT ( 'NONE',  ( 1.299038105676672900, 0.7499999999999925600, -3.333333333333330400 ) ) ;
#3673 = CARTESIAN_POINT ( 'NONE',  ( 0.6785254037844479200, -1.175240473580867500, -4.145833333333330400 ) ) ;
#3674 = ORIENTED_EDGE ( 'NONE', *, *, #1776, .T. ) ;
#3675 = CARTESIAN_POINT ( 'NONE',  ( 1.524207146240229100, -0.1474052775258448100, 3.406249999999998700 ) ) ;
#3676 = CALENDAR_DATE ( 2022, 2, 12 ) ;
#3677 = DIRECTION ( 'NONE',  ( 8.759593272591332200E-016, 0.9945218953682732900, -0.1045284632676536900 ) ) ;
#3678 = EDGE_CURVE ( 'NONE', #2300, #3247, #108, .T. ) ;
#3679 = CARTESIAN_POINT ( 'NONE',  ( -2.975360223268521400E-011, 1.333913811434464200, 1.154110094324621000 ) ) ;
#3680 = ORIENTED_EDGE ( 'NONE', *, *, #4837, .F. ) ;
#3681 = CARTESIAN_POINT ( 'NONE',  ( -0.6785254037844487000, -1.175240473580867700, 1.708333333333336100 ) ) ;
#3682 = CARTESIAN_POINT ( 'NONE',  ( -1.576622122564784100, -0.2078487863861485100, 3.967077405468492300 ) ) ;
#3683 = COORDINATED_UNIVERSAL_TIME_OFFSET ( 6, 0, .BEHIND. ) ;
#3684 = CARTESIAN_POINT ( 'NONE',  ( 1.537088995082179800, -0.2468885705421001700, 3.979230760618282800 ) ) ;
#3685 = CARTESIAN_POINT ( 'NONE',  ( 0.8660254037844498100, 1.499999999999999800, -0.7291666666666634100 ) ) ;
#3686 = VERTEX_POINT ( 'NONE', #4349 ) ;
#3687 = ORIENTED_EDGE ( 'NONE', *, *, #3221, .T. ) ;
#3688 = CARTESIAN_POINT ( 'NONE',  ( 1.017788105676672200, -0.5876202367904420600, -0.1041666666666638700 ) ) ;
#3689 = ORIENTED_EDGE ( 'NONE', *, *, #4488, .F. ) ;
#3690 = CARTESIAN_POINT ( 'NONE',  ( 1.299038105676672900, 0.7499999999999917800, 1.166666666666669200 ) ) ;
#3691 = LINE ( 'NONE', #502, #3389 ) ;
#3692 = B_SPLINE_CURVE_WITH_KNOTS ( 'NONE', 3,
 ( #1890, #1164, #3070, #4677, #2742, #1228, #3557, #2374, #3538, #431, #2386, #3526, #3167, #2403, #2757, #3924 ),
 .UNSPECIFIED., .F., .F.,
 ( 4, 3, 3, 3, 3, 4 ),
 ( 0.0000000000000000000, 1.463772298357060700E-005, 2.928092099299670500E-005, 4.384939631435108700E-005, 5.839568215676210700E-005, 6.381151604612083700E-005 ),
 .UNSPECIFIED. ) ;
#3693 = CARTESIAN_POINT ( 'NONE',  ( -1.732050807568896500, -1.507499124377620800E-014, -1.062499999999996700 ) ) ;
#3694 = DIRECTION ( 'NONE',  ( -0.02078751127481448500, -0.1045058763748859400, 0.9943069954385902500 ) ) ;
#3695 = FACE_OUTER_BOUND ( 'NONE', #3084, .T. ) ;
#3696 = DIRECTION ( 'NONE',  ( -0.3805870524817598900, 0.9188184237650814900, -0.1045284632676536200 ) ) ;
#3697 = CARTESIAN_POINT ( 'NONE',  ( 0.2070875099665573900, 0.4999534751593359700, 3.406249999999998700 ) ) ;
#3698 = CARTESIAN_POINT ( 'NONE',  ( -1.822570639214308300E-016, -0.2069258640381761400, -0.3390240561570311800 ) ) ;
#3699 = CIRCLE ( 'NONE', #60, 1.590263637062383100 ) ;
#3700 = CARTESIAN_POINT ( 'NONE',  ( 0.0000000000000000000, 8.673617379884035500E-016, 2.437499999999998700 ) ) ;
#3701 = CIRCLE ( 'NONE', #221, 4.608510497053428500 ) ;
#3702 = CARTESIAN_POINT ( 'NONE',  ( -1.017788105676672700, 0.5876202367904114200, -3.354166666666663900 ) ) ;
#3703 = CARTESIAN_POINT ( 'NONE',  ( -8.876622836598325000E-017, -3.111055989149961000E-015, 3.406249999999998700 ) ) ;
#3704 = CARTESIAN_POINT ( 'NONE',  ( -1.017788105676672700, 0.5876202367904107500, 1.083333333333336400 ) ) ;
#3705 = CARTESIAN_POINT ( 'NONE',  ( 0.1678133101362485300, -1.542129141224537700, 3.595469755425365400 ) ) ;
#3706 = CARTESIAN_POINT ( 'NONE',  ( -1.322475605676673800, -0.7635316469341560900, 1.432291666666669600 ) ) ;
#3707 =( BOUNDED_CURVE ( )  B_SPLINE_CURVE ( 2, ( #146, #2839, #1656, #2402, #4319, #2026, #129 ),
 .UNSPECIFIED., .F., .F. ) 
 B_SPLINE_CURVE_WITH_KNOTS ( ( 3, 2, 2, 3 ),
 ( 0.2000000000000000900, 0.2333333333333334800, 0.2666666666666668900, 0.3000000000000002700 ),
 .UNSPECIFIED. ) 
 CURVE ( )  GEOMETRIC_REPRESENTATION_ITEM ( )  RATIONAL_B_SPLINE_CURVE ( ( 0.9999999999999995600, 0.8660254037844390400, 1.000000000000000000, 0.8660254037844387100, 1.000000000000000000, 0.8660254037844376000, 1.000000000000001100 ) ) 
 REPRESENTATION_ITEM ( '' )  );
#3708 = CARTESIAN_POINT ( 'NONE',  ( 0.0000000000000000000, 1.175240473580837300, -0.9374999999999968900 ) ) ;
#3709 = B_SPLINE_CURVE_WITH_KNOTS ( 'NONE', 3,
 ( #1394, #2116, #1711, #1088 ),
 .UNSPECIFIED., .F., .F.,
 ( 4, 4 ),
 ( 1.084202172485504400E-019, 0.0001154157762592063200 ),
 .UNSPECIFIED. ) ;
#3710 = CARTESIAN_POINT ( 'NONE',  ( -0.2990896682797060100, -0.9279710683664139600, 4.265361283549925300 ) ) ;
#3711 = CARTESIAN_POINT ( 'NONE',  ( 0.0000000000000000000, 1.500000000000001300, -0.6874999999999963400 ) ) ;
#3712 = ORIENTED_EDGE ( 'NONE', *, *, #600, .F. ) ;
#3713 = EDGE_CURVE ( 'NONE', #163, #3323, #4530, .T. ) ;
#3714 = CARTESIAN_POINT ( 'NONE',  ( -0.6785254037844482600, 1.175240473580837500, -4.395833333333330400 ) ) ;
#3715 = CARTESIAN_POINT ( 'NONE',  ( -1.017788105676672700, -0.5876202367904414000, 0.2291666666666695700 ) ) ;
#3716 = CARTESIAN_POINT ( 'NONE',  ( 1.522428280850912200, 0.1571052013842177400, 3.406249999999998700 ) ) ;
#3717 = CARTESIAN_POINT ( 'NONE',  ( 0.3980426312550012200, 0.4531220514732882700, 3.406249999999998700 ) ) ;
#3718 = CARTESIAN_POINT ( 'NONE',  ( -1.322475605676673800, -0.7635316469341559800, 0.9635416666666690700 ) ) ;
#3719 = EDGE_CURVE ( 'NONE', #3004, #1684, #2215, .T. ) ;
#3720 = CARTESIAN_POINT ( 'NONE',  ( -0.8816504037844494800, -1.527063293868296900, 1.973958333333336400 ) ) ;
#3721 = CARTESIAN_POINT ( 'NONE',  ( 0.6785254037844491400, 1.175240473580836800, -1.541666666666663900 ) ) ;
#3722 = CARTESIAN_POINT ( 'NONE',  ( -0.1780109122479010800, 1.550969061094566100, 3.690090594014554100 ) ) ;
#3723 = ADVANCED_FACE ( 'NONE', ( #4707 ), #3312, .T. ) ;
#3724 = CARTESIAN_POINT ( 'NONE',  ( 0.0000000000000000000, 1.500000000000001800, -1.249999999999997300 ) ) ;
#3725 = CARTESIAN_POINT ( 'NONE',  ( -0.8660254037844488100, -1.500000000000031800, -0.04166666666666408300 ) ) ;
#3726 = B_SPLINE_CURVE_WITH_KNOTS ( 'NONE', 3,
 ( #4852, #1784, #273, #4917, #1106, #2987, #319, #3019, #4134, #1420, #4887, #2591, #4152 ),
 .UNSPECIFIED., .F., .F.,
 ( 4, 3, 3, 3, 4 ),
 ( 0.0000000000000000000, 1.564682339362220100E-005, 3.129827412193382900E-005, 4.685273646177535700E-005, 6.373692748297909100E-005 ),
 .UNSPECIFIED. ) ;
#3727 = DIRECTION ( 'NONE',  ( 0.0000000000000000000, -1.000000000000000000, -1.463160826566134100E-016 ) ) ;
#3728 = ORIENTED_EDGE ( 'NONE', *, *, #3937, .F. ) ;
#3729 = CARTESIAN_POINT ( 'NONE',  ( 0.6785254037844491400, 1.175240473580837100, -3.541666666666663400 ) ) ;
#3730 = ORIENTED_EDGE ( 'NONE', *, *, #3286, .F. ) ;
#3731 = CARTESIAN_POINT ( 'NONE',  ( -1.439254484199210300E-016, -1.175240473580867700, 0.3125000000000028900 ) ) ;
#3732 = CARTESIAN_POINT ( 'NONE',  ( -0.8660254037844471500, -1.500000000000034000, -1.979166666666663000 ) ) ;
#3733 = CARTESIAN_POINT ( 'NONE',  ( 1.523737468660976100, 0.1522618602394549800, 3.406249999999998700 ) ) ;
#3734 = ORIENTED_EDGE ( 'NONE', *, *, #1443, .T. ) ;
#3735 = CARTESIAN_POINT ( 'NONE',  ( 0.0000000000000000000, 1.500000000000001800, -2.687499999999996400 ) ) ;
#3736 = CARTESIAN_POINT ( 'NONE',  ( 1.322475605676673300, -0.7635316469341570900, 1.630208333333335500 ) ) ;
#3737 = CARTESIAN_POINT ( 'NONE',  ( 0.0000000000000000000, 1.527063293868266400, 0.7656250000000033300 ) ) ;
#3738 = CARTESIAN_POINT ( 'NONE',  ( -1.357050807568896700, -1.512091549874423000E-014, -0.8749999999999971100 ) ) ;
#3739 = ORIENTED_EDGE ( 'NONE', *, *, #2442, .T. ) ;
#3740 = CARTESIAN_POINT ( 'NONE',  ( -0.6785254037844487000, -1.175240473580867500, 0.2708333333333361500 ) ) ;
#3741 = CARTESIAN_POINT ( 'NONE',  ( -1.017788105676672700, -0.5876202367904409500, -2.270833333333330400 ) ) ;
#3742 = EDGE_CURVE ( 'NONE', #3841, #2760, #886, .T. ) ;
#3743 = VERTEX_POINT ( 'NONE', #252 ) ;
#3744 = CARTESIAN_POINT ( 'NONE',  ( -0.4635201020745575200, -1.079971891169104100, 0.7181586815023667200 ) ) ;
#3745 = CARTESIAN_POINT ( 'NONE',  ( 1.017788105676673100, 0.5876202367904105300, -3.583333333333330400 ) ) ;
#3746 = VERTEX_POINT ( 'NONE', #2519 ) ;
#3747 = CARTESIAN_POINT ( 'NONE',  ( 1.357050807568896700, -1.555279963672887300E-014, -0.06249999999999701600 ) ) ;
#3748 = CARTESIAN_POINT ( 'NONE',  ( -1.870113174931205300E-016, -1.527063293868296900, -3.453124999999996900 ) ) ;
#3749 = ORIENTED_EDGE ( 'NONE', *, *, #4708, .F. ) ;
#3750 = LINE ( 'NONE', #1170, #2715 ) ;
#3751 = EDGE_CURVE ( 'NONE', #4124, #2966, #1757, .T. ) ;
#3752 = CARTESIAN_POINT ( 'NONE',  ( 1.508695708151068600, 0.1770761412636858700, 3.406249999999998700 ) ) ;
#3753 = CARTESIAN_POINT ( 'NONE',  ( -0.3790024250213351900, -1.442739020426469200, 1.554705962232228600 ) ) ;
#3754 = CARTESIAN_POINT ( 'NONE',  ( 0.8816504037844485900, -1.527063293868297800, 0.5885416666666690700 ) ) ;
#3755 = VERTEX_POINT ( 'NONE', #4074 ) ;
#3756 = CARTESIAN_POINT ( 'NONE',  ( 0.6785254037844479200, -1.175240473580867700, 0.3541666666666695200 ) ) ;
#3757 = CARTESIAN_POINT ( 'NONE',  ( 0.0000000000000000000, 7.549557761503328600E-016, 1.749999999999997600 ) ) ;
#3758 = CARTESIAN_POINT ( 'NONE',  ( -1.576622122564781400, 0.2078487863861627200, 3.967077405468492300 ) ) ;
#3759 = CIRCLE ( 'NONE', #1241, 0.1499999999999995200 ) ;
#3760 = CARTESIAN_POINT ( 'NONE',  ( -0.2165511500658260900, 1.507752390197094600, 3.690090594014554100 ) ) ;
#3761 = MANIFOLD_SOLID_BREP ( 'Boss-Extrude1', #2526 ) ;
#3762 = CARTESIAN_POINT ( 'NONE',  ( 1.357050807568896700, -1.518540559698466400E-014, -3.062499999999996900 ) ) ;
#3763 = TOROIDAL_SURFACE ( 'NONE', #4825, 0.7099290930832604700, 2.290070906916736900 ) ;
#3764 = CARTESIAN_POINT ( 'NONE',  ( 1.017788105676672200, -0.5876202367904417300, -3.166666666666663900 ) ) ;
#3765 = CARTESIAN_POINT ( 'NONE',  ( 0.2069258640381782500, 2.614984004444590100E-015, -0.3390240561570312400 ) ) ;
#3766 =( BOUNDED_SURFACE ( )  B_SPLINE_SURFACE ( 1, 2, ( 
 ( #2495, #2478, #193, #2883, #3273, #837, #3864, #4248, #1935, #554, #2082, #1759, #4083, #3922, #4375, #1237, #3941, #3354, #4362, #4754, #3615, #3473, #1229, #2389, #1849, #3474, #283, #271, #304, #2399, #1875, #4579, #3764, #4533, #4127, #4155, #4908, #3423, #2644, #3796, #2260, #2208, #1077, #1096, #3780, #1061, #1445, #685, #2663, #4550, #653, #3006, #3358, #717, #4138, #2629, #1847, #1833, #4564, #3393, #1861 ),
 ( #2614, #2596, #672, #2242, #4957, #2225, #2979, #323, #4920, #1472, #4173, #4939, #307, #1424, #2275, #1462, #289, #2992, #3042, #1110, #3023, #700, #3408, #4974, #3374, #334, #3812, #1490, #4190, #1049, #3748, #1820, #4513, #385, #3055, #4628, #1124, #3491, #3508, #3838, #2688, #4241, #3118, #3459, #3853, #1928, #2333, #4611, #735, #801, #26, #4257, #4597, #1543, #4650, #1182, #5, #2708, #413, #3877, #399 ) ),
 .UNSPECIFIED., .F., .F., .F. ) 
 B_SPLINE_SURFACE_WITH_KNOTS ( ( 2, 2 ),
 ( 3, 2, 2, 2, 2, 2, 2, 2, 2, 2, 2, 2, 2, 2, 2, 2, 2, 2, 2, 2, 2, 2, 2, 2, 2, 2, 2, 2, 2, 2, 3 ),
 ( 0.0000000000000000000, 1.000000000000000000 ),
 ( 0.0000000000000000000, 0.03333333333333333300, 0.06666666666666666600, 0.1000000000000000100, 0.1333333333333333300, 0.1666666666666666600, 0.2000000000000000100, 0.2333333333333333400, 0.2666666666666666600, 0.2999999999999999900, 0.3333333333333333100, 0.3666666666666666400, 0.4000000000000000200, 0.4333333333333333500, 0.4666666666666666700, 0.5000000000000000000, 0.5333333333333333300, 0.5666666666666666500, 0.5999999999999999800, 0.6333333333333333000, 0.6666666666666666300, 0.6999999999999999600, 0.7333333333333332800, 0.7666666666666667200, 0.8000000000000000400, 0.8333333333333333700, 0.8666666666666667000, 0.9000000000000000200, 0.9333333333333333500, 0.9666666666666666700, 1.000000000000000000 ),
 .UNSPECIFIED. ) 
 GEOMETRIC_REPRESENTATION_ITEM ( )  RATIONAL_B_SPLINE_SURFACE ( (
 ( 1.000000000000000000, 0.8660254037844387100, 1.000000000000000000, 0.8660254037844387100, 1.000000000000000000, 0.8660254037844387100, 1.000000000000000000, 0.8660254037844387100, 1.000000000000000000, 0.8660254037844387100, 1.000000000000000000, 0.8660254037844387100, 1.000000000000000000, 0.8660254037844387100, 1.000000000000000000, 0.8660254037844387100, 1.000000000000000000, 0.8660254037844387100, 1.000000000000000000, 0.8660254037844387100, 1.000000000000000000, 0.8660254037844387100, 1.000000000000000000, 0.8660254037844387100, 1.000000000000000000, 0.8660254037844387100, 1.000000000000000000, 0.8660254037844387100, 1.000000000000000000, 0.8660254037844387100, 1.000000000000000000, 0.8660254037844387100, 1.000000000000000000, 0.8660254037844387100, 1.000000000000000000, 0.8660254037844387100, 1.000000000000000000, 0.8660254037844387100, 1.000000000000000000, 0.8660254037844387100, 1.000000000000000000, 0.8660254037844387100, 1.000000000000000000, 0.8660254037844387100, 1.000000000000000000, 0.8660254037844387100, 1.000000000000000000, 0.8660254037844387100, 1.000000000000000000, 0.8660254037844387100, 1.000000000000000000, 0.8660254037844387100, 1.000000000000000000, 0.8660254037844387100, 1.000000000000000000, 0.8660254037844387100, 1.000000000000000000, 0.8660254037844387100, 1.000000000000000000, 0.8660254037844387100, 1.000000000000000000),
 ( 1.000000000000000000, 0.8660254037844387100, 1.000000000000000000, 0.8660254037844387100, 1.000000000000000000, 0.8660254037844387100, 1.000000000000000000, 0.8660254037844387100, 1.000000000000000000, 0.8660254037844387100, 1.000000000000000000, 0.8660254037844387100, 1.000000000000000000, 0.8660254037844387100, 1.000000000000000000, 0.8660254037844387100, 1.000000000000000000, 0.8660254037844387100, 1.000000000000000000, 0.8660254037844387100, 1.000000000000000000, 0.8660254037844387100, 1.000000000000000000, 0.8660254037844387100, 1.000000000000000000, 0.8660254037844387100, 1.000000000000000000, 0.8660254037844387100, 1.000000000000000000, 0.8660254037844387100, 1.000000000000000000, 0.8660254037844387100, 1.000000000000000000, 0.8660254037844387100, 1.000000000000000000, 0.8660254037844387100, 1.000000000000000000, 0.8660254037844387100, 1.000000000000000000, 0.8660254037844387100, 1.000000000000000000, 0.8660254037844387100, 1.000000000000000000, 0.8660254037844387100, 1.000000000000000000, 0.8660254037844387100, 1.000000000000000000, 0.8660254037844387100, 1.000000000000000000, 0.8660254037844387100, 1.000000000000000000, 0.8660254037844387100, 1.000000000000000000, 0.8660254037844387100, 1.000000000000000000, 0.8660254037844387100, 1.000000000000000000, 0.8660254037844387100, 1.000000000000000000, 0.8660254037844387100, 1.000000000000000000) ) ) 
 REPRESENTATION_ITEM ( '' )  SURFACE ( )  );
#3767 = CARTESIAN_POINT ( 'NONE',  ( -0.8234078741651420500, -0.8385640366158168000, -4.250000000000000900 ) ) ;
#3768 = CARTESIAN_POINT ( 'NONE',  ( -1.763300807568898100, -1.531609358235833800E-014, 0.9218750000000024400 ) ) ;
#3769 = CARTESIAN_POINT ( 'NONE',  ( 0.0000000000000000000, 1.175240473580837300, 0.06250000000000309500 ) ) ;
#3770 = AXIS2_PLACEMENT_3D ( 'NONE', #1766, #219, #201 ) ;
#3771 = ORIENTED_EDGE ( 'NONE', *, *, #35, .F. ) ;
#3772 = CARTESIAN_POINT ( 'NONE',  ( 0.0000000000000000000, 1.175240473580837300, -1.499999999999996900 ) ) ;
#3773 = ADVANCED_FACE ( 'NONE', ( #1505 ), #4588, .T. ) ;
#3774 = B_SPLINE_CURVE_WITH_KNOTS ( 'NONE', 3,
 ( #1248, #1188, #3947, #2358 ),
 .UNSPECIFIED., .F., .F.,
 ( 4, 4 ),
 ( 0.0000000000000000000, 0.0001154157762592058700 ),
 .UNSPECIFIED. ) ;
#3775 = AXIS2_PLACEMENT_3D ( 'NONE', #2063, #3586, #460 ) ;
#3776 = CARTESIAN_POINT ( 'NONE',  ( -1.017788105676672700, 0.5876202367904112000, -1.854166666666663600 ) ) ;
#3777 = EDGE_CURVE ( 'NONE', #2600, #4525, #3511, .T. ) ;
#3778 = CARTESIAN_POINT ( 'NONE',  ( 0.6785254037844491400, 1.175240473580837100, -3.041666666666663900 ) ) ;
#3779 = CARTESIAN_POINT ( 'NONE',  ( -0.6785254037844487000, -1.175240473580867500, -0.2916666666666640200 ) ) ;
#3780 = CARTESIAN_POINT ( 'NONE',  ( 1.017788105676672200, -0.5876202367904417300, -2.666666666666663400 ) ) ;
#3781 = CARTESIAN_POINT ( 'NONE',  ( -1.576622122564781400, 0.2078487863861627200, 3.967077405468492300 ) ) ;
#3782 = CARTESIAN_POINT ( 'NONE',  ( 0.0000000000000000000, 1.175240473580837300, -1.499999999999996900 ) ) ;
#3783 = CARTESIAN_POINT ( 'NONE',  ( 1.322475605676674200, 0.7635316469341243400, 1.713541666666669600 ) ) ;
#3784 = CARTESIAN_POINT ( 'NONE',  ( 1.017788105676672200, -0.5876202367904422900, 0.8958333333333361500 ) ) ;
#3785 = CARTESIAN_POINT ( 'NONE',  ( -1.439254484199210300E-016, -1.175240473580867700, -1.249999999999996900 ) ) ;
#3786 = VERTEX_POINT ( 'NONE', #4817 ) ;
#3787 = CARTESIAN_POINT ( 'NONE',  ( -1.574523370509062700, 0.2175298284522117500, 3.967368464254877200 ) ) ;
#3788 = ORIENTED_EDGE ( 'NONE', *, *, #524, .F. ) ;
#3789 = B_SPLINE_CURVE_WITH_KNOTS ( 'NONE', 3,
 ( #1698, #4404, #4019, #2099, #510, #3270, #918, #4424, #2881, #935, #2528, #4366, #210, #4381, #2065, #3675 ),
 .UNSPECIFIED., .F., .F.,
 ( 4, 3, 3, 3, 3, 4 ),
 ( 0.0000000000000000000, 1.463771985081041300E-005, 2.928091597100468000E-005, 4.384937606648127300E-005, 5.839566969081269100E-005, 6.381151625595462800E-005 ),
 .UNSPECIFIED. ) ;
#3790 = CARTESIAN_POINT ( 'NONE',  ( -1.017788105676672700, 0.5876202367904113100, -2.916666666666663900 ) ) ;
#3791 =( BOUNDED_SURFACE ( )  B_SPLINE_SURFACE ( 3, 2, ( 
 ( #3629, #1292, #215 ),
 ( #4006, #513, #2909 ),
 ( #986, #1738, #2886 ),
 ( #3989, #2868, #195 ) ),
 .UNSPECIFIED., .F., .F., .F. ) 
 B_SPLINE_SURFACE_WITH_KNOTS ( ( 4, 4 ),
 ( 3, 3 ),
 ( 0.001033242954321078700, 0.001619677831743915200 ),
 ( 0.0000000000000000000, 1.000000000000000000 ),
 .UNSPECIFIED. ) 
 GEOMETRIC_REPRESENTATION_ITEM ( )  RATIONAL_B_SPLINE_SURFACE ( (
 ( 1.000000000000000000, 0.7553668689655802500, 1.000000000000000000),
 ( 1.000000000000000000, 0.7516316303512856600, 1.000000000000000000),
 ( 1.000000000000000000, 0.7477224903184176400, 1.000000000000000000),
 ( 1.000000000000000000, 0.7436119262774222300, 1.000000000000000000) ) ) 
 REPRESENTATION_ITEM ( '' )  SURFACE ( )  );
#3792 = ORIENTED_EDGE ( 'NONE', *, *, #2292, .F. ) ;
#3793 = ADVANCED_FACE ( 'NONE', ( #4654 ), #3869, .T. ) ;
#3794 = CARTESIAN_POINT ( 'NONE',  ( -0.6785254037844487000, -1.175240473580867700, 1.270833333333336100 ) ) ;
#3795 = ORIENTED_EDGE ( 'NONE', *, *, #4837, .T. ) ;
#3796 = CARTESIAN_POINT ( 'NONE',  ( -1.357050807568896700, -1.487598613891476000E-014, -2.874999999999996900 ) ) ;
#3797 = CARTESIAN_POINT ( 'NONE',  ( -1.870113174931205300E-016, -1.527063293868296900, -1.984374999999996900 ) ) ;
#3798 = DIRECTION ( 'NONE',  ( 0.0000000000000000000, -1.000000000000000000, 0.0000000000000000000 ) ) ;
#3799 = EDGE_LOOP ( 'NONE', ( #2285, #1756, #4031, #1310 ) ) ;
#3800 = DIRECTION ( 'NONE',  ( 1.000000000000000000, 1.598721155460225400E-014, 0.0000000000000000000 ) ) ;
#3801 = CARTESIAN_POINT ( 'NONE',  ( -1.357050807568896700, -1.531226656111100500E-014, 0.6875000000000028900 ) ) ;
#3802 = CARTESIAN_POINT ( 'NONE',  ( 1.322475605676673300, -0.7635316469341565400, -2.369791666666663900 ) ) ;
#3803 = ORIENTED_EDGE ( 'NONE', *, *, #4309, .T. ) ;
#3804 = APPROVAL_PERSON_ORGANIZATION ( #4520, #3897, #4681 ) ;
#3805 = CARTESIAN_POINT ( 'NONE',  ( 1.017788105676672200, -0.5876202367904420600, -0.1041666666666638700 ) ) ;
#3806 = EDGE_CURVE ( 'NONE', #2185, #4490, #479, .T. ) ;
#3807 = CARTESIAN_POINT ( 'NONE',  ( 1.017788105676672200, -0.5876202367904421700, 0.3333333333333359800 ) ) ;
#3808 = ORIENTED_EDGE ( 'NONE', *, *, #3212, .T. ) ;
#3809 = EDGE_LOOP ( 'NONE', ( #4162, #2272, #387, #3965 ) ) ;
#3810 = CC_DESIGN_PERSON_AND_ORGANIZATION_ASSIGNMENT ( #2295, #2731, ( #570 ) ) ;
#3811 = CARTESIAN_POINT ( 'NONE',  ( 0.6785254037844491400, 1.175240473580836400, 2.020833333333336100 ) ) ;
#3812 = CARTESIAN_POINT ( 'NONE',  ( -1.322475605676673500, 0.7635316469341263400, -3.619791666666663900 ) ) ;
#3813 = CARTESIAN_POINT ( 'NONE',  ( 0.0000000000000000000, 7.549557761503328600E-016, 1.749999999999997600 ) ) ;
#3814 = FACE_OUTER_BOUND ( 'NONE', #3066, .T. ) ;
#3815 = CARTESIAN_POINT ( 'NONE',  ( 0.8816504037844498100, 1.527063293868266400, -1.776041666666663200 ) ) ;
#3816 = CARTESIAN_POINT ( 'NONE',  ( -0.8816504037844489200, 1.527063293868266700, -2.661458333333330400 ) ) ;
#3817 = LINE ( 'NONE', #687, #1873 ) ;
#3818 = ADVANCED_FACE ( 'NONE', ( #2544 ), #1576, .T. ) ;
#3819 = CARTESIAN_POINT ( 'NONE',  ( 0.6785254037844479200, -1.175240473580867700, -1.708333333333330400 ) ) ;
#3820 = CYLINDRICAL_SURFACE ( 'NONE', #1692, 1.500000000000000400 ) ;
#3821 = CARTESIAN_POINT ( 'NONE',  ( 0.5818846813168246900, -0.2410245267385789600, 4.249999999999998200 ) ) ;
#3822 = CARTESIAN_POINT ( 'NONE',  ( -0.6785254037844487000, -1.175240473580867500, 0.2083333333333358700 ) ) ;
#3823 = CARTESIAN_POINT ( 'NONE',  ( -0.2470295586577159200, -1.572796539073741700, 3.980073281342364500 ) ) ;
#3824 = CARTESIAN_POINT ( 'NONE',  ( -0.8816504037844494800, -1.527063293868296200, -3.526041666666663400 ) ) ;
#3825 = VERTEX_POINT ( 'NONE', #212 ) ;
#3826 = CARTESIAN_POINT ( 'NONE',  ( -1.357050807568896700, -1.518214783870159800E-014, -0.3749999999999972800 ) ) ;
#3827 = DIRECTION ( 'NONE',  ( 0.1045284632676538000, 0.0000000000000000000, -0.9945218953682732900 ) ) ;
#3828 = CARTESIAN_POINT ( 'NONE',  ( 0.0000000000000000000, 0.0000000000000000000, 0.0000000000000000000 ) ) ;
#3829 = AXIS2_PLACEMENT_3D ( 'NONE', #2850, #4749, #4028 ) ;
#3830 = CARTESIAN_POINT ( 'NONE',  ( 0.8816504037844498100, 1.527063293868266400, -1.744791666666664100 ) ) ;
#3831 = CARTESIAN_POINT ( 'NONE',  ( 1.017788105676673100, 0.5876202367904099800, 0.4791666666666696800 ) ) ;
#3832 = AXIS2_PLACEMENT_3D ( 'NONE', #3322, #1012, #2547 ) ;
#3833 = CARTESIAN_POINT ( 'NONE',  ( -1.017788105676672700, -0.5876202367904411700, -0.7708333333333303700 ) ) ;
#3834 = CARTESIAN_POINT ( 'NONE',  ( -0.2262873432254681200, -1.570261840389539200, 3.968467505280392200 ) ) ;
#3835 = EDGE_CURVE ( 'NONE', #970, #4208, #1713, .T. ) ;
#3836 = ADVANCED_FACE ( 'NONE', ( #1453 ), #4468, .T. ) ;
#3837 = CARTESIAN_POINT ( 'NONE',  ( 1.017788105676672200, -0.5876202367904420600, -0.1666666666666639700 ) ) ;
#3838 = CARTESIAN_POINT ( 'NONE',  ( -1.763300807568898100, -1.482623486269939800E-014, -3.078124999999997800 ) ) ;
#3839 = ORIENTED_EDGE ( 'NONE', *, *, #3195, .T. ) ;
#3840 = CARTESIAN_POINT ( 'NONE',  ( -1.763300807568898100, -1.476117550149469700E-014, -3.609374999999996900 ) ) ;
#3841 = VERTEX_POINT ( 'NONE', #4782 ) ;
#3842 = DIRECTION ( 'NONE',  ( -0.0000000000000000000, -1.224646799147353200E-016, 1.000000000000000000 ) ) ;
#3843 = CARTESIAN_POINT ( 'NONE',  ( -1.017788105676672700, -0.5876202367904415100, 1.229166666666669400 ) ) ;
#3844 = EDGE_LOOP ( 'NONE', ( #1284, #1446, #697, #3196 ) ) ;
#3845 = CARTESIAN_POINT ( 'NONE',  ( 1.322475605676674200, 0.7635316469341246700, -1.286458333333330600 ) ) ;
#3846 = ORIENTED_EDGE ( 'NONE', *, *, #2256, .F. ) ;
#3847 = CARTESIAN_POINT ( 'NONE',  ( -1.017788105676672700, 0.5876202367904114200, -3.916666666666663900 ) ) ;
#3848 = CARTESIAN_POINT ( 'NONE',  ( -1.439254484199210300E-016, -1.175240473580867700, -0.1874999999999971400 ) ) ;
#3849 = DIRECTION ( 'NONE',  ( 0.0000000000000000000, -1.000000000000000000, -1.463160826566134100E-016 ) ) ;
#3850 = VERTEX_POINT ( 'NONE', #4426 ) ;
#3851 = CARTESIAN_POINT ( 'NONE',  ( 1.507752390197092800, 0.2165511500658414400, 3.690090594014553600 ) ) ;
#3852 = CARTESIAN_POINT ( 'NONE',  ( -1.439254484199210300E-016, -1.175240473580867700, 0.7500000000000026600 ) ) ;
#3853 = CARTESIAN_POINT ( 'NONE',  ( 1.322475605676673300, -0.7635316469341565400, -2.869791666666663900 ) ) ;
#3854 = ORIENTED_EDGE ( 'NONE', *, *, #1151, .F. ) ;
#3855 = APPROVAL_DATE_TIME ( #1916, #3897 ) ;
#3856 = CARTESIAN_POINT ( 'NONE',  ( 0.0000000000000000000, 1.527063293868266900, -2.734374999999996900 ) ) ;
#3857 = AXIS2_PLACEMENT_3D ( 'NONE', #1519, #4982, #3434 ) ;
#3858 = CARTESIAN_POINT ( 'NONE',  ( -0.3802971054018307600, 1.377556521815253700, 1.381214482109724500 ) ) ;
#3859 = CARTESIAN_POINT ( 'NONE',  ( -1.836970198721050400E-016, -1.500000000000031800, -2.937499999999996400 ) ) ;
#3860 = ORIENTED_EDGE ( 'NONE', *, *, #3777, .T. ) ;
#3861 = VERTEX_POINT ( 'NONE', #1380 ) ;
#3862 = CIRCLE ( 'NONE', #1664, 1.531318301494583500 ) ;
#3863 = CARTESIAN_POINT ( 'NONE',  ( 1.763300807568898100, -1.541119985057746000E-014, -1.828124999999997300 ) ) ;
#3864 = CARTESIAN_POINT ( 'NONE',  ( -1.439254484199210300E-016, -1.175240473580867300, -4.249999999999996400 ) ) ;
#3865 = ADVANCED_FACE ( 'NONE', ( #3566 ), #153, .T. ) ;
#3866 = EDGE_LOOP ( 'NONE', ( #3925, #2181, #3298, #4147 ) ) ;
#3867 = CARTESIAN_POINT ( 'NONE',  ( 0.6785254037844502500, -1.175240473580863000, -4.208333333333329500 ) ) ;
#3868 = CARTESIAN_POINT ( 'NONE',  ( 1.357050807568896700, -1.555279963672887300E-014, -0.06249999999999701600 ) ) ;
#3869 = TOROIDAL_SURFACE ( 'NONE', #2074, 2.287307525620819100, 0.6875000000000004400 ) ;
#3870 = EDGE_CURVE ( 'NONE', #405, #3786, #1666, .T. ) ;
#3871 = CARTESIAN_POINT ( 'NONE',  ( -0.1735972396126578300, 1.512083700825215300, 3.406249999999998700 ) ) ;
#3872 = CARTESIAN_POINT ( 'NONE',  ( -0.2337791285254828300, -1.564063351765475200, 3.970310088470553100 ) ) ;
#3873 = CARTESIAN_POINT ( 'NONE',  ( 1.454268073987487500E-016, 1.187500000000006200, -4.250000000000000000 ) ) ;
#3874 = CIRCLE ( 'NONE', #1431, 4.606075864237159800 ) ;
#3875 = CARTESIAN_POINT ( 'NONE',  ( -0.8234078741651420500, -0.8385640366158168000, -4.250000000000000900 ) ) ;
#3876 = CARTESIAN_POINT ( 'NONE',  ( -1.017788105676672700, -0.5876202367904409500, -2.833333333333330400 ) ) ;
#3877 = CARTESIAN_POINT ( 'NONE',  ( 0.8816504037844498100, 1.527063293868266400, -2.244791666666663900 ) ) ;
#3878 = EDGE_CURVE ( 'NONE', #4104, #3177, #2661, .T. ) ;
#3879 = CARTESIAN_POINT ( 'NONE',  ( 0.6785254037844491400, 1.175240473580837300, -3.979166666666663900 ) ) ;
#3880 = VECTOR ( 'NONE', #4857, 1000.000000000000100 ) ;
#3881 = CARTESIAN_POINT ( 'NONE',  ( -0.6785254037844482600, 1.175240473580837300, -2.395833333333330400 ) ) ;
#3882 = CARTESIAN_POINT ( 'NONE',  ( 0.6785254037844491400, 1.175240473580837500, -4.041666666666664300 ) ) ;
#3883 = CARTESIAN_POINT ( 'NONE',  ( 1.017788105676672200, -0.5876202367904419500, -1.166666666666663600 ) ) ;
#3884 = ORIENTED_EDGE ( 'NONE', *, *, #3293, .F. ) ;
#3885 = DIRECTION ( 'NONE',  ( 0.0000000000000000000, -1.000000000000000000, 0.0000000000000000000 ) ) ;
#3886 = CARTESIAN_POINT ( 'NONE',  ( -0.2467405608427226400, -1.538281606095236000, 3.978816423804652400 ) ) ;
#3887 = CARTESIAN_POINT ( 'NONE',  ( -0.2238015188012701900, 1.571416688645963500, 3.968174913599009600 ) ) ;
#3888 = CARTESIAN_POINT ( 'NONE',  ( 1.017788105676673100, 0.5876202367904099800, 0.4166666666666695700 ) ) ;
#3889 = CARTESIAN_POINT ( 'NONE',  ( -0.1679132514439954400, -1.542301010129201200, 3.596344940910947100 ) ) ;
#3890 = CARTESIAN_POINT ( 'NONE',  ( 1.017788105676672200, -0.5876202367904417300, -2.604166666666663400 ) ) ;
#3891 = CARTESIAN_POINT ( 'NONE',  ( -0.2070875099665592000, -0.4999534751593361900, 3.406249999999998700 ) ) ;
#3892 = CARTESIAN_POINT ( 'NONE',  ( 1.322475605676674200, 0.7635316469341246700, -1.317708333333329900 ) ) ;
#3893 = AXIS2_PLACEMENT_3D ( 'NONE', #4826, #1366, #2864 ) ;
#3894 = CARTESIAN_POINT ( 'NONE',  ( 1.763300807568898100, -1.553366453049219500E-014, -0.8281249999999972200 ) ) ;
#3895 = EDGE_CURVE ( 'NONE', #4377, #3313, #3265, .T. ) ;
#3896 = CARTESIAN_POINT ( 'NONE',  ( 0.0000000000000000000, 1.175240473580837500, -3.499999999999996900 ) ) ;
#3897 = APPROVAL ( #1172, 'UNSPECIFIED' ) ;
#3898 = CARTESIAN_POINT ( 'NONE',  ( -0.6785254037844487000, -1.175240473580867500, -0.2916666666666636300 ) ) ;
#3899 = ORIENTED_EDGE ( 'NONE', *, *, #4129, .T. ) ;
#3900 = CARTESIAN_POINT ( 'NONE',  ( 0.1663881954888957200, 1.329765618500188500, 1.142713027896162800 ) ) ;
#3901 = CARTESIAN_POINT ( 'NONE',  ( 0.0000000000000000000, 1.550799999999996800, 1.749999999999997800 ) ) ;
#3902 = CARTESIAN_POINT ( 'NONE',  ( -0.2134061629270626000, 1.575889484126589400, 3.967077405468488700 ) ) ;
#3903 = EDGE_CURVE ( 'NONE', #3368, #3128, #1869, .T. ) ;
#3904 = ORIENTED_EDGE ( 'NONE', *, *, #2156, .T. ) ;
#3905 = CARTESIAN_POINT ( 'NONE',  ( 0.6785254037844479200, -1.175240473580867700, 1.291666666666669200 ) ) ;
#3906 = CARTESIAN_POINT ( 'NONE',  ( 0.1857697912671050200, -1.491192056489763400, 3.406249999999998700 ) ) ;
#3907 =( BOUNDED_CURVE ( )  B_SPLINE_CURVE ( 2, ( #1714, #4813, #4060, #580, #4441, #3637, #565 ),
 .UNSPECIFIED., .F., .F. ) 
 B_SPLINE_CURVE_WITH_KNOTS ( ( 3, 2, 2, 3 ),
 ( 0.6000000000000000900, 0.6333333333333334100, 0.6666666666666667400, 0.6999999999999999600 ),
 .UNSPECIFIED. ) 
 CURVE ( )  GEOMETRIC_REPRESENTATION_ITEM ( )  RATIONAL_B_SPLINE_CURVE ( ( 0.9999999999999995600, 0.8660254037844391500, 1.000000000000000000, 0.8660254037844387100, 1.000000000000000000, 0.8660254037844387100, 1.000000000000000000 ) ) 
 REPRESENTATION_ITEM ( '' )  );
#3908 = CARTESIAN_POINT ( 'NONE',  ( 0.0000000000000000000, 1.175240473580837500, -3.437499999999996900 ) ) ;
#3909 = CARTESIAN_POINT ( 'NONE',  ( 0.0000000000000000000, 1.500000000000002000, -3.249999999999997800 ) ) ;
#3910 = DIRECTION ( 'NONE',  ( 0.0000000000000000000, -1.000000000000000000, 0.0000000000000000000 ) ) ;
#3911 = ORIENTED_EDGE ( 'NONE', *, *, #4402, .F. ) ;
#3912 = CARTESIAN_POINT ( 'NONE',  ( -0.6785254037844482600, 1.175240473580837300, -1.895833333333330400 ) ) ;
#3913 = CARTESIAN_POINT ( 'NONE',  ( 0.8660254037844512500, -1.500000000000026600, -2.458333333333330400 ) ) ;
#3914 =( BOUNDED_CURVE ( )  B_SPLINE_CURVE ( 2, ( #3225, #2856, #2025, #4350, #1655, #2808, #505 ),
 .UNSPECIFIED., .F., .F. ) 
 B_SPLINE_CURVE_WITH_KNOTS ( ( 3, 2, 2, 3 ),
 ( 0.0000000000000000000, 0.03333333333333331200, 0.06666666666666662400, 0.09999999999999993600 ),
 .UNSPECIFIED. ) 
 CURVE ( )  GEOMETRIC_REPRESENTATION_ITEM ( )  RATIONAL_B_SPLINE_CURVE ( ( 1.000000000000000000, 0.8660254037844387100, 1.000000000000000000, 0.8660254037844387100, 1.000000000000000000, 0.8660254037844388200, 0.9999999999999998900 ) ) 
 REPRESENTATION_ITEM ( '' )  );
#3915 = ORIENTED_EDGE ( 'NONE', *, *, #4217, .F. ) ;
#3916 = CARTESIAN_POINT ( 'NONE',  ( 1.017788105676673100, 0.5876202367904104200, -3.083333333333330400 ) ) ;
#3917 = CARTESIAN_POINT ( 'NONE',  ( 0.9609782536090896200, -0.2712414087855121700, 4.140750377164774700 ) ) ;
#3918 = CARTESIAN_POINT ( 'NONE',  ( 0.3338013282662276000, 1.293082643740488500, 1.129866709609461500 ) ) ;
#3919 = DIRECTION ( 'NONE',  ( -0.0000000000000000000, -1.224646799147353200E-016, 1.000000000000000000 ) ) ;
#3920 = ORIENTED_EDGE ( 'NONE', *, *, #2051, .F. ) ;
#3921 = CARTESIAN_POINT ( 'NONE',  ( 0.0000000000000000000, -1.500000000000000000, 4.249999999999998200 ) ) ;
#3922 = CARTESIAN_POINT ( 'NONE',  ( -0.6785254037844482600, 1.175240473580837500, -3.958333333333330400 ) ) ;
#3923 = CARTESIAN_POINT ( 'NONE',  ( 0.6785254037844479200, -1.175240473580867700, 1.791666666666669400 ) ) ;
#3924 = CARTESIAN_POINT ( 'NONE',  ( -1.480908766186232100, -0.1867183014945870400, 3.406249999999998700 ) ) ;
#3925 = ORIENTED_EDGE ( 'NONE', *, *, #715, .F. ) ;
#3926 = ORIENTED_EDGE ( 'NONE', *, *, #4998, .F. ) ;
#3927 = CARTESIAN_POINT ( 'NONE',  ( 1.017788105676673100, 0.5876202367904106400, -4.020833333333330400 ) ) ;
#3928 = CARTESIAN_POINT ( 'NONE',  ( 0.2078487863861622500, 1.576622122564782100, 3.967077405468494100 ) ) ;
#3929 = CARTESIAN_POINT ( 'NONE',  ( -1.020989215107069900, -0.1867183014945874600, 3.406249999999998700 ) ) ;
#3930 = CARTESIAN_POINT ( 'NONE',  ( -1.017788105676672700, -0.5876202367904410600, -1.770833333333330400 ) ) ;
#3931 = CARTESIAN_POINT ( 'NONE',  ( -1.299038105676672400, 0.7499999999999936700, -3.104166666666663000 ) ) ;
#3932 = AXIS2_PLACEMENT_3D ( 'NONE', #1361, #2104, #1761 ) ;
#3933 = VECTOR ( 'NONE', #4791, 1000.000000000000000 ) ;
#3934 = CARTESIAN_POINT ( 'NONE',  ( 0.2337791285254804100, 1.564063351765477200, 3.970310088470554900 ) ) ;
#3935 = CARTESIAN_POINT ( 'NONE',  ( 0.6785254037844479200, -1.175240473580867700, -1.208333333333330600 ) ) ;
#3936 = VECTOR ( 'NONE', #4131, 1000.000000000000000 ) ;
#3937 = EDGE_CURVE ( 'NONE', #3177, #3743, #3577, .T. ) ;
#3938 = CARTESIAN_POINT ( 'NONE',  ( 0.7306602186199231400, -1.257394046808408600, -3.986133775694191300 ) ) ;
#3939 = DIRECTION ( 'NONE',  ( 0.0000000000000000000, 0.3420201433256693200, 0.9396926207859082100 ) ) ;
#3940 = B_SPLINE_CURVE_WITH_KNOTS ( 'NONE', 3,
 ( #4666, #3137, #30, #4695, #3528, #402, #1215 ),
 .UNSPECIFIED., .F., .F.,
 ( 4, 3, 4 ),
 ( 0.0000000000000000000, 0.0002928193619181938100, 0.0005794830383588857200 ),
 .UNSPECIFIED. ) ;
#3941 = CARTESIAN_POINT ( 'NONE',  ( -1.017788105676672700, -0.5876202367904408400, -3.833333333333330400 ) ) ;
#3942 = CARTESIAN_POINT ( 'NONE',  ( 0.1867183014945814600, -1.482736319501101200, 3.406249999999998700 ) ) ;
#3943 = CARTESIAN_POINT ( 'NONE',  ( -1.357050807568896700, -1.476117550149469700E-014, -3.812499999999997300 ) ) ;
#3944 = CARTESIAN_POINT ( 'NONE',  ( 1.322475605676673300, -0.7635316469341568700, -0.4010416666666634700 ) ) ;
#3945 = EDGE_LOOP ( 'NONE', ( #466, #120, #3771, #4268 ) ) ;
#3946 = CARTESIAN_POINT ( 'NONE',  ( 0.0000000000000000000, 1.175240473580837500, -1.999999999999997100 ) ) ;
#3947 = CARTESIAN_POINT ( 'NONE',  ( 0.9978205399679962500, 0.2631248712943665100, 4.133209951772099300 ) ) ;
#3948 = ORIENTED_EDGE ( 'NONE', *, *, #1225, .F. ) ;
#3949 = CARTESIAN_POINT ( 'NONE',  ( 0.1802249924001039500, 1.504338258009481700, 3.406249999999998700 ) ) ;
#3950 = CARTESIAN_POINT ( 'NONE',  ( -0.2866551442409738800, -0.9254976877526300800, 4.147054690030634200 ) ) ;
#3951 = CARTESIAN_POINT ( 'NONE',  ( 0.1679132586585647400, 1.542301016495473600, 3.596345007782958200 ) ) ;
#3952 = CARTESIAN_POINT ( 'NONE',  ( -1.273472522503969400, -0.6913176703388722600, -3.991482437482808200 ) ) ;
#3953 = CARTESIAN_POINT ( 'NONE',  ( 0.1867183014945853200, 1.480908766186231700, 3.406249999999998700 ) ) ;
#3954 = CARTESIAN_POINT ( 'NONE',  ( 0.6785254037844491400, 1.175240473580836800, -1.479166666666663600 ) ) ;
#3955 = CARTESIAN_POINT ( 'NONE',  ( -1.635149679182389000E-016, -1.335201039451426400, 1.157646724234911100 ) ) ;
#3956 = EDGE_CURVE ( 'NONE', #2966, #1503, #1309, .T. ) ;
#3957 = ORIENTED_EDGE ( 'NONE', *, *, #4374, .F. ) ;
#3958 = CARTESIAN_POINT ( 'NONE',  ( 1.357050807568896700, -1.530021623440473000E-014, -2.124999999999997300 ) ) ;
#3959 = DIRECTION ( 'NONE',  ( 0.0000000000000000000, -2.449293598294706400E-016, 1.000000000000000000 ) ) ;
#3960 = CARTESIAN_POINT ( 'NONE',  ( 0.1704000625668437600, 1.515250468763449200, 3.406249999999998700 ) ) ;
#3961 = VERTEX_POINT ( 'NONE', #1835 ) ;
#3962 = CARTESIAN_POINT ( 'NONE',  ( 1.533209921821044700, -0.1576114318128950500, 3.500855289840672400 ) ) ;
#3963 = EDGE_CURVE ( 'NONE', #4035, #2049, #1092, .T. ) ;
#3964 = CARTESIAN_POINT ( 'NONE',  ( 0.5670171206496010800, -1.038950252870098500, 4.234880783661077800 ) ) ;
#3965 = ORIENTED_EDGE ( 'NONE', *, *, #1544, .F. ) ;
#3966 = CARTESIAN_POINT ( 'NONE',  ( 0.2062073137889049400, -1.537627273944306600, 3.591675565820946500 ) ) ;
#3967 = CARTESIAN_POINT ( 'NONE',  ( 0.6785254037844479200, -1.175240473580867700, -0.6458333333333302600 ) ) ;
#3968 = ORIENTED_EDGE ( 'NONE', *, *, #2334, .T. ) ;
#3969 = CYLINDRICAL_SURFACE ( 'NONE', #3775, 0.2915999999999999100 ) ;
#3970 = CARTESIAN_POINT ( 'NONE',  ( -0.5765096284847194300, 1.136117791231216600, 0.9817697613867886200 ) ) ;
#3971 = ORIENTED_EDGE ( 'NONE', *, *, #4170, .T. ) ;
#3972 = ORIENTED_EDGE ( 'NONE', *, *, #3835, .T. ) ;
#3973 = CARTESIAN_POINT ( 'NONE',  ( -1.635149679182389000E-016, -1.335201039451426400, 1.157646724234911100 ) ) ;
#3974 = CARTESIAN_POINT ( 'NONE',  ( 1.836970198721030400E-016, 1.500000000000000900, 4.249999999999998200 ) ) ;
#3975 = LINE ( 'NONE', #1017, #1149 ) ;
#3976 = CARTESIAN_POINT ( 'NONE',  ( -0.4612119759279488800, -0.5181179941836193700, 4.198166090358179200 ) ) ;
#3977 = CARTESIAN_POINT ( 'NONE',  ( 0.1326959224940225900, -0.05496445076863143400, -0.3758688603731166800 ) ) ;
#3978 = CARTESIAN_POINT ( 'NONE',  ( 0.0000000000000000000, 1.175240473580837300, -1.437499999999996900 ) ) ;
#3979 = ORIENTED_EDGE ( 'NONE', *, *, #753, .F. ) ;
#3980 = VECTOR ( 'NONE', #4893, 1000.000000000000100 ) ;
#3981 = CARTESIAN_POINT ( 'NONE',  ( -0.2470295586577009300, 1.572796539073743100, 3.980073281342366300 ) ) ;
#3982 = CARTESIAN_POINT ( 'NONE',  ( -1.422310831172088500, 0.03182284756053849200, -4.017922639331835000 ) ) ;
#3983 = FACE_OUTER_BOUND ( 'NONE', #4621, .T. ) ;
#3984 = EDGE_CURVE ( 'NONE', #4208, #4439, #4100, .T. ) ;
#3985 = DIRECTION ( 'NONE',  ( 0.3805870524817663300, -0.9188184237650789400, -0.1045284632676538500 ) ) ;
#3986 = CARTESIAN_POINT ( 'NONE',  ( -1.017788105676672700, -0.5876202367904410600, -1.270833333333330400 ) ) ;
#3987 = DIRECTION ( 'NONE',  ( -0.0000000000000000000, -1.224646799147353200E-016, 1.000000000000000000 ) ) ;
#3988 = CARTESIAN_POINT ( 'NONE',  ( 0.7214013745851626200, -0.9908721142328068600, -4.222408557229274000 ) ) ;
#3989 = CARTESIAN_POINT ( 'NONE',  ( -1.480580224308148300, 0.1863564938362429800, 3.402807630076058100 ) ) ;
#3990 = CARTESIAN_POINT ( 'NONE',  ( -1.947511272928880000E-016, -1.590263637062384800, 3.967077405468491400 ) ) ;
#3991 = CARTESIAN_POINT ( 'NONE',  ( 2.590581099512336200E-015, -5.499639599344713400E-016, 4.249999999999998200 ) ) ;
#3992 = EDGE_CURVE ( 'NONE', #3686, #3368, #1931, .T. ) ;
#3993 = CARTESIAN_POINT ( 'NONE',  ( 5.273039961881108900E-013, -1.352123412263504400, -4.085376587736496900 ) ) ;
#3994 = ORIENTED_EDGE ( 'NONE', *, *, #4759, .F. ) ;
#3995 =( BOUNDED_CURVE ( )  B_SPLINE_CURVE ( 2, ( #2896, #595, #2876, #3693, #2857, #4832, #995 ),
 .UNSPECIFIED., .F., .T. ) 
 B_SPLINE_CURVE_WITH_KNOTS ( ( 3, 2, 2, 3 ),
 ( 0.2999999999999998800, 0.3333333333333332600, 0.3666666666666666400, 0.4000000000000000200 ),
 .UNSPECIFIED. ) 
 CURVE ( )  GEOMETRIC_REPRESENTATION_ITEM ( )  RATIONAL_B_SPLINE_CURVE ( ( 1.000000000000000900, 0.8660254037844381500, 1.000000000000000000, 0.8660254037844387100, 1.000000000000000000, 0.8660254037844387100, 1.000000000000000000 ) ) 
 REPRESENTATION_ITEM ( '' )  );
#3996 = CARTESIAN_POINT ( 'NONE',  ( 0.9978205399679960200, -0.2631248712943692300, 4.133209951772099300 ) ) ;
#3997 = CARTESIAN_POINT ( 'NONE',  ( -1.065561411062446100, -0.9998639595280105500, -3.979228365571957600 ) ) ;
#3998 = CARTESIAN_POINT ( 'NONE',  ( -1.087651933792513700, -0.9865439799049814400, 1.515311908434654000 ) ) ;
#3999 = CARTESIAN_POINT ( 'NONE',  ( -1.439254484199210300E-016, -1.175240473580867300, -3.687499999999997300 ) ) ;
#4000 = CARTESIAN_POINT ( 'NONE',  ( -3.777006226363460200E-014, 1.260009172861203500, 0.9510587686516313000 ) ) ;
#4001 = CARTESIAN_POINT ( 'NONE',  ( 0.1133358032388377800, -1.182079204496981200, -4.250000000000000000 ) ) ;
#4002 = CARTESIAN_POINT ( 'NONE',  ( -1.131801943648846500, -0.6822241718929869000, 1.090215600219182100 ) ) ;
#4003 = DIRECTION ( 'NONE',  ( 0.9945218953682734000, 6.199384313380852800E-017, 0.1045284632676537100 ) ) ;
#4004 = CARTESIAN_POINT ( 'NONE',  ( 0.4531220514732872100, -0.3980426312550035000, 3.406249999999998700 ) ) ;
#4005 = CARTESIAN_POINT ( 'NONE',  ( 0.5917109473128512300, 0.4347626794466383800, 4.233624606597339300 ) ) ;
#4006 = CARTESIAN_POINT ( 'NONE',  ( -1.517185021815038000, 0.2270432773634281600, 3.789916517023753400 ) ) ;
#4007 = CARTESIAN_POINT ( 'NONE',  ( -1.017788105676672700, 0.5876202367904108700, 0.5833333333333361500 ) ) ;
#4008 = DIRECTION ( 'NONE',  ( -0.02078751127481448200, -0.1045058763748859300, 0.9943069954385902500 ) ) ;
#4009 = CARTESIAN_POINT ( 'NONE',  ( -0.9279710683664096300, 0.2990896682797153400, 4.265361283549925300 ) ) ;
#4010 = CARTESIAN_POINT ( 'NONE',  ( -1.323561157155080900, 0.4022791317349954100, 1.281629189784592200 ) ) ;
#4011 = AXIS2_PLACEMENT_3D ( 'NONE', #1326, #4064, #4762 ) ;
#4012 = ORIENTED_EDGE ( 'NONE', *, *, #3251, .F. ) ;
#4013 = CARTESIAN_POINT ( 'NONE',  ( 0.0000000000000000000, 1.351151883724552200, -2.101562499999996900 ) ) ;
#4014 = AXIS2_PLACEMENT_3D ( 'NONE', #2525, #3301, #934 ) ;
#4015 = CARTESIAN_POINT ( 'NONE',  ( 1.299038105676672200, -0.7500000000000244200, 0.08333333333333559100 ) ) ;
#4016 = DIRECTION ( 'NONE',  ( 0.0000000000000000000, -0.9967800569107642100, 0.08018427617041552800 ) ) ;
#4017 = CARTESIAN_POINT ( 'NONE',  ( -0.6785254037844487000, -1.175240473580867000, -4.229166666666664300 ) ) ;
#4018 = ORIENTED_EDGE ( 'NONE', *, *, #2971, .T. ) ;
#4019 = CARTESIAN_POINT ( 'NONE',  ( 1.490734877733621800, -0.1858814171829742700, 3.406249999999998700 ) ) ;
#4020 = DIRECTION ( 'NONE',  ( -0.0000000000000000000, -1.224646799147353200E-016, 1.000000000000000000 ) ) ;
#4021 = EDGE_CURVE ( 'NONE', #2825, #1909, #1277, .T. ) ;
#4022 = CARTESIAN_POINT ( 'NONE',  ( 0.8660254037844489200, 1.500000000000001100, -3.229166666666662500 ) ) ;
#4023 = CARTESIAN_POINT ( 'NONE',  ( -0.5251542044367925000, 0.3682059365705877000, 3.406249999999998700 ) ) ;
#4024 = VERTEX_POINT ( 'NONE', #3395 ) ;
#4025 = VERTEX_POINT ( 'NONE', #2579 ) ;
#4026 = CARTESIAN_POINT ( 'NONE',  ( -0.4497928725692166300, 1.271983102048672700, 1.187558493137011800 ) ) ;
#4027 = CARTESIAN_POINT ( 'NONE',  ( 0.6785254037844479200, -1.175240473580867700, 1.291666666666669200 ) ) ;
#4028 = DIRECTION ( 'NONE',  ( 0.0000000000000000000, -1.000000000000000000, 0.0000000000000000000 ) ) ;
#4029 = CARTESIAN_POINT ( 'NONE',  ( 1.017788105676672200, -0.5876202367904418400, -2.166666666666663900 ) ) ;
#4030 = CARTESIAN_POINT ( 'NONE',  ( -0.9827792013656175800, 0.1867183014945950100, 3.406249999999998700 ) ) ;
#4031 = ORIENTED_EDGE ( 'NONE', *, *, #2805, .T. ) ;
#4032 = CARTESIAN_POINT ( 'NONE',  ( 0.0000000000000000000, 1.175240473580837300, 0.06250000000000309500 ) ) ;
#4033 = CARTESIAN_POINT ( 'NONE',  ( 0.0000000000000000000, 1.175240473580837500, -1.999999999999997100 ) ) ;
#4034 = DIRECTION ( 'NONE',  ( 1.000000000000000000, -1.224646799147353200E-016, -1.499759782661857600E-032 ) ) ;
#4035 = VERTEX_POINT ( 'NONE', #4515 ) ;
#4036 = CARTESIAN_POINT ( 'NONE',  ( -0.1771724077350070900, -1.508146100628095000, 3.406249999999998700 ) ) ;
#4037 = VECTOR ( 'NONE', #2390, 1000.000000000000000 ) ;
#4038 = CARTESIAN_POINT ( 'NONE',  ( 0.0000000000000000000, 1.500000000000001800, 0.2500000000000026100 ) ) ;
#4039 = CARTESIAN_POINT ( 'NONE',  ( -0.1867183014945763800, 1.020989215107071200, 3.406249999999998700 ) ) ;
#4040 = ORIENTED_EDGE ( 'NONE', *, *, #4769, .F. ) ;
#4041 = ORIENTED_EDGE ( 'NONE', *, *, #2256, .T. ) ;
#4042 = CARTESIAN_POINT ( 'NONE',  ( -0.5251542044367925000, 0.3682059365705877000, 3.406249999999998700 ) ) ;
#4043 = CARTESIAN_POINT ( 'NONE',  ( -1.299038105676672700, -0.7500000000000234300, 0.4791666666666697400 ) ) ;
#4044 = ORIENTED_EDGE ( 'NONE', *, *, #2126, .F. ) ;
#4045 = VECTOR ( 'NONE', #922, 999.9999999999998900 ) ;
#4046 = CARTESIAN_POINT ( 'NONE',  ( -1.732050807568896500, -1.476882954398936700E-014, -3.562499999999996400 ) ) ;
#4047 = CARTESIAN_POINT ( 'NONE',  ( -1.017788105676672700, -0.5876202367904409500, -2.770833333333330400 ) ) ;
#4048 = DIRECTION ( 'NONE',  ( -0.02078751127481448900, -0.1045058763748856900, -0.9943069954385901400 ) ) ;
#4049 = CARTESIAN_POINT ( 'NONE',  ( 1.017788105676673100, 0.5876202367904098700, 1.416666666666669400 ) ) ;
#4050 = DIRECTION ( 'NONE',  ( -1.224646799147353200E-016, -1.224646799147340400E-016, 1.000000000000000000 ) ) ;
#4051 = CIRCLE ( 'NONE', #523, 4.606075864237159800 ) ;
#4052 = CARTESIAN_POINT ( 'NONE',  ( -1.836970198721050400E-016, -1.500000000000032000, -0.9999999999999974500 ) ) ;
#4053 = CARTESIAN_POINT ( 'NONE',  ( -0.1678132330522366700, 1.542129073831892000, 3.595469040531504800 ) ) ;
#4054 = CARTESIAN_POINT ( 'NONE',  ( -1.220076292500113400, 0.6560562342785895000, 1.262005286723568900 ) ) ;
#4055 = CARTESIAN_POINT ( 'NONE',  ( -3.777006226363460200E-014, 1.260009172861203500, 0.9510587686516313000 ) ) ;
#4056 = LINE ( 'NONE', #4271, #4720 ) ;
#4057 = CARTESIAN_POINT ( 'NONE',  ( 0.2410245267385766900, -0.5818846813168264700, 4.249999999999998200 ) ) ;
#4058 = FACE_OUTER_BOUND ( 'NONE', #2884, .T. ) ;
#4059 = CARTESIAN_POINT ( 'NONE',  ( -0.1576114318129139300, -1.533209921821067100, 3.500855289840901100 ) ) ;
#4060 = CARTESIAN_POINT ( 'NONE',  ( 1.299038105676672900, 0.7499999999999924500, -3.770833333333329900 ) ) ;
#4061 = EDGE_CURVE ( 'NONE', #3604, #2010, #1817, .T. ) ;
#4062 = CARTESIAN_POINT ( 'NONE',  ( 0.0000000000000000000, 2.070106209874711500E-015, 3.406249999999998700 ) ) ;
#4063 = VECTOR ( 'NONE', #64, 1000.000000000000100 ) ;
#4064 = DIRECTION ( 'NONE',  ( -0.0000000000000000000, -1.224646799147353200E-016, 1.000000000000000000 ) ) ;
#4065 = CARTESIAN_POINT ( 'NONE',  ( -1.038180288643461000, -0.2731436643961244700, 4.228532400733666200 ) ) ;
#4066 = CARTESIAN_POINT ( 'NONE',  ( 1.732050807568896500, -1.522367580945802100E-014, -3.312499999999997300 ) ) ;
#4067 = CARTESIAN_POINT ( 'NONE',  ( 0.6785254037844479200, -1.175240473580867500, -4.145833333333330400 ) ) ;
#4068 = CARTESIAN_POINT ( 'NONE',  ( -0.6785254037844482600, 1.175240473580837300, -0.4583333333333303200 ) ) ;
#4069 = CARTESIAN_POINT ( 'NONE',  ( 0.0000000000000000000, 1.500000000000001300, -1.687499999999996200 ) ) ;
#4070 = CARTESIAN_POINT ( 'NONE',  ( 1.763300807568898100, -1.565230218915959700E-014, 0.1406250000000031400 ) ) ;
#4071 = ORIENTED_EDGE ( 'NONE', *, *, #2640, .T. ) ;
#4072 = CARTESIAN_POINT ( 'NONE',  ( 1.732050807568896500, -1.552983750924485500E-014, -0.8124999999999965600 ) ) ;
#4073 =( BOUNDED_SURFACE ( )  B_SPLINE_SURFACE ( 1, 2, ( 
 ( #4494, #272, #1842, #1827, #3741, #4915, #1813, #4506, #4931, #4899, #2589, #284, #299, #3384, #3776, #4542, #2235, #2622, #317, #2255, #4983, #3468, #2656, #2289, #4950, #1520, #3035, #381, #4182, #3064, #3482, #4234, #18, #342, #742, #1134, #4216, #1501, #2636, #2700, #3833, #1155, #1482, #3452, #1536, #3081, #1884, #1898, #2324, #752, #4607, #2270, #4251, #729, #3848, #393, #3805, #3868, #4573, #1175, #4968 ),
 ( #3097, #2672, #1919, #3050, #4620, #1553, #2308, #2685, #4997, #774, #1937, #330, #711, #3435, #3418, #1105, #362, #1871, #1120, #3819, #4200, #4591, #2789, #2339, #1205, #794, #820, #1575, #90, #4313, #453, #3935, #3883, #2749, #2767, #440, #2736, #1966, #4706, #407, #1221, #37, #4672, #2719, #2396, #424, #4296, #3532, #1618, #3160, #2371, #1637, #3126, #3898, #48, #468, #4266, #3112, #3500, #1988, #3176 ) ),
 .UNSPECIFIED., .F., .F., .T. ) 
 B_SPLINE_SURFACE_WITH_KNOTS ( ( 2, 2 ),
 ( 3, 2, 2, 2, 2, 2, 2, 2, 2, 2, 2, 2, 2, 2, 2, 2, 2, 2, 2, 2, 2, 2, 2, 2, 2, 2, 2, 2, 2, 2, 3 ),
 ( 0.0000000000000000000, 1.000000000000000000 ),
 ( 0.0000000000000000000, 0.03333333333333333300, 0.06666666666666666600, 0.1000000000000000100, 0.1333333333333333300, 0.1666666666666666600, 0.2000000000000000100, 0.2333333333333333400, 0.2666666666666666600, 0.2999999999999999900, 0.3333333333333333100, 0.3666666666666666400, 0.4000000000000000200, 0.4333333333333333500, 0.4666666666666666700, 0.5000000000000000000, 0.5333333333333333300, 0.5666666666666666500, 0.5999999999999999800, 0.6333333333333333000, 0.6666666666666666300, 0.6999999999999999600, 0.7333333333333332800, 0.7666666666666667200, 0.8000000000000000400, 0.8333333333333333700, 0.8666666666666667000, 0.9000000000000000200, 0.9333333333333333500, 0.9666666666666666700, 1.000000000000000000 ),
 .UNSPECIFIED. ) 
 GEOMETRIC_REPRESENTATION_ITEM ( )  RATIONAL_B_SPLINE_SURFACE ( (
 ( 1.000000000000000000, 0.8660254037844387100, 1.000000000000000000, 0.8660254037844387100, 1.000000000000000000, 0.8660254037844387100, 1.000000000000000000, 0.8660254037844387100, 1.000000000000000000, 0.8660254037844387100, 1.000000000000000000, 0.8660254037844387100, 1.000000000000000000, 0.8660254037844387100, 1.000000000000000000, 0.8660254037844387100, 1.000000000000000000, 0.8660254037844387100, 1.000000000000000000, 0.8660254037844387100, 1.000000000000000000, 0.8660254037844387100, 1.000000000000000000, 0.8660254037844387100, 1.000000000000000000, 0.8660254037844387100, 1.000000000000000000, 0.8660254037844387100, 1.000000000000000000, 0.8660254037844387100, 1.000000000000000000, 0.8660254037844387100, 1.000000000000000000, 0.8660254037844387100, 1.000000000000000000, 0.8660254037844387100, 1.000000000000000000, 0.8660254037844387100, 1.000000000000000000, 0.8660254037844387100, 1.000000000000000000, 0.8660254037844387100, 1.000000000000000000, 0.8660254037844387100, 1.000000000000000000, 0.8660254037844387100, 1.000000000000000000, 0.8660254037844387100, 1.000000000000000000, 0.8660254037844387100, 1.000000000000000000, 0.8660254037844387100, 1.000000000000000000, 0.8660254037844387100, 1.000000000000000000, 0.8660254037844387100, 1.000000000000000000, 0.8660254037844387100, 1.000000000000000000, 0.8660254037844387100, 1.000000000000000000),
 ( 1.000000000000000000, 0.8660254037844387100, 1.000000000000000000, 0.8660254037844387100, 1.000000000000000000, 0.8660254037844387100, 1.000000000000000000, 0.8660254037844387100, 1.000000000000000000, 0.8660254037844387100, 1.000000000000000000, 0.8660254037844387100, 1.000000000000000000, 0.8660254037844387100, 1.000000000000000000, 0.8660254037844387100, 1.000000000000000000, 0.8660254037844387100, 1.000000000000000000, 0.8660254037844387100, 1.000000000000000000, 0.8660254037844387100, 1.000000000000000000, 0.8660254037844387100, 1.000000000000000000, 0.8660254037844387100, 1.000000000000000000, 0.8660254037844387100, 1.000000000000000000, 0.8660254037844387100, 1.000000000000000000, 0.8660254037844387100, 1.000000000000000000, 0.8660254037844387100, 1.000000000000000000, 0.8660254037844387100, 1.000000000000000000, 0.8660254037844387100, 1.000000000000000000, 0.8660254037844387100, 1.000000000000000000, 0.8660254037844387100, 1.000000000000000000, 0.8660254037844387100, 1.000000000000000000, 0.8660254037844387100, 1.000000000000000000, 0.8660254037844387100, 1.000000000000000000, 0.8660254037844387100, 1.000000000000000000, 0.8660254037844387100, 1.000000000000000000, 0.8660254037844387100, 1.000000000000000000, 0.8660254037844387100, 1.000000000000000000, 0.8660254037844387100, 1.000000000000000000, 0.8660254037844387100, 1.000000000000000000) ) ) 
 REPRESENTATION_ITEM ( '' )  SURFACE ( )  );
#4074 = CARTESIAN_POINT ( 'NONE',  ( 0.0000000000000000000, 1.500000000000001300, 0.8125000000000035500 ) ) ;
#4075 = ADVANCED_FACE ( 'NONE', ( #1989 ), #298, .T. ) ;
#4076 = CARTESIAN_POINT ( 'NONE',  ( 0.0000000000000000000, 1.175240473580837300, -0.4374999999999968900 ) ) ;
#4077 = CARTESIAN_POINT ( 'NONE',  ( 0.0000000000000000000, 1.500000000000001300, 1.250000000000002700 ) ) ;
#4078 = CARTESIAN_POINT ( 'NONE',  ( -0.2622035415152554900, 1.036004162901807100, 4.124444084471207400 ) ) ;
#4079 = B_SPLINE_CURVE_WITH_KNOTS ( 'NONE', 3,
 ( #4169, #2638, #4509, #3760, #1829, #1484, #331 ),
 .UNSPECIFIED., .F., .F.,
 ( 4, 3, 4 ),
 ( 4.370558682921689100E-019, 0.0002866636736917460400, 0.0005794830328019666500 ),
 .UNSPECIFIED. ) ;
#4080 = CARTESIAN_POINT ( 'NONE',  ( -0.4635201020745575200, -1.079971891169104100, 0.7181586815023668400 ) ) ;
#4081 = CARTESIAN_POINT ( 'NONE',  ( -1.489937016748774700, 0.1966617905630214700, 3.500855978943534700 ) ) ;
#4082 = CARTESIAN_POINT ( 'NONE',  ( -0.4635201020745575200, -1.079971891169104100, 0.7181586815023668400 ) ) ;
#4083 = CARTESIAN_POINT ( 'NONE',  ( 0.0000000000000000000, 1.175240473580837700, -3.999999999999996400 ) ) ;
#4084 = CARTESIAN_POINT ( 'NONE',  ( 1.017788105676673100, 0.5876202367904104200, -2.520833333333330800 ) ) ;
#4086 = EDGE_LOOP ( 'NONE', ( #2709, #3447, #1867, #3188 ) ) ;
#4085 = CARTESIAN_POINT ( 'NONE',  ( 0.0000000000000000000, 1.527063293868266700, -0.7031249999999971100 ) ) ;
#4087 = CARTESIAN_POINT ( 'NONE',  ( -0.9100100306033869200, -0.2087934338140788900, 3.406249999999998700 ) ) ;
#4088 = CARTESIAN_POINT ( 'NONE',  ( -1.439254484199210300E-016, -1.175240473580867700, -0.1874999999999971400 ) ) ;
#4089 = ORIENTED_EDGE ( 'NONE', *, *, #921, .F. ) ;
#4090 = CARTESIAN_POINT ( 'NONE',  ( 1.299038105676672900, 0.7499999999999923400, -1.833333333333330800 ) ) ;
#4091 = PLANE ( 'NONE',  #2376 ) ;
#4092 = ORIENTED_EDGE ( 'NONE', *, *, #4972, .F. ) ;
#4093 = DIRECTION ( 'NONE',  ( 0.9945218953682734000, 0.0000000000000000000, -0.1045284632676529400 ) ) ;
#4094 = AXIS2_PLACEMENT_3D ( 'NONE', #2800, #480, #2121 ) ;
#4095 = CARTESIAN_POINT ( 'NONE',  ( -0.6785254037844487000, -1.175240473580867300, -2.729166666666663400 ) ) ;
#4096 = EDGE_LOOP ( 'NONE', ( #2576, #1213, #13, #4146 ) ) ;
#4097 = CARTESIAN_POINT ( 'NONE',  ( -1.516811748361099700, 0.2267097614933709400, 3.786743325484761800 ) ) ;
#4098 = CARTESIAN_POINT ( 'NONE',  ( 0.2631248712943653500, 0.9978205399679958000, 4.133209951772100200 ) ) ;
#4099 = EDGE_CURVE ( 'NONE', #1929, #2641, #2018, .T. ) ;
#4100 =( BOUNDED_CURVE ( )  B_SPLINE_CURVE ( 2, ( #3375, #4499, #1425, #4921, #1063, #1821, #4876 ),
 .UNSPECIFIED., .F., .T. ) 
 B_SPLINE_CURVE_WITH_KNOTS ( ( 3, 2, 2, 3 ),
 ( 0.5000000000000003300, 0.5333333333333335500, 0.5666666666666668700, 0.6000000000000000900 ),
 .UNSPECIFIED. ) 
 CURVE ( )  GEOMETRIC_REPRESENTATION_ITEM ( )  RATIONAL_B_SPLINE_CURVE ( ( 0.9999999999999986700, 0.8660254037844400400, 1.000000000000000000, 0.8660254037844387100, 1.000000000000000000, 0.8660254037844382600, 1.000000000000000400 ) ) 
 REPRESENTATION_ITEM ( '' )  );
#4101 = DIRECTION ( 'NONE',  ( -0.9945218953682732900, -6.199384313380852800E-017, -0.1045284632676536900 ) ) ;
#4102 = CARTESIAN_POINT ( 'NONE',  ( -0.8234078741651420500, -0.8385640366158168000, -4.250000000000000900 ) ) ;
#4103 = DIRECTION ( 'NONE',  ( 1.000000000000000000, -1.224646799147353200E-016, -1.499759782661857600E-032 ) ) ;
#4104 = VERTEX_POINT ( 'NONE', #3088 ) ;
#4105 = CARTESIAN_POINT ( 'NONE',  ( -1.870113174931205300E-016, -1.527063293868297100, 0.04687500000000242900 ) ) ;
#4106 = SHAPE_DEFINITION_REPRESENTATION ( #209, #1042 ) ;
#4107 = CARTESIAN_POINT ( 'NONE',  ( -0.6785254037844487000, -1.175240473580867500, 0.2708333333333361500 ) ) ;
#4108 = CARTESIAN_POINT ( 'NONE',  ( 0.0000000000000000000, 1.175240473580837500, -1.999999999999997100 ) ) ;
#4109 = CARTESIAN_POINT ( 'NONE',  ( -0.5818846813168231400, 0.2410245267385820700, 4.249999999999998200 ) ) ;
#4110 = ORIENTED_EDGE ( 'NONE', *, *, #3751, .F. ) ;
#4111 = CARTESIAN_POINT ( 'NONE',  ( 0.1867183014945835700, -1.020989215107069600, 3.406249999999998700 ) ) ;
#4112 = VERTEX_POINT ( 'NONE', #2027 ) ;
#4113 = LINE ( 'NONE', #4469, #182 ) ;
#4114 = ORIENTED_EDGE ( 'NONE', *, *, #2362, .T. ) ;
#4115 = CYLINDRICAL_SURFACE ( 'NONE', #4011, 1.500000000000000400 ) ;
#4116 = CARTESIAN_POINT ( 'NONE',  ( -1.017788105676672700, 0.5876202367904114200, -3.416666666666663900 ) ) ;
#4117 = CYLINDRICAL_SURFACE ( 'NONE', #3414, 1.500000000000000400 ) ;
#4118 = CARTESIAN_POINT ( 'NONE',  ( -0.8660254037844497000, 1.499999999999998700, -1.208333333333330800 ) ) ;
#4119 = DIRECTION ( 'NONE',  ( -0.0000000000000000000, -1.224646799147353200E-016, 1.000000000000000000 ) ) ;
#4120 = CARTESIAN_POINT ( 'NONE',  ( -0.6785254037844487000, -1.175240473580867500, -0.2291666666666638300 ) ) ;
#4121 = DIRECTION ( 'NONE',  ( -1.000000000000000000, 0.0000000000000000000, 0.0000000000000000000 ) ) ;
#4122 = CARTESIAN_POINT ( 'NONE',  ( -1.572391632816122000, 0.2219105846160906400, 3.967918235607999400 ) ) ;
#4123 = CARTESIAN_POINT ( 'NONE',  ( 0.0000000000000000000, 4.487940763634945000E-016, 4.249999999999998200 ) ) ;
#4124 = VERTEX_POINT ( 'NONE', #898 ) ;
#4125 = EDGE_CURVE ( 'NONE', #1840, #1708, #2838, .T. ) ;
#4126 = CARTESIAN_POINT ( 'NONE',  ( -1.439254484199210300E-016, -1.175240473580867500, -3.249999999999996900 ) ) ;
#4127 = CARTESIAN_POINT ( 'NONE',  ( 1.017788105676673100, 0.5876202367904104200, -3.083333333333330400 ) ) ;
#4128 = CARTESIAN_POINT ( 'NONE',  ( 0.8816504037844498100, 1.527063293868266400, -0.2447916666666638500 ) ) ;
#4129 = EDGE_CURVE ( 'NONE', #1611, #3961, #545, .T. ) ;
#4130 = CARTESIAN_POINT ( 'NONE',  ( 0.0000000000000000000, 1.527063293868266400, 1.265625000000003300 ) ) ;
#4131 = DIRECTION ( 'NONE',  ( -0.0000000000000000000, -1.224646799147353200E-016, 1.000000000000000000 ) ) ;
#4132 = CARTESIAN_POINT ( 'NONE',  ( -1.543116970613427300, 0.2461404650521947200, 3.977136521887540100 ) ) ;
#4133 = B_SPLINE_CURVE_WITH_KNOTS ( 'NONE', 3,
 ( #2898, #4059, #4812, #635, #563, #952, #3300 ),
 .UNSPECIFIED., .F., .F.,
 ( 4, 3, 4 ),
 ( 3.430482150730062200E-016, 0.0002867374893064191300, 0.0005665053673953694700 ),
 .UNSPECIFIED. ) ;
#4134 = CARTESIAN_POINT ( 'NONE',  ( -1.568956015774093600, -0.2283142632704020500, 3.968834839177241700 ) ) ;
#4135 = CARTESIAN_POINT ( 'NONE',  ( -0.6785254037844487000, -1.175240473580867000, -4.291666666666664300 ) ) ;
#4136 = ORIENTED_EDGE ( 'NONE', *, *, #3956, .T. ) ;
#4137 = ADVANCED_FACE ( 'NONE', ( #3032 ), #358, .F. ) ;
#4138 = CARTESIAN_POINT ( 'NONE',  ( -1.439254484199210300E-016, -1.175240473580867500, -2.249999999999997300 ) ) ;
#4139 = CARTESIAN_POINT ( 'NONE',  ( 1.486380696054986800, 0.1863754552030913200, 3.406249999999998700 ) ) ;
#4140 = CARTESIAN_POINT ( 'NONE',  ( -1.836970198721050400E-016, -1.500000000000032200, 1.500000000000002400 ) ) ;
#4141 = ORIENTED_EDGE ( 'NONE', *, *, #2695, .T. ) ;
#4142 = CARTESIAN_POINT ( 'NONE',  ( 0.2087934338140756100, -0.9100100306033864800, 3.406249999999998700 ) ) ;
#4143 = CARTESIAN_POINT ( 'NONE',  ( -1.763300807568898100, -1.513239656248623600E-014, -0.5781249999999973400 ) ) ;
#4144 = CARTESIAN_POINT ( 'NONE',  ( -1.017788105676672700, 0.5876202367904108700, 0.1458333333333363100 ) ) ;
#4145 = CARTESIAN_POINT ( 'NONE',  ( 1.036004162901804400, 0.2622035415152657600, 4.124444084471206500 ) ) ;
#4146 = ORIENTED_EDGE ( 'NONE', *, *, #4932, .F. ) ;
#4147 = ORIENTED_EDGE ( 'NONE', *, *, #3870, .F. ) ;
#4148 = AXIS2_PLACEMENT_3D ( 'NONE', #1654, #2036, #4736 ) ;
#4149 = DIRECTION ( 'NONE',  ( -0.0000000000000000000, -1.224646799147353200E-016, 1.000000000000000000 ) ) ;
#4150 = EDGE_CURVE ( 'NONE', #4224, #66, #4447, .T. ) ;
#4151 = ORIENTED_EDGE ( 'NONE', *, *, #1373, .T. ) ;
#4152 = CARTESIAN_POINT ( 'NONE',  ( -1.576622122564784100, -0.2078487863861485100, 3.967077405468492300 ) ) ;
#4153 = CARTESIAN_POINT ( 'NONE',  ( -1.357050807568896700, -1.481475379895739200E-014, -3.374999999999996900 ) ) ;
#4154 = CARTESIAN_POINT ( 'NONE',  ( 0.6785254037844479200, -1.175240473580867700, 0.2916666666666692900 ) ) ;
#4155 = CARTESIAN_POINT ( 'NONE',  ( 0.6785254037844491400, 1.175240473580837100, -3.041666666666663900 ) ) ;
#4156 = ORIENTED_EDGE ( 'NONE', *, *, #1951, .T. ) ;
#4157 = VECTOR ( 'NONE', #508, 999.9999999999998900 ) ;
#4158 = EDGE_CURVE ( 'NONE', #1708, #461, #2780, .T. ) ;
#4159 = CARTESIAN_POINT ( 'NONE',  ( -1.357050807568896700, -1.499845081882949500E-014, -1.874999999999996900 ) ) ;
#4160 = CARTESIAN_POINT ( 'NONE',  ( -1.763300807568898100, -1.537732592231570600E-014, 1.421875000000002200 ) ) ;
#4161 = VERTEX_POINT ( 'NONE', #3254 ) ;
#4162 = ORIENTED_EDGE ( 'NONE', *, *, #1537, .F. ) ;
#4163 = CARTESIAN_POINT ( 'NONE',  ( 0.6785254037844479200, -1.175240473580867700, 1.854166666666669600 ) ) ;
#4164 = FACE_OUTER_BOUND ( 'NONE', #585, .T. ) ;
#4165 = CARTESIAN_POINT ( 'NONE',  ( 1.017788105676672200, -0.5876202367904417300, -2.166666666666663400 ) ) ;
#4166 = ADVANCED_FACE ( 'NONE', ( #1628, #605 ), #3218, .T. ) ;
#4167 = CARTESIAN_POINT ( 'NONE',  ( 3.629853112672751800E-016, 2.963999999999997700, 3.124999999999999100 ) ) ;
#4168 = LINE ( 'NONE', #167, #4285 ) ;
#4169 = CARTESIAN_POINT ( 'NONE',  ( -0.1867183014945711400, 1.480908766186233500, 3.406249999999998700 ) ) ;
#4170 = EDGE_CURVE ( 'NONE', #1142, #4746, #256, .T. ) ;
#4171 = CYLINDRICAL_SURFACE ( 'NONE', #2401, 0.2915999999999999700 ) ;
#4172 = CARTESIAN_POINT ( 'NONE',  ( -1.357050807568896700, -1.543473124102574000E-014, 1.687500000000002700 ) ) ;
#4173 = CARTESIAN_POINT ( 'NONE',  ( 1.322475605676674200, 0.7635316469341251200, -4.286458333333330400 ) ) ;
#4174 = CARTESIAN_POINT ( 'NONE',  ( 0.8816504037844485900, -1.527063293868297500, -1.942708333333330400 ) ) ;
#4175 = FACE_OUTER_BOUND ( 'NONE', #4343, .T. ) ;
#4176 = CARTESIAN_POINT ( 'NONE',  ( -1.303503493866587900, 0.6129877531354172000, 1.438164296265855000 ) ) ;
#4177 = CARTESIAN_POINT ( 'NONE',  ( -1.439254484199210300E-016, -1.175240473580867700, -1.249999999999996900 ) ) ;
#4178 = CARTESIAN_POINT ( 'NONE',  ( -1.322475605676673800, -0.7635316469341556500, -2.067708333333330400 ) ) ;
#4179 = CARTESIAN_POINT ( 'NONE',  ( -0.6785254037844487000, -1.175240473580867700, 1.270833333333336100 ) ) ;
#4180 = CARTESIAN_POINT ( 'NONE',  ( -1.322475605676673500, 0.7635316469341261200, -2.119791666666663900 ) ) ;
#4181 = AXIS2_PLACEMENT_3D ( 'NONE', #3199, #4305, #1648 ) ;
#4182 = CARTESIAN_POINT ( 'NONE',  ( -1.017788105676672700, -0.5876202367904410600, -1.270833333333330400 ) ) ;
#4183 = EDGE_LOOP ( 'NONE', ( #3563, #3222, #1793, #4462 ) ) ;
#4184 = CARTESIAN_POINT ( 'NONE',  ( 1.525790193410409000, 0.2368691645223717500, 3.883403588540146300 ) ) ;
#4185 = AXIS2_PLACEMENT_3D ( 'NONE', #1659, #3228, #3653 ) ;
#4186 = EDGE_CURVE ( 'NONE', #4450, #937, #2598, .T. ) ;
#4187 = ORIENTED_EDGE ( 'NONE', *, *, #124, .F. ) ;
#4188 = ADVANCED_FACE ( 'NONE', ( #786 ), #3791, .F. ) ;
#4189 = CARTESIAN_POINT ( 'NONE',  ( -1.017788105676672700, -0.5876202367904414000, 0.7291666666666694100 ) ) ;
#4190 = CARTESIAN_POINT ( 'NONE',  ( -1.322475605676673800, -0.7635316469341554300, -3.536458333333330800 ) ) ;
#4191 = CARTESIAN_POINT ( 'NONE',  ( 1.322475605676673300, -0.7635316469341563200, -3.901041666666663400 ) ) ;
#4192 = CARTESIAN_POINT ( 'NONE',  ( -1.836970198721050400E-016, -1.500000000000032000, -1.437499999999996200 ) ) ;
#4193 = CARTESIAN_POINT ( 'NONE',  ( 0.0000000000000000000, 1.500000000000002000, -2.749999999999997800 ) ) ;
#4194 = CARTESIAN_POINT ( 'NONE',  ( -1.763300807568898100, -1.500610486132416700E-014, -1.609374999999996400 ) ) ;
#4195 = CARTESIAN_POINT ( 'NONE',  ( -0.6785254037844482600, 1.175240473580837100, 1.604166666666669600 ) ) ;
#4196 = CARTESIAN_POINT ( 'NONE',  ( -1.322475605676673800, -0.7635316469341556500, -2.036458333333330800 ) ) ;
#4197 = ORIENTED_EDGE ( 'NONE', *, *, #4411, .F. ) ;
#4198 = CARTESIAN_POINT ( 'NONE',  ( 1.524207146240230000, 0.1474052775258398500, 3.406249999999998700 ) ) ;
#4199 = CARTESIAN_POINT ( 'NONE',  ( -0.6785254037844480300, 1.175240473580837500, 0.1041666666666697200 ) ) ;
#4200 = CARTESIAN_POINT ( 'NONE',  ( 1.017788105676672200, -0.5876202367904418400, -1.666666666666663600 ) ) ;
#4201 = ORIENTED_EDGE ( 'NONE', *, *, #1485, .T. ) ;
#4202 = ORIENTED_EDGE ( 'NONE', *, *, #2292, .T. ) ;
#4203 = CARTESIAN_POINT ( 'NONE',  ( 1.017788105676672200, -0.5876202367904421700, 0.3333333333333359800 ) ) ;
#4204 = FACE_OUTER_BOUND ( 'NONE', #4086, .T. ) ;
#4205 = DIRECTION ( 'NONE',  ( -0.0000000000000000000, -1.224646799147353200E-016, 1.000000000000000000 ) ) ;
#4206 = CARTESIAN_POINT ( 'NONE',  ( -1.322475605676673500, 0.7635316469341263400, -3.651041666666663400 ) ) ;
#4207 = CARTESIAN_POINT ( 'NONE',  ( -1.439254484199210300E-016, -1.175240473580867700, -0.2499999999999972000 ) ) ;
#4208 = VERTEX_POINT ( 'NONE', #155 ) ;
#4209 = CARTESIAN_POINT ( 'NONE',  ( 1.017788105676672200, -0.5876202367904422900, 1.395833333333336100 ) ) ;
#4210 = CARTESIAN_POINT ( 'NONE',  ( -1.322475605676673500, 0.7635316469341261200, -1.619791666666663900 ) ) ;
#4211 = ADVANCED_FACE ( 'NONE', ( #3326 ), #4221, .T. ) ;
#4212 = ORIENTED_EDGE ( 'NONE', *, *, #3719, .T. ) ;
#4213 = AXIS2_PLACEMENT_3D ( 'NONE', #755, #411, #3455 ) ;
#4214 = VECTOR ( 'NONE', #4310, 1000.000000000000100 ) ;
#4215 = CARTESIAN_POINT ( 'NONE',  ( -0.3682059365705829300, -0.5251542044367968300, 3.406249999999998700 ) ) ;
#4216 = CARTESIAN_POINT ( 'NONE',  ( 0.0000000000000000000, 1.175240473580837300, -0.9374999999999968900 ) ) ;
#4217 = EDGE_CURVE ( 'NONE', #1801, #3961, #2361, .T. ) ;
#4218 =( BOUNDED_CURVE ( )  B_SPLINE_CURVE ( 2, ( #1377, #1030, #2223, #1786, #4907, #2595, #263 ),
 .UNSPECIFIED., .F., .T. ) 
 B_SPLINE_CURVE_WITH_KNOTS ( ( 3, 2, 2, 3 ),
 ( 0.8000000000000000400, 0.8333333333333333700, 0.8666666666666667000, 0.9000000000000000200 ),
 .UNSPECIFIED. ) 
 CURVE ( )  GEOMETRIC_REPRESENTATION_ITEM ( )  RATIONAL_B_SPLINE_CURVE ( ( 1.000000000000000000, 0.8660254037844387100, 1.000000000000000000, 0.8660254037844387100, 1.000000000000000000, 0.8660254037844387100, 1.000000000000000000 ) ) 
 REPRESENTATION_ITEM ( '' )  );
#4219 = VERTEX_POINT ( 'NONE', #4408 ) ;
#4220 = ORIENTED_EDGE ( 'NONE', *, *, #2382, .F. ) ;
#4221 = CYLINDRICAL_SURFACE ( 'NONE', #1409, 1.500000000000000400 ) ;
#4222 = CARTESIAN_POINT ( 'NONE',  ( 0.0000000000000000000, 1.175240473580837300, 3.035766082959412400E-015 ) ) ;
#4223 = EDGE_CURVE ( 'NONE', #1091, #3382, #3198, .T. ) ;
#4224 = VERTEX_POINT ( 'NONE', #4799 ) ;
#4225 = CARTESIAN_POINT ( 'NONE',  ( -1.322475605676673800, -0.7635316469341553200, -4.067708333333330400 ) ) ;
#4226 = CIRCLE ( 'NONE', #1372, 2.287307525620819100 ) ;
#4227 = CARTESIAN_POINT ( 'NONE',  ( -0.8660254037844481400, -1.500000000000032600, -2.479166666666664300 ) ) ;
#4228 = CARTESIAN_POINT ( 'NONE',  ( 1.572796539117266500, 0.2470295587086593100, 3.980073281827049200 ) ) ;
#4229 = CARTESIAN_POINT ( 'NONE',  ( 0.6785254037844479200, -1.175240473580867700, 0.8541666666666695200 ) ) ;
#4230 = CARTESIAN_POINT ( 'NONE',  ( 1.017788105676672200, -0.5876202367904419500, -0.6666666666666637400 ) ) ;
#4231 = VECTOR ( 'NONE', #4735, 1000.000000000000100 ) ;
#4232 = VECTOR ( 'NONE', #1209, 999.9999999999998900 ) ;
#4233 = CARTESIAN_POINT ( 'NONE',  ( 0.6785254037844479200, -1.175240473580867500, -3.708333333333330400 ) ) ;
#4234 = CARTESIAN_POINT ( 'NONE',  ( 0.6785254037844479200, -1.175240473580867700, -1.145833333333330400 ) ) ;
#4235 = VECTOR ( 'NONE', #728, 1000.000000000000000 ) ;
#4236 = CARTESIAN_POINT ( 'NONE',  ( 0.7809830015624941200, 1.065469787358841700, 1.089843889991567000 ) ) ;
#4237 = CARTESIAN_POINT ( 'NONE',  ( -4.168222699122312100E-016, -0.2754000000000007000, 4.249999999999998200 ) ) ;
#4238 = ADVANCED_FACE ( 'NONE', ( #2182 ), #4339, .T. ) ;
#4239 = CARTESIAN_POINT ( 'NONE',  ( -1.836970198721050400E-016, -1.500000000000032000, -0.9374999999999963400 ) ) ;
#4240 = CARTESIAN_POINT ( 'NONE',  ( -0.6785254037844482600, 1.175240473580837300, -2.458333333333330400 ) ) ;
#4241 = CARTESIAN_POINT ( 'NONE',  ( -0.8816504037844494800, -1.527063293868296400, -2.994791666666663900 ) ) ;
#4242 = CARTESIAN_POINT ( 'NONE',  ( 1.763300807568898100, -1.522367580945802100E-014, -3.359374999999997300 ) ) ;
#4243 = VERTEX_POINT ( 'NONE', #3360 ) ;
#4244 = DIRECTION ( 'NONE',  ( 1.000000000000000000, 0.0000000000000000000, 0.0000000000000000000 ) ) ;
#4245 = CARTESIAN_POINT ( 'NONE',  ( -0.6725967078914785200, -1.064836230521172900, -4.191252740600473800 ) ) ;
#4246 = AXIS2_PLACEMENT_3D ( 'NONE', #2686, #3149, #826 ) ;
#4247 = CARTESIAN_POINT ( 'NONE',  ( -1.322475605676673500, 0.7635316469341262300, -2.619791666666663900 ) ) ;
#4248 = CARTESIAN_POINT ( 'NONE',  ( 0.6785254037844479200, -1.175240473580867500, -4.208333333333330400 ) ) ;
#4249 = EDGE_CURVE ( 'NONE', #292, #4687, #3975, .T. ) ;
#4250 = CARTESIAN_POINT ( 'NONE',  ( 0.1867183014945853800, 1.020989215107069200, 3.406249999999998700 ) ) ;
#4251 = CARTESIAN_POINT ( 'NONE',  ( -1.017788105676672700, -0.5876202367904411700, -0.2708333333333303700 ) ) ;
#4252 = CARTESIAN_POINT ( 'NONE',  ( 1.732050807568896500, -1.570588048662229200E-014, 0.6250000000000025500 ) ) ;
#4253 = CARTESIAN_POINT ( 'NONE',  ( -0.2392183543292932000, 1.558176212289529700, 3.972137828681204100 ) ) ;
#4254 = EDGE_CURVE ( 'NONE', #2831, #1611, #3572, .T. ) ;
#4255 = CARTESIAN_POINT ( 'NONE',  ( 0.6785254037844491400, 1.175240473580836400, 1.458333333333336100 ) ) ;
#4256 = CARTESIAN_POINT ( 'NONE',  ( -1.357050807568896700, -1.493721847887212700E-014, -2.374999999999997300 ) ) ;
#4257 = CARTESIAN_POINT ( 'NONE',  ( -1.763300807568898100, -1.488746720265676900E-014, -2.578124999999997800 ) ) ;
#4258 = CARTESIAN_POINT ( 'NONE',  ( -1.017788105676672700, -0.5876202367904409500, -2.770833333333330400 ) ) ;
#4259 = ORIENTED_EDGE ( 'NONE', *, *, #3719, .F. ) ;
#4260 = CARTESIAN_POINT ( 'NONE',  ( 0.0000000000000000000, 1.489743855638744500E-015, -4.250000000000000000 ) ) ;
#4261 = CARTESIAN_POINT ( 'NONE',  ( 0.6785254037844479200, -1.175240473580867700, -1.645833333333330400 ) ) ;
#4262 = DATE_TIME_ROLE ( 'classification_date' ) ;
#4263 = CARTESIAN_POINT ( 'NONE',  ( -1.732050807568896500, -1.483006188394673400E-014, -3.062499999999996900 ) ) ;
#4264 = ORIENTED_EDGE ( 'NONE', *, *, #1344, .F. ) ;
#4265 = CARTESIAN_POINT ( 'NONE',  ( -1.357050807568896700, -1.475352145900002500E-014, -3.874999999999996900 ) ) ;
#4266 = CARTESIAN_POINT ( 'NONE',  ( 1.017788105676672200, -0.5876202367904420600, -0.1666666666666639100 ) ) ;
#4267 = CARTESIAN_POINT ( 'NONE',  ( 0.7880923755456155100, -0.9768196698072496600, 0.9068668806200084200 ) ) ;
#4268 = ORIENTED_EDGE ( 'NONE', *, *, #443, .T. ) ;
#4269 = CARTESIAN_POINT ( 'NONE',  ( -1.499946631447519600, 0.1826575322082525700, 3.406249999999998700 ) ) ;
#4270 = CARTESIAN_POINT ( 'NONE',  ( -0.1867183014945711400, 1.480908766186233500, 3.406249999999998700 ) ) ;
#4271 = CARTESIAN_POINT ( 'NONE',  ( 0.0000000000000000000, -1.500000000000000000, 4.249999999999998200 ) ) ;
#4272 = ORIENTED_EDGE ( 'NONE', *, *, #4158, .F. ) ;
#4273 =( BOUNDED_CURVE ( )  B_SPLINE_CURVE ( 2, ( #4478, #203, #1023, #2190, #3690, #1368, #4077 ),
 .UNSPECIFIED., .F., .F. ) 
 B_SPLINE_CURVE_WITH_KNOTS ( ( 3, 2, 2, 3 ),
 ( 0.5000000000000001100, 0.5333333333333334400, 0.5666666666666667600, 0.6000000000000000900 ),
 .UNSPECIFIED. ) 
 CURVE ( )  GEOMETRIC_REPRESENTATION_ITEM ( )  RATIONAL_B_SPLINE_CURVE ( ( 0.9999999999999995600, 0.8660254037844391500, 1.000000000000000000, 0.8660254037844387100, 1.000000000000000000, 0.8660254037844382600, 1.000000000000000400 ) ) 
 REPRESENTATION_ITEM ( '' )  );
#4274 = CARTESIAN_POINT ( 'NONE',  ( -1.017788105676672700, 0.5876202367904113100, -2.354166666666663900 ) ) ;
#4275 = DIRECTION ( 'NONE',  ( 0.0000000000000000000, -1.000000000000000000, 0.0000000000000000000 ) ) ;
#4276 = CARTESIAN_POINT ( 'NONE',  ( -1.870113174931205300E-016, -1.527063293868297100, -0.4843749999999967200 ) ) ;
#4277 = ORIENTED_EDGE ( 'NONE', *, *, #2550, .F. ) ;
#4278 = APPLICATION_PROTOCOL_DEFINITION ( 'international standard', 'config_control_design', 1994, #806 ) ;
#4279 = LINE ( 'NONE', #99, #3258 ) ;
#4280 = CARTESIAN_POINT ( 'NONE',  ( 0.0000000000000000000, 1.500000000000001800, -3.187499999999996400 ) ) ;
#4281 = VERTEX_POINT ( 'NONE', #3735 ) ;
#4282 = CARTESIAN_POINT ( 'NONE',  ( -0.6785254037844487000, -1.175240473580867300, -3.291666666666663900 ) ) ;
#4283 = SPHERICAL_SURFACE ( 'NONE', #4834, 4.610772840853451600 ) ;
#4284 = EDGE_CURVE ( 'NONE', #2468, #4466, #1990, .T. ) ;
#4285 = VECTOR ( 'NONE', #3987, 1000.000000000000000 ) ;
#4286 = CARTESIAN_POINT ( 'NONE',  ( -0.3682059365705829300, -0.5251542044367968300, 3.406249999999998700 ) ) ;
#4287 = CARTESIAN_POINT ( 'NONE',  ( 1.017788105676673100, 0.5876202367904097600, 1.916666666666669800 ) ) ;
#4288 = CARTESIAN_POINT ( 'NONE',  ( 0.1735972396126684900, -1.512083700825215000, 3.406249999999998700 ) ) ;
#4289 = CARTESIAN_POINT ( 'NONE',  ( 0.0000000000000000000, 1.175240473580837500, -2.937499999999996900 ) ) ;
#4290 = LINE ( 'NONE', #4065, #3880 ) ;
#4291 = CARTESIAN_POINT ( 'NONE',  ( 0.0000000000000000000, 1.500000000000001800, -2.687499999999996400 ) ) ;
#4292 = CARTESIAN_POINT ( 'NONE',  ( 0.8816504037844498100, 1.527063293868266400, -1.276041666666663400 ) ) ;
#4293 = DIRECTION ( 'NONE',  ( 0.0000000000000000000, 0.0000000000000000000, 1.000000000000000000 ) ) ;
#4294 = DIRECTION ( 'NONE',  ( -0.1045058763748855800, 0.02078751127481546700, 0.9943069954385902500 ) ) ;
#4295 = CARTESIAN_POINT ( 'NONE',  ( -0.6785254037844480300, 1.175240473580837500, -2.958333333333330400 ) ) ;
#4296 = CARTESIAN_POINT ( 'NONE',  ( 1.017788105676673100, 0.5876202367904102000, -0.5833333333333304800 ) ) ;
#4297 = CARTESIAN_POINT ( 'NONE',  ( -8.016931643516440000E-012, -1.218713188295136100, 0.8375989835422146300 ) ) ;
#4298 = CARTESIAN_POINT ( 'NONE',  ( -1.517185022618194000, -0.2270432782799852400, 3.789916525744340800 ) ) ;
#4299 = CARTESIAN_POINT ( 'NONE',  ( 1.524207146240229100, -0.1474052775258448100, 3.406249999999998700 ) ) ;
#4300 = AXIS2_PLACEMENT_3D ( 'NONE', #3698, #3677, #1357 ) ;
#4301 = CARTESIAN_POINT ( 'NONE',  ( -1.017788105676672700, 0.5876202367904108700, 0.5833333333333361500 ) ) ;
#4302 = CARTESIAN_POINT ( 'NONE',  ( 0.1615340143260571300, -1.520380694806618500, 3.406249999999998700 ) ) ;
#4303 = CARTESIAN_POINT ( 'NONE',  ( 1.017788105676672200, -0.5876202367904415100, -4.104166666666664300 ) ) ;
#4304 =( BOUNDED_CURVE ( )  B_SPLINE_CURVE ( 2, ( #88, #707, #3413, #3464, #3401, #1101, #1478 ),
 .UNSPECIFIED., .F., .F. ) 
 B_SPLINE_CURVE_WITH_KNOTS ( ( 3, 2, 2, 3 ),
 ( 0.4000000000000000200, 0.4333333333333333500, 0.4666666666666666700, 0.5000000000000000000 ),
 .UNSPECIFIED. ) 
 CURVE ( )  GEOMETRIC_REPRESENTATION_ITEM ( )  RATIONAL_B_SPLINE_CURVE ( ( 1.000000000000000000, 0.8660254037844387100, 1.000000000000000000, 0.8660254037844387100, 1.000000000000000000, 0.8660254037844387100, 1.000000000000000000 ) ) 
 REPRESENTATION_ITEM ( '' )  );
#4305 = DIRECTION ( 'NONE',  ( -0.0000000000000000000, -1.224646799147353200E-016, 1.000000000000000000 ) ) ;
#4306 = CARTESIAN_POINT ( 'NONE',  ( -1.322475605676673500, 0.7635316469341259000, -0.6510416666666635200 ) ) ;
#4307 = APPLICATION_CONTEXT ( 'configuration controlled 3d designs of mechanical parts and assemblies' ) ;
#4308 = CARTESIAN_POINT ( 'NONE',  ( 0.0000000000000000000, -1.972205675592668500E-016, 1.610428147091712100 ) ) ;
#4309 = EDGE_CURVE ( 'NONE', #1546, #1903, #4113, .T. ) ;
#4310 = DIRECTION ( 'NONE',  ( 0.02078751127481365600, -0.1045058763748858000, -0.9943069954385901400 ) ) ;
#4311 = CARTESIAN_POINT ( 'NONE',  ( 1.017788105676673100, 0.5876202367904104200, -2.583333333333330800 ) ) ;
#4312 = CC_DESIGN_DATE_AND_TIME_ASSIGNMENT ( #1974, #4262, ( #2974 ) ) ;
#4313 = CARTESIAN_POINT ( 'NONE',  ( -0.6785254037844487000, -1.175240473580867500, -1.291666666666663600 ) ) ;
#4314 = ORIENTED_EDGE ( 'NONE', *, *, #4582, .F. ) ;
#4315 = CARTESIAN_POINT ( 'NONE',  ( 0.0000000000000000000, 1.500000000000001800, -2.187499999999996400 ) ) ;
#4316 = CARTESIAN_POINT ( 'NONE',  ( -1.836970198721050400E-016, -1.500000000000032000, 0.5000000000000022200 ) ) ;
#4317 = EDGE_CURVE ( 'NONE', #1946, #3073, #3252, .T. ) ;
#4318 = ORIENTED_EDGE ( 'NONE', *, *, #3488, .T. ) ;
#4319 = CARTESIAN_POINT ( 'NONE',  ( -1.299038105676672400, -0.7500000000000232000, -1.583333333333331000 ) ) ;
#4320 = CARTESIAN_POINT ( 'NONE',  ( 0.1867183014945815700, -1.480908766186233200, 3.406249999999998700 ) ) ;
#4321 = CARTESIAN_POINT ( 'NONE',  ( -0.6785254037844482600, 1.175240473580837300, -3.395833333333330400 ) ) ;
#4322 = DIRECTION ( 'NONE',  ( -0.0000000000000000000, -1.224646799147353200E-016, 1.000000000000000000 ) ) ;
#4323 = ORIENTED_EDGE ( 'NONE', *, *, #3937, .T. ) ;
#4324 = CARTESIAN_POINT ( 'NONE',  ( -1.870113174931205300E-016, -1.527063293868297100, 0.01562500000000305000 ) ) ;
#4325 = ORIENTED_EDGE ( 'NONE', *, *, #1755, .T. ) ;
#4326 = CARTESIAN_POINT ( 'NONE',  ( -1.763300807568898100, -1.513239656248623600E-014, -0.5781249999999974500 ) ) ;
#4327 = ORIENTED_EDGE ( 'NONE', *, *, #4061, .F. ) ;
#4328 = DIRECTION ( 'NONE',  ( 0.0000000000000000000, 1.000000000000000000, 1.398248868307333700E-016 ) ) ;
#4329 = CARTESIAN_POINT ( 'NONE',  ( -0.5883555573418842700, -0.4314072894756723600, 4.191913363870520800 ) ) ;
#4330 = DIRECTION ( 'NONE',  ( 1.000000000000000000, 5.329070518200750600E-015, 0.0000000000000000000 ) ) ;
#4331 = VERTEX_POINT ( 'NONE', #4142 ) ;
#4332 = CARTESIAN_POINT ( 'NONE',  ( -1.299038105676672400, 0.7499999999999932300, 0.3333333333333358100 ) ) ;
#4333 = B_SPLINE_CURVE_WITH_KNOTS ( 'NONE', 3,
 ( #2462, #1767, #1726, #159 ),
 .UNSPECIFIED., .F., .F.,
 ( 4, 4 ),
 ( 0.0000000000000000000, 0.0002264108095573640400 ),
 .UNSPECIFIED. ) ;
#4334 = CARTESIAN_POINT ( 'NONE',  ( 0.1859679959731082900, 1.519732609387471000, 3.399111319816650000 ) ) ;
#4335 = VERTEX_POINT ( 'NONE', #4844 ) ;
#4336 = ORIENTED_EDGE ( 'NONE', *, *, #568, .T. ) ;
#4337 = CARTESIAN_POINT ( 'NONE',  ( -0.09116383940205849400, -1.447022326428493800, 1.464873185216378300 ) ) ;
#4338 = AXIS2_PLACEMENT_3D ( 'NONE', #62, #3146, #4328 ) ;
#4339 = CONICAL_SURFACE ( 'NONE', #3932, 1.550799999999997100, 0.3490658503988666700 ) ;
#4340 = CARTESIAN_POINT ( 'NONE',  ( 0.1474052775258389000, 1.524207146240229800, 3.406249999999998700 ) ) ;
#4341 = CARTESIAN_POINT ( 'NONE',  ( -0.6785254037844487000, -1.175240473580867500, -0.2291666666666635500 ) ) ;
#4342 = CARTESIAN_POINT ( 'NONE',  ( -5.250033615717009700E-014, 1.341506350946117400, -4.095993649053887100 ) ) ;
#4343 = EDGE_LOOP ( 'NONE', ( #1979, #49, #1921, #581 ) ) ;
#4344 = CYLINDRICAL_SURFACE ( 'NONE', #3829, 1.500000000000000400 ) ;
#4345 = LINE ( 'NONE', #2372, #4063 ) ;
#4346 = EDGE_CURVE ( 'NONE', #346, #2648, #3383, .T. ) ;
#4347 = CYLINDRICAL_SURFACE ( 'NONE', #2014, 1.500000000000000400 ) ;
#4348 = CARTESIAN_POINT ( 'NONE',  ( 0.1621629660692606400, 1.520383176458098200, 3.406249999999998700 ) ) ;
#4349 = CARTESIAN_POINT ( 'NONE',  ( 0.0000000000000000000, 1.175240473580837300, 3.035766082959412400E-015 ) ) ;
#4350 = CARTESIAN_POINT ( 'NONE',  ( 1.732050807568896500, -1.559106984920222600E-014, -0.3124999999999965000 ) ) ;
#4351 = DIRECTION ( 'NONE',  ( -0.0000000000000000000, -1.224646799147353200E-016, 1.000000000000000000 ) ) ;
#4352 = CARTESIAN_POINT ( 'NONE',  ( -1.390969377745092900, -0.2281255838188687200, 1.329633457469314300 ) ) ;
#4353 = CARTESIAN_POINT ( 'NONE',  ( -0.8660254037844451500, -1.500000000000037100, -2.541666666666663400 ) ) ;
#4354 = CARTESIAN_POINT ( 'NONE',  ( 1.357050807568896700, -1.555279963672887300E-014, -0.06249999999999701600 ) ) ;
#4355 = CARTESIAN_POINT ( 'NONE',  ( 0.4324447417623138400, -1.131948005017558300, -4.236452763202799500 ) ) ;
#4356 = ORIENTED_EDGE ( 'NONE', *, *, #3806, .T. ) ;
#4357 = CARTESIAN_POINT ( 'NONE',  ( 0.1863266730668588200, -1.366471564910346300, -4.061457875565099400 ) ) ;
#4358 = CARTESIAN_POINT ( 'NONE',  ( 0.2358143114672147400, -1.561949897604146600, 3.970962413964579200 ) ) ;
#4359 = CARTESIAN_POINT ( 'NONE',  ( 0.1481807566412494900, -1.487749855940266000, 1.576771152902655100 ) ) ;
#4360 =( BOUNDED_CURVE ( )  B_SPLINE_CURVE ( 2, ( #1385, #4822, #988, #4429, #2911, #2132, #4846 ),
 .UNSPECIFIED., .F., .T. ) 
 B_SPLINE_CURVE_WITH_KNOTS ( ( 3, 2, 2, 3 ),
 ( 0.6000000000000000900, 0.6333333333333334100, 0.6666666666666668500, 0.7000000000000000700 ),
 .UNSPECIFIED. ) 
 CURVE ( )  GEOMETRIC_REPRESENTATION_ITEM ( )  RATIONAL_B_SPLINE_CURVE ( ( 0.9999999999999995600, 0.8660254037844391500, 1.000000000000000000, 0.8660254037844387100, 1.000000000000000000, 0.8660254037844382600, 1.000000000000000400 ) ) 
 REPRESENTATION_ITEM ( '' )  );
#4361 = CARTESIAN_POINT ( 'NONE',  ( -0.2470292989821754600, -1.534691860997136700, 3.980070810694632800 ) ) ;
#4362 = CARTESIAN_POINT ( 'NONE',  ( -1.439254484199210300E-016, -1.175240473580867300, -3.749999999999997300 ) ) ;
#4363 = CARTESIAN_POINT ( 'NONE',  ( -0.3729088379170976700, -1.452266876878717200, -3.949571302957027200 ) ) ;
#4364 = CARTESIAN_POINT ( 'NONE',  ( -1.017788105676672700, 0.5876202367904110900, -0.3541666666666636300 ) ) ;
#4365 = AXIS2_PLACEMENT_3D ( 'NONE', #426, #1538, #3885 ) ;
#4366 = CARTESIAN_POINT ( 'NONE',  ( 1.522273161123903500, -0.1575495245399276300, 3.406249999999998700 ) ) ;
#4367 = CARTESIAN_POINT ( 'NONE',  ( -1.297143088893046400, -0.1996894447509122700, 1.064941232772467900 ) ) ;
#4368 = EDGE_CURVE ( 'NONE', #896, #4112, #780, .T. ) ;
#4369 = ORIENTED_EDGE ( 'NONE', *, *, #4317, .T. ) ;
#4370 = DIRECTION ( 'NONE',  ( 0.9945218953682732900, 8.759593272591328500E-017, -0.1045284632676536900 ) ) ;
#4371 = CARTESIAN_POINT ( 'NONE',  ( -0.6785254037844480300, 1.175240473580837500, -2.458333333333331300 ) ) ;
#4372 = CARTESIAN_POINT ( 'NONE',  ( 0.2731436643961203700, -1.038180288643461200, 4.228532400733666200 ) ) ;
#4373 = ORIENTED_EDGE ( 'NONE', *, *, #981, .T. ) ;
#4374 = EDGE_CURVE ( 'NONE', #2825, #3306, #1324, .T. ) ;
#4375 = CARTESIAN_POINT ( 'NONE',  ( -1.017788105676672700, 0.5876202367904114200, -3.916666666666663900 ) ) ;
#4376 = ORIENTED_EDGE ( 'NONE', *, *, #4903, .T. ) ;
#4377 = VERTEX_POINT ( 'NONE', #1004 ) ;
#4378 = DIRECTION ( 'NONE',  ( 0.07992773943613232200, 0.07992773943613253100, 0.9935910189495774600 ) ) ;
#4379 = CARTESIAN_POINT ( 'NONE',  ( 1.017788105676673100, 0.5876202367904106400, -4.020833333333330400 ) ) ;
#4380 = VERTEX_POINT ( 'NONE', #624 ) ;
#4381 = CARTESIAN_POINT ( 'NONE',  ( 1.523740898691715100, -0.1510359517258861000, 3.406249999999998700 ) ) ;
#4382 = CALENDAR_DATE ( 2022, 2, 12 ) ;
#4383 = CARTESIAN_POINT ( 'NONE',  ( -0.3392257495058433900, -1.296523621654134300, 1.141599011291375200 ) ) ;
#4384 = CARTESIAN_POINT ( 'NONE',  ( -1.899182256117711800E-016, -1.550799999999997300, 1.749999999999997300 ) ) ;
#4385 = CARTESIAN_POINT ( 'NONE',  ( -1.357050807568896700, -1.482240784145206500E-014, -3.312499999999997300 ) ) ;
#4386 = CARTESIAN_POINT ( 'NONE',  ( 0.0000000000000000000, 4.487940763634945000E-016, 4.249999999999998200 ) ) ;
#4387 = ORIENTED_EDGE ( 'NONE', *, *, #3161, .T. ) ;
#4388 = CARTESIAN_POINT ( 'NONE',  ( 1.357050807568896700, -1.554514559423420000E-014, -0.1249999999999971800 ) ) ;
#4389 = CARTESIAN_POINT ( 'NONE',  ( 0.1804857909212433400, 1.398790209953754600, 1.356378127336858000 ) ) ;
#4390 = LINE ( 'NONE', #2406, #4157 ) ;
#4391 = CARTESIAN_POINT ( 'NONE',  ( -1.870113174931205300E-016, -1.527063293868297100, 0.01562500000000294200 ) ) ;
#4392 = CARTESIAN_POINT ( 'NONE',  ( 1.299038105676672900, 0.7499999999999922300, -0.7708333333333298200 ) ) ;
#4393 = DIRECTION ( 'NONE',  ( 0.0000000000000000000, -1.000000000000000000, -1.489768496152869600E-016 ) ) ;
#4394 = CARTESIAN_POINT ( 'NONE',  ( -1.439254484199210300E-016, -1.175240473580867700, -1.187499999999996900 ) ) ;
#4395 = ORIENTED_EDGE ( 'NONE', *, *, #1414, .F. ) ;
#4396 = CIRCLE ( 'NONE', #4730, 1.590263637062383100 ) ;
#4397 = CARTESIAN_POINT ( 'NONE',  ( -0.2066980850601102300, 1.499053592390506600, 3.596344942559026100 ) ) ;
#4398 = CARTESIAN_POINT ( 'NONE',  ( 0.0000000000000000000, 1.500000000000001800, 0.2500000000000026100 ) ) ;
#4399 = AXIS2_PLACEMENT_3D ( 'NONE', #2488, #1772, #4093 ) ;
#4400 = CARTESIAN_POINT ( 'NONE',  ( 0.2078487863861424600, -1.576622122564785600, 3.967077405468491400 ) ) ;
#4401 = LINE ( 'NONE', #1026, #3933 ) ;
#4402 = EDGE_CURVE ( 'NONE', #1389, #1665, #3085, .T. ) ;
#4403 = CARTESIAN_POINT ( 'NONE',  ( 1.357050807568896700, -1.512417325702730000E-014, -3.562499999999996900 ) ) ;
#4404 = CARTESIAN_POINT ( 'NONE',  ( 1.485788006136500700, -0.1867183014945909500, 3.406249999999998700 ) ) ;
#4405 = DIRECTION ( 'NONE',  ( 0.0000000000000000000, -1.000000000000000000, 0.0000000000000000000 ) ) ;
#4406 = DIRECTION ( 'NONE',  ( 0.0000000000000000000, -1.000000000000000000, -1.224646799147353200E-016 ) ) ;
#4407 = CARTESIAN_POINT ( 'NONE',  ( -1.017788105676672700, 0.5876202367904114200, -3.854166666666663900 ) ) ;
#4408 = CARTESIAN_POINT ( 'NONE',  ( -0.3682059365705779900, 0.5251542044367992800, 3.406249999999998700 ) ) ;
#4409 = CARTESIAN_POINT ( 'NONE',  ( 0.0000000000000000000, 1.175240473580837100, 1.500000000000003100 ) ) ;
#4410 = CARTESIAN_POINT ( 'NONE',  ( 0.0000000000000000000, 4.487940763634945000E-016, 4.249999999999998200 ) ) ;
#4411 = EDGE_CURVE ( 'NONE', #3604, #3662, #2969, .T. ) ;
#4412 = CARTESIAN_POINT ( 'NONE',  ( 0.7026901318165346100, 0.7026901318165352800, 4.203144106708491800 ) ) ;
#4413 = CARTESIAN_POINT ( 'NONE',  ( 0.2438702740433676700, -1.549187076721470400, 3.975097646223968900 ) ) ;
#4414 = ADVANCED_FACE ( 'NONE', ( #964 ), #2929, .T. ) ;
#4415 = CARTESIAN_POINT ( 'NONE',  ( 0.0000000000000000000, 2.602085213965210600E-015, -0.3607728408534533500 ) ) ;
#4416 = CARTESIAN_POINT ( 'NONE',  ( 0.8660254037844485900, -1.500000000000031500, -2.395833333333329000 ) ) ;
#4417 = B_SPLINE_CURVE_WITH_KNOTS ( 'NONE', 3,
 ( #796, #3900, #3918, #3501, #4236, #2701, #4622, #1590, #2327, #1939, #1967, #1952, #1191, #1577, #2751, #2768, #3100, #4267, #3484, #1554, #1604, #4297 ),
 .UNSPECIFIED., .F., .F.,
 ( 4, 2, 2, 2, 2, 2, 2, 2, 2, 2, 4 ),
 ( 0.006430060235104962900, 0.006931139625860611000, 0.007432219016616259000, 0.007933298407371907100, 0.008183838102749731200, 0.008434377798127555200, 0.008935457188883201600, 0.009185996884261027300, 0.009436536579638849600, 0.009937615970394497700, 0.01043869536115014400 ),
 .UNSPECIFIED. ) ;
#4418 = CARTESIAN_POINT ( 'NONE',  ( 0.3430897270921647300, -1.426765810722324900, 1.493275800099846500 ) ) ;
#4419 = CARTESIAN_POINT ( 'NONE',  ( -8.016931643516440000E-012, -1.218713188295136100, 0.8375989835422146300 ) ) ;
#4420 = EDGE_LOOP ( 'NONE', ( #1747, #2960, #823, #1669 ) ) ;
#4421 = CARTESIAN_POINT ( 'NONE',  ( 1.732050807568896500, -1.558341580670755700E-014, -0.3749999999999975000 ) ) ;
#4422 = CARTESIAN_POINT ( 'NONE',  ( 1.357050807568896700, -1.506294091706992900E-014, -4.062499999999996400 ) ) ;
#4423 = CARTESIAN_POINT ( 'NONE',  ( 1.189693104197121900, 0.3495516530346651200, 0.8673619121233939700 ) ) ;
#4424 = CARTESIAN_POINT ( 'NONE',  ( 1.511934972212400500, -0.1741350313372219700, 3.406249999999998700 ) ) ;
#4425 = EDGE_CURVE ( 'NONE', #2770, #1848, #1982, .T. ) ;
#4426 = CARTESIAN_POINT ( 'NONE',  ( 0.2087934338140771400, 0.9100100306033853700, 3.406249999999998700 ) ) ;
#4427 = CARTESIAN_POINT ( 'NONE',  ( 1.017788105676673100, 0.5876202367904106400, -4.020833333333330400 ) ) ;
#4428 = CARTESIAN_POINT ( 'NONE',  ( 0.6785254037844491400, 1.175240473580836400, 1.458333333333336100 ) ) ;
#4429 = CARTESIAN_POINT ( 'NONE',  ( 1.732050807568896700, -1.565230218915959400E-014, 0.1875000000000033300 ) ) ;
#4430 = CARTESIAN_POINT ( 'NONE',  ( 1.572391632816123200, -0.2219105846160807900, 3.967918235607998500 ) ) ;
#4431 = CARTESIAN_POINT ( 'NONE',  ( 1.299038105676672200, -0.7500000000000240900, -1.854166666666663000 ) ) ;
#4432 =( BOUNDED_SURFACE ( )  B_SPLINE_SURFACE ( 3, 2, ( 
 ( #2319, #4228, #3091 ),
 ( #2281, #389, #3445 ),
 ( #2337, #4602, #766 ),
 ( #4632, #1100, #355 ) ),
 .UNSPECIFIED., .F., .F., .F. ) 
 B_SPLINE_SURFACE_WITH_KNOTS ( ( 4, 4 ),
 ( 3, 3 ),
 ( 0.0009457745824564878000, 0.001532209764511535300 ),
 ( 0.0000000000000000000, 1.000000000000000000 ),
 .UNSPECIFIED. ) 
 GEOMETRIC_REPRESENTATION_ITEM ( )  RATIONAL_B_SPLINE_SURFACE ( (
 ( 1.000000000000000000, 0.7553668689749263300, 1.000000000000000000),
 ( 1.000000000000000000, 0.7516316295133800300, 1.000000000000000000),
 ( 1.000000000000000000, 0.7477224916929488000, 1.000000000000000000),
 ( 1.000000000000000000, 0.7436119262564591100, 1.000000000000000000) ) ) 
 REPRESENTATION_ITEM ( '' )  SURFACE ( )  );
#4433 = CARTESIAN_POINT ( 'NONE',  ( -0.1576114318128744000, 1.533209921821047100, 3.500855289840672400 ) ) ;
#4434 = CARTESIAN_POINT ( 'NONE',  ( 0.2087934338140771400, 0.9100100306033853700, 3.406249999999998700 ) ) ;
#4435 = B_SPLINE_CURVE_WITH_KNOTS ( 'NONE', 3,
 ( #22, #1941, #1902, #798, #2311, #4253, #2, #1971, #2705, #3887, #3116, #3902, #2360 ),
 .UNSPECIFIED., .F., .F.,
 ( 4, 3, 3, 3, 4 ),
 ( 0.0000000000000000000, 1.564682339362206200E-005, 3.129827412193357100E-005, 4.685273646177508000E-005, 6.373692748297933500E-005 ),
 .UNSPECIFIED. ) ;
#4436 = DIRECTION ( 'NONE',  ( 1.000000000000000000, -1.224646799147353200E-016, -1.499759782661857600E-032 ) ) ;
#4437 = EDGE_LOOP ( 'NONE', ( #4647, #2315, #1691, #3065 ) ) ;
#4438 = DIRECTION ( 'NONE',  ( 0.9945218953682732900, -4.335512921212310000E-015, -0.1045284632676538200 ) ) ;
#4439 = VERTEX_POINT ( 'NONE', #4193 ) ;
#4440 = AXIS2_PLACEMENT_3D ( 'NONE', #1565, #1216, #3910 ) ;
#4441 = CARTESIAN_POINT ( 'NONE',  ( 1.299038105676672200, -0.7500000000000238700, -3.854166666666663000 ) ) ;
#4442 = CARTESIAN_POINT ( 'NONE',  ( -1.439254484199210300E-016, -1.175240473580867300, -4.187499999999996400 ) ) ;
#4443 = ORIENTED_EDGE ( 'NONE', *, *, #4675, .T. ) ;
#4444 = ADVANCED_FACE ( 'NONE', ( #4646 ), #1393, .T. ) ;
#4445 = EDGE_CURVE ( 'NONE', #4687, #2744, #1033, .T. ) ;
#4446 = CARTESIAN_POINT ( 'NONE',  ( 0.1867183014945815700, -1.480908766186233200, 3.406249999999998700 ) ) ;
#4447 = B_SPLINE_CURVE_WITH_KNOTS ( 'NONE', 3,
 ( #1712, #4337, #3211, #3183, #3571, #2809, #492, #3584, #1271, #1657, #4352, #2257, #3485, #2658, #4010, #4054, #1745, #3133, #2381, #1685, #2130, #4026, #2069, #4819, #2512, #3679 ),
 .UNSPECIFIED., .F., .F.,
 ( 4, 2, 2, 2, 2, 2, 2, 2, 2, 2, 2, 2, 4 ),
 ( 0.002056945486222299500, 0.002330265158027465900, 0.002603584829832632200, 0.003150224173442964900, 0.003696863517053297600, 0.004243502860663630300, 0.004516822532468796700, 0.004790142204273963000, 0.005336781547884295700, 0.005610101219689463000, 0.005883420891494630200, 0.006156740563299796500, 0.006430060235104962900 ),
 .UNSPECIFIED. ) ;
#4448 = CARTESIAN_POINT ( 'NONE',  ( -0.2087934338140772500, -0.9100100306033864800, 3.406249999999998700 ) ) ;
#4449 = EDGE_LOOP ( 'NONE', ( #3915, #3734, #2587, #3899 ) ) ;
#4450 = VERTEX_POINT ( 'NONE', #2280 ) ;
#4451 = CARTESIAN_POINT ( 'NONE',  ( 1.017788105676672200, -0.5876202367904416200, -3.604166666666663400 ) ) ;
#4452 = CARTESIAN_POINT ( 'NONE',  ( -1.836970198721050400E-016, -1.500000000000031500, -3.499999999999997800 ) ) ;
#4453 = CARTESIAN_POINT ( 'NONE',  ( 1.017788105676672200, -0.5876202367904424000, 1.833333333333335700 ) ) ;
#4454 = CARTESIAN_POINT ( 'NONE',  ( -1.533209955833164400, -0.1576114703713251400, 3.500855647255595800 ) ) ;
#4455 = CARTESIAN_POINT ( 'NONE',  ( 0.0000000000000000000, 1.500000000000001800, -0.7499999999999974500 ) ) ;
#4456 = DIRECTION ( 'NONE',  ( 0.07992773943613230800, 0.07992773943613253100, 0.9935910189495774600 ) ) ;
#4457 = CARTESIAN_POINT ( 'NONE',  ( -1.732050807568896500, -1.513622358373357200E-014, -0.5624999999999966700 ) ) ;
#4458 = ORIENTED_EDGE ( 'NONE', *, *, #2087, .F. ) ;
#4459 = DIRECTION ( 'NONE',  ( -0.3826834323650937200, 0.9238795325112850700, -0.0000000000000000000 ) ) ;
#4460 = B_SPLINE_CURVE_WITH_KNOTS ( 'NONE', 3,
 ( #3152, #1609, #70, #4302, #446, #1997, #4288, #82, #828, #1624, #2776, #3906, #850, #458, #3942, #4320 ),
 .UNSPECIFIED., .F., .F.,
 ( 4, 3, 3, 3, 3, 4 ),
 ( 0.0000000000000000000, 1.463772298357055400E-005, 2.928092099299652500E-005, 4.384939631435107400E-005, 5.839568215676227600E-005, 6.381151604612057900E-005 ),
 .UNSPECIFIED. ) ;
#4461 = CARTESIAN_POINT ( 'NONE',  ( -0.2062073152952006400, 1.537627275276213500, 3.591675580152612100 ) ) ;
#4462 = ORIENTED_EDGE ( 'NONE', *, *, #1407, .T. ) ;
#4463 = CARTESIAN_POINT ( 'NONE',  ( -0.1858814171829685500, -1.490734877733623600, 3.406249999999998700 ) ) ;
#4464 = COORDINATED_UNIVERSAL_TIME_OFFSET ( 6, 0, .BEHIND. ) ;
#4465 = CARTESIAN_POINT ( 'NONE',  ( -1.017788105676672700, -0.5876202367904408400, -3.770833333333330400 ) ) ;
#4466 = VERTEX_POINT ( 'NONE', #336 ) ;
#4467 = VERTEX_POINT ( 'NONE', #3027 ) ;
#4468 = CONICAL_SURFACE ( 'NONE', #2504, 1.187500000000004700, 0.7853981633974402900 ) ;
#4469 = CARTESIAN_POINT ( 'NONE',  ( 0.0000000000000000000, -1.500000000000000000, 4.249999999999998200 ) ) ;
#4470 = CARTESIAN_POINT ( 'NONE',  ( -1.357050807568896700, -1.524338017865896500E-014, 0.1250000000000028300 ) ) ;
#4471 = ORIENTED_EDGE ( 'NONE', *, *, #1572, .T. ) ;
#4472 = CARTESIAN_POINT ( 'NONE',  ( 1.017788105676673100, 0.5876202367904100900, -0.02083333333333033500 ) ) ;
#4473 = VECTOR ( 'NONE', #3631, 1000.000000000000000 ) ;
#4474 = CARTESIAN_POINT ( 'NONE',  ( 1.299038105676672200, -0.7500000000000242000, -0.8541666666666630800 ) ) ;
#4475 = DIRECTION ( 'NONE',  ( -0.0000000000000000000, -1.224646799147353200E-016, 1.000000000000000000 ) ) ;
#4476 = CARTESIAN_POINT ( 'NONE',  ( 1.555317687559893300, -0.2265721268285102700, 3.785433819121444300 ) ) ;
#4477 = B_SPLINE_CURVE_WITH_KNOTS ( 'NONE', 3,
 ( #3682, #2107, #2148, #1740, #2931, #4454, #1363 ),
 .UNSPECIFIED., .F., .F.,
 ( 4, 3, 4 ),
 ( 0.0000000000000000000, 0.0002797668062532036600, 0.0005665053905760225000 ),
 .UNSPECIFIED. ) ;
#4478 = CARTESIAN_POINT ( 'NONE',  ( -1.836970198721050400E-016, -1.500000000000032200, 1.000000000000002400 ) ) ;
#4479 = FACE_OUTER_BOUND ( 'NONE', #2654, .T. ) ;
#4480 = LINE ( 'NONE', #3353, #4770 ) ;
#4481 = DIRECTION ( 'NONE',  ( 0.0000000000000000000, -1.000000000000000000, -9.480160934557597000E-017 ) ) ;
#4482 = EDGE_CURVE ( 'NONE', #226, #3686, #2075, .T. ) ;
#4483 = CARTESIAN_POINT ( 'NONE',  ( 0.6785254037844479200, -1.175240473580867700, -2.645833333333330400 ) ) ;
#4484 = LINE ( 'NONE', #2353, #1339 ) ;
#4485 = CARTESIAN_POINT ( 'NONE',  ( 0.1133358032388377800, -1.182079204496981200, -4.250000000000000000 ) ) ;
#4486 = CARTESIAN_POINT ( 'NONE',  ( 1.484567452862549900, 0.1866037099812795600, 3.406249999999998700 ) ) ;
#4487 = CARTESIAN_POINT ( 'NONE',  ( 1.322475605676674200, 0.7635316469341246700, -0.2864583333333306500 ) ) ;
#4488 = EDGE_CURVE ( 'NONE', #226, #292, #2303, .T. ) ;
#4489 = CARTESIAN_POINT ( 'NONE',  ( 1.322475605676673300, -0.7635316469341570900, 1.098958333333336400 ) ) ;
#4490 = VERTEX_POINT ( 'NONE', #3010 ) ;
#4491 = CARTESIAN_POINT ( 'NONE',  ( 1.017788105676673100, 0.5876202367904102000, -1.083333333333330400 ) ) ;
#4492 = CARTESIAN_POINT ( 'NONE',  ( 1.578130571919395000, -0.2096185566421810100, 3.983514249475044600 ) ) ;
#4493 = CARTESIAN_POINT ( 'NONE',  ( 1.732050807568896500, -1.552218346675018900E-014, -0.8749999999999975600 ) ) ;
#4494 = CARTESIAN_POINT ( 'NONE',  ( 0.0000000000000000000, 1.175240473580837500, -2.437499999999996900 ) ) ;
#4495 = CARTESIAN_POINT ( 'NONE',  ( -1.017788105676672700, 0.5876202367904108700, 0.5833333333333361500 ) ) ;
#4496 = CARTESIAN_POINT ( 'NONE',  ( 0.6785254037844479200, -1.175240473580867700, -3.208333333333329900 ) ) ;
#4497 = CARTESIAN_POINT ( 'NONE',  ( -1.017788105676672700, -0.5876202367904412900, -0.2708333333333303700 ) ) ;
#4498 = CARTESIAN_POINT ( 'NONE',  ( 0.2712414087855085600, 0.9609782536090896200, 4.140750377164775600 ) ) ;
#4499 = CARTESIAN_POINT ( 'NONE',  ( 0.8660254037844529200, -1.500000000000024000, -2.958333333333329900 ) ) ;
#4500 = CARTESIAN_POINT ( 'NONE',  ( -0.1533120777041264700, -1.175240473580867000, -4.249999999999994700 ) ) ;
#4501 = DIRECTION ( 'NONE',  ( -0.3826834323650961100, 0.9238795325112841800, 2.473768010504525000E-014 ) ) ;
#4502 = CARTESIAN_POINT ( 'NONE',  ( 0.8816504037844485900, -1.527063293868297500, 0.08854166666666905800 ) ) ;
#4503 = CARTESIAN_POINT ( 'NONE',  ( -1.322475605676673500, 0.7635316469341256700, 1.348958333333336600 ) ) ;
#4504 = ORIENTED_EDGE ( 'NONE', *, *, #1160, .F. ) ;
#4505 = CARTESIAN_POINT ( 'NONE',  ( -1.299038105676672400, 0.7499999999999935600, -2.104166666666663000 ) ) ;
#4506 = CARTESIAN_POINT ( 'NONE',  ( 0.6785254037844479200, -1.175240473580867700, -2.145833333333330400 ) ) ;
#4507 = EDGE_CURVE ( 'NONE', #3746, #171, #2045, .T. ) ;
#4508 = ORIENTED_EDGE ( 'NONE', *, *, #1316, .F. ) ;
#4509 = CARTESIAN_POINT ( 'NONE',  ( -0.2066060943415673200, 1.498883479085575600, 3.595469709336403000 ) ) ;
#4510 = CARTESIAN_POINT ( 'NONE',  ( -1.357050807568896700, -1.494487252136680000E-014, -2.312499999999997300 ) ) ;
#4511 = ORIENTED_EDGE ( 'NONE', *, *, #1443, .F. ) ;
#4512 = ORIENTED_EDGE ( 'NONE', *, *, #1001, .F. ) ;
#4513 = CARTESIAN_POINT ( 'NONE',  ( 1.322475605676673300, -0.7635316469341565400, -3.369791666666664300 ) ) ;
#4514 = EDGE_CURVE ( 'NONE', #4161, #2049, #3750, .T. ) ;
#4515 = CARTESIAN_POINT ( 'NONE',  ( -0.2470292989821754600, -1.534691860997136700, 3.980070810694632800 ) ) ;
#4516 = CARTESIAN_POINT ( 'NONE',  ( 0.9453114802360866900, -0.1941710946047852900, 3.406249999999998700 ) ) ;
#4517 = CARTESIAN_POINT ( 'NONE',  ( 0.5251542044367961700, 0.3682059365705828700, 3.406249999999998700 ) ) ;
#4518 = EDGE_LOOP ( 'NONE', ( #2105, #1025, #3180, #1371, #3854, #3749, #897, #1127, #2474, #422, #1433, #253, #3674, #4369 ) ) ;
#4519 = CARTESIAN_POINT ( 'NONE',  ( -1.322475605676673500, 0.7635316469341259000, 0.3802083333333360300 ) ) ;
#4520 = PERSON_AND_ORGANIZATION ( #465, #474 ) ;
#4521 = CARTESIAN_POINT ( 'NONE',  ( 1.322475605676673300, -0.7635316469341570900, 1.598958333333336400 ) ) ;
#4522 = CARTESIAN_POINT ( 'NONE',  ( -1.017788105676672700, -0.5876202367904409500, -2.333333333333330400 ) ) ;
#4523 = VERTEX_POINT ( 'NONE', #3155 ) ;
#4524 = ADVANCED_FACE ( 'NONE', ( #899 ), #3619, .T. ) ;
#4525 = VERTEX_POINT ( 'NONE', #3929 ) ;
#4526 = ORIENTED_EDGE ( 'NONE', *, *, #693, .F. ) ;
#4527 = CONICAL_SURFACE ( 'NONE', #3516, 1.619999999999997900, 0.1047197551196600000 ) ;
#4528 = CARTESIAN_POINT ( 'NONE',  ( 0.0000000000000000000, 1.500000000000001800, -0.2499999999999974500 ) ) ;
#4529 = ORIENTED_EDGE ( 'NONE', *, *, #3286, .T. ) ;
#4530 = LINE ( 'NONE', #2936, #725 ) ;
#4531 = CARTESIAN_POINT ( 'NONE',  ( -1.017788105676672700, -0.5876202367904409500, -2.270833333333330400 ) ) ;
#4532 = CARTESIAN_POINT ( 'NONE',  ( -1.357050807568896700, -1.518980188119627000E-014, -0.3124999999999970600 ) ) ;
#4533 = CARTESIAN_POINT ( 'NONE',  ( 1.357050807568896700, -1.517775155448999500E-014, -3.124999999999997300 ) ) ;
#4534 = CARTESIAN_POINT ( 'NONE',  ( 1.495966003080823900, 0.1843326785565923000, 3.406249999999998700 ) ) ;
#4535 = CARTESIAN_POINT ( 'NONE',  ( 1.020989215107069600, -0.1867183014945894000, 3.406249999999998700 ) ) ;
#4536 = DIRECTION ( 'NONE',  ( -0.0000000000000000000, -1.224646799147353200E-016, 1.000000000000000000 ) ) ;
#4537 = CARTESIAN_POINT ( 'NONE',  ( -1.322475605676673500, 0.7635316469341259000, -0.1197916666666639900 ) ) ;
#4538 = CARTESIAN_POINT ( 'NONE',  ( 1.357050807568896700, -1.561403197668624100E-014, 0.4375000000000030500 ) ) ;
#4539 = AXIS2_PLACEMENT_3D ( 'NONE', #2804, #4008, #486 ) ;
#4540 = CARTESIAN_POINT ( 'NONE',  ( -1.498883546685035900, -0.2066061694804721100, 3.595470424235173800 ) ) ;
#4541 = CIRCLE ( 'NONE', #2150, 2.963999999999998200 ) ;
#4542 = CARTESIAN_POINT ( 'NONE',  ( -1.357050807568896700, -1.500610486132416700E-014, -1.812499999999996900 ) ) ;
#4543 = CARTESIAN_POINT ( 'NONE',  ( -1.357050807568896700, -1.524338017865896500E-014, 0.1250000000000028300 ) ) ;
#4544 = AXIS2_PLACEMENT_3D ( 'NONE', #1972, #3127, #441 ) ;
#4545 = ORIENTED_EDGE ( 'NONE', *, *, #3394, .F. ) ;
#4546 = EDGE_CURVE ( 'NONE', #4281, #531, #141, .T. ) ;
#4547 = CARTESIAN_POINT ( 'NONE',  ( -1.017788105676672700, -0.5876202367904409500, -2.770833333333330400 ) ) ;
#4548 = ADVANCED_FACE ( 'NONE', ( #14 ), #2414, .T. ) ;
#4549 = CARTESIAN_POINT ( 'NONE',  ( 0.6785254037844479200, -1.175240473580867700, 0.8541666666666695200 ) ) ;
#4550 = CARTESIAN_POINT ( 'NONE',  ( -0.6785254037844482600, 1.175240473580837300, -2.458333333333330400 ) ) ;
#4551 = CARTESIAN_POINT ( 'NONE',  ( 0.8660254037844485900, -1.500000000000031100, -3.395833333333330400 ) ) ;
#4552 = CARTESIAN_POINT ( 'NONE',  ( -0.2078487863861467100, -1.576622122564784300, 3.967077405468491400 ) ) ;
#4553 = ORIENTED_EDGE ( 'NONE', *, *, #3454, .T. ) ;
#4554 = CARTESIAN_POINT ( 'NONE',  ( -7.985838458082756900E-014, 1.410392906041639600, 1.364234679818168400 ) ) ;
#4555 = CARTESIAN_POINT ( 'NONE',  ( 0.6785254037844491400, 1.175240473580836800, -1.541666666666663900 ) ) ;
#4556 = CARTESIAN_POINT ( 'NONE',  ( 0.8816504037844498100, 1.527063293868266200, 1.755208333333335900 ) ) ;
#4557 = CARTESIAN_POINT ( 'NONE',  ( 0.6785254037844491400, 1.175240473580836400, 1.020833333333336100 ) ) ;
#4558 = DIRECTION ( 'NONE',  ( 0.0000000000000000000, -1.000000000000000000, 0.0000000000000000000 ) ) ;
#4559 =( BOUNDED_CURVE ( )  B_SPLINE_CURVE ( 2, ( #213, #923, #3627, #4046, #2866, #2143, #571 ),
 .UNSPECIFIED., .F., .F. ) 
 B_SPLINE_CURVE_WITH_KNOTS ( ( 3, 2, 2, 3 ),
 ( 0.4999999999999999400, 0.5333333333333333300, 0.5666666666666666500, 0.6000000000000000900 ),
 .UNSPECIFIED. ) 
 CURVE ( )  GEOMETRIC_REPRESENTATION_ITEM ( )  RATIONAL_B_SPLINE_CURVE ( ( 1.000000000000000400, 0.8660254037844386000, 1.000000000000000000, 0.8660254037844387100, 1.000000000000000000, 0.8660254037844382600, 1.000000000000000400 ) ) 
 REPRESENTATION_ITEM ( '' )  );
#4560 = CARTESIAN_POINT ( 'NONE',  ( -1.556630036246268200, 0.2402462345495875200, 3.972636439135568000 ) ) ;
#4561 = CARTESIAN_POINT ( 'NONE',  ( -0.4750717302931248800, -1.132036792244937700, 0.7985201715648256900 ) ) ;
#4562 = ORIENTED_EDGE ( 'NONE', *, *, #856, .T. ) ;
#4563 = CARTESIAN_POINT ( 'NONE',  ( -0.6785254037844487000, -1.175240473580867700, 1.770833333333336400 ) ) ;
#4564 = CARTESIAN_POINT ( 'NONE',  ( 1.017788105676673100, 0.5876202367904103100, -2.083333333333330400 ) ) ;
#4565 = CARTESIAN_POINT ( 'NONE',  ( 1.763300807568898100, -1.540737282933012300E-014, -1.859374999999996700 ) ) ;
#4566 = ORIENTED_EDGE ( 'NONE', *, *, #3479, .F. ) ;
#4567 = CARTESIAN_POINT ( 'NONE',  ( 0.2069258640381762000, 2.497313136475493300E-016, -0.3390240561570314600 ) ) ;
#4568 = CARTESIAN_POINT ( 'NONE',  ( 1.357050807568896700, -1.567526431664360800E-014, 0.9375000000000028900 ) ) ;
#4569 = CARTESIAN_POINT ( 'NONE',  ( -0.8816504037844494800, -1.527063293868296600, -0.9947916666666639700 ) ) ;
#4570 = ORIENTED_EDGE ( 'NONE', *, *, #3356, .T. ) ;
#4571 = ADVANCED_FACE ( 'NONE', ( #1570 ), #4527, .F. ) ;
#4572 = VERTEX_POINT ( 'NONE', #2318 ) ;
#4573 = CARTESIAN_POINT ( 'NONE',  ( 1.017788105676673100, 0.5876202367904100900, -0.02083333333333017200 ) ) ;
#4574 = EDGE_CURVE ( 'NONE', #1840, #2359, #3862, .T. ) ;
#4575 = ORIENTED_EDGE ( 'NONE', *, *, #1036, .T. ) ;
#4576 = CARTESIAN_POINT ( 'NONE',  ( -0.2468885705420942600, -1.537088995082181300, 3.979230760618281500 ) ) ;
#4577 = CC_DESIGN_APPROVAL ( #2439, ( #2509 ) ) ;
#4578 = CARTESIAN_POINT ( 'NONE',  ( 1.017788105676673100, 0.5876202367904097600, 1.979166666666669800 ) ) ;
#4579 = CARTESIAN_POINT ( 'NONE',  ( 0.6785254037844479200, -1.175240473580867700, -3.208333333333329900 ) ) ;
#4580 = EDGE_LOOP ( 'NONE', ( #803, #3365, #2284, #2988 ) ) ;
#4581 = FACE_OUTER_BOUND ( 'NONE', #950, .T. ) ;
#4582 = EDGE_CURVE ( 'NONE', #1782, #4224, #4949, .T. ) ;
#4583 = CARTESIAN_POINT ( 'NONE',  ( -0.8816504037844494800, -1.527063293868296400, -3.026041666666663400 ) ) ;
#4584 = CARTESIAN_POINT ( 'NONE',  ( -1.017788105676672700, -0.5876202367904411700, -0.3333333333333304300 ) ) ;
#4585 = CARTESIAN_POINT ( 'NONE',  ( -0.8816504037844494800, -1.527063293868296400, -1.526041666666663400 ) ) ;
#4586 = ORIENTED_EDGE ( 'NONE', *, *, #1537, .T. ) ;
#4587 = ORIENTED_EDGE ( 'NONE', *, *, #437, .F. ) ;
#4588 = TOROIDAL_SURFACE ( 'NONE', #3893, 2.816358005589995300, 0.1499999999999995200 ) ;
#4589 = CARTESIAN_POINT ( 'NONE',  ( 1.322475605676673300, -0.7635316469341566500, -1.869791666666663900 ) ) ;
#4590 = CARTESIAN_POINT ( 'NONE',  ( 0.0000000000000000000, 1.175240473580837300, 0.06250000000000309500 ) ) ;
#4591 = CARTESIAN_POINT ( 'NONE',  ( 1.357050807568896700, -1.536144857436209800E-014, -1.624999999999997100 ) ) ;
#4592 =( BOUNDED_CURVE ( )  B_SPLINE_CURVE ( 2, ( #406, #3867, #1936, #3111, #3547, #3882, #423, #3499, #3847, #4265, #61, #1950, #3125, #4233, #1204, #4619, #2370, #773, #3896, #76, #1220, #1987, #1587, #4282, #438, #3145, #2323, #17, #3916, #1600, #2699, #4295, #392, #4684, #3096, #2380, #4748, #2440, #3579, #860, #4311, #4721, #139, #4371, #2788, #2849, #3564, #2457, #1247, #1263, #2070, #3958, #122, #1293, #3946 ),
 .UNSPECIFIED., .F., .F. ) 
 B_SPLINE_CURVE_WITH_KNOTS ( ( 3, 2, 2, 2, 2, 2, 2, 2, 2, 2, 2, 2, 2, 2, 2, 2, 2, 2, 2, 2, 2, 2, 2, 2, 2, 2, 2, 3 ),
 ( 0.1000000000000002000, 0.1333333333333335300, 0.1666666666666668500, 0.2000000000000001800, 0.2333333333333335000, 0.2666666666666668300, 0.3000000000000001600, 0.3333333333333334800, 0.3666666666666667500, 0.4000000000000001300, 0.4333333333333335100, 0.4666666666666668400, 0.5000000000000001100, 0.5333333333333334400, 0.5666666666666667600, 0.6000000000000000900, 0.6333333333333334100, 0.6666666666666667400, 0.6999999999999999600, 0.7333333333333333900, 0.7666666666666668300, 0.8000000000000000400, 0.8333333333333334800, 0.8666666666666668100, 0.9000000000000000200, 0.9333333333333333500, 0.9666666666666666700, 1.000000000000000000 ),
 .UNSPECIFIED. ) 
 CURVE ( )  GEOMETRIC_REPRESENTATION_ITEM ( )  RATIONAL_B_SPLINE_CURVE ( ( 0.9999999999999991100, 0.8660254037844394800, 1.000000000000000000, 0.8660254037844387100, 1.000000000000000000, 0.8660254037844387100, 1.000000000000000000, 0.8660254037844387100, 1.000000000000000000, 0.8660254037844387100, 1.000000000000000000, 0.8660254037844387100, 1.000000000000000000, 0.8660254037844387100, 1.000000000000000000, 0.8660254037844387100, 1.000000000000000000, 0.8660254037844387100, 1.000000000000000000, 0.8660254037844387100, 1.000000000000000000, 0.8660254037844387100, 1.000000000000000000, 0.8660254037844387100, 1.000000000000000000, 0.8660254037844387100, 1.000000000000000000, 0.8660254037844387100, 1.000000000000000000, 0.8660254037844387100, 1.000000000000000000, 0.8660254037844387100, 1.000000000000000000, 0.8660254037844387100, 1.000000000000000000, 0.8660254037844387100, 1.000000000000000000, 0.8660254037844387100, 1.000000000000000000, 0.8660254037844387100, 1.000000000000000000, 0.8660254037844387100, 1.000000000000000000, 0.8660254037844387100, 1.000000000000000000, 0.8660254037844387100, 1.000000000000000000, 0.8660254037844387100, 1.000000000000000000, 0.8660254037844387100, 1.000000000000000000, 0.8660254037844387100, 1.000000000000000000, 0.8660254037844387100, 1.000000000000000000 ) ) 
 REPRESENTATION_ITEM ( '' )  );
#4593 = CARTESIAN_POINT ( 'NONE',  ( 0.0000000000000000000, 1.500000000000001300, 0.7500000000000026600 ) ) ;
#4594 = VECTOR ( 'NONE', #1640, 1000.000000000000000 ) ;
#4595 = ADVANCED_FACE ( 'NONE', ( #3506 ), #2833, .T. ) ;
#4596 = CARTESIAN_POINT ( 'NONE',  ( 1.017788105676672200, -0.5876202367904422900, 1.395833333333336100 ) ) ;
#4597 = CARTESIAN_POINT ( 'NONE',  ( -1.322475605676673800, -0.7635316469341555400, -2.536458333333330800 ) ) ;
#4598 = CARTESIAN_POINT ( 'NONE',  ( 1.322475605676674200, 0.7635316469341250100, -3.317708333333329900 ) ) ;
#4599 = FACE_OUTER_BOUND ( 'NONE', #121, .T. ) ;
#4600 = CARTESIAN_POINT ( 'NONE',  ( -1.299038105676672400, 0.7499999999999936700, -2.604166666666663000 ) ) ;
#4601 = CARTESIAN_POINT ( 'NONE',  ( -1.017788105676672700, 0.5876202367904112000, -1.416666666666663600 ) ) ;
#4602 = CARTESIAN_POINT ( 'NONE',  ( 1.537627281424923900, 0.2062073222501209500, 3.591675646323808600 ) ) ;
#4603 = DIRECTION ( 'NONE',  ( 0.02078751127481432200, -0.1045058763748859300, 0.9943069954385902500 ) ) ;
#4604 = CARTESIAN_POINT ( 'NONE',  ( -1.439254484199210300E-016, -1.175240473580867700, -0.7499999999999970000 ) ) ;
#4605 = EDGE_CURVE ( 'NONE', #2755, #3562, #1812, .T. ) ;
#4606 = CARTESIAN_POINT ( 'NONE',  ( -1.439254484199210300E-016, -1.175240473580867700, 0.3125000000000028900 ) ) ;
#4607 = CARTESIAN_POINT ( 'NONE',  ( -1.017788105676672700, 0.5876202367904110900, -0.3541666666666636300 ) ) ;
#4608 = VERTEX_POINT ( 'NONE', #1197 ) ;
#4609 = EDGE_CURVE ( 'NONE', #2641, #1613, #1086, .T. ) ;
#4610 = CARTESIAN_POINT ( 'NONE',  ( 0.6785254037844491400, 1.175240473580836400, 1.020833333333336100 ) ) ;
#4611 = CARTESIAN_POINT ( 'NONE',  ( 0.8816504037844498100, 1.527063293868266400, -2.744791666666664300 ) ) ;
#4612 = CARTESIAN_POINT ( 'NONE',  ( -1.322475605676673500, 0.7635316469341262300, -2.151041666666663400 ) ) ;
#4613 = CARTESIAN_POINT ( 'NONE',  ( -1.299038105676672400, -0.7500000000000229800, -2.520833333333329900 ) ) ;
#4614 = DIRECTION ( 'NONE',  ( 0.0000000000000000000, -1.000000000000000000, -1.224646799147353200E-016 ) ) ;
#4615 = CARTESIAN_POINT ( 'NONE',  ( 1.322475605676674200, 0.7635316469341247900, -1.817708333333329900 ) ) ;
#4616 = CARTESIAN_POINT ( 'NONE',  ( -1.017788105676672700, -0.5876202367904415100, 1.729166666666669400 ) ) ;
#4617 = CARTESIAN_POINT ( 'NONE',  ( -1.870113174931205300E-016, -1.527063293868296900, -1.953124999999997100 ) ) ;
#4618 = ADVANCED_FACE ( 'NONE', ( #68 ), #1210, .T. ) ;
#4619 = CARTESIAN_POINT ( 'NONE',  ( 1.357050807568896700, -1.511651921453262700E-014, -3.624999999999997300 ) ) ;
#4620 = CARTESIAN_POINT ( 'NONE',  ( -1.017788105676672700, -0.5876202367904409500, -2.333333333333330400 ) ) ;
#4621 = EDGE_LOOP ( 'NONE', ( #604, #1968, #1674, #4141 ) ) ;
#4622 = CARTESIAN_POINT ( 'NONE',  ( 1.111747420076567100, 0.6879730501761993600, 1.051873344155782400 ) ) ;
#4623 = CARTESIAN_POINT ( 'NONE',  ( -0.8660254037844510300, -1.500000000000028200, 1.520833333333336400 ) ) ;
#4624 = CARTESIAN_POINT ( 'NONE',  ( -5.250033615717009700E-014, 1.341506350946117400, -4.095993649053887100 ) ) ;
#4625 = ORIENTED_EDGE ( 'NONE', *, *, #2059, .F. ) ;
#4626 = CARTESIAN_POINT ( 'NONE',  ( 1.017788105676673100, 0.5876202367904098700, 0.9166666666666695200 ) ) ;
#4627 = CARTESIAN_POINT ( 'NONE',  ( -0.6785254037844482600, 1.175240473580837300, -2.958333333333329900 ) ) ;
#4628 = CARTESIAN_POINT ( 'NONE',  ( 0.8816504037844498100, 1.527063293868266400, -3.244791666666663900 ) ) ;
#4629 = CARTESIAN_POINT ( 'NONE',  ( -1.017788105676672700, 0.5876202367904114200, -3.354166666666663900 ) ) ;
#4630 = CARTESIAN_POINT ( 'NONE',  ( 1.017788105676672200, -0.5876202367904420600, -0.1666666666666639100 ) ) ;
#4631 = EDGE_LOOP ( 'NONE', ( #1651, #71, #4877, #544, #865 ) ) ;
#4632 = CARTESIAN_POINT ( 'NONE',  ( 1.523879527983821300, 0.1470339072918495400, 3.402807629089146700 ) ) ;
#4633 = FACE_OUTER_BOUND ( 'NONE', #881, .T. ) ;
#4634 = APPROVAL_STATUS ( 'not_yet_approved' ) ;
#4635 = CARTESIAN_POINT ( 'NONE',  ( 1.017788105676673100, 0.5876202367904100900, -0.08333333333333023400 ) ) ;
#4636 = ORIENTED_EDGE ( 'NONE', *, *, #1093, .F. ) ;
#4637 = AXIS2_PLACEMENT_3D ( 'NONE', #409, #3549, #1206 ) ;
#4638 = DIRECTION ( 'NONE',  ( 0.0000000000000000000, 0.0000000000000000000, 1.000000000000000000 ) ) ;
#4639 = CARTESIAN_POINT ( 'NONE',  ( 1.202313921585467500, -0.6616100733198867500, 1.227474657765443400 ) ) ;
#4640 = EDGE_CURVE ( 'NONE', #4331, #4024, #4279, .T. ) ;
#4641 = CARTESIAN_POINT ( 'NONE',  ( -0.1770761412636701900, 1.508695708151070100, 3.406249999999998700 ) ) ;
#4642 = CARTESIAN_POINT ( 'NONE',  ( -0.2446622343353261300, -1.547933754415228500, 3.975503699672906500 ) ) ;
#4643 = ORIENTED_EDGE ( 'NONE', *, *, #1807, .T. ) ;
#4644 = VERTEX_POINT ( 'NONE', #3598 ) ;
#4645 = DIRECTION ( 'NONE',  ( -3.397559750819368500E-015, -0.9945218953682732900, -0.1045284632676538200 ) ) ;
#4646 = FACE_OUTER_BOUND ( 'NONE', #3319, .T. ) ;
#4647 = ORIENTED_EDGE ( 'NONE', *, *, #3104, .T. ) ;
#4648 = CARTESIAN_POINT ( 'NONE',  ( -0.6785254037844487000, -1.175240473580867700, 0.7083333333333359200 ) ) ;
#4649 = CARTESIAN_POINT ( 'NONE',  ( -0.6785254037844487000, -1.175240473580867300, -2.291666666666663900 ) ) ;
#4650 = CARTESIAN_POINT ( 'NONE',  ( -1.870113174931205300E-016, -1.527063293868296900, -2.453124999999997300 ) ) ;
#4651 = EDGE_CURVE ( 'NONE', #2880, #161, #4390, .T. ) ;
#4652 = ORIENTED_EDGE ( 'NONE', *, *, #1834, .F. ) ;
#4653 = CARTESIAN_POINT ( 'NONE',  ( 0.6785254037844479200, -1.175240473580867700, -2.645833333333330400 ) ) ;
#4654 = FACE_OUTER_BOUND ( 'NONE', #2024, .T. ) ;
#4655 = DIRECTION ( 'NONE',  ( 0.0000000000000000000, -1.000000000000000000, 0.0000000000000000000 ) ) ;
#4656 = CARTESIAN_POINT ( 'NONE',  ( -1.017788105676672700, 0.5876202367904113100, -2.354166666666663900 ) ) ;
#4657 =( BOUNDED_CURVE ( )  B_SPLINE_CURVE ( 3, ( #2870, #557, #1279, #3220 ),
 .UNSPECIFIED., .F., .T. ) 
 B_SPLINE_CURVE_WITH_KNOTS ( ( 4, 4 ),
 ( 2.946332657651817400, 3.336852649527768400 ),
 .UNSPECIFIED. ) 
 CURVE ( )  GEOMETRIC_REPRESENTATION_ITEM ( )  RATIONAL_B_SPLINE_CURVE ( ( 1.000000000000000000, 0.9873315052531760300, 0.9873315052531760300, 1.000000000000000000 ) ) 
 REPRESENTATION_ITEM ( '' )  );
#4658 = CARTESIAN_POINT ( 'NONE',  ( 0.0000000000000000000, 1.500000000000001800, -1.249999999999997300 ) ) ;
#4659 = LINE ( 'NONE', #2413, #137 ) ;
#4660 = CARTESIAN_POINT ( 'NONE',  ( 0.0000000000000000000, 1.500000000000002200, -3.749999999999997800 ) ) ;
#4661 = DIRECTION ( 'NONE',  ( 1.224646799147353200E-016, 1.224646799147340400E-016, -1.000000000000000000 ) ) ;
#4662 = DIRECTION ( 'NONE',  ( 8.659560562354862600E-017, 0.7071067811865416900, 0.7071067811865532300 ) ) ;
#4663 = DIRECTION ( 'NONE',  ( 0.3805870524817671600, 0.9188184237650786100, 0.1045284632676539300 ) ) ;
#4664 = CARTESIAN_POINT ( 'NONE',  ( 1.357050807568896700, -1.512417325702730000E-014, -3.562499999999996900 ) ) ;
#4665 = ORIENTED_EDGE ( 'NONE', *, *, #965, .F. ) ;
#4666 = CARTESIAN_POINT ( 'NONE',  ( 1.534691860997135400, -0.2470292989821814300, 3.980070810694633600 ) ) ;
#4667 = CARTESIAN_POINT ( 'NONE',  ( 0.8660254037844485900, -1.500000000000031100, -2.895833333333329900 ) ) ;
#4668 = CARTESIAN_POINT ( 'NONE',  ( -1.439254484199210300E-016, -1.175240473580867500, -2.187499999999996900 ) ) ;
#4669 = AXIS2_PLACEMENT_3D ( 'NONE', #4123, #3038, #713 ) ;
#4670 = CARTESIAN_POINT ( 'NONE',  ( -1.299038105676672700, -0.7500000000000235400, 0.9791666666666696300 ) ) ;
#4671 = EDGE_CURVE ( 'NONE', #669, #937, #2234, .T. ) ;
#4672 = CARTESIAN_POINT ( 'NONE',  ( -1.439254484199210300E-016, -1.175240473580867700, -0.7499999999999970000 ) ) ;
#4673 = CARTESIAN_POINT ( 'NONE',  ( 0.0000000000000000000, 4.487940763634945000E-016, 4.249999999999998200 ) ) ;
#4674 = DIRECTION ( 'NONE',  ( -0.0000000000000000000, -1.224646799147353200E-016, 1.000000000000000000 ) ) ;
#4675 = EDGE_CURVE ( 'NONE', #247, #4243, #1447, .T. ) ;
#4676 = CARTESIAN_POINT ( 'NONE',  ( -0.6785254037844487000, -1.175240473580867700, 1.208333333333335700 ) ) ;
#4677 = CARTESIAN_POINT ( 'NONE',  ( -1.520380694806617600, -0.1615340143260629300, 3.406249999999998700 ) ) ;
#4678 = CARTESIAN_POINT ( 'NONE',  ( 1.357050807568896700, -1.530787027689940300E-014, -2.062499999999996900 ) ) ;
#4679 = ORIENTED_EDGE ( 'NONE', *, *, #261, .T. ) ;
#4680 = CARTESIAN_POINT ( 'NONE',  ( 0.0000000000000000000, 1.527063293868266700, -1.234374999999996700 ) ) ;
#4681 = APPROVAL_ROLE ( '' ) ;
#4682 = CARTESIAN_POINT ( 'NONE',  ( 1.322475605676673300, -0.7635316469341568700, -0.3697916666666640800 ) ) ;
#4683 = ORIENTED_EDGE ( 'NONE', *, *, #856, .F. ) ;
#4684 = CARTESIAN_POINT ( 'NONE',  ( -1.357050807568896700, -1.487598613891476000E-014, -2.874999999999996900 ) ) ;
#4685 = CARTESIAN_POINT ( 'NONE',  ( 0.1808304004471280900, -1.338140753076623200, 1.165723521039804300 ) ) ;
#4686 = CARTESIAN_POINT ( 'NONE',  ( 0.0000000000000000000, 1.500000000000001300, 0.3125000000000035500 ) ) ;
#4687 = VERTEX_POINT ( 'NONE', #869 ) ;
#4688 = CARTESIAN_POINT ( 'NONE',  ( 0.0000000000000000000, 2.602085213965210600E-015, -0.3607728408534533500 ) ) ;
#4689 = ORIENTED_EDGE ( 'NONE', *, *, #469, .T. ) ;
#4690 = CARTESIAN_POINT ( 'NONE',  ( 1.550969061094563900, -0.1780109122479219800, 3.690090594014554500 ) ) ;
#4691 = ADVANCED_FACE ( 'NONE', ( #3141 ), #3969, .T. ) ;
#4692 = CARTESIAN_POINT ( 'NONE',  ( -1.357050807568896700, -1.542707719853106800E-014, 1.625000000000002200 ) ) ;
#4693 = ORIENTED_EDGE ( 'NONE', *, *, #1913, .T. ) ;
#4694 = CARTESIAN_POINT ( 'NONE',  ( 0.0000000000000000000, 1.175240473580837500, -1.937499999999996900 ) ) ;
#4695 = CARTESIAN_POINT ( 'NONE',  ( 1.507752390197092000, -0.2165511500658463800, 3.690090594014554500 ) ) ;
#4696 = CARTESIAN_POINT ( 'NONE',  ( -1.732050807568896500, -1.488364018140943200E-014, -2.624999999999998200 ) ) ;
#4697 = CARTESIAN_POINT ( 'NONE',  ( -1.870113174931205300E-016, -1.527063293868297100, -0.9843749999999967800 ) ) ;
#4698 = ORIENTED_EDGE ( 'NONE', *, *, #1316, .T. ) ;
#4699 = APPROVAL_STATUS ( 'not_yet_approved' ) ;
#4700 = APPROVAL_DATE_TIME ( #1863, #2439 ) ;
#4701 = DIRECTION ( 'NONE',  ( -1.776356839400250500E-015, -1.000000000000000000, -1.445602896647338900E-016 ) ) ;
#4702 = B_SPLINE_CURVE_WITH_KNOTS ( 'NONE', 3,
 ( #125, #2091, #891, #4413, #1690, #3260, #4358, #4772, #2460, #1281, #947, #1335, #4807 ),
 .UNSPECIFIED., .F., .F.,
 ( 4, 3, 3, 3, 4 ),
 ( 0.0000000000000000000, 1.564682339362216400E-005, 3.129827412193382200E-005, 4.685273646177515400E-005, 6.373692748297952500E-005 ),
 .UNSPECIFIED. ) ;
#4703 = ORIENTED_EDGE ( 'NONE', *, *, #3895, .F. ) ;
#4704 = VERTEX_POINT ( 'NONE', #853 ) ;
#4705 = CARTESIAN_POINT ( 'NONE',  ( 0.2127095426802553000, 1.575981320763158600, 3.967077405468657900 ) ) ;
#4706 = CARTESIAN_POINT ( 'NONE',  ( -1.017788105676672700, 0.5876202367904110900, -0.9166666666666637400 ) ) ;
#4707 = FACE_OUTER_BOUND ( 'NONE', #1058, .T. ) ;
#4708 = EDGE_CURVE ( 'NONE', #4439, #2224, #4930, .T. ) ;
#4709 = CARTESIAN_POINT ( 'NONE',  ( 0.9100100306033864800, 0.2087934338140780600, 3.406249999999998700 ) ) ;
#4710 = CARTESIAN_POINT ( 'NONE',  ( -0.4314072894756657600, 0.5883555573418881600, 4.191913363870521700 ) ) ;
#4711 = CARTESIAN_POINT ( 'NONE',  ( 0.0000000000000000000, 1.175240473580837500, -1.937499999999996900 ) ) ;
#4712 = VECTOR ( 'NONE', #2566, 1000.000000000000100 ) ;
#4713 = CARTESIAN_POINT ( 'NONE',  ( 0.0000000000000000000, 4.487940763634945000E-016, 4.249999999999998200 ) ) ;
#4714 = CARTESIAN_POINT ( 'NONE',  ( -1.413709257773124300, 0.1241712531302770100, -4.021370986156215500 ) ) ;
#4715 = FACE_OUTER_BOUND ( 'NONE', #456, .T. ) ;
#4716 = VECTOR ( 'NONE', #4662, 1000.000000000000100 ) ;
#4717 = DIRECTION ( 'NONE',  ( -0.3826834323650937200, 0.9238795325112850700, 0.0000000000000000000 ) ) ;
#4718 = CARTESIAN_POINT ( 'NONE',  ( 0.0000000000000000000, 1.527063293868266700, -0.2343749999999967200 ) ) ;
#4719 = CARTESIAN_POINT ( 'NONE',  ( -1.836970198721050400E-016, -1.500000000000031800, -2.499999999999997800 ) ) ;
#4720 = VECTOR ( 'NONE', #4205, 1000.000000000000000 ) ;
#4721 = CARTESIAN_POINT ( 'NONE',  ( 0.6785254037844491400, 1.175240473580837100, -2.541666666666663900 ) ) ;
#4722 = DIRECTION ( 'NONE',  ( -0.0000000000000000000, -1.224646799147353200E-016, 1.000000000000000000 ) ) ;
#4723 = CARTESIAN_POINT ( 'NONE',  ( -0.1474052775258726800, -1.524207146240227600, 3.406249999999998700 ) ) ;
#4724 = CARTESIAN_POINT ( 'NONE',  ( 1.568143934809862700, -0.1979066122514574800, 3.874741344396803700 ) ) ;
#4725 = ORIENTED_EDGE ( 'NONE', *, *, #3385, .F. ) ;
#4726 = DIRECTION ( 'NONE',  ( 0.9945218953682734000, 0.0000000000000000000, -0.1045284632676529400 ) ) ;
#4727 = CARTESIAN_POINT ( 'NONE',  ( 0.2062073222500797300, 1.537627281424859900, 3.591675646323814900 ) ) ;
#4728 = CARTESIAN_POINT ( 'NONE',  ( 0.9254976877526298600, 0.2866551442409747700, 4.147054690030635100 ) ) ;
#4729 = CARTESIAN_POINT ( 'NONE',  ( -1.439254484199210300E-016, -1.175240473580867700, -0.6874999999999968900 ) ) ;
#4730 = AXIS2_PLACEMENT_3D ( 'NONE', #3524, #4661, #4330 ) ;
#4731 = CARTESIAN_POINT ( 'NONE',  ( 1.253277997964985300, 0.2785229004199479800, -4.163654447746630200 ) ) ;
#4732 = EDGE_CURVE ( 'NONE', #3128, #754, #360, .T. ) ;
#4733 = B_SPLINE_CURVE_WITH_KNOTS ( 'NONE', 3,
 ( #875, #104, #2807, #93, #4269, #79, #1953, #824, #3129, #490, #65, #3192, #2792, #2752, #3535, #1224 ),
 .UNSPECIFIED., .F., .F.,
 ( 4, 3, 3, 3, 3, 4 ),
 ( 0.0000000000000000000, 1.463771985081064000E-005, 2.928091597100459200E-005, 4.384937606648168600E-005, 5.839566969081307800E-005, 6.381151625592103100E-005 ),
 .UNSPECIFIED. ) ;
#4734 = CARTESIAN_POINT ( 'NONE',  ( 2.590581099512336200E-015, -4.806679099745765500E-016, 3.967077405468491400 ) ) ;
#4735 = DIRECTION ( 'NONE',  ( -0.1045058763748857400, 0.02078751127481498800, -0.9943069954385901400 ) ) ;
#4736 = DIRECTION ( 'NONE',  ( 0.0000000000000000000, -0.1045284632676535800, -0.9945218953682734000 ) ) ;
#4737 = CARTESIAN_POINT ( 'NONE',  ( 1.357050807568896700, -1.536910261685677000E-014, -1.562499999999997100 ) ) ;
#4738 = EDGE_CURVE ( 'NONE', #892, #4025, #2175, .T. ) ;
#4739 = ORIENTED_EDGE ( 'NONE', *, *, #1219, .F. ) ;
#4740 = CARTESIAN_POINT ( 'NONE',  ( 0.2078487863861622500, 1.576622122564782100, 3.967077405468494100 ) ) ;
#4741 = CARTESIAN_POINT ( 'NONE',  ( -0.7190693596752515400, 1.179841541333810400, -4.068274778016436800 ) ) ;
#4742 = DIRECTION ( 'NONE',  ( -0.9238795325112890700, -0.3826834323650841200, 0.0000000000000000000 ) ) ;
#4743 = ORIENTED_EDGE ( 'NONE', *, *, #1125, .T. ) ;
#4744 = CARTESIAN_POINT ( 'NONE',  ( -1.357050807568896700, -1.506733720128153500E-014, -1.312499999999996900 ) ) ;
#4745 = CARTESIAN_POINT ( 'NONE',  ( 1.143688210750132500, -0.5068507354796022400, -4.196788930225382700 ) ) ;
#4746 = VERTEX_POINT ( 'NONE', #4728 ) ;
#4747 = CARTESIAN_POINT ( 'NONE',  ( 2.590581099512336200E-015, -4.806679099745765500E-016, 3.967077405468491400 ) ) ;
#4748 = CARTESIAN_POINT ( 'NONE',  ( -1.439254484199210300E-016, -1.175240473580867500, -2.749999999999997300 ) ) ;
#4749 = DIRECTION ( 'NONE',  ( -0.0000000000000000000, -1.224646799147353200E-016, 1.000000000000000000 ) ) ;
#4750 = CARTESIAN_POINT ( 'NONE',  ( -1.576622122564784100, -0.2078487863861485100, 3.967077405468492300 ) ) ;
#4751 = ORIENTED_EDGE ( 'NONE', *, *, #4445, .F. ) ;
#4752 = DIRECTION ( 'NONE',  ( 0.9945218953682734000, -1.130582428830287700E-014, 0.1045284632676538300 ) ) ;
#4753 = LOCAL_TIME ( 11, 25, 58.00000000000000000, #4464 ) ;
#4754 = CARTESIAN_POINT ( 'NONE',  ( 0.6785254037844479200, -1.175240473580867500, -3.708333333333330400 ) ) ;
#4755 = ORIENTED_EDGE ( 'NONE', *, *, #4671, .T. ) ;
#4756 = EDGE_LOOP ( 'NONE', ( #1069, #1198, #1176, #4089 ) ) ;
#4757 = CARTESIAN_POINT ( 'NONE',  ( 0.1887742641981970400, -1.560372603634420500, 3.789916524429064500 ) ) ;
#4758 = VECTOR ( 'NONE', #4048, 1000.000000000000100 ) ;
#4759 = EDGE_CURVE ( 'NONE', #405, #1555, #1442, .T. ) ;
#4760 = CARTESIAN_POINT ( 'NONE',  ( -1.017788105676672700, -0.5876202367904411700, -0.2708333333333303700 ) ) ;
#4761 = CARTESIAN_POINT ( 'NONE',  ( 0.6129994450117038900, 1.098512907683498700, 0.9176638908814494000 ) ) ;
#4762 = DIRECTION ( 'NONE',  ( 0.0000000000000000000, -1.000000000000000000, 0.0000000000000000000 ) ) ;
#4763 = CARTESIAN_POINT ( 'NONE',  ( 0.7514860884942161600, 1.086057543036661900, -4.126721909193689100 ) ) ;
#4764 = ORIENTED_EDGE ( 'NONE', *, *, #1062, .F. ) ;
#4765 = PRODUCT_RELATED_PRODUCT_CATEGORY ( 'detail', '', ( #570 ) ) ;
#4766 = FACE_OUTER_BOUND ( 'NONE', #3018, .T. ) ;
#4767 = CARTESIAN_POINT ( 'NONE',  ( 0.2303456307747357200, 1.567404313149283400, 3.969288913115502900 ) ) ;
#4768 = CARTESIAN_POINT ( 'NONE',  ( 0.6898232588911605800, 1.229404865905913800, 1.330675270039888100 ) ) ;
#4769 = EDGE_CURVE ( 'NONE', #2880, #1303, #1622, .T. ) ;
#4770 = VECTOR ( 'NONE', #4149, 1000.000000000000000 ) ;
#4771 = CARTESIAN_POINT ( 'NONE',  ( 0.0000000000000000000, 1.500000000000001800, -0.7499999999999974500 ) ) ;
#4772 = CARTESIAN_POINT ( 'NONE',  ( 0.2324325179827383100, -1.565698917497980700, 3.969794681949656100 ) ) ;
#4773 = ADVANCED_FACE ( 'NONE', ( #2592 ), #2423, .T. ) ;
#4774 = CARTESIAN_POINT ( 'NONE',  ( 1.695429792159683100E-013, -1.184817306270993200, 0.7444708130683851400 ) ) ;
#4775 = CARTESIAN_POINT ( 'NONE',  ( -0.1887742632592809300, 1.560372602834605900, 3.789916515708307500 ) ) ;
#4776 = FACE_OUTER_BOUND ( 'NONE', #815, .T. ) ;
#4777 = CARTESIAN_POINT ( 'NONE',  ( -0.1858257135577123200, 1.338372812721270400, -4.089488776460915400 ) ) ;
#4778 = CARTESIAN_POINT ( 'NONE',  ( 1.695429792159683100E-013, -1.184817306270993200, 0.7444708130683851400 ) ) ;
#4779 = CARTESIAN_POINT ( 'NONE',  ( 0.0000000000000000000, 1.500000000000001300, 1.312500000000003600 ) ) ;
#4780 = CARTESIAN_POINT ( 'NONE',  ( 0.6169503858357140400, 1.175015652821765700, -4.120244262343567800 ) ) ;
#4781 = ORIENTED_EDGE ( 'NONE', *, *, #821, .T. ) ;
#4782 = CARTESIAN_POINT ( 'NONE',  ( -0.2078487863861317500, 1.576622122564786100, 3.967077405468494100 ) ) ;
#4783 = CARTESIAN_POINT ( 'NONE',  ( -0.6785254037844480300, 1.175240473580837500, -3.395833333333330400 ) ) ;
#4784 = CARTESIAN_POINT ( 'NONE',  ( 1.017788105676672200, -0.5876202367904420600, -0.1666666666666639700 ) ) ;
#4785 = DIRECTION ( 'NONE',  ( 0.0000000000000000000, -1.000000000000000000, 0.0000000000000000000 ) ) ;
#4786 = CARTESIAN_POINT ( 'NONE',  ( -1.322475605676673800, -0.7635316469341559800, 0.4322916666666696800 ) ) ;
#4787 = CARTESIAN_POINT ( 'NONE',  ( 1.565698917497979000, 0.2324325179827433400, 3.969794681949657000 ) ) ;
#4788 = AXIS2_PLACEMENT_3D ( 'NONE', #4410, #197, #2499 ) ;
#4789 = CARTESIAN_POINT ( 'NONE',  ( 0.6169257517062196600, -1.038848907910360700, 0.7797811964484812100 ) ) ;
#4790 = ORIENTED_EDGE ( 'NONE', *, *, #2442, .F. ) ;
#4791 = DIRECTION ( 'NONE',  ( 6.233532255300632300E-017, -1.000000000000000000, -0.0000000000000000000 ) ) ;
#4792 = CARTESIAN_POINT ( 'NONE',  ( -1.899182256117711800E-016, -1.550799999999997300, 1.749999999999997300 ) ) ;
#4793 = DIRECTION ( 'NONE',  ( -0.07992773943613182300, 0.07992773943613305800, 0.9935910189495774600 ) ) ;
#4794 = CARTESIAN_POINT ( 'NONE',  ( 0.6785254037844479200, -1.175240473580867700, -3.145833333333330400 ) ) ;
#4795 = CARTESIAN_POINT ( 'NONE',  ( 1.836970198721030400E-016, 1.500000000000000900, 4.249999999999998200 ) ) ;
#4796 = EDGE_CURVE ( 'NONE', #4450, #1720, #1636, .T. ) ;
#4797 = VERTEX_POINT ( 'NONE', #3213 ) ;
#4798 = CARTESIAN_POINT ( 'NONE',  ( -0.4805343592608925000, -1.175240473580867300, -4.217008497187472400 ) ) ;
#4799 = CARTESIAN_POINT ( 'NONE',  ( 1.383263066523982900E-011, -1.449114434572392100, 1.470621205103176800 ) ) ;
#4801 = ORIENTED_EDGE ( 'NONE', *, *, #1249, .F. ) ;
#4800 = CARTESIAN_POINT ( 'NONE',  ( -0.6785254037844482600, 1.175240473580837100, 0.5416666666666697400 ) ) ;
#4802 = CARTESIAN_POINT ( 'NONE',  ( -0.1474052775258243300, 1.524207146240231300, 3.406249999999998700 ) ) ;
#4803 = CARTESIAN_POINT ( 'NONE',  ( 1.570261840389537900, -0.2262873432254742200, 3.968467505280393000 ) ) ;
#4804 = CARTESIAN_POINT ( 'NONE',  ( -0.8660254037844438100, -1.500000000000040200, -0.5416666666666638500 ) ) ;
#4805 = ORIENTED_EDGE ( 'NONE', *, *, #1506, .T. ) ;
#4806 =( BOUNDED_CURVE ( )  B_SPLINE_CURVE ( 2, ( #4779, #2125, #2862, #2844, #2903, #527, #956 ),
 .UNSPECIFIED., .F., .T. ) 
 B_SPLINE_CURVE_WITH_KNOTS ( ( 3, 2, 2, 3 ),
 ( 0.2000000000000000100, 0.2333333333333333100, 0.2666666666666667200, 0.3000000000000000400 ),
 .UNSPECIFIED. ) 
 CURVE ( )  GEOMETRIC_REPRESENTATION_ITEM ( )  RATIONAL_B_SPLINE_CURVE ( ( 0.9999999999999997800, 0.8660254037844389300, 1.000000000000000000, 0.8660254037844387100, 1.000000000000000000, 0.8660254037844387100, 1.000000000000000000 ) ) 
 REPRESENTATION_ITEM ( '' )  );
#4807 = CARTESIAN_POINT ( 'NONE',  ( 0.2078487863861424600, -1.576622122564785600, 3.967077405468491400 ) ) ;
#4808 = CARTESIAN_POINT ( 'NONE',  ( -0.6785254037844487000, -1.175240473580867500, -0.2291666666666635500 ) ) ;
#4809 = CARTESIAN_POINT ( 'NONE',  ( -1.836970198721050400E-016, -1.500000000000032000, -0.9999999999999974500 ) ) ;
#4810 = ORIENTED_EDGE ( 'NONE', *, *, #451, .F. ) ;
#4811 = VECTOR ( 'NONE', #1448, 1000.000000000000100 ) ;
#4812 = CARTESIAN_POINT ( 'NONE',  ( -0.1678132330522638400, -1.542129073831901800, 3.595469040531619400 ) ) ;
#4813 = CARTESIAN_POINT ( 'NONE',  ( 0.8660254037844507000, 1.499999999999998400, -3.729166666666663000 ) ) ;
#4814 = CARTESIAN_POINT ( 'NONE',  ( -0.8875095126142429300, -1.187058818928864700, 1.528208514417603000 ) ) ;
#4815 = CARTESIAN_POINT ( 'NONE',  ( 1.017788105676672200, -0.5876202367904415100, -4.104166666666664300 ) ) ;
#4816 = VERTEX_POINT ( 'NONE', #4340 ) ;
#4817 = CARTESIAN_POINT ( 'NONE',  ( 0.2470292989821714900, -1.534691860997138300, 3.980070810694632800 ) ) ;
#4818 = CARTESIAN_POINT ( 'NONE',  ( -0.6785254037844480300, 1.175240473580837500, -2.395833333333330400 ) ) ;
#4819 = CARTESIAN_POINT ( 'NONE',  ( -0.1830951026528791200, 1.329150516842076500, 1.166992701414914600 ) ) ;
#4820 = ORIENTED_EDGE ( 'NONE', *, *, #3356, .F. ) ;
#4821 = CARTESIAN_POINT ( 'NONE',  ( -0.6785254037844482600, 1.175240473580837300, 0.04166666666666967600 ) ) ;
#4822 = CARTESIAN_POINT ( 'NONE',  ( 0.8660254037844507000, 1.499999999999998200, 0.2708333333333366500 ) ) ;
#4823 = VECTOR ( 'NONE', #3170, 1000.000000000000000 ) ;
#4824 = CARTESIAN_POINT ( 'NONE',  ( 1.547933754415226500, -0.2446622343353323200, 3.975503699672907400 ) ) ;
#4825 = AXIS2_PLACEMENT_3D ( 'NONE', #264, #2958, #3346 ) ;
#4826 = CARTESIAN_POINT ( 'NONE',  ( 0.0000000000000000000, 4.336808689942017700E-016, 3.098507708920578400 ) ) ;
#4827 = ORIENTED_EDGE ( 'NONE', *, *, #1219, .T. ) ;
#4828 = CARTESIAN_POINT ( 'NONE',  ( 0.6785254037844479200, -1.175240473580867700, -0.1458333333333302900 ) ) ;
#4829 = ORIENTED_EDGE ( 'NONE', *, *, #3903, .F. ) ;
#4830 = CARTESIAN_POINT ( 'NONE',  ( 1.299038105676672900, 0.7499999999999921200, -0.8333333333333309300 ) ) ;
#4831 = CIRCLE ( 'NONE', #2254, 4.608510497053427600 ) ;
#4832 = CARTESIAN_POINT ( 'NONE',  ( -0.8660254037844482600, 1.500000000000001100, -1.145833333333329700 ) ) ;
#4833 = CARTESIAN_POINT ( 'NONE',  ( 0.0000000000000000000, 5.865668412675717400E-016, 3.124999999999998700 ) ) ;
#4834 = AXIS2_PLACEMENT_3D ( 'NONE', #21, #2310, #2291 ) ;
#4835 = DIRECTION ( 'NONE',  ( -4.188538737677001000E-017, -0.3420201433256696000, 0.9396926207859082100 ) ) ;
#4836 = LINE ( 'NONE', #1332, #318 ) ;
#4837 = EDGE_CURVE ( 'NONE', #1503, #1468, #1140, .T. ) ;
#4838 = CARTESIAN_POINT ( 'NONE',  ( -0.05496445076863146900, 0.1326959224940232900, -0.3758688603731163400 ) ) ;
#4839 = CARTESIAN_POINT ( 'NONE',  ( 0.0000000000000000000, 4.487940763634945000E-016, 4.249999999999998200 ) ) ;
#4840 = VECTOR ( 'NONE', #655, 1000.000000000000100 ) ;
#4841 = CARTESIAN_POINT ( 'NONE',  ( 1.299038105676672200, -0.7500000000000239800, -3.354166666666663400 ) ) ;
#4842 = LINE ( 'NONE', #2545, #132 ) ;
#4843 = CARTESIAN_POINT ( 'NONE',  ( 1.017788105676672200, -0.5876202367904415100, -4.104166666666664300 ) ) ;
#4844 = CARTESIAN_POINT ( 'NONE',  ( 1.036004162901804600, -0.2622035415152686500, 4.124444084471206500 ) ) ;
#4845 = CARTESIAN_POINT ( 'NONE',  ( -1.357050807568896700, -1.542707719853106800E-014, 1.625000000000002200 ) ) ;
#4846 = CARTESIAN_POINT ( 'NONE',  ( -1.836970198721050600E-016, -1.500000000000032200, 0.06250000000000310900 ) ) ;
#4847 = CARTESIAN_POINT ( 'NONE',  ( 0.8816504037844498100, 1.527063293868266400, 0.2239583333333366200 ) ) ;
#4848 = CARTESIAN_POINT ( 'NONE',  ( 1.299038105676672900, 0.7499999999999923400, -1.770833333333329500 ) ) ;
#4849 = CYLINDRICAL_SURFACE ( 'NONE', #4544, 0.2915999999999999700 ) ;
#4850 = CARTESIAN_POINT ( 'NONE',  ( -0.6785254037844480300, 1.175240473580837500, -0.3958333333333304800 ) ) ;
#4851 = B_SPLINE_CURVE_WITH_KNOTS ( 'NONE', 3,
 ( #822, #1991, #394, #3162, #39, #1177, #3871, #4641, #2341, #470, #540, #501, #3178, #142, #3207, #3223 ),
 .UNSPECIFIED., .F., .F.,
 ( 4, 3, 3, 3, 3, 4 ),
 ( 0.0000000000000000000, 1.463772298357052900E-005, 2.928092099299646100E-005, 4.384939631435105300E-005, 5.839568215676209300E-005, 6.381151604612060600E-005 ),
 .UNSPECIFIED. ) ;
#4852 = CARTESIAN_POINT ( 'NONE',  ( -1.534691860997137400, -0.2470292989821774000, 3.980070810694633600 ) ) ;
#4853 = ORIENTED_EDGE ( 'NONE', *, *, #4911, .F. ) ;
#4854 = CARTESIAN_POINT ( 'NONE',  ( -0.6785254037844487000, -1.175240473580867000, -3.729166666666663400 ) ) ;
#4855 = ADVANCED_FACE ( 'NONE', ( #3078 ), #893, .T. ) ;
#4856 = CARTESIAN_POINT ( 'NONE',  ( -1.439254484199210300E-016, -1.175240473580867700, -0.1874999999999971400 ) ) ;
#4857 = DIRECTION ( 'NONE',  ( 0.02078751127481447800, 0.1045058763748859400, -0.9943069954385901400 ) ) ;
#4858 = CARTESIAN_POINT ( 'NONE',  ( -1.036004162901805100, -0.2622035415152667000, 4.124444084471206500 ) ) ;
#4859 = CARTESIAN_POINT ( 'NONE',  ( -0.3682059365705779900, 0.5251542044367992800, 3.406249999999998700 ) ) ;
#4860 = ORIENTED_EDGE ( 'NONE', *, *, #1301, .T. ) ;
#4861 = CARTESIAN_POINT ( 'NONE',  ( 1.476889365292440400, -0.2622933523483775800, 1.610428147091759900 ) ) ;
#4862 = DIRECTION ( 'NONE',  ( -0.02078751127481365300, 0.1045058763748857900, 0.9943069954385901400 ) ) ;
#4863 = CARTESIAN_POINT ( 'NONE',  ( -1.357050807568896700, -1.536584485857370000E-014, 1.125000000000002700 ) ) ;
#4864 = CARTESIAN_POINT ( 'NONE',  ( 1.017788105676672200, -0.5876202367904421700, 0.3958333333333362000 ) ) ;
#4865 = CARTESIAN_POINT ( 'NONE',  ( 1.836970198721030400E-016, 1.500000000000000900, 4.249999999999998200 ) ) ;
#4866 = CARTESIAN_POINT ( 'NONE',  ( -1.017788105676672700, 0.5876202367904108700, 0.1458333333333363100 ) ) ;
#4867 = DIRECTION ( 'NONE',  ( 0.0000000000000000000, -2.449293598294706400E-016, 1.000000000000000000 ) ) ;
#4868 = EDGE_CURVE ( 'NONE', #3433, #161, #415, .T. ) ;
#4869 = AXIS2_PLACEMENT_3D ( 'NONE', #764, #804, #4614 ) ;
#4870 = CARTESIAN_POINT ( 'NONE',  ( 1.017788105676672200, -0.5876202367904415100, -4.166666666666664300 ) ) ;
#4871 = ORIENTED_EDGE ( 'NONE', *, *, #285, .F. ) ;
#4872 = CARTESIAN_POINT ( 'NONE',  ( -0.6785254037844482600, 1.175240473580837300, -0.3958333333333302600 ) ) ;
#4873 = CARTESIAN_POINT ( 'NONE',  ( 0.0000000000000000000, 1.500000000000001300, 0.7500000000000026600 ) ) ;
#4874 = ORIENTED_EDGE ( 'NONE', *, *, #1301, .F. ) ;
#4875 = EDGE_CURVE ( 'NONE', #1365, #2185, #3642, .T. ) ;
#4876 = CARTESIAN_POINT ( 'NONE',  ( 0.0000000000000000000, 1.500000000000002000, -2.749999999999997800 ) ) ;
#4877 = ORIENTED_EDGE ( 'NONE', *, *, #1776, .F. ) ;
#4878 = DIRECTION ( 'NONE',  ( -0.9945218953682734000, 4.335512921212310000E-015, 0.1045284632676538300 ) ) ;
#4879 = CARTESIAN_POINT ( 'NONE',  ( 1.322475605676674200, 0.7635316469341244500, 1.213541666666669200 ) ) ;
#4880 = CARTESIAN_POINT ( 'NONE',  ( 1.763300807568898100, -1.577476686907433200E-014, 1.140625000000002900 ) ) ;
#4881 = CARTESIAN_POINT ( 'NONE',  ( 0.6785254037844491400, 1.175240473580837100, -2.041666666666663900 ) ) ;
#4882 = ORIENTED_EDGE ( 'NONE', *, *, #4868, .F. ) ;
#4883 = ADVANCED_FACE ( 'NONE', ( #528 ), #1681, .T. ) ;
#4884 = CARTESIAN_POINT ( 'NONE',  ( 1.535008919672469200, -0.2473912189818807100, 3.983514249475044600 ) ) ;
#4885 = CARTESIAN_POINT ( 'NONE',  ( -0.8660254037844482600, 1.500000000000001600, -0.2083333333333310400 ) ) ;
#4886 = ORIENTED_EDGE ( 'NONE', *, *, #2515, .F. ) ;
#4887 = CARTESIAN_POINT ( 'NONE',  ( -1.574078335371366800, -0.2189201988679743700, 3.967461089029151300 ) ) ;
#4888 = CARTESIAN_POINT ( 'NONE',  ( -0.6785254037844487000, -1.175240473580867000, -3.791666666666663400 ) ) ;
#4889 = VERTEX_POINT ( 'NONE', #208 ) ;
#4890 = DIRECTION ( 'NONE',  ( 0.0000000000000000000, -1.000000000000000000, -1.463160826566133600E-016 ) ) ;
#4891 = CARTESIAN_POINT ( 'NONE',  ( 0.2866551442409739900, 0.9254976877526286400, 4.147054690030636000 ) ) ;
#4892 = ORIENTED_EDGE ( 'NONE', *, *, #3806, .F. ) ;
#4893 = DIRECTION ( 'NONE',  ( -0.0000000000000000000, 0.8660254037844391500, 0.4999999999999990000 ) ) ;
#4894 = CARTESIAN_POINT ( 'NONE',  ( -0.8816504037844489200, 1.527063293868266400, -0.1614583333333305100 ) ) ;
#4895 = VERTEX_POINT ( 'NONE', #4039 ) ;
#4896 = CARTESIAN_POINT ( 'NONE',  ( -1.357050807568896700, -1.525103422115363800E-014, 0.1875000000000029700 ) ) ;
#4897 = AXIS2_PLACEMENT_3D ( 'NONE', #1932, #4962, #33 ) ;
#4898 = CARTESIAN_POINT ( 'NONE',  ( 1.017788105676673100, 0.5876202367904104200, -2.083333333333330400 ) ) ;
#4899 = CARTESIAN_POINT ( 'NONE',  ( 1.357050807568896700, -1.530787027689940300E-014, -2.062499999999996900 ) ) ;
#4900 = FACE_OUTER_BOUND ( 'NONE', #4756, .T. ) ;
#4901 = CARTESIAN_POINT ( 'NONE',  ( -0.7643272473421142100, -0.9237755624811908600, 0.7671911112405622700 ) ) ;
#4902 = AXIS2_PLACEMENT_3D ( 'NONE', #3282, #2154, #2810 ) ;
#4903 = EDGE_CURVE ( 'NONE', #4816, #2760, #2039, .T. ) ;
#4904 = CARTESIAN_POINT ( 'NONE',  ( -0.6785254037844482600, 1.175240473580837500, -3.958333333333330400 ) ) ;
#4905 =( BOUNDED_CURVE ( )  B_SPLINE_CURVE ( 3, ( #158, #542, #928, #3633 ),
 .UNSPECIFIED., .F., .T. ) 
 B_SPLINE_CURVE_WITH_KNOTS ( ( 4, 4 ),
 ( 2.946332657651818700, 3.336852649527768800 ),
 .UNSPECIFIED. ) 
 CURVE ( )  GEOMETRIC_REPRESENTATION_ITEM ( )  RATIONAL_B_SPLINE_CURVE ( ( 1.000000000000000000, 0.9873315052531760300, 0.9873315052531760300, 1.000000000000000000 ) ) 
 REPRESENTATION_ITEM ( '' )  );
#4906 = ADVANCED_FACE ( 'NONE', ( #2409 ), #2312, .T. ) ;
#4907 = CARTESIAN_POINT ( 'NONE',  ( -1.299038105676672400, -0.7500000000000229800, -2.083333333333330800 ) ) ;
#4908 = CARTESIAN_POINT ( 'NONE',  ( 0.0000000000000000000, 1.175240473580837500, -2.999999999999996900 ) ) ;
#4909 = CARTESIAN_POINT ( 'NONE',  ( -1.542129073831899100, 0.1678132330522794600, 3.595469040531619000 ) ) ;
#4910 = CARTESIAN_POINT ( 'NONE',  ( -0.8816504037844489200, 1.527063293868266400, 0.8385416666666695200 ) ) ;
#4911 = EDGE_CURVE ( 'NONE', #3433, #1303, #598, .T. ) ;
#4912 = CARTESIAN_POINT ( 'NONE',  ( -1.017788105676672700, 0.5876202367904109800, -0.3541666666666636300 ) ) ;
#4913 = ORIENTED_EDGE ( 'NONE', *, *, #2706, .F. ) ;
#4914 = CARTESIAN_POINT ( 'NONE',  ( -0.6785254037844482600, 1.175240473580837300, -1.958333333333330200 ) ) ;
#4915 = CARTESIAN_POINT ( 'NONE',  ( -0.6785254037844487000, -1.175240473580867300, -2.229166666666663400 ) ) ;
#4916 = VERTEX_POINT ( 'NONE', #2537 ) ;
#4917 = CARTESIAN_POINT ( 'NONE',  ( -1.549187076721469300, -0.2438702740433735000, 3.975097646223969800 ) ) ;
#4918 = CARTESIAN_POINT ( 'NONE',  ( 1.357050807568896700, -1.511651921453262700E-014, -3.624999999999996900 ) ) ;
#4919 = CARTESIAN_POINT ( 'NONE',  ( -0.6785254037844487000, -1.175240473580867500, -0.2291666666666638300 ) ) ;
#4920 = CARTESIAN_POINT ( 'NONE',  ( 1.322475605676673300, -0.7635316469341563200, -4.369791666666664300 ) ) ;
#4921 = CARTESIAN_POINT ( 'NONE',  ( 1.732050807568896500, -1.527725410692071900E-014, -2.874999999999997800 ) ) ;
#4922 = CARTESIAN_POINT ( 'NONE',  ( -1.299038105676672400, 0.7499999999999934500, -1.166666666666664300 ) ) ;
#4923 = CARTESIAN_POINT ( 'NONE',  ( 0.6785254037844479200, -1.175240473580867700, -0.7083333333333303700 ) ) ;
#4924 = CARTESIAN_POINT ( 'NONE',  ( -0.8816504037844494800, -1.527063293868296900, 1.005208333333335700 ) ) ;
#4925 = CARTESIAN_POINT ( 'NONE',  ( -0.8816504037844489200, 1.527063293868266400, 0.8072916666666699600 ) ) ;
#4926 = DIRECTION ( 'NONE',  ( -0.0000000000000000000, -0.0000000000000000000, -1.000000000000000000 ) ) ;
#4927 = ORIENTED_EDGE ( 'NONE', *, *, #1027, .F. ) ;
#4928 = ADVANCED_FACE ( 'NONE', ( #1260 ), #7, .F. ) ;
#4929 = B_SPLINE_CURVE_WITH_KNOTS ( 'NONE', 3,
 ( #3521, #4685, #841, #1588, #3548, #1232, #3565, #2007, #4639, #2428, #3237, #3645, #3607, #2458, #907, #515, #1294, #2019, #4768, #123, #926, #4389, #1315, #1264 ),
 .UNSPECIFIED., .F., .F.,
 ( 4, 2, 2, 2, 2, 2, 2, 2, 2, 2, 2, 4 ),
 ( 0.008374421969931293200, 0.008912355263060957000, 0.009181321909625790600, 0.009450288556190622500, 0.009988221849320286200, 0.01052615514244995000, 0.01079512178901478400, 0.01106408843557961500, 0.01160202172870927900, 0.01213995502183894300, 0.01240892166840377500, 0.01267788831496860700 ),
 .UNSPECIFIED. ) ;
#4930 =( BOUNDED_CURVE ( )  B_SPLINE_CURVE ( 2, ( #134, #1661, #1302, #4696, #2842, #4353, #2781 ),
 .UNSPECIFIED., .F., .F. ) 
 B_SPLINE_CURVE_WITH_KNOTS ( ( 3, 2, 2, 3 ),
 ( 0.6000000000000000900, 0.6333333333333334100, 0.6666666666666668500, 0.7000000000000001800 ),
 .UNSPECIFIED. ) 
 CURVE ( )  GEOMETRIC_REPRESENTATION_ITEM ( )  RATIONAL_B_SPLINE_CURVE ( ( 0.9999999999999995600, 0.8660254037844391500, 1.000000000000000000, 0.8660254037844387100, 1.000000000000000000, 0.8660254037844378200, 1.000000000000000900 ) ) 
 REPRESENTATION_ITEM ( '' )  );
#4931 = CARTESIAN_POINT ( 'NONE',  ( 1.017788105676672200, -0.5876202367904417300, -2.104166666666663400 ) ) ;
#4932 = EDGE_CURVE ( 'NONE', #239, #3004, #2962, .T. ) ;
#4933 = ORIENTED_EDGE ( 'NONE', *, *, #3161, .F. ) ;
#4934 = CARTESIAN_POINT ( 'NONE',  ( -0.9948384662314057000, -0.6494562409879758300, 0.7369641816065636300 ) ) ;
#4935 = CARTESIAN_POINT ( 'NONE',  ( 1.017788105676673100, 0.5876202367904104200, -2.520833333333330800 ) ) ;
#4936 = EDGE_LOOP ( 'NONE', ( #1410, #110, #4512, #454, #4187, #1728, #2678, #145, #3503, #234, #170 ) ) ;
#4937 = CARTESIAN_POINT ( 'NONE',  ( 0.0000000000000000000, 1.175240473580837100, 1.062500000000003100 ) ) ;
#4938 = ORIENTED_EDGE ( 'NONE', *, *, #864, .T. ) ;
#4939 = CARTESIAN_POINT ( 'NONE',  ( 0.8816504037844498100, 1.527063293868266400, -4.244791666666664300 ) ) ;
#4940 = EDGE_CURVE ( 'NONE', #799, #4704, #2865, .T. ) ;
#4941 = CARTESIAN_POINT ( 'NONE',  ( -0.8816504037844494800, -1.527063293868296200, -4.026041666666664300 ) ) ;
#4942 = CARTESIAN_POINT ( 'NONE',  ( -1.439254484199210300E-016, -1.175240473580867300, -4.249999999999996400 ) ) ;
#4943 = CARTESIAN_POINT ( 'NONE',  ( -1.093301003518766700, 0.9286888590906285900, 1.421882820235408600 ) ) ;
#4944 = CARTESIAN_POINT ( 'NONE',  ( -0.6785254037844487000, -1.175240473580867500, -1.291666666666663600 ) ) ;
#4945 = ORIENTED_EDGE ( 'NONE', *, *, #2827, .F. ) ;
#4946 = CARTESIAN_POINT ( 'NONE',  ( 0.8816504037844498100, 1.527063293868266200, 0.2552083333333361500 ) ) ;
#4947 = CARTESIAN_POINT ( 'NONE',  ( -1.507752490716989200, -0.2165512627827234600, 3.690091666444041100 ) ) ;
#4948 = ORIENTED_EDGE ( 'NONE', *, *, #3293, .T. ) ;
#4949 = LINE ( 'NONE', #32, #666 ) ;
#4950 = CARTESIAN_POINT ( 'NONE',  ( 0.0000000000000000000, 1.175240473580837300, -1.437499999999996900 ) ) ;
#4951 = ORIENTED_EDGE ( 'NONE', *, *, #3554, .F. ) ;
#4952 = CARTESIAN_POINT ( 'NONE',  ( -0.6785254037844480300, 1.175240473580837100, 0.5416666666666696300 ) ) ;
#4953 = ORIENTED_EDGE ( 'NONE', *, *, #267, .T. ) ;
#4954 = VERTEX_POINT ( 'NONE', #4455 ) ;
#4955 = ADVANCED_FACE ( 'NONE', ( #4581 ), #2616, .T. ) ;
#4956 = CARTESIAN_POINT ( 'NONE',  ( 1.357050807568896700, -1.579772899655834000E-014, 1.937500000000002900 ) ) ;
#4957 = CARTESIAN_POINT ( 'NONE',  ( -1.322475605676673800, -0.7635316469341553200, -4.536458333333330400 ) ) ;
#4958 = CARTESIAN_POINT ( 'NONE',  ( -1.870113174931205300E-016, -1.527063293868296600, -3.484374999999996900 ) ) ;
#4959 = FACE_OUTER_BOUND ( 'NONE', #1251, .T. ) ;
#4960 = CARTESIAN_POINT ( 'NONE',  ( -1.411896877903899400, 0.3490925642965450000, 1.450875042296962700 ) ) ;
#4961 = CARTESIAN_POINT ( 'NONE',  ( 0.0000000000000000000, 1.175240473580837500, -1.999999999999997100 ) ) ;
#4962 = DIRECTION ( 'NONE',  ( -1.000000000000000000, 1.224646799147353200E-016, 1.499759782661857600E-032 ) ) ;
#4963 = CARTESIAN_POINT ( 'NONE',  ( -1.017788105676672700, 0.5876202367904107500, 1.145833333333336400 ) ) ;
#4964 = CARTESIAN_POINT ( 'NONE',  ( 0.6785254037844479200, -1.175240473580867700, -0.2083333333333303200 ) ) ;
#4965 = CYLINDRICAL_SURFACE ( 'NONE', #3519, 1.500000000000000400 ) ;
#4966 = CIRCLE ( 'NONE', #2191, 0.6875000000000002200 ) ;
#4967 = DIRECTION ( 'NONE',  ( -0.0000000000000000000, -1.224646799147353200E-016, 1.000000000000000000 ) ) ;
#4968 = CARTESIAN_POINT ( 'NONE',  ( 0.0000000000000000000, 1.175240473580837300, 0.06250000000000309500 ) ) ;
#4969 =( BOUNDED_CURVE ( )  B_SPLINE_CURVE ( 2, ( #4590, #4199, #4866, #2967, #1041, #3740, #4606, #2287, #361, #3062, #3831, #2307, #2684, #452, #2718, #2748, #793 ),
 .UNSPECIFIED., .F., .F. ) 
 B_SPLINE_CURVE_WITH_KNOTS ( ( 3, 2, 2, 2, 2, 2, 2, 2, 3 ),
 ( 0.2000000000000000100, 0.2333333333333333400, 0.2666666666666666600, 0.2999999999999999900, 0.3333333333333333100, 0.3666666666666666400, 0.4000000000000000200, 0.4333333333333333500, 0.4618578070124200200 ),
 .UNSPECIFIED. ) 
 CURVE ( )  GEOMETRIC_REPRESENTATION_ITEM ( )  RATIONAL_B_SPLINE_CURVE ( ( 1.000000000000000000, 0.8660254037844387100, 1.000000000000000000, 0.8660254037844387100, 1.000000000000000000, 0.8660254037844387100, 1.000000000000000000, 0.8660254037844387100, 1.000000000000000000, 0.8660254037844387100, 1.000000000000000000, 0.8660254037844387100, 1.000000000000000000, 0.8660254037844387100, 1.000000000000000000, 0.8853533546974886600, 0.9669208223746015300 ) ) 
 REPRESENTATION_ITEM ( '' )  );
#4970 = VECTOR ( 'NONE', #3191, 1000.000000000000000 ) ;
#4971 = CARTESIAN_POINT ( 'NONE',  ( -0.2469850266604014500, -1.535890407632283900, 3.979649587690040800 ) ) ;
#4972 = EDGE_CURVE ( 'NONE', #3755, #2080, #4304, .T. ) ;
#4973 = CARTESIAN_POINT ( 'NONE',  ( -1.439254484199210300E-016, -1.175240473580867700, -0.2499999999999973900 ) ) ;
#4974 = CARTESIAN_POINT ( 'NONE',  ( 0.8816504037844498100, 1.527063293868266400, -3.744791666666664300 ) ) ;
#4975 = CARTESIAN_POINT ( 'NONE',  ( 1.322475605676673300, -0.7635316469341565400, -2.401041666666663400 ) ) ;
#4976 = ORIENTED_EDGE ( 'NONE', *, *, #4609, .T. ) ;
#4977 = CARTESIAN_POINT ( 'NONE',  ( -0.2087934338140772500, -0.9100100306033864800, 3.406249999999998700 ) ) ;
#4978 = CARTESIAN_POINT ( 'NONE',  ( 0.6785254037844479200, -1.175240473580867700, -1.208333333333330600 ) ) ;
#4979 = CARTESIAN_POINT ( 'NONE',  ( -1.439254484199210300E-016, -1.175240473580867700, 1.812500000000002700 ) ) ;
#4980 = CARTESIAN_POINT ( 'NONE',  ( -1.763300807568898100, -1.494869954261413300E-014, -2.078124999999996900 ) ) ;
#4981 = ADVANCED_FACE ( 'NONE', ( #2710 ), #772, .T. ) ;
#4982 = DIRECTION ( 'NONE',  ( -0.0000000000000000000, -1.224646799147353200E-016, 1.000000000000000000 ) ) ;
#4983 = CARTESIAN_POINT ( 'NONE',  ( 1.017788105676672200, -0.5876202367904418400, -1.604166666666663600 ) ) ;
#4984 = CARTESIAN_POINT ( 'NONE',  ( -1.299038105676672400, 0.7499999999999933400, 1.395833333333337000 ) ) ;
#4985 = B_SPLINE_CURVE_WITH_KNOTS ( 'NONE', 3,
 ( #2523, #3267, #4463, #1354, #3341, #2921, #4036, #3652, #2174, #2563, #3670, #3283, #1730, #240, #1408, #2546 ),
 .UNSPECIFIED., .F., .F.,
 ( 4, 3, 3, 3, 3, 4 ),
 ( 0.0000000000000000000, 1.463771985081066900E-005, 2.928091597100494100E-005, 4.384937606648151700E-005, 5.839566969081305700E-005, 6.381151625592097700E-005 ),
 .UNSPECIFIED. ) ;
#4986 = CARTESIAN_POINT ( 'NONE',  ( 1.017788105676673100, 0.5876202367904098700, 1.479166666666669600 ) ) ;
#4987 = CARTESIAN_POINT ( 'NONE',  ( 0.1867183014945853800, 1.020989215107069200, 3.406249999999998700 ) ) ;
#4988 = CARTESIAN_POINT ( 'NONE',  ( -1.322475605676673500, 0.7635316469341262300, -2.651041666666663400 ) ) ;
#4989 = ORIENTED_EDGE ( 'NONE', *, *, #882, .F. ) ;
#4990 = CARTESIAN_POINT ( 'NONE',  ( -0.1941710946047817400, -0.9453114802360875800, 3.406249999999998700 ) ) ;
#4991 = CARTESIAN_POINT ( 'NONE',  ( -1.439254484199210300E-016, -1.175240473580867700, -0.7499999999999970000 ) ) ;
#4992 = CARTESIAN_POINT ( 'NONE',  ( -0.9491885192343260100, -0.7097310373754042200, 0.7181586815023536200 ) ) ;
#4993 = CARTESIAN_POINT ( 'NONE',  ( -1.763300807568898100, -1.488746720265676900E-014, -2.578124999999997300 ) ) ;
#4994 = ORIENTED_EDGE ( 'NONE', *, *, #3751, .T. ) ;
#4995 = AXIS2_PLACEMENT_3D ( 'NONE', #2494, #3656, #2127 ) ;
#4996 = CARTESIAN_POINT ( 'NONE',  ( -0.8660254037844482600, 1.500000000000001600, -2.145833333333329900 ) ) ;
#4997 = CARTESIAN_POINT ( 'NONE',  ( 1.017788105676672200, -0.5876202367904417300, -2.166666666666663400 ) ) ;
#4998 = EDGE_CURVE ( 'NONE', #4380, #1365, #2052, .T. ) ;
ENDSEC;
END-ISO-10303-21;
