ISO-10303-21;
HEADER;
FILE_DESCRIPTION (( 'STEP AP214' ),
    '1' );
FILE_NAME ('CUI_DEVICES_TBP04R1-500-03BE.step',
    '2021-12-16T02:25:17',
    ( '' ),
    ( '' ),
    'SwSTEP 2.0',
    'SolidWorks 2021',
    '' );
FILE_SCHEMA (( 'AUTOMOTIVE_DESIGN' ));
ENDSEC;

DATA;
#1 = ORIENTED_EDGE ( 'NONE', *, *, #1776, .T. ) ;
#2 = ORIENTED_EDGE ( 'NONE', *, *, #1357, .T. ) ;
#3 = ORIENTED_EDGE ( 'NONE', *, *, #6088, .F. ) ;
#4 = EDGE_CURVE ( 'NONE', #560, #4014, #7613, .T. ) ;
#5 = DIRECTION ( 'NONE',  ( 1.242865905043146517E-15, 0.2682926829271122249, 0.9633374467380431128 ) ) ;
#6 = EDGE_CURVE ( 'NONE', #4716, #1818, #3457, .T. ) ;
#7 = CARTESIAN_POINT ( 'NONE',  ( 1.500000000000006439, 8.200000000000009948, 0.3600000000000547207 ) ) ;
#8 = ORIENTED_EDGE ( 'NONE', *, *, #4273, .T. ) ;
#9 = DIRECTION ( 'NONE',  ( 0.9927080914950846546, -0.1205431253957962856, -1.735850623357525016E-15 ) ) ;
#10 = ORIENTED_EDGE ( 'NONE', *, *, #536, .T. ) ;
#11 = CARTESIAN_POINT ( 'NONE',  ( 0.7000000000000148326, 7.100000000000009415, 3.700000000000055689 ) ) ;
#12 = VECTOR ( 'NONE', #2945, 1000.000000000000000 ) ;
#13 = LINE ( 'NONE', #2534, #7728 ) ;
#14 = EDGE_CURVE ( 'NONE', #2200, #8010, #2079, .T. ) ;
#15 = LINE ( 'NONE', #7425, #400 ) ;
#16 = ORIENTED_EDGE ( 'NONE', *, *, #1265, .F. ) ;
#17 = CARTESIAN_POINT ( 'NONE',  ( 3.950000000000001954, 7.650000000000014566, -2.799999999999950973 ) ) ;
#18 = ORIENTED_EDGE ( 'NONE', *, *, #5982, .T. ) ;
#19 = ADVANCED_FACE ( 'NONE', ( #786 ), #2681, .F. ) ;
#20 = EDGE_CURVE ( 'NONE', #2379, #2392, #3298, .T. ) ;
#21 = LINE ( 'NONE', #6873, #3896 ) ;
#22 = ORIENTED_EDGE ( 'NONE', *, *, #5559, .T. ) ;
#23 = AXIS2_PLACEMENT_3D ( 'NONE', #7013, #7619, #6417 ) ;
#24 =( NAMED_UNIT ( * ) PLANE_ANGLE_UNIT ( ) SI_UNIT ( $, .RADIAN. ) );
#25 = CARTESIAN_POINT ( 'NONE',  ( 9.700000000000002842, 10.60000000000002274, 0.1500000000000389910 ) ) ;
#26 = DIRECTION ( 'NONE',  ( 0.2425356250363078781, 0.9701425001453380936, -4.240981004512810209E-16 ) ) ;
#27 = MECHANICAL_DESIGN_GEOMETRIC_PRESENTATION_REPRESENTATION (  '', ( #4878 ), #3835 ) ;
#28 = CIRCLE ( 'NONE', #424, 2.950000000000001066 ) ;
#29 = ORIENTED_EDGE ( 'NONE', *, *, #4282, .T. ) ;
#30 = FACE_OUTER_BOUND ( 'NONE', #5996, .T. ) ;
#31 = EDGE_CURVE ( 'NONE', #5046, #4964, #1876, .T. ) ;
#32 = LINE ( 'NONE', #2560, #5185 ) ;
#33 = STYLED_ITEM ( 'NONE', ( #1389 ), #4974 ) ;
#34 = ORIENTED_EDGE ( 'NONE', *, *, #3173, .F. ) ;
#35 = DIRECTION ( 'NONE',  ( -1.748601263784621748E-15, 1.482966057179082451E-32, -1.000000000000000000 ) ) ;
#36 = EDGE_LOOP ( 'NONE', ( #6846, #4419, #3945, #7568, #5877, #5581, #3009, #2517, #1258, #7132, #7403, #4867 ) ) ;
#37 = ORIENTED_EDGE ( 'NONE', *, *, #3537, .T. ) ;
#38 = VERTEX_POINT ( 'NONE', #241 ) ;
#39 = STYLED_ITEM ( 'NONE', ( #6182 ), #5423 ) ;
#40 = CARTESIAN_POINT ( 'NONE',  ( 1.500000000000008216, 7.650000000000010125, 0.8500000000000538236 ) ) ;
#41 = ORIENTED_EDGE ( 'NONE', *, *, #3777, .F. ) ;
#42 = DIRECTION ( 'NONE',  ( 1.644517855226007998E-15, -1.000000000000000000, -2.890435660536363919E-30 ) ) ;
#43 = ORIENTED_EDGE ( 'NONE', *, *, #5025, .T. ) ;
#44 = DIRECTION ( 'NONE',  ( 1.000000000000000000, 1.644517855226007801E-15, -1.748601263784621748E-15 ) ) ;
#45 = VERTEX_POINT ( 'NONE', #5234 ) ;
#46 = VECTOR ( 'NONE', #7939, 1000.000000000000000 ) ;
#47 = VECTOR ( 'NONE', #6879, 1000.000000000000114 ) ;
#48 = FACE_OUTER_BOUND ( 'NONE', #5662, .T. ) ;
#49 = VECTOR ( 'NONE', #7531, 1000.000000000000000 ) ;
#50 =( GEOMETRIC_REPRESENTATION_CONTEXT ( 3 ) GLOBAL_UNCERTAINTY_ASSIGNED_CONTEXT ( ( #7358 ) ) GLOBAL_UNIT_ASSIGNED_CONTEXT ( ( #921, #3998, #2819 ) ) REPRESENTATION_CONTEXT ( 'NONE', 'WORKASPACE' ) );
#51 = CARTESIAN_POINT ( 'NONE',  ( 0.6000000000000154099, 8.200000000000009948, 5.304444445000055630 ) ) ;
#52 = FILL_AREA_STYLE_COLOUR ( '', #2443 ) ;
#53 = SURFACE_STYLE_FILL_AREA ( #6186 ) ;
#54 = APPLICATION_PROTOCOL_DEFINITION ( 'draft international standard', 'automotive_design', 1998, #4244 ) ;
#55 = LINE ( 'NONE', #6750, #1596 ) ;
#56 = ORIENTED_EDGE ( 'NONE', *, *, #5465, .T. ) ;
#57 = EDGE_CURVE ( 'NONE', #5725, #3296, #3348, .T. ) ;
#58 = PLANE ( 'NONE',  #4887 ) ;
#59 = STYLED_ITEM ( 'NONE', ( #4378 ), #7624 ) ;
#60 = VECTOR ( 'NONE', #5119, 1000.000000000000000 ) ;
#61 = ADVANCED_FACE ( 'NONE', ( #6522 ), #7042, .T. ) ;
#62 = EDGE_LOOP ( 'NONE', ( #556, #5174, #4064, #2719 ) ) ;
#63 = VERTEX_POINT ( 'NONE', #4639 ) ;
#64 = VECTOR ( 'NONE', #6905, 1000.000000000000000 ) ;
#65 = PLANE ( 'NONE',  #6739 ) ;
#66 = ORIENTED_EDGE ( 'NONE', *, *, #635, .F. ) ;
#67 = AXIS2_PLACEMENT_3D ( 'NONE', #6141, #7512, #1831 ) ;
#68 = COLOUR_RGB ( '',1.000000000000000000, 1.000000000000000000, 1.000000000000000000 ) ;
#69 = FACE_OUTER_BOUND ( 'NONE', #7938, .T. ) ;
#70 = CARTESIAN_POINT ( 'NONE',  ( 1.500000000000018652, 8.109625349781611092, 6.315000000000053682 ) ) ;
#71 = CARTESIAN_POINT ( 'NONE',  ( 1.500000000000004885, 4.200000000000010836, -4.649999999999945288 ) ) ;
#72 = DIRECTION ( 'NONE',  ( 1.644517855226007998E-15, -1.000000000000000000, -2.890435660536363919E-30 ) ) ;
#73 = ADVANCED_FACE ( 'NONE', ( #1520 ), #1209, .T. ) ;
#74 = VECTOR ( 'NONE', #1160, 1000.000000000000000 ) ;
#75 = ORIENTED_EDGE ( 'NONE', *, *, #7566, .T. ) ;
#76 = DIRECTION ( 'NONE',  ( -1.000000000000000000, -1.644517855226007998E-15, 1.748601263784621946E-15 ) ) ;
#77 = LINE ( 'NONE', #2597, #6829 ) ;
#78 = DIRECTION ( 'NONE',  ( 1.748601263784621946E-15, 0.0000000000000000000, 1.000000000000000000 ) ) ;
#79 = DIRECTION ( 'NONE',  ( 0.0000000000000000000, -0.7142857142856899877, -0.6998542122237899621 ) ) ;
#80 = ORIENTED_EDGE ( 'NONE', *, *, #5325, .F. ) ;
#81 = SURFACE_SIDE_STYLE ('',( #5047 ) ) ;
#82 = ORIENTED_EDGE ( 'NONE', *, *, #3530, .F. ) ;
#83 = ADVANCED_FACE ( 'NONE', ( #1558 ), #326, .F. ) ;
#84 = ORIENTED_EDGE ( 'NONE', *, *, #633, .F. ) ;
#85 = ORIENTED_EDGE ( 'NONE', *, *, #7391, .F. ) ;
#86 = LINE ( 'NONE', #822, #6821 ) ;
#87 = CARTESIAN_POINT ( 'NONE',  ( 11.00000000000001599, 7.650000000000026112, 6.350000000000036948 ) ) ;
#88 = CARTESIAN_POINT ( 'NONE',  ( 1.800000000000011591, 4.200000000000010836, -0.9499999999999456657 ) ) ;
#89 = ORIENTED_EDGE ( 'NONE', *, *, #2153, .T. ) ;
#90 = CARTESIAN_POINT ( 'NONE',  ( 1.499999999999999556, 8.200000000000009948, -3.684999999999946318 ) ) ;
#91 = VERTEX_POINT ( 'NONE', #7572 ) ;
#92 = VECTOR ( 'NONE', #6434, 1000.000000000000000 ) ;
#93 = DIRECTION ( 'NONE',  ( 1.748601263784621748E-15, 0.0000000000000000000, 1.000000000000000000 ) ) ;
#94 = CARTESIAN_POINT ( 'NONE',  ( 1.300000000000009592, 5.400000000000011013, -0.7499999999999451550 ) ) ;
#95 = CARTESIAN_POINT ( 'NONE',  ( 2.399999999999982148, 5.400000000000012790, -16.64999999999994529 ) ) ;
#96 = FACE_OUTER_BOUND ( 'NONE', #1491, .T. ) ;
#97 = DIRECTION ( 'NONE',  ( 0.9486832980505233159, 1.560126622598782925E-15, -0.3162277660168096305 ) ) ;
#98 = CARTESIAN_POINT ( 'NONE',  ( 0.7000000000000234923, 7.100000000000009415, 8.350000000000054712 ) ) ;
#99 = ORIENTED_EDGE ( 'NONE', *, *, #2969, .T. ) ;
#100 = LINE ( 'NONE', #1837, #2147 ) ;
#101 = ORIENTED_EDGE ( 'NONE', *, *, #3445, .T. ) ;
#102 = UNCERTAINTY_MEASURE_WITH_UNIT (LENGTH_MEASURE( 1.000000000000000082E-05 ), #4115, 'distance_accuracy_value', 'NONE');
#103 = EDGE_CURVE ( 'NONE', #1763, #1138, #5279, .T. ) ;
#104 = CARTESIAN_POINT ( 'NONE',  ( 2.400000000000025224, 5.400000000000012790, 7.971320343560052812 ) ) ;
#105 = DIRECTION ( 'NONE',  ( 1.748601263784621748E-15, 0.0000000000000000000, 1.000000000000000000 ) ) ;
#106 = ADVANCED_FACE ( 'NONE', ( #6041 ), #993, .F. ) ;
#107 = CARTESIAN_POINT ( 'NONE',  ( 2.400000000000004352, 8.200000000000011724, -0.4374393189579464103 ) ) ;
#108 = PRESENTATION_LAYER_ASSIGNMENT (  '', '', ( #2620 ) ) ;
#109 = CARTESIAN_POINT ( 'NONE',  ( 0.5000000000000125455, 0.7500000000000093259, -3.649999999999944844 ) ) ;
#110 = DIRECTION ( 'NONE',  ( 1.927470528863119344E-15, 0.0000000000000000000, 1.000000000000000000 ) ) ;
#111 = ORIENTED_EDGE ( 'NONE', *, *, #6117, .F. ) ;
#112 = UNCERTAINTY_MEASURE_WITH_UNIT (LENGTH_MEASURE( 1.000000000000000082E-05 ), #6567, 'distance_accuracy_value', 'NONE');
#113 = DIRECTION ( 'NONE',  ( -0.9428090415820753467, 0.2357022603954918305, -0.2357022603954917472 ) ) ;
#114 = ADVANCED_FACE ( 'NONE', ( #7204 ), #3540, .T. ) ;
#115 = CARTESIAN_POINT ( 'NONE',  ( 0.5000000000000108802, 6.844714285714308843, 1.350000000000055156 ) ) ;
#116 = DIRECTION ( 'NONE',  ( 1.000000000000000000, 1.644517855226007998E-15, -1.748601263784621946E-15 ) ) ;
#117 = ORIENTED_EDGE ( 'NONE', *, *, #4965, .F. ) ;
#118 = DIRECTION ( 'NONE',  ( 1.748601263784621946E-15, 0.0000000000000000000, 1.000000000000000000 ) ) ;
#119 = EDGE_CURVE ( 'NONE', #702, #4434, #28, .T. ) ;
#120 = PRESENTATION_STYLE_ASSIGNMENT (( #744 ) ) ;
#121 = VERTEX_POINT ( 'NONE', #399 ) ;
#122 = ORIENTED_EDGE ( 'NONE', *, *, #7575, .T. ) ;
#123 = ORIENTED_EDGE ( 'NONE', *, *, #7471, .F. ) ;
#124 = CARTESIAN_POINT ( 'NONE',  ( -0.9999999999999800160, 3.750000000000006217, 8.350000000000054712 ) ) ;
#125 = SURFACE_STYLE_USAGE ( .BOTH. , #749 ) ;
#126 = EDGE_CURVE ( 'NONE', #4744, #4733, #7928, .T. ) ;
#127 = DIRECTION ( 'NONE',  ( 1.748601263784621946E-15, 0.0000000000000000000, 1.000000000000000000 ) ) ;
#128 = ORIENTED_EDGE ( 'NONE', *, *, #2734, .F. ) ;
#129 = CARTESIAN_POINT ( 'NONE',  ( 1.800000000000018696, 6.844714285714310620, 5.385000000000053966 ) ) ;
#130 = VERTEX_POINT ( 'NONE', #2847 ) ;
#131 = FACE_OUTER_BOUND ( 'NONE', #8008, .T. ) ;
#132 = B_SPLINE_CURVE_WITH_KNOTS ( 'NONE', 3,
 ( #3341, #4602, #2686, #2040 ),
 .UNSPECIFIED., .F., .F.,
 ( 4, 4 ),
 ( 0.0000000000000000000, 1.000000000000000000 ),
 .UNSPECIFIED. ) ;
#133 = DIRECTION ( 'NONE',  ( -1.748601263784621748E-15, 0.0000000000000000000, -1.000000000000000000 ) ) ;
#134 = CARTESIAN_POINT ( 'NONE',  ( 11.00000000000001421, 5.200000000000025935, 3.054540768505037196 ) ) ;
#135 = CARTESIAN_POINT ( 'NONE',  ( 1.800000000000001155, 6.844714285714310620, -4.614999999999946034 ) ) ;
#136 = ORIENTED_EDGE ( 'NONE', *, *, #6021, .T. ) ;
#137 = DIRECTION ( 'NONE',  ( 0.6000000000000014211, 9.867107131356048382E-16, 0.7999999999999990452 ) ) ;
#138 = FILL_AREA_STYLE ('',( #885 ) ) ;
#139 = CARTESIAN_POINT ( 'NONE',  ( 2.400000000000013234, 8.200000000000011724, 4.562560681042053368 ) ) ;
#140 = FACE_OUTER_BOUND ( 'NONE', #7289, .T. ) ;
#141 = AXIS2_PLACEMENT_3D ( 'NONE', #7708, #2745, #5903 ) ;
#142 = DIRECTION ( 'NONE',  ( -2.022962590123419228E-15, 0.9697997732720541331, -0.2439024390232135409 ) ) ;
#143 = B_SPLINE_CURVE_WITH_KNOTS ( 'NONE', 3,
 ( #7677, #199, #7004, #7563, #5872 ),
 .UNSPECIFIED., .F., .F.,
 ( 4, 1, 4 ),
 ( 0.0000000000000000000, 0.5000000000000000000, 1.000000000000000000 ),
 .UNSPECIFIED. ) ;
#144 = LINE ( 'NONE', #3888, #697 ) ;
#145 = VERTEX_POINT ( 'NONE', #2918 ) ;
#146 = CARTESIAN_POINT ( 'NONE',  ( -0.1999999927999873695, 4.200000000000007283, 0.2600000054000586869 ) ) ;
#147 = ORIENTED_EDGE ( 'NONE', *, *, #270, .T. ) ;
#148 = EDGE_CURVE ( 'NONE', #3856, #3922, #444, .T. ) ;
#149 = AXIS2_PLACEMENT_3D ( 'NONE', #4816, #7751, #6017 ) ;
#150 = CARTESIAN_POINT ( 'NONE',  ( 1.400000000000014122, 10.60000000000000853, 6.350000000000053824 ) ) ;
#151 = CARTESIAN_POINT ( 'NONE',  ( 7.999999999999988454, 11.55000000000002025, -6.649999999999956835 ) ) ;
#152 = ORIENTED_EDGE ( 'NONE', *, *, #2444, .F. ) ;
#153 = CARTESIAN_POINT ( 'NONE',  ( 8.000000000000012434, 12.25000000000001954, 8.350000000000054712 ) ) ;
#154 = FACE_OUTER_BOUND ( 'NONE', #6565, .T. ) ;
#155 = ORIENTED_EDGE ( 'NONE', *, *, #6935, .T. ) ;
#156 = CIRCLE ( 'NONE', #4745, 1.299999999999999378 ) ;
#157 =( GEOMETRIC_REPRESENTATION_CONTEXT ( 3 ) GLOBAL_UNCERTAINTY_ASSIGNED_CONTEXT ( ( #1680 ) ) GLOBAL_UNIT_ASSIGNED_CONTEXT ( ( #1435, #821, #5805 ) ) REPRESENTATION_CONTEXT ( 'NONE', 'WORKASPACE' ) );
#158 = EDGE_CURVE ( 'NONE', #3207, #159, #4874, .T. ) ;
#159 = VERTEX_POINT ( 'NONE', #4802 ) ;
#160 = EDGE_CURVE ( 'NONE', #7374, #567, #2229, .T. ) ;
#161 = FILL_AREA_STYLE_COLOUR ( '', #4486 ) ;
#162 = DIRECTION ( 'NONE',  ( 1.748601263784621946E-15, 0.0000000000000000000, 1.000000000000000000 ) ) ;
#163 = VECTOR ( 'NONE', #1514, 1000.000000000000114 ) ;
#164 = VECTOR ( 'NONE', #6055, 1000.000000000000000 ) ;
#165 = DIRECTION ( 'NONE',  ( 1.748601263784621946E-15, 0.0000000000000000000, 1.000000000000000000 ) ) ;
#166 = DIRECTION ( 'NONE',  ( -1.644517855226008195E-15, 1.000000000000000000, 2.890435660536364269E-30 ) ) ;
#167 = ORIENTED_EDGE ( 'NONE', *, *, #6156, .T. ) ;
#168 = FACE_OUTER_BOUND ( 'NONE', #2595, .T. ) ;
#169 = VERTEX_POINT ( 'NONE', #5480 ) ;
#170 = ADVANCED_FACE ( 'NONE', ( #2964 ), #6679, .T. ) ;
#171 = VECTOR ( 'NONE', #1705, 1000.000000000000000 ) ;
#172 = AXIS2_PLACEMENT_3D ( 'NONE', #2465, #4370, #2540 ) ;
#173 = EDGE_CURVE ( 'NONE', #5110, #3046, #4496, .T. ) ;
#174 = DIRECTION ( 'NONE',  ( 0.9883716976506222718, -0.1520571842539073237, -1.728267999600830212E-15 ) ) ;
#175 = LINE ( 'NONE', #5850, #723 ) ;
#176 = CARTESIAN_POINT ( 'NONE',  ( 2.400000000000009681, 5.400000000000012790, -0.5499999999999463096 ) ) ;
#177 = AXIS2_PLACEMENT_3D ( 'NONE', #1131, #5533, #7984 ) ;
#178 = FACE_OUTER_BOUND ( 'NONE', #7097, .T. ) ;
#179 = ORIENTED_EDGE ( 'NONE', *, *, #3210, .F. ) ;
#180 = CARTESIAN_POINT ( 'NONE',  ( -0.1999999993500031215, 8.599999999630806968, -4.739999997784941854 ) ) ;
#181 = ADVANCED_FACE ( 'NONE', ( #4992 ), #7404, .F. ) ;
#182 = AXIS2_PLACEMENT_3D ( 'NONE', #2242, #1007, #7747 ) ;
#183 = VECTOR ( 'NONE', #7281, 1000.000000000000000 ) ;
#184 = UNCERTAINTY_MEASURE_WITH_UNIT (LENGTH_MEASURE( 1.000000000000000082E-05 ), #6443, 'distance_accuracy_value', 'NONE');
#185 = ORIENTED_EDGE ( 'NONE', *, *, #3441, .T. ) ;
#186 = CARTESIAN_POINT ( 'NONE',  ( 0.5000000000000125455, -0.2499999999999906741, -3.649999999999944844 ) ) ;
#187 = CARTESIAN_POINT ( 'NONE',  ( 11.00000000000001599, 7.650000000000026112, 6.315000000000037694 ) ) ;
#188 = LINE ( 'NONE', #2711, #5125 ) ;
#189 = CIRCLE ( 'NONE', #7359, 3.149999999999999467 ) ;
#190 = AXIS2_PLACEMENT_3D ( 'NONE', #4958, #447, #7893 ) ;
#191 =( GEOMETRIC_REPRESENTATION_CONTEXT ( 3 ) GLOBAL_UNCERTAINTY_ASSIGNED_CONTEXT ( ( #5504 ) ) GLOBAL_UNIT_ASSIGNED_CONTEXT ( ( #515, #2417, #1173 ) ) REPRESENTATION_CONTEXT ( 'NONE', 'WORKASPACE' ) );
#192 = CARTESIAN_POINT ( 'NONE',  ( 0.1000000000000132727, 10.60000000000000675, 6.350000000000056488 ) ) ;
#193 = LINE ( 'NONE', #5194, #7714 ) ;
#194 = ORIENTED_EDGE ( 'NONE', *, *, #2543, .F. ) ;
#195 = PRESENTATION_LAYER_ASSIGNMENT (  '', '', ( #4253 ) ) ;
#196 = VECTOR ( 'NONE', #1008, 1000.000000000000000 ) ;
#197 = AXIS2_PLACEMENT_3D ( 'NONE', #3203, #1936, #6324 ) ;
#198 = PRESENTATION_STYLE_ASSIGNMENT (( #313 ) ) ;
#199 = CARTESIAN_POINT ( 'NONE',  ( 9.909186366476014030, 5.367817482081024494, 2.984974229554038683 ) ) ;
#200 = VERTEX_POINT ( 'NONE', #6160 ) ;
#201 = FACE_OUTER_BOUND ( 'NONE', #1606, .T. ) ;
#202 = LINE ( 'NONE', #2880, #2022 ) ;
#203 = ORIENTED_EDGE ( 'NONE', *, *, #2983, .T. ) ;
#204 =( GEOMETRIC_REPRESENTATION_CONTEXT ( 3 ) GLOBAL_UNCERTAINTY_ASSIGNED_CONTEXT ( ( #4205 ) ) GLOBAL_UNIT_ASSIGNED_CONTEXT ( ( #329, #7735, #1652 ) ) REPRESENTATION_CONTEXT ( 'NONE', 'WORKASPACE' ) );
#205 = VECTOR ( 'NONE', #778, 1000.000000000000000 ) ;
#206 = ORIENTED_EDGE ( 'NONE', *, *, #5998, .F. ) ;
#207 = DIRECTION ( 'NONE',  ( 0.0000000000000000000, -0.7142857142856899877, -0.6998542122237899621 ) ) ;
#208 = MECHANICAL_DESIGN_GEOMETRIC_PRESENTATION_REPRESENTATION (  '', ( #3753 ), #4407 ) ;
#209 = EDGE_CURVE ( 'NONE', #3085, #3914, #651, .T. ) ;
#210 = DIRECTION ( 'NONE',  ( -1.000000000000000000, -1.644517855226007998E-15, 1.748601263784621946E-15 ) ) ;
#211 = CARTESIAN_POINT ( 'NONE',  ( -0.5999999999999737765, 4.200000000000007283, 7.650000000000057199 ) ) ;
#212 = ORIENTED_EDGE ( 'NONE', *, *, #7976, .F. ) ;
#213 = CARTESIAN_POINT ( 'NONE',  ( 9.699999999999986855, 12.25000000000002309, -6.649999999999960387 ) ) ;
#214 = ADVANCED_FACE ( 'NONE', ( #2554 ), #6670, .T. ) ;
#215 = ORIENTED_EDGE ( 'NONE', *, *, #5510, .F. ) ;
#216 = LINE ( 'NONE', #6301, #703 ) ;
#217 = PLANE ( 'NONE',  #1781 ) ;
#218 = CARTESIAN_POINT ( 'NONE',  ( -0.5999999999999842126, 4.200000000000007283, 1.740000000000056612 ) ) ;
#219 = EDGE_CURVE ( 'NONE', #3722, #4017, #3078, .T. ) ;
#220 = ORIENTED_EDGE ( 'NONE', *, *, #6833, .F. ) ;
#221 = DIRECTION ( 'NONE',  ( 1.644517855226007998E-15, -1.000000000000000000, -2.890435660536363919E-30 ) ) ;
#222 = STYLED_ITEM ( 'NONE', ( #4551 ), #2487 ) ;
#223 = PLANE ( 'NONE',  #3478 ) ;
#224 = CARTESIAN_POINT ( 'NONE',  ( 2.400000000000015010, 5.400000000000012790, 2.250000000000051514 ) ) ;
#225 = CARTESIAN_POINT ( 'NONE',  ( -0.5999999999999842126, 4.200000000000007283, 1.740000000000056612 ) ) ;
#226 = DIRECTION ( 'NONE',  ( -1.000000000000000000, -1.644517855226007998E-15, 1.748601263784621946E-15 ) ) ;
#227 = EDGE_CURVE ( 'NONE', #3480, #145, #5630, .T. ) ;
#228 = VERTEX_POINT ( 'NONE', #2596 ) ;
#229 = DIRECTION ( 'NONE',  ( -1.000000000000000000, -1.644517855226007801E-15, 1.748601263784621748E-15 ) ) ;
#230 = PLANE ( 'NONE',  #3960 ) ;
#231 = CARTESIAN_POINT ( 'NONE',  ( 0.7400000000000011013, 7.597309794603359201, -3.649999999999944844 ) ) ;
#232 = ORIENTED_EDGE ( 'NONE', *, *, #1840, .F. ) ;
#233 = SURFACE_SIDE_STYLE ('',( #4087 ) ) ;
#234 = LINE ( 'NONE', #2027, #1788 ) ;
#235 = ORIENTED_EDGE ( 'NONE', *, *, #7467, .F. ) ;
#236 = LINE ( 'NONE', #5229, #7855 ) ;
#237 = AXIS2_PLACEMENT_3D ( 'NONE', #3222, #1319, #2647 ) ;
#238 = DIRECTION ( 'NONE',  ( -1.748601263784621946E-15, 0.0000000000000000000, -1.000000000000000000 ) ) ;
#239 = EDGE_LOOP ( 'NONE', ( #5979, #5469, #5240, #2329 ) ) ;
#240 = ORIENTED_EDGE ( 'NONE', *, *, #7378, .T. ) ;
#241 = CARTESIAN_POINT ( 'NONE',  ( 9.700000000000006395, 12.25000000000002309, 5.150000000000039435 ) ) ;
#242 = CARTESIAN_POINT ( 'NONE',  ( 2.500000000000003997, 3.750000000000012434, -5.949999999999945999 ) ) ;
#243 = CARTESIAN_POINT ( 'NONE',  ( 7.999999999999970690, 11.55000000000002025, -16.64999999999995239 ) ) ;
#244 = CARTESIAN_POINT ( 'NONE',  ( 2.399999999999999467, 7.650000000000011902, -4.149999999999947953 ) ) ;
#245 = VERTEX_POINT ( 'NONE', #4426 ) ;
#246 = ORIENTED_EDGE ( 'NONE', *, *, #158, .F. ) ;
#247 = EDGE_CURVE ( 'NONE', #1405, #4773, #5560, .T. ) ;
#248 = VERTEX_POINT ( 'NONE', #615 ) ;
#249 = EDGE_CURVE ( 'NONE', #159, #6243, #3054, .T. ) ;
#250 = DIRECTION ( 'NONE',  ( -1.000000000000000000, -1.644517855226007998E-15, 1.748601263784621946E-15 ) ) ;
#251 = MECHANICAL_DESIGN_GEOMETRIC_PRESENTATION_REPRESENTATION (  '', ( #2620 ), #4700 ) ;
#252 = CARTESIAN_POINT ( 'NONE',  ( 3.950000000000017053, 7.144714285714313995, 5.350000000000050271 ) ) ;
#253 = CARTESIAN_POINT ( 'NONE',  ( 0.5000000000000022204, 6.844714285714308843, -3.649999999999944844 ) ) ;
#254 = DIRECTION ( 'NONE',  ( -1.748601263784621946E-15, 0.0000000000000000000, -1.000000000000000000 ) ) ;
#255 = VERTEX_POINT ( 'NONE', #6847 ) ;
#256 = LINE ( 'NONE', #5108, #3975 ) ;
#257 = SURFACE_STYLE_USAGE ( .BOTH. , #5824 ) ;
#258 = EDGE_CURVE ( 'NONE', #248, #6929, #1981, .T. ) ;
#259 = ORIENTED_EDGE ( 'NONE', *, *, #1175, .T. ) ;
#260 = LINE ( 'NONE', #2170, #4292 ) ;
#261 = PLANE ( 'NONE',  #7352 ) ;
#262 = CARTESIAN_POINT ( 'NONE',  ( 0.9357739704000043179, 8.199999999999709743, -0.6868666079169454264 ) ) ;
#263 = ORIENTED_EDGE ( 'NONE', *, *, #2203, .T. ) ;
#264 = DIRECTION ( 'NONE',  ( -1.748601263784621946E-15, 0.0000000000000000000, -1.000000000000000000 ) ) ;
#265 = DIRECTION ( 'NONE',  ( 1.748601263784671447E-15, -3.006094665601000160E-14, 1.000000000000000000 ) ) ;
#266 = EDGE_CURVE ( 'NONE', #941, #5095, #3732, .T. ) ;
#267 = DIRECTION ( 'NONE',  ( 1.000000000000000000, 1.644517855226007998E-15, -1.748601263784621946E-15 ) ) ;
#268 = ORIENTED_EDGE ( 'NONE', *, *, #665, .T. ) ;
#269 = EDGE_CURVE ( 'NONE', #5744, #1719, #6278, .T. ) ;
#270 = EDGE_CURVE ( 'NONE', #1438, #169, #693, .T. ) ;
#271 = DIRECTION ( 'NONE',  ( 1.644517855226008195E-15, -1.000000000000000000, -2.890435660536364269E-30 ) ) ;
#272 = CARTESIAN_POINT ( 'NONE',  ( 2.400000000000005240, 7.650000000000011902, -0.5499999999999478639 ) ) ;
#273 = ORIENTED_EDGE ( 'NONE', *, *, #2701, .F. ) ;
#274 = AXIS2_PLACEMENT_3D ( 'NONE', #1135, #7878, #3603 ) ;
#275 = CARTESIAN_POINT ( 'NONE',  ( -0.9999999999999991118, 10.75000000000000533, -0.9499999999999404476 ) ) ;
#276 = FACE_OUTER_BOUND ( 'NONE', #2113, .T. ) ;
#277 = EDGE_LOOP ( 'NONE', ( #6854, #5270, #5405, #6374, #1107, #624, #1969, #535, #6667, #3657, #4494, #3115, #1594 ) ) ;
#278 = LINE ( 'NONE', #7771, #3467 ) ;
#279 = CIRCLE ( 'NONE', #7561, 1.299999999999999378 ) ;
#280 = ORIENTED_EDGE ( 'NONE', *, *, #1417, .F. ) ;
#281 = EDGE_CURVE ( 'NONE', #7947, #5733, #3121, .T. ) ;
#282 = CARTESIAN_POINT ( 'NONE',  ( 1.500000000000009992, 8.109625349781611092, 1.340000000000053815 ) ) ;
#283 = DIRECTION ( 'NONE',  ( -1.644517855226008195E-15, 1.000000000000000000, 2.890435660536364269E-30 ) ) ;
#284 = DIRECTION ( 'NONE',  ( 1.000000000000000000, 1.644517855226007998E-15, -1.748601263784621946E-15 ) ) ;
#285 = VECTOR ( 'NONE', #631, 1000.000000000000000 ) ;
#286 = CLOSED_SHELL ( 'NONE', ( #4945, #516, #5699, #1620, #73, #3346, #7833, #862, #3198, #2585, #2350, #6604, #7343, #2123, #3770, #3129, #1415, #625, #6223, #3393, #480, #1488, #7020, #379, #7791, #3919, #3929, #6318, #3334, #7578, #7485, #7972, #973, #106, #181, #1734, #5973, #1230, #4789, #307, #5337, #4321, #763, #1793, #7616, #6292, #1561, #1934, #1023, #2001, #584, #6490, #1425, #1278, #506, #3823, #7398, #1034, #4026, #1137, #2487, #2742, #4331, #7874, #7963, #3193, #1527, #6072, #5468, #5710, #713, #4227, #1612, #170, #7630, #2775, #5754, #3263, #4872, #1748, #4825, #2787, #2530, #5554, #214, #6754, #3456, #5674, #6453, #6495, #2280, #6850, #2377, #2726, #5169, #7287, #4047, #2862, #1454, #6878, #1031, #6304, #3008, #3788, #2247, #7419, #4164, #5360, #3605, #7824, #7532, #4524, #4598, #7239, #431, #7418, #2342, #2347, #3630, #7179, #1205, #2223, #4968, #6947, #4168, #5774, #783, #4022, #4559, #4540, #4646, #61, #7386, #3727, #5722, #5963, #4177, #4424, #1570, #5905, #4821, #4862, #1078, #5410, #7143, #6107, #114, #3139, #3240, #5233, #4725, #5275, #5455, #3671, #1990, #6076, #3433, #1583, #6051, #1372, #573, #3542, #19, #3401, #1633, #4339, #7175, #355, #5818, #2692, #964, #5257, #660, #359, #4591, #2677, #1395, #6888, #562, #6840, #2056, #6954, #5364, #1360, #6046, #5505, #2732, #7624, #1183, #6300, #7120, #3869, #2000, #6219, #737, #5084, #4069, #7072, #4582, #714, #4937, #83, #962, #5423, #7773, #6503, #7985, #6449, #7749, #2837, #6406, #4172, #4141, #4974, #4286, #1210, #2894, #1715, #1607, #3677, #6332, #3797, #4016, #6797, #459, #5672, #1066, #3553, #1507 ) ) ;
#287 = VERTEX_POINT ( 'NONE', #5591 ) ;
#288 = DIRECTION ( 'NONE',  ( 1.748601263784621946E-15, 0.0000000000000000000, 1.000000000000000000 ) ) ;
#289 = ORIENTED_EDGE ( 'NONE', *, *, #4181, .T. ) ;
#290 = EDGE_CURVE ( 'NONE', #2355, #986, #1895, .T. ) ;
#291 = ORIENTED_EDGE ( 'NONE', *, *, #1943, .F. ) ;
#292 = VECTOR ( 'NONE', #2602, 1000.000000000000000 ) ;
#293 = VECTOR ( 'NONE', #6211, 1000.000000000000000 ) ;
#294 = CARTESIAN_POINT ( 'NONE',  ( 1.800000000000001155, 6.844714285714310620, -4.639999999999947278 ) ) ;
#295 = CARTESIAN_POINT ( 'NONE',  ( 1.800000000000008260, 4.200000000000010836, -2.349999999999946798 ) ) ;
#296 = CARTESIAN_POINT ( 'NONE',  ( 0.9356642613500085748, 8.199999999991309352, 2.386924819241054596 ) ) ;
#297 = LINE ( 'NONE', #2816, #4607 ) ;
#298 = ORIENTED_EDGE ( 'NONE', *, *, #5954, .F. ) ;
#299 = AXIS2_PLACEMENT_3D ( 'NONE', #3250, #3887, #7525 ) ;
#300 = VECTOR ( 'NONE', #478, 1000.000000000000000 ) ;
#301 = LINE ( 'NONE', #2939, #3466 ) ;
#302 = ORIENTED_EDGE ( 'NONE', *, *, #2255, .F. ) ;
#303 = CARTESIAN_POINT ( 'NONE',  ( 9.800000000000016698, 7.394714285714323765, 6.100000000000038725 ) ) ;
#304 = EDGE_CURVE ( 'NONE', #4368, #2429, #1812, .T. ) ;
#305 = SURFACE_STYLE_FILL_AREA ( #848 ) ;
#306 = ORIENTED_EDGE ( 'NONE', *, *, #4679, .F. ) ;
#307 = ADVANCED_FACE ( 'NONE', ( #568 ), #1184, .F. ) ;
#308 = LINE ( 'NONE', #2832, #566 ) ;
#309 = VECTOR ( 'NONE', #2860, 1000.000000000000000 ) ;
#310 = PRESENTATION_LAYER_ASSIGNMENT (  '', '', ( #7070 ) ) ;
#311 = CARTESIAN_POINT ( 'NONE',  ( 0.09999999999999072131, 10.60000000000000675, -6.649999999999943512 ) ) ;
#312 = ORIENTED_EDGE ( 'NONE', *, *, #2255, .T. ) ;
#313 = SURFACE_STYLE_USAGE ( .BOTH. , #233 ) ;
#314 = DIRECTION ( 'NONE',  ( -1.644517855226008195E-15, 1.000000000000000000, 2.890435660536364269E-30 ) ) ;
#315 = VERTEX_POINT ( 'NONE', #5715 ) ;
#316 = VECTOR ( 'NONE', #905, 1000.000000000000000 ) ;
#317 = AXIS2_PLACEMENT_3D ( 'NONE', #4329, #6908, #725 ) ;
#318 =( NAMED_UNIT ( * ) PLANE_ANGLE_UNIT ( ) SI_UNIT ( $, .RADIAN. ) );
#319 = LINE ( 'NONE', #2842, #7439 ) ;
#320 = EDGE_CURVE ( 'NONE', #2122, #4726, #1393, .T. ) ;
#321 = EDGE_LOOP ( 'NONE', ( #1481, #3821, #7942, #5813, #517, #7061 ) ) ;
#322 = CARTESIAN_POINT ( 'NONE',  ( 0.5000000000000195399, 0.7500000000000093259, 0.3500000000000568767 ) ) ;
#323 = VECTOR ( 'NONE', #5863, 1000.000000000000000 ) ;
#324 = CIRCLE ( 'NONE', #4256, 1.299999999999999822 ) ;
#325 = ORIENTED_EDGE ( 'NONE', *, *, #4239, .F. ) ;
#326 = PLANE ( 'NONE',  #4746 ) ;
#327 = LINE ( 'NONE', #7043, #2955 ) ;
#328 = CARTESIAN_POINT ( 'NONE',  ( 0.09999999999999419076, 8.200000000000008171, -6.649999999999943512 ) ) ;
#329 =( LENGTH_UNIT ( ) NAMED_UNIT ( * ) SI_UNIT ( .MILLI., .METRE. ) );
#331 = DIRECTION ( 'NONE',  ( 1.892425610156517368E-15, 0.0000000000000000000, 1.000000000000000000 ) ) ;
#330 = VECTOR ( 'NONE', #7268, 1000.000000000000000 ) ;
#332 = VECTOR ( 'NONE', #6174, 1000.000000000000000 ) ;
#333 = PRESENTATION_LAYER_ASSIGNMENT (  '', '', ( #4263 ) ) ;
#334 = ORIENTED_EDGE ( 'NONE', *, *, #2357, .F. ) ;
#335 = CARTESIAN_POINT ( 'NONE',  ( 0.5999999999999980904, 8.200000000000009948, -4.695555554999945258 ) ) ;
#336 = EDGE_CURVE ( 'NONE', #1295, #1375, #3255, .T. ) ;
#337 = ORIENTED_EDGE ( 'NONE', *, *, #4417, .T. ) ;
#338 = PLANE ( 'NONE',  #1090 ) ;
#339 = ORIENTED_EDGE ( 'NONE', *, *, #3724, .T. ) ;
#340 = VECTOR ( 'NONE', #118, 1000.000000000000000 ) ;
#341 = FACE_OUTER_BOUND ( 'NONE', #7538, .T. ) ;
#342 = DIRECTION ( 'NONE',  ( -1.748601263784621946E-15, 0.0000000000000000000, -1.000000000000000000 ) ) ;
#343 = LINE ( 'NONE', #2863, #2237 ) ;
#344 = LINE ( 'NONE', #2933, #3697 ) ;
#345 = VERTEX_POINT ( 'NONE', #7560 ) ;
#346 = SURFACE_SIDE_STYLE ('',( #5946 ) ) ;
#347 = PLANE ( 'NONE',  #967 ) ;
#348 = ORIENTED_EDGE ( 'NONE', *, *, #4377, .F. ) ;
#349 = DIRECTION ( 'NONE',  ( -0.9428090415820737924, -0.2357022603954949391, 0.2357022603954950224 ) ) ;
#350 = LINE ( 'NONE', #7793, #4784 ) ;
#351 = DIRECTION ( 'NONE',  ( 0.0000000000000000000, -0.6949152542373066010, -0.7190916418846066138 ) ) ;
#352 = EDGE_LOOP ( 'NONE', ( #2207, #2501, #2078, #3639 ) ) ;
#353 = CARTESIAN_POINT ( 'NONE',  ( 0.6205608656263413847, 9.369703792101088169, -3.650000000000890310 ) ) ;
#354 = CARTESIAN_POINT ( 'NONE',  ( 0.1000000000000080685, 7.650000000000007461, 0.8500000000000556000 ) ) ;
#355 = ADVANCED_FACE ( 'NONE', ( #2025 ), #4108, .T. ) ;
#356 = ORIENTED_EDGE ( 'NONE', *, *, #158, .T. ) ;
#357 = MECHANICAL_DESIGN_GEOMETRIC_PRESENTATION_REPRESENTATION (  '', ( #5577 ), #1674 ) ;
#358 = CARTESIAN_POINT ( 'NONE',  ( 0.7250000000000190736, 6.200000000000009059, 5.335000000000055920 ) ) ;
#359 = ADVANCED_FACE ( 'NONE', ( #3549 ), #1608, .F. ) ;
#360 = DIRECTION ( 'NONE',  ( -1.000000000000000000, -1.644517855226007998E-15, 1.748601263784621946E-15 ) ) ;
#361 = ORIENTED_EDGE ( 'NONE', *, *, #3581, .F. ) ;
#362 = CYLINDRICAL_SURFACE ( 'NONE', #6192, 0.9999999999999991118 ) ;
#363 = DIRECTION ( 'NONE',  ( -1.748601263784621946E-15, 0.0000000000000000000, -1.000000000000000000 ) ) ;
#364 = ORIENTED_EDGE ( 'NONE', *, *, #4616, .F. ) ;
#365 = SURFACE_STYLE_USAGE ( .BOTH. , #2226 ) ;
#366 = ORIENTED_EDGE ( 'NONE', *, *, #7911, .F. ) ;
#367 = PRESENTATION_STYLE_ASSIGNMENT (( #4097 ) ) ;
#368 = EDGE_CURVE ( 'NONE', #2392, #7503, #412, .T. ) ;
#369 = SURFACE_SIDE_STYLE ('',( #6093 ) ) ;
#370 = CARTESIAN_POINT ( 'NONE',  ( 1.499999999999999556, 8.200000000000009948, -3.684999999999946318 ) ) ;
#371 = DIRECTION ( 'NONE',  ( -1.644517855226008195E-15, 1.000000000000000000, 2.890435660536364269E-30 ) ) ;
#372 = SURFACE_SIDE_STYLE ('',( #4183 ) ) ;
#373 = ORIENTED_EDGE ( 'NONE', *, *, #6597, .F. ) ;
#374 = FACE_OUTER_BOUND ( 'NONE', #1704, .T. ) ;
#375 = ORIENTED_EDGE ( 'NONE', *, *, #6660, .F. ) ;
#376 =( NAMED_UNIT ( * ) PLANE_ANGLE_UNIT ( ) SI_UNIT ( $, .RADIAN. ) );
#377 = EDGE_LOOP ( 'NONE', ( #4090, #3646, #5231, #908 ) ) ;
#378 = DIRECTION ( 'NONE',  ( -1.644517855226008195E-15, 1.000000000000000000, 2.890435660536364269E-30 ) ) ;
#379 = ADVANCED_FACE ( 'NONE', ( #3513 ), #338, .T. ) ;
#380 = DIRECTION ( 'NONE',  ( -1.748601263784621946E-15, 0.0000000000000000000, -1.000000000000000000 ) ) ;
#381 = CARTESIAN_POINT ( 'NONE',  ( 0.6767953592099960058, 8.200000000000009948, -5.823734510677944343 ) ) ;
#382 = FILL_AREA_STYLE_COLOUR ( '', #410 ) ;
#383 = ORIENTED_EDGE ( 'NONE', *, *, #2482, .T. ) ;
#384 = CARTESIAN_POINT ( 'NONE',  ( 1.955294117647009999, 8.144714285714311330, 1.315000000000053015 ) ) ;
#385 = DIRECTION ( 'NONE',  ( 1.748601263784621946E-15, 0.0000000000000000000, 1.000000000000000000 ) ) ;
#386 = FACE_OUTER_BOUND ( 'NONE', #7778, .T. ) ;
#387 = CARTESIAN_POINT ( 'NONE',  ( 11.00000000000000888, 11.75000000000002487, 4.950000000000038369 ) ) ;
#388 = ORIENTED_EDGE ( 'NONE', *, *, #4300, .F. ) ;
#389 =( LENGTH_UNIT ( ) NAMED_UNIT ( * ) SI_UNIT ( .MILLI., .METRE. ) );
#390 = LINE ( 'NONE', #1056, #4519 ) ;
#391 = VERTEX_POINT ( 'NONE', #5365 ) ;
#392 = CARTESIAN_POINT ( 'NONE',  ( 0.1000000000000132727, 10.60000000000000675, 6.350000000000056488 ) ) ;
#393 = ORIENTED_EDGE ( 'NONE', *, *, #6275, .F. ) ;
#394 = PRESENTATION_STYLE_ASSIGNMENT (( #5318 ) ) ;
#395 = CARTESIAN_POINT ( 'NONE',  ( 9.909186366476006924, 5.367817482081024494, -2.015025770445961317 ) ) ;
#396 = CARTESIAN_POINT ( 'NONE',  ( 1.500000000000020428, 6.480000000000010196, 6.350000000000053824 ) ) ;
#397 = EDGE_CURVE ( 'NONE', #3188, #5078, #2927, .T. ) ;
#398 = EDGE_LOOP ( 'NONE', ( #3668, #600, #1234, #7627, #4647, #2504, #4605, #828, #1353, #6200 ) ) ;
#399 = CARTESIAN_POINT ( 'NONE',  ( 9.700000000000020606, 12.25000000000002132, 8.350000000000054712 ) ) ;
#400 = VECTOR ( 'NONE', #3059, 1000.000000000000227 ) ;
#401 = LINE ( 'NONE', #5235, #716 ) ;
#402 = FILL_AREA_STYLE ('',( #6608 ) ) ;
#403 = FILL_AREA_STYLE_COLOUR ( '', #2183 ) ;
#404 = DIRECTION ( 'NONE',  ( 1.748601263784621946E-15, 0.0000000000000000000, 1.000000000000000000 ) ) ;
#405 =( NAMED_UNIT ( * ) SI_UNIT ( $, .STERADIAN. ) SOLID_ANGLE_UNIT ( ) );
#406 = EDGE_CURVE ( 'NONE', #7535, #1158, #6579, .T. ) ;
#407 = ORIENTED_EDGE ( 'NONE', *, *, #5896, .F. ) ;
#408 = DIRECTION ( 'NONE',  ( -1.748601263784621748E-15, 1.482966057179082451E-32, -1.000000000000000000 ) ) ;
#409 = ORIENTED_EDGE ( 'NONE', *, *, #5908, .T. ) ;
#410 = COLOUR_RGB ( '',1.000000000000000000, 1.000000000000000000, 1.000000000000000000 ) ;
#411 = EDGE_CURVE ( 'NONE', #4807, #3636, #3007, .T. ) ;
#412 = LINE ( 'NONE', #2893, #7953 ) ;
#413 = VERTEX_POINT ( 'NONE', #1004 ) ;
#414 = CARTESIAN_POINT ( 'NONE',  ( 0.6999999999999992895, 8.200000000000009948, -3.609999999999944809 ) ) ;
#415 = VECTOR ( 'NONE', #5096, 1000.000000000000000 ) ;
#416 = CARTESIAN_POINT ( 'NONE',  ( 1.500000000000001332, 8.109625349781611092, -3.659999999999946407 ) ) ;
#417 = CARTESIAN_POINT ( 'NONE',  ( 1.500000000000013545, 0.7500000000000111022, -3.649999999999946620 ) ) ;
#418 = EDGE_CURVE ( 'NONE', #1604, #5242, #2276, .T. ) ;
#419 = LINE ( 'NONE', #5453, #6658 ) ;
#420 = ORIENTED_EDGE ( 'NONE', *, *, #6153, .F. ) ;
#421 = FACE_OUTER_BOUND ( 'NONE', #2840, .T. ) ;
#422 = EDGE_CURVE ( 'NONE', #1901, #287, #3021, .T. ) ;
#423 = DIRECTION ( 'NONE',  ( -1.644517855226008195E-15, 1.000000000000000000, 2.890435660536364269E-30 ) ) ;
#424 = AXIS2_PLACEMENT_3D ( 'NONE', #5324, #7250, #6125 ) ;
#425 = CARTESIAN_POINT ( 'NONE',  ( 11.00000000000000000, 5.200000000000025935, -6.354540768504962855 ) ) ;
#426 = CIRCLE ( 'NONE', #299, 1.299999999999999378 ) ;
#427 = VECTOR ( 'NONE', #3848, 1000.000000000000227 ) ;
#428 = CARTESIAN_POINT ( 'NONE',  ( -0.9999999999999817923, 3.750000000000006217, 2.650000000000057643 ) ) ;
#429 = CARTESIAN_POINT ( 'NONE',  ( 0.6767953592100133253, 8.200000000000009948, 4.176265489322056546 ) ) ;
#430 = ORIENTED_EDGE ( 'NONE', *, *, #2553, .T. ) ;
#431 = ADVANCED_FACE ( 'NONE', ( #7258 ), #7899, .T. ) ;
#432 = CARTESIAN_POINT ( 'NONE',  ( 3.175000000000005151, 7.650000000000012790, -0.5249999999999485079 ) ) ;
#433 = CARTESIAN_POINT ( 'NONE',  ( 1.800000000000001155, 8.144714285714311330, -3.649999999999946620 ) ) ;
#434 = CIRCLE ( 'NONE', #5017, 2.950000000000001510 ) ;
#435 = ORIENTED_EDGE ( 'NONE', *, *, #2428, .F. ) ;
#436 = CARTESIAN_POINT ( 'NONE',  ( 1.300000000000023359, 5.400000000000011013, 7.450000000000054357 ) ) ;
#437 = EDGE_LOOP ( 'NONE', ( #6880, #22, #7788, #2542, #6885, #7381 ) ) ;
#438 = LINE ( 'NONE', #3029, #4385 ) ;
#439 = VECTOR ( 'NONE', #1540, 1000.000000000000000 ) ;
#440 = VECTOR ( 'NONE', #5782, 1000.000000000000000 ) ;
#441 = LINE ( 'NONE', #2998, #7452 ) ;
#442 = CARTESIAN_POINT ( 'NONE',  ( 9.699999999999995737, 10.60000000000002274, -3.449999999999960210 ) ) ;
#443 = ORIENTED_EDGE ( 'NONE', *, *, #7664, .F. ) ;
#444 = LINE ( 'NONE', #4217, #4359 ) ;
#445 = AXIS2_PLACEMENT_3D ( 'NONE', #6615, #5243, #7694 ) ;
#446 = AXIS2_PLACEMENT_3D ( 'NONE', #4174, #1687, #8000 ) ;
#447 = DIRECTION ( 'NONE',  ( -1.748601263784621748E-15, 0.0000000000000000000, -1.000000000000000000 ) ) ;
#448 = CARTESIAN_POINT ( 'NONE',  ( 2.400000000000014122, 7.650000000000011902, 4.450000000000052580 ) ) ;
#449 = DIRECTION ( 'NONE',  ( 1.644517855226007998E-15, -1.000000000000000000, -2.890435660536363919E-30 ) ) ;
#450 = PLANE ( 'NONE',  #7036 ) ;
#451 = APPLICATION_PROTOCOL_DEFINITION ( 'draft international standard', 'automotive_design', 1998, #6981 ) ;
#452 = ORIENTED_EDGE ( 'NONE', *, *, #7140, .F. ) ;
#453 = CARTESIAN_POINT ( 'NONE',  ( 11.00000000000000000, 5.200000000000025935, -6.354540768504962855 ) ) ;
#454 = VECTOR ( 'NONE', #6548, 1000.000000000000000 ) ;
#455 = EDGE_LOOP ( 'NONE', ( #5530, #938, #7203, #1861 ) ) ;
#456 = AXIS2_PLACEMENT_3D ( 'NONE', #1848, #1185, #7929 ) ;
#457 = DIRECTION ( 'NONE',  ( -1.644517855226008195E-15, 1.000000000000000000, 2.890435660536364269E-30 ) ) ;
#458 = ORIENTED_EDGE ( 'NONE', *, *, #525, .F. ) ;
#459 = ADVANCED_FACE ( 'NONE', ( #7816 ), #496, .F. ) ;
#460 =( NAMED_UNIT ( * ) SI_UNIT ( $, .STERADIAN. ) SOLID_ANGLE_UNIT ( ) );
#461 = VECTOR ( 'NONE', #5425, 1000.000000000000000 ) ;
#462 = VECTOR ( 'NONE', #271, 1000.000000000000000 ) ;
#463 = COLOUR_RGB ( '',1.000000000000000000, 1.000000000000000000, 1.000000000000000000 ) ;
#464 = DIRECTION ( 'NONE',  ( -1.000000000000000000, -1.644517855226007801E-15, 1.748601263784621748E-15 ) ) ;
#465 = EDGE_CURVE ( 'NONE', #7318, #3027, #4727, .T. ) ;
#466 = DIRECTION ( 'NONE',  ( -1.764125568789973694E-15, 0.0000000000000000000, -1.000000000000000000 ) ) ;
#467 = CARTESIAN_POINT ( 'NONE',  ( 9.800000000000016698, 8.144714285714323765, 6.350000000000038725 ) ) ;
#468 = EDGE_LOOP ( 'NONE', ( #3504, #6170, #3217, #579 ) ) ;
#469 = LINE ( 'NONE', #1667, #7580 ) ;
#470 = DIRECTION ( 'NONE',  ( -1.000000000000000000, -1.644517855226007998E-15, 1.748601263784621946E-15 ) ) ;
#471 = AXIS2_PLACEMENT_3D ( 'NONE', #5926, #5841, #5284 ) ;
#472 = FACE_OUTER_BOUND ( 'NONE', #3680, .T. ) ;
#473 = EDGE_CURVE ( 'NONE', #91, #1363, #3405, .T. ) ;
#474 = DIRECTION ( 'NONE',  ( -1.748601263784621748E-15, 0.0000000000000000000, -1.000000000000000000 ) ) ;
#475 =( NAMED_UNIT ( * ) SI_UNIT ( $, .STERADIAN. ) SOLID_ANGLE_UNIT ( ) );
#476 = DIRECTION ( 'NONE',  ( -1.644517855226007998E-15, 1.000000000000000000, 2.875605999964573094E-30 ) ) ;
#477 = ORIENTED_EDGE ( 'NONE', *, *, #7547, .F. ) ;
#478 = DIRECTION ( 'NONE',  ( 1.644517855226008195E-15, -1.000000000000000000, -2.890435660536364269E-30 ) ) ;
#479 = ORIENTED_EDGE ( 'NONE', *, *, #1332, .T. ) ;
#480 = ADVANCED_FACE ( 'NONE', ( #6999 ), #230, .T. ) ;
#481 = EDGE_CURVE ( 'NONE', #2198, #4964, #3289, .T. ) ;
#482 = CARTESIAN_POINT ( 'NONE',  ( 1.399516249111574240, 9.386410128057342206, -4.649999999999946176 ) ) ;
#483 = ORIENTED_EDGE ( 'NONE', *, *, #1823, .F. ) ;
#484 = CARTESIAN_POINT ( 'NONE',  ( 9.699999999999995737, 10.60000000000002274, -3.449999999999960210 ) ) ;
#485 = DIRECTION ( 'NONE',  ( -1.748601263784621946E-15, 0.0000000000000000000, -1.000000000000000000 ) ) ;
#486 = VECTOR ( 'NONE', #385, 1000.000000000000000 ) ;
#487 = ORIENTED_EDGE ( 'NONE', *, *, #2925, .T. ) ;
#488 =( NAMED_UNIT ( * ) PLANE_ANGLE_UNIT ( ) SI_UNIT ( $, .RADIAN. ) );
#489 =( NAMED_UNIT ( * ) PLANE_ANGLE_UNIT ( ) SI_UNIT ( $, .RADIAN. ) );
#490 = CARTESIAN_POINT ( 'NONE',  ( 1.400000000000014122, 9.600000000000010303, 5.350000000000055600 ) ) ;
#491 = SURFACE_STYLE_USAGE ( .BOTH. , #5515 ) ;
#492 = CARTESIAN_POINT ( 'NONE',  ( 1.500000000000029088, 0.7500000000000111022, 5.350000000000055600 ) ) ;
#493 = EDGE_LOOP ( 'NONE', ( #3318, #6527, #1231, #7215 ) ) ;
#494 =( NAMED_UNIT ( * ) PLANE_ANGLE_UNIT ( ) SI_UNIT ( $, .RADIAN. ) );
#495 = ORIENTED_EDGE ( 'NONE', *, *, #1164, .F. ) ;
#496 = PLANE ( 'NONE',  #3325 ) ;
#497 = VERTEX_POINT ( 'NONE', #5867 ) ;
#498 = FACE_OUTER_BOUND ( 'NONE', #4929, .T. ) ;
#499 = PLANE ( 'NONE',  #2584 ) ;
#500 = CARTESIAN_POINT ( 'NONE',  ( 9.700000000000004619, 10.60000000000002274, 1.550000000000040012 ) ) ;
#501 = FILL_AREA_STYLE_COLOUR ( '', #5887 ) ;
#502 = AXIS2_PLACEMENT_3D ( 'NONE', #6698, #6103, #1790 ) ;
#503 = EDGE_LOOP ( 'NONE', ( #1122, #3169, #2364, #66 ) ) ;
#504 = EDGE_CURVE ( 'NONE', #7449, #2648, #7671, .T. ) ;
#505 = PLANE ( 'NONE',  #4764 ) ;
#506 = ADVANCED_FACE ( 'NONE', ( #2217 ), #5906, .T. ) ;
#507 = DIRECTION ( 'NONE',  ( 0.9838699100999038771, 1.617991634378899823E-15, -0.1788854382000027443 ) ) ;
#508 =( LENGTH_UNIT ( ) NAMED_UNIT ( * ) SI_UNIT ( .MILLI., .METRE. ) );
#509 = PLANE ( 'NONE',  #6622 ) ;
#510 = PLANE ( 'NONE',  #1384 ) ;
#511 = CARTESIAN_POINT ( 'NONE',  ( 10.34999999141859917, 7.450000000000024158, -4.149999999999962164 ) ) ;
#512 = ORIENTED_EDGE ( 'NONE', *, *, #4117, .T. ) ;
#513 = EDGE_CURVE ( 'NONE', #5768, #6705, #2785, .T. ) ;
#514 = DIRECTION ( 'NONE',  ( 1.000000000000000000, 1.644517855226007998E-15, -1.748601263784621748E-15 ) ) ;
#515 =( LENGTH_UNIT ( ) NAMED_UNIT ( * ) SI_UNIT ( .MILLI., .METRE. ) );
#516 = ADVANCED_FACE ( 'NONE', ( #807 ), #6676, .F. ) ;
#517 = ORIENTED_EDGE ( 'NONE', *, *, #3082, .T. ) ;
#518 = UNCERTAINTY_MEASURE_WITH_UNIT (LENGTH_MEASURE( 1.000000000000000082E-05 ), #2249, 'distance_accuracy_value', 'NONE');
#519 = ORIENTED_EDGE ( 'NONE', *, *, #2302, .F. ) ;
#520 = DIRECTION ( 'NONE',  ( 1.000000000000000000, 1.644517855226007998E-15, -1.748601263784621946E-15 ) ) ;
#521 = EDGE_CURVE ( 'NONE', #8016, #4807, #144, .T. ) ;
#522 = DIRECTION ( 'NONE',  ( -1.644517855226008195E-15, 1.000000000000000000, 2.890435660536364269E-30 ) ) ;
#523 = SURFACE_STYLE_FILL_AREA ( #4914 ) ;
#524 = EDGE_CURVE ( 'NONE', #7951, #4384, #2668, .T. ) ;
#525 = EDGE_CURVE ( 'NONE', #4156, #607, #2177, .T. ) ;
#526 = VERTEX_POINT ( 'NONE', #5152 ) ;
#527 = CARTESIAN_POINT ( 'NONE',  ( -0.9999999999999904521, 10.75000000000000533, 4.050000000000059330 ) ) ;
#528 = CARTESIAN_POINT ( 'NONE',  ( 1.500000000000015099, 4.200000000000010836, 1.350000000000053380 ) ) ;
#529 = LINE ( 'NONE', #5398, #6707 ) ;
#530 = ORIENTED_EDGE ( 'NONE', *, *, #5822, .F. ) ;
#531 = DIRECTION ( 'NONE',  ( -0.9984603535126307383, -1.641985879086793353E-15, 0.05547001409259343097 ) ) ;
#532 = DIRECTION ( 'NONE',  ( 1.644517855226007998E-15, -1.000000000000000000, -2.875605999964573094E-30 ) ) ;
#533 = VERTEX_POINT ( 'NONE', #1457 ) ;
#534 = CARTESIAN_POINT ( 'NONE',  ( 11.00000000000001066, 10.60000000000002629, 4.950000000000038369 ) ) ;
#535 = ORIENTED_EDGE ( 'NONE', *, *, #4365, .T. ) ;
#536 = EDGE_CURVE ( 'NONE', #1828, #3938, #308, .T. ) ;
#537 = ORIENTED_EDGE ( 'NONE', *, *, #4, .T. ) ;
#538 = EDGE_LOOP ( 'NONE', ( #4041, #5546, #784, #56 ) ) ;
#539 = ORIENTED_EDGE ( 'NONE', *, *, #891, .F. ) ;
#540 = FILL_AREA_STYLE_COLOUR ( '', #4771 ) ;
#541 = DIRECTION ( 'NONE',  ( -1.644517855226008195E-15, 1.000000000000000000, 2.890435660536364269E-30 ) ) ;
#542 = CARTESIAN_POINT ( 'NONE',  ( 11.00000000000000888, 7.450000000000025935, 0.8500000000000373923 ) ) ;
#543 =( GEOMETRIC_REPRESENTATION_CONTEXT ( 3 ) GLOBAL_UNCERTAINTY_ASSIGNED_CONTEXT ( ( #7994 ) ) GLOBAL_UNIT_ASSIGNED_CONTEXT ( ( #3365, #1422, #6509 ) ) REPRESENTATION_CONTEXT ( 'NONE', 'WORKASPACE' ) );
#544 = STYLED_ITEM ( 'NONE', ( #5613 ), #2732 ) ;
#545 =( NAMED_UNIT ( * ) SI_UNIT ( $, .STERADIAN. ) SOLID_ANGLE_UNIT ( ) );
#546 = ORIENTED_EDGE ( 'NONE', *, *, #4392, .F. ) ;
#547 = VECTOR ( 'NONE', #639, 1000.000000000000000 ) ;
#548 = LINE ( 'NONE', #1796, #3223 ) ;
#549 = DIRECTION ( 'NONE',  ( 0.1520571842539018281, 0.9883716976506232710, -2.658873845539038370E-16 ) ) ;
#550 = CARTESIAN_POINT ( 'NONE',  ( 11.00000000000001776, 3.750000000000026201, 3.350000000000036060 ) ) ;
#551 = DIRECTION ( 'NONE',  ( -1.748601263784621946E-15, 0.0000000000000000000, -1.000000000000000000 ) ) ;
#552 = VERTEX_POINT ( 'NONE', #2130 ) ;
#553 = VECTOR ( 'NONE', #3583, 1000.000000000000000 ) ;
#554 = PRESENTATION_LAYER_ASSIGNMENT (  '', '', ( #6540 ) ) ;
#555 = DIRECTION ( 'NONE',  ( -1.644517855226007998E-15, 1.000000000000000000, 2.890435660536363919E-30 ) ) ;
#556 = ORIENTED_EDGE ( 'NONE', *, *, #7391, .T. ) ;
#557 = AXIS2_PLACEMENT_3D ( 'NONE', #8034, #2510, #3073 ) ;
#558 = AXIS2_PLACEMENT_3D ( 'NONE', #7292, #1735, #1121 ) ;
#559 = EDGE_CURVE ( 'NONE', #5835, #910, #7600, .T. ) ;
#560 = VERTEX_POINT ( 'NONE', #7636 ) ;
#561 = CARTESIAN_POINT ( 'NONE',  ( 1.053312813816196458, 9.143302832419356818, 1.349794681610418046 ) ) ;
#562 = ADVANCED_FACE ( 'NONE', ( #4554 ), #1423, .T. ) ;
#563 = LINE ( 'NONE', #7887, #5780 ) ;
#564 = CARTESIAN_POINT ( 'NONE',  ( 1.399999999999998579, 8.960000000000009734, -4.643862328994943667 ) ) ;
#565 = AXIS2_PLACEMENT_3D ( 'NONE', #7776, #3828, #2850 ) ;
#566 = VECTOR ( 'NONE', #7712, 1000.000000000000000 ) ;
#567 = VERTEX_POINT ( 'NONE', #3323 ) ;
#568 = FACE_OUTER_BOUND ( 'NONE', #3780, .T. ) ;
#569 = PLANE ( 'NONE',  #1109 ) ;
#570 = DIRECTION ( 'NONE',  ( 1.748601263784621946E-15, 0.0000000000000000000, 1.000000000000000000 ) ) ;
#571 = VECTOR ( 'NONE', #174, 1000.000000000000114 ) ;
#572 = AXIS2_PLACEMENT_3D ( 'NONE', #2982, #3476, #6105 ) ;
#573 = ADVANCED_FACE ( 'NONE', ( #5787 ), #4589, .T. ) ;
#574 = VERTEX_POINT ( 'NONE', #4624 ) ;
#575 =( LENGTH_UNIT ( ) NAMED_UNIT ( * ) SI_UNIT ( .MILLI., .METRE. ) );
#576 = ORIENTED_EDGE ( 'NONE', *, *, #3640, .T. ) ;
#577 = VECTOR ( 'NONE', #4812, 1000.000000000000000 ) ;
#578 = AXIS2_PLACEMENT_3D ( 'NONE', #5868, #3442, #2070 ) ;
#579 = ORIENTED_EDGE ( 'NONE', *, *, #4720, .F. ) ;
#580 = EDGE_LOOP ( 'NONE', ( #273, #7856, #4350, #6737, #2552 ) ) ;
#581 = ORIENTED_EDGE ( 'NONE', *, *, #3387, .F. ) ;
#582 = CARTESIAN_POINT ( 'NONE',  ( 9.700000000000009948, 10.60000000000002274, 5.150000000000039435 ) ) ;
#583 = FILL_AREA_STYLE ('',( #3703 ) ) ;
#584 = ADVANCED_FACE ( 'NONE', ( #4006 ), #7112, .T. ) ;
#586 = LINE ( 'NONE', #2978, #1301 ) ;
#585 = AXIS2_PLACEMENT_3D ( 'NONE', #6924, #2640, #4390 ) ;
#587 = MECHANICAL_DESIGN_GEOMETRIC_PRESENTATION_REPRESENTATION (  '', ( #6194 ), #50 ) ;
#588 = VERTEX_POINT ( 'NONE', #7796 ) ;
#589 = DIRECTION ( 'NONE',  ( 0.2425356250363077670, 3.988541659006108938E-16, -0.9701425001453382047 ) ) ;
#590 = ORIENTED_EDGE ( 'NONE', *, *, #7950, .T. ) ;
#591 = DIRECTION ( 'NONE',  ( -1.644517855226007998E-15, 1.000000000000000000, 2.890435660536363919E-30 ) ) ;
#592 = CIRCLE ( 'NONE', #6582, 1.399999999999999467 ) ;
#593 = VECTOR ( 'NONE', #5981, 1000.000000000000000 ) ;
#594 = VECTOR ( 'NONE', #6571, 1000.000000000000000 ) ;
#595 = CARTESIAN_POINT ( 'NONE',  ( 1.300000000000023359, 5.400000000000011013, 7.450000000000054357 ) ) ;
#596 =( NAMED_UNIT ( * ) PLANE_ANGLE_UNIT ( ) SI_UNIT ( $, .RADIAN. ) );
#597 = CARTESIAN_POINT ( 'NONE',  ( -0.1999999927999787097, 4.200000000000007283, 5.260000005400058853 ) ) ;
#598 = CYLINDRICAL_SURFACE ( 'NONE', #3690, 1.399999999999999689 ) ;
#599 = VECTOR ( 'NONE', #97, 1000.000000000000000 ) ;
#600 = ORIENTED_EDGE ( 'NONE', *, *, #7813, .T. ) ;
#601 = PRESENTATION_LAYER_ASSIGNMENT (  '', '', ( #866 ) ) ;
#602 = VECTOR ( 'NONE', #1718, 1000.000000000000227 ) ;
#603 = SURFACE_SIDE_STYLE ('',( #6148 ) ) ;
#604 = DIRECTION ( 'NONE',  ( -0.8933250006747830430, 0.4466625002858897187, 0.04962916489078052912 ) ) ;
#605 = ORIENTED_EDGE ( 'NONE', *, *, #7496, .F. ) ;
#606 = UNCERTAINTY_MEASURE_WITH_UNIT (LENGTH_MEASURE( 1.000000000000000082E-05 ), #3874, 'distance_accuracy_value', 'NONE');
#607 = VERTEX_POINT ( 'NONE', #6718 ) ;
#608 = SURFACE_STYLE_FILL_AREA ( #3726 ) ;
#609 = DIRECTION ( 'NONE',  ( 1.748601263784621748E-15, -1.482966057179082451E-32, 1.000000000000000000 ) ) ;
#610 = CARTESIAN_POINT ( 'NONE',  ( 9.299999999999998934, 7.644714285714304225, -3.774999999999960831 ) ) ;
#611 = EDGE_CURVE ( 'NONE', #5714, #8010, #4788, .T. ) ;
#612 =( NAMED_UNIT ( * ) SI_UNIT ( $, .STERADIAN. ) SOLID_ANGLE_UNIT ( ) );
#613 = VERTEX_POINT ( 'NONE', #4248 ) ;
#614 = EDGE_CURVE ( 'NONE', #3676, #607, #7917, .T. ) ;
#615 = CARTESIAN_POINT ( 'NONE',  ( 1.300000000000021583, 7.100000000000010303, 7.450000000000054357 ) ) ;
#616 = LINE ( 'NONE', #115, #7598 ) ;
#617 =( NAMED_UNIT ( * ) PLANE_ANGLE_UNIT ( ) SI_UNIT ( $, .RADIAN. ) );
#618 = DIRECTION ( 'NONE',  ( -0.9333456062030549560, 0.3589790793088810106, 1.632049306554485608E-15 ) ) ;
#619 = CIRCLE ( 'NONE', #1534, 1.349999999999999645 ) ;
#620 = VERTEX_POINT ( 'NONE', #2908 ) ;
#621 = DIRECTION ( 'NONE',  ( -0.1520571842539051866, -2.500607545209353004E-16, -0.9883716976506227159 ) ) ;
#622 = VECTOR ( 'NONE', #7792, 1000.000000000000000 ) ;
#623 = EDGE_LOOP ( 'NONE', ( #3264, #2857, #3514, #7674, #3761, #3128 ) ) ;
#624 = ORIENTED_EDGE ( 'NONE', *, *, #2339, .T. ) ;
#625 = ADVANCED_FACE ( 'NONE', ( #7309 ), #7880, .T. ) ;
#626 = ORIENTED_EDGE ( 'NONE', *, *, #880, .F. ) ;
#627 = PLANE ( 'NONE',  #1765 ) ;
#628 = CARTESIAN_POINT ( 'NONE',  ( -0.9999999999999749090, 4.200000000000005507, 7.650000000000058087 ) ) ;
#629 = LINE ( 'NONE', #7903, #1980 ) ;
#630 = ORIENTED_EDGE ( 'NONE', *, *, #5663, .T. ) ;
#631 = DIRECTION ( 'NONE',  ( -1.644517855226008195E-15, 1.000000000000000000, 2.890435660536364269E-30 ) ) ;
#632 = ORIENTED_EDGE ( 'NONE', *, *, #2283, .F. ) ;
#633 = EDGE_CURVE ( 'NONE', #6538, #5958, #2991, .T. ) ;
#634 = DIRECTION ( 'NONE',  ( 1.000000000000000000, 8.971727675415522682E-11, 3.904768481932621372E-11 ) ) ;
#635 = EDGE_CURVE ( 'NONE', #4128, #4436, #1677, .T. ) ;
#636 = CARTESIAN_POINT ( 'NONE',  ( 1.800000000000016920, 4.200000000000010836, 2.650000000000053202 ) ) ;
#637 = CARTESIAN_POINT ( 'NONE',  ( 0.1000000000000132727, 9.638089535208006708, 5.350000000000057376 ) ) ;
#638 =( NAMED_UNIT ( * ) SI_UNIT ( $, .STERADIAN. ) SOLID_ANGLE_UNIT ( ) );
#639 = DIRECTION ( 'NONE',  ( 1.000000000000000000, 1.644517855226007998E-15, -1.748601263784621946E-15 ) ) ;
#640 = ORIENTED_EDGE ( 'NONE', *, *, #1979, .T. ) ;
#641 = SURFACE_STYLE_FILL_AREA ( #1801 ) ;
#642 = AXIS2_PLACEMENT_3D ( 'NONE', #1615, #2932, #4770 ) ;
#643 = VERTEX_POINT ( 'NONE', #5956 ) ;
#644 = CARTESIAN_POINT ( 'NONE',  ( 1.000000000000019984, 0.2500000000000097700, 0.4750000000000552669 ) ) ;
#645 = ORIENTED_EDGE ( 'NONE', *, *, #7244, .T. ) ;
#646 = VECTOR ( 'NONE', #3235, 1000.000000000000114 ) ;
#647 = AXIS2_PLACEMENT_3D ( 'NONE', #542, #3704, #466 ) ;
#648 = DIRECTION ( 'NONE',  ( -0.7071067811864987229, -1.162849727212584842E-15, -0.7071067811865962005 ) ) ;
#649 = CARTESIAN_POINT ( 'NONE',  ( 1.250000000000020206, -0.2499999999999889533, 0.6000000000000544897 ) ) ;
#650 = ORIENTED_EDGE ( 'NONE', *, *, #2553, .F. ) ;
#651 = LINE ( 'NONE', #4386, #2142 ) ;
#652 = CARTESIAN_POINT ( 'NONE',  ( 1.399999999999000933, 7.649999999998870592, -4.150000000001946354 ) ) ;
#653 = FACE_OUTER_BOUND ( 'NONE', #5447, .T. ) ;
#654 = ORIENTED_EDGE ( 'NONE', *, *, #397, .T. ) ;
#655 = EDGE_CURVE ( 'NONE', #6309, #5839, #8025, .T. ) ;
#656 = ORIENTED_EDGE ( 'NONE', *, *, #3648, .T. ) ;
#657 = VERTEX_POINT ( 'NONE', #1098 ) ;
#658 = ORIENTED_EDGE ( 'NONE', *, *, #4392, .T. ) ;
#659 = DIRECTION ( 'NONE',  ( -1.000000000000000000, -1.644517855226007998E-15, 1.748601263784621946E-15 ) ) ;
#660 = ADVANCED_FACE ( 'NONE', ( #7835 ), #4083, .T. ) ;
#661 = VERTEX_POINT ( 'NONE', #1055 ) ;
#662 = DIRECTION ( 'NONE',  ( -0.8076923076923187006, 0.5896042198752116104, 1.334402673828312846E-15 ) ) ;
#663 = CARTESIAN_POINT ( 'NONE',  ( 11.00000000000000533, 12.25000000000002487, 3.350000000000036060 ) ) ;
#664 = ORIENTED_EDGE ( 'NONE', *, *, #3065, .F. ) ;
#665 = EDGE_CURVE ( 'NONE', #4773, #1429, #3562, .T. ) ;
#666 = ORIENTED_EDGE ( 'NONE', *, *, #1739, .T. ) ;
#667 = CARTESIAN_POINT ( 'NONE',  ( 9.800000000000007816, 7.894714285714324653, 1.100000000000038503 ) ) ;
#669 = AXIS2_PLACEMENT_3D ( 'NONE', #7759, #476, #2373 ) ;
#668 = SURFACE_STYLE_FILL_AREA ( #6985 ) ;
#670 = PRESENTATION_STYLE_ASSIGNMENT (( #7348 ) ) ;
#671 = DIRECTION ( 'NONE',  ( -1.644517855226007998E-15, 1.000000000000000000, 2.890435660536363919E-30 ) ) ;
#672 = CARTESIAN_POINT ( 'NONE',  ( 2.399999999999994138, 10.60000000000001030, -4.649999999999947065 ) ) ;
#673 = CARTESIAN_POINT ( 'NONE',  ( -0.5999999999999946487, 4.200000000000007283, -5.039999999999941416 ) ) ;
#674 = EDGE_CURVE ( 'NONE', #5373, #1985, #6665, .T. ) ;
#675 = ORIENTED_EDGE ( 'NONE', *, *, #336, .T. ) ;
#676 = VECTOR ( 'NONE', #6988, 1000.000000000000000 ) ;
#677 = DIRECTION ( 'NONE',  ( 1.644517855226007998E-15, -1.000000000000000000, -2.890435660536363919E-30 ) ) ;
#678 = ORIENTED_EDGE ( 'NONE', *, *, #2509, .T. ) ;
#679 = UNCERTAINTY_MEASURE_WITH_UNIT (LENGTH_MEASURE( 1.000000000000000082E-05 ), #1010, 'distance_accuracy_value', 'NONE');
#680 = ORIENTED_EDGE ( 'NONE', *, *, #4446, .T. ) ;
#681 = SURFACE_STYLE_FILL_AREA ( #8031 ) ;
#682 = EDGE_LOOP ( 'NONE', ( #1434, #650, #2180, #5598 ) ) ;
#683 = AXIS2_PLACEMENT_3D ( 'NONE', #6295, #3936, #709 ) ;
#684 = AXIS2_PLACEMENT_3D ( 'NONE', #3973, #942, #2034 ) ;
#685 = SURFACE_STYLE_FILL_AREA ( #3916 ) ;
#686 = DIRECTION ( 'NONE',  ( -1.748601263784621946E-15, 0.0000000000000000000, -1.000000000000000000 ) ) ;
#687 = EDGE_CURVE ( 'NONE', #6376, #2174, #2416, .T. ) ;
#688 = FILL_AREA_STYLE_COLOUR ( '', #68 ) ;
#689 = DIRECTION ( 'NONE',  ( -0.9238697708742998893, 0.3553345272593985138, -0.1421338109036983932 ) ) ;
#690 = VECTOR ( 'NONE', #5354, 1000.000000000000000 ) ;
#691 = VECTOR ( 'NONE', #5040, 1000.000000000000000 ) ;
#692 = EDGE_LOOP ( 'NONE', ( #3344, #4206, #43, #5333, #2369, #6452, #6077, #4027, #4393, #2928, #7798, #8026, #793, #2680 ) ) ;
#693 = LINE ( 'NONE', #4920, #1343 ) ;
#694 = CARTESIAN_POINT ( 'NONE',  ( 0.1000003392900208204, 8.200000179588007754, 8.875159725252057541 ) ) ;
#695 = FACE_OUTER_BOUND ( 'NONE', #815, .T. ) ;
#696 =( GEOMETRIC_REPRESENTATION_CONTEXT ( 3 ) GLOBAL_UNCERTAINTY_ASSIGNED_CONTEXT ( ( #606 ) ) GLOBAL_UNIT_ASSIGNED_CONTEXT ( ( #3874, #1410, #5737 ) ) REPRESENTATION_CONTEXT ( 'NONE', 'WORKASPACE' ) );
#697 = VECTOR ( 'NONE', #5193, 1000.000000000000000 ) ;
#698 = ORIENTED_EDGE ( 'NONE', *, *, #7736, .T. ) ;
#699 = LINE ( 'NONE', #3213, #1882 ) ;
#700 = ORIENTED_EDGE ( 'NONE', *, *, #6106, .T. ) ;
#701 = EDGE_LOOP ( 'NONE', ( #1170, #4970, #3972, #1079, #1212, #5464 ) ) ;
#702 = VERTEX_POINT ( 'NONE', #2948 ) ;
#703 = VECTOR ( 'NONE', #2617, 1000.000000000000000 ) ;
#704 = COLOUR_RGB ( '',1.000000000000000000, 1.000000000000000000, 1.000000000000000000 ) ;
#705 = CARTESIAN_POINT ( 'NONE',  ( 1.955294117647008223, 8.144714285714311330, 0.3850000000000536882 ) ) ;
#706 = LINE ( 'NONE', #2685, #5815 ) ;
#707 = FACE_OUTER_BOUND ( 'NONE', #2642, .T. ) ;
#708 = ORIENTED_EDGE ( 'NONE', *, *, #3597, .T. ) ;
#709 = DIRECTION ( 'NONE',  ( 0.9333456062030537348, 0.3589790793088840637, -1.632049306554483636E-15 ) ) ;
#710 = ORIENTED_EDGE ( 'NONE', *, *, #3089, .T. ) ;
#711 = VECTOR ( 'NONE', #3889, 1000.000000000000000 ) ;
#712 = CARTESIAN_POINT ( 'NONE',  ( 9.699999995709024603, 5.400000000655023946, 8.728679656725038427 ) ) ;
#713 = ADVANCED_FACE ( 'NONE', ( #1585 ), #2874, .T. ) ;
#714 = ADVANCED_FACE ( 'NONE', ( #7427 ), #3150, .T. ) ;
#715 = CARTESIAN_POINT ( 'NONE',  ( 1.955294117647016883, 8.144714285714311330, 5.385000000000053966 ) ) ;
#716 = VECTOR ( 'NONE', #283, 1000.000000000000000 ) ;
#717 = COLOUR_RGB ( '',1.000000000000000000, 1.000000000000000000, 1.000000000000000000 ) ;
#718 = CARTESIAN_POINT ( 'NONE',  ( -0.1999999927999769611, 4.200000000000007283, 6.439999994600056787 ) ) ;
#719 = SURFACE_SIDE_STYLE ('',( #6423 ) ) ;
#720 = DIRECTION ( 'NONE',  ( -1.644517855226007998E-15, 1.000000000000000000, 2.890435660536363919E-30 ) ) ;
#721 = VERTEX_POINT ( 'NONE', #5658 ) ;
#722 = CARTESIAN_POINT ( 'NONE',  ( 2.500000000000017764, 3.750000000000012434, 2.650000000000051426 ) ) ;
#723 = VECTOR ( 'NONE', #2053, 1000.000000000000000 ) ;
#724 = AXIS2_PLACEMENT_3D ( 'NONE', #7663, #5302, #6468 ) ;
#725 = DIRECTION ( 'NONE',  ( -0.9701425001453380936, 0.2425356250363078781, 1.696392401805310846E-15 ) ) ;
#726 = VERTEX_POINT ( 'NONE', #7356 ) ;
#727 = EDGE_CURVE ( 'NONE', #2527, #4105, #100, .T. ) ;
#728 = DIRECTION ( 'NONE',  ( 1.644517855226008195E-15, -1.000000000000000000, -2.890435660536364269E-30 ) ) ;
#729 = CIRCLE ( 'NONE', #3230, 0.9999999999999997780 ) ;
#730 = CIRCLE ( 'NONE', #5301, 2.950000000000001510 ) ;
#731 = CARTESIAN_POINT ( 'NONE',  ( 0.7500000000000163203, 8.200000000000009948, 6.340000000000055813 ) ) ;
#732 = DIRECTION ( 'NONE',  ( 1.000000000000000000, 1.644517855226007998E-15, -1.748601263784621946E-15 ) ) ;
#733 = DIRECTION ( 'NONE',  ( -0.2357022603954947726, 0.9428090415820741255, 0.2357022603954940509 ) ) ;
#734 = FACE_OUTER_BOUND ( 'NONE', #6266, .T. ) ;
#735 = VECTOR ( 'NONE', #6684, 1000.000000000000000 ) ;
#736 = VERTEX_POINT ( 'NONE', #17 ) ;
#737 = ADVANCED_FACE ( 'NONE', ( #1926 ), #6191, .F. ) ;
#738 = DIRECTION ( 'NONE',  ( -0.9238697708742994452, 0.3553345272593985138, 0.1421338109037016129 ) ) ;
#739 = DIRECTION ( 'NONE',  ( 1.000000000000000000, 1.644517855226007998E-15, -1.748601263784621946E-15 ) ) ;
#740 = DIRECTION ( 'NONE',  ( -1.000000000000000000, -1.644517855226007998E-15, 1.748601263784621946E-15 ) ) ;
#741 = ORIENTED_EDGE ( 'NONE', *, *, #513, .F. ) ;
#742 = CARTESIAN_POINT ( 'NONE',  ( 1.400000000000000133, 8.960000000000009734, -3.656137671004946466 ) ) ;
#743 = ORIENTED_EDGE ( 'NONE', *, *, #4984, .F. ) ;
#744 = SURFACE_STYLE_USAGE ( .BOTH. , #4469 ) ;
#745 = ORIENTED_EDGE ( 'NONE', *, *, #977, .F. ) ;
#746 = ORIENTED_EDGE ( 'NONE', *, *, #6541, .F. ) ;
#747 = ORIENTED_EDGE ( 'NONE', *, *, #5624, .F. ) ;
#748 = FACE_OUTER_BOUND ( 'NONE', #2980, .T. ) ;
#749 = SURFACE_SIDE_STYLE ('',( #4476 ) ) ;
#750 = LINE ( 'NONE', #5729, #3014 ) ;
#751 = VERTEX_POINT ( 'NONE', #1966 ) ;
#752 = LINE ( 'NONE', #3386, #4351 ) ;
#753 = ORIENTED_EDGE ( 'NONE', *, *, #7589, .T. ) ;
#754 = VECTOR ( 'NONE', #1093, 1000.000000000000000 ) ;
#755 = CARTESIAN_POINT ( 'NONE',  ( 1.000000000000028644, 0.2500000000000097700, 5.475000000000055600 ) ) ;
#756 = CARTESIAN_POINT ( 'NONE',  ( 2.400000000000016787, 5.400000000000012790, 2.971320343560052368 ) ) ;
#757 = DIRECTION ( 'NONE',  ( -1.000000000000000000, -1.644517855226007998E-15, 1.748601263784621946E-15 ) ) ;
#758 = CARTESIAN_POINT ( 'NONE',  ( 0.7400000000000132028, 4.200000000000009059, 0.3500000000000551559 ) ) ;
#759 = CONICAL_SURFACE ( 'NONE', #6745, 3.049999998679999269, 0.1526493283952326530 ) ;
#760 = EDGE_CURVE ( 'NONE', #4982, #6649, #3110, .T. ) ;
#761 = FACE_OUTER_BOUND ( 'NONE', #1281, .T. ) ;
#762 = EDGE_LOOP ( 'NONE', ( #3087, #3112, #4228, #2763, #3407, #7008 ) ) ;
#763 = ADVANCED_FACE ( 'NONE', ( #3061 ), #58, .F. ) ;
#764 = CARTESIAN_POINT ( 'NONE',  ( 11.00000000000000533, 12.25000000000002487, 3.350000000000036060 ) ) ;
#765 = DIRECTION ( 'NONE',  ( 0.9701425001453373165, 1.595416663602607856E-15, -0.2425356250363111532 ) ) ;
#766 = VERTEX_POINT ( 'NONE', #6990 ) ;
#767 = UNCERTAINTY_MEASURE_WITH_UNIT (LENGTH_MEASURE( 1.000000000000000082E-05 ), #3483, 'distance_accuracy_value', 'NONE');
#768 = DIRECTION ( 'NONE',  ( -1.748601263784621946E-15, 0.0000000000000000000, -1.000000000000000000 ) ) ;
#769 = EDGE_CURVE ( 'NONE', #6753, #6425, #4580, .T. ) ;
#770 = FACE_OUTER_BOUND ( 'NONE', #7476, .T. ) ;
#771 = CARTESIAN_POINT ( 'NONE',  ( 9.700000000000011724, 10.60000000000002274, 6.550000000000039790 ) ) ;
#772 = EDGE_CURVE ( 'NONE', #1445, #1030, #2119, .T. ) ;
#773 = CARTESIAN_POINT ( 'NONE',  ( 10.34999999141861515, 7.450000000000024158, 5.850000000000038725 ) ) ;
#774 = LINE ( 'NONE', #4337, #4772 ) ;
#775 = EDGE_LOOP ( 'NONE', ( #1555, #4529, #7654, #5085, #5724, #4509 ) ) ;
#776 = DIRECTION ( 'NONE',  ( -1.748601263784621946E-15, 0.0000000000000000000, -1.000000000000000000 ) ) ;
#777 =( GEOMETRIC_REPRESENTATION_CONTEXT ( 3 ) GLOBAL_UNCERTAINTY_ASSIGNED_CONTEXT ( ( #7273 ) ) GLOBAL_UNIT_ASSIGNED_CONTEXT ( ( #4288, #3791, #4975 ) ) REPRESENTATION_CONTEXT ( 'NONE', 'WORKASPACE' ) );
#778 = DIRECTION ( 'NONE',  ( -1.000000000000000000, -2.859691650543226683E-12, 7.297626393077378907E-11 ) ) ;
#779 = ORIENTED_EDGE ( 'NONE', *, *, #6398, .T. ) ;
#780 = EDGE_CURVE ( 'NONE', #2812, #1363, #4036, .T. ) ;
#781 = FACE_OUTER_BOUND ( 'NONE', #7169, .T. ) ;
#782 = CARTESIAN_POINT ( 'NONE',  ( 3.949999999999999734, 7.650000000000014566, -4.149999999999950617 ) ) ;
#783 = ADVANCED_FACE ( 'NONE', ( #3431 ), #920, .F. ) ;
#784 = ORIENTED_EDGE ( 'NONE', *, *, #6668, .T. ) ;
#785 = VERTEX_POINT ( 'NONE', #7552 ) ;
#786 = FACE_OUTER_BOUND ( 'NONE', #2212, .T. ) ;
#787 = PRESENTATION_STYLE_ASSIGNMENT (( #3900 ) ) ;
#788 = FACE_OUTER_BOUND ( 'NONE', #321, .T. ) ;
#789 = PRESENTATION_STYLE_ASSIGNMENT (( #3901 ) ) ;
#790 = ORIENTED_EDGE ( 'NONE', *, *, #6413, .T. ) ;
#791 = PLANE ( 'NONE',  #4086 ) ;
#792 = EDGE_CURVE ( 'NONE', #2095, #5072, #5893, .T. ) ;
#793 = ORIENTED_EDGE ( 'NONE', *, *, #103, .F. ) ;
#794 = CARTESIAN_POINT ( 'NONE',  ( 3.950000000000008171, 7.144714285714313995, 0.3500000000000499378 ) ) ;
#795 = DIRECTION ( 'NONE',  ( 1.242865905043146517E-15, 0.2682926829271122249, 0.9633374467380431128 ) ) ;
#796 = DIRECTION ( 'NONE',  ( 0.2425356250363110699, -0.9701425001453374275, -4.240981004512866908E-16 ) ) ;
#797 = CARTESIAN_POINT ( 'NONE',  ( 3.950000000000006395, 8.144714285714314883, 0.3500000000000499378 ) ) ;
#798 = EDGE_LOOP ( 'NONE', ( #6511, #1406, #2013, #5647, #1038, #85, #2275 ) ) ;
#799 = MANIFOLD_SOLID_BREP ( 'Combine1', #286 ) ;
#800 = LINE ( 'NONE', #180, #440 ) ;
#801 = DIRECTION ( 'NONE',  ( 0.9486832980505233159, 1.560126622598782925E-15, -0.3162277660168096305 ) ) ;
#802 = VECTOR ( 'NONE', #1053, 1000.000000000000000 ) ;
#803 = ORIENTED_EDGE ( 'NONE', *, *, #3347, .F. ) ;
#804 =( NAMED_UNIT ( * ) PLANE_ANGLE_UNIT ( ) SI_UNIT ( $, .RADIAN. ) );
#805 = LINE ( 'NONE', #5113, #2261 ) ;
#806 = DIRECTION ( 'NONE',  ( 1.644517855226007998E-15, -1.000000000000000000, -2.890435660536363919E-30 ) ) ;
#807 = FACE_OUTER_BOUND ( 'NONE', #5395, .T. ) ;
#808 = LINE ( 'NONE', #4007, #4114 ) ;
#809 = EDGE_CURVE ( 'NONE', #7554, #620, #3912, .T. ) ;
#810 = VERTEX_POINT ( 'NONE', #5856 ) ;
#811 = AXIS2_PLACEMENT_3D ( 'NONE', #3237, #5819, #5854 ) ;
#812 = FACE_OUTER_BOUND ( 'NONE', #580, .T. ) ;
#813 = EDGE_CURVE ( 'NONE', #1856, #3922, #800, .T. ) ;
#814 =( NAMED_UNIT ( * ) PLANE_ANGLE_UNIT ( ) SI_UNIT ( $, .RADIAN. ) );
#815 = EDGE_LOOP ( 'NONE', ( #6146, #3040, #4711, #7095 ) ) ;
#816 = LINE ( 'NONE', #2600, #2844 ) ;
#817 =( NAMED_UNIT ( * ) PLANE_ANGLE_UNIT ( ) SI_UNIT ( $, .RADIAN. ) );
#818 = ORIENTED_EDGE ( 'NONE', *, *, #5115, .F. ) ;
#819 = MECHANICAL_DESIGN_GEOMETRIC_PRESENTATION_REPRESENTATION (  '', ( #6028 ), #7569 ) ;
#820 = EDGE_LOOP ( 'NONE', ( #29, #4873, #1948, #4766 ) ) ;
#821 =( NAMED_UNIT ( * ) PLANE_ANGLE_UNIT ( ) SI_UNIT ( $, .RADIAN. ) );
#822 = CARTESIAN_POINT ( 'NONE',  ( 1.250000000000020206, -0.2499999999999889533, 0.6000000000000544897 ) ) ;
#823 = EDGE_CURVE ( 'NONE', #3778, #3006, #256, .T. ) ;
#824 =( GEOMETRIC_REPRESENTATION_CONTEXT ( 3 ) GLOBAL_UNCERTAINTY_ASSIGNED_CONTEXT ( ( #3245 ) ) GLOBAL_UNIT_ASSIGNED_CONTEXT ( ( #575, #494, #1778 ) ) REPRESENTATION_CONTEXT ( 'NONE', 'WORKASPACE' ) );
#825 = PRESENTATION_LAYER_ASSIGNMENT (  '', '', ( #6291 ) ) ;
#826 = DIRECTION ( 'NONE',  ( -1.748601263784621946E-15, 0.0000000000000000000, -1.000000000000000000 ) ) ;
#827 = LINE ( 'NONE', #211, #1553 ) ;
#828 = ORIENTED_EDGE ( 'NONE', *, *, #473, .T. ) ;
#829 = LINE ( 'NONE', #874, #947 ) ;
#830 = VERTEX_POINT ( 'NONE', #1492 ) ;
#831 = VECTOR ( 'NONE', #6241, 1000.000000000000114 ) ;
#832 = VECTOR ( 'NONE', #5501, 1000.000000000000000 ) ;
#833 = EDGE_CURVE ( 'NONE', #6309, #7361, #7364, .T. ) ;
#834 = CARTESIAN_POINT ( 'NONE',  ( 3.950000000000008171, 8.144714285714314883, 1.350000000000049161 ) ) ;
#835 = EDGE_CURVE ( 'NONE', #533, #45, #3355, .T. ) ;
#836 = LINE ( 'NONE', #252, #7218 ) ;
#837 = DIRECTION ( 'NONE',  ( -0.7427813513546573931, 0.3713906757630266453, -0.5570860167299404031 ) ) ;
#838 =( GEOMETRIC_REPRESENTATION_CONTEXT ( 3 ) GLOBAL_UNCERTAINTY_ASSIGNED_CONTEXT ( ( #1508 ) ) GLOBAL_UNIT_ASSIGNED_CONTEXT ( ( #3180, #4406, #2405 ) ) REPRESENTATION_CONTEXT ( 'NONE', 'WORKASPACE' ) );
#839 = DIRECTION ( 'NONE',  ( -1.644517855226008195E-15, 1.000000000000000000, 2.890435660536364269E-30 ) ) ;
#840 = VERTEX_POINT ( 'NONE', #3880 ) ;
#841 = CARTESIAN_POINT ( 'NONE',  ( 1.400000000000000133, 8.960000000000009734, -3.656137671004946466 ) ) ;
#842 = LINE ( 'NONE', #3359, #4250 ) ;
#843 = VECTOR ( 'NONE', #1277, 1000.000000000000000 ) ;
#844 = VECTOR ( 'NONE', #267, 1000.000000000000000 ) ;
#845 = UNCERTAINTY_MEASURE_WITH_UNIT (LENGTH_MEASURE( 1.000000000000000082E-05 ), #5268, 'distance_accuracy_value', 'NONE');
#846 = VERTEX_POINT ( 'NONE', #5249 ) ;
#847 = CARTESIAN_POINT ( 'NONE',  ( 1.800000000000002931, 6.844714285714310620, -3.684999999999946318 ) ) ;
#848 = FILL_AREA_STYLE ('',( #2096 ) ) ;
#849 = DIRECTION ( 'NONE',  ( 0.9883716976506232710, 1.625394904386490918E-15, 0.1520571842539017449 ) ) ;
#850 =( GEOMETRIC_REPRESENTATION_CONTEXT ( 3 ) GLOBAL_UNCERTAINTY_ASSIGNED_CONTEXT ( ( #4864 ) ) GLOBAL_UNIT_ASSIGNED_CONTEXT ( ( #5623, #6912, #7482 ) ) REPRESENTATION_CONTEXT ( 'NONE', 'WORKASPACE' ) );
#851 = AXIS2_PLACEMENT_3D ( 'NONE', #358, #4009, #2134 ) ;
#852 = DIRECTION ( 'NONE',  ( -1.644517855226007998E-15, 1.000000000000000000, 2.890435660536363919E-30 ) ) ;
#853 = DIRECTION ( 'NONE',  ( 1.748601263784621946E-15, 0.0000000000000000000, 1.000000000000000000 ) ) ;
#854 = CARTESIAN_POINT ( 'NONE',  ( 1.500000000000013545, 4.200000000000010836, 0.3500000000000551559 ) ) ;
#855 = EDGE_LOOP ( 'NONE', ( #1817, #1803, #4184, #1075, #2634, #7384, #6389, #6448, #2573, #3538, #4004, #2843, #1956, #361 ) ) ;
#856 = VECTOR ( 'NONE', #342, 1000.000000000000000 ) ;
#857 = VECTOR ( 'NONE', #1110, 1000.000000000000227 ) ;
#858 = PLANE ( 'NONE',  #5172 ) ;
#859 = CARTESIAN_POINT ( 'NONE',  ( 2.399999999999994138, 8.200000000000011724, -6.649999999999947065 ) ) ;
#860 = ORIENTED_EDGE ( 'NONE', *, *, #727, .F. ) ;
#861 = CARTESIAN_POINT ( 'NONE',  ( 2.500000000000003997, 3.750000000000012434, -5.949999999999945999 ) ) ;
#862 = ADVANCED_FACE ( 'NONE', ( #5823 ), #7701, .T. ) ;
#863 = CARTESIAN_POINT ( 'NONE',  ( 9.699999999999999289, 12.25000000000002309, 0.1500000000000389910 ) ) ;
#864 = AXIS2_PLACEMENT_3D ( 'NONE', #1797, #5462, #5990 ) ;
#865 = EDGE_LOOP ( 'NONE', ( #5021, #4430, #1777, #3402, #6383, #2926 ) ) ;
#866 = STYLED_ITEM ( 'NONE', ( #1437 ), #6954 ) ;
#867 = EDGE_LOOP ( 'NONE', ( #3443, #4255, #75, #1699 ) ) ;
#868 = CARTESIAN_POINT ( 'NONE',  ( 0.6250000000000196509, 0.2500000000000088818, 0.8500000000000556000 ) ) ;
#869 = AXIS2_PLACEMENT_3D ( 'NONE', #6483, #4011, #7160 ) ;
#870 = SURFACE_STYLE_USAGE ( .BOTH. , #4180 ) ;
#871 = DIRECTION ( 'NONE',  ( 1.595945597898462472E-14, 2.337000431716910882E-29, 1.000000000000000000 ) ) ;
#872 = DIRECTION ( 'NONE',  ( -1.489513996486854122E-09, 1.000000000000000000, 7.237763924156027255E-10 ) ) ;
#873 = EDGE_LOOP ( 'NONE', ( #4373, #4996, #6907, #3696 ) ) ;
#874 = CARTESIAN_POINT ( 'NONE',  ( -0.9999999999999696909, 3.750000000000006217, 9.050000000000057554 ) ) ;
#875 = ORIENTED_EDGE ( 'NONE', *, *, #6209, .T. ) ;
#876 = EDGE_CURVE ( 'NONE', #1352, #7194, #2738, .T. ) ;
#877 = CARTESIAN_POINT ( 'NONE',  ( 10.99999999999999112, 11.10000000000002451, -5.049999999999961631 ) ) ;
#878 = DIRECTION ( 'NONE',  ( 1.000000000000000000, 1.644517855226007998E-15, -1.748601263784621946E-15 ) ) ;
#879 = CARTESIAN_POINT ( 'NONE',  ( 10.34999999141861338, 4.400000001320025333, 0.8500000000000382805 ) ) ;
#880 = EDGE_CURVE ( 'NONE', #5204, #846, #3520, .T. ) ;
#881 = CARTESIAN_POINT ( 'NONE',  ( 1.800000000000020250, 6.844714285714310620, 6.315000000000053682 ) ) ;
#882 = ORIENTED_EDGE ( 'NONE', *, *, #6833, .T. ) ;
#883 = EDGE_CURVE ( 'NONE', #5409, #1348, #7226, .T. ) ;
#884 = DIRECTION ( 'NONE',  ( -3.230361199318120148E-07, -1.709844728725060429E-07, -0.9999999999999331646 ) ) ;
#885 = FILL_AREA_STYLE_COLOUR ( '', #2168 ) ;
#886 = CARTESIAN_POINT ( 'NONE',  ( 1.800000000000020250, 6.844714285714310620, 6.350000000000053824 ) ) ;
#887 = LINE ( 'NONE', #2871, #7472 ) ;
#888 = LINE ( 'NONE', #5259, #3563 ) ;
#889 = VERTEX_POINT ( 'NONE', #4774 ) ;
#890 = CARTESIAN_POINT ( 'NONE',  ( 0.5000000000000195399, 0.7500000000000093259, 0.3500000000000568767 ) ) ;
#891 = EDGE_CURVE ( 'NONE', #6965, #5267, #3845, .T. ) ;
#892 = DIRECTION ( 'NONE',  ( 1.748601263784621748E-15, 0.0000000000000000000, 1.000000000000000000 ) ) ;
#893 = CARTESIAN_POINT ( 'NONE',  ( 0.7400000000000045430, 4.200000000000009059, -4.649999999999945288 ) ) ;
#894 = ORIENTED_EDGE ( 'NONE', *, *, #397, .F. ) ;
#895 = LINE ( 'NONE', #3328, #2311 ) ;
#896 = DIRECTION ( 'NONE',  ( -0.9428090415820746806, 0.2357022603954918860, 0.2357022603954950779 ) ) ;
#897 = VERTEX_POINT ( 'NONE', #5342 ) ;
#898 = CARTESIAN_POINT ( 'NONE',  ( 1.125000000000009770, 6.200000000000009059, 0.3600000000000547207 ) ) ;
#899 = VECTOR ( 'NONE', #1161, 1000.000000000000000 ) ;
#900 = PLANE ( 'NONE',  #2406 ) ;
#901 = ORIENTED_EDGE ( 'NONE', *, *, #6566, .F. ) ;
#902 = PRESENTATION_STYLE_ASSIGNMENT (( #365 ) ) ;
#903 = ORIENTED_EDGE ( 'NONE', *, *, #6075, .T. ) ;
#904 = DIRECTION ( 'NONE',  ( 1.892425610156517368E-15, 0.0000000000000000000, 1.000000000000000000 ) ) ;
#905 = DIRECTION ( 'NONE',  ( -1.748601263784621946E-15, 0.0000000000000000000, -1.000000000000000000 ) ) ;
#906 =( LENGTH_UNIT ( ) NAMED_UNIT ( * ) SI_UNIT ( .MILLI., .METRE. ) );
#907 = LINE ( 'NONE', #4759, #1288 ) ;
#908 = ORIENTED_EDGE ( 'NONE', *, *, #6690, .F. ) ;
#909 = DIRECTION ( 'NONE',  ( 1.489513996486856603E-09, -1.000000000000000000, 7.237765942743975668E-10 ) ) ;
#910 = VERTEX_POINT ( 'NONE', #1088 ) ;
#911 = ORIENTED_EDGE ( 'NONE', *, *, #3500, .F. ) ;
#912 = EDGE_CURVE ( 'NONE', #7951, #1047, #5457, .T. ) ;
#913 = DIRECTION ( 'NONE',  ( -1.748601263784621946E-15, 0.0000000000000000000, -1.000000000000000000 ) ) ;
#914 = CIRCLE ( 'NONE', #4827, 1.349999999999999645 ) ;
#915 = DIRECTION ( 'NONE',  ( -1.748601263784621748E-15, 0.0000000000000000000, -1.000000000000000000 ) ) ;
#916 = EDGE_CURVE ( 'NONE', #1731, #7923, #4158, .T. ) ;
#917 = DIRECTION ( 'NONE',  ( -1.644517855226008195E-15, 1.000000000000000000, 2.890435660536364269E-30 ) ) ;
#918 = DIRECTION ( 'NONE',  ( -0.2307692307692121303, 0.9730085108210442257, 6.672013369141569161E-16 ) ) ;
#919 = ORIENTED_EDGE ( 'NONE', *, *, #2339, .F. ) ;
#920 = PLANE ( 'NONE',  #961 ) ;
#921 =( LENGTH_UNIT ( ) NAMED_UNIT ( * ) SI_UNIT ( .MILLI., .METRE. ) );
#922 = FILL_AREA_STYLE ('',( #7755 ) ) ;
#923 = ORIENTED_EDGE ( 'NONE', *, *, #6315, .F. ) ;
#924 = EDGE_CURVE ( 'NONE', #5116, #2485, #6066, .T. ) ;
#925 = CARTESIAN_POINT ( 'NONE',  ( 0.09999999999999939493, 7.650000000000007461, -4.649999999999943512 ) ) ;
#926 = CARTESIAN_POINT ( 'NONE',  ( -0.5999999999999825473, 8.800000000000006040, 6.740000000000057057 ) ) ;
#927 = CARTESIAN_POINT ( 'NONE',  ( 1.400000000138004408, 8.199999999997109157, -0.4374393188849457492 ) ) ;
#928 = ORIENTED_EDGE ( 'NONE', *, *, #4268, .T. ) ;
#929 = CARTESIAN_POINT ( 'NONE',  ( -0.5999999999999998668, 7.650000000000006573, -4.149999999999942624 ) ) ;
#930 = PLANE ( 'NONE',  #5281 ) ;
#931 = VERTEX_POINT ( 'NONE', #7871 ) ;
#932 = CARTESIAN_POINT ( 'NONE',  ( 1.800000000000008260, 4.200000000000010836, -2.349999999999946798 ) ) ;
#933 = EDGE_CURVE ( 'NONE', #6538, #1731, #5986, .T. ) ;
#934 = CARTESIAN_POINT ( 'NONE',  ( -0.1999999993500031215, 8.599999999630806968, -4.739999997784941854 ) ) ;
#935 = ORIENTED_EDGE ( 'NONE', *, *, #5473, .T. ) ;
#936 = CARTESIAN_POINT ( 'NONE',  ( 10.99999999999999822, 5.200000000000025935, -6.649999999999962164 ) ) ;
#937 = FACE_OUTER_BOUND ( 'NONE', #5248, .T. ) ;
#938 = ORIENTED_EDGE ( 'NONE', *, *, #148, .F. ) ;
#939 = DIRECTION ( 'NONE',  ( 1.748601263784621946E-15, 0.0000000000000000000, 1.000000000000000000 ) ) ;
#940 = AXIS2_PLACEMENT_3D ( 'NONE', #511, #5499, #1444 ) ;
#941 = VERTEX_POINT ( 'NONE', #7753 ) ;
#942 = DIRECTION ( 'NONE',  ( 1.644517855226007801E-15, -1.000000000000000000, -2.890435660536363568E-30 ) ) ;
#943 =( NAMED_UNIT ( * ) SI_UNIT ( $, .STERADIAN. ) SOLID_ANGLE_UNIT ( ) );
#944 = SURFACE_SIDE_STYLE ('',( #668 ) ) ;
#945 = CARTESIAN_POINT ( 'NONE',  ( 2.399999999999999467, 7.650000000000011902, -4.149999999999947953 ) ) ;
#946 = CARTESIAN_POINT ( 'NONE',  ( 8.000000000000012434, 12.25000000000001954, 8.350000000000054712 ) ) ;
#947 = VECTOR ( 'NONE', #3343, 1000.000000000000000 ) ;
#948 = MECHANICAL_DESIGN_GEOMETRIC_PRESENTATION_REPRESENTATION (  '', ( #6540 ), #157 ) ;
#949 = EDGE_LOOP ( 'NONE', ( #7756, #3531, #7162, #3725, #6239 ) ) ;
#950 = CARTESIAN_POINT ( 'NONE',  ( 3.950000000000019273, 7.650000000000014566, 7.200000000000049027 ) ) ;
#951 = ORIENTED_EDGE ( 'NONE', *, *, #7274, .T. ) ;
#952 = ORIENTED_EDGE ( 'NONE', *, *, #4644, .T. ) ;
#953 = CONICAL_SURFACE ( 'NONE', #2538, 1.374999999999999556, 0.03224688243525484360 ) ;
#954 = MECHANICAL_DESIGN_GEOMETRIC_PRESENTATION_REPRESENTATION (  '', ( #4223 ), #6804 ) ;
#955 = DIRECTION ( 'NONE',  ( -0.1788854381999993026, -2.941802971598303344E-16, 0.9838699100999045433 ) ) ;
#956 = CARTESIAN_POINT ( 'NONE',  ( 1.500000000000016875, 8.200000000000009948, 6.315000000000053682 ) ) ;
#957 = DIRECTION ( 'NONE',  ( 1.000000000000000000, 1.644517855226007998E-15, -1.748601263784621946E-15 ) ) ;
#958 = SURFACE_STYLE_USAGE ( .BOTH. , #2864 ) ;
#959 = ORIENTED_EDGE ( 'NONE', *, *, #4078, .T. ) ;
#960 = PRESENTATION_LAYER_ASSIGNMENT (  '', '', ( #33 ) ) ;
#961 = AXIS2_PLACEMENT_3D ( 'NONE', #2009, #137, #4498 ) ;
#962 = ADVANCED_FACE ( 'NONE', ( #1049 ), #7182, .F. ) ;
#963 = CARTESIAN_POINT ( 'NONE',  ( -0.1999999927999787097, 4.200000000000007283, 5.260000005400058853 ) ) ;
#964 = ADVANCED_FACE ( 'NONE', ( #2901 ), #6020, .F. ) ;
#965 = DIRECTION ( 'NONE',  ( -7.280287483979462752E-14, -1.168500215858619925E-28, -1.000000000000000000 ) ) ;
#966 = ORIENTED_EDGE ( 'NONE', *, *, #924, .T. ) ;
#967 = AXIS2_PLACEMENT_3D ( 'NONE', #3479, #5947, #4196 ) ;
#968 = MECHANICAL_DESIGN_GEOMETRIC_PRESENTATION_REPRESENTATION (  '', ( #6945 ), #7324 ) ;
#969 = LINE ( 'NONE', #6024, #7889 ) ;
#970 = DIRECTION ( 'NONE',  ( 0.9428090415820745696, 0.2357022603954949114, 0.2357022603954917195 ) ) ;
#971 = CARTESIAN_POINT ( 'NONE',  ( 8.800000000000000711, 7.144714285714321989, -3.649999999999959499 ) ) ;
#972 = EDGE_LOOP ( 'NONE', ( #1235, #3246, #339, #1989 ) ) ;
#973 = ADVANCED_FACE ( 'NONE', ( #2818 ), #3598, .T. ) ;
#974 = DIRECTION ( 'NONE',  ( 1.644517855226007998E-15, -1.000000000000000000, -2.890435660536363919E-30 ) ) ;
#975 = VECTOR ( 'NONE', #7412, 1000.000000000000000 ) ;
#976 = LINE ( 'NONE', #4049, #2162 ) ;
#977 = EDGE_CURVE ( 'NONE', #7890, #810, #2248, .T. ) ;
#978 = ORIENTED_EDGE ( 'NONE', *, *, #481, .T. ) ;
#979 = CARTESIAN_POINT ( 'NONE',  ( 1.299999999999999156, 7.100000000000010303, -5.749999999999944933 ) ) ;
#980 = CARTESIAN_POINT ( 'NONE',  ( 11.00000000000001599, 7.450000000000025935, 5.850000000000037836 ) ) ;
#981 = ORIENTED_EDGE ( 'NONE', *, *, #7495, .F. ) ;
#982 = PRESENTATION_LAYER_ASSIGNMENT (  '', '', ( #6451 ) ) ;
#983 = VECTOR ( 'NONE', #5024, 1000.000000000000000 ) ;
#984 = PLANE ( 'NONE',  #6974 ) ;
#985 = CARTESIAN_POINT ( 'NONE',  ( 8.799999999999997158, 8.144714285714321989, -4.649999999999958611 ) ) ;
#986 = VERTEX_POINT ( 'NONE', #2938 ) ;
#987 = CARTESIAN_POINT ( 'NONE',  ( -0.5999999999999928724, 4.200000000000007283, -3.259999999999943388 ) ) ;
#988 = EDGE_CURVE ( 'NONE', #6971, #6277, #5420, .T. ) ;
#989 = VECTOR ( 'NONE', #5218, 1000.000000000000000 ) ;
#990 = CIRCLE ( 'NONE', #4129, 2.050000000001999556 ) ;
#991 = PRESENTATION_LAYER_ASSIGNMENT (  '', '', ( #4528 ) ) ;
#992 = ORIENTED_EDGE ( 'NONE', *, *, #5848, .F. ) ;
#993 = CYLINDRICAL_SURFACE ( 'NONE', #1461, 0.9999999999999991118 ) ;
#994 = SURFACE_STYLE_FILL_AREA ( #6523 ) ;
#995 =( NAMED_UNIT ( * ) SI_UNIT ( $, .STERADIAN. ) SOLID_ANGLE_UNIT ( ) );
#996 = PLANE ( 'NONE',  #6722 ) ;
#998 = FACE_OUTER_BOUND ( 'NONE', #4085, .T. ) ;
#997 = AXIS2_PLACEMENT_3D ( 'NONE', #4198, #4289, #7305 ) ;
#999 = AXIS2_PLACEMENT_3D ( 'NONE', #6136, #4402, #4967 ) ;
#1000 = VECTOR ( 'NONE', #2221, 1000.000000000000000 ) ;
#1001 = ORIENTED_EDGE ( 'NONE', *, *, #2099, .T. ) ;
#1002 = LINE ( 'NONE', #5362, #6927 ) ;
#1003 = ORIENTED_EDGE ( 'NONE', *, *, #5477, .T. ) ;
#1004 = CARTESIAN_POINT ( 'NONE',  ( 0.1000000000000063338, 7.100000000000008527, -1.149999999999942624 ) ) ;
#1005 = EDGE_LOOP ( 'NONE', ( #5804, #7742, #1568, #3509, #1305, #2090 ) ) ;
#1006 = VECTOR ( 'NONE', #3576, 1000.000000000000000 ) ;
#1007 = DIRECTION ( 'NONE',  ( 1.000000000000000000, 1.644517855226007801E-15, -1.748601263784621748E-15 ) ) ;
#1008 = DIRECTION ( 'NONE',  ( -1.748601263784621946E-15, 0.0000000000000000000, -1.000000000000000000 ) ) ;
#1009 = CARTESIAN_POINT ( 'NONE',  ( 0.2019880736300102564, 8.200000000000008171, 2.771907005528055912 ) ) ;
#1010 =( LENGTH_UNIT ( ) NAMED_UNIT ( * ) SI_UNIT ( .MILLI., .METRE. ) );
#1011 = ORIENTED_EDGE ( 'NONE', *, *, #2381, .F. ) ;
#1012 = CARTESIAN_POINT ( 'NONE',  ( 1.800000000000010036, 8.144714285714311330, 1.315000000000053904 ) ) ;
#1013 = FACE_OUTER_BOUND ( 'NONE', #1949, .T. ) ;
#1014 = CARTESIAN_POINT ( 'NONE',  ( 0.09999999999999766020, 7.100000000000008527, -6.649999999999943512 ) ) ;
#1015 = LINE ( 'NONE', #7831, #2449 ) ;
#1016 = CARTESIAN_POINT ( 'NONE',  ( 1.299999999999999156, 7.100000000000010303, -5.749999999999944933 ) ) ;
#1017 = PRODUCT_DEFINITION ( 'UNKNOWN', '', #7227, #7593 ) ;
#1018 = STYLED_ITEM ( 'NONE', ( #1841 ), #2347 ) ;
#1019 = ORIENTED_EDGE ( 'NONE', *, *, #7049, .F. ) ;
#1020 = CARTESIAN_POINT ( 'NONE',  ( 1.053312813816187798, 9.143302832419356818, -3.650205318389581954 ) ) ;
#1021 = DIRECTION ( 'NONE',  ( 1.000000000000000000, 1.644517855226007801E-15, -1.748601263784621748E-15 ) ) ;
#1022 = ORIENTED_EDGE ( 'NONE', *, *, #1739, .F. ) ;
#1023 = ADVANCED_FACE ( 'NONE', ( #7301 ), #4734, .T. ) ;
#1024 = CARTESIAN_POINT ( 'NONE',  ( 11.00000000000001066, 11.75000000000002487, 6.750000000000037303 ) ) ;
#1025 = EDGE_LOOP ( 'NONE', ( #3172, #1414, #5667, #2689, #7148, #7840, #5770, #6027, #212, #7014 ) ) ;
#1026 = DIRECTION ( 'NONE',  ( -1.748601263784621748E-15, 1.482966057179082451E-32, -1.000000000000000000 ) ) ;
#1027 = EDGE_CURVE ( 'NONE', #6705, #1405, #6746, .T. ) ;
#1028 = CARTESIAN_POINT ( 'NONE',  ( 11.00000000000000888, 7.650000000000026112, 1.315000000000037472 ) ) ;
#1029 = SURFACE_STYLE_FILL_AREA ( #6158 ) ;
#1030 = VERTEX_POINT ( 'NONE', #5061 ) ;
#1031 = ADVANCED_FACE ( 'NONE', ( #6229 ), #505, .F. ) ;
#1032 = LINE ( 'NONE', #3621, #2962 ) ;
#1033 = LINE ( 'NONE', #4805, #1255 ) ;
#1034 = ADVANCED_FACE ( 'NONE', ( #48 ), #3670, .F. ) ;
#1035 = DIRECTION ( 'NONE',  ( 1.927470528863119344E-15, 0.0000000000000000000, 1.000000000000000000 ) ) ;
#1036 = VERTEX_POINT ( 'NONE', #1957 ) ;
#1037 = DIRECTION ( 'NONE',  ( -0.8000000000000010436, -1.315614284180806122E-15, -0.5999999999999984235 ) ) ;
#1038 = ORIENTED_EDGE ( 'NONE', *, *, #7683, .T. ) ;
#1039 = DIRECTION ( 'NONE',  ( -1.748601263784621748E-15, 0.0000000000000000000, -1.000000000000000000 ) ) ;
#1040 = ORIENTED_EDGE ( 'NONE', *, *, #4889, .F. ) ;
#1041 = CARTESIAN_POINT ( 'NONE',  ( 1.499999999999999556, 8.200000000000009948, -3.659999999999946407 ) ) ;
#1042 = LINE ( 'NONE', #4654, #2702 ) ;
#1043 = EDGE_CURVE ( 'NONE', #5087, #5751, #6139, .T. ) ;
#1045 = CARTESIAN_POINT ( 'NONE',  ( 0.7500000000000179856, 7.611199771552088933, 6.340000000000055813 ) ) ;
#1044 = AXIS2_PLACEMENT_3D ( 'NONE', #2489, #4316, #6059 ) ;
#1046 = DIRECTION ( 'NONE',  ( -0.1520571842539051866, -2.500607545209353004E-16, -0.9883716976506227159 ) ) ;
#1047 = VERTEX_POINT ( 'NONE', #4443 ) ;
#1048 = CARTESIAN_POINT ( 'NONE',  ( 0.5000000000000108802, 6.844714285714308843, 1.350000000000055156 ) ) ;
#1049 = FACE_OUTER_BOUND ( 'NONE', #7970, .T. ) ;
#1050 = SURFACE_SIDE_STYLE ('',( #7147 ) ) ;
#1051 = LINE ( 'NONE', #7829, #3383 ) ;
#1052 = DIRECTION ( 'NONE',  ( -1.000000000000000000, -2.859691650543226683E-12, 7.297626393077378907E-11 ) ) ;
#1053 = DIRECTION ( 'NONE',  ( -0.9238697708742994452, 0.3553345272593985138, 0.1421338109037016129 ) ) ;
#1054 = VERTEX_POINT ( 'NONE', #1864 ) ;
#1055 = CARTESIAN_POINT ( 'NONE',  ( 11.00000000000001421, 11.10000000000002451, 8.350000000000054712 ) ) ;
#1056 = CARTESIAN_POINT ( 'NONE',  ( 10.35000000000002451, 5.300000000000025580, 8.350000000000038725 ) ) ;
#1057 = ORIENTED_EDGE ( 'NONE', *, *, #4616, .T. ) ;
#1058 = B_SPLINE_CURVE_WITH_KNOTS ( 'NONE', 3,
 ( #4532, #6980, #2796, #7727, #2191, #3503, #4680, #7123 ),
 .UNSPECIFIED., .F., .F.,
 ( 4, 1, 1, 1, 1, 4 ),
 ( 0.0000000000000000000, 0.2000000000000000111, 0.4000000000000000222, 0.5999999999999999778, 0.8000000000000000444, 1.000000000000000000 ),
 .UNSPECIFIED. ) ;
#1059 = FACE_OUTER_BOUND ( 'NONE', #775, .T. ) ;
#1060 = ORIENTED_EDGE ( 'NONE', *, *, #2195, .T. ) ;
#1061 = DIRECTION ( 'NONE',  ( 1.927470528863119344E-15, 0.0000000000000000000, 1.000000000000000000 ) ) ;
#1062 = DIRECTION ( 'NONE',  ( -1.748601263784621946E-15, 0.0000000000000000000, -1.000000000000000000 ) ) ;
#1063 = EDGE_CURVE ( 'NONE', #2812, #5714, #3101, .T. ) ;
#1064 = CARTESIAN_POINT ( 'NONE',  ( -0.9999999999999870104, 3.750000000000006217, -0.9499999999999422240 ) ) ;
#1065 = ORIENTED_EDGE ( 'NONE', *, *, #1132, .T. ) ;
#1066 = ADVANCED_FACE ( 'NONE', ( #5532 ), #1200, .F. ) ;
#1067 = VECTOR ( 'NONE', #1096, 1000.000000000000000 ) ;
#1068 = LINE ( 'NONE', #7367, #5290 ) ;
#1069 = CARTESIAN_POINT ( 'NONE',  ( 10.77560435693830598, 5.234522406625025326, -1.340447055017962130 ) ) ;
#1070 = PLANE ( 'NONE',  #4798 ) ;
#1071 = CARTESIAN_POINT ( 'NONE',  ( -0.5999999999999980904, 10.75000000000000533, -0.9499999999999404476 ) ) ;
#1072 =( LENGTH_UNIT ( ) NAMED_UNIT ( * ) SI_UNIT ( .MILLI., .METRE. ) );
#1073 = ORIENTED_EDGE ( 'NONE', *, *, #103, .T. ) ;
#1074 = LINE ( 'NONE', #7093, #1338 ) ;
#1075 = ORIENTED_EDGE ( 'NONE', *, *, #6, .F. ) ;
#1076 = MECHANICAL_DESIGN_GEOMETRIC_PRESENTATION_REPRESENTATION (  '', ( #5508 ), #4209 ) ;
#1077 = CARTESIAN_POINT ( 'NONE',  ( 1.399032498223169885, 9.172820256114674109, 5.350000000000054712 ) ) ;
#1078 = ADVANCED_FACE ( 'NONE', ( #8020 ), #1829, .T. ) ;
#1079 = ORIENTED_EDGE ( 'NONE', *, *, #1314, .T. ) ;
#1080 = DIRECTION ( 'NONE',  ( 0.2357022603954916640, 0.9428090415820747916, -0.2357022603954940509 ) ) ;
#1081 = PRESENTATION_LAYER_ASSIGNMENT (  '', '', ( #3446 ) ) ;
#1082 = PRESENTATION_LAYER_ASSIGNMENT (  '', '', ( #6029 ) ) ;
#1083 = CARTESIAN_POINT ( 'NONE',  ( 0.1000000000000011297, 7.650000000000007461, -3.649999999999943956 ) ) ;
#1084 = LINE ( 'NONE', #1531, #7790 ) ;
#1085 = FILL_AREA_STYLE ('',( #382 ) ) ;
#1086 = EDGE_LOOP ( 'NONE', ( #1432, #7898, #356, #1548 ) ) ;
#1087 = DIRECTION ( 'NONE',  ( -0.7071067811865487940, -1.162849727212667278E-15, -0.7071067811865463515 ) ) ;
#1088 = CARTESIAN_POINT ( 'NONE',  ( 2.399999999999995914, 10.60000000000001030, -3.649999999999948397 ) ) ;
#1089 = PRESENTATION_LAYER_ASSIGNMENT (  '', '', ( #6032 ) ) ;
#1090 = AXIS2_PLACEMENT_3D ( 'NONE', #2322, #4884, #7214 ) ;
#1091 = EDGE_CURVE ( 'NONE', #1348, #3752, #7417, .T. ) ;
#1092 = CARTESIAN_POINT ( 'NONE',  ( -0.1999999993499840256, 8.599999999630806968, 6.439999997785056607 ) ) ;
#1093 = DIRECTION ( 'NONE',  ( -1.000000000000000000, -1.644517855226007998E-15, 1.748601263784621946E-15 ) ) ;
#1094 = VECTOR ( 'NONE', #4490, 1000.000000000000000 ) ;
#1095 = AXIS2_PLACEMENT_3D ( 'NONE', #6551, #4743, #974 ) ;
#1096 = DIRECTION ( 'NONE',  ( -1.000000000000000000, -1.644517855226007998E-15, 1.748601263784621946E-15 ) ) ;
#1097 = ORIENTED_EDGE ( 'NONE', *, *, #5516, .F. ) ;
#1098 = CARTESIAN_POINT ( 'NONE',  ( 1.400000004427000677, 8.199999999929909578, -2.862560683418946539 ) ) ;
#1099 = EDGE_LOOP ( 'NONE', ( #7861, #5726, #2246, #5622 ) ) ;
#1100 = CARTESIAN_POINT ( 'NONE',  ( 1.400000000000006350, 8.959486922781341178, 0.3520458903350535684 ) ) ;
#1101 = ORIENTED_EDGE ( 'NONE', *, *, #2067, .F. ) ;
#1102 = DIRECTION ( 'NONE',  ( -2.168404344971009657E-15, 0.3928571428571052682, -0.9195995135417112110 ) ) ;
#1103 = EDGE_CURVE ( 'NONE', #228, #3722, #4284, .T. ) ;
#1104 = VECTOR ( 'NONE', #5476, 1000.000000000000000 ) ;
#1105 = CARTESIAN_POINT ( 'NONE',  ( 3.175000000000016254, 7.650000000000012790, 5.850000000000051159 ) ) ;
#1106 = SURFACE_SIDE_STYLE ('',( #523 ) ) ;
#1107 = ORIENTED_EDGE ( 'NONE', *, *, #5851, .T. ) ;
#1108 =( LENGTH_UNIT ( ) NAMED_UNIT ( * ) SI_UNIT ( .MILLI., .METRE. ) );
#1109 = AXIS2_PLACEMENT_3D ( 'NONE', #3574, #4921, #2965 ) ;
#1110 = DIRECTION ( 'NONE',  ( 0.2357022603954916640, 0.9428090415820747916, -0.2357022603954940509 ) ) ;
#1111 = EDGE_CURVE ( 'NONE', #6720, #4885, #4752, .T. ) ;
#1112 = CARTESIAN_POINT ( 'NONE',  ( 2.400000000000002132, 7.650000000000011902, -2.749999999999947153 ) ) ;
#1113 = LINE ( 'NONE', #6913, #6914 ) ;
#1114 = ORIENTED_EDGE ( 'NONE', *, *, #6275, .T. ) ;
#1115 = FACE_OUTER_BOUND ( 'NONE', #1005, .T. ) ;
#1116 = EDGE_CURVE ( 'NONE', #6216, #4187, #1366, .T. ) ;
#1117 = VECTOR ( 'NONE', #2997, 1000.000000000000000 ) ;
#1118 = VERTEX_POINT ( 'NONE', #1407 ) ;
#1119 = VECTOR ( 'NONE', #7866, 1000.000000000000000 ) ;
#1120 = VECTOR ( 'NONE', #7486, 1000.000000000000000 ) ;
#1121 = DIRECTION ( 'NONE',  ( 1.171318563151324123E-15, -0.9701425001453377606, -0.2425356250363094601 ) ) ;
#1122 = ORIENTED_EDGE ( 'NONE', *, *, #7037, .T. ) ;
#1123 = CARTESIAN_POINT ( 'NONE',  ( 9.800000000000007816, 7.394714285714323765, 0.6000000000000388356 ) ) ;
#1124 = VECTOR ( 'NONE', #2159, 1000.000000000000000 ) ;
#1125 = AXIS2_PLACEMENT_3D ( 'NONE', #4267, #7807, #6642 ) ;
#1126 = LINE ( 'NONE', #3632, #4135 ) ;
#1127 = LINE ( 'NONE', #5452, #7905 ) ;
#1128 = EDGE_CURVE ( 'NONE', #2122, #7947, #2651, .T. ) ;
#1129 = ORIENTED_EDGE ( 'NONE', *, *, #2599, .F. ) ;
#1130 = DIRECTION ( 'NONE',  ( 0.9486832980505233159, 1.560126622598782925E-15, -0.3162277660168096305 ) ) ;
#1131 = CARTESIAN_POINT ( 'NONE',  ( 1.800000000000018696, 8.144714285714311330, 6.350000000000053824 ) ) ;
#1132 = EDGE_CURVE ( 'NONE', #7159, #1472, #6486, .T. ) ;
#1133 = SURFACE_STYLE_FILL_AREA ( #5496 ) ;
#1134 = LINE ( 'NONE', #6110, #4399 ) ;
#1135 = CARTESIAN_POINT ( 'NONE',  ( 0.7500000066400086540, 7.649999999998869704, 0.8499999999980554222 ) ) ;
#1136 = EDGE_CURVE ( 'NONE', #7554, #4836, #5919, .T. ) ;
#1137 = ADVANCED_FACE ( 'NONE', ( #131 ), #5277, .T. ) ;
#1138 = VERTEX_POINT ( 'NONE', #2616 ) ;
#1139 = CARTESIAN_POINT ( 'NONE',  ( 1.300000000000012923, 7.100000000000010303, 2.450000000000054357 ) ) ;
#1140 = VERTEX_POINT ( 'NONE', #1999 ) ;
#1141 = DIRECTION ( 'NONE',  ( 1.644517855226008195E-15, -1.000000000000000000, -2.890435660536364269E-30 ) ) ;
#1142 = ORIENTED_EDGE ( 'NONE', *, *, #7039, .T. ) ;
#1143 = CARTESIAN_POINT ( 'NONE',  ( 10.33454256816961525, 5.302378066438024895, 3.687525270768039487 ) ) ;
#1144 = EDGE_CURVE ( 'NONE', #1375, #7125, #278, .T. ) ;
#1145 = LINE ( 'NONE', #2427, #4495 ) ;
#1146 = B_SPLINE_CURVE_WITH_KNOTS ( 'NONE', 3,
 ( #7894, #7930, #4756, #1069, #2315 ),
 .UNSPECIFIED., .F., .F.,
 ( 4, 1, 4 ),
 ( 0.0000000000000000000, 0.5000000000000000000, 1.000000000000000000 ),
 .UNSPECIFIED. ) ;
#1147 = VECTOR ( 'NONE', #4781, 1000.000000000000000 ) ;
#1148 = ORIENTED_EDGE ( 'NONE', *, *, #7075, .T. ) ;
#1149 = CARTESIAN_POINT ( 'NONE',  ( 2.399999999999947509, 9.600000000000012079, -32.72199999999994446 ) ) ;
#1150 = CARTESIAN_POINT ( 'NONE',  ( 2.400000000000001243, 8.200000000000011724, -2.862560681041947941 ) ) ;
#1151 = CARTESIAN_POINT ( 'NONE',  ( 0.5000000000000299760, 0.7500000000000093259, 6.350000000000055600 ) ) ;
#1152 = DIRECTION ( 'NONE',  ( -1.748601263784621946E-15, 0.0000000000000000000, -1.000000000000000000 ) ) ;
#1153 = PLANE ( 'NONE',  #4472 ) ;
#1154 = ORIENTED_EDGE ( 'NONE', *, *, #3987, .F. ) ;
#1155 = SURFACE_STYLE_USAGE ( .BOTH. , #5564 ) ;
#1156 = VERTEX_POINT ( 'NONE', #5734 ) ;
#1157 = CARTESIAN_POINT ( 'NONE',  ( 0.7000000000000166089, 6.250000000000008882, 4.050000000000055778 ) ) ;
#1158 = VERTEX_POINT ( 'NONE', #2047 ) ;
#1159 = CARTESIAN_POINT ( 'NONE',  ( 9.700000000000015277, 5.400000000000024336, 3.728679656440040624 ) ) ;
#1160 = DIRECTION ( 'NONE',  ( -1.000000000000000000, -1.644517855226007998E-15, 1.748601263784621946E-15 ) ) ;
#1161 = DIRECTION ( 'NONE',  ( -1.748601263784621946E-15, 0.0000000000000000000, -1.000000000000000000 ) ) ;
#1162 = ORIENTED_EDGE ( 'NONE', *, *, #7738, .F. ) ;
#1163 = DIRECTION ( 'NONE',  ( -1.644517855226007998E-15, 1.000000000000000000, 2.875605999964573094E-30 ) ) ;
#1164 = EDGE_CURVE ( 'NONE', #3743, #2766, #1058, .T. ) ;
#1165 = EDGE_CURVE ( 'NONE', #5116, #6744, #5321, .T. ) ;
#1166 = DIRECTION ( 'NONE',  ( -1.748601263784621946E-15, 0.0000000000000000000, -1.000000000000000000 ) ) ;
#1167 = ORIENTED_EDGE ( 'NONE', *, *, #258, .T. ) ;
#1168 = DIRECTION ( 'NONE',  ( 1.000000000000000000, 1.644517855226007801E-15, -1.748601263784621748E-15 ) ) ;
#1169 = DIRECTION ( 'NONE',  ( 0.4472135954999964524, 0.8944271909998966485, -7.819982582729584600E-16 ) ) ;
#1170 = ORIENTED_EDGE ( 'NONE', *, *, #2283, .T. ) ;
#1171 = AXIS2_PLACEMENT_3D ( 'NONE', #1443, #796, #2579 ) ;
#1172 = DIRECTION ( 'NONE',  ( -1.644517855226007998E-15, 1.000000000000000000, 2.890435660536363919E-30 ) ) ;
#1173 =( NAMED_UNIT ( * ) SI_UNIT ( $, .STERADIAN. ) SOLID_ANGLE_UNIT ( ) );
#1174 = ORIENTED_EDGE ( 'NONE', *, *, #5315, .F. ) ;
#1175 = EDGE_CURVE ( 'NONE', #3890, #2143, #7163, .T. ) ;
#1176 = UNCERTAINTY_MEASURE_WITH_UNIT (LENGTH_MEASURE( 1.000000000000000082E-05 ), #3032, 'distance_accuracy_value', 'NONE');
#1177 = CARTESIAN_POINT ( 'NONE',  ( 10.99999999999998046, 5.400000000000026112, -16.64999999999995950 ) ) ;
#1178 = ORIENTED_EDGE ( 'NONE', *, *, #3537, .F. ) ;
#1179 = CARTESIAN_POINT ( 'NONE',  ( 11.00000000000001599, 5.200000000000025935, 3.645459231495037589 ) ) ;
#1180 = DIRECTION ( 'NONE',  ( 1.892425610156517368E-15, 0.0000000000000000000, 1.000000000000000000 ) ) ;
#1181 = SURFACE_SIDE_STYLE ('',( #1029 ) ) ;
#1182 = ORIENTED_EDGE ( 'NONE', *, *, #2129, .F. ) ;
#1183 = ADVANCED_FACE ( 'NONE', ( #7803 ), #4095, .T. ) ;
#1184 = PLANE ( 'NONE',  #6165 ) ;
#1185 = DIRECTION ( 'NONE',  ( 1.000000000000000000, 1.644517855226007998E-15, -1.748601263784621946E-15 ) ) ;
#1186 = DIRECTION ( 'NONE',  ( -1.644517855226007998E-15, 1.000000000000000000, 2.890435660536363919E-30 ) ) ;
#1187 = CARTESIAN_POINT ( 'NONE',  ( 3.950000000000018385, 7.144714285714313995, 6.350000000000049383 ) ) ;
#1188 = EDGE_LOOP ( 'NONE', ( #4983, #5918, #2935, #5740 ) ) ;
#1189 =( NAMED_UNIT ( * ) SI_UNIT ( $, .STERADIAN. ) SOLID_ANGLE_UNIT ( ) );
#1190 = ORIENTED_EDGE ( 'NONE', *, *, #5222, .T. ) ;
#1191 = ORIENTED_EDGE ( 'NONE', *, *, #304, .T. ) ;
#1192 = ORIENTED_EDGE ( 'NONE', *, *, #1717, .T. ) ;
#1193 = SURFACE_STYLE_USAGE ( .BOTH. , #7294 ) ;
#1194 = PLANE ( 'NONE',  #6207 ) ;
#1195 = DIRECTION ( 'NONE',  ( 0.9428090415820745696, 0.2357022603954949114, 0.2357022603954917195 ) ) ;
#1196 = VECTOR ( 'NONE', #6644, 1000.000000000000000 ) ;
#1197 = ORIENTED_EDGE ( 'NONE', *, *, #912, .T. ) ;
#1198 = CARTESIAN_POINT ( 'NONE',  ( 1.500000000000015099, 8.200000000000009948, 5.385000000000055742 ) ) ;
#1199 = ORIENTED_EDGE ( 'NONE', *, *, #2593, .T. ) ;
#1200 = PLANE ( 'NONE',  #5789 ) ;
#1201 = AXIS2_PLACEMENT_3D ( 'NONE', #3312, #3353, #4542 ) ;
#1202 =( LENGTH_UNIT ( ) NAMED_UNIT ( * ) SI_UNIT ( .MILLI., .METRE. ) );
#1203 = FACE_OUTER_BOUND ( 'NONE', #623, .T. ) ;
#1204 = DIRECTION ( 'NONE',  ( 0.9927080914950846546, -0.1205431253957962856, -1.735850623357525016E-15 ) ) ;
#1205 = ADVANCED_FACE ( 'NONE', ( #6727 ), #4302, .T. ) ;
#1206 = DIRECTION ( 'NONE',  ( 1.000000000000000000, 1.644517855226007998E-15, -1.748601263784621946E-15 ) ) ;
#1207 = EDGE_LOOP ( 'NONE', ( #6210, #7313, #3763, #206 ) ) ;
#1208 = COLOUR_RGB ( '',1.000000000000000000, 1.000000000000000000, 1.000000000000000000 ) ;
#1209 = CONICAL_SURFACE ( 'NONE', #5772, 1.374999999999999556, 0.03224688243525484360 ) ;
#1210 = ADVANCED_FACE ( 'NONE', ( #2999, #4799 ), #2349, .T. ) ;
#1211 = CARTESIAN_POINT ( 'NONE',  ( 0.6000000000000085265, 8.200000000000009948, 1.395555555000055126 ) ) ;
#1212 = ORIENTED_EDGE ( 'NONE', *, *, #5527, .T. ) ;
#1213 = VECTOR ( 'NONE', #2382, 1000.000000000000000 ) ;
#1214 = VECTOR ( 'NONE', #6761, 1000.000000000000000 ) ;
#1215 =( LENGTH_UNIT ( ) NAMED_UNIT ( * ) SI_UNIT ( .MILLI., .METRE. ) );
#1216 = ORIENTED_EDGE ( 'NONE', *, *, #5288, .F. ) ;
#1217 = DIRECTION ( 'NONE',  ( -1.801095893066399655E-14, -1.000000000000000000, 3.147915588756019432E-29 ) ) ;
#1218 = DIRECTION ( 'NONE',  ( 1.644517855226007998E-15, -1.000000000000000000, -2.890435660536363919E-30 ) ) ;
#1219 = EDGE_CURVE ( 'NONE', #726, #3188, #1722, .T. ) ;
#1220 = CARTESIAN_POINT ( 'NONE',  ( 2.400000000000020339, 8.200000000000011724, 8.350000000000054712 ) ) ;
#1221 = VECTOR ( 'NONE', #5063, 1000.000000000000114 ) ;
#1222 =( GEOMETRIC_REPRESENTATION_CONTEXT ( 3 ) GLOBAL_UNCERTAINTY_ASSIGNED_CONTEXT ( ( #2181 ) ) GLOBAL_UNIT_ASSIGNED_CONTEXT ( ( #389, #7271, #7191 ) ) REPRESENTATION_CONTEXT ( 'NONE', 'WORKASPACE' ) );
#1223 = CARTESIAN_POINT ( 'NONE',  ( 9.800000000000007816, 7.894714285714324653, 1.100000000000038503 ) ) ;
#1224 = EDGE_LOOP ( 'NONE', ( #6151, #7450, #640, #7937 ) ) ;
#1225 = DIRECTION ( 'NONE',  ( -2.168404344971009657E-15, 0.3928571428571052682, -0.9195995135417112110 ) ) ;
#1226 = CARTESIAN_POINT ( 'NONE',  ( 2.399999999999997691, 7.100000000000012079, -6.649999999999947065 ) ) ;
#1227 = PLANE ( 'NONE',  #6340 ) ;
#1228 = VECTOR ( 'NONE', #1867, 1000.000000000000000 ) ;
#1229 = VECTOR ( 'NONE', #3140, 1000.000000000000000 ) ;
#1230 = ADVANCED_FACE ( 'NONE', ( #2473 ), #6039, .F. ) ;
#1231 = ORIENTED_EDGE ( 'NONE', *, *, #7661, .F. ) ;
#1232 = FILL_AREA_STYLE_COLOUR ( '', #1208 ) ;
#1233 = EDGE_CURVE ( 'NONE', #7159, #5373, #4140, .T. ) ;
#1234 = ORIENTED_EDGE ( 'NONE', *, *, #6212, .T. ) ;
#1235 = ORIENTED_EDGE ( 'NONE', *, *, #3001, .T. ) ;
#1236 = ORIENTED_EDGE ( 'NONE', *, *, #6787, .T. ) ;
#1237 = PLANE ( 'NONE',  #7078 ) ;
#1238 = CARTESIAN_POINT ( 'NONE',  ( 0.1000000000000167422, 7.649999999998868816, 5.849999999998056310 ) ) ;
#1240 = LINE ( 'NONE', #2363, #2367 ) ;
#1239 = VECTOR ( 'NONE', #5595, 1000.000000000000000 ) ;
#1241 =( GEOMETRIC_REPRESENTATION_CONTEXT ( 3 ) GLOBAL_UNCERTAINTY_ASSIGNED_CONTEXT ( ( #3154 ) ) GLOBAL_UNIT_ASSIGNED_CONTEXT ( ( #3620, #489, #5397 ) ) REPRESENTATION_CONTEXT ( 'NONE', 'WORKASPACE' ) );
#1242 = VECTOR ( 'NONE', #1678, 1000.000000000000000 ) ;
#1243 = ORIENTED_EDGE ( 'NONE', *, *, #2227, .F. ) ;
#1244 = LINE ( 'NONE', #3751, #285 ) ;
#1245 = EDGE_LOOP ( 'NONE', ( #2301, #6734, #2126, #3556 ) ) ;
#1246 = MECHANICAL_DESIGN_GEOMETRIC_PRESENTATION_REPRESENTATION (  '', ( #4253 ), #850 ) ;
#1247 = VECTOR ( 'NONE', #7261, 1000.000000000000000 ) ;
#1248 = CARTESIAN_POINT ( 'NONE',  ( 1.398548747335005782, 8.959230384172009565, 0.3500000000000551559 ) ) ;
#1249 = DIRECTION ( 'NONE',  ( 1.644517855226007998E-15, -1.000000000000000000, -2.890435660536363919E-30 ) ) ;
#1250 = CARTESIAN_POINT ( 'NONE',  ( 10.99999999999999822, 5.400000000000026112, 8.350000000000054712 ) ) ;
#1251 = LINE ( 'NONE', #7688, #5177 ) ;
#1252 = CARTESIAN_POINT ( 'NONE',  ( 0.7000000000000061728, 8.200000000000009948, 0.3100000000000550093 ) ) ;
#1253 = AXIS2_PLACEMENT_3D ( 'NONE', #2581, #4411, #5019 ) ;
#1254 = ORIENTED_EDGE ( 'NONE', *, *, #3423, .F. ) ;
#1255 = VECTOR ( 'NONE', #3461, 1000.000000000000000 ) ;
#1256 = DIRECTION ( 'NONE',  ( 0.6000000000000014211, 9.867107131356048382E-16, 0.7999999999999990452 ) ) ;
#1257 =( NAMED_UNIT ( * ) PLANE_ANGLE_UNIT ( ) SI_UNIT ( $, .RADIAN. ) );
#1258 = ORIENTED_EDGE ( 'NONE', *, *, #6231, .F. ) ;
#1259 = UNCERTAINTY_MEASURE_WITH_UNIT (LENGTH_MEASURE( 1.000000000000000082E-05 ), #2903, 'distance_accuracy_value', 'NONE');
#1260 = EDGE_CURVE ( 'NONE', #1375, #7660, #4213, .T. ) ;
#1261 = PRESENTATION_STYLE_ASSIGNMENT (( #6835 ) ) ;
#1262 = ORIENTED_EDGE ( 'NONE', *, *, #7135, .F. ) ;
#1263 = DIRECTION ( 'NONE',  ( -1.000000000000000000, -1.644517855226008195E-15, 0.0000000000000000000 ) ) ;
#1264 = DIRECTION ( 'NONE',  ( -0.8076923076923187006, 0.5896042198752116104, 1.417802840942582448E-15 ) ) ;
#1265 = EDGE_CURVE ( 'NONE', #6262, #1838, #6122, .T. ) ;
#1266 = ORIENTED_EDGE ( 'NONE', *, *, #1103, .T. ) ;
#1267 = DIRECTION ( 'NONE',  ( 1.634159799354254388E-15, -1.000000000000000000, 0.0000000000000000000 ) ) ;
#1268 = CARTESIAN_POINT ( 'NONE',  ( 1.300000000000016476, 7.100000000000010303, 4.250000000000055067 ) ) ;
#1269 = EDGE_CURVE ( 'NONE', #5267, #3743, #2594, .T. ) ;
#1270 = DIRECTION ( 'NONE',  ( -0.7427813513546137614, 0.3713906757630058286, 0.5570860167300123456 ) ) ;
#1271 = ORIENTED_EDGE ( 'NONE', *, *, #4699, .F. ) ;
#1272 = PLANE ( 'NONE',  #5771 ) ;
#1273 = ORIENTED_EDGE ( 'NONE', *, *, #1274, .F. ) ;
#1274 = EDGE_CURVE ( 'NONE', #4716, #3722, #5077, .T. ) ;
#1275 = EDGE_LOOP ( 'NONE', ( #3812, #6923, #7134, #6807, #4482 ) ) ;
#1276 = EDGE_LOOP ( 'NONE', ( #2859, #4859, #2855, #1296, #3138, #7577 ) ) ;
#1277 = DIRECTION ( 'NONE',  ( 1.644517855226008195E-15, -1.000000000000000000, -2.890435660536364269E-30 ) ) ;
#1278 = ADVANCED_FACE ( 'NONE', ( #1845 ), #1977, .F. ) ;
#1279 = LINE ( 'NONE', #7902, #74 ) ;
#1280 = DIRECTION ( 'NONE',  ( -1.644517855226008195E-15, 1.000000000000000000, 2.890435660536364269E-30 ) ) ;
#1281 = EDGE_LOOP ( 'NONE', ( #2241, #3930, #2700, #3882, #3326, #123 ) ) ;
#1282 = PRESENTATION_STYLE_ASSIGNMENT (( #6861 ) ) ;
#1283 = ORIENTED_EDGE ( 'NONE', *, *, #4644, .F. ) ;
#1284 = CARTESIAN_POINT ( 'NONE',  ( 2.400000000000016787, 5.400000000000012790, 3.728679656440054391 ) ) ;
#1285 = EDGE_CURVE ( 'NONE', #7249, #3085, #6843, .T. ) ;
#1286 = DIRECTION ( 'NONE',  ( 1.000000000000000000, 1.549021660576226239E-12, -6.743308347092845593E-13 ) ) ;
#1287 =( NAMED_UNIT ( * ) SI_UNIT ( $, .STERADIAN. ) SOLID_ANGLE_UNIT ( ) );
#1288 = VECTOR ( 'NONE', #404, 1000.000000000000000 ) ;
#1289 = DIRECTION ( 'NONE',  ( 1.706285386945153899E-15, -1.000000000000000000, 0.0000000000000000000 ) ) ;
#1290 = CARTESIAN_POINT ( 'NONE',  ( 1.499999999999997780, 8.200000000000009948, -4.639999999999945501 ) ) ;
#1291 = CARTESIAN_POINT ( 'NONE',  ( 7.999999999999986677, 12.25000000000001954, -6.649999999999956835 ) ) ;
#1292 = EDGE_LOOP ( 'NONE', ( #6253, #2442, #3798, #2343 ) ) ;
#1293 = B_SPLINE_CURVE_WITH_KNOTS ( 'NONE', 3,
 ( #3103, #4938, #1830, #1248 ),
 .UNSPECIFIED., .F., .F.,
 ( 4, 4 ),
 ( 0.0000000000000000000, 1.000000000000000000 ),
 .UNSPECIFIED. ) ;
#1294 = CARTESIAN_POINT ( 'NONE',  ( 1.500000000000008216, 7.650000000000010125, 0.8500000000000538236 ) ) ;
#1295 = VERTEX_POINT ( 'NONE', #6959 ) ;
#1296 = ORIENTED_EDGE ( 'NONE', *, *, #5175, .F. ) ;
#1297 = FACE_OUTER_BOUND ( 'NONE', #503, .T. ) ;
#1298 = ORIENTED_EDGE ( 'NONE', *, *, #5920, .F. ) ;
#1299 = SURFACE_STYLE_USAGE ( .BOTH. , #3116 ) ;
#1300 = DIRECTION ( 'NONE',  ( -1.644517855226008195E-15, 1.000000000000000000, 2.890435660536364269E-30 ) ) ;
#1301 = VECTOR ( 'NONE', #1859, 1000.000000000000000 ) ;
#1302 = DIRECTION ( 'NONE',  ( 0.9701425001453373165, 0.2425356250363110422, -1.696392401805309466E-15 ) ) ;
#1303 = LINE ( 'NONE', #109, #4911 ) ;
#1304 = FACE_OUTER_BOUND ( 'NONE', #2566, .T. ) ;
#1305 = ORIENTED_EDGE ( 'NONE', *, *, #3184, .F. ) ;
#1306 = AXIS2_PLACEMENT_3D ( 'NONE', #663, #5809, #42 ) ;
#1307 =( NAMED_UNIT ( * ) SI_UNIT ( $, .STERADIAN. ) SOLID_ANGLE_UNIT ( ) );
#1308 = PLANE ( 'NONE',  #3079 ) ;
#1309 =( NAMED_UNIT ( * ) PLANE_ANGLE_UNIT ( ) SI_UNIT ( $, .RADIAN. ) );
#1310 = EDGE_CURVE ( 'NONE', #588, #4133, #7438, .T. ) ;
#1311 = EDGE_LOOP ( 'NONE', ( #7066, #4413, #5976, #7272 ) ) ;
#1312 = LINE ( 'NONE', #6337, #7187 ) ;
#1313 = ORIENTED_EDGE ( 'NONE', *, *, #4682, .F. ) ;
#1314 = EDGE_CURVE ( 'NONE', #2436, #6871, #774, .T. ) ;
#1315 = ORIENTED_EDGE ( 'NONE', *, *, #5527, .F. ) ;
#1316 = ORIENTED_EDGE ( 'NONE', *, *, #4655, .F. ) ;
#1317 = LINE ( 'NONE', #7010, #5160 ) ;
#1318 = FILL_AREA_STYLE_COLOUR ( '', #6845 ) ;
#1319 = DIRECTION ( 'NONE',  ( 1.000000000000000000, 1.644517855226007801E-15, -1.748601263784621748E-15 ) ) ;
#1320 = ORIENTED_EDGE ( 'NONE', *, *, #7950, .F. ) ;
#1321 =( NAMED_UNIT ( * ) SI_UNIT ( $, .STERADIAN. ) SOLID_ANGLE_UNIT ( ) );
#1322 = ORIENTED_EDGE ( 'NONE', *, *, #411, .F. ) ;
#1323 = EDGE_CURVE ( 'NONE', #7772, #736, #1495, .T. ) ;
#1324 = CARTESIAN_POINT ( 'NONE',  ( 1.300000000000018252, 5.400000000000011013, 4.250000000000055067 ) ) ;
#1326 = CIRCLE ( 'NONE', #2004, 2.950000000000001066 ) ;
#1325 = CARTESIAN_POINT ( 'NONE',  ( 0.5000000000000125455, 0.7500000000000093259, -3.649999999999944844 ) ) ;
#1327 = DIRECTION ( 'NONE',  ( -1.000000000000000000, -1.644517855226007998E-15, 1.748601263784621946E-15 ) ) ;
#1328 = DIRECTION ( 'NONE',  ( -1.000000000000000000, -1.644517855226008195E-15, 0.0000000000000000000 ) ) ;
#1329 = DIRECTION ( 'NONE',  ( -7.280287483979462752E-14, -1.168500215858619925E-28, -1.000000000000000000 ) ) ;
#1330 = LINE ( 'NONE', #3020, #3939 ) ;
#1331 = ORIENTED_EDGE ( 'NONE', *, *, #7075, .F. ) ;
#1332 = EDGE_CURVE ( 'NONE', #5072, #3629, #4515, .T. ) ;
#1333 = STYLED_ITEM ( 'NONE', ( #3474 ), #4172 ) ;
#1334 = FILL_AREA_STYLE ('',( #8029 ) ) ;
#1335 = ORIENTED_EDGE ( 'NONE', *, *, #5602, .F. ) ;
#1336 = UNCERTAINTY_MEASURE_WITH_UNIT (LENGTH_MEASURE( 1.000000000000000082E-05 ), #1521, 'distance_accuracy_value', 'NONE');
#1337 =( LENGTH_UNIT ( ) NAMED_UNIT ( * ) SI_UNIT ( .MILLI., .METRE. ) );
#1338 = VECTOR ( 'NONE', #4688, 1000.000000000000000 ) ;
#1339 = DIRECTION ( 'NONE',  ( -1.644517855226008195E-15, 1.000000000000000000, 2.890435660536364269E-30 ) ) ;
#1340 =( NAMED_UNIT ( * ) PLANE_ANGLE_UNIT ( ) SI_UNIT ( $, .RADIAN. ) );
#1341 = DIRECTION ( 'NONE',  ( 0.5999999999999985345, 9.867107131356048382E-16, -0.8000000000000010436 ) ) ;
#1342 = AXIS2_PLACEMENT_3D ( 'NONE', #1554, #2263, #4054 ) ;
#1343 = VECTOR ( 'NONE', #2476, 1000.000000000000000 ) ;
#1344 = ORIENTED_EDGE ( 'NONE', *, *, #3873, .F. ) ;
#1345 = CARTESIAN_POINT ( 'NONE',  ( 8.799999999999998934, 7.144714285714321989, -4.649999999999958611 ) ) ;
#1346 = LINE ( 'NONE', #1268, #5165 ) ;
#1347 = CARTESIAN_POINT ( 'NONE',  ( 3.950000000000001066, 7.144714285714313995, -3.649999999999951061 ) ) ;
#1348 = VERTEX_POINT ( 'NONE', #1223 ) ;
#1349 = CARTESIAN_POINT ( 'NONE',  ( 3.950000000000008171, 8.144714285714314883, 1.350000000000049161 ) ) ;
#1350 = VECTOR ( 'NONE', #1370, 1000.000000000000000 ) ;
#1351 = ORIENTED_EDGE ( 'NONE', *, *, #7496, .T. ) ;
#1352 = VERTEX_POINT ( 'NONE', #3161 ) ;
#1353 = ORIENTED_EDGE ( 'NONE', *, *, #2797, .F. ) ;
#1354 = ORIENTED_EDGE ( 'NONE', *, *, #7029, .T. ) ;
#1355 =( GEOMETRIC_REPRESENTATION_CONTEXT ( 3 ) GLOBAL_UNCERTAINTY_ASSIGNED_CONTEXT ( ( #1259 ) ) GLOBAL_UNIT_ASSIGNED_CONTEXT ( ( #2903, #2211, #6544 ) ) REPRESENTATION_CONTEXT ( 'NONE', 'WORKASPACE' ) );
#1356 = VECTOR ( 'NONE', #6390, 1000.000000000000000 ) ;
#1357 = EDGE_CURVE ( 'NONE', #6269, #245, #4383, .T. ) ;
#1358 = CARTESIAN_POINT ( 'NONE',  ( 1.500000000000006439, 4.200000000000010836, -3.649999999999946620 ) ) ;
#1359 = CARTESIAN_POINT ( 'NONE',  ( 2.400000000000015010, 9.600000000000012079, 6.350000000000052047 ) ) ;
#1360 = ADVANCED_FACE ( 'NONE', ( #734 ), #2021, .T. ) ;
#1361 =( LENGTH_UNIT ( ) NAMED_UNIT ( * ) SI_UNIT ( .MILLI., .METRE. ) );
#1362 = ORIENTED_EDGE ( 'NONE', *, *, #6001, .F. ) ;
#1363 = VERTEX_POINT ( 'NONE', #5036 ) ;
#1364 = AXIS2_PLACEMENT_3D ( 'NONE', #5934, #5367, #4151 ) ;
#1365 = AXIS2_PLACEMENT_3D ( 'NONE', #5830, #5790, #7762 ) ;
#1366 = LINE ( 'NONE', #712, #5407 ) ;
#1367 = EDGE_CURVE ( 'NONE', #1138, #1908, #7487, .T. ) ;
#1368 = SURFACE_STYLE_USAGE ( .BOTH. , #6901 ) ;
#1369 = PRESENTATION_LAYER_ASSIGNMENT (  '', '', ( #5670 ) ) ;
#1370 = DIRECTION ( 'NONE',  ( 1.000000000000000000, 1.644517855226007998E-15, -1.748601263784621946E-15 ) ) ;
#1371 = CARTESIAN_POINT ( 'NONE',  ( 0.7000000000000148326, 4.200000000000009059, 1.390000000000055191 ) ) ;
#1372 = ADVANCED_FACE ( 'NONE', ( #1304 ), #3806, .F. ) ;
#1373 =( NAMED_UNIT ( * ) SI_UNIT ( $, .STERADIAN. ) SOLID_ANGLE_UNIT ( ) );
#1374 = DIRECTION ( 'NONE',  ( 0.0000000000000000000, -0.7142857142856899877, -0.6998542122237899621 ) ) ;
#1375 = VERTEX_POINT ( 'NONE', #4671 ) ;
#1376 = CARTESIAN_POINT ( 'NONE',  ( 1.398548747333999698, 8.959230384045008933, -3.649999999999946620 ) ) ;
#1377 = CIRCLE ( 'NONE', #5421, 3.149999999999999467 ) ;
#1378 = AXIS2_PLACEMENT_3D ( 'NONE', #7387, #1166, #4409 ) ;
#1379 = VECTOR ( 'NONE', #733, 1000.000000000000000 ) ;
#1380 = DIRECTION ( 'NONE',  ( -0.1788854381999993026, -2.941802971598303344E-16, 0.9838699100999045433 ) ) ;
#1381 = ORIENTED_EDGE ( 'NONE', *, *, #1367, .T. ) ;
#1382 = EDGE_CURVE ( 'NONE', #3480, #6624, #193, .T. ) ;
#1383 = EDGE_CURVE ( 'NONE', #2101, #931, #3958, .T. ) ;
#1384 = AXIS2_PLACEMENT_3D ( 'NONE', #428, #6626, #2372 ) ;
#1385 = DIRECTION ( 'NONE',  ( 0.8411784753765673139, -0.5407575913134772261, -1.470885745111887003E-15 ) ) ;
#1386 = CIRCLE ( 'NONE', #5178, 1.400000000001999201 ) ;
#1387 =( LENGTH_UNIT ( ) NAMED_UNIT ( * ) SI_UNIT ( .MILLI., .METRE. ) );
#1388 = LINE ( 'NONE', #2666, #6654 ) ;
#1389 = PRESENTATION_STYLE_ASSIGNMENT (( #1888 ) ) ;
#1390 = CARTESIAN_POINT ( 'NONE',  ( 9.800000000000007816, 7.394714285714323765, 0.6000000000000388356 ) ) ;
#1391 = VECTOR ( 'NONE', #7119, 1000.000000000000000 ) ;
#1392 = ORIENTED_EDGE ( 'NONE', *, *, #249, .F. ) ;
#1393 = LINE ( 'NONE', #6328, #5393 ) ;
#1394 = CARTESIAN_POINT ( 'NONE',  ( 2.500000000000021316, 3.750000000000012434, 4.050000000000054001 ) ) ;
#1395 = ADVANCED_FACE ( 'NONE', ( #6513 ), #3369, .F. ) ;
#1396 = DIRECTION ( 'NONE',  ( -1.748601263784621748E-15, 0.0000000000000000000, -1.000000000000000000 ) ) ;
#1397 = ORIENTED_EDGE ( 'NONE', *, *, #3425, .F. ) ;
#1398 = CARTESIAN_POINT ( 'NONE',  ( -0.1999999993499840256, 8.599999999630806968, 6.439999997785056607 ) ) ;
#1399 =( NAMED_UNIT ( * ) SI_UNIT ( $, .STERADIAN. ) SOLID_ANGLE_UNIT ( ) );
#1400 = VERTEX_POINT ( 'NONE', #2714 ) ;
#1401 = VERTEX_POINT ( 'NONE', #6441 ) ;
#1402 = DIRECTION ( 'NONE',  ( -1.000000000000000000, -1.644517855226007998E-15, 1.748601263784621946E-15 ) ) ;
#1403 = CARTESIAN_POINT ( 'NONE',  ( 0.7000000000000061728, 7.100000000000009415, -1.299999999999944533 ) ) ;
#1404 = LINE ( 'NONE', #3176, #6115 ) ;
#1405 = VERTEX_POINT ( 'NONE', #2786 ) ;
#1406 = ORIENTED_EDGE ( 'NONE', *, *, #3425, .T. ) ;
#1407 = CARTESIAN_POINT ( 'NONE',  ( 11.00000000000001599, 11.75000000000002309, 8.350000000000054712 ) ) ;
#1408 = PRESENTATION_LAYER_ASSIGNMENT (  '', '', ( #1018 ) ) ;
#1409 = CARTESIAN_POINT ( 'NONE',  ( 9.800000000000016698, 7.894714285714324653, 6.100000000000038725 ) ) ;
#1410 =( NAMED_UNIT ( * ) PLANE_ANGLE_UNIT ( ) SI_UNIT ( $, .RADIAN. ) );
#1411 = DIRECTION ( 'NONE',  ( -1.489513996486854122E-09, 1.000000000000000000, 7.237763924156027255E-10 ) ) ;
#1412 = FACE_OUTER_BOUND ( 'NONE', #4500, .T. ) ;
#1413 = PLANE ( 'NONE',  #2395 ) ;
#1414 = ORIENTED_EDGE ( 'NONE', *, *, #6510, .T. ) ;
#1415 = ADVANCED_FACE ( 'NONE', ( #7113 ), #930, .F. ) ;
#1416 = SURFACE_STYLE_FILL_AREA ( #7628 ) ;
#1417 = EDGE_CURVE ( 'NONE', #6977, #4982, #976, .T. ) ;
#1418 = UNCERTAINTY_MEASURE_WITH_UNIT (LENGTH_MEASURE( 1.000000000000000082E-05 ), #1921, 'distance_accuracy_value', 'NONE');
#1419 = ORIENTED_EDGE ( 'NONE', *, *, #2102, .T. ) ;
#1420 =( NAMED_UNIT ( * ) SI_UNIT ( $, .STERADIAN. ) SOLID_ANGLE_UNIT ( ) );
#1421 = DIRECTION ( 'NONE',  ( 0.2357022603954955775, -0.9428090415820740144, 0.2357022603954931905 ) ) ;
#1422 =( NAMED_UNIT ( * ) PLANE_ANGLE_UNIT ( ) SI_UNIT ( $, .RADIAN. ) );
#1423 = PLANE ( 'NONE',  #7193 ) ;
#1424 = CARTESIAN_POINT ( 'NONE',  ( 0.1000000000000150074, 7.100000000000008527, 3.850000000000057376 ) ) ;
#1425 = ADVANCED_FACE ( 'NONE', ( #7032 ), #5223, .F. ) ;
#1426 = VERTEX_POINT ( 'NONE', #5907 ) ;
#1427 = CARTESIAN_POINT ( 'NONE',  ( 11.00000000000000178, 3.750000000000026201, -6.649999999999962164 ) ) ;
#1428 = LINE ( 'NONE', #934, #7229 ) ;
#1429 = VERTEX_POINT ( 'NONE', #7715 ) ;
#1430 =( NAMED_UNIT ( * ) SI_UNIT ( $, .STERADIAN. ) SOLID_ANGLE_UNIT ( ) );
#1431 = FILL_AREA_STYLE ('',( #6284 ) ) ;
#1432 = ORIENTED_EDGE ( 'NONE', *, *, #687, .F. ) ;
#1433 = EDGE_CURVE ( 'NONE', #4014, #6926, #2131, .T. ) ;
#1434 = ORIENTED_EDGE ( 'NONE', *, *, #5607, .F. ) ;
#1435 =( LENGTH_UNIT ( ) NAMED_UNIT ( * ) SI_UNIT ( .MILLI., .METRE. ) );
#1436 = CARTESIAN_POINT ( 'NONE',  ( 0.09999999999999766020, 9.638089535207008396, -3.649999999999943956 ) ) ;
#1437 = PRESENTATION_STYLE_ASSIGNMENT (( #2488 ) ) ;
#1438 = VERTEX_POINT ( 'NONE', #854 ) ;
#1439 = PLANE ( 'NONE',  #2133 ) ;
#1440 = VERTEX_POINT ( 'NONE', #4555 ) ;
#1441 = CARTESIAN_POINT ( 'NONE',  ( 0.6000000000000085265, 8.200000000000009948, 1.395555555000055126 ) ) ;
#1442 = CARTESIAN_POINT ( 'NONE',  ( 11.00000000000001066, 11.75000000000002487, 6.750000000000037303 ) ) ;
#1443 = CARTESIAN_POINT ( 'NONE',  ( 9.299999999999998934, 7.269714285714322877, -4.149999999999960387 ) ) ;
#1444 = DIRECTION ( 'NONE',  ( 1.706285386945153899E-15, -1.000000000000000000, 0.0000000000000000000 ) ) ;
#1445 = VERTEX_POINT ( 'NONE', #4707 ) ;
#1446 = DIRECTION ( 'NONE',  ( 0.9838699100999044322, 1.617991634378899626E-15, 0.1788854381999992749 ) ) ;
#1447 = SURFACE_STYLE_FILL_AREA ( #138 ) ;
#1448 = AXIS2_PLACEMENT_3D ( 'NONE', #1835, #6868, #7351 ) ;
#1449 = VERTEX_POINT ( 'NONE', #4625 ) ;
#1450 = EDGE_CURVE ( 'NONE', #2757, #1799, #808, .T. ) ;
#1451 = LINE ( 'NONE', #104, #7629 ) ;
#1452 = LINE ( 'NONE', #7667, #7082 ) ;
#1453 = PLANE ( 'NONE',  #141 ) ;
#1454 = ADVANCED_FACE ( 'NONE', ( #1458 ), #7601, .F. ) ;
#1455 = MECHANICAL_DESIGN_GEOMETRIC_PRESENTATION_REPRESENTATION (  '', ( #1333 ), #2526 ) ;
#1456 = CARTESIAN_POINT ( 'NONE',  ( -0.5999999999999894307, 10.75000000000000533, 4.050000000000059330 ) ) ;
#1457 = CARTESIAN_POINT ( 'NONE',  ( -0.5999999999999755529, 4.200000000000007283, 6.740000000000057057 ) ) ;
#1458 = FACE_OUTER_BOUND ( 'NONE', #1311, .T. ) ;
#1459 = ORIENTED_EDGE ( 'NONE', *, *, #5191, .T. ) ;
#1460 = VECTOR ( 'NONE', #288, 1000.000000000000000 ) ;
#1461 = AXIS2_PLACEMENT_3D ( 'NONE', #1149, #6607, #6002 ) ;
#1462 = EDGE_CURVE ( 'NONE', #5885, #3730, #2749, .T. ) ;
#1463 = AXIS2_PLACEMENT_3D ( 'NONE', #7350, #5579, #1289 ) ;
#1464 = FACE_OUTER_BOUND ( 'NONE', #865, .T. ) ;
#1465 =( NAMED_UNIT ( * ) SI_UNIT ( $, .STERADIAN. ) SOLID_ANGLE_UNIT ( ) );
#1466 = ORIENTED_EDGE ( 'NONE', *, *, #513, .T. ) ;
#1467 = CARTESIAN_POINT ( 'NONE',  ( 2.400000000000007905, 5.400000000000012790, -2.028679656439947632 ) ) ;
#1468 = EDGE_CURVE ( 'NONE', #3046, #3162, #7349, .T. ) ;
#1469 = ORIENTED_EDGE ( 'NONE', *, *, #2330, .F. ) ;
#1470 = VECTOR ( 'NONE', #6155, 1000.000000000000000 ) ;
#1471 = AXIS2_PLACEMENT_3D ( 'NONE', #1847, #6920, #5676 ) ;
#1472 = VERTEX_POINT ( 'NONE', #1424 ) ;
#1473 = CARTESIAN_POINT ( 'NONE',  ( -0.9999999999999731326, 3.750000000000006217, 7.650000000000058087 ) ) ;
#1474 = EDGE_CURVE ( 'NONE', #1754, #6720, #2178, .T. ) ;
#1475 = FACE_OUTER_BOUND ( 'NONE', #1188, .T. ) ;
#1476 = AXIS2_PLACEMENT_3D ( 'NONE', #5438, #5511, #2348 ) ;
#1477 = DIRECTION ( 'NONE',  ( 1.748601263784621946E-15, 0.0000000000000000000, 1.000000000000000000 ) ) ;
#1478 = EDGE_CURVE ( 'NONE', #4072, #5733, #2218, .T. ) ;
#1479 = LINE ( 'NONE', #2853, #4845 ) ;
#1480 = FILL_AREA_STYLE_COLOUR ( '', #3229 ) ;
#1481 = ORIENTED_EDGE ( 'NONE', *, *, #7631, .F. ) ;
#1482 = FACE_OUTER_BOUND ( 'NONE', #3148, .T. ) ;
#1483 = ORIENTED_EDGE ( 'NONE', *, *, #4875, .F. ) ;
#1484 = AXIS2_PLACEMENT_3D ( 'NONE', #3789, #6708, #3672 ) ;
#1485 = MECHANICAL_DESIGN_GEOMETRIC_PRESENTATION_REPRESENTATION (  '', ( #5400 ), #5148 ) ;
#1486 =( NAMED_UNIT ( * ) SI_UNIT ( $, .STERADIAN. ) SOLID_ANGLE_UNIT ( ) );
#1487 = CARTESIAN_POINT ( 'NONE',  ( 1.400000000000007905, 8.958578961035836841, 1.347607355697262976 ) ) ;
#1488 = ADVANCED_FACE ( 'NONE', ( #5957 ), #2875, .T. ) ;
#1489 = VECTOR ( 'NONE', #5942, 1000.000000000000114 ) ;
#1490 = DIRECTION ( 'NONE',  ( 0.7071067811864987229, 1.162849727212585039E-15, 0.7071067811865963115 ) ) ;
#1491 = EDGE_LOOP ( 'NONE', ( #6860, #6166, #167, #6573 ) ) ;
#1492 = CARTESIAN_POINT ( 'NONE',  ( 0.7400000000000236389, 4.200000000000009059, 6.350000000000055600 ) ) ;
#1493 = DIRECTION ( 'NONE',  ( 0.2425356250363111532, 3.988541659006108938E-16, 0.9701425001453373165 ) ) ;
#1494 = VECTOR ( 'NONE', #1080, 1000.000000000000227 ) ;
#1495 = CIRCLE ( 'NONE', #4897, 1.349999999999999645 ) ;
#1496 = VERTEX_POINT ( 'NONE', #6598 ) ;
#1497 = CARTESIAN_POINT ( 'NONE',  ( 1.300000000000006040, 5.400000000000011013, -2.549999999999945643 ) ) ;
#1498 = LINE ( 'NONE', #2744, #2310 ) ;
#1499 = DIRECTION ( 'NONE',  ( -0.7999999999999989342, -1.315614284180806122E-15, 0.6000000000000013101 ) ) ;
#1500 =( GEOMETRIC_REPRESENTATION_CONTEXT ( 3 ) GLOBAL_UNCERTAINTY_ASSIGNED_CONTEXT ( ( #7920 ) ) GLOBAL_UNIT_ASSIGNED_CONTEXT ( ( #1387, #804, #1886 ) ) REPRESENTATION_CONTEXT ( 'NONE', 'WORKASPACE' ) );
#1501 = VERTEX_POINT ( 'NONE', #3529 ) ;
#1502 = PRESENTATION_LAYER_ASSIGNMENT (  '', '', ( #6194 ) ) ;
#1503 = LINE ( 'NONE', #3557, #2544 ) ;
#1504 = DIRECTION ( 'NONE',  ( -1.000000000000000000, -1.644517855226007998E-15, 1.748601263784621748E-15 ) ) ;
#1505 = CARTESIAN_POINT ( 'NONE',  ( 0.7466439969400009424, 7.606602420031609135, -3.656643996938944596 ) ) ;
#1506 = EDGE_LOOP ( 'NONE', ( #2104, #7744, #2409, #4981 ) ) ;
#1507 = ADVANCED_FACE ( 'NONE', ( #7836 ), #7881, .T. ) ;
#1508 = UNCERTAINTY_MEASURE_WITH_UNIT (LENGTH_MEASURE( 1.000000000000000082E-05 ), #3180, 'distance_accuracy_value', 'NONE');
#1509 = PRESENTATION_LAYER_ASSIGNMENT (  '', '', ( #5677 ) ) ;
#1510 = CIRCLE ( 'NONE', #1647, 0.9999999999999991118 ) ;
#1511 = DIRECTION ( 'NONE',  ( 1.644517855226008195E-15, -1.000000000000000000, -2.890435660536364269E-30 ) ) ;
#1512 = LINE ( 'NONE', #6481, #3746 ) ;
#1513 = ORIENTED_EDGE ( 'NONE', *, *, #1233, .F. ) ;
#1514 = DIRECTION ( 'NONE',  ( 0.9838699100999038771, 1.617991634378899823E-15, -0.1788854382000027443 ) ) ;
#1515 = ORIENTED_EDGE ( 'NONE', *, *, #1517, .T. ) ;
#1516 = CIRCLE ( 'NONE', #5055, 2.050000000001999556 ) ;
#1517 = EDGE_CURVE ( 'NONE', #2200, #2812, #2341, .T. ) ;
#1518 = EDGE_LOOP ( 'NONE', ( #111, #6521, #2, #3269, #7763, #5500 ) ) ;
#1519 = EDGE_CURVE ( 'NONE', #6216, #810, #390, .T. ) ;
#1520 = FACE_OUTER_BOUND ( 'NONE', #4708, .T. ) ;
#1521 =( LENGTH_UNIT ( ) NAMED_UNIT ( * ) SI_UNIT ( .MILLI., .METRE. ) );
#1522 = FACE_OUTER_BOUND ( 'NONE', #6104, .T. ) ;
#1523 = FACE_BOUND ( 'NONE', #4691, .T. ) ;
#1524 = VERTEX_POINT ( 'NONE', #4861 ) ;
#1525 = LINE ( 'NONE', #2236, #2916 ) ;
#1526 = ORIENTED_EDGE ( 'NONE', *, *, #6469, .T. ) ;
#1527 = ADVANCED_FACE ( 'NONE', ( #2910 ), #5430, .T. ) ;
#1528 = ORIENTED_EDGE ( 'NONE', *, *, #7135, .T. ) ;
#1529 = CARTESIAN_POINT ( 'NONE',  ( 1.400000000000017453, 8.960000000000009734, 6.343862328995053979 ) ) ;
#1530 = FACE_OUTER_BOUND ( 'NONE', #4405, .T. ) ;
#1531 = CARTESIAN_POINT ( 'NONE',  ( 0.7400000000000063194, 4.200000000000009059, -3.649999999999944844 ) ) ;
#1532 = CARTESIAN_POINT ( 'NONE',  ( 1.500000000000008216, 8.200000000000009948, 1.340000000000053815 ) ) ;
#1533 = ORIENTED_EDGE ( 'NONE', *, *, #7319, .F. ) ;
#1534 = AXIS2_PLACEMENT_3D ( 'NONE', #3979, #6457, #1035 ) ;
#1535 =( NAMED_UNIT ( * ) SI_UNIT ( $, .STERADIAN. ) SOLID_ANGLE_UNIT ( ) );
#1536 = MECHANICAL_DESIGN_GEOMETRIC_PRESENTATION_REPRESENTATION (  '', ( #1018 ), #4813 ) ;
#1537 = B_SPLINE_CURVE_WITH_KNOTS ( 'NONE', 3,
 ( #3568, #5552, #1143, #2957, #1179 ),
 .UNSPECIFIED., .F., .F.,
 ( 4, 1, 4 ),
 ( 0.0000000000000000000, 0.5000000000000000000, 1.000000000000000000 ),
 .UNSPECIFIED. ) ;
#1538 = CARTESIAN_POINT ( 'NONE',  ( 0.7500000000000301981, -0.2499999999999906741, 6.100000000000054712 ) ) ;
#1539 = EDGE_CURVE ( 'NONE', #7396, #8041, #4203, .T. ) ;
#1540 = DIRECTION ( 'NONE',  ( 1.000000000000000000, 1.644517855226007998E-15, -1.748601263784621946E-15 ) ) ;
#1541 = ORIENTED_EDGE ( 'NONE', *, *, #6900, .F. ) ;
#1542 = LINE ( 'NONE', #1014, #2989 ) ;
#1543 = DIRECTION ( 'NONE',  ( 1.000000000000000000, 1.644517855226007998E-15, -1.748601263784621748E-15 ) ) ;
#1544 = DIRECTION ( 'NONE',  ( 1.000000000000000000, 1.644517855226007998E-15, -1.748601263784621946E-15 ) ) ;
#1545 = ORIENTED_EDGE ( 'NONE', *, *, #1800, .F. ) ;
#1546 = FILL_AREA_STYLE_COLOUR ( '', #1751 ) ;
#1547 = DIRECTION ( 'NONE',  ( -0.9333456062030549560, 0.3589790793088810106, 1.632049306554485608E-15 ) ) ;
#1548 = ORIENTED_EDGE ( 'NONE', *, *, #4190, .F. ) ;
#1549 = DIRECTION ( 'NONE',  ( -1.000000000000000000, -1.644517855226007801E-15, 1.748601263784621748E-15 ) ) ;
#1550 = CARTESIAN_POINT ( 'NONE',  ( 0.7400000000000132028, 4.200000000000009059, 0.3500000000000551559 ) ) ;
#1551 = ORIENTED_EDGE ( 'NONE', *, *, #2203, .F. ) ;
#1552 = FACE_OUTER_BOUND ( 'NONE', #8030, .T. ) ;
#1553 = VECTOR ( 'NONE', #166, 1000.000000000000000 ) ;
#1554 = CARTESIAN_POINT ( 'NONE',  ( 2.400000000000006128, 9.600000000000012079, 1.350000000000051603 ) ) ;
#1555 = ORIENTED_EDGE ( 'NONE', *, *, #6231, .T. ) ;
#1556 =( NAMED_UNIT ( * ) SI_UNIT ( $, .STERADIAN. ) SOLID_ANGLE_UNIT ( ) );
#1557 = ORIENTED_EDGE ( 'NONE', *, *, #3125, .T. ) ;
#1558 = FACE_OUTER_BOUND ( 'NONE', #2507, .T. ) ;
#1559 = DIRECTION ( 'NONE',  ( -1.000000000000000000, -1.644517855226007801E-15, 1.748601263784621748E-15 ) ) ;
#1560 = SURFACE_STYLE_USAGE ( .BOTH. , #944 ) ;
#1561 = ADVANCED_FACE ( 'NONE', ( #6666 ), #5349, .T. ) ;
#1562 =( NAMED_UNIT ( * ) PLANE_ANGLE_UNIT ( ) SI_UNIT ( $, .RADIAN. ) );
#1563 = CARTESIAN_POINT ( 'NONE',  ( 3.950000000000015277, 8.144714285714314883, 5.350000000000050271 ) ) ;
#1564 = ORIENTED_EDGE ( 'NONE', *, *, #2492, .T. ) ;
#1565 = CARTESIAN_POINT ( 'NONE',  ( -0.1999999993499944340, 8.599999999630806968, 0.2600000022150578127 ) ) ;
#1566 = EDGE_CURVE ( 'NONE', #1426, #5584, #6237, .T. ) ;
#1567 = ORIENTED_EDGE ( 'NONE', *, *, #7732, .T. ) ;
#1568 = ORIENTED_EDGE ( 'NONE', *, *, #3511, .F. ) ;
#1569 = CARTESIAN_POINT ( 'NONE',  ( 1.400000000000005462, 9.600000000000010303, 0.3500000000000551559 ) ) ;
#1570 = ADVANCED_FACE ( 'NONE', ( #5583 ), #7518, .T. ) ;
#1571 = LINE ( 'NONE', #295, #7611 ) ;
#1572 = LINE ( 'NONE', #3471, #4832 ) ;
#1573 = CARTESIAN_POINT ( 'NONE',  ( 0.7500000000000111022, -0.2499999999999906741, -4.399999999999944400 ) ) ;
#1574 = EDGE_CURVE ( 'NONE', #3878, #6894, #2625, .T. ) ;
#1575 = ORIENTED_EDGE ( 'NONE', *, *, #1519, .F. ) ;
#1576 = PRESENTATION_STYLE_ASSIGNMENT (( #2332 ) ) ;
#1577 = PLANE ( 'NONE',  #2821 ) ;
#1578 = LINE ( 'NONE', #1708, #7460 ) ;
#1579 = ORIENTED_EDGE ( 'NONE', *, *, #6858, .F. ) ;
#1580 = LINE ( 'NONE', #2334, #6479 ) ;
#1581 = DIRECTION ( 'NONE',  ( -2.168404344971009657E-15, 0.3928571428571052682, -0.9195995135417112110 ) ) ;
#1582 = CARTESIAN_POINT ( 'NONE',  ( 2.399999999999973266, 10.60000000000001030, -16.64999999999994529 ) ) ;
#1583 = ADVANCED_FACE ( 'NONE', ( #4980 ), #3837, .F. ) ;
#1584 = EDGE_LOOP ( 'NONE', ( #2277, #3935, #7300, #2658, #2571, #6287, #4474, #1271 ) ) ;
#1585 = FACE_OUTER_BOUND ( 'NONE', #7506, .T. ) ;
#1586 = DIRECTION ( 'NONE',  ( 0.9238697708742987791, 0.3553345272594015669, 0.1421338109036983932 ) ) ;
#1587 = ORIENTED_EDGE ( 'NONE', *, *, #611, .F. ) ;
#1588 = UNCERTAINTY_MEASURE_WITH_UNIT (LENGTH_MEASURE( 1.000000000000000082E-05 ), #1784, 'distance_accuracy_value', 'NONE');
#1589 = FACE_OUTER_BOUND ( 'NONE', #3705, .T. ) ;
#1590 = LINE ( 'NONE', #3496, #2451 ) ;
#1591 = ORIENTED_EDGE ( 'NONE', *, *, #5559, .F. ) ;
#1592 = LINE ( 'NONE', #4091, #2715 ) ;
#1593 = DIRECTION ( 'NONE',  ( -0.9994801143396995213, -1.643662893974967788E-15, 0.03224129401096072212 ) ) ;
#1594 = ORIENTED_EDGE ( 'NONE', *, *, #7664, .T. ) ;
#1595 = CARTESIAN_POINT ( 'NONE',  ( 0.7000000000000061728, 8.200000000000009948, 0.3100000000000550093 ) ) ;
#1596 = VECTOR ( 'NONE', #7988, 1000.000000000000227 ) ;
#1597 = VERTEX_POINT ( 'NONE', #6311 ) ;
#1598 = SURFACE_STYLE_FILL_AREA ( #2886 ) ;
#1599 = DIRECTION ( 'NONE',  ( -1.000000000000000000, -1.644517855226007998E-15, 1.748601263784621946E-15 ) ) ;
#1600 = PLANE ( 'NONE',  #3224 ) ;
#1601 = LINE ( 'NONE', #370, #5685 ) ;
#1602 = FACE_OUTER_BOUND ( 'NONE', #4615, .T. ) ;
#1603 =( GEOMETRIC_REPRESENTATION_CONTEXT ( 3 ) GLOBAL_UNCERTAINTY_ASSIGNED_CONTEXT ( ( #2505 ) ) GLOBAL_UNIT_ASSIGNED_CONTEXT ( ( #6852, #4928, #1189 ) ) REPRESENTATION_CONTEXT ( 'NONE', 'WORKASPACE' ) );
#1604 = VERTEX_POINT ( 'NONE', #5545 ) ;
#1605 = CARTESIAN_POINT ( 'NONE',  ( 10.33454256816959926, 5.302378066438024895, -6.312474729231960957 ) ) ;
#1606 = EDGE_LOOP ( 'NONE', ( #5121, #3699, #2216, #1154, #1978, #5195 ) ) ;
#1607 = ADVANCED_FACE ( 'NONE', ( #3152 ), #3760, .F. ) ;
#1608 = CYLINDRICAL_SURFACE ( 'NONE', #3454, 0.9999999999999991118 ) ;
#1609 = ORIENTED_EDGE ( 'NONE', *, *, #5127, .T. ) ;
#1610 = AXIS2_PLACEMENT_3D ( 'NONE', #2471, #4211, #3728 ) ;
#1611 = VECTOR ( 'NONE', #4304, 1000.000000000000000 ) ;
#1612 = ADVANCED_FACE ( 'NONE', ( #7475 ), #2541, .T. ) ;
#1613 = LINE ( 'NONE', #3389, #2161 ) ;
#1614 = CARTESIAN_POINT ( 'NONE',  ( 9.699999999999990408, 10.60000000000002274, -6.649999999999960387 ) ) ;
#1615 = CARTESIAN_POINT ( 'NONE',  ( 3.175000000000016254, 7.650000000000012790, 5.850000000000051159 ) ) ;
#1616 = PLANE ( 'NONE',  #149 ) ;
#1617 = ORIENTED_EDGE ( 'NONE', *, *, #6117, .T. ) ;
#1618 = VECTOR ( 'NONE', #1286, 1000.000000000000000 ) ;
#1619 = CARTESIAN_POINT ( 'NONE',  ( 1.500000000000016875, 8.200000000000009948, 6.315000000000053682 ) ) ;
#1620 = ADVANCED_FACE ( 'NONE', ( #2466 ), #1913, .F. ) ;
#1621 = PRESENTATION_STYLE_ASSIGNMENT (( #2868 ) ) ;
#1622 = EDGE_CURVE ( 'NONE', #1496, #5313, #2696, .T. ) ;
#1623 = CARTESIAN_POINT ( 'NONE',  ( 1.000000000000030420, 0.2500000000000097700, 6.225000000000054712 ) ) ;
#1624 = CIRCLE ( 'NONE', #6179, 1.399999999999000266 ) ;
#1625 = VECTOR ( 'NONE', #423, 1000.000000000000000 ) ;
#1626 = DIRECTION ( 'NONE',  ( -0.9883716976506232710, 0.1520571842539018281, 1.728267999600831987E-15 ) ) ;
#1627 = DIRECTION ( 'NONE',  ( -1.644517855226008195E-15, 1.000000000000000000, 2.890435660536364269E-30 ) ) ;
#1628 = CARTESIAN_POINT ( 'NONE',  ( -0.5999999999999859890, 4.200000000000007283, -0.03999999999994112432 ) ) ;
#1629 = ORIENTED_EDGE ( 'NONE', *, *, #5080, .T. ) ;
#1630 = DIRECTION ( 'NONE',  ( 1.000000000000000000, 1.644517855226007801E-15, -1.748601263784621748E-15 ) ) ;
#1631 = AXIS2_PLACEMENT_3D ( 'NONE', #294, #4768, #3426 ) ;
#1632 = COLOUR_RGB ( '',1.000000000000000000, 1.000000000000000000, 1.000000000000000000 ) ;
#1633 = ADVANCED_FACE ( 'NONE', ( #1878 ), #4499, .T. ) ;
#1634 = CARTESIAN_POINT ( 'NONE',  ( 1.500000000000013545, -0.2499999999999889533, -3.649999999999946620 ) ) ;
#1635 = ORIENTED_EDGE ( 'NONE', *, *, #7528, .F. ) ;
#1636 = EDGE_CURVE ( 'NONE', #5572, #4744, #6786, .T. ) ;
#1637 = VECTOR ( 'NONE', #1152, 1000.000000000000000 ) ;
#1638 = DIRECTION ( 'NONE',  ( 1.748601263784621946E-15, 0.0000000000000000000, 1.000000000000000000 ) ) ;
#1639 = VERTEX_POINT ( 'NONE', #3111 ) ;
#1640 = COLOUR_RGB ( '',1.000000000000000000, 1.000000000000000000, 1.000000000000000000 ) ;
#1641 = VECTOR ( 'NONE', #3913, 1000.000000000000000 ) ;
#1642 = DIRECTION ( 'NONE',  ( -1.644517855226007998E-15, 1.000000000000000000, 2.890435660536363919E-30 ) ) ;
#1643 = CARTESIAN_POINT ( 'NONE',  ( 1.500000000000008216, 8.109625349781611092, 0.3850000000000554090 ) ) ;
#1644 = FILL_AREA_STYLE ('',( #6937 ) ) ;
#1645 = VECTOR ( 'NONE', #1217, 1000.000000000000000 ) ;
#1646 = AXIS2_PLACEMENT_3D ( 'NONE', #3712, #3105, #3638 ) ;
#1647 = AXIS2_PLACEMENT_3D ( 'NONE', #2556, #78, #6922 ) ;
#1648 = VERTEX_POINT ( 'NONE', #6831 ) ;
#1649 = EDGE_CURVE ( 'NONE', #533, #6086, #2774, .T. ) ;
#1650 = CARTESIAN_POINT ( 'NONE',  ( 2.400000000000006128, 5.400000000000012790, -2.749999999999948486 ) ) ;
#1651 = LINE ( 'NONE', #5971, #857 ) ;
#1652 =( NAMED_UNIT ( * ) SI_UNIT ( $, .STERADIAN. ) SOLID_ANGLE_UNIT ( ) );
#1654 = CARTESIAN_POINT ( 'NONE',  ( 10.34999999141859917, 7.450000000000024158, -4.149999999999962164 ) ) ;
#1653 =( GEOMETRIC_REPRESENTATION_CONTEXT ( 3 ) GLOBAL_UNCERTAINTY_ASSIGNED_CONTEXT ( ( #4455 ) ) GLOBAL_UNIT_ASSIGNED_CONTEXT ( ( #1072, #3578, #405 ) ) REPRESENTATION_CONTEXT ( 'NONE', 'WORKASPACE' ) );
#1655 = VECTOR ( 'NONE', #5603, 1000.000000000000000 ) ;
#1656 = AXIS2_PLACEMENT_3D ( 'NONE', #980, #360, #5351 ) ;
#1657 = VERTEX_POINT ( 'NONE', #2704 ) ;
#1658 = CYLINDRICAL_SURFACE ( 'NONE', #7183, 1.300000000000000044 ) ;
#1659 = ORIENTED_EDGE ( 'NONE', *, *, #2946, .F. ) ;
#1660 = DIRECTION ( 'NONE',  ( 1.000000000000000000, 1.644517855226007801E-15, -1.748601263784621748E-15 ) ) ;
#1661 = ORIENTED_EDGE ( 'NONE', *, *, #5949, .F. ) ;
#1662 = DIRECTION ( 'NONE',  ( 1.000000000000000000, 1.644517855226007998E-15, -1.748601263784621946E-15 ) ) ;
#1663 = LINE ( 'NONE', #2931, #3487 ) ;
#1664 = CARTESIAN_POINT ( 'NONE',  ( 1.177281315329010036, 8.200000000032510172, 2.257976796035054079 ) ) ;
#1665 = SURFACE_STYLE_USAGE ( .BOTH. , #7222 ) ;
#1666 = ORIENTED_EDGE ( 'NONE', *, *, #2772, .T. ) ;
#1667 = CARTESIAN_POINT ( 'NONE',  ( 0.5000000000000108802, 0.7500000000000093259, -4.649999999999943512 ) ) ;
#1668 = DIRECTION ( 'NONE',  ( 4.409168710219787326E-12, -1.383238189413992979E-12, 1.000000000000000000 ) ) ;
#1669 = LINE ( 'NONE', #4701, #6439 ) ;
#1670 = FACE_OUTER_BOUND ( 'NONE', #2892, .T. ) ;
#1671 = EDGE_CURVE ( 'NONE', #1030, #5839, #7083, .T. ) ;
#1672 = CARTESIAN_POINT ( 'NONE',  ( 1.800000000000008260, 8.144714285714311330, 0.3850000000000536882 ) ) ;
#1673 = CARTESIAN_POINT ( 'NONE',  ( 0.2019956826000129380, 8.199999999999308287, 3.928096943747057868 ) ) ;
#1674 =( GEOMETRIC_REPRESENTATION_CONTEXT ( 3 ) GLOBAL_UNCERTAINTY_ASSIGNED_CONTEXT ( ( #3723 ) ) GLOBAL_UNIT_ASSIGNED_CONTEXT ( ( #4375, #4950, #7521 ) ) REPRESENTATION_CONTEXT ( 'NONE', 'WORKASPACE' ) );
#1675 = VERTEX_POINT ( 'NONE', #7060 ) ;
#1676 = EDGE_CURVE ( 'NONE', #5684, #3006, #6991, .T. ) ;
#1677 = LINE ( 'NONE', #6629, #300 ) ;
#1678 = DIRECTION ( 'NONE',  ( 1.748601263784621946E-15, 0.0000000000000000000, 1.000000000000000000 ) ) ;
#1679 = ORIENTED_EDGE ( 'NONE', *, *, #2139, .F. ) ;
#1680 = UNCERTAINTY_MEASURE_WITH_UNIT (LENGTH_MEASURE( 1.000000000000000082E-05 ), #1435, 'distance_accuracy_value', 'NONE');
#1681 = CARTESIAN_POINT ( 'NONE',  ( 1.399999999999018252, 7.649999999998870592, 5.849999999998053646 ) ) ;
#1682 = ORIENTED_EDGE ( 'NONE', *, *, #4212, .F. ) ;
#1683 = DIRECTION ( 'NONE',  ( -1.644517855226008195E-15, 1.000000000000000000, 2.890435660536364269E-30 ) ) ;
#1684 = CARTESIAN_POINT ( 'NONE',  ( 11.00000000000000711, 5.200000000000025935, -1.945459231494963026 ) ) ;
#1685 = EDGE_CURVE ( 'NONE', #6979, #145, #5186, .T. ) ;
#1686 = B_SPLINE_CURVE_WITH_KNOTS ( 'NONE', 3,
 ( #6646, #6008, #1605, #2320, #453 ),
 .UNSPECIFIED., .F., .F.,
 ( 4, 1, 4 ),
 ( 0.0000000000000000000, 0.5000000000000000000, 1.000000000000000000 ),
 .UNSPECIFIED. ) ;
#1687 = DIRECTION ( 'NONE',  ( 1.000000000000000000, 1.644517855226007801E-15, -1.748601263784621748E-15 ) ) ;
#1688 = ORIENTED_EDGE ( 'NONE', *, *, #5127, .F. ) ;
#1689 = DIRECTION ( 'NONE',  ( -0.8076923076923187006, 0.5896042198752116104, 1.334402673828312846E-15 ) ) ;
#1690 = VECTOR ( 'NONE', #2453, 1000.000000000000114 ) ;
#1691 = SURFACE_STYLE_USAGE ( .BOTH. , #369 ) ;
#1692 = DIRECTION ( 'NONE',  ( 1.000000000000000000, 1.644517855226007998E-15, -1.748601263784621748E-15 ) ) ;
#1693 = LINE ( 'NONE', #7896, #2909 ) ;
#1694 = ORIENTED_EDGE ( 'NONE', *, *, #2975, .F. ) ;
#1695 = LINE ( 'NONE', #5882, #1460 ) ;
#1696 = EDGE_CURVE ( 'NONE', #2485, #5099, #842, .T. ) ;
#1697 = ORIENTED_EDGE ( 'NONE', *, *, #655, .T. ) ;
#1698 = CARTESIAN_POINT ( 'NONE',  ( 0.1000000000000236811, 5.400000000000009237, 7.850000000000056488 ) ) ;
#1699 = ORIENTED_EDGE ( 'NONE', *, *, #411, .T. ) ;
#1700 = DIRECTION ( 'NONE',  ( -1.644517855226007998E-15, 1.000000000000000000, 2.875605999964573094E-30 ) ) ;
#1701 = DIRECTION ( 'NONE',  ( 0.9838699100999044322, 1.617991634378899626E-15, 0.1788854381999992749 ) ) ;
#1702 = CARTESIAN_POINT ( 'NONE',  ( 3.950000000000008171, 8.144714285714314883, 1.350000000000049161 ) ) ;
#1703 = FILL_AREA_STYLE_COLOUR ( '', #2265 ) ;
#1704 = EDGE_LOOP ( 'NONE', ( #194, #2467, #5067, #7869 ) ) ;
#1705 = DIRECTION ( 'NONE',  ( 1.644517855226007998E-15, -1.000000000000000000, 0.0000000000000000000 ) ) ;
#1706 = DIRECTION ( 'NONE',  ( -1.748601263784621946E-15, 0.0000000000000000000, -1.000000000000000000 ) ) ;
#1707 = VECTOR ( 'NONE', #3462, 1000.000000000000000 ) ;
#1708 = CARTESIAN_POINT ( 'NONE',  ( 1.400000000000014122, 9.600000000000010303, 5.350000000000055600 ) ) ;
#1709 = DIRECTION ( 'NONE',  ( -1.000000000000000000, -1.644517855226007801E-15, 1.748601263784621748E-15 ) ) ;
#1710 = DIRECTION ( 'NONE',  ( -1.000000000000000000, -1.644517855226007998E-15, 1.748601263784621946E-15 ) ) ;
#1711 = LINE ( 'NONE', #4081, #4860 ) ;
#1712 = EDGE_LOOP ( 'NONE', ( #537, #6256, #1040, #2846 ) ) ;
#1713 = CARTESIAN_POINT ( 'NONE',  ( 1.398548747333999698, 8.959230384045008933, -3.649999999999946620 ) ) ;
#1714 = DIRECTION ( 'NONE',  ( 1.000000000000000000, 1.644517855226007801E-15, -1.748601263784621748E-15 ) ) ;
#1715 = ADVANCED_FACE ( 'NONE', ( #2120 ), #1577, .T. ) ;
#1716 = EDGE_LOOP ( 'NONE', ( #3043, #4175, #6116, #1551 ) ) ;
#1717 = EDGE_CURVE ( 'NONE', #1604, #5673, #2166, .T. ) ;
#1718 = DIRECTION ( 'NONE',  ( -0.9333456062030549560, 0.3589790793088810106, 1.632049306554485805E-15 ) ) ;
#1719 = VERTEX_POINT ( 'NONE', #7106 ) ;
#1720 = FACE_OUTER_BOUND ( 'NONE', #4186, .T. ) ;
#1721 = DIRECTION ( 'NONE',  ( 1.748601263784621946E-15, 0.0000000000000000000, 1.000000000000000000 ) ) ;
#1722 = LINE ( 'NONE', #1064, #2299 ) ;
#1723 = ORIENTED_EDGE ( 'NONE', *, *, #3532, .T. ) ;
#1724 =( NAMED_UNIT ( * ) PLANE_ANGLE_UNIT ( ) SI_UNIT ( $, .RADIAN. ) );
#1725 = VECTOR ( 'NONE', #5379, 1000.000000000000000 ) ;
#1726 = LINE ( 'NONE', #1772, #2570 ) ;
#1727 = EDGE_CURVE ( 'NONE', #4885, #6277, #2092, .T. ) ;
#1728 = B_SPLINE_CURVE_WITH_KNOTS ( 'NONE', 3,
 ( #2304, #482, #3566, #6723 ),
 .UNSPECIFIED., .F., .F.,
 ( 4, 4 ),
 ( 0.0000000000000000000, 1.000000000000000000 ),
 .UNSPECIFIED. ) ;
#1729 = CARTESIAN_POINT ( 'NONE',  ( 2.400000000000013234, 7.100000000000012079, 2.250000000000051514 ) ) ;
#1730 = CARTESIAN_POINT ( 'NONE',  ( 3.950000000000017053, 8.144714285714314883, 6.350000000000049383 ) ) ;
#1731 = VERTEX_POINT ( 'NONE', #3948 ) ;
#1732 = VERTEX_POINT ( 'NONE', #5857 ) ;
#1733 = AXIS2_PLACEMENT_3D ( 'NONE', #3785, #5606, #44 ) ;
#1734 = ADVANCED_FACE ( 'NONE', ( #4038 ), #223, .F. ) ;
#1735 = DIRECTION ( 'NONE',  ( 2.095246567705921592E-15, -0.2425356250363094601, 0.9701425001453377606 ) ) ;
#1736 = ORIENTED_EDGE ( 'NONE', *, *, #6358, .T. ) ;
#1737 = EDGE_LOOP ( 'NONE', ( #656, #5791, #7040, #7645 ) ) ;
#1738 = EDGE_CURVE ( 'NONE', #1928, #6965, #7980, .T. ) ;
#1739 = EDGE_CURVE ( 'NONE', #3277, #5286, #6505, .T. ) ;
#1740 = CIRCLE ( 'NONE', #6286, 1.399999999999999467 ) ;
#1741 = CARTESIAN_POINT ( 'NONE',  ( 1.400000000138013068, 8.199999999997109157, 4.562560681115054528 ) ) ;
#1742 = DIRECTION ( 'NONE',  ( 1.000000000000000000, 1.644517855226007998E-15, -1.748601263784621946E-15 ) ) ;
#1743 = PLANE ( 'NONE',  #7046 ) ;
#1744 = EDGE_LOOP ( 'NONE', ( #3910, #530, #7164, #6049 ) ) ;
#1745 = CARTESIAN_POINT ( 'NONE',  ( 0.09999999999999419076, 8.200000000000008171, -6.649999999999943512 ) ) ;
#1746 = AXIS2_PLACEMENT_3D ( 'NONE', #6204, #609, #4301 ) ;
#1747 = PRESENTATION_STYLE_ASSIGNMENT (( #4408 ) ) ;
#1748 = ADVANCED_FACE ( 'NONE', ( #7754 ), #5895, .T. ) ;
#1749 = CARTESIAN_POINT ( 'NONE',  ( 10.99999999999998046, 5.400000000000026112, -16.64999999999995950 ) ) ;
#1750 = CARTESIAN_POINT ( 'NONE',  ( 0.6205608657817499596, 9.369703792022287203, 5.350000000001689848 ) ) ;
#1751 = COLOUR_RGB ( '',1.000000000000000000, 1.000000000000000000, 1.000000000000000000 ) ;
#1752 = LINE ( 'NONE', #4245, #6844 ) ;
#1753 = PLANE ( 'NONE',  #4334 ) ;
#1754 = VERTEX_POINT ( 'NONE', #3251 ) ;
#1755 = CARTESIAN_POINT ( 'NONE',  ( -0.9999999999999940048, 12.25000000000000355, 3.350000000000056932 ) ) ;
#1756 = SURFACE_STYLE_USAGE ( .BOTH. , #1802 ) ;
#1757 = COLOUR_RGB ( '',1.000000000000000000, 1.000000000000000000, 1.000000000000000000 ) ;
#1758 = VECTOR ( 'NONE', #939, 1000.000000000000000 ) ;
#1759 = ORIENTED_EDGE ( 'NONE', *, *, #5801, .F. ) ;
#1760 = UNCERTAINTY_MEASURE_WITH_UNIT (LENGTH_MEASURE( 1.000000000000000082E-05 ), #6114, 'distance_accuracy_value', 'NONE');
#1761 = ORIENTED_EDGE ( 'NONE', *, *, #3068, .F. ) ;
#1762 = DIRECTION ( 'NONE',  ( -9.293161478433909405E-16, 0.9357142857139194581, 0.3527588064257074496 ) ) ;
#1763 = VERTEX_POINT ( 'NONE', #8035 ) ;
#1764 = CARTESIAN_POINT ( 'NONE',  ( 1.400000000000007239, 8.960000000000009734, 0.3561376710050564998 ) ) ;
#1765 = AXIS2_PLACEMENT_3D ( 'NONE', #3047, #2976, #3092 ) ;
#1766 =( GEOMETRIC_REPRESENTATION_CONTEXT ( 3 ) GLOBAL_UNCERTAINTY_ASSIGNED_CONTEXT ( ( #3067 ) ) GLOBAL_UNIT_ASSIGNED_CONTEXT ( ( #7845, #5439, #5999 ) ) REPRESENTATION_CONTEXT ( 'NONE', 'WORKASPACE' ) );
#1767 = CARTESIAN_POINT ( 'NONE',  ( -1.000000000000007772, 10.75000000000000533, -5.949999999999940670 ) ) ;
#1768 = ORIENTED_EDGE ( 'NONE', *, *, #6777, .F. ) ;
#1769 = DIRECTION ( 'NONE',  ( -0.7071067811865962005, -1.162849727212749320E-15, 0.7071067811864987229 ) ) ;
#1770 = VECTOR ( 'NONE', #7605, 1000.000000000000114 ) ;
#1771 = VECTOR ( 'NONE', #4581, 1000.000000000000000 ) ;
#1772 = CARTESIAN_POINT ( 'NONE',  ( 1.499999999999997780, 8.200000000000009948, -4.614999999999944258 ) ) ;
#1773 = LINE ( 'NONE', #7322, #4787 ) ;
#1774 = LINE ( 'NONE', #8005, #1006 ) ;
#1775 = DIRECTION ( 'NONE',  ( -1.644517855226007998E-15, 1.000000000000000000, 2.875605999964573094E-30 ) ) ;
#1776 = EDGE_CURVE ( 'NONE', #1140, #6929, #6795, .T. ) ;
#1777 = ORIENTED_EDGE ( 'NONE', *, *, #3777, .T. ) ;
#1778 =( NAMED_UNIT ( * ) SI_UNIT ( $, .STERADIAN. ) SOLID_ANGLE_UNIT ( ) );
#1779 = PRESENTATION_LAYER_ASSIGNMENT (  '', '', ( #3988 ) ) ;
#1780 = EDGE_LOOP ( 'NONE', ( #746, #6773, #803, #1199 ) ) ;
#1781 = AXIS2_PLACEMENT_3D ( 'NONE', #2005, #7054, #2768 ) ;
#1782 = VECTOR ( 'NONE', #7437, 1000.000000000000000 ) ;
#1783 = EDGE_CURVE ( 'NONE', #3052, #2101, #5114, .T. ) ;
#1784 =( LENGTH_UNIT ( ) NAMED_UNIT ( * ) SI_UNIT ( .MILLI., .METRE. ) );
#1785 = ORIENTED_EDGE ( 'NONE', *, *, #6510, .F. ) ;
#1786 = SURFACE_STYLE_FILL_AREA ( #5601 ) ;
#1787 = CIRCLE ( 'NONE', #6715, 1.399999999999999023 ) ;
#1788 = VECTOR ( 'NONE', #2135, 1000.000000000000114 ) ;
#1789 = DIRECTION ( 'NONE',  ( 0.5999999999999985345, 9.867107131356048382E-16, -0.8000000000000010436 ) ) ;
#1790 = DIRECTION ( 'NONE',  ( 0.9333456062030537348, 0.3589790793088840637, -1.632049306554483636E-15 ) ) ;
#1791 = PLANE ( 'NONE',  #1733 ) ;
#1792 = ORIENTED_EDGE ( 'NONE', *, *, #4844, .T. ) ;
#1793 = ADVANCED_FACE ( 'NONE', ( #5076 ), #3805, .F. ) ;
#1794 = DIRECTION ( 'NONE',  ( -0.9428090415820746806, 0.2357022603954918860, 0.2357022603954950779 ) ) ;
#1795 =( NAMED_UNIT ( * ) PLANE_ANGLE_UNIT ( ) SI_UNIT ( $, .RADIAN. ) );
#1796 = CARTESIAN_POINT ( 'NONE',  ( 1.499999999999997780, 8.200000000000009948, -4.614999999999944258 ) ) ;
#1797 = CARTESIAN_POINT ( 'NONE',  ( 13.06047742470301287, -3.899999999999968381, -6.649999999999965716 ) ) ;
#1798 = DIRECTION ( 'NONE',  ( -1.000000000000000000, -1.644517855226007998E-15, 1.748601263784621946E-15 ) ) ;
#1799 = VERTEX_POINT ( 'NONE', #6157 ) ;
#1800 = EDGE_CURVE ( 'NONE', #7975, #1732, #4506, .T. ) ;
#1801 = FILL_AREA_STYLE ('',( #4328 ) ) ;
#1802 = SURFACE_SIDE_STYLE ('',( #7918 ) ) ;
#1803 = ORIENTED_EDGE ( 'NONE', *, *, #6355, .T. ) ;
#1804 = B_SPLINE_CURVE_WITH_KNOTS ( 'NONE', 3,
 ( #4783, #1673, #6627, #429, #5426, #3526, #5991, #4163 ),
 .UNSPECIFIED., .F., .F.,
 ( 4, 1, 1, 1, 1, 4 ),
 ( 0.0000000000000000000, 0.2000000000000000111, 0.4000000000000000222, 0.5999999999999999778, 0.8000000000000000444, 1.000000000000000000 ),
 .UNSPECIFIED. ) ;
#1805 = DIRECTION ( 'NONE',  ( -0.7427813513546573931, 0.3713906757630266453, -0.5570860167299404031 ) ) ;
#1806 = EDGE_LOOP ( 'NONE', ( #4760, #5278, #2641, #2219 ) ) ;
#1807 = CARTESIAN_POINT ( 'NONE',  ( 0.5000000000000281997, 0.7500000000000093259, 5.350000000000057376 ) ) ;
#1808 = LINE ( 'NONE', #4833, #6164 ) ;
#1809 = DIRECTION ( 'NONE',  ( 1.000000000000000000, 1.644517855226007998E-15, -1.748601263784621748E-15 ) ) ;
#1810 = VECTOR ( 'NONE', #2779, 1000.000000000000000 ) ;
#1811 = EDGE_LOOP ( 'NONE', ( #1073, #1792, #1679, #3265, #2782, #7327 ) ) ;
#1812 = LINE ( 'NONE', #3163, #1611 ) ;
#1813 = CARTESIAN_POINT ( 'NONE',  ( -0.5999999999999825473, 8.800000000000006040, 6.740000000000057057 ) ) ;
#1814 = FILL_AREA_STYLE ('',( #6763 ) ) ;
#1815 = DIRECTION ( 'NONE',  ( -0.3589790793088810106, -0.9333456062030549560, 6.277112717517495216E-16 ) ) ;
#1816 = ORIENTED_EDGE ( 'NONE', *, *, #4, .F. ) ;
#1817 = ORIENTED_EDGE ( 'NONE', *, *, #2533, .F. ) ;
#1818 = VERTEX_POINT ( 'NONE', #6916 ) ;
#1819 = ORIENTED_EDGE ( 'NONE', *, *, #6355, .F. ) ;
#1820 = EDGE_CURVE ( 'NONE', #5503, #613, #4990, .T. ) ;
#1821 = CARTESIAN_POINT ( 'NONE',  ( 0.6000000000000067502, 8.200000000000009948, 0.3044444450000550750 ) ) ;
#1822 = CARTESIAN_POINT ( 'NONE',  ( 0.1000000000000202116, 10.60000000000000675, 10.35000000000005471 ) ) ;
#1823 = EDGE_CURVE ( 'NONE', #3914, #2485, #6958, .T. ) ;
#1824 = LINE ( 'NONE', #4353, #7275 ) ;
#1825 = ORIENTED_EDGE ( 'NONE', *, *, #4642, .F. ) ;
#1826 = CARTESIAN_POINT ( 'NONE',  ( 2.399999999999999467, 7.650000000000011902, -4.149999999999947953 ) ) ;
#1827 = MECHANICAL_DESIGN_GEOMETRIC_PRESENTATION_REPRESENTATION (  '', ( #6757 ), #5593 ) ;
#1828 = VERTEX_POINT ( 'NONE', #7999 ) ;
#1829 = PLANE ( 'NONE',  #5655 ) ;
#1830 = CARTESIAN_POINT ( 'NONE',  ( 1.053312813956225114, 9.143302832356381415, 0.3502053184235014993 ) ) ;
#1831 = DIRECTION ( 'NONE',  ( 1.748601263784621748E-15, 0.0000000000000000000, 1.000000000000000000 ) ) ;
#1832 = EDGE_CURVE ( 'NONE', #5224, #5361, #1303, .T. ) ;
#1833 = PRESENTATION_STYLE_ASSIGNMENT (( #3755 ) ) ;
#1834 = LINE ( 'NONE', #4325, #4916 ) ;
#1835 = CARTESIAN_POINT ( 'NONE',  ( -0.3999999999999819811, 6.450000000000008171, 5.110000000000056275 ) ) ;
#1836 = ORIENTED_EDGE ( 'NONE', *, *, #1685, .F. ) ;
#1837 = CARTESIAN_POINT ( 'NONE',  ( 0.5000000000000108802, 0.7500000000000093259, -4.649999999999943512 ) ) ;
#1838 = VERTEX_POINT ( 'NONE', #1390 ) ;
#1839 = ORIENTED_EDGE ( 'NONE', *, *, #6063, .F. ) ;
#1840 = EDGE_CURVE ( 'NONE', #552, #7257, #5620, .T. ) ;
#1841 = PRESENTATION_STYLE_ASSIGNMENT (( #7478 ) ) ;
#1842 = ORIENTED_EDGE ( 'NONE', *, *, #2093, .T. ) ;
#1843 = DIRECTION ( 'NONE',  ( 1.644517855226007998E-15, -1.000000000000000000, -2.875605999964573094E-30 ) ) ;
#1844 = CARTESIAN_POINT ( 'NONE',  ( 3.950000000000009948, 7.144714285714313995, 1.350000000000049161 ) ) ;
#1845 = FACE_OUTER_BOUND ( 'NONE', #455, .T. ) ;
#1846 = ORIENTED_EDGE ( 'NONE', *, *, #290, .T. ) ;
#1847 = CARTESIAN_POINT ( 'NONE',  ( 9.699999999999972644, 10.60000000000002274, -16.64999999999995595 ) ) ;
#1848 = CARTESIAN_POINT ( 'NONE',  ( 1.400000000000000133, 7.650000000000010125, -4.149999999999946176 ) ) ;
#1849 = DIRECTION ( 'NONE',  ( 1.748601263784621748E-15, 0.0000000000000000000, 1.000000000000000000 ) ) ;
#1850 = SURFACE_STYLE_FILL_AREA ( #7932 ) ;
#1851 = VERTEX_POINT ( 'NONE', #1889 ) ;
#1852 = SURFACE_STYLE_FILL_AREA ( #6611 ) ;
#1853 = ORIENTED_EDGE ( 'NONE', *, *, #5374, .T. ) ;
#1854 = VECTOR ( 'NONE', #8024, 1000.000000000000000 ) ;
#1855 = ORIENTED_EDGE ( 'NONE', *, *, #6375, .F. ) ;
#1856 = VERTEX_POINT ( 'NONE', #3160 ) ;
#1857 = FACE_OUTER_BOUND ( 'NONE', #5800, .T. ) ;
#1858 = LINE ( 'NONE', #3747, #332 ) ;
#1859 = DIRECTION ( 'NONE',  ( -1.644517855226008195E-15, 1.000000000000000000, 2.890435660536364269E-30 ) ) ;
#1860 = MECHANICAL_DESIGN_GEOMETRIC_PRESENTATION_REPRESENTATION (  '', ( #1866 ), #3941 ) ;
#1861 = ORIENTED_EDGE ( 'NONE', *, *, #2102, .F. ) ;
#1862 = CARTESIAN_POINT ( 'NONE',  ( 0.7000000000000166089, 8.200000000000009948, 6.390000000000055635 ) ) ;
#1863 = ORIENTED_EDGE ( 'NONE', *, *, #2701, .T. ) ;
#1864 = CARTESIAN_POINT ( 'NONE',  ( 9.800000000000016698, 7.394714285714323765, 6.100000000000038725 ) ) ;
#1865 = EDGE_CURVE ( 'NONE', #7318, #4726, #3766, .T. ) ;
#1866 = STYLED_ITEM ( 'NONE', ( #5297 ), #4141 ) ;
#1867 = DIRECTION ( 'NONE',  ( -1.000000000000000000, -1.644517855226007998E-15, 1.748601263784621946E-15 ) ) ;
#1868 = CARTESIAN_POINT ( 'NONE',  ( 1.849999999999999201, 6.250000000000010658, -5.649999999999946176 ) ) ;
#1869 = SURFACE_SIDE_STYLE ('',( #53 ) ) ;
#1870 = CARTESIAN_POINT ( 'NONE',  ( 1.500000000000016875, 8.200000000000009948, 6.340000000000054037 ) ) ;
#1871 = LINE ( 'NONE', #1291, #6022 ) ;
#1872 = ORIENTED_EDGE ( 'NONE', *, *, #3489, .T. ) ;
#1873 = VECTOR ( 'NONE', #7048, 1000.000000000000000 ) ;
#1874 = EDGE_CURVE ( 'NONE', #3262, #5030, #5035, .T. ) ;
#1875 = COLOUR_RGB ( '',1.000000000000000000, 1.000000000000000000, 1.000000000000000000 ) ;
#1876 = B_SPLINE_CURVE_WITH_KNOTS ( 'NONE', 3,
 ( #7126, #5762, #4566, #5840 ),
 .UNSPECIFIED., .F., .F.,
 ( 4, 4 ),
 ( 0.0000000000000000000, 1.000000000000000000 ),
 .UNSPECIFIED. ) ;
#1877 = SURFACE_STYLE_USAGE ( .BOTH. , #603 ) ;
#1878 = FACE_OUTER_BOUND ( 'NONE', #1275, .T. ) ;
#1879 = EDGE_CURVE ( 'NONE', #4434, #255, #3358, .T. ) ;
#1880 = ORIENTED_EDGE ( 'NONE', *, *, #3441, .F. ) ;
#1881 = EDGE_LOOP ( 'NONE', ( #7489, #2136, #3377, #4811 ) ) ;
#1882 = VECTOR ( 'NONE', #5683, 1000.000000000000000 ) ;
#1883 = AXIS2_PLACEMENT_3D ( 'NONE', #4463, #2431, #3689 ) ;
#1884 = DIRECTION ( 'NONE',  ( 1.644517855226007801E-15, -1.000000000000000000, -2.890435660536363568E-30 ) ) ;
#1885 = ORIENTED_EDGE ( 'NONE', *, *, #2129, .T. ) ;
#1886 =( NAMED_UNIT ( * ) SI_UNIT ( $, .STERADIAN. ) SOLID_ANGLE_UNIT ( ) );
#1887 = EDGE_CURVE ( 'NONE', #5095, #1971, #1032, .T. ) ;
#1888 = SURFACE_STYLE_USAGE ( .BOTH. , #3322 ) ;
#1889 = CARTESIAN_POINT ( 'NONE',  ( 2.500000000000026645, 3.750000000000012434, 7.650000000000051870 ) ) ;
#1890 = VECTOR ( 'NONE', #264, 1000.000000000000000 ) ;
#1891 = AXIS2_PLACEMENT_3D ( 'NONE', #773, #2748, #5748 ) ;
#1892 = FILL_AREA_STYLE ('',( #2511 ) ) ;
#1893 = EDGE_CURVE ( 'NONE', #2077, #1818, #6681, .T. ) ;
#1894 = ORIENTED_EDGE ( 'NONE', *, *, #3767, .F. ) ;
#1895 = LINE ( 'NONE', #3208, #7052 ) ;
#1896 = LINE ( 'NONE', #5631, #3607 ) ;
#1897 = ORIENTED_EDGE ( 'NONE', *, *, #1132, .F. ) ;
#1898 = MECHANICAL_DESIGN_GEOMETRIC_PRESENTATION_REPRESENTATION (  '', ( #2549 ), #6053 ) ;
#1899 = VECTOR ( 'NONE', #2264, 1000.000000000000000 ) ;
#1900 = ORIENTED_EDGE ( 'NONE', *, *, #3001, .F. ) ;
#1901 = VERTEX_POINT ( 'NONE', #490 ) ;
#1902 = EDGE_CURVE ( 'NONE', #6467, #2323, #1651, .T. ) ;
#1903 = STYLED_ITEM ( 'NONE', ( #787 ), #5963 ) ;
#1904 = VERTEX_POINT ( 'NONE', #4143 ) ;
#1905 = ORIENTED_EDGE ( 'NONE', *, *, #3737, .T. ) ;
#1906 = ORIENTED_EDGE ( 'NONE', *, *, #2603, .T. ) ;
#1907 = CARTESIAN_POINT ( 'NONE',  ( 9.799999999999998934, 7.394714285714323765, -4.399999999999961275 ) ) ;
#1908 = VERTEX_POINT ( 'NONE', #5481 ) ;
#1909 = FACE_OUTER_BOUND ( 'NONE', #7282, .T. ) ;
#1911 = LINE ( 'NONE', #4850, #1690 ) ;
#1910 = VECTOR ( 'NONE', #1627, 1000.000000000000000 ) ;
#1912 = VECTOR ( 'NONE', #5679, 1000.000000000000227 ) ;
#1913 = CONICAL_SURFACE ( 'NONE', #2956, 3.049999998679999269, 0.1526493283952326530 ) ;
#1914 = ORIENTED_EDGE ( 'NONE', *, *, #2381, .T. ) ;
#1915 = LINE ( 'NONE', #3866, #415 ) ;
#1916 = VERTEX_POINT ( 'NONE', #4804 ) ;
#1917 = AXIS2_PLACEMENT_3D ( 'NONE', #95, #7623, #3991 ) ;
#1918 = MECHANICAL_DESIGN_GEOMETRIC_PRESENTATION_REPRESENTATION (  '', ( #3488 ), #6838 ) ;
#1919 =( NAMED_UNIT ( * ) PLANE_ANGLE_UNIT ( ) SI_UNIT ( $, .RADIAN. ) );
#1920 = DIRECTION ( 'NONE',  ( 0.2425356250363079058, 0.9701425001453382047, -4.240981004512811688E-16 ) ) ;
#1921 =( LENGTH_UNIT ( ) NAMED_UNIT ( * ) SI_UNIT ( .MILLI., .METRE. ) );
#1922 = LINE ( 'NONE', #1290, #5432 ) ;
#1923 = PLANE ( 'NONE',  #6404 ) ;
#1924 = ORIENTED_EDGE ( 'NONE', *, *, #2086, .T. ) ;
#1925 = STYLED_ITEM ( 'NONE', ( #5130 ), #7072 ) ;
#1926 = FACE_OUTER_BOUND ( 'NONE', #6035, .T. ) ;
#1927 = CARTESIAN_POINT ( 'NONE',  ( 10.34999999141860805, 7.450000000000024158, 0.8500000000000382805 ) ) ;
#1928 = VERTEX_POINT ( 'NONE', #448 ) ;
#1929 = UNCERTAINTY_MEASURE_WITH_UNIT (LENGTH_MEASURE( 1.000000000000000082E-05 ), #6281, 'distance_accuracy_value', 'NONE');
#1930 = EDGE_CURVE ( 'NONE', #702, #4150, #1146, .T. ) ;
#1931 = ORIENTED_EDGE ( 'NONE', *, *, #4621, .T. ) ;
#1932 =( NAMED_UNIT ( * ) SI_UNIT ( $, .STERADIAN. ) SOLID_ANGLE_UNIT ( ) );
#1933 = DIRECTION ( 'NONE',  ( 1.644517855226008195E-15, -1.000000000000000000, -2.890435660536364269E-30 ) ) ;
#1934 = ADVANCED_FACE ( 'NONE', ( #3002 ), #1600, .T. ) ;
#1935 = PLANE ( 'NONE',  #5523 ) ;
#1936 = DIRECTION ( 'NONE',  ( -1.748601263784621748E-15, 1.482966057179082451E-32, -1.000000000000000000 ) ) ;
#1937 = DIRECTION ( 'NONE',  ( 0.9701425001453382047, -0.2425356250363079058, -1.696392401805311241E-15 ) ) ;
#1938 = ORIENTED_EDGE ( 'NONE', *, *, #3687, .T. ) ;
#1939 = DIRECTION ( 'NONE',  ( -1.000000000000000000, -1.644517855226007998E-15, 1.748601263784621946E-15 ) ) ;
#1940 = DIRECTION ( 'NONE',  ( 0.8411784753765673139, -0.5407575913134772261, -1.470885745111887003E-15 ) ) ;
#1941 = LINE ( 'NONE', #5082, #7481 ) ;
#1942 = DIRECTION ( 'NONE',  ( -1.000000000000000000, -1.644517855226007998E-15, 1.748601263784621946E-15 ) ) ;
#1943 = EDGE_CURVE ( 'NONE', #1754, #6277, #1773, .T. ) ;
#1944 = B_SPLINE_CURVE_WITH_KNOTS ( 'NONE', 3,
 ( #8004, #2598, #1983, #7492, #6333, #5717, #2435, #3692 ),
 .UNSPECIFIED., .F., .F.,
 ( 4, 1, 1, 1, 1, 4 ),
 ( 0.0000000000000000000, 0.2000000000000000111, 0.4000000000000000222, 0.5999999999999999778, 0.8000000000000000444, 1.000000000000000000 ),
 .UNSPECIFIED. ) ;
#1945 = ORIENTED_EDGE ( 'NONE', *, *, #7224, .T. ) ;
#1946 = DIRECTION ( 'NONE',  ( -1.644517855226007998E-15, 1.000000000000000000, 2.890435660536363919E-30 ) ) ;
#1947 =( GEOMETRIC_REPRESENTATION_CONTEXT ( 3 ) GLOBAL_UNCERTAINTY_ASSIGNED_CONTEXT ( ( #6316 ) ) GLOBAL_UNIT_ASSIGNED_CONTEXT ( ( #1337, #3284, #1420 ) ) REPRESENTATION_CONTEXT ( 'NONE', 'WORKASPACE' ) );
#1948 = ORIENTED_EDGE ( 'NONE', *, *, #320, .T. ) ;
#1949 = EDGE_LOOP ( 'NONE', ( #1216, #6925, #3717, #5985 ) ) ;
#1950 = ORIENTED_EDGE ( 'NONE', *, *, #5022, .F. ) ;
#1951 = DIRECTION ( 'NONE',  ( 1.748601263784621748E-15, 0.0000000000000000000, 1.000000000000000000 ) ) ;
#1952 = CARTESIAN_POINT ( 'NONE',  ( 0.1000000000000219463, 7.100000000000008527, 7.850000000000056488 ) ) ;
#1953 = EDGE_CURVE ( 'NONE', #4128, #7669, #529, .T. ) ;
#1954 = CARTESIAN_POINT ( 'NONE',  ( 1.400000000000008793, 8.960000000000009734, 1.343862328995053756 ) ) ;
#1955 = ORIENTED_EDGE ( 'NONE', *, *, #2637, .T. ) ;
#1956 = ORIENTED_EDGE ( 'NONE', *, *, #2038, .F. ) ;
#1957 = CARTESIAN_POINT ( 'NONE',  ( 2.500000000000009326, 3.750000000000012434, -2.349999999999948574 ) ) ;
#1958 = VERTEX_POINT ( 'NONE', #7964 ) ;
#1959 = CARTESIAN_POINT ( 'NONE',  ( -0.5999999999999825473, 4.200000000000007283, 2.650000000000056755 ) ) ;
#1960 = DIRECTION ( 'NONE',  ( 1.000000000000000000, 1.644517855226007998E-15, -1.748601263784621946E-15 ) ) ;
#1961 = CARTESIAN_POINT ( 'NONE',  ( 0.7500000000000301981, -0.2499999999999906741, 6.100000000000054712 ) ) ;
#1962 = LINE ( 'NONE', #4449, #3141 ) ;
#1963 = FACE_OUTER_BOUND ( 'NONE', #3619, .T. ) ;
#1964 = CARTESIAN_POINT ( 'NONE',  ( -0.6000000000000015321, 8.800000000000006040, -5.039999999999941416 ) ) ;
#1965 = ORIENTED_EDGE ( 'NONE', *, *, #3787, .T. ) ;
#1966 = CARTESIAN_POINT ( 'NONE',  ( 9.700000000000004619, 4.500000000000023981, -4.149999999999962164 ) ) ;
#1967 = CARTESIAN_POINT ( 'NONE',  ( 3.950000000000018385, 7.144714285714313995, 6.350000000000049383 ) ) ;
#1968 = VERTEX_POINT ( 'NONE', #4719 ) ;
#1969 = ORIENTED_EDGE ( 'NONE', *, *, #977, .T. ) ;
#1970 = DIRECTION ( 'NONE',  ( -1.000000000000000000, -1.644517855226007801E-15, 1.748601263784621748E-15 ) ) ;
#1971 = VERTEX_POINT ( 'NONE', #7850 ) ;
#1972 = FILL_AREA_STYLE_COLOUR ( '', #6198 ) ;
#1973 = DIRECTION ( 'NONE',  ( -1.748601263784621748E-15, 0.0000000000000000000, -1.000000000000000000 ) ) ;
#1974 = PLANE ( 'NONE',  #3714 ) ;
#1975 = SURFACE_STYLE_USAGE ( .BOTH. , #3118 ) ;
#1976 = EDGE_CURVE ( 'NONE', #7990, #7906, #7252, .T. ) ;
#1977 = PLANE ( 'NONE',  #5661 ) ;
#1978 = ORIENTED_EDGE ( 'NONE', *, *, #5209, .T. ) ;
#1979 = EDGE_CURVE ( 'NONE', #3100, #5224, #2966, .T. ) ;
#1980 = VECTOR ( 'NONE', #4935, 1000.000000000000000 ) ;
#1981 = LINE ( 'NONE', #7366, #2407 ) ;
#1982 = CARTESIAN_POINT ( 'NONE',  ( 0.7400000000000149791, 4.200000000000009059, 1.350000000000055156 ) ) ;
#1983 = CARTESIAN_POINT ( 'NONE',  ( 1.177281315329001377, 8.200000000032510172, -2.742023203964946365 ) ) ;
#1984 = LINE ( 'NONE', #153, #5164 ) ;
#1985 = VERTEX_POINT ( 'NONE', #1729 ) ;
#1986 = DIRECTION ( 'NONE',  ( 1.748601263784621946E-15, 0.0000000000000000000, 1.000000000000000000 ) ) ;
#1987 = ORIENTED_EDGE ( 'NONE', *, *, #406, .F. ) ;
#1988 = EDGE_CURVE ( 'NONE', #1604, #6628, #4219, .T. ) ;
#1989 = ORIENTED_EDGE ( 'NONE', *, *, #7369, .F. ) ;
#1990 = ADVANCED_FACE ( 'NONE', ( #3123 ), #2831, .T. ) ;
#1991 = EDGE_LOOP ( 'NONE', ( #4668, #1316, #779, #6862 ) ) ;
#1992 = PLANE ( 'NONE',  #7713 ) ;
#1993 = CARTESIAN_POINT ( 'NONE',  ( 1.500000000000006439, 8.200000000000009948, 0.3600000000000547207 ) ) ;
#1994 = CARTESIAN_POINT ( 'NONE',  ( 1.800000000000001155, 8.144714285714311330, -3.649999999999946620 ) ) ;
#1995 = VERTEX_POINT ( 'NONE', #3165 ) ;
#1996 = SURFACE_SIDE_STYLE ('',( #5205 ) ) ;
#1997 = VERTEX_POINT ( 'NONE', #6884 ) ;
#1998 = EDGE_CURVE ( 'NONE', #6220, #1440, #1941, .T. ) ;
#1999 = CARTESIAN_POINT ( 'NONE',  ( 2.400000000000023448, 5.400000000000012790, 7.250000000000051514 ) ) ;
#2000 = ADVANCED_FACE ( 'NONE', ( #3850 ), #4429, .T. ) ;
#2001 = ADVANCED_FACE ( 'NONE', ( #695 ), #3773, .T. ) ;
#2002 =( LENGTH_UNIT ( ) NAMED_UNIT ( * ) SI_UNIT ( .MILLI., .METRE. ) );
#2004 = AXIS2_PLACEMENT_3D ( 'NONE', #5463, #7269, #351 ) ;
#2003 = LINE ( 'NONE', #5775, #1094 ) ;
#2005 = CARTESIAN_POINT ( 'NONE',  ( 11.00000000000001421, 7.650000000000026112, 5.385000000000037979 ) ) ;
#2006 = DIRECTION ( 'NONE',  ( -1.748601263784621748E-15, 0.0000000000000000000, -1.000000000000000000 ) ) ;
#2007 = CARTESIAN_POINT ( 'NONE',  ( -0.5999999999999928724, 8.800000000000006040, -0.03999999999994112432 ) ) ;
#2008 = ORIENTED_EDGE ( 'NONE', *, *, #5074, .F. ) ;
#2009 = CARTESIAN_POINT ( 'NONE',  ( -0.3999999999999889200, 6.450000000000008171, 1.590000000000056701 ) ) ;
#2010 = CIRCLE ( 'NONE', #5767, 1.299999999999999378 ) ;
#2011 =( NAMED_UNIT ( * ) SI_UNIT ( $, .STERADIAN. ) SOLID_ANGLE_UNIT ( ) );
#2012 = EDGE_CURVE ( 'NONE', #2355, #1901, #1510, .T. ) ;
#2013 = ORIENTED_EDGE ( 'NONE', *, *, #3173, .T. ) ;
#2014 = UNCERTAINTY_MEASURE_WITH_UNIT (LENGTH_MEASURE( 1.000000000000000082E-05 ), #906, 'distance_accuracy_value', 'NONE');
#2015 = FACE_OUTER_BOUND ( 'NONE', #4376, .T. ) ;
#2016 = MECHANICAL_DESIGN_GEOMETRIC_PRESENTATION_REPRESENTATION (  '', ( #3446 ), #1603 ) ;
#2017 = LINE ( 'NONE', #3321, #2121 ) ;
#2018 = B_SPLINE_CURVE_WITH_KNOTS ( 'NONE', 3,
 ( #2205, #2328, #5939, #4070, #4031 ),
 .UNSPECIFIED., .F., .F.,
 ( 4, 1, 4 ),
 ( 0.0000000000000000000, 0.5000000000000000000, 1.000000000000000000 ),
 .UNSPECIFIED. ) ;
#2019 = CARTESIAN_POINT ( 'NONE',  ( 0.7500000000000075495, 7.611199771552088933, 0.3600000000000547207 ) ) ;
#2020 =( NAMED_UNIT ( * ) SI_UNIT ( $, .STERADIAN. ) SOLID_ANGLE_UNIT ( ) );
#2021 = PLANE ( 'NONE',  #3853 ) ;
#2022 = VECTOR ( 'NONE', #3375, 1000.000000000000000 ) ;
#2023 = AXIS2_PLACEMENT_3D ( 'NONE', #5513, #4957, #5079 ) ;
#2024 = ORIENTED_EDGE ( 'NONE', *, *, #6143, .F. ) ;
#2025 = FACE_OUTER_BOUND ( 'NONE', #3254, .T. ) ;
#2026 = LINE ( 'NONE', #4511, #5669 ) ;
#2027 = CARTESIAN_POINT ( 'NONE',  ( 0.7499999999999988898, 8.200000000000009948, -3.659999999999944631 ) ) ;
#2028 = VERTEX_POINT ( 'NONE', #1347 ) ;
#2029 = CARTESIAN_POINT ( 'NONE',  ( 2.500000000000009326, 3.750000000000012434, -2.349999999999948574 ) ) ;
#2030 = VECTOR ( 'NONE', #3459, 1000.000000000000000 ) ;
#2031 = AXIS2_PLACEMENT_3D ( 'NONE', #4946, #6236, #3241 ) ;
#2032 = EDGE_LOOP ( 'NONE', ( #3604, #7846, #2996, #2238 ) ) ;
#2033 = ORIENTED_EDGE ( 'NONE', *, *, #876, .F. ) ;
#2034 = DIRECTION ( 'NONE',  ( -1.000000000000000000, -1.644517855226007801E-15, 1.748601263784621748E-15 ) ) ;
#2035 = COLOUR_RGB ( '',1.000000000000000000, 1.000000000000000000, 1.000000000000000000 ) ;
#2036 = AXIS2_PLACEMENT_3D ( 'NONE', #6297, #3228, #6349 ) ;
#2037 = SURFACE_STYLE_FILL_AREA ( #4437 ) ;
#2038 = EDGE_CURVE ( 'NONE', #6269, #3650, #6213, .T. ) ;
#2039 = DIRECTION ( 'NONE',  ( 1.748601263784621946E-15, 0.0000000000000000000, 1.000000000000000000 ) ) ;
#2040 = CARTESIAN_POINT ( 'NONE',  ( 0.7500000000000093259, 7.611199771552088933, 1.340000000000055591 ) ) ;
#2041 = ORIENTED_EDGE ( 'NONE', *, *, #7717, .T. ) ;
#2042 = FILL_AREA_STYLE ('',( #3226 ) ) ;
#2043 = EDGE_CURVE ( 'NONE', #657, #1030, #1944, .T. ) ;
#2044 = VERTEX_POINT ( 'NONE', #4922 ) ;
#2045 = VECTOR ( 'NONE', #6254, 1000.000000000000114 ) ;
#2046 = AXIS2_PLACEMENT_3D ( 'NONE', #5749, #6325, #1264 ) ;
#2047 = CARTESIAN_POINT ( 'NONE',  ( 1.800000000000002931, 4.200000000000010836, -5.949999999999945999 ) ) ;
#2048 = EDGE_LOOP ( 'NONE', ( #1945, #3225, #4565, #5201, #1931, #7974, #7035, #1853, #3420, #1846, #5123, #3664, #2834, #240, #5730, #6853, #4034, #3859, #5010, #6338, #6190, #2374 ) ) ;
#2049 = DIRECTION ( 'NONE',  ( 1.000000000000000000, 1.644517855226007998E-15, -1.748601263784621946E-15 ) ) ;
#2050 = VECTOR ( 'NONE', #2555, 1000.000000000000000 ) ;
#2051 = AXIS2_PLACEMENT_3D ( 'NONE', #433, #2950, #1714 ) ;
#2052 = CARTESIAN_POINT ( 'NONE',  ( 2.400000000000009681, 8.200000000000011724, 2.137439318958052503 ) ) ;
#2053 = DIRECTION ( 'NONE',  ( 1.000000000000000000, 1.644517855226007998E-15, -1.748601263784621946E-15 ) ) ;
#2054 =( LENGTH_UNIT ( ) NAMED_UNIT ( * ) SI_UNIT ( .MILLI., .METRE. ) );
#2055 = FACE_OUTER_BOUND ( 'NONE', #1811, .T. ) ;
#2056 = ADVANCED_FACE ( 'NONE', ( #653 ), #1227, .F. ) ;
#2057 = ORIENTED_EDGE ( 'NONE', *, *, #7441, .T. ) ;
#2058 = CARTESIAN_POINT ( 'NONE',  ( 1.500000000000001332, 8.109625349781611092, -3.659999999999946407 ) ) ;
#2059 = VECTOR ( 'NONE', #1683, 1000.000000000000000 ) ;
#2060 = CIRCLE ( 'NONE', #1378, 1.300000000000000266 ) ;
#2061 = MECHANICAL_DESIGN_GEOMETRIC_PRESENTATION_REPRESENTATION (  '', ( #4661 ), #2175 ) ;
#2062 = ORIENTED_EDGE ( 'NONE', *, *, #209, .T. ) ;
#2063 = DIRECTION ( 'NONE',  ( -1.000000000000000000, 1.134242272754066274E-14, 2.001604010742470058E-15 ) ) ;
#2064 = VECTOR ( 'NONE', #7940, 1000.000000000000000 ) ;
#2065 = DIRECTION ( 'NONE',  ( -1.644517855226007998E-15, 1.000000000000000000, 2.890435660536363919E-30 ) ) ;
#2066 = SURFACE_STYLE_USAGE ( .BOTH. , #4587 ) ;
#2067 = EDGE_CURVE ( 'NONE', #3060, #3629, #5793, .T. ) ;
#2068 = CARTESIAN_POINT ( 'NONE',  ( 1.500000000000023981, 4.200000000000010836, 6.350000000000053824 ) ) ;
#2069 = CARTESIAN_POINT ( 'NONE',  ( 7.999999999999988454, 11.55000000000002025, -6.649999999999956835 ) ) ;
#2070 = DIRECTION ( 'NONE',  ( -0.9333456062030549560, 0.3589790793088810106, 1.632049306554485608E-15 ) ) ;
#2071 = COLOUR_RGB ( '',1.000000000000000000, 1.000000000000000000, 1.000000000000000000 ) ;
#2072 = ORIENTED_EDGE ( 'NONE', *, *, #2848, .T. ) ;
#2073 = CARTESIAN_POINT ( 'NONE',  ( 0.2000000000000143885, 8.400000000000007461, 5.850000000000056488 ) ) ;
#2074 = DIRECTION ( 'NONE',  ( 5.567630161940737795E-09, -8.498344536895908591E-10, -1.000000000000000000 ) ) ;
#2075 = ORIENTED_EDGE ( 'NONE', *, *, #5663, .F. ) ;
#2076 = DIRECTION ( 'NONE',  ( 1.644517855226007998E-15, -1.000000000000000000, -2.875605999964573094E-30 ) ) ;
#2077 = VERTEX_POINT ( 'NONE', #1550 ) ;
#2078 = ORIENTED_EDGE ( 'NONE', *, *, #6631, .T. ) ;
#2079 = LINE ( 'NONE', #6377, #2664 ) ;
#2080 = CARTESIAN_POINT ( 'NONE',  ( 11.00000000000001599, 7.450000000000025935, 5.850000000000037836 ) ) ;
#2081 = CARTESIAN_POINT ( 'NONE',  ( 1.400000000000015010, 8.959486922781341178, 5.352045890335054068 ) ) ;
#2082 = EDGE_LOOP ( 'NONE', ( #5845, #5454, #152, #5518 ) ) ;
#2083 = CARTESIAN_POINT ( 'NONE',  ( 1.125000000000000888, 6.200000000000009059, -4.639999999999945501 ) ) ;
#2084 = ORIENTED_EDGE ( 'NONE', *, *, #1417, .T. ) ;
#2085 = EDGE_CURVE ( 'NONE', #1971, #7001, #4631, .T. ) ;
#2086 = EDGE_CURVE ( 'NONE', #255, #2044, #143, .T. ) ;
#2087 = CARTESIAN_POINT ( 'NONE',  ( 2.400000000000007905, 5.400000000000012790, -2.028679656439947632 ) ) ;
#2088 = DIRECTION ( 'NONE',  ( -1.000000000000000000, -1.644517855226007998E-15, 1.748601263784621946E-15 ) ) ;
#2089 = DIRECTION ( 'NONE',  ( -1.748601263784621748E-15, 0.0000000000000000000, -1.000000000000000000 ) ) ;
#2090 = ORIENTED_EDGE ( 'NONE', *, *, #1357, .F. ) ;
#2091 = CARTESIAN_POINT ( 'NONE',  ( 10.99999999999999112, 11.75000000000002487, -5.049999999999961631 ) ) ;
#2092 = LINE ( 'NONE', #1538, #6956 ) ;
#2093 = EDGE_CURVE ( 'NONE', #4156, #63, #6370, .T. ) ;
#2094 = UNCERTAINTY_MEASURE_WITH_UNIT (LENGTH_MEASURE( 1.000000000000000082E-05 ), #5721, 'distance_accuracy_value', 'NONE');
#2095 = VERTEX_POINT ( 'NONE', #7117 ) ;
#2096 = FILL_AREA_STYLE_COLOUR ( '', #3485 ) ;
#2097 = DIRECTION ( 'NONE',  ( -0.8411784753765673139, 0.5407575913134772261, 1.470885745111887003E-15 ) ) ;
#2098 = CARTESIAN_POINT ( 'NONE',  ( -0.1999999927999787097, 4.200000000000007283, 5.260000005400058853 ) ) ;
#2099 = EDGE_CURVE ( 'NONE', #702, #2107, #4052, .T. ) ;
#2100 = DIRECTION ( 'NONE',  ( 1.748601263784621946E-15, 0.0000000000000000000, 1.000000000000000000 ) ) ;
#2101 = VERTEX_POINT ( 'NONE', #3893 ) ;
#2102 = EDGE_CURVE ( 'NONE', #1856, #7374, #1428, .T. ) ;
#2103 = LINE ( 'NONE', #2790, #2575 ) ;
#2104 = ORIENTED_EDGE ( 'NONE', *, *, #281, .F. ) ;
#2105 = DIRECTION ( 'NONE',  ( -1.734723475976808672E-15, 1.000000000000000000, 0.0000000000000000000 ) ) ;
#2106 =( NAMED_UNIT ( * ) SI_UNIT ( $, .STERADIAN. ) SOLID_ANGLE_UNIT ( ) );
#2107 = VERTEX_POINT ( 'NONE', #3449 ) ;
#2108 = ORIENTED_EDGE ( 'NONE', *, *, #3287, .F. ) ;
#2109 = SURFACE_STYLE_FILL_AREA ( #6410 ) ;
#2110 = SURFACE_SIDE_STYLE ('',( #7649 ) ) ;
#2111 = VERTEX_POINT ( 'NONE', #859 ) ;
#2112 = DIRECTION ( 'NONE',  ( -1.748601263784621748E-15, 1.482966057179082451E-32, -1.000000000000000000 ) ) ;
#2113 = EDGE_LOOP ( 'NONE', ( #1254, #1839, #6442, #5135, #2627, #366 ) ) ;
#2114 = DIRECTION ( 'NONE',  ( -0.2357022603954947726, 0.9428090415820741255, 0.2357022603954940509 ) ) ;
#2115 = DIRECTION ( 'NONE',  ( -1.644517855226007998E-15, 1.000000000000000000, 2.875605999964573094E-30 ) ) ;
#2116 = LINE ( 'NONE', #98, #7302 ) ;
#2117 = ORIENTED_EDGE ( 'NONE', *, *, #1116, .F. ) ;
#2118 = EDGE_CURVE ( 'NONE', #7259, #910, #3924, .T. ) ;
#2119 = LINE ( 'NONE', #4545, #7959 ) ;
#2120 = FACE_OUTER_BOUND ( 'NONE', #6296, .T. ) ;
#2121 = VECTOR ( 'NONE', #226, 1000.000000000000000 ) ;
#2122 = VERTEX_POINT ( 'NONE', #7640 ) ;
#2123 = ADVANCED_FACE ( 'NONE', ( #3965 ), #2674, .T. ) ;
#2124 = DIRECTION ( 'NONE',  ( 0.0000000000000000000, -0.7142857142856899877, -0.6998542122237899621 ) ) ;
#2125 = ADVANCED_BREP_SHAPE_REPRESENTATION ( 'CUI_DEVICES_TBP04R1-500-03BE', ( #799, #2706 ), #5943 ) ;
#2126 = ORIENTED_EDGE ( 'NONE', *, *, #780, .T. ) ;
#2127 = AXIS2_PLACEMENT_3D ( 'NONE', #4851, #1046, #7299 ) ;
#2128 = DIRECTION ( 'NONE',  ( -1.748601263784621946E-15, 0.0000000000000000000, -1.000000000000000000 ) ) ;
#2129 = EDGE_CURVE ( 'NONE', #4748, #5087, #730, .T. ) ;
#2130 = CARTESIAN_POINT ( 'NONE',  ( 1.399999999999998579, 8.960000000000009734, -4.643862328994943667 ) ) ;
#2131 = LINE ( 'NONE', #4590, #2426 ) ;
#2132 = ORIENTED_EDGE ( 'NONE', *, *, #2239, .T. ) ;
#2133 = AXIS2_PLACEMENT_3D ( 'NONE', #2083, #2112, #3822 ) ;
#2134 = DIRECTION ( 'NONE',  ( 1.644517855226007998E-15, -1.000000000000000000, -2.890435660536363919E-30 ) ) ;
#2135 = DIRECTION ( 'NONE',  ( -0.7071067811864962804, -1.162849727212584842E-15, 0.7071067811865986430 ) ) ;
#2136 = ORIENTED_EDGE ( 'NONE', *, *, #5069, .T. ) ;
#2137 = DIRECTION ( 'NONE',  ( -1.133068471788874136E-08, 1.729492617887981537E-09, 0.9999999999999998890 ) ) ;
#2138 = LINE ( 'NONE', #2188, #6931 ) ;
#2139 = EDGE_CURVE ( 'NONE', #3654, #5657, #234, .T. ) ;
#2140 = VERTEX_POINT ( 'NONE', #4512 ) ;
#2141 = MECHANICAL_DESIGN_GEOMETRIC_PRESENTATION_REPRESENTATION (  '', ( #6032 ), #824 ) ;
#2142 = VECTOR ( 'NONE', #7530, 1000.000000000000000 ) ;
#2143 = VERTEX_POINT ( 'NONE', #7076 ) ;
#2144 = CARTESIAN_POINT ( 'NONE',  ( 0.7433105578600173180, 7.601972579975209143, 5.353310557858056207 ) ) ;
#2145 = DIRECTION ( 'NONE',  ( 1.000000000000000000, 1.644517855226007801E-15, -1.748601263784621748E-15 ) ) ;
#2146 = CONICAL_SURFACE ( 'NONE', #7316, 1.374999999999999556, 0.03224688243525484360 ) ;
#2147 = VECTOR ( 'NONE', #2502, 1000.000000000000114 ) ;
#2148 = DIRECTION ( 'NONE',  ( -1.668003342285391452E-15, 1.000000000000000000, 0.0000000000000000000 ) ) ;
#2149 = DIRECTION ( 'NONE',  ( 1.000000000000000000, 1.644517855226007998E-15, -1.748601263784621946E-15 ) ) ;
#2150 = CARTESIAN_POINT ( 'NONE',  ( 0.7499999999999988898, 7.611199771552088933, -4.639999999999945501 ) ) ;
#2151 = ORIENTED_EDGE ( 'NONE', *, *, #6533, .F. ) ;
#2152 = CARTESIAN_POINT ( 'NONE',  ( 0.6999999999999992895, 8.200000000000009948, -3.609999999999944809 ) ) ;
#2153 = EDGE_CURVE ( 'NONE', #5520, #7125, #1512, .T. ) ;
#2154 = ORIENTED_EDGE ( 'NONE', *, *, #4579, .F. ) ;
#2155 = VECTOR ( 'NONE', #6590, 1000.000000000000000 ) ;
#2156 = VECTOR ( 'NONE', #1794, 999.9999999999998863 ) ;
#2157 = ORIENTED_EDGE ( 'NONE', *, *, #2234, .T. ) ;
#2158 = FACE_OUTER_BOUND ( 'NONE', #5493, .T. ) ;
#2159 = DIRECTION ( 'NONE',  ( 1.748601263784621946E-15, 0.0000000000000000000, 1.000000000000000000 ) ) ;
#2160 = CARTESIAN_POINT ( 'NONE',  ( 1.500000000000001332, 8.109625349781611092, -3.684999999999946318 ) ) ;
#2161 = VECTOR ( 'NONE', #913, 1000.000000000000000 ) ;
#2162 = VECTOR ( 'NONE', #3406, 1000.000000000000000 ) ;
#2163 = CARTESIAN_POINT ( 'NONE',  ( 3.949999999999999734, 7.144714285714313995, -4.649999999999950617 ) ) ;
#2164 = VERTEX_POINT ( 'NONE', #3410 ) ;
#2165 = FILL_AREA_STYLE_COLOUR ( '', #6173 ) ;
#2166 = LINE ( 'NONE', #4074, #2433 ) ;
#2167 = AXIS2_PLACEMENT_3D ( 'NONE', #3418, #2800, #2230 ) ;
#2168 = COLOUR_RGB ( '',1.000000000000000000, 1.000000000000000000, 1.000000000000000000 ) ;
#2169 = CARTESIAN_POINT ( 'NONE',  ( 3.950000000000014388, 7.650000000000012790, 4.500000000000048850 ) ) ;
#2170 = CARTESIAN_POINT ( 'NONE',  ( 9.700000000000004619, 10.60000000000002274, 1.550000000000040012 ) ) ;
#2171 = CARTESIAN_POINT ( 'NONE',  ( 11.00000000000000000, 7.450000000000025935, -4.149999999999963052 ) ) ;
#2172 = CARTESIAN_POINT ( 'NONE',  ( 2.400000000000016787, 5.400000000000012790, 2.971320343560052368 ) ) ;
#2173 = VECTOR ( 'NONE', #4299, 1000.000000000000000 ) ;
#2174 = VERTEX_POINT ( 'NONE', #272 ) ;
#2175 =( GEOMETRIC_REPRESENTATION_CONTEXT ( 3 ) GLOBAL_UNCERTAINTY_ASSIGNED_CONTEXT ( ( #3647 ) ) GLOBAL_UNIT_ASSIGNED_CONTEXT ( ( #3843, #1340, #4460 ) ) REPRESENTATION_CONTEXT ( 'NONE', 'WORKASPACE' ) );
#2176 = CARTESIAN_POINT ( 'NONE',  ( 11.00000000000001243, 12.25000000000002487, 8.350000000000054712 ) ) ;
#2177 = LINE ( 'NONE', #2069, #4101 ) ;
#2178 = LINE ( 'NONE', #3491, #5416 ) ;
#2179 = EDGE_CURVE ( 'NONE', #7181, #1657, #7719, .T. ) ;
#2180 = ORIENTED_EDGE ( 'NONE', *, *, #3698, .F. ) ;
#2181 = UNCERTAINTY_MEASURE_WITH_UNIT (LENGTH_MEASURE( 1.000000000000000082E-05 ), #389, 'distance_accuracy_value', 'NONE');
#2182 = AXIS2_PLACEMENT_3D ( 'NONE', #550, #7235, #2335 ) ;
#2183 = COLOUR_RGB ( '',1.000000000000000000, 1.000000000000000000, 1.000000000000000000 ) ;
#2184 = VECTOR ( 'NONE', #7158, 1000.000000000000000 ) ;
#2185 = EDGE_CURVE ( 'NONE', #5224, #5110, #5316, .T. ) ;
#2186 = EDGE_LOOP ( 'NONE', ( #6401, #5665, #3523, #7882 ) ) ;
#2187 = CARTESIAN_POINT ( 'NONE',  ( 2.399999999999994138, 8.200000000000011724, -6.124841765812945482 ) ) ;
#2188 = CARTESIAN_POINT ( 'NONE',  ( 0.7000000000000079492, 8.200000000000009948, 1.390000000000055191 ) ) ;
#2189 = ORIENTED_EDGE ( 'NONE', *, *, #4883, .T. ) ;
#2190 = VECTOR ( 'NONE', #6005, 1000.000000000000000 ) ;
#2191 = CARTESIAN_POINT ( 'NONE',  ( 0.6767269503200178393, 8.200000000002308553, 7.523770428909055674 ) ) ;
#2192 = VERTEX_POINT ( 'NONE', #4207 ) ;
#2193 = SURFACE_STYLE_USAGE ( .BOTH. , #6454 ) ;
#2194 = DIRECTION ( 'NONE',  ( 1.748601263784621946E-15, 0.0000000000000000000, 1.000000000000000000 ) ) ;
#2195 = EDGE_CURVE ( 'NONE', #7537, #2397, #4160, .T. ) ;
#2196 = CARTESIAN_POINT ( 'NONE',  ( 1.800000000000020250, 6.844714285714310620, 6.350000000000053824 ) ) ;
#2197 = CARTESIAN_POINT ( 'NONE',  ( 3.175000000000007816, 7.650000000000012790, 0.8500000000000512701 ) ) ;
#2198 = VERTEX_POINT ( 'NONE', #392 ) ;
#2199 = CARTESIAN_POINT ( 'NONE',  ( -0.9999999999999956701, 3.750000000000006217, -5.949999999999940670 ) ) ;
#2200 = VERTEX_POINT ( 'NONE', #6085 ) ;
#2201 = ORIENTED_EDGE ( 'NONE', *, *, #2492, .F. ) ;
#2202 = CARTESIAN_POINT ( 'NONE',  ( 3.950000000000017053, 8.144714285714314883, 6.350000000000049383 ) ) ;
#2203 = EDGE_CURVE ( 'NONE', #1295, #2557, #4747, .T. ) ;
#2204 = DIRECTION ( 'NONE',  ( 1.644517855226008195E-15, -1.000000000000000000, -2.890435660536364269E-30 ) ) ;
#2205 = CARTESIAN_POINT ( 'NONE',  ( 9.700000000000022382, 5.400000000000024336, 7.971320343560040378 ) ) ;
#2206 = FACE_OUTER_BOUND ( 'NONE', #7704, .T. ) ;
#2207 = ORIENTED_EDGE ( 'NONE', *, *, #7621, .T. ) ;
#2208 = CARTESIAN_POINT ( 'NONE',  ( 2.400000000000016787, 7.650000000000011902, 5.850000000000052047 ) ) ;
#2209 = AXIS2_PLACEMENT_3D ( 'NONE', #7267, #1709, #8023 ) ;
#2210 = PRESENTATION_STYLE_ASSIGNMENT (( #257 ) ) ;
#2211 =( NAMED_UNIT ( * ) PLANE_ANGLE_UNIT ( ) SI_UNIT ( $, .RADIAN. ) );
#2212 = EDGE_LOOP ( 'NONE', ( #128, #7255, #6409, #1564, #7646, #7156, #2771 ) ) ;
#2213 = CARTESIAN_POINT ( 'NONE',  ( 0.1000000000000167422, 7.649999999998868816, 5.849999999998056310 ) ) ;
#2214 = DIRECTION ( 'NONE',  ( -1.748601263784621946E-15, 0.0000000000000000000, -1.000000000000000000 ) ) ;
#2215 = CARTESIAN_POINT ( 'NONE',  ( 0.6999999999999975131, 8.200000000000009948, -4.689999999999945324 ) ) ;
#2216 = ORIENTED_EDGE ( 'NONE', *, *, #1314, .F. ) ;
#2217 = FACE_OUTER_BOUND ( 'NONE', #1584, .T. ) ;
#2218 = LINE ( 'NONE', #7155, #2307 ) ;
#2219 = ORIENTED_EDGE ( 'NONE', *, *, #5371, .F. ) ;
#2220 = LINE ( 'NONE', #979, #5049 ) ;
#2221 = DIRECTION ( 'NONE',  ( 1.644517855226007998E-15, -1.000000000000000000, 0.0000000000000000000 ) ) ;
#2222 = ORIENTED_EDGE ( 'NONE', *, *, #3987, .T. ) ;
#2223 = ADVANCED_FACE ( 'NONE', ( #1059 ), #6559, .F. ) ;
#2224 = PLANE ( 'NONE',  #5255 ) ;
#2225 = VERTEX_POINT ( 'NONE', #4829 ) ;
#2226 = SURFACE_SIDE_STYLE ('',( #5137 ) ) ;
#2227 = EDGE_CURVE ( 'NONE', #3565, #3492, #1590, .T. ) ;
#2228 = ORIENTED_EDGE ( 'NONE', *, *, #5208, .T. ) ;
#2229 = LINE ( 'NONE', #4717, #5005 ) ;
#2230 = DIRECTION ( 'NONE',  ( -1.000000000000000000, -1.644517855226007801E-15, 1.748601263784621748E-15 ) ) ;
#2231 = CARTESIAN_POINT ( 'NONE',  ( 2.400000000000016787, 7.650000000000011902, 5.850000000000052047 ) ) ;
#2232 = FACE_OUTER_BOUND ( 'NONE', #239, .T. ) ;
#2233 = PRESENTATION_STYLE_ASSIGNMENT (( #7739 ) ) ;
#2234 = EDGE_CURVE ( 'NONE', #3838, #7257, #1728, .T. ) ;
#2235 = EDGE_LOOP ( 'NONE', ( #407, #6810, #2678, #2189, #2157 ) ) ;
#2236 = CARTESIAN_POINT ( 'NONE',  ( 9.699999999999999289, 5.400000000000024336, -6.649999999999960387 ) ) ;
#2237 = VECTOR ( 'NONE', #6537, 1000.000000000000000 ) ;
#2238 = ORIENTED_EDGE ( 'NONE', *, *, #2848, .F. ) ;
#2239 = EDGE_CURVE ( 'NONE', #3052, #6221, #2953, .T. ) ;
#2240 = SURFACE_SIDE_STYLE ('',( #3586 ) ) ;
#2241 = ORIENTED_EDGE ( 'NONE', *, *, #4536, .F. ) ;
#2242 = CARTESIAN_POINT ( 'NONE',  ( 0.09999999999999939493, 7.650000000000007461, -4.149999999999943512 ) ) ;
#2243 = CARTESIAN_POINT ( 'NONE',  ( 0.5000000000000091038, 6.844714285714308843, 0.3500000000000568767 ) ) ;
#2244 = DIRECTION ( 'NONE',  ( 1.000000000000000000, 1.644517855226007998E-15, -1.748601263784621946E-15 ) ) ;
#2245 = EDGE_CURVE ( 'NONE', #1472, #1904, #5961, .T. ) ;
#2246 = ORIENTED_EDGE ( 'NONE', *, *, #4883, .F. ) ;
#2247 = ADVANCED_FACE ( 'NONE', ( #5435 ), #4169, .T. ) ;
#2248 = LINE ( 'NONE', #4853, #2291 ) ;
#2249 =( LENGTH_UNIT ( ) NAMED_UNIT ( * ) SI_UNIT ( .MILLI., .METRE. ) );
#2250 = PRODUCT_DEFINITION_SHAPE ( 'NONE', 'NONE',  #1017 ) ;
#2251 = LINE ( 'NONE', #2943, #486 ) ;
#2252 = CARTESIAN_POINT ( 'NONE',  ( 1.400000000000007239, 9.600000000000010303, 1.350000000000053380 ) ) ;
#2253 = FACE_OUTER_BOUND ( 'NONE', #5616, .T. ) ;
#2254 = ORIENTED_EDGE ( 'NONE', *, *, #1649, .F. ) ;
#2255 = EDGE_CURVE ( 'NONE', #2200, #4309, #7839, .T. ) ;
#2256 = DIRECTION ( 'NONE',  ( -1.748601263784621946E-15, 0.0000000000000000000, -1.000000000000000000 ) ) ;
#2257 = DIRECTION ( 'NONE',  ( 1.644517855226008195E-15, -1.000000000000000000, -2.890435660536364269E-30 ) ) ;
#2258 = ORIENTED_EDGE ( 'NONE', *, *, #5798, .T. ) ;
#2259 = CARTESIAN_POINT ( 'NONE',  ( 0.7500000000000179856, 7.611199771552088933, 6.340000000000055813 ) ) ;
#2260 = EDGE_LOOP ( 'NONE', ( #3411, #1785, #1816, #1541 ) ) ;
#2261 = VECTOR ( 'NONE', #6436, 1000.000000000000000 ) ;
#2262 = DIRECTION ( 'NONE',  ( 1.748601263784621946E-15, 0.0000000000000000000, 1.000000000000000000 ) ) ;
#2263 = DIRECTION ( 'NONE',  ( -1.748601263784621946E-15, 0.0000000000000000000, -1.000000000000000000 ) ) ;
#2264 = DIRECTION ( 'NONE',  ( 1.644517855226008195E-15, -1.000000000000000000, -2.890435660536364269E-30 ) ) ;
#2265 = COLOUR_RGB ( '',1.000000000000000000, 1.000000000000000000, 1.000000000000000000 ) ;
#2266 = ORIENTED_EDGE ( 'NONE', *, *, #2500, .F. ) ;
#2267 = DIRECTION ( 'NONE',  ( -1.000000000000000000, -1.644517855226007801E-15, 1.748601263784621748E-15 ) ) ;
#2268 = CARTESIAN_POINT ( 'NONE',  ( -0.9999999999999940048, 10.75000000000000533, 2.650000000000057643 ) ) ;
#2269 = DIRECTION ( 'NONE',  ( -0.7071067811864987229, -1.162849727212584842E-15, -0.7071067811865962005 ) ) ;
#2270 = FACE_OUTER_BOUND ( 'NONE', #7209, .T. ) ;
#2271 = LINE ( 'NONE', #7208, #1707 ) ;
#2272 = VECTOR ( 'NONE', #7458, 1000.000000000000000 ) ;
#2273 = EDGE_LOOP ( 'NONE', ( #6368, #6619, #2947, #4905 ) ) ;
#2274 = LINE ( 'NONE', #3464, #2399 ) ;
#2275 = ORIENTED_EDGE ( 'NONE', *, *, #4483, .T. ) ;
#2276 = LINE ( 'NONE', #1698, #5781 ) ;
#2277 = ORIENTED_EDGE ( 'NONE', *, *, #1136, .F. ) ;
#2278 = CIRCLE ( 'NONE', #3959, 1.299999999999999822 ) ;
#2279 = COLOUR_RGB ( '',1.000000000000000000, 1.000000000000000000, 1.000000000000000000 ) ;
#2280 = ADVANCED_FACE ( 'NONE', ( #5388 ), #6034, .F. ) ;
#2281 = DIRECTION ( 'NONE',  ( 6.930567231222538441E-14, 1.168500215858619925E-28, -1.000000000000000000 ) ) ;
#2282 = CARTESIAN_POINT ( 'NONE',  ( 0.7500000000000127676, -0.2499999999999906741, -3.899999999999945288 ) ) ;
#2283 = EDGE_CURVE ( 'NONE', #3497, #3743, #1386, .T. ) ;
#2284 = CARTESIAN_POINT ( 'NONE',  ( 1.327637489681996019, 8.199999999997109157, -5.476783897363945108 ) ) ;
#2285 = CARTESIAN_POINT ( 'NONE',  ( 1.250000000000013323, -0.2499999999999889533, -3.899999999999946176 ) ) ;
#2286 = EDGE_LOOP ( 'NONE', ( #5156, #6418, #4276, #3465 ) ) ;
#2287 = VECTOR ( 'NONE', #4060, 1000.000000000000114 ) ;
#2288 =( GEOMETRIC_REPRESENTATION_CONTEXT ( 3 ) GLOBAL_UNCERTAINTY_ASSIGNED_CONTEXT ( ( #7603 ) ) GLOBAL_UNIT_ASSIGNED_CONTEXT ( ( #5023, #5582, #8028 ) ) REPRESENTATION_CONTEXT ( 'NONE', 'WORKASPACE' ) );
#2289 = CARTESIAN_POINT ( 'NONE',  ( 0.1000000000000132727, 10.60000000000000675, 6.350000000000056488 ) ) ;
#2290 = STYLED_ITEM ( 'NONE', ( #3232 ), #5505 ) ;
#2291 = VECTOR ( 'NONE', #3558, 1000.000000000000000 ) ;
#2292 = EDGE_CURVE ( 'NONE', #5673, #248, #2912, .T. ) ;
#2293 = CARTESIAN_POINT ( 'NONE',  ( 8.800000000000006040, 8.144714285714321989, 0.3500000000000412781 ) ) ;
#2294 = CARTESIAN_POINT ( 'NONE',  ( 2.400000000000004352, 9.600000000000012079, 0.3500000000000533795 ) ) ;
#2295 = CARTESIAN_POINT ( 'NONE',  ( 0.7500000000000145439, 8.200000000000009948, 5.360000000000054499 ) ) ;
#2296 = ORIENTED_EDGE ( 'NONE', *, *, #1676, .T. ) ;
#2297 = DIRECTION ( 'NONE',  ( 1.644517855226007998E-15, -1.000000000000000000, -2.890435660536363919E-30 ) ) ;
#2298 = VECTOR ( 'NONE', #5292, 1000.000000000000000 ) ;
#2299 = VECTOR ( 'NONE', #3570, 1000.000000000000000 ) ;
#2300 = FILL_AREA_STYLE ('',( #3024 ) ) ;
#2301 = ORIENTED_EDGE ( 'NONE', *, *, #4965, .T. ) ;
#2302 = EDGE_CURVE ( 'NONE', #588, #1118, #4710, .T. ) ;
#2303 = VECTOR ( 'NONE', #5122, 1000.000000000000000 ) ;
#2304 = CARTESIAN_POINT ( 'NONE',  ( 1.399999999999996803, 9.600000000000010303, -4.649999999999945288 ) ) ;
#2305 = ORIENTED_EDGE ( 'NONE', *, *, #5567, .T. ) ;
#2306 = PRESENTATION_LAYER_ASSIGNMENT (  '', '', ( #2820 ) ) ;
#2307 = VECTOR ( 'NONE', #1586, 1000.000000000000227 ) ;
#2308 = CARTESIAN_POINT ( 'NONE',  ( 1.800000000000018696, 6.844714285714310620, 5.350000000000053824 ) ) ;
#2309 = CARTESIAN_POINT ( 'NONE',  ( 2.400000000000016787, 7.100000000000012079, 4.450000000000051692 ) ) ;
#2310 = VECTOR ( 'NONE', #4738, 1000.000000000000000 ) ;
#2311 = VECTOR ( 'NONE', #7718, 1000.000000000000000 ) ;
#2312 = PRESENTATION_LAYER_ASSIGNMENT (  '', '', ( #7219 ) ) ;
#2313 = ORIENTED_EDGE ( 'NONE', *, *, #3779, .F. ) ;
#2314 = PLANE ( 'NONE',  #5041 ) ;
#2315 = CARTESIAN_POINT ( 'NONE',  ( 11.00000000000000888, 5.200000000000025935, -1.354540768504962411 ) ) ;
#2317 = DIRECTION ( 'NONE',  ( -1.748601263784621748E-15, 0.0000000000000000000, -1.000000000000000000 ) ) ;
#2316 = AXIS2_PLACEMENT_3D ( 'NONE', #3980, #2762, #3146 ) ;
#2318 = AXIS2_PLACEMENT_3D ( 'NONE', #2196, #7851, #2148 ) ;
#2319 = VERTEX_POINT ( 'NONE', #2259 ) ;
#2320 = CARTESIAN_POINT ( 'NONE',  ( 10.77560435693829710, 5.234522406625025326, -6.340447055017961908 ) ) ;
#2321 = ORIENTED_EDGE ( 'NONE', *, *, #7813, .F. ) ;
#2322 = CARTESIAN_POINT ( 'NONE',  ( 11.00000000000000533, 12.25000000000002487, 3.350000000000036060 ) ) ;
#2323 = VERTEX_POINT ( 'NONE', #2995 ) ;
#2324 = STYLED_ITEM ( 'NONE', ( #4344 ), #7239 ) ;
#2325 = ORIENTED_EDGE ( 'NONE', *, *, #7153, .T. ) ;
#2326 = CARTESIAN_POINT ( 'NONE',  ( 1.400000000000016787, 8.958578961035836841, 6.347607355697263642 ) ) ;
#2327 = DIRECTION ( 'NONE',  ( 1.748601263784621946E-15, 0.0000000000000000000, 1.000000000000000000 ) ) ;
#2328 = CARTESIAN_POINT ( 'NONE',  ( 9.909186366476022911, 5.367817482081024494, 7.984974229554038239 ) ) ;
#2329 = ORIENTED_EDGE ( 'NONE', *, *, #525, .T. ) ;
#2330 = EDGE_CURVE ( 'NONE', #1997, #6628, #7765, .T. ) ;
#2331 = DIRECTION ( 'NONE',  ( -1.000000000000000000, -1.644517855226007998E-15, 1.748601263784621946E-15 ) ) ;
#2332 = SURFACE_STYLE_USAGE ( .BOTH. , #6588 ) ;
#2333 = CARTESIAN_POINT ( 'NONE',  ( 2.150000000000004352, 3.975000000000011635, -4.149999999999947065 ) ) ;
#2334 = CARTESIAN_POINT ( 'NONE',  ( 8.800000000000018474, 7.144714285714321989, 6.350000000000040501 ) ) ;
#2335 = DIRECTION ( 'NONE',  ( -1.000000000000000000, -1.644517855226007801E-15, 1.748601263784621748E-15 ) ) ;
#2336 = CARTESIAN_POINT ( 'NONE',  ( -0.9999999999999842348, 11.55000000000000426, 8.350000000000054712 ) ) ;
#2337 = VECTOR ( 'NONE', #4737, 1000.000000000000000 ) ;
#2338 = VERTEX_POINT ( 'NONE', #4089 ) ;
#2339 = EDGE_CURVE ( 'NONE', #6636, #7890, #5557, .T. ) ;
#2340 = CARTESIAN_POINT ( 'NONE',  ( -0.9999999999999940048, 11.55000000000000426, 3.350000000000056932 ) ) ;
#2341 = LINE ( 'NONE', #2992, #1242 ) ;
#2342 = ADVANCED_FACE ( 'NONE', ( #3533 ), #65, .T. ) ;
#2343 = ORIENTED_EDGE ( 'NONE', *, *, #1474, .T. ) ;
#2344 = DIRECTION ( 'NONE',  ( -1.644517855226008195E-15, 1.000000000000000000, 2.890435660536364269E-30 ) ) ;
#2345 = ORIENTED_EDGE ( 'NONE', *, *, #6543, .F. ) ;
#2346 = DIRECTION ( 'NONE',  ( -0.8411784753765673139, 0.5407575913134772261, 1.470885745111887003E-15 ) ) ;
#2347 = ADVANCED_FACE ( 'NONE', ( #3649 ), #7432, .T. ) ;
#2348 = DIRECTION ( 'NONE',  ( 1.644517855226007998E-15, -1.000000000000000000, -2.890435660536363919E-30 ) ) ;
#2349 = PLANE ( 'NONE',  #446 ) ;
#2350 = ADVANCED_FACE ( 'NONE', ( #2506 ), #4985, .F. ) ;
#2351 = EDGE_LOOP ( 'NONE', ( #215, #5044, #5002, #443 ) ) ;
#2352 = SURFACE_SIDE_STYLE ('',( #3734 ) ) ;
#2353 = FACE_OUTER_BOUND ( 'NONE', #4142, .T. ) ;
#2354 = DIRECTION ( 'NONE',  ( 1.644517855226008195E-15, -1.000000000000000000, -2.890435660536364269E-30 ) ) ;
#2355 = VERTEX_POINT ( 'NONE', #5621 ) ;
#2356 = ORIENTED_EDGE ( 'NONE', *, *, #5959, .T. ) ;
#2357 = EDGE_CURVE ( 'NONE', #1156, #1639, #21, .T. ) ;
#2358 = VECTOR ( 'NONE', #2769, 1000.000000000000000 ) ;
#2359 = ORIENTED_EDGE ( 'NONE', *, *, #6992, .F. ) ;
#2360 = CARTESIAN_POINT ( 'NONE',  ( 1.500000000000008216, 8.200000000000009948, 1.315000000000053904 ) ) ;
#2361 = CARTESIAN_POINT ( 'NONE',  ( -0.9999999999999731326, 3.750000000000006217, 7.650000000000058087 ) ) ;
#2362 = VECTOR ( 'NONE', #957, 1000.000000000000000 ) ;
#2363 = CARTESIAN_POINT ( 'NONE',  ( -0.9999999999999904521, 3.750000000000006217, -2.349999999999942357 ) ) ;
#2364 = ORIENTED_EDGE ( 'NONE', *, *, #2497, .T. ) ;
#2365 = DIRECTION ( 'NONE',  ( -1.000000000000000000, -1.644517855226007998E-15, 1.748601263784621946E-15 ) ) ;
#2366 = DIRECTION ( 'NONE',  ( 0.9927080914950846546, -0.1205431253957962856, -1.735850623357525016E-15 ) ) ;
#2367 = VECTOR ( 'NONE', #1742, 1000.000000000000000 ) ;
#2368 = ORIENTED_EDGE ( 'NONE', *, *, #6075, .F. ) ;
#2369 = ORIENTED_EDGE ( 'NONE', *, *, #4471, .T. ) ;
#2370 = CARTESIAN_POINT ( 'NONE',  ( 0.6999999999999975131, 8.200000000000009948, -4.689999999999945324 ) ) ;
#2371 = DIRECTION ( 'NONE',  ( -1.000000000000000000, -1.644517855226007998E-15, 1.748601263784621946E-15 ) ) ;
#2372 = DIRECTION ( 'NONE',  ( -1.644517855226007998E-15, 1.000000000000000000, 2.890435660536363919E-30 ) ) ;
#2373 = DIRECTION ( 'NONE',  ( -1.748601263784621748E-15, 0.0000000000000000000, -1.000000000000000000 ) ) ;
#2374 = ORIENTED_EDGE ( 'NONE', *, *, #3018, .T. ) ;
#2375 = CARTESIAN_POINT ( 'NONE',  ( 1.734723475976802992E-14, 0.0000000000000000000, 8.350000000000054712 ) ) ;
#2376 = ORIENTED_EDGE ( 'NONE', *, *, #1285, .F. ) ;
#2377 = ADVANCED_FACE ( 'NONE', ( #1297 ), #3801, .T. ) ;
#2378 = CARTESIAN_POINT ( 'NONE',  ( 1.400000000000006350, 8.959743461390676345, 0.3540917806700535353 ) ) ;
#2379 = VERTEX_POINT ( 'NONE', #2422 ) ;
#2380 = DIRECTION ( 'NONE',  ( -1.748601263784621946E-15, 0.0000000000000000000, -1.000000000000000000 ) ) ;
#2381 = EDGE_CURVE ( 'NONE', #7237, #4017, #4908, .T. ) ;
#2382 = DIRECTION ( 'NONE',  ( -1.748601263784621946E-15, 0.0000000000000000000, -1.000000000000000000 ) ) ;
#2383 = SURFACE_STYLE_USAGE ( .BOTH. , #1106 ) ;
#2384 = VERTEX_POINT ( 'NONE', #3681 ) ;
#2385 = SURFACE_SIDE_STYLE ('',( #5441 ) ) ;
#2386 = VECTOR ( 'NONE', #1933, 1000.000000000000000 ) ;
#2387 = CARTESIAN_POINT ( 'NONE',  ( 1.800000000000018696, 6.844714285714310620, 5.360000000000052722 ) ) ;
#2388 = PRESENTATION_STYLE_ASSIGNMENT (( #1691 ) ) ;
#2389 = CARTESIAN_POINT ( 'NONE',  ( 1.500000000000023981, 4.200000000000010836, 6.350000000000053824 ) ) ;
#2390 = EDGE_CURVE ( 'NONE', #3650, #1828, #2743, .T. ) ;
#2391 = CARTESIAN_POINT ( 'NONE',  ( 2.400000000000025224, 5.400000000000012790, 8.350000000000054712 ) ) ;
#2392 = VERTEX_POINT ( 'NONE', #5217 ) ;
#2393 = DIRECTION ( 'NONE',  ( -1.000000000000000000, -1.644517855226007998E-15, 1.748601263784621748E-15 ) ) ;
#2394 = ORIENTED_EDGE ( 'NONE', *, *, #1840, .T. ) ;
#2395 = AXIS2_PLACEMENT_3D ( 'NONE', #3276, #5739, #2089 ) ;
#2396 = FILL_AREA_STYLE_COLOUR ( '', #2279 ) ;
#2397 = VERTEX_POINT ( 'NONE', #3399 ) ;
#2398 = LINE ( 'NONE', #1821, #3345 ) ;
#2399 = VECTOR ( 'NONE', #1037, 1000.000000000000114 ) ;
#2400 = DIRECTION ( 'NONE',  ( -1.000000000000000000, -1.644517855226007998E-15, 1.748601263784621946E-15 ) ) ;
#2401 = EDGE_CURVE ( 'NONE', #643, #1985, #5745, .T. ) ;
#2402 = CARTESIAN_POINT ( 'NONE',  ( 0.7500000000000197620, -0.2499999999999906741, 0.6000000000000553779 ) ) ;
#2403 =( NAMED_UNIT ( * ) SI_UNIT ( $, .STERADIAN. ) SOLID_ANGLE_UNIT ( ) );
#2404 = ORIENTED_EDGE ( 'NONE', *, *, #4293, .T. ) ;
#2405 =( NAMED_UNIT ( * ) SI_UNIT ( $, .STERADIAN. ) SOLID_ANGLE_UNIT ( ) );
#2406 = AXIS2_PLACEMENT_3D ( 'NONE', #3413, #2794, #7802 ) ;
#2407 = VECTOR ( 'NONE', #7442, 1000.000000000000114 ) ;
#2408 = PLANE ( 'NONE',  #67 ) ;
#2409 = ORIENTED_EDGE ( 'NONE', *, *, #7224, .F. ) ;
#2410 = FILL_AREA_STYLE_COLOUR ( '', #1875 ) ;
#2411 = VECTOR ( 'NONE', #2331, 1000.000000000000000 ) ;
#2412 = VECTOR ( 'NONE', #853, 1000.000000000000000 ) ;
#2413 = CARTESIAN_POINT ( 'NONE',  ( 9.700000000000011724, 10.60000000000002096, 8.350000000000054712 ) ) ;
#2414 = FACE_OUTER_BOUND ( 'NONE', #3430, .T. ) ;
#2415 = ORIENTED_EDGE ( 'NONE', *, *, #1323, .F. ) ;
#2416 = LINE ( 'NONE', #432, #5018 ) ;
#2417 =( NAMED_UNIT ( * ) PLANE_ANGLE_UNIT ( ) SI_UNIT ( $, .RADIAN. ) );
#2418 = AXIS2_PLACEMENT_3D ( 'NONE', #5210, #5773, #93 ) ;
#2419 = VECTOR ( 'NONE', #1706, 1000.000000000000000 ) ;
#2420 = ORIENTED_EDGE ( 'NONE', *, *, #4875, .T. ) ;
#2421 = UNCERTAINTY_MEASURE_WITH_UNIT (LENGTH_MEASURE( 1.000000000000000082E-05 ), #4523, 'distance_accuracy_value', 'NONE');
#2422 = CARTESIAN_POINT ( 'NONE',  ( -0.9999999999999731326, 3.750000000000006217, 7.650000000000058087 ) ) ;
#2423 = ORIENTED_EDGE ( 'NONE', *, *, #4035, .F. ) ;
#2424 = DIRECTION ( 'NONE',  ( -1.000000000000000000, 1.134242272754066274E-14, 2.001604010742470058E-15 ) ) ;
#2425 = MECHANICAL_DESIGN_GEOMETRIC_PRESENTATION_REPRESENTATION (  '', ( #1903 ), #7591 ) ;
#2426 = VECTOR ( 'NONE', #7672, 1000.000000000000000 ) ;
#2427 = CARTESIAN_POINT ( 'NONE',  ( -0.9999999999999783507, 3.750000000000006217, 4.050000000000057554 ) ) ;
#2428 = EDGE_CURVE ( 'NONE', #2865, #2384, #6994, .T. ) ;
#2429 = VERTEX_POINT ( 'NONE', #4503 ) ;
#2430 = EDGE_CURVE ( 'NONE', #7449, #6220, #6471, .T. ) ;
#2431 = DIRECTION ( 'NONE',  ( -1.748601263784621946E-15, 0.0000000000000000000, -1.000000000000000000 ) ) ;
#2432 =( GEOMETRIC_REPRESENTATION_CONTEXT ( 3 ) GLOBAL_UNCERTAINTY_ASSIGNED_CONTEXT ( ( #845 ) ) GLOBAL_UNIT_ASSIGNED_CONTEXT ( ( #5268, #5314, #2752 ) ) REPRESENTATION_CONTEXT ( 'NONE', 'WORKASPACE' ) );
#2433 = VECTOR ( 'NONE', #801, 1000.000000000000000 ) ;
#2434 = DIRECTION ( 'NONE',  ( 1.000000000000000000, 1.644517855226007998E-15, -1.748601263784621946E-15 ) ) ;
#2435 = CARTESIAN_POINT ( 'NONE',  ( 0.2019880736300015689, 8.200000000000008171, -2.228092994471944088 ) ) ;
#2436 = VERTEX_POINT ( 'NONE', #139 ) ;
#2437 = FILL_AREA_STYLE ('',( #8040 ) ) ;
#2438 = LINE ( 'NONE', #6047, #6785 ) ;
#2439 = VERTEX_POINT ( 'NONE', #5149 ) ;
#2440 = CARTESIAN_POINT ( 'NONE',  ( 1.250000000000021982, -0.2499999999999889533, 1.100000000000054046 ) ) ;
#2441 = AXIS2_PLACEMENT_3D ( 'NONE', #2508, #4420, #2065 ) ;
#2442 = ORIENTED_EDGE ( 'NONE', *, *, #3445, .F. ) ;
#2443 = COLOUR_RGB ( '',1.000000000000000000, 1.000000000000000000, 1.000000000000000000 ) ;
#2444 = EDGE_CURVE ( 'NONE', #6009, #1851, #4585, .T. ) ;
#2445 = VERTEX_POINT ( 'NONE', #5862 ) ;
#2446 = EDGE_CURVE ( 'NONE', #3027, #5761, #260, .T. ) ;
#2447 = ORIENTED_EDGE ( 'NONE', *, *, #320, .F. ) ;
#2448 = DIRECTION ( 'NONE',  ( 0.1205431253957962856, 0.9927080914950846546, -2.107818614076375132E-16 ) ) ;
#2449 = VECTOR ( 'NONE', #1052, 1000.000000000000000 ) ;
#2450 = VECTOR ( 'NONE', #6814, 1000.000000000000000 ) ;
#2451 = VECTOR ( 'NONE', #4254, 1000.000000000000000 ) ;
#2452 = DIRECTION ( 'NONE',  ( -1.748601263784621748E-15, 0.0000000000000000000, -1.000000000000000000 ) ) ;
#2453 = DIRECTION ( 'NONE',  ( -0.8411784753765673139, 0.5407575913134772261, 1.470885745111887003E-15 ) ) ;
#2454 = CARTESIAN_POINT ( 'NONE',  ( 2.400000000000007905, 7.650000000000011902, 0.8500000000000520473 ) ) ;
#2455 = ORIENTED_EDGE ( 'NONE', *, *, #813, .F. ) ;
#2456 = CARTESIAN_POINT ( 'NONE',  ( 0.6500000000000030198, 6.200000000000009059, -3.607222222499944841 ) ) ;
#2457 = AXIS2_PLACEMENT_3D ( 'NONE', #898, #1026, #3374 ) ;
#2458 = EDGE_CURVE ( 'NONE', #3938, #5503, #7555, .T. ) ;
#2459 = PLANE ( 'NONE',  #3204 ) ;
#2460 = CARTESIAN_POINT ( 'NONE',  ( 9.300000000000014921, 8.019714285714321989, 5.850000000000040501 ) ) ;
#2461 = CARTESIAN_POINT ( 'NONE',  ( 11.00000000000001066, 11.10000000000002451, 6.750000000000037303 ) ) ;
#2462 = LINE ( 'NONE', #4941, #6206 ) ;
#2463 = LINE ( 'NONE', #4977, #3315 ) ;
#2464 = VERTEX_POINT ( 'NONE', #7594 ) ;
#2465 = CARTESIAN_POINT ( 'NONE',  ( 0.6250000000000283107, 0.2500000000000088818, 5.850000000000055600 ) ) ;
#2466 = FACE_OUTER_BOUND ( 'NONE', #7811, .T. ) ;
#2467 = ORIENTED_EDGE ( 'NONE', *, *, #2740, .F. ) ;
#2468 = DIRECTION ( 'NONE',  ( 1.644517855226007801E-15, -1.000000000000000000, -2.890435660536363568E-30 ) ) ;
#2469 = VERTEX_POINT ( 'NONE', #3319 ) ;
#2470 = DIRECTION ( 'NONE',  ( -0.9428090415820753467, 0.2357022603954918305, -0.2357022603954917472 ) ) ;
#2471 = CARTESIAN_POINT ( 'NONE',  ( -1.000000000000007772, 10.75000000000000533, -5.949999999999940670 ) ) ;
#2472 = CARTESIAN_POINT ( 'NONE',  ( 1.399999999999997691, 8.959743461390676345, -4.645908219329946576 ) ) ;
#2473 = FACE_OUTER_BOUND ( 'NONE', #1881, .T. ) ;
#2474 = VECTOR ( 'NONE', #3363, 1000.000000000000114 ) ;
#2475 = ORIENTED_EDGE ( 'NONE', *, *, #7124, .F. ) ;
#2476 = DIRECTION ( 'NONE',  ( 1.644517855226008195E-15, -1.000000000000000000, -2.890435660536364269E-30 ) ) ;
#2477 = FACE_OUTER_BOUND ( 'NONE', #1991, .T. ) ;
#2478 = SURFACE_STYLE_USAGE ( .BOTH. , #3083 ) ;
#2479 = EDGE_LOOP ( 'NONE', ( #1842, #3313, #7334, #7682 ) ) ;
#2480 = CARTESIAN_POINT ( 'NONE',  ( 0.1000000000000132727, 7.100000000000008527, 2.850000000000056488 ) ) ;
#2481 = EDGE_LOOP ( 'NONE', ( #259, #6430, #7223, #5779, #3438 ) ) ;
#2482 = EDGE_CURVE ( 'NONE', #5030, #3171, #3762, .T. ) ;
#2483 = EDGE_LOOP ( 'NONE', ( #7927, #4649, #375, #2024 ) ) ;
#2484 = ORIENTED_EDGE ( 'NONE', *, *, #7247, .F. ) ;
#2485 = VERTEX_POINT ( 'NONE', #5826 ) ;
#2486 = PLANE ( 'NONE',  #4240 ) ;
#2487 = ADVANCED_FACE ( 'NONE', ( #2015 ), #6396, .T. ) ;
#2488 = SURFACE_STYLE_USAGE ( .BOTH. , #5570 ) ;
#2489 = CARTESIAN_POINT ( 'NONE',  ( 1.400000000000008793, 7.650000000000010125, 0.8500000000000538236 ) ) ;
#2490 = ORIENTED_EDGE ( 'NONE', *, *, #5764, .F. ) ;
#2491 = DIRECTION ( 'NONE',  ( -1.000000000000000000, -1.644517855226007998E-15, 1.748601263784621946E-15 ) ) ;
#2492 = EDGE_CURVE ( 'NONE', #4748, #1140, #1451, .T. ) ;
#2493 = ORIENTED_EDGE ( 'NONE', *, *, #4273, .F. ) ;
#2494 = PRESENTATION_STYLE_ASSIGNMENT (( #7462 ) ) ;
#2495 = FACE_OUTER_BOUND ( 'NONE', #5238, .T. ) ;
#2496 = VECTOR ( 'NONE', #2244, 1000.000000000000000 ) ;
#2497 = EDGE_CURVE ( 'NONE', #785, #4436, #7666, .T. ) ;
#2498 = FACE_OUTER_BOUND ( 'NONE', #4435, .T. ) ;
#2499 = PLANE ( 'NONE',  #1448 ) ;
#2500 = EDGE_CURVE ( 'NONE', #2612, #7232, #7063, .T. ) ;
#2501 = ORIENTED_EDGE ( 'NONE', *, *, #1111, .T. ) ;
#2502 = DIRECTION ( 'NONE',  ( 0.2357022603954955775, -0.9428090415820740144, 0.2357022603954931905 ) ) ;
#2503 = CARTESIAN_POINT ( 'NONE',  ( 2.399999999999999467, 7.450000000000011724, -4.149999999999947953 ) ) ;
#2504 = ORIENTED_EDGE ( 'NONE', *, *, #4037, .T. ) ;
#2505 = UNCERTAINTY_MEASURE_WITH_UNIT (LENGTH_MEASURE( 1.000000000000000082E-05 ), #6852, 'distance_accuracy_value', 'NONE');
#2506 = FACE_OUTER_BOUND ( 'NONE', #6336, .T. ) ;
#2507 = EDGE_LOOP ( 'NONE', ( #741, #6563, #2258, #5847, #7031, #4902, #41, #1243, #6285, #3069 ) ) ;
#2508 = CARTESIAN_POINT ( 'NONE',  ( 11.00000000000001421, 7.650000000000026112, 5.350000000000037836 ) ) ;
#2509 = EDGE_CURVE ( 'NONE', #1908, #6689, #3524, .T. ) ;
#2510 = DIRECTION ( 'NONE',  ( 1.748601263784621946E-15, 0.0000000000000000000, 1.000000000000000000 ) ) ;
#2511 = FILL_AREA_STYLE_COLOUR ( '', #3072 ) ;
#2512 = ORIENTED_EDGE ( 'NONE', *, *, #8006, .T. ) ;
#2513 = CARTESIAN_POINT ( 'NONE',  ( 1.955294117647018659, 8.144714285714311330, 6.315000000000052793 ) ) ;
#2514 = LINE ( 'NONE', #5592, #1770 ) ;
#2515 = SURFACE_STYLE_USAGE ( .BOTH. , #7533 ) ;
#2516 = ORIENTED_EDGE ( 'NONE', *, *, #521, .F. ) ;
#2517 = ORIENTED_EDGE ( 'NONE', *, *, #1332, .F. ) ;
#2518 = CARTESIAN_POINT ( 'NONE',  ( 1.499999999999997780, 8.200000000000009948, -4.639999999999945501 ) ) ;
#2519 = ORIENTED_EDGE ( 'NONE', *, *, #418, .T. ) ;
#2520 = CIRCLE ( 'NONE', #3035, 1.349999999999999645 ) ;
#2521 = ORIENTED_EDGE ( 'NONE', *, *, #4119, .T. ) ;
#2522 = VERTEX_POINT ( 'NONE', #5899 ) ;
#2523 = CARTESIAN_POINT ( 'NONE',  ( 9.799999999999998934, 7.394714285714323765, -3.899999999999961720 ) ) ;
#2524 = DIRECTION ( 'NONE',  ( -1.748601263784621946E-15, 0.0000000000000000000, -1.000000000000000000 ) ) ;
#2525 = FACE_OUTER_BOUND ( 'NONE', #949, .T. ) ;
#2526 =( GEOMETRIC_REPRESENTATION_CONTEXT ( 3 ) GLOBAL_UNCERTAINTY_ASSIGNED_CONTEXT ( ( #679 ) ) GLOBAL_UNIT_ASSIGNED_CONTEXT ( ( #1010, #6774, #2403 ) ) REPRESENTATION_CONTEXT ( 'NONE', 'WORKASPACE' ) );
#2527 = VERTEX_POINT ( 'NONE', #4161 ) ;
#2528 = VERTEX_POINT ( 'NONE', #2293 ) ;
#2529 = CARTESIAN_POINT ( 'NONE',  ( 10.99999999999999112, 11.75000000000002487, -5.049999999999961631 ) ) ;
#2530 = ADVANCED_FACE ( 'NONE', ( #7876 ), #3481, .T. ) ;
#2531 = AXIS2_PLACEMENT_3D ( 'NONE', #129, #2649, #5134 ) ;
#2532 = MECHANICAL_DESIGN_GEOMETRIC_PRESENTATION_REPRESENTATION (  '', ( #6029 ), #5901 ) ;
#2533 = EDGE_CURVE ( 'NONE', #1438, #4466, #5305, .T. ) ;
#2534 = CARTESIAN_POINT ( 'NONE',  ( 0.1000000000000045991, 7.100000000000008527, -2.149999999999943512 ) ) ;
#2535 = CARTESIAN_POINT ( 'NONE',  ( 2.400000000000020783, 8.200000000000011724, 8.350000000000054712 ) ) ;
#2536 = CARTESIAN_POINT ( 'NONE',  ( 0.09999999999999766020, 7.100000000000008527, -6.649999999999943512 ) ) ;
#2537 = EDGE_LOOP ( 'NONE', ( #4809, #4224, #2368, #2394, #3609, #935 ) ) ;
#2538 = AXIS2_PLACEMENT_3D ( 'NONE', #6726, #3685, #1180 ) ;
#2539 = VECTOR ( 'NONE', #4754, 1000.000000000000114 ) ;
#2540 = DIRECTION ( 'NONE',  ( 0.2425356250363110422, -0.9701425001453373165, -4.240981004512866908E-16 ) ) ;
#2541 = PLANE ( 'NONE',  #317 ) ;
#2542 = ORIENTED_EDGE ( 'NONE', *, *, #772, .T. ) ;
#2543 = EDGE_CURVE ( 'NONE', #5958, #7923, #7757, .T. ) ;
#2544 = VECTOR ( 'NONE', #2097, 1000.000000000000114 ) ;
#2545 = COLOUR_RGB ( '',1.000000000000000000, 1.000000000000000000, 1.000000000000000000 ) ;
#2546 = ORIENTED_EDGE ( 'NONE', *, *, #126, .F. ) ;
#2547 =( NAMED_UNIT ( * ) SI_UNIT ( $, .STERADIAN. ) SOLID_ANGLE_UNIT ( ) );
#2548 = DIRECTION ( 'NONE',  ( -1.644517855226008195E-15, 1.000000000000000000, 2.890435660536364269E-30 ) ) ;
#2549 = STYLED_ITEM ( 'NONE', ( #1747 ), #5410 ) ;
#2550 = VECTOR ( 'NONE', #4073, 1000.000000000000227 ) ;
#2551 = CARTESIAN_POINT ( 'NONE',  ( -0.3999999999999993006, 6.450000000000008171, -4.889999999999943725 ) ) ;
#2552 = ORIENTED_EDGE ( 'NONE', *, *, #422, .T. ) ;
#2553 = EDGE_CURVE ( 'NONE', #2028, #2225, #7910, .T. ) ;
#2554 = FACE_OUTER_BOUND ( 'NONE', #5666, .T. ) ;
#2555 = DIRECTION ( 'NONE',  ( -1.748601263784621946E-15, 0.0000000000000000000, -1.000000000000000000 ) ) ;
#2556 = CARTESIAN_POINT ( 'NONE',  ( 2.400000000000013234, 9.600000000000012079, 5.350000000000053824 ) ) ;
#2557 = VERTEX_POINT ( 'NONE', #3601 ) ;
#2558 = VECTOR ( 'NONE', #4188, 1000.000000000000000 ) ;
#2559 = AXIS2_PLACEMENT_3D ( 'NONE', #2456, #7507, #591 ) ;
#2560 = CARTESIAN_POINT ( 'NONE',  ( 2.400000000000003020, 10.60000000000001030, 0.3500000000000533795 ) ) ;
#2561 = ORIENTED_EDGE ( 'NONE', *, *, #4032, .T. ) ;
#2562 = PRESENTATION_STYLE_ASSIGNMENT (( #6373 ) ) ;
#2563 = ORIENTED_EDGE ( 'NONE', *, *, #7575, .F. ) ;
#2564 = VECTOR ( 'NONE', #2281, 1000.000000000000000 ) ;
#2565 = ORIENTED_EDGE ( 'NONE', *, *, #5080, .F. ) ;
#2566 = EDGE_LOOP ( 'NONE', ( #5512, #7716, #1513, #2601 ) ) ;
#2567 = DIRECTION ( 'NONE',  ( -1.000000000000000000, -1.734723475976807489E-15, 1.734723475976807489E-15 ) ) ;
#2568 = DIRECTION ( 'NONE',  ( -1.000000000000000000, -1.644517855226007998E-15, 1.748601263784621946E-15 ) ) ;
#2569 = CARTESIAN_POINT ( 'NONE',  ( 3.950000000000010836, 7.650000000000014566, 2.200000000000049027 ) ) ;
#2570 = VECTOR ( 'NONE', #4178, 1000.000000000000000 ) ;
#2571 = ORIENTED_EDGE ( 'NONE', *, *, #4377, .T. ) ;
#2572 = LINE ( 'NONE', #1198, #3826 ) ;
#2573 = ORIENTED_EDGE ( 'NONE', *, *, #1820, .F. ) ;
#2574 = DIRECTION ( 'NONE',  ( 0.9927080914950846546, -0.1205431253957962856, -1.735850623357525016E-15 ) ) ;
#2575 = VECTOR ( 'NONE', #5196, 1000.000000000000227 ) ;
#2576 = VECTOR ( 'NONE', #3396, 1000.000000000000114 ) ;
#2577 = DIRECTION ( 'NONE',  ( 2.019514764053892180E-15, -0.9701425001453377606, 0.2425356250363094601 ) ) ;
#2578 = CARTESIAN_POINT ( 'NONE',  ( -0.9999999999999940048, 10.75000000000000533, 2.650000000000057643 ) ) ;
#2579 = DIRECTION ( 'NONE',  ( 0.9701425001453373165, 0.2425356250363110422, -1.696392401805309466E-15 ) ) ;
#2580 = EDGE_CURVE ( 'NONE', #6556, #6132, #2867, .T. ) ;
#2581 = CARTESIAN_POINT ( 'NONE',  ( 1.499999999999999556, 8.200000000000009948, -3.684999999999946318 ) ) ;
#2582 = CARTESIAN_POINT ( 'NONE',  ( 10.34999999999999787, 5.300000000000025580, -6.460660171779960770 ) ) ;
#2583 = VERTEX_POINT ( 'NONE', #7186 ) ;
#2584 = AXIS2_PLACEMENT_3D ( 'NONE', #2361, #7379, #7295 ) ;
#2585 = ADVANCED_FACE ( 'NONE', ( #1670 ), #6625, .T. ) ;
#2586 = CARTESIAN_POINT ( 'NONE',  ( -0.9999999999999904521, 10.75000000000000533, 4.050000000000059330 ) ) ;
#2587 = ORIENTED_EDGE ( 'NONE', *, *, #3093, .T. ) ;
#2588 = UNCERTAINTY_MEASURE_WITH_UNIT (LENGTH_MEASURE( 1.000000000000000082E-05 ), #2675, 'distance_accuracy_value', 'NONE');
#2589 = ORIENTED_EDGE ( 'NONE', *, *, #3042, .F. ) ;
#2590 = PLANE ( 'NONE',  #2441 ) ;
#2591 = LINE ( 'NONE', #7967, #2386 ) ;
#2592 = DIRECTION ( 'NONE',  ( 0.05547001409258993376, 9.122142860490531446E-17, -0.9984603535126309604 ) ) ;
#2593 = EDGE_CURVE ( 'NONE', #5276, #7125, #1580, .T. ) ;
#2594 = LINE ( 'NONE', #6917, #7465 ) ;
#2595 = EDGE_LOOP ( 'NONE', ( #5563, #4065, #3076, #5331 ) ) ;
#2596 = CARTESIAN_POINT ( 'NONE',  ( -0.5999999999999876543, 4.200000000000007283, -0.9499999999999404476 ) ) ;
#2597 = CARTESIAN_POINT ( 'NONE',  ( 11.00000000000000711, 5.200000000000025935, -1.945459231494963026 ) ) ;
#2598 = CARTESIAN_POINT ( 'NONE',  ( 1.327602303228000657, 8.199999999929909578, -2.823196971176947123 ) ) ;
#2599 = EDGE_CURVE ( 'NONE', #4932, #4368, #1542, .T. ) ;
#2600 = CARTESIAN_POINT ( 'NONE',  ( -0.5999999999999789946, 4.200000000000007283, 4.050000000000059330 ) ) ;
#2601 = ORIENTED_EDGE ( 'NONE', *, *, #3075, .F. ) ;
#2602 = DIRECTION ( 'NONE',  ( 1.644517855226008195E-15, -1.000000000000000000, -2.890435660536364269E-30 ) ) ;
#2603 = EDGE_CURVE ( 'NONE', #4346, #4247, #4079, .T. ) ;
#2604 = AXIS2_PLACEMENT_3D ( 'NONE', #847, #768, #6953 ) ;
#2605 = EDGE_CURVE ( 'NONE', #6467, #4105, #2986, .T. ) ;
#2606 = ORIENTED_EDGE ( 'NONE', *, *, #3500, .T. ) ;
#2607 = ORIENTED_EDGE ( 'NONE', *, *, #31, .F. ) ;
#2608 = ORIENTED_EDGE ( 'NONE', *, *, #3926, .T. ) ;
#2609 = LINE ( 'NONE', #1358, #7330 ) ;
#2610 = LINE ( 'NONE', #6975, #3494 ) ;
#2611 = CARTESIAN_POINT ( 'NONE',  ( 1.400000000000015898, 8.960000000000009734, 5.356137671005056333 ) ) ;
#2612 = VERTEX_POINT ( 'NONE', #6545 ) ;
#2613 = LINE ( 'NONE', #4571, #5250 ) ;
#2614 = EDGE_CURVE ( 'NONE', #5313, #4549, #7149, .T. ) ;
#2615 = ORIENTED_EDGE ( 'NONE', *, *, #6741, .F. ) ;
#2616 = CARTESIAN_POINT ( 'NONE',  ( 0.7000000000000061728, 4.200000000000009059, -3.609999999999944809 ) ) ;
#2617 = DIRECTION ( 'NONE',  ( -1.748601263784621946E-15, 0.0000000000000000000, -1.000000000000000000 ) ) ;
#2618 = PLANE ( 'NONE',  #2676 ) ;
#2619 = CARTESIAN_POINT ( 'NONE',  ( 8.800000000000000711, 7.144714285714321989, -3.649999999999959499 ) ) ;
#2620 = STYLED_ITEM ( 'NONE', ( #789 ), #3193 ) ;
#2621 = CARTESIAN_POINT ( 'NONE',  ( 1.500000000000018652, 8.109625349781611092, 6.340000000000054037 ) ) ;
#2622 = DIRECTION ( 'NONE',  ( -1.000000000000000000, -7.011711381465521755E-11, -2.377355239868735991E-09 ) ) ;
#2623 = ORIENTED_EDGE ( 'NONE', *, *, #7230, .T. ) ;
#2624 = CARTESIAN_POINT ( 'NONE',  ( 11.00000000000000000, 7.650000000000026112, -3.649999999999963052 ) ) ;
#2625 = LINE ( 'NONE', #6268, #983 ) ;
#2626 = VECTOR ( 'NONE', #6653, 1000.000000000000000 ) ;
#2627 = ORIENTED_EDGE ( 'NONE', *, *, #3042, .T. ) ;
#2629 = COLOUR_RGB ( '',1.000000000000000000, 1.000000000000000000, 1.000000000000000000 ) ;
#2628 = CARTESIAN_POINT ( 'NONE',  ( 8.799999999999998934, 7.144714285714321989, -4.649999999999958611 ) ) ;
#2630 = DIRECTION ( 'NONE',  ( 1.644517855226008195E-15, -1.000000000000000000, -2.890435660536364269E-30 ) ) ;
#2631 = DIRECTION ( 'NONE',  ( 0.9701425001453373165, 1.595416663602607856E-15, -0.2425356250363111532 ) ) ;
#2632 = CARTESIAN_POINT ( 'NONE',  ( 0.7400000000000149791, 4.200000000000009059, 1.350000000000055156 ) ) ;
#2633 = EDGE_CURVE ( 'NONE', #4133, #38, #1051, .T. ) ;
#2634 = ORIENTED_EDGE ( 'NONE', *, *, #1274, .T. ) ;
#2635 = CARTESIAN_POINT ( 'NONE',  ( 9.800000000000014921, 7.894714285714324653, 5.600000000000038725 ) ) ;
#2636 = DIRECTION ( 'NONE',  ( 0.4472135954999964524, 0.8944271909998966485, -7.819982582729584600E-16 ) ) ;
#2637 = EDGE_CURVE ( 'NONE', #2111, #7181, #969, .T. ) ;
#2638 = DIRECTION ( 'NONE',  ( 1.000000000000000000, 1.644517855226007801E-15, -1.748601263784621748E-15 ) ) ;
#2639 = EDGE_LOOP ( 'NONE', ( #605, #122, #5928, #6832 ) ) ;
#2640 = DIRECTION ( 'NONE',  ( -1.748601263784621748E-15, 1.482966057179082451E-32, -1.000000000000000000 ) ) ;
#2641 = ORIENTED_EDGE ( 'NONE', *, *, #3295, .T. ) ;
#2642 = EDGE_LOOP ( 'NONE', ( #7498, #1629, #3627, #5639 ) ) ;
#2643 = EDGE_LOOP ( 'NONE', ( #1587, #117, #2746, #5965 ) ) ;
#2644 = LINE ( 'NONE', #1907, #5280 ) ;
#2645 = EDGE_CURVE ( 'NONE', #1054, #5276, #6507, .T. ) ;
#2646 = CARTESIAN_POINT ( 'NONE',  ( 1.500000000000030864, 0.7500000000000111022, 6.350000000000053824 ) ) ;
#2647 = DIRECTION ( 'NONE',  ( -1.748601263784621748E-15, 0.0000000000000000000, -1.000000000000000000 ) ) ;
#2648 = VERTEX_POINT ( 'NONE', #425 ) ;
#2649 = DIRECTION ( 'NONE',  ( -1.748601263784621946E-15, 0.0000000000000000000, -1.000000000000000000 ) ) ;
#2650 = ORIENTED_EDGE ( 'NONE', *, *, #3253, .F. ) ;
#2651 = LINE ( 'NONE', #5695, #1899 ) ;
#2652 = DIRECTION ( 'NONE',  ( 1.748601263784621946E-15, 0.0000000000000000000, 1.000000000000000000 ) ) ;
#2653 = EDGE_CURVE ( 'NONE', #2527, #5224, #2251, .T. ) ;
#2655 = AXIS2_PLACEMENT_3D ( 'NONE', #1582, #6549, #7794 ) ;
#2654 = DIRECTION ( 'NONE',  ( -1.000000000000000000, -1.644517855226007998E-15, 1.748601263784621946E-15 ) ) ;
#2656 = CARTESIAN_POINT ( 'NONE',  ( 11.00000000000002132, 4.299999999999831957, 5.850000000000037836 ) ) ;
#2657 = CARTESIAN_POINT ( 'NONE',  ( 2.400000000000001243, 8.200000000000011724, -2.862560681041947941 ) ) ;
#2658 = ORIENTED_EDGE ( 'NONE', *, *, #6660, .T. ) ;
#2659 =( NAMED_UNIT ( * ) PLANE_ANGLE_UNIT ( ) SI_UNIT ( $, .RADIAN. ) );
#2660 = CONICAL_SURFACE ( 'NONE', #940, 3.049999998679999269, 0.1526493283952326530 ) ;
#2661 = DIRECTION ( 'NONE',  ( -0.9883716976506226048, -1.625394904386490523E-15, 0.1520571842539051588 ) ) ;
#2662 = CARTESIAN_POINT ( 'NONE',  ( 0.7000000000000148326, 4.200000000000009059, 1.390000000000055191 ) ) ;
#2663 = VECTOR ( 'NONE', #7969, 1000.000000000000000 ) ;
#2664 = VECTOR ( 'NONE', #7085, 1000.000000000000000 ) ;
#2665 = SURFACE_SIDE_STYLE ('',( #685 ) ) ;
#2666 = CARTESIAN_POINT ( 'NONE',  ( 0.5000000000000213163, 0.7500000000000093259, 1.350000000000055156 ) ) ;
#2667 = CARTESIAN_POINT ( 'NONE',  ( 1.500000000000022204, 4.200000000000010836, 5.350000000000055600 ) ) ;
#2668 = LINE ( 'NONE', #2098, #2803 ) ;
#2669 = DIRECTION ( 'NONE',  ( -1.644517855226008195E-15, 1.000000000000000000, 2.890435660536364269E-30 ) ) ;
#2670 = VECTOR ( 'NONE', #1721, 1000.000000000000000 ) ;
#2671 = AXIS2_PLACEMENT_3D ( 'NONE', #4275, #1660, #1039 ) ;
#2672 = ORIENTED_EDGE ( 'NONE', *, *, #2543, .T. ) ;
#2673 = CARTESIAN_POINT ( 'NONE',  ( 9.700000000000015277, 12.25000000000002309, 10.15000000000003944 ) ) ;
#2674 = PLANE ( 'NONE',  #3231 ) ;
#2675 =( LENGTH_UNIT ( ) NAMED_UNIT ( * ) SI_UNIT ( .MILLI., .METRE. ) );
#2676 = AXIS2_PLACEMENT_3D ( 'NONE', #2578, #4685, #133 ) ;
#2677 = ADVANCED_FACE ( 'NONE', ( #4124 ), #4820, .F. ) ;
#2678 = ORIENTED_EDGE ( 'NONE', *, *, #8027, .F. ) ;
#2679 = EDGE_CURVE ( 'NONE', #2338, #5317, #3106, .T. ) ;
#2680 = ORIENTED_EDGE ( 'NONE', *, *, #5908, .F. ) ;
#2681 = PLANE ( 'NONE',  #684 ) ;
#2682 = VECTOR ( 'NONE', #6384, 1000.000000000000000 ) ;
#2683 = MECHANICAL_DESIGN_GEOMETRIC_PRESENTATION_REPRESENTATION (  '', ( #3338 ), #3064 ) ;
#2684 = FILL_AREA_STYLE_COLOUR ( '', #6183 ) ;
#2685 = CARTESIAN_POINT ( 'NONE',  ( 11.00000000000000178, 11.75000000000002487, 1.750000000000037081 ) ) ;
#2686 = CARTESIAN_POINT ( 'NONE',  ( 0.7466439969400097132, 7.606602420031609135, 1.343356003061055404 ) ) ;
#2687 = EDGE_LOOP ( 'NONE', ( #3424, #6874, #7641, #7429, #4327, #6018 ) ) ;
#2688 =( NAMED_UNIT ( * ) PLANE_ANGLE_UNIT ( ) SI_UNIT ( $, .RADIAN. ) );
#2689 = ORIENTED_EDGE ( 'NONE', *, *, #4732, .T. ) ;
#2690 = STYLED_ITEM ( 'NONE', ( #4232 ), #5754 ) ;
#2691 = VECTOR ( 'NONE', #6242, 1000.000000000000114 ) ;
#2692 = ADVANCED_FACE ( 'NONE', ( #4362 ), #4480, .F. ) ;
#2693 = CARTESIAN_POINT ( 'NONE',  ( 0.1000000000000028644, 10.60000000000000675, 0.3500000000000568767 ) ) ;
#2694 = AXIS2_PLACEMENT_3D ( 'NONE', #6849, #2076, #6335 ) ;
#2695 = VECTOR ( 'NONE', #7284, 1000.000000000000000 ) ;
#2696 = CIRCLE ( 'NONE', #4653, 2.950000000000001066 ) ;
#2697 = DIRECTION ( 'NONE',  ( 1.644517855226008195E-15, -1.000000000000000000, -2.890435660536364269E-30 ) ) ;
#2698 = LINE ( 'NONE', #5181, #6382 ) ;
#2699 = CARTESIAN_POINT ( 'NONE',  ( 0.7250000000000207390, 6.200000000000009059, 6.365000000000055280 ) ) ;
#2700 = ORIENTED_EDGE ( 'NONE', *, *, #2580, .T. ) ;
#2701 = EDGE_CURVE ( 'NONE', #6556, #287, #4057, .T. ) ;
#2702 = VECTOR ( 'NONE', #1701, 1000.000000000000227 ) ;
#2703 = VECTOR ( 'NONE', #2269, 1000.000000000000114 ) ;
#2704 = CARTESIAN_POINT ( 'NONE',  ( 1.400000000137995748, 8.199999999997109157, -5.437439318884945472 ) ) ;
#2705 = ORIENTED_EDGE ( 'NONE', *, *, #1685, .T. ) ;
#2706 = AXIS2_PLACEMENT_3D ( 'NONE', #4145, #5330, #6048 ) ;
#2707 = DIRECTION ( 'NONE',  ( -1.000000000000000000, -1.644517855226007998E-15, 1.748601263784621748E-15 ) ) ;
#2708 = VECTOR ( 'NONE', #210, 1000.000000000000000 ) ;
#2709 = VECTOR ( 'NONE', #2792, 1000.000000000000000 ) ;
#2710 = DIRECTION ( 'NONE',  ( -1.748601263784621748E-15, 1.482966057179082451E-32, -1.000000000000000000 ) ) ;
#2711 = CARTESIAN_POINT ( 'NONE',  ( -0.1999999927999943083, 4.200000000000007283, -3.560000005399943213 ) ) ;
#2712 = CARTESIAN_POINT ( 'NONE',  ( 0.1000000000000080685, 7.649999999998868816, 0.8499999999980563103 ) ) ;
#2713 = DIRECTION ( 'NONE',  ( 6.930567231222538441E-14, 1.168500215858619925E-28, -1.000000000000000000 ) ) ;
#2714 = CARTESIAN_POINT ( 'NONE',  ( 0.7000000000000148326, 8.200000000000009948, 5.310000000000055564 ) ) ;
#2715 = VECTOR ( 'NONE', #2137, 1000.000000000000114 ) ;
#2716 = ORIENTED_EDGE ( 'NONE', *, *, #2533, .T. ) ;
#2717 = LINE ( 'NONE', #2838, #6837 ) ;
#2718 = DIRECTION ( 'NONE',  ( 1.489513996486856603E-09, -1.000000000000000000, 7.237765942743975668E-10 ) ) ;
#2719 = ORIENTED_EDGE ( 'NONE', *, *, #4300, .T. ) ;
#2720 = DIRECTION ( 'NONE',  ( 1.644517855226007998E-15, -1.000000000000000000, 0.0000000000000000000 ) ) ;
#2721 = CARTESIAN_POINT ( 'NONE',  ( 1.300000000000016476, 7.100000000000010303, 4.250000000000055067 ) ) ;
#2722 = ORIENTED_EDGE ( 'NONE', *, *, #3915, .T. ) ;
#2723 = ORIENTED_EDGE ( 'NONE', *, *, #2227, .T. ) ;
#2724 = CARTESIAN_POINT ( 'NONE',  ( 0.6205608657817325291, 9.369703792022287203, -4.649999999998310152 ) ) ;
#2725 = DIRECTION ( 'NONE',  ( 0.9486832980505233159, 1.560126622598782925E-15, -0.3162277660168096305 ) ) ;
#2726 = ADVANCED_FACE ( 'NONE', ( #6779 ), #3017, .T. ) ;
#2727 = CARTESIAN_POINT ( 'NONE',  ( 0.09999999999999939493, 5.400000000000009237, -6.649999999999943512 ) ) ;
#2728 = VECTOR ( 'NONE', #3885, 1000.000000000000000 ) ;
#2729 = VERTEX_POINT ( 'NONE', #2461 ) ;
#2730 = FACE_OUTER_BOUND ( 'NONE', #692, .T. ) ;
#2731 = ORIENTED_EDGE ( 'NONE', *, *, #1874, .F. ) ;
#2732 = ADVANCED_FACE ( 'NONE', ( #2498 ), #6142, .T. ) ;
#2733 = CARTESIAN_POINT ( 'NONE',  ( 0.1000000000000115380, 10.60000000000000675, 5.350000000000057376 ) ) ;
#2734 = EDGE_CURVE ( 'NONE', #6216, #6628, #4856, .T. ) ;
#2735 = CARTESIAN_POINT ( 'NONE',  ( 10.99999999999999112, 11.75000000000002487, -5.049999999999961631 ) ) ;
#2736 = CARTESIAN_POINT ( 'NONE',  ( 9.699999999999990408, 10.60000000000002274, -6.649999999999960387 ) ) ;
#2737 = ORIENTED_EDGE ( 'NONE', *, *, #5896, .T. ) ;
#2738 = LINE ( 'NONE', #7662, #5154 ) ;
#2739 = DIRECTION ( 'NONE',  ( -0.1520571842539051866, -2.500607545209353004E-16, -0.9883716976506227159 ) ) ;
#2740 = EDGE_CURVE ( 'NONE', #7551, #5958, #4243, .T. ) ;
#2741 = ORIENTED_EDGE ( 'NONE', *, *, #7607, .F. ) ;
#2742 = ADVANCED_FACE ( 'NONE', ( #5537 ), #509, .T. ) ;
#2743 = LINE ( 'NONE', #2662, #2474 ) ;
#2744 = CARTESIAN_POINT ( 'NONE',  ( 1.499999999999999556, 8.200000000000009948, -3.659999999999946407 ) ) ;
#2745 = DIRECTION ( 'NONE',  ( -0.3162277660168096305, -5.200422075328728817E-16, -0.9486832980505232049 ) ) ;
#2746 = ORIENTED_EDGE ( 'NONE', *, *, #6783, .F. ) ;
#2747 = LINE ( 'NONE', #7670, #2411 ) ;
#2748 = DIRECTION ( 'NONE',  ( 1.000000000000000000, 1.644517855226007998E-15, -1.748601263784621946E-15 ) ) ;
#2749 = LINE ( 'NONE', #311, #844 ) ;
#2750 = EDGE_LOOP ( 'NONE', ( #6851, #7341, #6519, #2778 ) ) ;
#2751 = UNCERTAINTY_MEASURE_WITH_UNIT (LENGTH_MEASURE( 1.000000000000000082E-05 ), #1108, 'distance_accuracy_value', 'NONE');
#2752 =( NAMED_UNIT ( * ) SI_UNIT ( $, .STERADIAN. ) SOLID_ANGLE_UNIT ( ) );
#2753 = EDGE_CURVE ( 'NONE', #2077, #2445, #7513, .T. ) ;
#2754 = ORIENTED_EDGE ( 'NONE', *, *, #1696, .T. ) ;
#2755 = SURFACE_SIDE_STYLE ('',( #7767 ) ) ;
#2756 = CARTESIAN_POINT ( 'NONE',  ( 1.400000000000015898, 9.600000000000010303, 6.350000000000053824 ) ) ;
#2757 = VERTEX_POINT ( 'NONE', #4541 ) ;
#2758 = ORIENTED_EDGE ( 'NONE', *, *, #4012, .F. ) ;
#2759 = VERTEX_POINT ( 'NONE', #2621 ) ;
#2760 = CARTESIAN_POINT ( 'NONE',  ( 1.500000000000022204, 4.200000000000010836, 5.350000000000055600 ) ) ;
#2761 = CARTESIAN_POINT ( 'NONE',  ( 0.5000000000000195399, 6.844714285714308843, 6.350000000000055600 ) ) ;
#2762 = DIRECTION ( 'NONE',  ( -1.000000000000000000, -1.644517855226007801E-15, 1.748601263784621748E-15 ) ) ;
#2763 = ORIENTED_EDGE ( 'NONE', *, *, #5225, .T. ) ;
#2764 = CARTESIAN_POINT ( 'NONE',  ( -0.9999999999999922284, 4.200000000000005507, -2.349999999999942357 ) ) ;
#2765 = ORIENTED_EDGE ( 'NONE', *, *, #2067, .T. ) ;
#2766 = VERTEX_POINT ( 'NONE', #7585 ) ;
#2767 = LINE ( 'NONE', #5849, #5534 ) ;
#2768 = DIRECTION ( 'NONE',  ( 1.644517855226007998E-15, -1.000000000000000000, -2.890435660536363919E-30 ) ) ;
#2769 = DIRECTION ( 'NONE',  ( -1.644517855226008195E-15, 1.000000000000000000, 2.890435660536364269E-30 ) ) ;
#2770 = LINE ( 'NONE', #2736, #5376 ) ;
#2771 = ORIENTED_EDGE ( 'NONE', *, *, #1988, .T. ) ;
#2772 = EDGE_CURVE ( 'NONE', #4434, #4852, #7017, .T. ) ;
#2773 = CARTESIAN_POINT ( 'NONE',  ( -0.5999999999999755529, 4.200000000000007283, 6.740000000000057057 ) ) ;
#2774 = LINE ( 'NONE', #7146, #1641 ) ;
#2775 = ADVANCED_FACE ( 'NONE', ( #96 ), #5853, .T. ) ;
#2776 = VECTOR ( 'NONE', #5708, 1000.000000000000000 ) ;
#2777 = FACE_OUTER_BOUND ( 'NONE', #3335, .T. ) ;
#2778 = ORIENTED_EDGE ( 'NONE', *, *, #4078, .F. ) ;
#2779 = DIRECTION ( 'NONE',  ( -1.644517855226008195E-15, 1.000000000000000000, 2.890435660536364269E-30 ) ) ;
#2780 = DIRECTION ( 'NONE',  ( 1.000000000000000000, 8.971727675415522682E-11, 3.904768481932621372E-11 ) ) ;
#2781 = FILL_AREA_STYLE ('',( #7634 ) ) ;
#2782 = ORIENTED_EDGE ( 'NONE', *, *, #1468, .F. ) ;
#2783 = AXIS2_PLACEMENT_3D ( 'NONE', #7103, #5106, #1374 ) ;
#2784 = CARTESIAN_POINT ( 'NONE',  ( 1.399516249111582900, 9.386410128057342206, 0.3500000000000546008 ) ) ;
#2785 = LINE ( 'NONE', #5263, #3969 ) ;
#2786 = CARTESIAN_POINT ( 'NONE',  ( 1.955294117647018659, 8.144714285714311330, 6.315000000000052793 ) ) ;
#2787 = ADVANCED_FACE ( 'NONE', ( #5142 ), #5064, .F. ) ;
#2788 = ORIENTED_EDGE ( 'NONE', *, *, #7873, .F. ) ;
#2789 = CIRCLE ( 'NONE', #5637, 1.399999999999000266 ) ;
#2790 = CARTESIAN_POINT ( 'NONE',  ( 10.99999999999999289, 11.75000000000002487, -3.249999999999963141 ) ) ;
#2791 = B_SPLINE_CURVE_WITH_KNOTS ( 'NONE', 3,
 ( #6586, #5983, #3518, #381, #2898, #7822, #2284, #3555 ),
 .UNSPECIFIED., .F., .F.,
 ( 4, 1, 1, 1, 1, 4 ),
 ( 0.0000000000000000000, 0.2000000000000000111, 0.4000000000000000222, 0.5999999999999999778, 0.8000000000000000444, 1.000000000000000000 ),
 .UNSPECIFIED. ) ;
#2792 = DIRECTION ( 'NONE',  ( 1.000000000000000000, 1.644517855226007998E-15, -1.748601263784621946E-15 ) ) ;
#2793 = DIRECTION ( 'NONE',  ( 1.644517855226008195E-15, -1.000000000000000000, -2.890435660536364269E-30 ) ) ;
#2794 = DIRECTION ( 'NONE',  ( -1.748601263784621748E-15, 1.482966057179082451E-32, -1.000000000000000000 ) ) ;
#2795 = ORIENTED_EDGE ( 'NONE', *, *, #7002, .F. ) ;
#2796 = CARTESIAN_POINT ( 'NONE',  ( 1.177281315329018696, 8.200000000032510172, 7.257976796035054079 ) ) ;
#2797 = EDGE_CURVE ( 'NONE', #4309, #1363, #3992, .T. ) ;
#2798 = VERTEX_POINT ( 'NONE', #176 ) ;
#2799 = DIRECTION ( 'NONE',  ( -1.748601263784621748E-15, 0.0000000000000000000, -1.000000000000000000 ) ) ;
#2800 = DIRECTION ( 'NONE',  ( 1.644517855226007801E-15, -1.000000000000000000, -2.890435660536363568E-30 ) ) ;
#2801 = FACE_OUTER_BOUND ( 'NONE', #5933, .T. ) ;
#2802 = MECHANICAL_DESIGN_GEOMETRIC_PRESENTATION_REPRESENTATION (  '', ( #33 ), #4363 ) ;
#2803 = VECTOR ( 'NONE', #7068, 1000.000000000000114 ) ;
#2804 = CARTESIAN_POINT ( 'NONE',  ( 8.800000000000016698, 8.144714285714321989, 6.350000000000040501 ) ) ;
#2805 = CARTESIAN_POINT ( 'NONE',  ( 3.949999999999999734, 7.650000000000014566, -4.149999999999950617 ) ) ;
#2806 = SHAPE_DEFINITION_REPRESENTATION ( #2250, #2125 ) ;
#2807 = ORIENTED_EDGE ( 'NONE', *, *, #524, .F. ) ;
#2808 = CARTESIAN_POINT ( 'NONE',  ( 2.400000000000003020, 10.60000000000001030, 0.3500000000000533795 ) ) ;
#2809 = ORIENTED_EDGE ( 'NONE', *, *, #7087, .F. ) ;
#2810 = AXIS2_PLACEMENT_3D ( 'NONE', #2333, #7184, #4076 ) ;
#2811 = PRESENTATION_LAYER_ASSIGNMENT (  '', '', ( #6945 ) ) ;
#2812 = VERTEX_POINT ( 'NONE', #2735 ) ;
#2813 = CARTESIAN_POINT ( 'NONE',  ( 1.850000000000016520, 6.250000000000010658, 4.350000000000054712 ) ) ;
#2814 = LINE ( 'NONE', #4693, #7480 ) ;
#2815 = LINE ( 'NONE', #6617, #2626 ) ;
#2816 = CARTESIAN_POINT ( 'NONE',  ( 2.400000000000011458, 10.60000000000001030, 5.350000000000053824 ) ) ;
#2817 = ORIENTED_EDGE ( 'NONE', *, *, #2390, .T. ) ;
#2818 = FACE_OUTER_BOUND ( 'NONE', #2537, .T. ) ;
#2819 =( NAMED_UNIT ( * ) SI_UNIT ( $, .STERADIAN. ) SOLID_ANGLE_UNIT ( ) );
#2820 = STYLED_ITEM ( 'NONE', ( #198 ), #6292 ) ;
#2821 = AXIS2_PLACEMENT_3D ( 'NONE', #7702, #1493, #765 ) ;
#2822 = LINE ( 'NONE', #3522, #2940 ) ;
#2823 = ORIENTED_EDGE ( 'NONE', *, *, #7319, .T. ) ;
#2824 = EDGE_CURVE ( 'NONE', #63, #3676, #1962, .T. ) ;
#2825 = CARTESIAN_POINT ( 'NONE',  ( 1.499999999999999556, 8.200000000000009948, -3.684999999999946318 ) ) ;
#2826 = DIRECTION ( 'NONE',  ( -1.644517855226008195E-15, 1.000000000000000000, 2.890435660536364269E-30 ) ) ;
#2827 = EDGE_CURVE ( 'NONE', #1995, #702, #2698, .T. ) ;
#2828 = CIRCLE ( 'NONE', #2952, 1.399999999999999467 ) ;
#2829 = ORIENTED_EDGE ( 'NONE', *, *, #7705, .T. ) ;
#2830 = VECTOR ( 'NONE', #6942, 1000.000000000000000 ) ;
#2831 = CONICAL_SURFACE ( 'NONE', #7865, 1.724999996680999459, 0.4636476090007538020 ) ;
#2832 = CARTESIAN_POINT ( 'NONE',  ( -0.1999999927999856486, 4.200000000000007283, 1.439999994600056787 ) ) ;
#2833 = DIRECTION ( 'NONE',  ( -1.000000000000000000, -1.644517855226007998E-15, 1.748601263784621946E-15 ) ) ;
#2834 = ORIENTED_EDGE ( 'NONE', *, *, #4417, .F. ) ;
#2835 = STYLED_ITEM ( 'NONE', ( #3381 ), #7143 ) ;
#2836 = VECTOR ( 'NONE', #5227, 1000.000000000000000 ) ;
#2837 = ADVANCED_FACE ( 'NONE', ( #1412 ), #6387, .F. ) ;
#2838 = CARTESIAN_POINT ( 'NONE',  ( 0.7000000000000148326, 8.200000000000009948, 5.310000000000055564 ) ) ;
#2839 = CARTESIAN_POINT ( 'NONE',  ( 1.500000000000004885, 4.200000000000010836, -4.649999999999945288 ) ) ;
#2840 = EDGE_LOOP ( 'NONE', ( #5206, #5038, #3416, #4479, #6134, #1351, #4062, #875, #3593, #2033 ) ) ;
#2841 = EDGE_CURVE ( 'NONE', #345, #4513, #3943, .T. ) ;
#2842 = CARTESIAN_POINT ( 'NONE',  ( -0.5999999999999912070, 4.200000000000007283, -2.349999999999943245 ) ) ;
#2843 = ORIENTED_EDGE ( 'NONE', *, *, #2390, .F. ) ;
#2844 = VECTOR ( 'NONE', #3809, 1000.000000000000000 ) ;
#2845 = DIRECTION ( 'NONE',  ( -1.644517855226008195E-15, 1.000000000000000000, 2.890435660536364269E-30 ) ) ;
#2846 = ORIENTED_EDGE ( 'NONE', *, *, #4906, .F. ) ;
#2847 = CARTESIAN_POINT ( 'NONE',  ( 11.00000000000000888, 11.75000000000002487, 4.950000000000038369 ) ) ;
#2848 = EDGE_CURVE ( 'NONE', #3262, #6971, #5212, .T. ) ;
#2849 = CARTESIAN_POINT ( 'NONE',  ( 1.800000000000010036, 8.144714285714311330, 1.350000000000053380 ) ) ;
#2850 = DIRECTION ( 'NONE',  ( 0.9701425001453373165, 1.595416663602607856E-15, -0.2425356250363111532 ) ) ;
#2851 = LINE ( 'NONE', #5879, #2190 ) ;
#2852 = EDGE_CURVE ( 'NONE', #4187, #7890, #2018, .T. ) ;
#2853 = CARTESIAN_POINT ( 'NONE',  ( 3.950000000000008171, 7.144714285714313995, 0.3500000000000499378 ) ) ;
#2854 = EDGE_CURVE ( 'NONE', #6485, #3422, #343, .T. ) ;
#2855 = ORIENTED_EDGE ( 'NONE', *, *, #2925, .F. ) ;
#2856 = DIRECTION ( 'NONE',  ( -1.644517855226008195E-15, 1.000000000000000000, 2.890435660536364269E-30 ) ) ;
#2857 = ORIENTED_EDGE ( 'NONE', *, *, #1539, .F. ) ;
#2858 = CARTESIAN_POINT ( 'NONE',  ( -0.5999999999999963141, 4.200000000000007283, -5.949999999999940670 ) ) ;
#2859 = ORIENTED_EDGE ( 'NONE', *, *, #1887, .F. ) ;
#2860 = DIRECTION ( 'NONE',  ( 1.000000000000000000, 1.644517855226007998E-15, -1.748601263784621946E-15 ) ) ;
#2861 = LINE ( 'NONE', #6616, #3864 ) ;
#2862 = ADVANCED_FACE ( 'NONE', ( #6501 ), #5889, .F. ) ;
#2863 = CARTESIAN_POINT ( 'NONE',  ( 8.800000000000009592, 7.144714285714321989, 1.350000000000040501 ) ) ;
#2864 = SURFACE_SIDE_STYLE ('',( #6502 ) ) ;
#2865 = VERTEX_POINT ( 'NONE', #2160 ) ;
#2866 =( LENGTH_UNIT ( ) NAMED_UNIT ( * ) SI_UNIT ( .MILLI., .METRE. ) );
#2867 = CIRCLE ( 'NONE', #5705, 2.050000000001999556 ) ;
#2868 = SURFACE_STYLE_USAGE ( .BOTH. , #346 ) ;
#2869 = DIRECTION ( 'NONE',  ( 1.748601263784621946E-15, 0.0000000000000000000, 1.000000000000000000 ) ) ;
#2870 = DIRECTION ( 'NONE',  ( 1.748601263784621946E-15, 0.0000000000000000000, 1.000000000000000000 ) ) ;
#2871 = CARTESIAN_POINT ( 'NONE',  ( -0.9999999999999852340, 10.75000000000000533, 7.650000000000058087 ) ) ;
#2872 = CARTESIAN_POINT ( 'NONE',  ( 1.400000004427017997, 8.199999999929909578, 7.137439316581053461 ) ) ;
#2873 = ORIENTED_EDGE ( 'NONE', *, *, #3149, .T. ) ;
#2874 = PLANE ( 'NONE',  #2031 ) ;
#2875 = PLANE ( 'NONE',  #7339 ) ;
#2876 = ORIENTED_EDGE ( 'NONE', *, *, #2330, .T. ) ;
#2877 = DIRECTION ( 'NONE',  ( -1.644517855226007998E-15, 1.000000000000000000, 2.890435660536363919E-30 ) ) ;
#2878 = ORIENTED_EDGE ( 'NONE', *, *, #5069, .F. ) ;
#2879 = FILL_AREA_STYLE ('',( #5915 ) ) ;
#2880 = CARTESIAN_POINT ( 'NONE',  ( 1.499999999999997780, 8.200000000000009948, -4.614999999999944258 ) ) ;
#2881 = ORIENTED_EDGE ( 'NONE', *, *, #7936, .T. ) ;
#2882 = EDGE_CURVE ( 'NONE', #1763, #3046, #1084, .T. ) ;
#2883 =( NAMED_UNIT ( * ) PLANE_ANGLE_UNIT ( ) SI_UNIT ( $, .RADIAN. ) );
#2884 = ORIENTED_EDGE ( 'NONE', *, *, #2946, .T. ) ;
#2885 = EDGE_CURVE ( 'NONE', #1648, #5725, #5369, .T. ) ;
#2886 = FILL_AREA_STYLE ('',( #7320 ) ) ;
#2887 = CARTESIAN_POINT ( 'NONE',  ( 2.400000000000018563, 8.200000000000011724, 7.137439318958052503 ) ) ;
#2888 = DIRECTION ( 'NONE',  ( -1.000000000000000000, -1.644517855226007998E-15, 1.748601263784621946E-15 ) ) ;
#2889 = PLANE ( 'NONE',  #3275 ) ;
#2890 = ORIENTED_EDGE ( 'NONE', *, *, #6738, .F. ) ;
#2891 = CARTESIAN_POINT ( 'NONE',  ( -0.9999999999999835687, 4.200000000000005507, 2.650000000000057643 ) ) ;
#2892 = EDGE_LOOP ( 'NONE', ( #4311, #6728, #6951, #3227 ) ) ;
#2893 = CARTESIAN_POINT ( 'NONE',  ( -0.9999999999999852340, 10.75000000000000533, 7.650000000000058087 ) ) ;
#2894 = ADVANCED_FACE ( 'NONE', ( #7221 ), #3539, .T. ) ;
#2895 = ORIENTED_EDGE ( 'NONE', *, *, #3068, .T. ) ;
#2896 = LINE ( 'NONE', #7099, #2949 ) ;
#2897 = CARTESIAN_POINT ( 'NONE',  ( 0.1000000000000210443, 7.650000000000007461, 8.350000000000054712 ) ) ;
#2898 = CARTESIAN_POINT ( 'NONE',  ( 0.9357739703999955472, 8.199999999999709743, -5.686866607916945426 ) ) ;
#2899 =( NAMED_UNIT ( * ) SI_UNIT ( $, .STERADIAN. ) SOLID_ANGLE_UNIT ( ) );
#2900 = ORIENTED_EDGE ( 'NONE', *, *, #173, .F. ) ;
#2901 = FACE_OUTER_BOUND ( 'NONE', #5489, .T. ) ;
#2902 = EDGE_CURVE ( 'NONE', #5827, #7259, #4694, .T. ) ;
#2903 =( LENGTH_UNIT ( ) NAMED_UNIT ( * ) SI_UNIT ( .MILLI., .METRE. ) );
#2904 = DIRECTION ( 'NONE',  ( 0.9838699100999038771, 1.617991634378899823E-15, -0.1788854382000027443 ) ) ;
#2905 = CARTESIAN_POINT ( 'NONE',  ( 0.7499999999999972244, 8.200000000000009948, -4.639999999999945501 ) ) ;
#2906 = LINE ( 'NONE', #5953, #12 ) ;
#2907 = ORIENTED_EDGE ( 'NONE', *, *, #2740, .T. ) ;
#2908 = CARTESIAN_POINT ( 'NONE',  ( -0.5999999999999912070, 4.200000000000007283, -2.349999999999943245 ) ) ;
#2909 = VECTOR ( 'NONE', #2354, 1000.000000000000000 ) ;
#2910 = FACE_OUTER_BOUND ( 'NONE', #4338, .T. ) ;
#2911 = ORIENTED_EDGE ( 'NONE', *, *, #7683, .F. ) ;
#2912 = LINE ( 'NONE', #436, #3495 ) ;
#2913 = ORIENTED_EDGE ( 'NONE', *, *, #5611, .F. ) ;
#2914 = AXIS2_PLACEMENT_3D ( 'NONE', #467, #5372, #4071 ) ;
#2915 = DIRECTION ( 'NONE',  ( -1.748601263784621748E-15, 1.482966057179082451E-32, -1.000000000000000000 ) ) ;
#2916 = VECTOR ( 'NONE', #5239, 1000.000000000000000 ) ;
#2917 = EDGE_LOOP ( 'NONE', ( #8037, #630, #7111, #4951 ) ) ;
#2918 = CARTESIAN_POINT ( 'NONE',  ( 9.799999999999998934, 7.394714285714323765, -4.399999999999961275 ) ) ;
#2919 = EDGE_CURVE ( 'NONE', #5028, #6705, #1572, .T. ) ;
#2920 = FILL_AREA_STYLE ('',( #403 ) ) ;
#2921 = CARTESIAN_POINT ( 'NONE',  ( 11.00000000000000000, 7.450000000000025935, -4.149999999999963052 ) ) ;
#2922 = VECTOR ( 'NONE', #5287, 1000.000000000000000 ) ;
#2923 = ORIENTED_EDGE ( 'NONE', *, *, #1738, .T. ) ;
#2924 = LINE ( 'NONE', #4648, #4613 ) ;
#2925 = EDGE_CURVE ( 'NONE', #6724, #941, #7262, .T. ) ;
#2926 = ORIENTED_EDGE ( 'NONE', *, *, #2885, .T. ) ;
#2927 = LINE ( 'NONE', #4226, #3710 ) ;
#2928 = ORIENTED_EDGE ( 'NONE', *, *, #809, .F. ) ;
#2929 = VECTOR ( 'NONE', #6476, 1000.000000000000000 ) ;
#2930 = FACE_OUTER_BOUND ( 'NONE', #5167, .T. ) ;
#2931 = CARTESIAN_POINT ( 'NONE',  ( 3.950000000000006395, 8.144714285714314883, 0.3500000000000499378 ) ) ;
#2932 = DIRECTION ( 'NONE',  ( -1.000000000000000000, -1.644517855226007998E-15, 1.748601263784621946E-15 ) ) ;
#2933 = CARTESIAN_POINT ( 'NONE',  ( 0.09999999999999592548, 10.60000000000000675, -3.649999999999943956 ) ) ;
#2934 = EDGE_CURVE ( 'NONE', #5568, #3752, #3428, .T. ) ;
#2935 = ORIENTED_EDGE ( 'NONE', *, *, #1111, .F. ) ;
#2936 = CIRCLE ( 'NONE', #6298, 2.050000000001999556 ) ;
#2937 = PLANE ( 'NONE',  #7958 ) ;
#2938 = CARTESIAN_POINT ( 'NONE',  ( 0.1000000000000115380, 10.60000000000000675, 5.350000000000057376 ) ) ;
#2939 = CARTESIAN_POINT ( 'NONE',  ( -0.1999999993500013729, 8.599999999630806968, -3.560000002214943393 ) ) ;
#2940 = VECTOR ( 'NONE', #3599, 1000.000000000000000 ) ;
#2941 = VECTOR ( 'NONE', #7202, 1000.000000000000000 ) ;
#2942 = EDGE_CURVE ( 'NONE', #4105, #3100, #2815, .T. ) ;
#2943 = CARTESIAN_POINT ( 'NONE',  ( 0.5000000000000108802, 0.7500000000000093259, -4.649999999999943512 ) ) ;
#2944 =( NAMED_UNIT ( * ) PLANE_ANGLE_UNIT ( ) SI_UNIT ( $, .RADIAN. ) );
#2945 = DIRECTION ( 'NONE',  ( -1.748601263784621946E-15, 0.0000000000000000000, -1.000000000000000000 ) ) ;
#2946 = EDGE_CURVE ( 'NONE', #2319, #3434, #4656, .T. ) ;
#2947 = ORIENTED_EDGE ( 'NONE', *, *, #4547, .F. ) ;
#2948 = CARTESIAN_POINT ( 'NONE',  ( 9.700000000000006395, 5.400000000000024336, -1.271320343559959376 ) ) ;
#2949 = VECTOR ( 'NONE', #378, 1000.000000000000000 ) ;
#2950 = DIRECTION ( 'NONE',  ( -1.644517855226007801E-15, 1.000000000000000000, 2.890435660536363568E-30 ) ) ;
#2951 = ORIENTED_EDGE ( 'NONE', *, *, #7936, .F. ) ;
#2952 = AXIS2_PLACEMENT_3D ( 'NONE', #4125, #6472, #1581 ) ;
#2953 = LINE ( 'NONE', #2839, #3872 ) ;
#2954 = ORIENTED_EDGE ( 'NONE', *, *, #4550, .T. ) ;
#2955 = VECTOR ( 'NONE', #2194, 1000.000000000000000 ) ;
#2956 = AXIS2_PLACEMENT_3D ( 'NONE', #1927, #3242, #5703 ) ;
#2957 = CARTESIAN_POINT ( 'NONE',  ( 10.77560435693831487, 5.234522406625025326, 3.659552944982038092 ) ) ;
#2958 = FACE_OUTER_BOUND ( 'NONE', #6514, .T. ) ;
#2959 = DIRECTION ( 'NONE',  ( 1.000000000000000000, 1.644517855226007998E-15, -1.748601263784621748E-15 ) ) ;
#2960 = AXIS2_PLACEMENT_3D ( 'NONE', #2294, #4782, #5065 ) ;
#2961 = VECTOR ( 'NONE', #5368, 1000.000000000000114 ) ;
#2962 = VECTOR ( 'NONE', #6127, 1000.000000000000000 ) ;
#2963 = EDGE_LOOP ( 'NONE', ( #6550, #7825, #3000, #2878 ) ) ;
#2964 = FACE_OUTER_BOUND ( 'NONE', #7996, .T. ) ;
#2965 = DIRECTION ( 'NONE',  ( 1.644517855226007998E-15, -1.000000000000000000, -2.890435660536363919E-30 ) ) ;
#2966 = LINE ( 'NONE', #5443, #5686 ) ;
#2967 = CARTESIAN_POINT ( 'NONE',  ( 10.99999999999998757, 11.75000000000002487, -6.649999999999959499 ) ) ;
#2968 = CARTESIAN_POINT ( 'NONE',  ( 3.950000000000008171, 7.650000000000014566, 0.8500000000000494937 ) ) ;
#2969 = EDGE_CURVE ( 'NONE', #5110, #1401, #7102, .T. ) ;
#2970 = FILL_AREA_STYLE ('',( #1480 ) ) ;
#2971 = ORIENTED_EDGE ( 'NONE', *, *, #3724, .F. ) ;
#2972 = FACE_OUTER_BOUND ( 'NONE', #7931, .T. ) ;
#2973 = ORIENTED_EDGE ( 'NONE', *, *, #2401, .F. ) ;
#2974 = ORIENTED_EDGE ( 'NONE', *, *, #4865, .T. ) ;
#2975 = EDGE_CURVE ( 'NONE', #391, #7602, #3182, .T. ) ;
#2976 = DIRECTION ( 'NONE',  ( 0.4472135954999964524, 0.8944271909998966485, -7.819982582729584600E-16 ) ) ;
#2977 = LINE ( 'NONE', #7178, #856 ) ;
#2978 = CARTESIAN_POINT ( 'NONE',  ( 9.700000000000009948, 10.60000000000002274, 5.150000000000039435 ) ) ;
#2979 = FACE_OUTER_BOUND ( 'NONE', #820, .T. ) ;
#2980 = EDGE_LOOP ( 'NONE', ( #7457, #6478, #2672, #3707 ) ) ;
#2981 = DIRECTION ( 'NONE',  ( 1.748601263784621946E-15, 0.0000000000000000000, 1.000000000000000000 ) ) ;
#2982 = CARTESIAN_POINT ( 'NONE',  ( 1.399999999999996803, 10.60000000000000853, -3.649999999999946620 ) ) ;
#2983 = EDGE_CURVE ( 'NONE', #846, #1657, #2791, .T. ) ;
#2984 = EDGE_CURVE ( 'NONE', #5361, #4138, #6015, .T. ) ;
#2985 =( NAMED_UNIT ( * ) SI_UNIT ( $, .STERADIAN. ) SOLID_ANGLE_UNIT ( ) );
#2986 = LINE ( 'NONE', #5988, #622 ) ;
#2987 = CARTESIAN_POINT ( 'NONE',  ( 1.500000000000023981, 4.200000000000010836, 6.350000000000053824 ) ) ;
#2988 = LINE ( 'NONE', #4704, #1725 ) ;
#2989 = VECTOR ( 'NONE', #4702, 1000.000000000000000 ) ;
#2990 = ORIENTED_EDGE ( 'NONE', *, *, #4216, .F. ) ;
#2991 = LINE ( 'NONE', #5466, #6038 ) ;
#2992 = CARTESIAN_POINT ( 'NONE',  ( 10.99999999999998757, 11.75000000000002487, -6.649999999999962164 ) ) ;
#2993 = ORIENTED_EDGE ( 'NONE', *, *, #3301, .F. ) ;
#2994 = EDGE_CURVE ( 'NONE', #7537, #3157, #7909, .T. ) ;
#2995 = CARTESIAN_POINT ( 'NONE',  ( 1.500000000000011768, 0.7500000000000111022, -4.649999999999945288 ) ) ;
#2996 = ORIENTED_EDGE ( 'NONE', *, *, #988, .F. ) ;
#2997 = DIRECTION ( 'NONE',  ( 5.567630161940737795E-09, -8.498344536895908591E-10, -1.000000000000000000 ) ) ;
#2998 = CARTESIAN_POINT ( 'NONE',  ( 9.700000000000011724, 10.60000000000002274, 6.550000000000039790 ) ) ;
#2999 = FACE_OUTER_BOUND ( 'NONE', #3834, .T. ) ;
#3000 = ORIENTED_EDGE ( 'NONE', *, *, #281, .T. ) ;
#3001 = EDGE_CURVE ( 'NONE', #315, #1838, #6772, .T. ) ;
#3002 = FACE_OUTER_BOUND ( 'NONE', #5694, .T. ) ;
#3003 = CARTESIAN_POINT ( 'NONE',  ( 0.7000000000000061728, 8.200000000000009948, 0.3100000000000550093 ) ) ;
#3004 = DIRECTION ( 'NONE',  ( -1.644517855226007998E-15, 1.000000000000000000, -0.0000000000000000000 ) ) ;
#3005 = ORIENTED_EDGE ( 'NONE', *, *, #6267, .F. ) ;
#3006 = VERTEX_POINT ( 'NONE', #5007 ) ;
#3007 = LINE ( 'NONE', #4149, #164 ) ;
#3008 = ADVANCED_FACE ( 'NONE', ( #2525 ), #5492, .F. ) ;
#3009 = ORIENTED_EDGE ( 'NONE', *, *, #4779, .T. ) ;
#3010 = DIRECTION ( 'NONE',  ( -1.748601263784621748E-15, 0.0000000000000000000, -1.000000000000000000 ) ) ;
#3011 = LINE ( 'NONE', #7297, #4039 ) ;
#3012 = ORIENTED_EDGE ( 'NONE', *, *, #2446, .F. ) ;
#3013 = FILL_AREA_STYLE ('',( #5648 ) ) ;
#3014 = VECTOR ( 'NONE', #127, 1000.000000000000000 ) ;
#3015 = LINE ( 'NONE', #595, #4763 ) ;
#3016 = PLANE ( 'NONE',  #6706 ) ;
#3017 = PLANE ( 'NONE',  #5713 ) ;
#3018 = EDGE_CURVE ( 'NONE', #4678, #4072, #7978, .T. ) ;
#3019 = DIRECTION ( 'NONE',  ( -0.7071067811865487940, -1.162849727212667278E-15, -0.7071067811865463515 ) ) ;
#3020 = CARTESIAN_POINT ( 'NONE',  ( 11.00000000000001599, 11.10000000000002451, 9.950000000000036593 ) ) ;
#3021 = B_SPLINE_CURVE_WITH_KNOTS ( 'NONE', 3,
 ( #7859, #5488, #1077, #5334 ),
 .UNSPECIFIED., .F., .F.,
 ( 4, 4 ),
 ( 0.0000000000000000000, 1.000000000000000000 ),
 .UNSPECIFIED. ) ;
#3022 = ORIENTED_EDGE ( 'NONE', *, *, #5051, .T. ) ;
#3023 = EDGE_CURVE ( 'NONE', #2436, #5267, #3409, .T. ) ;
#3024 = FILL_AREA_STYLE_COLOUR ( '', #6830 ) ;
#3025 = EDGE_LOOP ( 'NONE', ( #1065, #5688, #6040, #5440 ) ) ;
#3026 = DIRECTION ( 'NONE',  ( 1.000000000000000000, 1.644517855226007998E-15, -1.748601263784621748E-15 ) ) ;
#3027 = VERTEX_POINT ( 'NONE', #500 ) ;
#3028 = EDGE_CURVE ( 'NONE', #7535, #3856, #7456, .T. ) ;
#3029 = CARTESIAN_POINT ( 'NONE',  ( -0.9999999999999956701, 3.750000000000006217, -5.949999999999940670 ) ) ;
#3030 = CARTESIAN_POINT ( 'NONE',  ( 0.09999999999999766020, 7.100000000000008527, -6.649999999999943512 ) ) ;
#3031 = EDGE_CURVE ( 'NONE', #5761, #38, #586, .T. ) ;
#3032 =( LENGTH_UNIT ( ) NAMED_UNIT ( * ) SI_UNIT ( .MILLI., .METRE. ) );
#3033 = VERTEX_POINT ( 'NONE', #5571 ) ;
#3034 = CARTESIAN_POINT ( 'NONE',  ( 9.799999999999998934, 7.394714285714323765, -3.899999999999961720 ) ) ;
#3035 = AXIS2_PLACEMENT_3D ( 'NONE', #2968, #3039, #4270 ) ;
#3036 = LINE ( 'NONE', #5514, #7979 ) ;
#3037 = CARTESIAN_POINT ( 'NONE',  ( 0.7400000000000132028, 4.200000000000009059, 0.3500000000000551559 ) ) ;
#3038 = CARTESIAN_POINT ( 'NONE',  ( 2.400000000000006128, 5.400000000000012790, -2.749999999999948486 ) ) ;
#3039 = DIRECTION ( 'NONE',  ( 1.000000000000000000, 1.644517855226007998E-15, -1.748601263784621946E-15 ) ) ;
#3040 = ORIENTED_EDGE ( 'NONE', *, *, #3964, .T. ) ;
#3041 = DIRECTION ( 'NONE',  ( -1.668003342285391452E-15, 1.000000000000000000, 0.0000000000000000000 ) ) ;
#3042 = EDGE_CURVE ( 'NONE', #6649, #3167, #1911, .T. ) ;
#3043 = ORIENTED_EDGE ( 'NONE', *, *, #6168, .T. ) ;
#3044 = AXIS2_PLACEMENT_3D ( 'NONE', #2699, #1490, #3993 ) ;
#3045 = ORIENTED_EDGE ( 'NONE', *, *, #6566, .T. ) ;
#3046 = VERTEX_POINT ( 'NONE', #5604 ) ;
#3047 = CARTESIAN_POINT ( 'NONE',  ( 0.2000000000000057288, 8.400000000000007461, 0.8500000000000564881 ) ) ;
#3048 = CIRCLE ( 'NONE', #6798, 1.399999999999999023 ) ;
#3049 = DIRECTION ( 'NONE',  ( 1.644517855226007998E-15, -1.000000000000000000, -2.890435660536363919E-30 ) ) ;
#3050 = CARTESIAN_POINT ( 'NONE',  ( -0.5999999999999963141, 4.200000000000007283, -5.949999999999940670 ) ) ;
#3051 = FILL_AREA_STYLE ('',( #501 ) ) ;
#3052 = VERTEX_POINT ( 'NONE', #6742 ) ;
#3053 = CARTESIAN_POINT ( 'NONE',  ( -0.5999999999999876543, 4.200000000000007283, -0.9499999999999404476 ) ) ;
#3054 = CIRCLE ( 'NONE', #4879, 1.399999999999999467 ) ;
#3055 = DIRECTION ( 'NONE',  ( -1.748601263784621946E-15, 0.0000000000000000000, -1.000000000000000000 ) ) ;
#3056 = CARTESIAN_POINT ( 'NONE',  ( 1.500000000000006439, 8.200000000000009948, 0.3850000000000554090 ) ) ;
#3057 = PRESENTATION_LAYER_ASSIGNMENT (  '', '', ( #6555 ) ) ;
#3058 = LINE ( 'NONE', #2905, #7089 ) ;
#3059 = DIRECTION ( 'NONE',  ( 0.9333456062030536238, 0.3589790793088840637, 0.0000000000000000000 ) ) ;
#3060 = VERTEX_POINT ( 'NONE', #7 ) ;
#3061 = FACE_OUTER_BOUND ( 'NONE', #5855, .T. ) ;
#3062 = DIRECTION ( 'NONE',  ( -1.000000000000000000, -1.644517855226007801E-15, 1.748601263784621748E-15 ) ) ;
#3063 =( GEOMETRIC_REPRESENTATION_CONTEXT ( 3 ) GLOBAL_UNCERTAINTY_ASSIGNED_CONTEXT ( ( #4374 ) ) GLOBAL_UNIT_ASSIGNED_CONTEXT ( ( #2002, #4488, #1486 ) ) REPRESENTATION_CONTEXT ( 'NONE', 'WORKASPACE' ) );
#3064 =( GEOMETRIC_REPRESENTATION_CONTEXT ( 3 ) GLOBAL_UNCERTAINTY_ASSIGNED_CONTEXT ( ( #4629 ) ) GLOBAL_UNIT_ASSIGNED_CONTEXT ( ( #2866, #4195, #5609 ) ) REPRESENTATION_CONTEXT ( 'NONE', 'WORKASPACE' ) );
#3065 = EDGE_CURVE ( 'NONE', #4961, #2464, #1127, .T. ) ;
#3066 = ORIENTED_EDGE ( 'NONE', *, *, #5860, .F. ) ;
#3067 = UNCERTAINTY_MEASURE_WITH_UNIT (LENGTH_MEASURE( 1.000000000000000082E-05 ), #7845, 'distance_accuracy_value', 'NONE');
#3068 = EDGE_CURVE ( 'NONE', #5350, #4468, #914, .T. ) ;
#3069 = ORIENTED_EDGE ( 'NONE', *, *, #3089, .F. ) ;
#3070 = CARTESIAN_POINT ( 'NONE',  ( 0.6205608656263500444, 9.369703792101088169, 1.349999999999110356 ) ) ;
#3071 = PRESENTATION_LAYER_ASSIGNMENT (  '', '', ( #1903 ) ) ;
#3072 = COLOUR_RGB ( '',1.000000000000000000, 1.000000000000000000, 1.000000000000000000 ) ;
#3073 = DIRECTION ( 'NONE',  ( -1.734723475976808672E-15, 1.000000000000000000, 0.0000000000000000000 ) ) ;
#3074 = DIRECTION ( 'NONE',  ( 1.000000000000000000, 1.644517855226007998E-15, -1.748601263784621946E-15 ) ) ;
#3075 = EDGE_CURVE ( 'NONE', #1352, #7159, #4280, .T. ) ;
#3076 = ORIENTED_EDGE ( 'NONE', *, *, #7661, .T. ) ;
#3077 = PRESENTATION_LAYER_ASSIGNMENT (  '', '', ( #2835 ) ) ;
#3078 = LINE ( 'NONE', #8038, #3580 ) ;
#3079 = AXIS2_PLACEMENT_3D ( 'NONE', #2073, #2636, #7491 ) ;
#3080 = AXIS2_PLACEMENT_3D ( 'NONE', #6391, #3316, #4614 ) ;
#3081 = FACE_OUTER_BOUND ( 'NONE', #972, .T. ) ;
#3082 = EDGE_CURVE ( 'NONE', #1639, #2164, #3011, .T. ) ;
#3083 = SURFACE_SIDE_STYLE ('',( #6162 ) ) ;
#3084 = DIRECTION ( 'NONE',  ( -1.644517855226007998E-15, 1.000000000000000000, 2.890435660536363919E-30 ) ) ;
#3085 = VERTEX_POINT ( 'NONE', #2402 ) ;
#3086 = DIRECTION ( 'NONE',  ( -1.748601263784621946E-15, 0.0000000000000000000, -1.000000000000000000 ) ) ;
#3087 = ORIENTED_EDGE ( 'NONE', *, *, #20, .T. ) ;
#3088 = VECTOR ( 'NONE', #2697, 1000.000000000000000 ) ;
#3089 = EDGE_CURVE ( 'NONE', #6705, #2469, #6225, .T. ) ;
#3090 = ORIENTED_EDGE ( 'NONE', *, *, #8019, .F. ) ;
#3091 = ORIENTED_EDGE ( 'NONE', *, *, #3548, .T. ) ;
#3092 = DIRECTION ( 'NONE',  ( -1.748601263784621748E-15, 0.0000000000000000000, -1.000000000000000000 ) ) ;
#3093 = EDGE_CURVE ( 'NONE', #5350, #1928, #629, .T. ) ;
#3094 = VECTOR ( 'NONE', #5295, 1000.000000000000000 ) ;
#3095 = AXIS2_PLACEMENT_3D ( 'NONE', #7276, #7196, #7312 ) ;
#3096 = SURFACE_STYLE_FILL_AREA ( #583 ) ;
#3097 = DIRECTION ( 'NONE',  ( 0.9238697708742987791, 0.3553345272594015669, 0.1421338109036983932 ) ) ;
#3098 = ORIENTED_EDGE ( 'NONE', *, *, #7673, .T. ) ;
#3099 = DIRECTION ( 'NONE',  ( -2.168404344971009657E-15, 0.3928571428571052682, -0.9195995135417112110 ) ) ;
#3100 = VERTEX_POINT ( 'NONE', #4892 ) ;
#3101 = LINE ( 'NONE', #2529, #1229 ) ;
#3102 =( GEOMETRIC_REPRESENTATION_CONTEXT ( 3 ) GLOBAL_UNCERTAINTY_ASSIGNED_CONTEXT ( ( #5664 ) ) GLOBAL_UNIT_ASSIGNED_CONTEXT ( ( #6215, #4924, #6643 ) ) REPRESENTATION_CONTEXT ( 'NONE', 'WORKASPACE' ) );
#3103 = CARTESIAN_POINT ( 'NONE',  ( 0.1000000000000045991, 9.638089535208006708, 0.3500000000000568767 ) ) ;
#3104 = EDGE_CURVE ( 'NONE', #3027, #4436, #1824, .T. ) ;
#3105 = DIRECTION ( 'NONE',  ( 0.7071067811864963915, 1.162849727212585237E-15, -0.7071067811865986430 ) ) ;
#3106 = LINE ( 'NONE', #7423, #4943 ) ;
#3107 = CARTESIAN_POINT ( 'NONE',  ( 1.400000000138004408, 8.199999999997109157, -0.4374393188849457492 ) ) ;
#3108 = DIRECTION ( 'NONE',  ( -1.748601263784621946E-15, 0.0000000000000000000, -1.000000000000000000 ) ) ;
#3109 = ORIENTED_EDGE ( 'NONE', *, *, #1953, .F. ) ;
#3110 = LINE ( 'NONE', #722, #5266 ) ;
#3111 = CARTESIAN_POINT ( 'NONE',  ( 0.1000000000000045991, 7.100000000000008527, -2.149999999999943512 ) ) ;
#3112 = ORIENTED_EDGE ( 'NONE', *, *, #368, .T. ) ;
#3113 = AXIS2_PLACEMENT_3D ( 'NONE', #5377, #3435, #1626 ) ;
#3114 =( NAMED_UNIT ( * ) SI_UNIT ( $, .STERADIAN. ) SOLID_ANGLE_UNIT ( ) );
#3115 = ORIENTED_EDGE ( 'NONE', *, *, #5954, .T. ) ;
#3116 = SURFACE_SIDE_STYLE ('',( #608 ) ) ;
#3117 = LINE ( 'NONE', #6794, #4094 ) ;
#3118 = SURFACE_SIDE_STYLE ('',( #7400 ) ) ;
#3119 = DIRECTION ( 'NONE',  ( -1.000000000000000000, -7.011711381465521755E-11, -2.377355239868735991E-09 ) ) ;
#3120 = ORIENTED_EDGE ( 'NONE', *, *, #3125, .F. ) ;
#3121 = LINE ( 'NONE', #8002, #293 ) ;
#3122 = FACE_OUTER_BOUND ( 'NONE', #2479, .T. ) ;
#3123 = FACE_OUTER_BOUND ( 'NONE', #3897, .T. ) ;
#3124 = LINE ( 'NONE', #3736, #1239 ) ;
#3125 = EDGE_CURVE ( 'NONE', #3188, #1036, #1240, .T. ) ;
#3126 = ORIENTED_EDGE ( 'NONE', *, *, #2614, .T. ) ;
#3127 = DIRECTION ( 'NONE',  ( -0.9883716976506226048, -1.625394904386490523E-15, 0.1520571842539051588 ) ) ;
#3128 = ORIENTED_EDGE ( 'NONE', *, *, #1383, .T. ) ;
#3129 = ADVANCED_FACE ( 'NONE', ( #4234 ), #7337, .F. ) ;
#3130 = ORIENTED_EDGE ( 'NONE', *, *, #7372, .F. ) ;
#3131 = B_SPLINE_CURVE_WITH_KNOTS ( 'NONE', 3,
 ( #3267, #5092, #7011, #5728 ),
 .UNSPECIFIED., .F., .F.,
 ( 4, 4 ),
 ( 0.0000000000000000000, 1.000000000000000000 ),
 .UNSPECIFIED. ) ;
#3132 = EDGE_LOOP ( 'NONE', ( #645, #5521, #3786, #1905 ) ) ;
#3133 = CARTESIAN_POINT ( 'NONE',  ( 1.500000000000008216, 8.200000000000009948, 1.315000000000053904 ) ) ;
#3134 = FACE_OUTER_BOUND ( 'NONE', #762, .T. ) ;
#3135 = CARTESIAN_POINT ( 'NONE',  ( 8.800000000000007816, 7.144714285714321989, 0.3500000000000412781 ) ) ;
#3136 = ORIENTED_EDGE ( 'NONE', *, *, #6143, .T. ) ;
#3137 = LINE ( 'NONE', #5009, #2272 ) ;
#3138 = ORIENTED_EDGE ( 'NONE', *, *, #5117, .T. ) ;
#3139 = ADVANCED_FACE ( 'NONE', ( #6976, #6414 ), #3302, .T. ) ;
#3140 = DIRECTION ( 'NONE',  ( 1.644517855226008195E-15, -1.000000000000000000, -2.890435660536364269E-30 ) ) ;
#3141 = VECTOR ( 'NONE', #1328, 1000.000000000000000 ) ;
#3142 = SURFACE_SIDE_STYLE ('',( #5610 ) ) ;
#3143 = AXIS2_PLACEMENT_3D ( 'NONE', #4969, #3634, #7414 ) ;
#3144 = DIRECTION ( 'NONE',  ( 1.644517855226007998E-15, -1.000000000000000000, -2.890435660536363919E-30 ) ) ;
#3145 = FILL_AREA_STYLE ('',( #2410 ) ) ;
#3146 = DIRECTION ( 'NONE',  ( 1.748601263784621748E-15, 0.0000000000000000000, 1.000000000000000000 ) ) ;
#3147 = CARTESIAN_POINT ( 'NONE',  ( 2.400000000000007905, 7.650000000000011902, 0.8500000000000520473 ) ) ;
#3148 = EDGE_LOOP ( 'NONE', ( #5323, #2623, #5838, #4650 ) ) ;
#3149 = EDGE_CURVE ( 'NONE', #1449, #4932, #6893, .T. ) ;
#3150 = PLANE ( 'NONE',  #172 ) ;
#3151 = VECTOR ( 'NONE', #1195, 1000.000000000000227 ) ;
#3152 = FACE_OUTER_BOUND ( 'NONE', #1276, .T. ) ;
#3153 = ORIENTED_EDGE ( 'NONE', *, *, #3387, .T. ) ;
#3154 = UNCERTAINTY_MEASURE_WITH_UNIT (LENGTH_MEASURE( 1.000000000000000082E-05 ), #3620, 'distance_accuracy_value', 'NONE');
#3155 = EDGE_LOOP ( 'NONE', ( #1761, #2587, #220, #4148, #539, #1533 ) ) ;
#3156 = DIRECTION ( 'NONE',  ( -1.297538235904699311E-15, -0.2425356250363094601, -0.9701425001453377606 ) ) ;
#3157 = VERTEX_POINT ( 'NONE', #1954 ) ;
#3158 = SURFACE_SIDE_STYLE ('',( #3764 ) ) ;
#3159 = CARTESIAN_POINT ( 'NONE',  ( 1.399999999999009592, 7.649999999998870592, 0.8499999999980536458 ) ) ;
#3160 = CARTESIAN_POINT ( 'NONE',  ( -0.1999999993500031215, 8.599999999630806968, -4.739999997784941854 ) ) ;
#3161 = CARTESIAN_POINT ( 'NONE',  ( 0.1000000000000150074, 5.400000000000009237, 2.850000000000056488 ) ) ;
#3162 = VERTEX_POINT ( 'NONE', #3819 ) ;
#3163 = CARTESIAN_POINT ( 'NONE',  ( 0.09999999999999766020, 7.100000000000008527, -6.149999999999942624 ) ) ;
#3164 = LINE ( 'NONE', #4427, #6321 ) ;
#3165 = CARTESIAN_POINT ( 'NONE',  ( 2.400000000000007905, 5.400000000000012790, -1.271320343559945609 ) ) ;
#3166 = CARTESIAN_POINT ( 'NONE',  ( 11.00000000000000888, 7.450000000000025935, 0.8500000000000373923 ) ) ;
#3167 = VERTEX_POINT ( 'NONE', #88 ) ;
#3168 = CARTESIAN_POINT ( 'NONE',  ( 0.7500000000000179856, 7.611199771552088933, 6.340000000000055813 ) ) ;
#3169 = ORIENTED_EDGE ( 'NONE', *, *, #3911, .T. ) ;
#3170 = VECTOR ( 'NONE', #3803, 1000.000000000000114 ) ;
#3171 = VERTEX_POINT ( 'NONE', #5094 ) ;
#3172 = ORIENTED_EDGE ( 'NONE', *, *, #1433, .F. ) ;
#3173 = EDGE_CURVE ( 'NONE', #7012, #4549, #1404, .T. ) ;
#3174 = CARTESIAN_POINT ( 'NONE',  ( 2.399999999999997691, 9.600000000000012079, -3.649999999999948397 ) ) ;
#3175 = EDGE_CURVE ( 'NONE', #45, #7503, #827, .T. ) ;
#3176 = CARTESIAN_POINT ( 'NONE',  ( 1.300000000000000711, 5.400000000000011013, -5.749999999999944933 ) ) ;
#3177 = EDGE_LOOP ( 'NONE', ( #5298, #1528, #3867, #2565 ) ) ;
#3178 = FACE_OUTER_BOUND ( 'NONE', #377, .T. ) ;
#3179 = ORIENTED_EDGE ( 'NONE', *, *, #5892, .F. ) ;
#3180 =( LENGTH_UNIT ( ) NAMED_UNIT ( * ) SI_UNIT ( .MILLI., .METRE. ) );
#3181 = COLOUR_RGB ( '',1.000000000000000000, 1.000000000000000000, 1.000000000000000000 ) ;
#3182 = B_SPLINE_CURVE_WITH_KNOTS ( 'NONE', 3,
 ( #4731, #7750, #1664, #296, #4154, #5296, #1009, #4112 ),
 .UNSPECIFIED., .F., .F.,
 ( 4, 1, 1, 1, 1, 4 ),
 ( 0.0000000000000000000, 0.2000000000000000111, 0.4000000000000000222, 0.5999999999999999778, 0.8000000000000000444, 1.000000000000000000 ),
 .UNSPECIFIED. ) ;
#3183 = LINE ( 'NONE', #636, #6078 ) ;
#3184 = EDGE_CURVE ( 'NONE', #245, #2338, #132, .T. ) ;
#3185 = CARTESIAN_POINT ( 'NONE',  ( 10.35000000000001563, 5.300000000000025580, 3.350000000000037836 ) ) ;
#3186 =( NAMED_UNIT ( * ) PLANE_ANGLE_UNIT ( ) SI_UNIT ( $, .RADIAN. ) );
#3187 = DIRECTION ( 'NONE',  ( -0.9883716976506232710, 0.1520571842539018281, 1.728267999600831987E-15 ) ) ;
#3188 = VERTEX_POINT ( 'NONE', #5766 ) ;
#3189 = VECTOR ( 'NONE', #363, 1000.000000000000000 ) ;
#3190 = VECTOR ( 'NONE', #4810, 1000.000000000000000 ) ;
#3191 = DIRECTION ( 'NONE',  ( -1.748601263784621748E-15, 1.482966057179082451E-32, -1.000000000000000000 ) ) ;
#3192 = ORIENTED_EDGE ( 'NONE', *, *, #880, .T. ) ;
#3193 = ADVANCED_FACE ( 'NONE', ( #707 ), #7617, .T. ) ;
#3194 = ORIENTED_EDGE ( 'NONE', *, *, #7736, .F. ) ;
#3195 = VECTOR ( 'NONE', #2128, 1000.000000000000000 ) ;
#3196 = VECTOR ( 'NONE', #3645, 1000.000000000000000 ) ;
#3197 = EDGE_CURVE ( 'NONE', #3033, #287, #4934, .T. ) ;
#3198 = ADVANCED_FACE ( 'NONE', ( #4569 ), #3934, .T. ) ;
#3199 = ORIENTED_EDGE ( 'NONE', *, *, #6289, .T. ) ;
#3200 = SURFACE_STYLE_USAGE ( .BOTH. , #2665 ) ;
#3201 = DIRECTION ( 'NONE',  ( 1.644517855226008195E-15, -1.000000000000000000, -2.890435660536364269E-30 ) ) ;
#3202 = CARTESIAN_POINT ( 'NONE',  ( 0.6999999999999975131, 8.200000000000009948, -4.689999999999945324 ) ) ;
#3203 = CARTESIAN_POINT ( 'NONE',  ( 11.00000000000000000, 7.650000000000026112, -3.649999999999963052 ) ) ;
#3204 = AXIS2_PLACEMENT_3D ( 'NONE', #4323, #4972, #6778 ) ;
#3205 = COLOUR_RGB ( '',1.000000000000000000, 1.000000000000000000, 1.000000000000000000 ) ;
#3206 = PRESENTATION_STYLE_ASSIGNMENT (( #3768 ) ) ;
#3207 = VERTEX_POINT ( 'NONE', #2569 ) ;
#3208 = CARTESIAN_POINT ( 'NONE',  ( 2.400000000000011458, 10.60000000000001030, 5.350000000000053824 ) ) ;
#3209 = CARTESIAN_POINT ( 'NONE',  ( 0.7466439969400079368, 7.606602420031609135, 0.3566439969390558518 ) ) ;
#3210 = EDGE_CURVE ( 'NONE', #1524, #1675, #6933, .T. ) ;
#3211 =( GEOMETRIC_REPRESENTATION_CONTEXT ( 3 ) GLOBAL_UNCERTAINTY_ASSIGNED_CONTEXT ( ( #1176 ) ) GLOBAL_UNIT_ASSIGNED_CONTEXT ( ( #3032, #7888, #7246 ) ) REPRESENTATION_CONTEXT ( 'NONE', 'WORKASPACE' ) );
#3212 = EDGE_LOOP ( 'NONE', ( #4847, #5540, #5522, #7329 ) ) ;
#3213 = CARTESIAN_POINT ( 'NONE',  ( 9.700000000000011724, 10.60000000000002274, 6.550000000000039790 ) ) ;
#3214 = ORIENTED_EDGE ( 'NONE', *, *, #7883, .T. ) ;
#3215 = PRESENTATION_LAYER_ASSIGNMENT (  '', '', ( #6700 ) ) ;
#3216 = ORIENTED_EDGE ( 'NONE', *, *, #6881, .T. ) ;
#3217 = ORIENTED_EDGE ( 'NONE', *, *, #912, .F. ) ;
#3218 = PLANE ( 'NONE',  #3852 ) ;
#3219 = EDGE_CURVE ( 'NONE', #2557, #1054, #750, .T. ) ;
#3220 = LINE ( 'NONE', #1993, #2708 ) ;
#3222 = CARTESIAN_POINT ( 'NONE',  ( 3.950000000000008171, 7.650000000000014566, 0.8500000000000494937 ) ) ;
#3221 = MECHANICAL_DESIGN_GEOMETRIC_PRESENTATION_REPRESENTATION (  '', ( #59 ), #1500 ) ;
#3223 = VECTOR ( 'NONE', #3673, 1000.000000000000000 ) ;
#3224 = AXIS2_PLACEMENT_3D ( 'NONE', #6004, #4099, #3575 ) ;
#3225 = ORIENTED_EDGE ( 'NONE', *, *, #465, .T. ) ;
#3226 = FILL_AREA_STYLE_COLOUR ( '', #3181 ) ;
#3227 = ORIENTED_EDGE ( 'NONE', *, *, #4740, .F. ) ;
#3228 = DIRECTION ( 'NONE',  ( -1.748601263784621946E-15, 0.0000000000000000000, -1.000000000000000000 ) ) ;
#3229 = COLOUR_RGB ( '',0.2862745098039215508, 0.6431372549019607199, 0.8666666666666666963 ) ;
#3230 = AXIS2_PLACEMENT_3D ( 'NONE', #1359, #826, #4568 ) ;
#3231 = AXIS2_PLACEMENT_3D ( 'NONE', #4594, #2638, #1396 ) ;
#3232 = PRESENTATION_STYLE_ASSIGNMENT (( #1368 ) ) ;
#3233 = CARTESIAN_POINT ( 'NONE',  ( 0.1000000000000219463, 7.100000000000008527, 7.850000000000056488 ) ) ;
#3234 = DIRECTION ( 'NONE',  ( -2.168404344971010446E-15, 0.3928571428571054347, -0.9195995135417112110 ) ) ;
#3235 = DIRECTION ( 'NONE',  ( 0.9883716976506222718, -0.1520571842539073237, -1.728267999600830212E-15 ) ) ;
#3236 = FACE_OUTER_BOUND ( 'NONE', #3177, .T. ) ;
#3237 = CARTESIAN_POINT ( 'NONE',  ( 0.7250000000000034195, 6.200000000000009059, -3.634999999999944720 ) ) ;
#3238 = ORIENTED_EDGE ( 'NONE', *, *, #4550, .F. ) ;
#3239 =( GEOMETRIC_REPRESENTATION_CONTEXT ( 3 ) GLOBAL_UNCERTAINTY_ASSIGNED_CONTEXT ( ( #2588 ) ) GLOBAL_UNIT_ASSIGNED_CONTEXT ( ( #2675, #1309, #1430 ) ) REPRESENTATION_CONTEXT ( 'NONE', 'WORKASPACE' ) );
#3240 = ADVANCED_FACE ( 'NONE', ( #5131 ), #7643, .T. ) ;
#3241 = DIRECTION ( 'NONE',  ( 1.644517855226007998E-15, -1.000000000000000000, -2.890435660536363919E-30 ) ) ;
#3242 = DIRECTION ( 'NONE',  ( 1.000000000000000000, 1.644517855226007998E-15, -1.748601263784621946E-15 ) ) ;
#3243 = EDGE_CURVE ( 'NONE', #2865, #4346, #7852, .T. ) ;
#3244 = ORIENTED_EDGE ( 'NONE', *, *, #4278, .T. ) ;
#3245 = UNCERTAINTY_MEASURE_WITH_UNIT (LENGTH_MEASURE( 1.000000000000000082E-05 ), #575, 'distance_accuracy_value', 'NONE');
#3246 = ORIENTED_EDGE ( 'NONE', *, *, #5801, .T. ) ;
#3247 = CARTESIAN_POINT ( 'NONE',  ( 1.800000000000025580, 4.200000000000010836, 7.650000000000053646 ) ) ;
#3248 = FACE_OUTER_BOUND ( 'NONE', #2186, .T. ) ;
#3249 = LINE ( 'NONE', #492, #2776 ) ;
#3250 = CARTESIAN_POINT ( 'NONE',  ( 1.800000000000010036, 6.844714285714310620, 0.3850000000000536882 ) ) ;
#3251 = CARTESIAN_POINT ( 'NONE',  ( 1.250000000000028866, -0.2499999999999889533, 5.600000000000054712 ) ) ;
#3252 = SURFACE_STYLE_FILL_AREA ( #1892 ) ;
#3253 = EDGE_CURVE ( 'NONE', #526, #6929, #2271, .T. ) ;
#3254 = EDGE_LOOP ( 'NONE', ( #6031, #2876, #5629, #2519 ) ) ;
#3255 = LINE ( 'NONE', #2635, #6427 ) ;
#3256 = DIRECTION ( 'NONE',  ( -9.293161478433909405E-16, 0.9357142857139192360, 0.3527588064257076717 ) ) ;
#3257 = DIRECTION ( 'NONE',  ( -0.7071067811865962005, -1.162849727212749320E-15, 0.7071067811864987229 ) ) ;
#3258 = ORIENTED_EDGE ( 'NONE', *, *, #6124, .T. ) ;
#3259 = LINE ( 'NONE', #5720, #340 ) ;
#3260 = FILL_AREA_STYLE_COLOUR ( '', #6426 ) ;
#3261 = COLOUR_RGB ( '',1.000000000000000000, 1.000000000000000000, 1.000000000000000000 ) ;
#3262 = VERTEX_POINT ( 'NONE', #7090 ) ;
#3263 = ADVANCED_FACE ( 'NONE', ( #3508, #1523 ), #2889, .T. ) ;
#3264 = ORIENTED_EDGE ( 'NONE', *, *, #7002, .T. ) ;
#3265 = ORIENTED_EDGE ( 'NONE', *, *, #7541, .F. ) ;
#3266 = CARTESIAN_POINT ( 'NONE',  ( 1.499999999999997780, 8.200000000000009948, -4.614999999999944258 ) ) ;
#3267 = CARTESIAN_POINT ( 'NONE',  ( 0.7399999999999993250, 7.597309794603359201, -4.649999999999945288 ) ) ;
#3268 =( NAMED_UNIT ( * ) PLANE_ANGLE_UNIT ( ) SI_UNIT ( $, .RADIAN. ) );
#3269 = ORIENTED_EDGE ( 'NONE', *, *, #4792, .F. ) ;
#3270 = DIRECTION ( 'NONE',  ( 1.644517855226007998E-15, -1.000000000000000000, 0.0000000000000000000 ) ) ;
#3271 = ORIENTED_EDGE ( 'NONE', *, *, #5576, .F. ) ;
#3272 = CARTESIAN_POINT ( 'NONE',  ( 10.34999999141860449, 4.400000001320025333, -4.149999999999962164 ) ) ;
#3273 = CARTESIAN_POINT ( 'NONE',  ( 2.400000000000018563, 8.200000000000011724, 7.137439318958052503 ) ) ;
#3274 = CARTESIAN_POINT ( 'NONE',  ( 1.500000000000008216, 8.200000000000009948, 1.340000000000053815 ) ) ;
#3275 = AXIS2_PLACEMENT_3D ( 'NONE', #2805, #6006, #2317 ) ;
#3276 = CARTESIAN_POINT ( 'NONE',  ( 0.1000000000000167422, 7.650000000000007461, 5.850000000000055600 ) ) ;
#3277 = VERTEX_POINT ( 'NONE', #4102 ) ;
#3278 = DIRECTION ( 'NONE',  ( 1.000000000000000000, 1.644517855226007998E-15, -1.748601263784621748E-15 ) ) ;
#3279 = FILL_AREA_STYLE_COLOUR ( '', #463 ) ;
#3280 = PRESENTATION_LAYER_ASSIGNMENT (  '', '', ( #6757 ) ) ;
#3281 = VECTOR ( 'NONE', #5414, 1000.000000000000000 ) ;
#3282 = ORIENTED_EDGE ( 'NONE', *, *, #3640, .F. ) ;
#3283 = EDGE_CURVE ( 'NONE', #2192, #5930, #5974, .T. ) ;
#3284 =( NAMED_UNIT ( * ) PLANE_ANGLE_UNIT ( ) SI_UNIT ( $, .RADIAN. ) );
#3286 = AXIS2_PLACEMENT_3D ( 'NONE', #7180, #4191, #5246 ) ;
#3285 = PRESENTATION_STYLE_ASSIGNMENT (( #2066 ) ) ;
#3287 = EDGE_CURVE ( 'NONE', #6393, #1375, #4144, .T. ) ;
#3288 = CARTESIAN_POINT ( 'NONE',  ( 1.398548747334017017, 8.959230384045008933, 6.350000000000053824 ) ) ;
#3289 = LINE ( 'NONE', #192, #3953 ) ;
#3290 = CARTESIAN_POINT ( 'NONE',  ( 3.949999999999999734, 7.650000000000014566, -4.149999999999950617 ) ) ;
#3291 = ORIENTED_EDGE ( 'NONE', *, *, #5842, .T. ) ;
#3292 = CARTESIAN_POINT ( 'NONE',  ( 2.400000000000009681, 8.200000000000011724, 2.137439318958052503 ) ) ;
#3293 = ORIENTED_EDGE ( 'NONE', *, *, #3283, .F. ) ;
#3294 = PLANE ( 'NONE',  #3502 ) ;
#3295 = EDGE_CURVE ( 'NONE', #1719, #3636, #4645, .T. ) ;
#3296 = VERTEX_POINT ( 'NONE', #6572 ) ;
#3297 = ORIENTED_EDGE ( 'NONE', *, *, #4732, .F. ) ;
#3298 = LINE ( 'NONE', #1473, #5387 ) ;
#3299 = DIRECTION ( 'NONE',  ( -1.748601263784621946E-15, 0.0000000000000000000, -1.000000000000000000 ) ) ;
#3300 = DIRECTION ( 'NONE',  ( -1.644517855226007998E-15, 1.000000000000000000, 2.875605999964573094E-30 ) ) ;
#3301 = EDGE_CURVE ( 'NONE', #5030, #1916, #5402, .T. ) ;
#3302 = PLANE ( 'NONE',  #237 ) ;
#3303 = ORIENTED_EDGE ( 'NONE', *, *, #4895, .T. ) ;
#3304 = DIRECTION ( 'NONE',  ( 1.000000000000000000, 1.644517855226007998E-15, -1.748601263784621946E-15 ) ) ;
#3305 = ORIENTED_EDGE ( 'NONE', *, *, #5225, .F. ) ;
#3306 = B_SPLINE_CURVE_WITH_KNOTS ( 'NONE', 3,
 ( #6154, #561, #3070, #6203 ),
 .UNSPECIFIED., .F., .F.,
 ( 4, 4 ),
 ( 0.0000000000000000000, 1.000000000000000000 ),
 .UNSPECIFIED. ) ;
#3307 = CARTESIAN_POINT ( 'NONE',  ( 2.400000000000007905, 7.450000000000011724, 0.8500000000000520473 ) ) ;
#3309 = VECTOR ( 'NONE', #5190, 1000.000000000000000 ) ;
#3308 = LINE ( 'NONE', #756, #1618 ) ;
#3310 = DIRECTION ( 'NONE',  ( 1.644517855226008195E-15, -1.000000000000000000, -2.890435660536364269E-30 ) ) ;
#3311 = CARTESIAN_POINT ( 'NONE',  ( 0.6250000000000109912, 0.2500000000000088818, -4.149999999999944400 ) ) ;
#3312 = CARTESIAN_POINT ( 'NONE',  ( 0.7500000066400173138, 7.649999999998869704, 5.849999999998055422 ) ) ;
#3313 = ORIENTED_EDGE ( 'NONE', *, *, #7296, .F. ) ;
#3314 = PRESENTATION_STYLE_ASSIGNMENT (( #6949 ) ) ;
#3315 = VECTOR ( 'NONE', #7390, 1000.000000000000000 ) ;
#3316 = DIRECTION ( 'NONE',  ( -1.000000000000000000, -1.644517855226007998E-15, 1.748601263784621946E-15 ) ) ;
#3317 = UNCERTAINTY_MEASURE_WITH_UNIT (LENGTH_MEASURE( 1.000000000000000082E-05 ), #1361, 'distance_accuracy_value', 'NONE');
#3318 = ORIENTED_EDGE ( 'NONE', *, *, #1310, .F. ) ;
#3319 = CARTESIAN_POINT ( 'NONE',  ( 1.500000000000015099, 8.200000000000009948, 5.385000000000055742 ) ) ;
#3320 = DIRECTION ( 'NONE',  ( 1.644517855226007998E-15, -1.000000000000000000, -2.890435660536363919E-30 ) ) ;
#3321 = CARTESIAN_POINT ( 'NONE',  ( 1.500000000000015099, 4.200000000000010836, 1.350000000000053380 ) ) ;
#3322 = SURFACE_SIDE_STYLE ('',( #7484 ) ) ;
#3323 = CARTESIAN_POINT ( 'NONE',  ( 0.7000000000000043965, 4.200000000000009059, -4.689999999999945324 ) ) ;
#3324 = CARTESIAN_POINT ( 'NONE',  ( 9.700000000000011724, 10.60000000000002274, 6.550000000000039790 ) ) ;
#3325 = AXIS2_PLACEMENT_3D ( 'NONE', #1157, #5932, #7781 ) ;
#3326 = ORIENTED_EDGE ( 'NONE', *, *, #6641, .T. ) ;
#3327 = EDGE_CURVE ( 'NONE', #6220, #6610, #907, .T. ) ;
#3328 = CARTESIAN_POINT ( 'NONE',  ( 1.500000000000013545, 4.200000000000010836, 0.3500000000000551559 ) ) ;
#3329 = DIRECTION ( 'NONE',  ( -1.644517855226007998E-15, 1.000000000000000000, 2.890435660536363919E-30 ) ) ;
#3330 = ORIENTED_EDGE ( 'NONE', *, *, #5209, .F. ) ;
#3331 = PRESENTATION_LAYER_ASSIGNMENT (  '', '', ( #6939 ) ) ;
#3332 = DIRECTION ( 'NONE',  ( -1.644517855226007998E-15, 1.000000000000000000, 2.890435660536363919E-30 ) ) ;
#3333 = ORIENTED_EDGE ( 'NONE', *, *, #4190, .T. ) ;
#3334 = ADVANCED_FACE ( 'NONE', ( #998 ), #6609, .F. ) ;
#3335 = EDGE_LOOP ( 'NONE', ( #3925, #4687, #6493, #3388 ) ) ;
#3336 = EDGE_CURVE ( 'NONE', #5565, #3983, #1479, .T. ) ;
#3337 = AXIS2_PLACEMENT_3D ( 'NONE', #3307, #5179, #7015 ) ;
#3338 = STYLED_ITEM ( 'NONE', ( #1576 ), #1023 ) ;
#3339 = CARTESIAN_POINT ( 'NONE',  ( 0.5000000000000195399, 0.7500000000000093259, 0.3500000000000568767 ) ) ;
#3340 = DIRECTION ( 'NONE',  ( 0.0000000000000000000, -0.6949152542373066010, -0.7190916418846066138 ) ) ;
#3341 = CARTESIAN_POINT ( 'NONE',  ( 0.7400000000000097611, 7.597309794603359201, 1.350000000000055156 ) ) ;
#3342 = ORIENTED_EDGE ( 'NONE', *, *, #5982, .F. ) ;
#3343 = DIRECTION ( 'NONE',  ( -1.748601263784621946E-15, 0.0000000000000000000, -1.000000000000000000 ) ) ;
#3344 = ORIENTED_EDGE ( 'NONE', *, *, #2239, .F. ) ;
#3345 = VECTOR ( 'NONE', #4314, 1000.000000000000114 ) ;
#3346 = ADVANCED_FACE ( 'NONE', ( #4806 ), #759, .F. ) ;
#3347 = EDGE_CURVE ( 'NONE', #5276, #1426, #4061, .T. ) ;
#3348 = B_SPLINE_CURVE_WITH_KNOTS ( 'NONE', 3,
 ( #5922, #2144, #4058, #5168 ),
 .UNSPECIFIED., .F., .F.,
 ( 4, 4 ),
 ( 0.0000000000000000000, 1.000000000000000000 ),
 .UNSPECIFIED. ) ;
#3349 = MECHANICAL_DESIGN_GEOMETRIC_PRESENTATION_REPRESENTATION (  '', ( #2835 ), #5951 ) ;
#3350 = STYLED_ITEM ( 'NONE', ( #6630 ), #1527 ) ;
#3351 = LINE ( 'NONE', #3274, #7091 ) ;
#3352 = DIRECTION ( 'NONE',  ( 1.748601263784621946E-15, 0.0000000000000000000, 1.000000000000000000 ) ) ;
#3353 = DIRECTION ( 'NONE',  ( -1.000000000000000000, -1.644517855226007998E-15, 1.748601263784621946E-15 ) ) ;
#3354 = ORIENTED_EDGE ( 'NONE', *, *, #2605, .F. ) ;
#3355 = LINE ( 'NONE', #2773, #7461 ) ;
#3356 = AXIS2_PLACEMENT_3D ( 'NONE', #2187, #1843, #5472 ) ;
#3357 = CIRCLE ( 'NONE', #6459, 1.399999999999999689 ) ;
#3358 = CIRCLE ( 'NONE', #1125, 2.950000000000001066 ) ;
#3359 = CARTESIAN_POINT ( 'NONE',  ( 0.5000000000000213163, 0.7500000000000093259, 1.350000000000055156 ) ) ;
#3360 = EDGE_CURVE ( 'NONE', #4468, #5350, #619, .T. ) ;
#3361 = EDGE_LOOP ( 'NONE', ( #1057, #1526, #3738, #959, #268, #5291, #3625, #4991, #7041, #1635, #2993, #383 ) ) ;
#3362 = MECHANICAL_DESIGN_GEOMETRIC_PRESENTATION_REPRESENTATION (  '', ( #6967 ), #1653 ) ;
#3363 = DIRECTION ( 'NONE',  ( -0.9984603535126307383, -1.641985879086793353E-15, 0.05547001409259343097 ) ) ;
#3364 = CARTESIAN_POINT ( 'NONE',  ( 0.1000000000000063338, 7.100000000000008527, -1.149999999999942624 ) ) ;
#3365 =( LENGTH_UNIT ( ) NAMED_UNIT ( * ) SI_UNIT ( .MILLI., .METRE. ) );
#3366 = EDGE_LOOP ( 'NONE', ( #4303, #6767, #4998, #4165 ) ) ;
#3367 = LINE ( 'NONE', #2176, #171 ) ;
#3368 = DIRECTION ( 'NONE',  ( 1.644517855226007998E-15, -1.000000000000000000, -2.890435660536363919E-30 ) ) ;
#3369 = PLANE ( 'NONE',  #4380 ) ;
#3370 = EDGE_LOOP ( 'NONE', ( #2589, #5366, #420, #790 ) ) ;
#3371 = DIRECTION ( 'NONE',  ( 1.644517855226007801E-15, -1.000000000000000000, -2.890435660536363568E-30 ) ) ;
#3372 = CARTESIAN_POINT ( 'NONE',  ( 0.09999999999999592548, 10.60000000000000675, -3.649999999999943956 ) ) ;
#3373 = VERTEX_POINT ( 'NONE', #946 ) ;
#3374 = DIRECTION ( 'NONE',  ( 1.644517855226007998E-15, -1.000000000000000000, -2.890435660536363919E-30 ) ) ;
#3375 = DIRECTION ( 'NONE',  ( 0.9927080914950846546, -0.1205431253957962856, -1.735850623357525016E-15 ) ) ;
#3376 = ORIENTED_EDGE ( 'NONE', *, *, #2841, .F. ) ;
#3377 = ORIENTED_EDGE ( 'NONE', *, *, #1478, .F. ) ;
#3378 = DIRECTION ( 'NONE',  ( 0.2425356250363110422, -0.9701425001453373165, -4.240981004512866908E-16 ) ) ;
#3379 =( NAMED_UNIT ( * ) PLANE_ANGLE_UNIT ( ) SI_UNIT ( $, .RADIAN. ) );
#3380 = EDGE_CURVE ( 'NONE', #7194, #5373, #4686, .T. ) ;
#3381 = PRESENTATION_STYLE_ASSIGNMENT (( #870 ) ) ;
#3382 = DIRECTION ( 'NONE',  ( -1.764125568789973694E-15, 0.0000000000000000000, -1.000000000000000000 ) ) ;
#3383 = VECTOR ( 'NONE', #4042, 1000.000000000000000 ) ;
#3384 = CARTESIAN_POINT ( 'NONE',  ( 11.00000000000001599, 5.200000000000025935, 3.645459231495037589 ) ) ;
#3385 = EDGE_LOOP ( 'NONE', ( #7084, #2062, #6968, #4564 ) ) ;
#3386 = CARTESIAN_POINT ( 'NONE',  ( 10.99999999999999822, 5.200000000000025935, -6.649999999999962164 ) ) ;
#3387 = EDGE_CURVE ( 'NONE', #6467, #4138, #5359, .T. ) ;
#3388 = ORIENTED_EDGE ( 'NONE', *, *, #465, .F. ) ;
#3389 = CARTESIAN_POINT ( 'NONE',  ( 1.800000000000025580, 4.200000000000010836, 7.650000000000053646 ) ) ;
#3390 = DIRECTION ( 'NONE',  ( -1.000000000000000000, 1.134242272754066274E-14, 1.751403509399661252E-15 ) ) ;
#3391 = SURFACE_STYLE_USAGE ( .BOTH. , #719 ) ;
#3392 = PLANE ( 'NONE',  #811 ) ;
#3393 = ADVANCED_FACE ( 'NONE', ( #2232 ), #5843, .F. ) ;
#3394 = ORIENTED_EDGE ( 'NONE', *, *, #269, .F. ) ;
#3395 = DIRECTION ( 'NONE',  ( -0.9238697708742994452, 0.3553345272593985138, 0.1421338109037016129 ) ) ;
#3396 = DIRECTION ( 'NONE',  ( 0.9486832980505243151, 1.560126622598782728E-15, 0.3162277660168062443 ) ) ;
#3397 = VECTOR ( 'NONE', #871, 1000.000000000000000 ) ;
#3398 = EDGE_LOOP ( 'NONE', ( #5341, #3330, #477, #4442, #3022, #7752 ) ) ;
#3399 = CARTESIAN_POINT ( 'NONE',  ( 1.398548747335005782, 8.959230384172009565, 0.3500000000000551559 ) ) ;
#3400 = CARTESIAN_POINT ( 'NONE',  ( 0.6000000000000085265, 8.200000000000009948, 1.395555555000055126 ) ) ;
#3401 = ADVANCED_FACE ( 'NONE', ( #1602 ), #3841, .F. ) ;
#3402 = ORIENTED_EDGE ( 'NONE', *, *, #6375, .T. ) ;
#3403 = CARTESIAN_POINT ( 'NONE',  ( 1.400000000000005462, 9.600000000000010303, 0.3500000000000551559 ) ) ;
#3404 = AXIS2_PLACEMENT_3D ( 'NONE', #4899, #3713, #671 ) ;
#3405 = LINE ( 'NONE', #5310, #7446 ) ;
#3406 = DIRECTION ( 'NONE',  ( 1.000000000000000000, 1.644517855226007998E-15, -1.748601263784621946E-15 ) ) ;
#3407 = ORIENTED_EDGE ( 'NONE', *, *, #2444, .T. ) ;
#3408 = LINE ( 'NONE', #932, #4786 ) ;
#3409 = CIRCLE ( 'NONE', #3143, 1.399999999999999023 ) ;
#3410 = CARTESIAN_POINT ( 'NONE',  ( 1.300000000000004263, 7.100000000000010303, -2.549999999999945643 ) ) ;
#3411 = ORIENTED_EDGE ( 'NONE', *, *, #2679, .T. ) ;
#3412 = CARTESIAN_POINT ( 'NONE',  ( 0.7499999999999972244, 8.200000000000009948, -4.639999999999945501 ) ) ;
#3413 = CARTESIAN_POINT ( 'NONE',  ( -0.9999999999999991118, 10.75000000000000533, -0.9499999999999404476 ) ) ;
#3414 = ORIENTED_EDGE ( 'NONE', *, *, #5719, .F. ) ;
#3415 = VECTOR ( 'NONE', #2149, 1000.000000000000000 ) ;
#3416 = ORIENTED_EDGE ( 'NONE', *, *, #5487, .T. ) ;
#3417 = DIRECTION ( 'NONE',  ( -1.644517855226008195E-15, 1.000000000000000000, 2.890435660536364269E-30 ) ) ;
#3418 = CARTESIAN_POINT ( 'NONE',  ( 1.500000000000030864, -0.2499999999999889533, 6.350000000000053824 ) ) ;
#3419 = DIRECTION ( 'NONE',  ( -1.644517855226008195E-15, 1.000000000000000000, 2.890435660536364269E-30 ) ) ;
#3420 = ORIENTED_EDGE ( 'NONE', *, *, #4088, .F. ) ;
#3421 = DIRECTION ( 'NONE',  ( -1.748601263784621946E-15, 0.0000000000000000000, -1.000000000000000000 ) ) ;
#3422 = VERTEX_POINT ( 'NONE', #6273 ) ;
#3423 = EDGE_CURVE ( 'NONE', #200, #228, #4182, .T. ) ;
#3424 = ORIENTED_EDGE ( 'NONE', *, *, #6267, .T. ) ;
#3425 = EDGE_CURVE ( 'NONE', #2429, #7012, #4221, .T. ) ;
#3426 = DIRECTION ( 'NONE',  ( -0.8076923076923187006, 0.5896042198752116104, 1.334402673828312846E-15 ) ) ;
#3427 = DIRECTION ( 'NONE',  ( -1.000000000000000000, -1.644517855226007801E-15, 1.748601263784621748E-15 ) ) ;
#3428 = LINE ( 'NONE', #1702, #2496 ) ;
#3429 = CARTESIAN_POINT ( 'NONE',  ( 9.700000000000008171, 12.25000000000002309, 6.550000000000039790 ) ) ;
#3430 = EDGE_LOOP ( 'NONE', ( #4416, #2455, #7684, #3293, #512, #6226 ) ) ;
#3431 = FACE_OUTER_BOUND ( 'NONE', #4978, .T. ) ;
#3432 = VECTOR ( 'NONE', #3201, 1000.000000000000000 ) ;
#3433 = ADVANCED_FACE ( 'NONE', ( #4458 ), #450, .F. ) ;
#3434 = VERTEX_POINT ( 'NONE', #731 ) ;
#3435 = DIRECTION ( 'NONE',  ( 0.1520571842539018281, 0.9883716976506232710, -2.658873845539038370E-16 ) ) ;
#3436 = FACE_OUTER_BOUND ( 'NONE', #2750, .T. ) ;
#3437 = DIRECTION ( 'NONE',  ( -0.1520571842539017449, -2.500607545209352511E-16, 0.9883716976506232710 ) ) ;
#3438 = ORIENTED_EDGE ( 'NONE', *, *, #7185, .F. ) ;
#3439 = AXIS2_PLACEMENT_3D ( 'NONE', #7340, #589, #5646 ) ;
#3440 = DIRECTION ( 'NONE',  ( -1.000000000000000000, -1.644517855226007998E-15, 1.748601263784621946E-15 ) ) ;
#3441 = EDGE_CURVE ( 'NONE', #6977, #897, #7254, .T. ) ;
#3442 = DIRECTION ( 'NONE',  ( -0.3589790793088810106, -0.9333456062030549560, 6.277112717517495216E-16 ) ) ;
#3443 = ORIENTED_EDGE ( 'NONE', *, *, #3295, .F. ) ;
#3444 = EDGE_CURVE ( 'NONE', #2759, #5768, #1113, .T. ) ;
#3445 = EDGE_CURVE ( 'NONE', #1958, #889, #3249, .T. ) ;
#3446 = STYLED_ITEM ( 'NONE', ( #3661 ), #4540 ) ;
#3447 = VECTOR ( 'NONE', #7647, 1000.000000000000114 ) ;
#3448 = DIRECTION ( 'NONE',  ( 1.000000000000000000, 1.644517855226007998E-15, -1.748601263784621946E-15 ) ) ;
#3449 = CARTESIAN_POINT ( 'NONE',  ( 9.700000000000004619, 5.400000000000024336, -2.028679656439960066 ) ) ;
#3450 = ORIENTED_EDGE ( 'NONE', *, *, #760, .T. ) ;
#3451 = PLANE ( 'NONE',  #2457 ) ;
#3452 = DIRECTION ( 'NONE',  ( -0.3589790793088810106, -0.9333456062030549560, 6.277112717517495216E-16 ) ) ;
#3453 = ORIENTED_EDGE ( 'NONE', *, *, #1887, .T. ) ;
#3454 = AXIS2_PLACEMENT_3D ( 'NONE', #3628, #5408, #7173 ) ;
#3455 = ORIENTED_EDGE ( 'NONE', *, *, #3482, .F. ) ;
#3456 = ADVANCED_FACE ( 'NONE', ( #69 ), #1153, .F. ) ;
#3457 = LINE ( 'NONE', #4683, #3447 ) ;
#3458 = SURFACE_SIDE_STYLE ('',( #994 ) ) ;
#3459 = DIRECTION ( 'NONE',  ( -1.748601263784621946E-15, 0.0000000000000000000, -1.000000000000000000 ) ) ;
#3460 = VECTOR ( 'NONE', #6876, 1000.000000000000000 ) ;
#3461 = DIRECTION ( 'NONE',  ( 1.748601263784621946E-15, 0.0000000000000000000, 1.000000000000000000 ) ) ;
#3462 = DIRECTION ( 'NONE',  ( -1.748601263784621946E-15, 0.0000000000000000000, -1.000000000000000000 ) ) ;
#3463 = ORIENTED_EDGE ( 'NONE', *, *, #2882, .T. ) ;
#3464 = CARTESIAN_POINT ( 'NONE',  ( -0.1999999927999960292, 4.200000000000007283, -4.739999994599941147 ) ) ;
#3465 = ORIENTED_EDGE ( 'NONE', *, *, #6462, .F. ) ;
#3466 = VECTOR ( 'NONE', #5422, 1000.000000000000227 ) ;
#3467 = VECTOR ( 'NONE', #5098, 1000.000000000000000 ) ;
#3468 = ORIENTED_EDGE ( 'NONE', *, *, #1462, .F. ) ;
#3469 = LINE ( 'NONE', #5980, #577 ) ;
#3470 = CARTESIAN_POINT ( 'NONE',  ( 2.400000000000016787, 7.650000000000011902, 5.850000000000052047 ) ) ;
#3471 = CARTESIAN_POINT ( 'NONE',  ( 1.500000000000018652, 8.109625349781611092, 6.315000000000053682 ) ) ;
#3472 = VECTOR ( 'NONE', #4098, 1000.000000000000000 ) ;
#3473 = PRESENTATION_LAYER_ASSIGNMENT (  '', '', ( #4641 ) ) ;
#3474 = PRESENTATION_STYLE_ASSIGNMENT (( #958 ) ) ;
#3475 = ORIENTED_EDGE ( 'NONE', *, *, #8009, .F. ) ;
#3476 = DIRECTION ( 'NONE',  ( 1.000000000000000000, 1.644517855226007998E-15, -1.748601263784621748E-15 ) ) ;
#3477 = MECHANICAL_DESIGN_GEOMETRIC_PRESENTATION_REPRESENTATION (  '', ( #6451 ), #5543 ) ;
#3478 = AXIS2_PLACEMENT_3D ( 'NONE', #5742, #2739, #2661 ) ;
#3479 = CARTESIAN_POINT ( 'NONE',  ( 9.700000000000002842, 10.60000000000002274, 0.1500000000000389910 ) ) ;
#3480 = VERTEX_POINT ( 'NONE', #2628 ) ;
#3481 = PLANE ( 'NONE',  #7508 ) ;
#3482 = EDGE_CURVE ( 'NONE', #2140, #4156, #1693, .T. ) ;
#3483 =( LENGTH_UNIT ( ) NAMED_UNIT ( * ) SI_UNIT ( .MILLI., .METRE. ) );
#3484 = LINE ( 'NONE', #6111, #6149 ) ;
#3485 = COLOUR_RGB ( '',1.000000000000000000, 1.000000000000000000, 1.000000000000000000 ) ;
#3486 = ORIENTED_EDGE ( 'NONE', *, *, #4720, .T. ) ;
#3487 = VECTOR ( 'NONE', #6652, 1000.000000000000000 ) ;
#3488 = STYLED_ITEM ( 'NONE', ( #2388 ), #1934 ) ;
#3489 = EDGE_CURVE ( 'NONE', #3207, #6376, #2520, .T. ) ;
#3490 = CARTESIAN_POINT ( 'NONE',  ( 1.800000000000018696, 8.144714285714311330, 6.315000000000053682 ) ) ;
#3491 = CARTESIAN_POINT ( 'NONE',  ( 1.250000000000028866, -0.2499999999999889533, 5.600000000000054712 ) ) ;
#3492 = VERTEX_POINT ( 'NONE', #6733 ) ;
#3493 = PRESENTATION_LAYER_ASSIGNMENT (  '', '', ( #7982 ) ) ;
#3494 = VECTOR ( 'NONE', #2039, 1000.000000000000000 ) ;
#3495 = VECTOR ( 'NONE', #2344, 1000.000000000000000 ) ;
#3496 = CARTESIAN_POINT ( 'NONE',  ( 1.500000000000015099, 8.200000000000009948, 5.360000000000054499 ) ) ;
#3497 = VERTEX_POINT ( 'NONE', #5517 ) ;
#3498 = DIRECTION ( 'NONE',  ( 0.6000000000000014211, 9.867107131356048382E-16, 0.7999999999999990452 ) ) ;
#3499 = FACE_OUTER_BOUND ( 'NONE', #4584, .T. ) ;
#3500 = EDGE_CURVE ( 'NONE', #526, #7975, #4842, .T. ) ;
#3501 = ORIENTED_EDGE ( 'NONE', *, *, #1976, .T. ) ;
#3502 = AXIS2_PLACEMENT_3D ( 'NONE', #3927, #7565, #5797 ) ;
#3503 = CARTESIAN_POINT ( 'NONE',  ( 0.3996450882000190385, 8.199999999999308287, 7.669010516797055033 ) ) ;
#3504 = ORIENTED_EDGE ( 'NONE', *, *, #2841, .T. ) ;
#3505 =( NAMED_UNIT ( * ) SI_UNIT ( $, .STERADIAN. ) SOLID_ANGLE_UNIT ( ) );
#3506 = DIRECTION ( 'NONE',  ( 1.595945597898462472E-14, 2.337000431716910882E-29, 1.000000000000000000 ) ) ;
#3507 = CARTESIAN_POINT ( 'NONE',  ( 9.800000000000007816, 8.144714285714323765, 1.350000000000038725 ) ) ;
#3508 = FACE_OUTER_BOUND ( 'NONE', #3545, .T. ) ;
#3509 = ORIENTED_EDGE ( 'NONE', *, *, #2679, .F. ) ;
#3510 = DIRECTION ( 'NONE',  ( 1.644517855226008195E-15, -1.000000000000000000, -2.890435660536364269E-30 ) ) ;
#3511 = EDGE_CURVE ( 'NONE', #5317, #6052, #3659, .T. ) ;
#3512 = ORIENTED_EDGE ( 'NONE', *, *, #5860, .T. ) ;
#3513 = FACE_OUTER_BOUND ( 'NONE', #7174, .T. ) ;
#3514 = ORIENTED_EDGE ( 'NONE', *, *, #7873, .T. ) ;
#3515 = ORIENTED_EDGE ( 'NONE', *, *, #1027, .F. ) ;
#3516 = LINE ( 'NONE', #1569, #4514 ) ;
#3517 = DIRECTION ( 'NONE',  ( -1.000000000000000000, -1.644517855226007998E-15, 1.748601263784621946E-15 ) ) ;
#3518 = CARTESIAN_POINT ( 'NONE',  ( 0.3996711088699953507, 8.200000000000308376, -5.968996968366941935 ) ) ;
#3519 = ORIENTED_EDGE ( 'NONE', *, *, #5719, .T. ) ;
#3520 = LINE ( 'NONE', #1745, #3721 ) ;
#3521 = AXIS2_PLACEMENT_3D ( 'NONE', #886, #5254, #2063 ) ;
#3522 = CARTESIAN_POINT ( 'NONE',  ( -0.1999999927999769611, 4.200000000000007283, 6.439999994600056787 ) ) ;
#3523 = ORIENTED_EDGE ( 'NONE', *, *, #3287, .T. ) ;
#3524 = LINE ( 'NONE', #4197, #1147 ) ;
#3525 = PLANE ( 'NONE',  #997 ) ;
#3526 = CARTESIAN_POINT ( 'NONE',  ( 1.177367964971013148, 8.200000000001308464, 4.442069798973054873 ) ) ;
#3527 = ORIENTED_EDGE ( 'NONE', *, *, #1450, .T. ) ;
#3528 = SURFACE_STYLE_FILL_AREA ( #4048 ) ;
#3529 = CARTESIAN_POINT ( 'NONE',  ( 0.09999999999999592548, 9.638089535208006708, -4.649999999999943512 ) ) ;
#3530 = EDGE_CURVE ( 'NONE', #4807, #3480, #2591, .T. ) ;
#3531 = ORIENTED_EDGE ( 'NONE', *, *, #5567, .F. ) ;
#3532 = EDGE_CURVE ( 'NONE', #7503, #5095, #2438, .T. ) ;
#3533 = FACE_OUTER_BOUND ( 'NONE', #6461, .T. ) ;
#3534 = ORIENTED_EDGE ( 'NONE', *, *, #6881, .F. ) ;
#3535 = CARTESIAN_POINT ( 'NONE',  ( 8.800000000000016698, 7.144714285714321989, 5.350000000000041389 ) ) ;
#3536 = DIRECTION ( 'NONE',  ( -1.000000000000000000, 1.134242272754066274E-14, 1.668003342285391649E-15 ) ) ;
#3537 = EDGE_CURVE ( 'NONE', #5584, #6393, #7288, .T. ) ;
#3538 = ORIENTED_EDGE ( 'NONE', *, *, #2458, .F. ) ;
#3539 = CONICAL_SURFACE ( 'NONE', #642, 1.374999999999999556, 0.03224688243525484360 ) ;
#3540 = PLANE ( 'NONE',  #3836 ) ;
#3541 = FACE_OUTER_BOUND ( 'NONE', #4909, .T. ) ;
#3542 = ADVANCED_FACE ( 'NONE', ( #5484 ), #7933, .T. ) ;
#3543 = PLANE ( 'NONE',  #471 ) ;
#3544 = CARTESIAN_POINT ( 'NONE',  ( 9.799999999999998934, 7.894714285714324653, -3.899999999999961720 ) ) ;
#3545 = EDGE_LOOP ( 'NONE', ( #3682, #6334 ) ) ;
#3546 = LINE ( 'NONE', #5977, #6419 ) ;
#3547 = VERTEX_POINT ( 'NONE', #7483 ) ;
#3548 = EDGE_CURVE ( 'NONE', #3492, #3296, #7524, .T. ) ;
#3549 = FACE_OUTER_BOUND ( 'NONE', #6408, .T. ) ;
#3550 = B_SPLINE_CURVE_WITH_KNOTS ( 'NONE', 3,
 ( #3970, #5635, #3811, #3168 ),
 .UNSPECIFIED., .F., .F.,
 ( 4, 4 ),
 ( 0.0000000000000000000, 1.000000000000000000 ),
 .UNSPECIFIED. ) ;
#3551 = ORIENTED_EDGE ( 'NONE', *, *, #7124, .T. ) ;
#3552 = LINE ( 'NONE', #6013, #6445 ) ;
#3553 = ADVANCED_FACE ( 'NONE', ( #140 ), #1453, .F. ) ;
#3554 = LINE ( 'NONE', #2897, #1119 ) ;
#3555 = CARTESIAN_POINT ( 'NONE',  ( 1.400000000137995748, 8.199999999997109157, -5.437439318884945472 ) ) ;
#3556 = ORIENTED_EDGE ( 'NONE', *, *, #5989, .F. ) ;
#3557 = CARTESIAN_POINT ( 'NONE',  ( 2.500000000000021316, 3.750000000000012434, 4.050000000000054001 ) ) ;
#3558 = DIRECTION ( 'NONE',  ( 1.748601263784621946E-15, 0.0000000000000000000, 1.000000000000000000 ) ) ;
#3559 = CARTESIAN_POINT ( 'NONE',  ( 1.500000000000013545, 4.200000000000010836, 0.3500000000000551559 ) ) ;
#3560 = FACE_OUTER_BOUND ( 'NONE', #1025, .T. ) ;
#3561 = ORIENTED_EDGE ( 'NONE', *, *, #219, .F. ) ;
#3562 = LINE ( 'NONE', #3490, #832 ) ;
#3563 = VECTOR ( 'NONE', #6662, 1000.000000000000000 ) ;
#3564 = DIRECTION ( 'NONE',  ( -0.0000000000000000000, 0.0000000000000000000, 1.000000000000000000 ) ) ;
#3565 = VERTEX_POINT ( 'NONE', #7110 ) ;
#3566 = CARTESIAN_POINT ( 'NONE',  ( 1.399032498223152565, 9.172820256114674109, -4.649999999999946176 ) ) ;
#3567 = VERTEX_POINT ( 'NONE', #2172 ) ;
#3568 = CARTESIAN_POINT ( 'NONE',  ( 9.700000000000015277, 5.400000000000024336, 3.728679656440040624 ) ) ;
#3569 = DIRECTION ( 'NONE',  ( -0.2357022603954924966, -0.9428090415820747916, -0.2357022603954932183 ) ) ;
#3570 = DIRECTION ( 'NONE',  ( -1.748601263784621946E-15, 0.0000000000000000000, -1.000000000000000000 ) ) ;
#3571 = AXIS2_PLACEMENT_3D ( 'NONE', #2891, #7812, #6574 ) ;
#3572 = ORIENTED_EDGE ( 'NONE', *, *, #2637, .F. ) ;
#3573 = FILL_AREA_STYLE_COLOUR ( '', #4999 ) ;
#3574 = CARTESIAN_POINT ( 'NONE',  ( 10.99999999999999822, 7.650000000000026112, -4.614999999999962021 ) ) ;
#3575 = DIRECTION ( 'NONE',  ( 2.019514764053892180E-15, -0.9701425001453377606, 0.2425356250363094601 ) ) ;
#3576 = DIRECTION ( 'NONE',  ( 1.000000000000000000, 1.549021660576226239E-12, -6.743308347092845593E-13 ) ) ;
#3577 = CARTESIAN_POINT ( 'NONE',  ( 0.6999999999999975131, 7.100000000000009415, -6.299999999999945643 ) ) ;
#3578 =( NAMED_UNIT ( * ) PLANE_ANGLE_UNIT ( ) SI_UNIT ( $, .RADIAN. ) );
#3579 = MECHANICAL_DESIGN_GEOMETRIC_PRESENTATION_REPRESENTATION (  '', ( #4358 ), #7311 ) ;
#3580 = VECTOR ( 'NONE', #4340, 1000.000000000000000 ) ;
#3581 = EDGE_CURVE ( 'NONE', #4466, #6269, #2017, .T. ) ;
#3582 = ORIENTED_EDGE ( 'NONE', *, *, #674, .T. ) ;
#3583 = DIRECTION ( 'NONE',  ( -0.9984603535126312934, -1.641985879086794142E-15, 0.05547001409258346671 ) ) ;
#3584 = ORIENTED_EDGE ( 'NONE', *, *, #7770, .F. ) ;
#3585 = EDGE_CURVE ( 'NONE', #2485, #6826, #1388, .T. ) ;
#3586 = SURFACE_STYLE_FILL_AREA ( #4765 ) ;
#3587 = ORIENTED_EDGE ( 'NONE', *, *, #4291, .T. ) ;
#3588 = VECTOR ( 'NONE', #4538, 1000.000000000000000 ) ;
#3589 = MECHANICAL_DESIGN_GEOMETRIC_PRESENTATION_REPRESENTATION (  '', ( #6299 ), #2288 ) ;
#3590 = CARTESIAN_POINT ( 'NONE',  ( 1.250000000000020206, -0.2499999999999889533, 0.6000000000000544897 ) ) ;
#3591 = LINE ( 'NONE', #7785, #7864 ) ;
#3592 = DIRECTION ( 'NONE',  ( -1.748601263784621946E-15, 0.0000000000000000000, -1.000000000000000000 ) ) ;
#3593 = ORIENTED_EDGE ( 'NONE', *, *, #7333, .F. ) ;
#3594 = PRESENTATION_LAYER_ASSIGNMENT (  '', '', ( #2549 ) ) ;
#3595 = AXIS2_PLACEMENT_3D ( 'NONE', #1619, #6704, #2366 ) ;
#3596 = CARTESIAN_POINT ( 'NONE',  ( 2.400000000000016787, 5.400000000000012790, 3.728679656440054391 ) ) ;
#3597 = EDGE_CURVE ( 'NONE', #620, #4963, #6363, .T. ) ;
#3598 = PLANE ( 'NONE',  #572 ) ;
#3599 = DIRECTION ( 'NONE',  ( -0.7999999999999989342, -1.315614284180806122E-15, 0.6000000000000013101 ) ) ;
#3600 =( GEOMETRIC_REPRESENTATION_CONTEXT ( 3 ) GLOBAL_UNCERTAINTY_ASSIGNED_CONTEXT ( ( #3949 ) ) GLOBAL_UNIT_ASSIGNED_CONTEXT ( ( #6057, #6812, #460 ) ) REPRESENTATION_CONTEXT ( 'NONE', 'WORKASPACE' ) );
#3601 = CARTESIAN_POINT ( 'NONE',  ( 9.800000000000016698, 7.394714285714323765, 5.600000000000038725 ) ) ;
#3602 = FACE_OUTER_BOUND ( 'NONE', #7795, .T. ) ;
#3603 = DIRECTION ( 'NONE',  ( 1.634159799354254388E-15, -1.000000000000000000, 0.0000000000000000000 ) ) ;
#3604 = ORIENTED_EDGE ( 'NONE', *, *, #6631, .F. ) ;
#3605 = ADVANCED_FACE ( 'NONE', ( #4667 ), #6397, .F. ) ;
#3606 = SURFACE_STYLE_USAGE ( .BOTH. , #5383 ) ;
#3607 = VECTOR ( 'NONE', #4994, 1000.000000000000000 ) ;
#3608 = VECTOR ( 'NONE', #8036, 1000.000000000000000 ) ;
#3609 = ORIENTED_EDGE ( 'NONE', *, *, #2234, .F. ) ;
#3610 = MECHANICAL_DESIGN_GEOMETRIC_PRESENTATION_REPRESENTATION (  '', ( #3988 ), #6327 ) ;
#3611 = CARTESIAN_POINT ( 'NONE',  ( 1.398548747335005782, 8.959230384172009565, 0.3500000000000551559 ) ) ;
#3612 = EDGE_LOOP ( 'NONE', ( #6326, #1694, #4489, #6928, #7934 ) ) ;
#3613 = COLOUR_RGB ( '',1.000000000000000000, 1.000000000000000000, 1.000000000000000000 ) ;
#3614 = COLOUR_RGB ( '',1.000000000000000000, 1.000000000000000000, 1.000000000000000000 ) ;
#3615 = CARTESIAN_POINT ( 'NONE',  ( 0.1000000000000080685, 7.650000000000007461, 0.8500000000000556000 ) ) ;
#3616 = LINE ( 'NONE', #7315, #2670 ) ;
#3617 = DIRECTION ( 'NONE',  ( 1.644517855226007998E-15, -1.000000000000000000, -2.890435660536363919E-30 ) ) ;
#3618 = CIRCLE ( 'NONE', #3996, 1.399999999999999023 ) ;
#3619 = EDGE_LOOP ( 'NONE', ( #6112, #1466, #6176, #4572 ) ) ;
#3620 =( LENGTH_UNIT ( ) NAMED_UNIT ( * ) SI_UNIT ( .MILLI., .METRE. ) );
#3621 = CARTESIAN_POINT ( 'NONE',  ( -0.5999999999999894307, 10.75000000000000533, 4.050000000000059330 ) ) ;
#3622 = CARTESIAN_POINT ( 'NONE',  ( 9.699999999999995737, 10.60000000000002274, -3.449999999999960210 ) ) ;
#3623 = CARTESIAN_POINT ( 'NONE',  ( 0.09999999999999939493, 5.400000000000009237, -6.149999999999942624 ) ) ;
#3624 = AXIS2_PLACEMENT_3D ( 'NONE', #1403, #3300, #5765 ) ;
#3625 = ORIENTED_EDGE ( 'NONE', *, *, #4382, .T. ) ;
#3626 = SURFACE_STYLE_USAGE ( .BOTH. , #5446 ) ;
#3627 = ORIENTED_EDGE ( 'NONE', *, *, #5458, .T. ) ;
#3628 = CARTESIAN_POINT ( 'NONE',  ( 2.399999999999964828, 9.600000000000012079, -22.72199999999994446 ) ) ;
#3629 = VERTEX_POINT ( 'NONE', #7668 ) ;
#3630 = ADVANCED_FACE ( 'NONE', ( #770 ), #4504, .T. ) ;
#3631 = DIRECTION ( 'NONE',  ( 0.9927080914950846546, -0.1205431253957962856, -1.735850623357525016E-15 ) ) ;
#3632 = CARTESIAN_POINT ( 'NONE',  ( 0.09999999999999766020, 7.100000000000008527, -6.149999999999942624 ) ) ;
#3633 = EDGE_CURVE ( 'NONE', #1445, #7973, #4915, .T. ) ;
#3634 = DIRECTION ( 'NONE',  ( 1.000000000000000000, 1.644517855226007998E-15, -1.748601263784621946E-15 ) ) ;
#3635 = DIRECTION ( 'NONE',  ( -1.748601263784621946E-15, 0.0000000000000000000, -1.000000000000000000 ) ) ;
#3636 = VERTEX_POINT ( 'NONE', #5785 ) ;
#3637 = DIRECTION ( 'NONE',  ( -1.764125568789973694E-15, 0.0000000000000000000, -1.000000000000000000 ) ) ;
#3638 = DIRECTION ( 'NONE',  ( 1.644517855226007998E-15, -1.000000000000000000, -2.890435660536363919E-30 ) ) ;
#3639 = ORIENTED_EDGE ( 'NONE', *, *, #7589, .F. ) ;
#3640 = EDGE_CURVE ( 'NONE', #5846, #3676, #805, .T. ) ;
#3641 = DIRECTION ( 'NONE',  ( -1.644517855226007801E-15, 1.000000000000000000, 2.890435660536363568E-30 ) ) ;
#3642 = LINE ( 'NONE', #971, #1067 ) ;
#3643 = VECTOR ( 'NONE', #728, 1000.000000000000000 ) ;
#3644 = ORIENTED_EDGE ( 'NONE', *, *, #5510, .T. ) ;
#3645 = DIRECTION ( 'NONE',  ( -1.748601263784621946E-15, 0.0000000000000000000, -1.000000000000000000 ) ) ;
#3646 = ORIENTED_EDGE ( 'NONE', *, *, #7244, .F. ) ;
#3647 = UNCERTAINTY_MEASURE_WITH_UNIT (LENGTH_MEASURE( 1.000000000000000082E-05 ), #3843, 'distance_accuracy_value', 'NONE');
#3648 = EDGE_CURVE ( 'NONE', #1908, #7554, #188, .T. ) ;
#3649 = FACE_OUTER_BOUND ( 'NONE', #7494, .T. ) ;
#3650 = VERTEX_POINT ( 'NONE', #4003 ) ;
#3651 = DIRECTION ( 'NONE',  ( -1.644517855226008195E-15, 1.000000000000000000, 2.890435660536364269E-30 ) ) ;
#3652 = CARTESIAN_POINT ( 'NONE',  ( 1.500000000000009992, 8.109625349781611092, 1.340000000000053815 ) ) ;
#3653 = CARTESIAN_POINT ( 'NONE',  ( 0.1000000000000132727, 7.100000000000008527, 2.850000000000056488 ) ) ;
#3654 = VERTEX_POINT ( 'NONE', #6473 ) ;
#3655 = DIRECTION ( 'NONE',  ( 0.9701425001453373165, 0.2425356250363110422, -1.696392401805309466E-15 ) ) ;
#3656 = AXIS2_PLACEMENT_3D ( 'NONE', #1994, #4477, #7574 ) ;
#3657 = ORIENTED_EDGE ( 'NONE', *, *, #2430, .F. ) ;
#3658 = LINE ( 'NONE', #3622, #7597 ) ;
#3659 = LINE ( 'NONE', #4877, #3170 ) ;
#3660 = ORIENTED_EDGE ( 'NONE', *, *, #5576, .T. ) ;
#3661 = PRESENTATION_STYLE_ASSIGNMENT (( #1155 ) ) ;
#3662 = ORIENTED_EDGE ( 'NONE', *, *, #7230, .F. ) ;
#3663 = ORIENTED_EDGE ( 'NONE', *, *, #4446, .F. ) ;
#3664 = ORIENTED_EDGE ( 'NONE', *, *, #1574, .T. ) ;
#3665 = LINE ( 'NONE', #1822, #2450 ) ;
#3666 = STYLED_ITEM ( 'NONE', ( #4492 ), #2775 ) ;
#3667 = DIRECTION ( 'NONE',  ( 1.000000000000000000, 1.644517855226007998E-15, -1.748601263784621946E-15 ) ) ;
#3668 = ORIENTED_EDGE ( 'NONE', *, *, #3883, .T. ) ;
#3669 = EDGE_CURVE ( 'NONE', #1054, #5520, #888, .T. ) ;
#3670 = PLANE ( 'NONE',  #2559 ) ;
#3671 = ADVANCED_FACE ( 'NONE', ( #6074 ), #5241, .T. ) ;
#3672 = DIRECTION ( 'NONE',  ( 0.9701425001453382047, 1.595416663602607856E-15, 0.2425356250363077670 ) ) ;
#3673 = DIRECTION ( 'NONE',  ( -1.801095893066399655E-14, -1.000000000000000000, 3.147915588756019432E-29 ) ) ;
#3674 = FACE_OUTER_BOUND ( 'NONE', #7522, .T. ) ;
#3675 = FACE_OUTER_BOUND ( 'NONE', #6140, .T. ) ;
#3676 = VERTEX_POINT ( 'NONE', #2336 ) ;
#3677 = ADVANCED_FACE ( 'NONE', ( #2253 ), #1753, .F. ) ;
#3678 =( NAMED_UNIT ( * ) PLANE_ANGLE_UNIT ( ) SI_UNIT ( $, .RADIAN. ) );
#3679 = EDGE_CURVE ( 'NONE', #751, #2107, #7421, .T. ) ;
#3680 = EDGE_LOOP ( 'NONE', ( #1900, #4948, #6775, #7447 ) ) ;
#3681 = CARTESIAN_POINT ( 'NONE',  ( 1.800000000000001155, 8.144714285714311330, -3.684999999999946318 ) ) ;
#3682 = ORIENTED_EDGE ( 'NONE', *, *, #4634, .T. ) ;
#3683 = CARTESIAN_POINT ( 'NONE',  ( 0.1000000000000098033, 8.200000000000008171, 2.824841765813056682 ) ) ;
#3684 = EDGE_CURVE ( 'NONE', #38, #7669, #2906, .T. ) ;
#3685 = DIRECTION ( 'NONE',  ( -1.000000000000000000, -1.644517855226007998E-15, 1.748601263784621946E-15 ) ) ;
#3686 = CARTESIAN_POINT ( 'NONE',  ( 1.500000000000011768, 6.480000000000010196, 1.350000000000053380 ) ) ;
#3687 = EDGE_CURVE ( 'NONE', #5751, #3994, #1326, .T. ) ;
#3688 = ORIENTED_EDGE ( 'NONE', *, *, #6398, .F. ) ;
#3689 = DIRECTION ( 'NONE',  ( -1.000000000000000000, 1.134242272754066274E-14, 1.668003342285391649E-15 ) ) ;
#3690 = AXIS2_PLACEMENT_3D ( 'NONE', #3147, #1206, #7515 ) ;
#3691 = DIRECTION ( 'NONE',  ( 0.2425356250363110699, -0.9701425001453374275, -4.240981004512866908E-16 ) ) ;
#3692 = CARTESIAN_POINT ( 'NONE',  ( 0.1000000000000011297, 8.200000000000008171, -2.175158234186943318 ) ) ;
#3693 = FACE_OUTER_BOUND ( 'NONE', #873, .T. ) ;
#3694 = ORIENTED_EDGE ( 'NONE', *, *, #7926, .F. ) ;
#3695 = FILL_AREA_STYLE ('',( #1232 ) ) ;
#3696 = ORIENTED_EDGE ( 'NONE', *, *, #6932, .T. ) ;
#3697 = VECTOR ( 'NONE', #7904, 1000.000000000000000 ) ;
#3698 = EDGE_CURVE ( 'NONE', #6624, #2028, #3642, .T. ) ;
#3699 = ORIENTED_EDGE ( 'NONE', *, *, #3779, .T. ) ;
#3700 = ORIENTED_EDGE ( 'NONE', *, *, #2118, .F. ) ;
#3701 = CARTESIAN_POINT ( 'NONE',  ( 0.1000000000000150074, 5.400000000000009237, 2.850000000000056488 ) ) ;
#3702 = VECTOR ( 'NONE', #4997, 1000.000000000000000 ) ;
#3703 = FILL_AREA_STYLE_COLOUR ( '', #4400 ) ;
#3704 = DIRECTION ( 'NONE',  ( 1.000000000000000000, 1.644517855226007998E-15, -1.748601263784621946E-15 ) ) ;
#3705 = EDGE_LOOP ( 'NONE', ( #3800, #5097, #1924, #2484 ) ) ;
#3706 = CARTESIAN_POINT ( 'NONE',  ( 9.700000000000022382, 5.400000000000024336, 7.971320343560040378 ) ) ;
#3707 = ORIENTED_EDGE ( 'NONE', *, *, #916, .F. ) ;
#3708 = DIRECTION ( 'NONE',  ( -0.1788854382000027443, -2.941802971598302358E-16, -0.9838699100999038771 ) ) ;
#3709 = VECTOR ( 'NONE', #4636, 1000.000000000000000 ) ;
#3710 = VECTOR ( 'NONE', #457, 1000.000000000000000 ) ;
#3711 = SURFACE_STYLE_USAGE ( .BOTH. , #3142 ) ;
#3712 = CARTESIAN_POINT ( 'NONE',  ( 0.7250000000000016431, 6.200000000000009059, -4.664999999999944080 ) ) ;
#3713 = DIRECTION ( 'NONE',  ( -1.748601263784621748E-15, 1.482966057179082451E-32, -1.000000000000000000 ) ) ;
#3714 = AXIS2_PLACEMENT_3D ( 'NONE', #4505, #2592, #806 ) ;
#3715 = PRESENTATION_LAYER_ASSIGNMENT (  '', '', ( #6299 ) ) ;
#3716 = CARTESIAN_POINT ( 'NONE',  ( -0.9999999999999731326, 3.750000000000006217, 7.650000000000058087 ) ) ;
#3717 = ORIENTED_EDGE ( 'NONE', *, *, #6808, .F. ) ;
#3718 =( NAMED_UNIT ( * ) SI_UNIT ( $, .STERADIAN. ) SOLID_ANGLE_UNIT ( ) );
#3719 = CARTESIAN_POINT ( 'NONE',  ( 1.850000000000007860, 6.250000000000010658, -0.6499999999999457323 ) ) ;
#3720 = AXIS2_PLACEMENT_3D ( 'NONE', #4445, #3940, #3827 ) ;
#3721 = VECTOR ( 'NONE', #1668, 1000.000000000000000 ) ;
#3722 = VERTEX_POINT ( 'NONE', #1628 ) ;
#3723 = UNCERTAINTY_MEASURE_WITH_UNIT (LENGTH_MEASURE( 1.000000000000000082E-05 ), #4375, 'distance_accuracy_value', 'NONE');
#3724 = EDGE_CURVE ( 'NONE', #5409, #6485, #1711, .T. ) ;
#3725 = ORIENTED_EDGE ( 'NONE', *, *, #1879, .F. ) ;
#3726 = FILL_AREA_STYLE ('',( #4333 ) ) ;
#3727 = ADVANCED_FACE ( 'NONE', ( #3560 ), #4199, .F. ) ;
#3728 = DIRECTION ( 'NONE',  ( 1.644517855226007998E-15, -1.000000000000000000, -2.890435660536363919E-30 ) ) ;
#3729 = CARTESIAN_POINT ( 'NONE',  ( 2.400000000000023448, 5.400000000000012790, 7.250000000000051514 ) ) ;
#3730 = VERTEX_POINT ( 'NONE', #7306 ) ;
#3731 = VECTOR ( 'NONE', #5836, 1000.000000000000000 ) ;
#3732 = LINE ( 'NONE', #527, #691 ) ;
#3733 = AXIS2_PLACEMENT_3D ( 'NONE', #6730, #6042, #8003 ) ;
#3734 = SURFACE_STYLE_FILL_AREA ( #4342 ) ;
#3735 = CARTESIAN_POINT ( 'NONE',  ( 10.99999999999999822, 7.650000000000026112, -4.649999999999962164 ) ) ;
#3736 = CARTESIAN_POINT ( 'NONE',  ( 1.955294117647001340, 8.144714285714311330, -3.684999999999947207 ) ) ;
#3737 = EDGE_CURVE ( 'NONE', #3422, #5568, #3484, .T. ) ;
#3738 = ORIENTED_EDGE ( 'NONE', *, *, #6651, .T. ) ;
#3739 = CARTESIAN_POINT ( 'NONE',  ( 0.5000000000000299760, -0.2499999999999906741, 6.350000000000055600 ) ) ;
#3740 = VECTOR ( 'NONE', #2470, 1000.000000000000114 ) ;
#3741 = VERTEX_POINT ( 'NONE', #5308 ) ;
#3742 = VECTOR ( 'NONE', #2114, 1000.000000000000000 ) ;
#3743 = VERTEX_POINT ( 'NONE', #2872 ) ;
#3744 = EDGE_LOOP ( 'NONE', ( #7760, #4055, #5403, #7081 ) ) ;
#3745 = DIRECTION ( 'NONE',  ( -1.000000000000000000, -1.644517855226007801E-15, 1.748601263784621748E-15 ) ) ;
#3746 = VECTOR ( 'NONE', #896, 999.9999999999998863 ) ;
#3747 = CARTESIAN_POINT ( 'NONE',  ( 1.500000000000020428, 0.7500000000000111022, 0.3500000000000551559 ) ) ;
#3748 = EDGE_CURVE ( 'NONE', #130, #38, #6595, .T. ) ;
#3749 = DIRECTION ( 'NONE',  ( -0.2357022603954924966, -0.9428090415820747916, -0.2357022603954932183 ) ) ;
#3750 = VERTEX_POINT ( 'NONE', #2215 ) ;
#3751 = CARTESIAN_POINT ( 'NONE',  ( 0.09999999999999419076, 8.200000000000008171, -6.649999999999943512 ) ) ;
#3752 = VERTEX_POINT ( 'NONE', #7913 ) ;
#3753 = STYLED_ITEM ( 'NONE', ( #394 ), #7418 ) ;
#3754 = CARTESIAN_POINT ( 'NONE',  ( 8.800000000000006040, 8.144714285714321989, 0.3500000000000412781 ) ) ;
#3755 = SURFACE_STYLE_USAGE ( .BOTH. , #1869 ) ;
#3756 = LINE ( 'NONE', #6233, #6713 ) ;
#3757 = LINE ( 'NONE', #5020, #1854 ) ;
#3758 = ORIENTED_EDGE ( 'NONE', *, *, #5374, .F. ) ;
#3759 = PRESENTATION_STYLE_ASSIGNMENT (( #1877 ) ) ;
#3760 = PLANE ( 'NONE',  #5544 ) ;
#3761 = ORIENTED_EDGE ( 'NONE', *, *, #5025, .F. ) ;
#3762 = CIRCLE ( 'NONE', #3521, 1.299999999999999822 ) ;
#3763 = ORIENTED_EDGE ( 'NONE', *, *, #3243, .F. ) ;
#3764 = SURFACE_STYLE_FILL_AREA ( #5587 ) ;
#3765 = DIRECTION ( 'NONE',  ( 1.000000000000000000, 1.644517855226007998E-15, -1.748601263784621946E-15 ) ) ;
#3766 = LINE ( 'NONE', #25, #4395 ) ;
#3767 = EDGE_CURVE ( 'NONE', #4733, #4017, #2988, .T. ) ;
#3768 = SURFACE_STYLE_USAGE ( .BOTH. , #5589 ) ;
#3769 = ORIENTED_EDGE ( 'NONE', *, *, #4428, .F. ) ;
#3770 = ADVANCED_FACE ( 'NONE', ( #7151 ), #7832, .F. ) ;
#3771 = DIRECTION ( 'NONE',  ( -1.000000000000000000, -1.644517855226007998E-15, 1.748601263784621946E-15 ) ) ;
#3772 = CARTESIAN_POINT ( 'NONE',  ( 2.400000000000007905, 5.400000000000012790, -1.271320343559945609 ) ) ;
#3773 = PLANE ( 'NONE',  #5050 ) ;
#3774 = VERTEX_POINT ( 'NONE', #4739 ) ;
#3775 = CARTESIAN_POINT ( 'NONE',  ( 1.300000000000006040, 5.400000000000011013, -2.549999999999945643 ) ) ;
#3776 = ORIENTED_EDGE ( 'NONE', *, *, #988, .T. ) ;
#3777 = EDGE_CURVE ( 'NONE', #3492, #1400, #6026, .T. ) ;
#3778 = VERTEX_POINT ( 'NONE', #1016 ) ;
#3779 = EDGE_CURVE ( 'NONE', #6132, #6871, #1804, .T. ) ;
#3780 = EDGE_LOOP ( 'NONE', ( #654, #3136, #7479, #708, #7353, #3120 ) ) ;
#3781 = DIRECTION ( 'NONE',  ( -1.000000000000000000, -1.644517855226007801E-15, 1.748601263784621748E-15 ) ) ;
#3782 = CARTESIAN_POINT ( 'NONE',  ( -0.9999999999999870104, 3.750000000000006217, -0.9499999999999404476 ) ) ;
#3783 =( NAMED_UNIT ( * ) SI_UNIT ( $, .STERADIAN. ) SOLID_ANGLE_UNIT ( ) );
#3784 = ORIENTED_EDGE ( 'NONE', *, *, #7493, .F. ) ;
#3785 = CARTESIAN_POINT ( 'NONE',  ( 1.800000000000010036, 8.144714285714311330, 1.350000000000053380 ) ) ;
#3786 = ORIENTED_EDGE ( 'NONE', *, *, #4926, .F. ) ;
#3787 = EDGE_CURVE ( 'NONE', #4932, #5684, #4326, .T. ) ;
#3788 = ADVANCED_FACE ( 'NONE', ( #6906 ), #598, .T. ) ;
#3789 = CARTESIAN_POINT ( 'NONE',  ( 9.300000000000006040, 7.644714285714304225, 0.4750000000000413891 ) ) ;
#3790 = LINE ( 'NONE', #6865, #2030 ) ;
#3791 =( NAMED_UNIT ( * ) PLANE_ANGLE_UNIT ( ) SI_UNIT ( $, .RADIAN. ) );
#3792 = CARTESIAN_POINT ( 'NONE',  ( 0.1000000000000080685, 10.60000000000000675, 8.350000000000054712 ) ) ;
#3793 = DIRECTION ( 'NONE',  ( 1.748601263784621946E-15, 0.0000000000000000000, 1.000000000000000000 ) ) ;
#3794 = ORIENTED_EDGE ( 'NONE', *, *, #4775, .T. ) ;
#3795 = VECTOR ( 'NONE', #6492, 1000.000000000000000 ) ;
#3796 = DIRECTION ( 'NONE',  ( -1.644517855226008195E-15, 1.000000000000000000, 2.890435660536364269E-30 ) ) ;
#3797 = ADVANCED_FACE ( 'NONE', ( #3675 ), #5502, .T. ) ;
#3798 = ORIENTED_EDGE ( 'NONE', *, *, #4032, .F. ) ;
#3799 = UNCERTAINTY_MEASURE_WITH_UNIT (LENGTH_MEASURE( 1.000000000000000082E-05 ), #4643, 'distance_accuracy_value', 'NONE');
#3800 = ORIENTED_EDGE ( 'NONE', *, *, #2772, .F. ) ;
#3801 = PLANE ( 'NONE',  #7248 ) ;
#3802 = ORIENTED_EDGE ( 'NONE', *, *, #5969, .F. ) ;
#3803 = DIRECTION ( 'NONE',  ( -0.7071067811864962804, -1.162849727212584842E-15, 0.7071067811865986430 ) ) ;
#3804 = CARTESIAN_POINT ( 'NONE',  ( 2.500000000000017764, 3.750000000000012434, 2.650000000000051426 ) ) ;
#3805 = PLANE ( 'NONE',  #197 ) ;
#3806 = PLANE ( 'NONE',  #7331 ) ;
#3807 = ORIENTED_EDGE ( 'NONE', *, *, #6289, .F. ) ;
#3808 = DIRECTION ( 'NONE',  ( 1.000000000000000000, 1.644517855226007998E-15, -1.748601263784621748E-15 ) ) ;
#3809 = DIRECTION ( 'NONE',  ( 1.748601263784621946E-15, 0.0000000000000000000, 1.000000000000000000 ) ) ;
#3810 = ORIENTED_EDGE ( 'NONE', *, *, #4428, .T. ) ;
#3811 = CARTESIAN_POINT ( 'NONE',  ( 0.7466439969400183729, 7.606602420031609135, 6.343356003061055404 ) ) ;
#3812 = ORIENTED_EDGE ( 'NONE', *, *, #6899, .F. ) ;
#3813 = AXIS2_PLACEMENT_3D ( 'NONE', #5031, #5668, #5073 ) ;
#3814 = EDGE_LOOP ( 'NONE', ( #1768, #2447, #6482, #1736 ) ) ;
#3815 = VERTEX_POINT ( 'NONE', #7469 ) ;
#3816 = DIRECTION ( 'NONE',  ( 0.9838699100999044322, 1.617991634378899626E-15, 0.1788854381999992749 ) ) ;
#3817 = EDGE_CURVE ( 'NONE', #6979, #1719, #3757, .T. ) ;
#3818 =( NAMED_UNIT ( * ) PLANE_ANGLE_UNIT ( ) SI_UNIT ( $, .RADIAN. ) );
#3819 = CARTESIAN_POINT ( 'NONE',  ( 0.7500000000000006661, 7.611199771552088933, -3.659999999999944631 ) ) ;
#3820 = VECTOR ( 'NONE', #6353, 1000.000000000000000 ) ;
#3821 = ORIENTED_EDGE ( 'NONE', *, *, #6703, .F. ) ;
#3822 = DIRECTION ( 'NONE',  ( 1.644517855226007998E-15, -1.000000000000000000, -2.890435660536363919E-30 ) ) ;
#3823 = ADVANCED_FACE ( 'NONE', ( #2414 ), #1923, .F. ) ;
#3824 = ORIENTED_EDGE ( 'NONE', *, *, #835, .T. ) ;
#3825 = DIRECTION ( 'NONE',  ( 1.748601263784621748E-15, 0.0000000000000000000, 1.000000000000000000 ) ) ;
#3826 = VECTOR ( 'NONE', #9, 1000.000000000000000 ) ;
#3827 = DIRECTION ( 'NONE',  ( 1.634159799354254388E-15, -1.000000000000000000, 0.0000000000000000000 ) ) ;
#3828 = DIRECTION ( 'NONE',  ( 0.2425356250363111532, 3.988541659006108938E-16, 0.9701425001453373165 ) ) ;
#3829 = CARTESIAN_POINT ( 'NONE',  ( 1.955294117647009999, 8.144714285714311330, 1.315000000000053015 ) ) ;
#3830 = FILL_AREA_STYLE_COLOUR ( '', #2629 ) ;
#3831 = CARTESIAN_POINT ( 'NONE',  ( 3.949999999999997957, 8.144714285714314883, -4.649999999999950617 ) ) ;
#3832 = DIRECTION ( 'NONE',  ( 0.1520571842539018281, 0.9883716976506232710, -2.658873845539038370E-16 ) ) ;
#3833 = EDGE_CURVE ( 'NONE', #661, #2729, #1330, .T. ) ;
#3834 = EDGE_LOOP ( 'NONE', ( #7853, #2895 ) ) ;
#3835 =( GEOMETRIC_REPRESENTATION_CONTEXT ( 3 ) GLOBAL_UNCERTAINTY_ASSIGNED_CONTEXT ( ( #2094 ) ) GLOBAL_UNIT_ASSIGNED_CONTEXT ( ( #5721, #7567, #1399 ) ) REPRESENTATION_CONTEXT ( 'NONE', 'WORKASPACE' ) );
#3836 = AXIS2_PLACEMENT_3D ( 'NONE', #6729, #7283, #2267 ) ;
#3837 = PLANE ( 'NONE',  #5803 ) ;
#3838 = VERTEX_POINT ( 'NONE', #6825 ) ;
#3839 = VECTOR ( 'NONE', #648, 1000.000000000000114 ) ;
#3840 = AXIS2_PLACEMENT_3D ( 'NONE', #7030, #4670, #3368 ) ;
#3841 = PLANE ( 'NONE',  #6530 ) ;
#3842 = EDGE_CURVE ( 'NONE', #7906, #661, #15, .T. ) ;
#3843 =( LENGTH_UNIT ( ) NAMED_UNIT ( * ) SI_UNIT ( .MILLI., .METRE. ) );
#3844 = VECTOR ( 'NONE', #5140, 1000.000000000000227 ) ;
#3845 = CIRCLE ( 'NONE', #6180, 1.399999999999999023 ) ;
#3846 = CARTESIAN_POINT ( 'NONE',  ( 11.00000000000001066, 11.75000000000002487, 6.750000000000037303 ) ) ;
#3847 = ORIENTED_EDGE ( 'NONE', *, *, #3360, .F. ) ;
#3848 = DIRECTION ( 'NONE',  ( 0.9428090415820745696, 0.2357022603954949114, 0.2357022603954917195 ) ) ;
#3849 = DIRECTION ( 'NONE',  ( 0.9838699100999044322, 1.617991634378899626E-15, 0.1788854381999992749 ) ) ;
#3850 = FACE_OUTER_BOUND ( 'NONE', #5967, .T. ) ;
#3851 = ORIENTED_EDGE ( 'NONE', *, *, #5814, .F. ) ;
#3852 = AXIS2_PLACEMENT_3D ( 'NONE', #2849, #6003, #2145 ) ;
#3853 = AXIS2_PLACEMENT_3D ( 'NONE', #5628, #1937, #26 ) ;
#3854 = LINE ( 'NONE', #6282, #3879 ) ;
#3855 = ORIENTED_EDGE ( 'NONE', *, *, #2753, .F. ) ;
#3856 = VERTEX_POINT ( 'NONE', #673 ) ;
#3857 = MECHANICAL_DESIGN_GEOMETRIC_PRESENTATION_REPRESENTATION (  '', ( #2820 ), #2432 ) ;
#3858 =( GEOMETRIC_REPRESENTATION_CONTEXT ( 3 ) GLOBAL_UNCERTAINTY_ASSIGNED_CONTEXT ( ( #3884 ) ) GLOBAL_UNIT_ASSIGNED_CONTEXT ( ( #6950, #1257, #2011 ) ) REPRESENTATION_CONTEXT ( 'NONE', 'WORKASPACE' ) );
#3859 = ORIENTED_EDGE ( 'NONE', *, *, #8027, .T. ) ;
#3860 = ORIENTED_EDGE ( 'NONE', *, *, #7378, .F. ) ;
#3861 = CARTESIAN_POINT ( 'NONE',  ( 11.00000000000000000, 7.450000000000025935, -4.149999999999963052 ) ) ;
#3862 = PLANE ( 'NONE',  #3624 ) ;
#3863 = VECTOR ( 'NONE', #2214, 1000.000000000000000 ) ;
#3864 = VECTOR ( 'NONE', #380, 1000.000000000000000 ) ;
#3865 = ORIENTED_EDGE ( 'NONE', *, *, #5322, .T. ) ;
#3866 = CARTESIAN_POINT ( 'NONE',  ( 1.300000000000007816, 7.100000000000010303, -0.7499999999999451550 ) ) ;
#3867 = ORIENTED_EDGE ( 'NONE', *, *, #4655, .T. ) ;
#3868 = CARTESIAN_POINT ( 'NONE',  ( 0.1000000000000132727, 7.100000000000008527, 2.850000000000056488 ) ) ;
#3869 = ADVANCED_FACE ( 'NONE', ( #4901 ), #2499, .F. ) ;
#3870 = AXIS2_PLACEMENT_3D ( 'NONE', #244, #5105, #7650 ) ;
#3871 = CIRCLE ( 'NONE', #5690, 2.950000000000001066 ) ;
#3872 = VECTOR ( 'NONE', #1638, 1000.000000000000000 ) ;
#3873 = EDGE_CURVE ( 'NONE', #2225, #8016, #4290, .T. ) ;
#3874 =( LENGTH_UNIT ( ) NAMED_UNIT ( * ) SI_UNIT ( .MILLI., .METRE. ) );
#3875 = CARTESIAN_POINT ( 'NONE',  ( 1.400000000000007905, 8.959289480517522719, 1.345734842346006044 ) ) ;
#3876 = DIRECTION ( 'NONE',  ( -1.644517855226007998E-15, 1.000000000000000000, 2.890435660536363919E-30 ) ) ;
#3877 = LINE ( 'NONE', #5143, #7820 ) ;
#3878 = VERTEX_POINT ( 'NONE', #5066 ) ;
#3879 = VECTOR ( 'NONE', #3894, 1000.000000000000114 ) ;
#3880 = CARTESIAN_POINT ( 'NONE',  ( 1.400000000000005462, 9.600000000000010303, 0.3500000000000551559 ) ) ;
#3881 = CARTESIAN_POINT ( 'NONE',  ( 0.1000000000000254158, 7.650000000000007461, 10.85000000000005649 ) ) ;
#3882 = ORIENTED_EDGE ( 'NONE', *, *, #3891, .T. ) ;
#3883 = EDGE_CURVE ( 'NONE', #2140, #3373, #1871, .T. ) ;
#3884 = UNCERTAINTY_MEASURE_WITH_UNIT (LENGTH_MEASURE( 1.000000000000000082E-05 ), #6950, 'distance_accuracy_value', 'NONE');
#3885 = DIRECTION ( 'NONE',  ( 1.748601263784621946E-15, 0.0000000000000000000, 1.000000000000000000 ) ) ;
#3886 = DIRECTION ( 'NONE',  ( -1.748601263784621748E-15, 1.482966057179082451E-32, -1.000000000000000000 ) ) ;
#3887 = DIRECTION ( 'NONE',  ( -1.748601263784621946E-15, 0.0000000000000000000, -1.000000000000000000 ) ) ;
#3888 = CARTESIAN_POINT ( 'NONE',  ( 3.949999999999997957, 8.144714285714314883, -4.649999999999950617 ) ) ;
#3889 = DIRECTION ( 'NONE',  ( 1.644517855226008195E-15, -1.000000000000000000, -2.890435660536364269E-30 ) ) ;
#3890 = VERTEX_POINT ( 'NONE', #1252 ) ;
#3891 = EDGE_CURVE ( 'NONE', #6132, #7602, #55, .T. ) ;
#3892 = CARTESIAN_POINT ( 'NONE',  ( 0.7433105578600086583, 7.601972579975209143, 0.3533105578580556516 ) ) ;
#3893 = CARTESIAN_POINT ( 'NONE',  ( 0.7400000000000045430, 4.200000000000009059, -4.649999999999945288 ) ) ;
#3894 = DIRECTION ( 'NONE',  ( -0.9994801143396995213, -1.643662893974967788E-15, 0.03224129401096072212 ) ) ;
#3895 = CARTESIAN_POINT ( 'NONE',  ( 11.00000000000000888, 7.650000000000026112, 1.350000000000036948 ) ) ;
#3896 = VECTOR ( 'NONE', #4456, 1000.000000000000000 ) ;
#3897 = EDGE_LOOP ( 'NONE', ( #6596, #7814, #5486, #743, #7277 ) ) ;
#3898 = ORIENTED_EDGE ( 'NONE', *, *, #7566, .F. ) ;
#3899 = DIRECTION ( 'NONE',  ( -1.644517855226008195E-15, 1.000000000000000000, 2.890435660536364269E-30 ) ) ;
#3900 = SURFACE_STYLE_USAGE ( .BOTH. , #4522 ) ;
#3901 = SURFACE_STYLE_USAGE ( .BOTH. , #2110 ) ;
#3902 = ORIENTED_EDGE ( 'NONE', *, *, #7916, .F. ) ;
#3903 = LINE ( 'NONE', #5769, #6415 ) ;
#3904 = ORIENTED_EDGE ( 'NONE', *, *, #2428, .T. ) ;
#3905 = LINE ( 'NONE', #2693, #2682 ) ;
#3906 = PLANE ( 'NONE',  #565 ) ;
#3907 = LINE ( 'NONE', #718, #7983 ) ;
#3908 = CARTESIAN_POINT ( 'NONE',  ( 1.125000000000019984, 6.200000000000009059, 6.340000000000054925 ) ) ;
#3909 = DIRECTION ( 'NONE',  ( -0.2307692307692121303, 0.9730085108210442257, 6.672013369141569161E-16 ) ) ;
#3910 = ORIENTED_EDGE ( 'NONE', *, *, #4679, .T. ) ;
#3911 = EDGE_CURVE ( 'NONE', #130, #785, #2463, .T. ) ;
#3912 = LINE ( 'NONE', #7021, #1356 ) ;
#3913 = DIRECTION ( 'NONE',  ( -1.644517855226008195E-15, 1.000000000000000000, 2.890435660536364269E-30 ) ) ;
#3914 = VERTEX_POINT ( 'NONE', #6781 ) ;
#3915 = EDGE_CURVE ( 'NONE', #2379, #1851, #5656, .T. ) ;
#3916 = FILL_AREA_STYLE ('',( #1972 ) ) ;
#3917 = CARTESIAN_POINT ( 'NONE',  ( 0.6767953592100046656, 8.200000000000009948, -0.8237345106779438986 ) ) ;
#3918 = DIRECTION ( 'NONE',  ( -9.293161478433909405E-16, 0.9357142857139192360, 0.3527588064257076717 ) ) ;
#3919 = ADVANCED_FACE ( 'NONE', ( #6188 ), #5580, .T. ) ;
#3920 = CARTESIAN_POINT ( 'NONE',  ( 2.150000000000021672, 3.975000000000011635, 5.850000000000052935 ) ) ;
#3921 = CARTESIAN_POINT ( 'NONE',  ( 0.7433105578600017749, 7.601972579975209143, -3.653310557857944563 ) ) ;
#3922 = VERTEX_POINT ( 'NONE', #1964 ) ;
#3923 = DIRECTION ( 'NONE',  ( 1.644517855226007998E-15, -1.000000000000000000, -2.890435660536363919E-30 ) ) ;
#3924 = LINE ( 'NONE', #3372, #2709 ) ;
#3925 = ORIENTED_EDGE ( 'NONE', *, *, #1865, .T. ) ;
#3926 = EDGE_CURVE ( 'NONE', #1156, #3277, #4367, .T. ) ;
#3927 = CARTESIAN_POINT ( 'NONE',  ( 2.400000000000011458, 8.200000000000011724, 3.875158234187051853 ) ) ;
#3928 = CARTESIAN_POINT ( 'NONE',  ( 0.5000000000000213163, -0.2499999999999906741, 1.350000000000055156 ) ) ;
#3929 = ADVANCED_FACE ( 'NONE', ( #4451 ), #2660, .F. ) ;
#3930 = ORIENTED_EDGE ( 'NONE', *, *, #6593, .T. ) ;
#3931 = ORIENTED_EDGE ( 'NONE', *, *, #4521, .F. ) ;
#3932 = DIRECTION ( 'NONE',  ( 1.644517855226008195E-15, -1.000000000000000000, -2.890435660536364269E-30 ) ) ;
#3933 = CARTESIAN_POINT ( 'NONE',  ( -0.9999999999999817923, 3.750000000000006217, 2.650000000000057643 ) ) ;
#3934 = PLANE ( 'NONE',  #1306 ) ;
#3935 = ORIENTED_EDGE ( 'NONE', *, *, #809, .T. ) ;
#3936 = DIRECTION ( 'NONE',  ( -0.3589790793088841192, 0.9333456062030538458, 6.277112717517546492E-16 ) ) ;
#3937 = EDGE_CURVE ( 'NONE', #1449, #2429, #6388, .T. ) ;
#3938 = VERTEX_POINT ( 'NONE', #218 ) ;
#3939 = VECTOR ( 'NONE', #551, 1000.000000000000000 ) ;
#3940 = DIRECTION ( 'NONE',  ( -1.000000000000000000, -1.644517855226007998E-15, 1.748601263784621946E-15 ) ) ;
#3941 =( GEOMETRIC_REPRESENTATION_CONTEXT ( 3 ) GLOBAL_UNCERTAINTY_ASSIGNED_CONTEXT ( ( #102 ) ) GLOBAL_UNIT_ASSIGNED_CONTEXT ( ( #4115, #6062, #2899 ) ) REPRESENTATION_CONTEXT ( 'NONE', 'WORKASPACE' ) );
#3942 = DIRECTION ( 'NONE',  ( -1.000000000000000000, -1.644517855226007998E-15, 1.748601263784621946E-15 ) ) ;
#3943 = LINE ( 'NONE', #6352, #5858 ) ;
#3944 = LINE ( 'NONE', #2657, #7177 ) ;
#3945 = ORIENTED_EDGE ( 'NONE', *, *, #4906, .T. ) ;
#3946 = DIRECTION ( 'NONE',  ( 1.748601263784621946E-15, 0.0000000000000000000, 1.000000000000000000 ) ) ;
#3947 = VECTOR ( 'NONE', #5059, 1000.000000000000000 ) ;
#3948 = CARTESIAN_POINT ( 'NONE',  ( 1.800000000000010036, 8.144714285714311330, 1.315000000000053904 ) ) ;
#3949 = UNCERTAINTY_MEASURE_WITH_UNIT (LENGTH_MEASURE( 1.000000000000000082E-05 ), #6057, 'distance_accuracy_value', 'NONE');
#3950 = ORIENTED_EDGE ( 'NONE', *, *, #5949, .T. ) ;
#3951 = CARTESIAN_POINT ( 'NONE',  ( 11.00000000000000888, 11.10000000000002451, 4.950000000000036593 ) ) ;
#3952 = COLOUR_RGB ( '',1.000000000000000000, 1.000000000000000000, 1.000000000000000000 ) ;
#3953 = VECTOR ( 'NONE', #5829, 1000.000000000000000 ) ;
#3954 = LINE ( 'NONE', #3364, #6961 ) ;
#3955 = DIRECTION ( 'NONE',  ( -1.644517855226007998E-15, 1.000000000000000000, 2.890435660536363919E-30 ) ) ;
#3956 = DIRECTION ( 'NONE',  ( -1.000000000000000000, -1.644517855226007998E-15, 1.748601263784621946E-15 ) ) ;
#3957 = DIRECTION ( 'NONE',  ( -0.8411784753765673139, 0.5407575913134772261, 1.470885745111887003E-15 ) ) ;
#3958 = LINE ( 'NONE', #893, #7849 ) ;
#3959 = AXIS2_PLACEMENT_3D ( 'NONE', #5230, #5917, #3536 ) ;
#3960 = AXIS2_PLACEMENT_3D ( 'NONE', #6512, #1504, #4706 ) ;
#3961 = EDGE_CURVE ( 'NONE', #3730, #8010, #2770, .T. ) ;
#3962 = EDGE_LOOP ( 'NONE', ( #6119, #7571, #4010, #919 ) ) ;
#3963 = LINE ( 'NONE', #2370, #462 ) ;
#3964 = EDGE_CURVE ( 'NONE', #5687, #8016, #5247, .T. ) ;
#3965 = FACE_OUTER_BOUND ( 'NONE', #437, .T. ) ;
#3966 = ORIENTED_EDGE ( 'NONE', *, *, #3873, .T. ) ;
#3967 = DIRECTION ( 'NONE',  ( 1.000000000000000000, 1.549021660576226239E-12, -6.743308347092845593E-13 ) ) ;
#3968 = AXIS2_PLACEMENT_3D ( 'NONE', #3159, #3765, #3918 ) ;
#3969 = VECTOR ( 'NONE', #2713, 1000.000000000000000 ) ;
#3970 = CARTESIAN_POINT ( 'NONE',  ( 0.7400000000000184208, 7.597309794603359201, 6.350000000000055600 ) ) ;
#3971 = VERTEX_POINT ( 'NONE', #7697 ) ;
#3972 = ORIENTED_EDGE ( 'NONE', *, *, #3023, .F. ) ;
#3973 = CARTESIAN_POINT ( 'NONE',  ( 10.99999999999999822, 5.400000000000026112, -6.649999999999959499 ) ) ;
#3974 = STYLED_ITEM ( 'NONE', ( #6023 ), #5364 ) ;
#3975 = VECTOR ( 'NONE', #1446, 1000.000000000000227 ) ;
#3976 = PLANE ( 'NONE',  #6955 ) ;
#3977 = EDGE_CURVE ( 'NONE', #6056, #657, #3944, .T. ) ;
#3978 = FACE_OUTER_BOUND ( 'NONE', #3361, .T. ) ;
#3979 = CARTESIAN_POINT ( 'NONE',  ( 3.950000000000017053, 7.650000000000014566, 5.850000000000049383 ) ) ;
#3980 = CARTESIAN_POINT ( 'NONE',  ( 1.500000000000016875, 7.650000000000010125, 5.850000000000053824 ) ) ;
#3981 = EDGE_LOOP ( 'NONE', ( #4396, #6474, #6196, #1060, #6235, #5058 ) ) ;
#3982 = CARTESIAN_POINT ( 'NONE',  ( 9.700000000000002842, 10.60000000000002274, 0.1500000000000389910 ) ) ;
#3983 = VERTEX_POINT ( 'NONE', #797 ) ;
#3984 = CIRCLE ( 'NONE', #445, 1.299999999999999822 ) ;
#3985 = VECTOR ( 'NONE', #5966, 1000.000000000000114 ) ;
#3986 = CARTESIAN_POINT ( 'NONE',  ( 1.300000000000007816, 7.100000000000010303, -0.7499999999999451550 ) ) ;
#3987 = EDGE_CURVE ( 'NONE', #6243, #2436, #3877, .T. ) ;
#3988 = STYLED_ITEM ( 'NONE', ( #7556 ), #7616 ) ;
#3989 = VECTOR ( 'NONE', #4059, 1000.000000000000000 ) ;
#3990 = MECHANICAL_DESIGN_GEOMETRIC_PRESENTATION_REPRESENTATION (  '', ( #5670 ), #191 ) ;
#3991 = DIRECTION ( 'NONE',  ( -1.644517855226007998E-15, 1.000000000000000000, 2.890435660536363919E-30 ) ) ;
#3992 = LINE ( 'NONE', #6987, #7915 ) ;
#3993 = DIRECTION ( 'NONE',  ( -1.644517855226007998E-15, 1.000000000000000000, 2.890435660536363919E-30 ) ) ;
#3994 = VERTEX_POINT ( 'NONE', #7550 ) ;
#3995 = DIRECTION ( 'NONE',  ( -1.644517855226008195E-15, 1.000000000000000000, 2.890435660536364269E-30 ) ) ;
#3996 = AXIS2_PLACEMENT_3D ( 'NONE', #5180, #1327, #3234 ) ;
#3997 = COLOUR_RGB ( '',1.000000000000000000, 1.000000000000000000, 1.000000000000000000 ) ;
#3998 =( NAMED_UNIT ( * ) PLANE_ANGLE_UNIT ( ) SI_UNIT ( $, .RADIAN. ) );
#3999 = ORIENTED_EDGE ( 'NONE', *, *, #823, .F. ) ;
#4000 = CARTESIAN_POINT ( 'NONE',  ( 10.99999999999999822, 5.200000000000025935, -6.649999999999962164 ) ) ;
#4001 = CIRCLE ( 'NONE', #5300, 1.399999999999999023 ) ;
#4002 = CARTESIAN_POINT ( 'NONE',  ( 9.700000000000001066, 12.25000000000002309, 1.550000000000040012 ) ) ;
#4003 = CARTESIAN_POINT ( 'NONE',  ( 0.7000000000000148326, 4.200000000000009059, 1.390000000000055191 ) ) ;
#4004 = ORIENTED_EDGE ( 'NONE', *, *, #536, .F. ) ;
#4005 = LINE ( 'NONE', #5456, #6675 ) ;
#4006 = FACE_OUTER_BOUND ( 'NONE', #4971, .T. ) ;
#4007 = CARTESIAN_POINT ( 'NONE',  ( 2.400000000000016787, 7.100000000000012079, 4.450000000000053468 ) ) ;
#4008 = ORIENTED_EDGE ( 'NONE', *, *, #3082, .F. ) ;
#4009 = DIRECTION ( 'NONE',  ( 0.7071067811864963915, 1.162849727212585237E-15, -0.7071067811865986430 ) ) ;
#4010 = ORIENTED_EDGE ( 'NONE', *, *, #2852, .T. ) ;
#4011 = DIRECTION ( 'NONE',  ( 0.9701425001453382047, -0.2425356250363079058, -1.696392401805311241E-15 ) ) ;
#4012 = EDGE_CURVE ( 'NONE', #4150, #4852, #4478, .T. ) ;
#4013 = LINE ( 'NONE', #7201, #4222 ) ;
#4014 = VERTEX_POINT ( 'NONE', #1532 ) ;
#4015 = DIRECTION ( 'NONE',  ( 5.567630161940737795E-09, -8.498344536895908591E-10, -1.000000000000000000 ) ) ;
#4016 = ADVANCED_FACE ( 'NONE', ( #6424 ), #5244, .T. ) ;
#4017 = VERTEX_POINT ( 'NONE', #2007 ) ;
#4018 = CARTESIAN_POINT ( 'NONE',  ( 3.174999999999998934, 7.650000000000012790, -4.149999999999948841 ) ) ;
#4019 = CARTESIAN_POINT ( 'NONE',  ( 1.500000000000011768, 0.7500000000000111022, -4.649999999999945288 ) ) ;
#4020 = DIRECTION ( 'NONE',  ( -1.748601263784621946E-15, 0.0000000000000000000, -1.000000000000000000 ) ) ;
#4021 = VECTOR ( 'NONE', #6591, 1000.000000000000000 ) ;
#4022 = ADVANCED_FACE ( 'NONE', ( #5182 ), #6308, .F. ) ;
#4023 = ORIENTED_EDGE ( 'NONE', *, *, #2852, .F. ) ;
#4024 = LINE ( 'NONE', #335, #7434 ) ;
#4025 = EDGE_LOOP ( 'NONE', ( #2423, #7546, #1142, #1167, #2650 ) ) ;
#4026 = ADVANCED_FACE ( 'NONE', ( #2055 ), #3392, .F. ) ;
#4027 = ORIENTED_EDGE ( 'NONE', *, *, #6367, .F. ) ;
#4028 = LINE ( 'NONE', #7137, #2298 ) ;
#4029 = ORIENTED_EDGE ( 'NONE', *, *, #1382, .T. ) ;
#4030 = PLANE ( 'NONE',  #7991 ) ;
#4031 = CARTESIAN_POINT ( 'NONE',  ( 11.00000000000002309, 5.200000000000025935, 8.054540768505036752 ) ) ;
#4032 = EDGE_CURVE ( 'NONE', #1754, #1958, #7587, .T. ) ;
#4033 = LINE ( 'NONE', #4192, #5132 ) ;
#4034 = ORIENTED_EDGE ( 'NONE', *, *, #559, .F. ) ;
#4035 = EDGE_CURVE ( 'NONE', #1997, #526, #2116, .T. ) ;
#4036 = LINE ( 'NONE', #2091, #4502 ) ;
#4037 = EDGE_CURVE ( 'NONE', #7669, #4726, #4493, .T. ) ;
#4038 = FACE_OUTER_BOUND ( 'NONE', #1245, .T. ) ;
#4039 = VECTOR ( 'NONE', #8015, 1000.000000000000000 ) ;
#4040 = PLANE ( 'NONE',  #2810 ) ;
#4041 = ORIENTED_EDGE ( 'NONE', *, *, #6543, .T. ) ;
#4042 = DIRECTION ( 'NONE',  ( -1.748601263784621946E-15, 0.0000000000000000000, -1.000000000000000000 ) ) ;
#4043 = LINE ( 'NONE', #5345, #454 ) ;
#4044 = CARTESIAN_POINT ( 'NONE',  ( 9.700000000000004619, 10.60000000000002274, 1.550000000000040012 ) ) ;
#4045 = EDGE_LOOP ( 'NONE', ( #747, #6647, #4204, #680, #7961, #1950, #2788, #3238, #5385, #1262 ) ) ;
#4046 = VECTOR ( 'NONE', #5016, 1000.000000000000000 ) ;
#4047 = ADVANCED_FACE ( 'NONE', ( #761 ), #1413, .T. ) ;
#4048 = FILL_AREA_STYLE ('',( #1546 ) ) ;
#4049 = CARTESIAN_POINT ( 'NONE',  ( -0.9999999999999817923, 3.750000000000006217, 2.650000000000057643 ) ) ;
#4050 = ORIENTED_EDGE ( 'NONE', *, *, #5413, .T. ) ;
#4051 = DIRECTION ( 'NONE',  ( -1.748601263784621748E-15, 0.0000000000000000000, -1.000000000000000000 ) ) ;
#4052 = LINE ( 'NONE', #5755, #4136 ) ;
#4053 = ORIENTED_EDGE ( 'NONE', *, *, #6983, .F. ) ;
#4054 = DIRECTION ( 'NONE',  ( -1.000000000000000000, -1.734723475976807489E-15, 1.734723475976807489E-15 ) ) ;
#4055 = ORIENTED_EDGE ( 'NONE', *, *, #674, .F. ) ;
#4056 = ORIENTED_EDGE ( 'NONE', *, *, #792, .T. ) ;
#4057 = B_SPLINE_CURVE_WITH_KNOTS ( 'NONE', 3,
 ( #637, #1750, #6823, #4410 ),
 .UNSPECIFIED., .F., .F.,
 ( 4, 4 ),
 ( 0.0000000000000000000, 1.000000000000000000 ),
 .UNSPECIFIED. ) ;
#4058 = CARTESIAN_POINT ( 'NONE',  ( 0.7466439969400165966, 7.606602420031609135, 5.356643996939055796 ) ) ;
#4059 = DIRECTION ( 'NONE',  ( -1.644517855226008195E-15, 1.000000000000000000, 2.890435660536364269E-30 ) ) ;
#4060 = DIRECTION ( 'NONE',  ( -0.8411784753765673139, 0.5407575913134772261, 1.470885745111887003E-15 ) ) ;
#4061 = LINE ( 'NONE', #5285, #5940 ) ;
#4062 = ORIENTED_EDGE ( 'NONE', *, *, #5262, .F. ) ;
#4063 = DIRECTION ( 'NONE',  ( 1.644517855226007998E-15, -1.000000000000000000, -2.890435660536363919E-30 ) ) ;
#4064 = ORIENTED_EDGE ( 'NONE', *, *, #504, .F. ) ;
#4065 = ORIENTED_EDGE ( 'NONE', *, *, #4621, .F. ) ;
#4066 = EDGE_CURVE ( 'NONE', #3547, #4595, #2010, .T. ) ;
#4067 = DIRECTION ( 'NONE',  ( 1.644517855226007998E-15, -1.000000000000000000, -2.890435660536363919E-30 ) ) ;
#4068 = CARTESIAN_POINT ( 'NONE',  ( 1.500000000000022204, 0.7500000000000111022, 1.350000000000053380 ) ) ;
#4069 = ADVANCED_FACE ( 'NONE', ( #178 ), #7018, .F. ) ;
#4070 = CARTESIAN_POINT ( 'NONE',  ( 10.77585252445682329, 5.234484227007025758, 8.040462641781036979 ) ) ;
#4071 = DIRECTION ( 'NONE',  ( 1.644517855226007998E-15, -1.000000000000000000, -2.890435660536363919E-30 ) ) ;
#4072 = VERTEX_POINT ( 'NONE', #6466 ) ;
#4073 = DIRECTION ( 'NONE',  ( -0.2357022603954924966, -0.9428090415820747916, -0.2357022603954932183 ) ) ;
#4074 = CARTESIAN_POINT ( 'NONE',  ( 0.1000000000000236811, 5.400000000000009237, 7.850000000000056488 ) ) ;
#4075 = VECTOR ( 'NONE', #3004, 1000.000000000000000 ) ;
#4076 = DIRECTION ( 'NONE',  ( -0.8411784753765673139, 0.5407575913134772261, 1.470885745111887003E-15 ) ) ;
#4077 = ORIENTED_EDGE ( 'NONE', *, *, #14, .F. ) ;
#4078 = EDGE_CURVE ( 'NONE', #5028, #4773, #279, .T. ) ;
#4079 = LINE ( 'NONE', #2825, #4021 ) ;
#4080 = CARTESIAN_POINT ( 'NONE',  ( 9.700000000000011724, 10.60000000000002274, 6.550000000000039790 ) ) ;
#4081 = CARTESIAN_POINT ( 'NONE',  ( 9.800000000000007816, 7.394714285714323765, 1.100000000000038503 ) ) ;
#4082 = ORIENTED_EDGE ( 'NONE', *, *, #1649, .T. ) ;
#4083 = PLANE ( 'NONE',  #5649 ) ;
#4084 = CARTESIAN_POINT ( 'NONE',  ( 10.99999999999996980, 11.75000000000002487, -16.64999999999995950 ) ) ;
#4085 = EDGE_LOOP ( 'NONE', ( #2911, #4705, #2057, #5060, #818 ) ) ;
#4086 = AXIS2_PLACEMENT_3D ( 'NONE', #2764, #7504, #6895 ) ;
#4087 = SURFACE_STYLE_FILL_AREA ( #5870 ) ;
#4088 = EDGE_CURVE ( 'NONE', #2355, #6271, #297, .T. ) ;
#4089 = CARTESIAN_POINT ( 'NONE',  ( 0.7500000000000093259, 7.611199771552088933, 1.340000000000055591 ) ) ;
#4090 = ORIENTED_EDGE ( 'NONE', *, *, #6668, .F. ) ;
#4091 = CARTESIAN_POINT ( 'NONE',  ( 9.699999999999999289, 5.400000000000024336, -6.649999999999960387 ) ) ;
#4092 = CARTESIAN_POINT ( 'NONE',  ( 2.400000000000003020, 10.60000000000001030, 0.3500000000000533795 ) ) ;
#4093 = EDGE_LOOP ( 'NONE', ( #2521, #6342, #3179, #2356, #3700 ) ) ;
#4094 = VECTOR ( 'NONE', #3569, 1000.000000000000227 ) ;
#4095 = PLANE ( 'NONE',  #6184 ) ;
#4096 = ORIENTED_EDGE ( 'NONE', *, *, #2885, .F. ) ;
#4097 = SURFACE_STYLE_USAGE ( .BOTH. , #2385 ) ;
#4098 = DIRECTION ( 'NONE',  ( 1.000000000000000000, 1.644517855226007998E-15, -1.748601263784621946E-15 ) ) ;
#4099 = DIRECTION ( 'NONE',  ( -1.297538235904699311E-15, -0.2425356250363094601, -0.9701425001453377606 ) ) ;
#4100 = MECHANICAL_DESIGN_GEOMETRIC_PRESENTATION_REPRESENTATION (  '', ( #6938 ), #696 ) ;
#4101 = VECTOR ( 'NONE', #3440, 1000.000000000000000 ) ;
#4102 = CARTESIAN_POINT ( 'NONE',  ( 0.1000000000000080685, 5.400000000000009237, -1.149999999999942624 ) ) ;
#4103 = ORIENTED_EDGE ( 'NONE', *, *, #7441, .F. ) ;
#4104 = FACE_OUTER_BOUND ( 'NONE', #855, .T. ) ;
#4105 = VERTEX_POINT ( 'NONE', #1573 ) ;
#4106 = PRESENTATION_LAYER_ASSIGNMENT (  '', '', ( #2290 ) ) ;
#4107 =( GEOMETRIC_REPRESENTATION_CONTEXT ( 3 ) GLOBAL_UNCERTAINTY_ASSIGNED_CONTEXT ( ( #7675 ) ) GLOBAL_UNIT_ASSIGNED_CONTEXT ( ( #5741, #2659, #1535 ) ) REPRESENTATION_CONTEXT ( 'NONE', 'WORKASPACE' ) );
#4108 = PLANE ( 'NONE',  #2671 ) ;
#4109 = ORIENTED_EDGE ( 'NONE', *, *, #7883, .F. ) ;
#4110 = FACE_OUTER_BOUND ( 'NONE', #6736, .T. ) ;
#4111 = DIRECTION ( 'NONE',  ( 0.8411784753765673139, -0.5407575913134772261, -1.470885745111887003E-15 ) ) ;
#4112 = CARTESIAN_POINT ( 'NONE',  ( 0.1000000000000098033, 8.200000000000008171, 2.824841765813056682 ) ) ;
#4113 = PRESENTATION_LAYER_ASSIGNMENT (  '', '', ( #2690 ) ) ;
#4114 = VECTOR ( 'NONE', #6400, 1000.000000000000000 ) ;
#4115 =( LENGTH_UNIT ( ) NAMED_UNIT ( * ) SI_UNIT ( .MILLI., .METRE. ) );
#4116 = ORIENTED_EDGE ( 'NONE', *, *, #227, .F. ) ;
#4117 = EDGE_CURVE ( 'NONE', #2192, #6689, #419, .T. ) ;
#4118 = CARTESIAN_POINT ( 'NONE',  ( 11.00000000000001599, 7.450000000000025935, 5.850000000000037836 ) ) ;
#4119 = EDGE_CURVE ( 'NONE', #7259, #5839, #344, .T. ) ;
#4120 = AXIS2_PLACEMENT_3D ( 'NONE', #2967, #1815, #618 ) ;
#4121 = AXIS2_PLACEMENT_3D ( 'NONE', #6883, #3808, #3923 ) ;
#4122 = VECTOR ( 'NONE', #6429, 1000.000000000000000 ) ;
#4123 = LINE ( 'NONE', #4819, #2155 ) ;
#4124 = FACE_OUTER_BOUND ( 'NONE', #2286, .T. ) ;
#4125 = CARTESIAN_POINT ( 'NONE',  ( 2.400000000000007905, 7.650000000000011902, 0.8500000000000520473 ) ) ;
#4126 = DIRECTION ( 'NONE',  ( -0.7071067811865487940, -1.162849727212667278E-15, -0.7071067811865463515 ) ) ;
#4127 = CIRCLE ( 'NONE', #5171, 1.349999999999999645 ) ;
#4128 = VERTEX_POINT ( 'NONE', #7787 ) ;
#4129 = AXIS2_PLACEMENT_3D ( 'NONE', #5141, #2088, #795 ) ;
#4130 = PRESENTATION_LAYER_ASSIGNMENT (  '', '', ( #3488 ) ) ;
#4131 = CARTESIAN_POINT ( 'NONE',  ( 10.99999999999999112, 11.10000000000002451, -5.049999999999961631 ) ) ;
#4132 = EDGE_CURVE ( 'NONE', #1648, #4384, #4033, .T. ) ;
#4133 = VERTEX_POINT ( 'NONE', #3429 ) ;
#4134 = VECTOR ( 'NONE', #1329, 1000.000000000000000 ) ;
#4135 = VECTOR ( 'NONE', #7977, 1000.000000000000114 ) ;
#4136 = VECTOR ( 'NONE', #2074, 1000.000000000000000 ) ;
#4137 = CARTESIAN_POINT ( 'NONE',  ( 10.99999999999998757, 11.75000000000002487, -6.649999999999962164 ) ) ;
#4138 = VERTEX_POINT ( 'NONE', #2285 ) ;
#4139 = LINE ( 'NONE', #5837, #3189 ) ;
#4140 = LINE ( 'NONE', #3653, #183 ) ;
#4141 = ADVANCED_FACE ( 'NONE', ( #5890 ), #5417, .T. ) ;
#4142 = EDGE_LOOP ( 'NONE', ( #2809, #519, #4404, #6714 ) ) ;
#4143 = CARTESIAN_POINT ( 'NONE',  ( 0.1000000000000167422, 5.400000000000009237, 3.850000000000057376 ) ) ;
#4144 = LINE ( 'NONE', #1563, #3415 ) ;
#4145 = CARTESIAN_POINT ( 'NONE',  ( 0.0000000000000000000, 0.0000000000000000000, 0.0000000000000000000 ) ) ;
#4146 = ORIENTED_EDGE ( 'NONE', *, *, #5155, .T. ) ;
#4147 = CARTESIAN_POINT ( 'NONE',  ( 11.00000000000000711, 7.650000000000026112, 0.3850000000000380895 ) ) ;
#4148 = ORIENTED_EDGE ( 'NONE', *, *, #3023, .T. ) ;
#4149 = CARTESIAN_POINT ( 'NONE',  ( 8.799999999999997158, 8.144714285714321989, -4.649999999999958611 ) ) ;
#4150 = VERTEX_POINT ( 'NONE', #7823 ) ;
#4151 = DIRECTION ( 'NONE',  ( 1.748601263784621748E-15, 0.0000000000000000000, 1.000000000000000000 ) ) ;
#4152 = AXIS2_PLACEMENT_3D ( 'NONE', #186, #2707, #7024 ) ;
#4153 = CARTESIAN_POINT ( 'NONE',  ( -0.5999999999999928724, 10.75000000000000533, 2.650000000000056755 ) ) ;
#4154 = CARTESIAN_POINT ( 'NONE',  ( 0.6767269503200091796, 8.200000000002308553, 2.523770428909055674 ) ) ;
#4155 = CARTESIAN_POINT ( 'NONE',  ( 7.999999999999988454, 11.55000000000002025, -6.649999999999956835 ) ) ;
#4156 = VERTEX_POINT ( 'NONE', #4155 ) ;
#4157 = LINE ( 'NONE', #7028, #1890 ) ;
#4158 = LINE ( 'NONE', #1012, #2419 ) ;
#4159 = CARTESIAN_POINT ( 'NONE',  ( 0.7500000000000075495, 8.200000000000009948, 1.340000000000055591 ) ) ;
#4160 = B_SPLINE_CURVE_WITH_KNOTS ( 'NONE', 3,
 ( #4866, #2378, #1100, #3611 ),
 .UNSPECIFIED., .F., .F.,
 ( 4, 4 ),
 ( 0.0000000000000000000, 1.000000000000000000 ),
 .UNSPECIFIED. ) ;
#4161 = CARTESIAN_POINT ( 'NONE',  ( 0.5000000000000108802, 0.7500000000000093259, -4.649999999999943512 ) ) ;
#4162 = CARTESIAN_POINT ( 'NONE',  ( 9.800000000000006040, 7.894714285714324653, 0.6000000000000388356 ) ) ;
#4163 = CARTESIAN_POINT ( 'NONE',  ( 1.400000000138013068, 8.199999999997109157, 4.562560681115054528 ) ) ;
#4164 = ADVANCED_FACE ( 'NONE', ( #2979 ), #7868, .F. ) ;
#4165 = ORIENTED_EDGE ( 'NONE', *, *, #1832, .F. ) ;
#4166 = DIRECTION ( 'NONE',  ( 1.000000000000000000, 0.0000000000000000000, 0.0000000000000000000 ) ) ;
#4167 = ORIENTED_EDGE ( 'NONE', *, *, #5750, .T. ) ;
#4168 = ADVANCED_FACE ( 'NONE', ( #2206 ), #1616, .T. ) ;
#4169 = PLANE ( 'NONE',  #5945 ) ;
#4170 = ORIENTED_EDGE ( 'NONE', *, *, #5136, .F. ) ;
#4171 = DIRECTION ( 'NONE',  ( 1.000000000000000000, 1.644517855226007998E-15, -1.748601263784621946E-15 ) ) ;
#4172 = ADVANCED_FACE ( 'NONE', ( #7263 ), #4695, .T. ) ;
#4173 = LINE ( 'NONE', #1844, #4501 ) ;
#4174 = CARTESIAN_POINT ( 'NONE',  ( 3.950000000000017053, 7.650000000000014566, 5.850000000000049383 ) ) ;
#4175 = ORIENTED_EDGE ( 'NONE', *, *, #3669, .F. ) ;
#4176 = PRESENTATION_STYLE_ASSIGNMENT (( #7805 ) ) ;
#4177 = ADVANCED_FACE ( 'NONE', ( #3178 ), #1791, .T. ) ;
#4178 = DIRECTION ( 'NONE',  ( -7.280287483979462752E-14, -1.168500215858619925E-28, -1.000000000000000000 ) ) ;
#4179 =( LENGTH_UNIT ( ) NAMED_UNIT ( * ) SI_UNIT ( .MILLI., .METRE. ) );
#4180 = SURFACE_SIDE_STYLE ('',( #5401 ) ) ;
#4181 = EDGE_CURVE ( 'NONE', #2469, #6138, #2572, .T. ) ;
#4182 = LINE ( 'NONE', #1071, #1196 ) ;
#4183 = SURFACE_STYLE_FILL_AREA ( #2970 ) ;
#4184 = ORIENTED_EDGE ( 'NONE', *, *, #1893, .T. ) ;
#4185 = CARTESIAN_POINT ( 'NONE',  ( 9.700000000000011724, 4.500000000000023981, 0.8500000000000382805 ) ) ;
#4186 = EDGE_LOOP ( 'NONE', ( #7769, #6948, #5831, #626, #928 ) ) ;
#4187 = VERTEX_POINT ( 'NONE', #3706 ) ;
#4188 = DIRECTION ( 'NONE',  ( 0.9927080914950846546, -0.1205431253957962856, -1.735850623357525016E-15 ) ) ;
#4189 = LINE ( 'NONE', #4153, #196 ) ;
#4190 = EDGE_CURVE ( 'NONE', #2174, #159, #1740, .T. ) ;
#4191 = DIRECTION ( 'NONE',  ( -0.3589790793088841192, 0.9333456062030538458, 6.277112717517546492E-16 ) ) ;
#4192 = CARTESIAN_POINT ( 'NONE',  ( 0.7400000000000218625, 4.200000000000009059, 5.350000000000055600 ) ) ;
#4193 = EDGE_LOOP ( 'NONE', ( #483, #7651, #7409, #6496 ) ) ;
#4194 = CARTESIAN_POINT ( 'NONE',  ( 1.398548747335005782, 8.959230384172009565, 0.3500000000000551559 ) ) ;
#4195 =( NAMED_UNIT ( * ) PLANE_ANGLE_UNIT ( ) SI_UNIT ( $, .RADIAN. ) );
#4196 = DIRECTION ( 'NONE',  ( 1.748601263784621748E-15, 0.0000000000000000000, 1.000000000000000000 ) ) ;
#4197 = CARTESIAN_POINT ( 'NONE',  ( -0.1999999927999943083, 4.200000000000007283, -3.560000005399943213 ) ) ;
#4198 = CARTESIAN_POINT ( 'NONE',  ( 1.124999999999997558, 8.200000000000009948, -4.149999999999945288 ) ) ;
#4199 = PLANE ( 'NONE',  #669 ) ;
#4200 = ORIENTED_EDGE ( 'NONE', *, *, #7808, .F. ) ;
#4201 = CARTESIAN_POINT ( 'NONE',  ( 0.09999999999999766020, 9.638089535207008396, -3.649999999999943956 ) ) ;
#4202 = MECHANICAL_DESIGN_GEOMETRIC_PRESENTATION_REPRESENTATION (  '', ( #5625 ), #543 ) ;
#4203 = LINE ( 'NONE', #4295, #7722 ) ;
#4204 = ORIENTED_EDGE ( 'NONE', *, *, #2139, .T. ) ;
#4205 = UNCERTAINTY_MEASURE_WITH_UNIT (LENGTH_MEASURE( 1.000000000000000082E-05 ), #329, 'distance_accuracy_value', 'NONE');
#4206 = ORIENTED_EDGE ( 'NONE', *, *, #1783, .T. ) ;
#4207 = CARTESIAN_POINT ( 'NONE',  ( 0.5999999999999998668, 8.200000000000009948, -3.604444444999944874 ) ) ;
#4208 = EDGE_LOOP ( 'NONE', ( #4696, #2829, #3333, #5590, #2222, #882, #2923, #4714, #136, #911, #7693, #6813, #2201, #1885, #1236, #4473, #4882, #2973, #4986, #2305, #6288, #306, #5088, #6314, #1097, #7077, #3126, #1661, #6765, #7838, #1955, #4919, #6504, #6759 ) ) ;
#4209 =( GEOMETRIC_REPRESENTATION_CONTEXT ( 3 ) GLOBAL_UNCERTAINTY_ASSIGNED_CONTEXT ( ( #5187 ) ) GLOBAL_UNIT_ASSIGNED_CONTEXT ( ( #4281, #4893, #545 ) ) REPRESENTATION_CONTEXT ( 'NONE', 'WORKASPACE' ) );
#4210 = LINE ( 'NONE', #6756, #1645 ) ;
#4211 = DIRECTION ( 'NONE',  ( -1.748601263784621748E-15, 1.482966057179082451E-32, -1.000000000000000000 ) ) ;
#4212 = EDGE_CURVE ( 'NONE', #1675, #7212, #6257, .T. ) ;
#4213 = LINE ( 'NONE', #6677, #1104 ) ;
#4214 = AXIS2_PLACEMENT_3D ( 'NONE', #4355, #3635, #8017 ) ;
#4215 = ORIENTED_EDGE ( 'NONE', *, *, #5764, .T. ) ;
#4216 = EDGE_CURVE ( 'NONE', #3162, #6753, #7827, .T. ) ;
#4217 = CARTESIAN_POINT ( 'NONE',  ( -0.5999999999999946487, 4.200000000000007283, -5.039999999999941416 ) ) ;
#4218 = FILL_AREA_STYLE_COLOUR ( '', #3613 ) ;
#4219 = LINE ( 'NONE', #6802, #7729 ) ;
#4220 = PLANE ( 'NONE',  #4120 ) ;
#4221 = LINE ( 'NONE', #3623, #7815 ) ;
#4222 = VECTOR ( 'NONE', #1593, 1000.000000000000114 ) ;
#4223 = STYLED_ITEM ( 'NONE', ( #6098 ), #431 ) ;
#4224 = ORIENTED_EDGE ( 'NONE', *, *, #833, .T. ) ;
#4225 = ORIENTED_EDGE ( 'NONE', *, *, #7467, .T. ) ;
#4226 = CARTESIAN_POINT ( 'NONE',  ( -0.9999999999999904521, 3.750000000000006217, -2.349999999999942357 ) ) ;
#4227 = ADVANCED_FACE ( 'NONE', ( #5529 ), #1743, .F. ) ;
#4228 = ORIENTED_EDGE ( 'NONE', *, *, #3175, .F. ) ;
#4229 = PRESENTATION_LAYER_ASSIGNMENT (  '', '', ( #6938 ) ) ;
#4230 = AXIS2_PLACEMENT_3D ( 'NONE', #1755, #6080, #1630 ) ;
#4231 = ORIENTED_EDGE ( 'NONE', *, *, #3532, .F. ) ;
#4232 = PRESENTATION_STYLE_ASSIGNMENT (( #1193 ) ) ;
#4233 = CARTESIAN_POINT ( 'NONE',  ( 1.500000000000008216, 8.200000000000009948, 1.315000000000053904 ) ) ;
#4234 = FACE_OUTER_BOUND ( 'NONE', #1506, .T. ) ;
#4235 = DIRECTION ( 'NONE',  ( -2.168404344971010446E-15, 0.3928571428571054347, -0.9195995135417112110 ) ) ;
#4236 = ORIENTED_EDGE ( 'NONE', *, *, #160, .T. ) ;
#4237 = VECTOR ( 'NONE', #2652, 1000.000000000000000 ) ;
#4238 = CARTESIAN_POINT ( 'NONE',  ( 0.5000000000000195399, 0.7500000000000093259, 0.3500000000000568767 ) ) ;
#4239 = EDGE_CURVE ( 'NONE', #7181, #2583, #3048, .T. ) ;
#4240 = AXIS2_PLACEMENT_3D ( 'NONE', #4966, #1700, #6378 ) ;
#4241 =( GEOMETRIC_REPRESENTATION_CONTEXT ( 3 ) GLOBAL_UNCERTAINTY_ASSIGNED_CONTEXT ( ( #6872 ) ) GLOBAL_UNIT_ASSIGNED_CONTEXT ( ( #7527, #5712, #612 ) ) REPRESENTATION_CONTEXT ( 'NONE', 'WORKASPACE' ) );
#4242 = PLANE ( 'NONE',  #5936 ) ;
#4243 = LINE ( 'NONE', #3056, #5343 ) ;
#4244 = APPLICATION_CONTEXT ( 'automotive_design' ) ;
#4245 = CARTESIAN_POINT ( 'NONE',  ( 1.500000000000015099, 8.200000000000009948, 5.360000000000054499 ) ) ;
#4246 = DIRECTION ( 'NONE',  ( -1.748601263784621748E-15, 0.0000000000000000000, -1.000000000000000000 ) ) ;
#4247 = VERTEX_POINT ( 'NONE', #6701 ) ;
#4248 = CARTESIAN_POINT ( 'NONE',  ( 1.800000000000016920, 4.200000000000010836, 2.650000000000053202 ) ) ;
#4249 = AXIS2_PLACEMENT_3D ( 'NONE', #652, #739, #3256 ) ;
#4250 = VECTOR ( 'NONE', #7022, 1000.000000000000000 ) ;
#4251 = PRESENTATION_STYLE_ASSIGNMENT (( #1756 ) ) ;
#4252 = ORIENTED_EDGE ( 'NONE', *, *, #1832, .T. ) ;
#4253 = STYLED_ITEM ( 'NONE', ( #6240 ), #7630 ) ;
#4254 = DIRECTION ( 'NONE',  ( -1.000000000000000000, -1.644517855226007998E-15, 1.748601263784621946E-15 ) ) ;
#4255 = ORIENTED_EDGE ( 'NONE', *, *, #3817, .F. ) ;
#4256 = AXIS2_PLACEMENT_3D ( 'NONE', #6351, #6422, #3390 ) ;
#4257 = MECHANICAL_DESIGN_GEOMETRIC_PRESENTATION_REPRESENTATION (  '', ( #4528 ), #5173 ) ;
#4258 = CARTESIAN_POINT ( 'NONE',  ( 2.400000000000007905, 7.650000000000011902, 0.8500000000000520473 ) ) ;
#4259 = FACE_OUTER_BOUND ( 'NONE', #2260, .T. ) ;
#4260 = PRESENTATION_STYLE_ASSIGNMENT (( #6090 ) ) ;
#4261 = PRESENTATION_LAYER_ASSIGNMENT (  '', '', ( #6967 ) ) ;
#4262 = AXIS2_PLACEMENT_3D ( 'NONE', #6255, #4849, #3010 ) ;
#4263 = STYLED_ITEM ( 'NONE', ( #5594 ), #2056 ) ;
#4264 = VERTEX_POINT ( 'NONE', #6817 ) ;
#4265 =( NAMED_UNIT ( * ) SI_UNIT ( $, .STERADIAN. ) SOLID_ANGLE_UNIT ( ) );
#4266 = CARTESIAN_POINT ( 'NONE',  ( 1.955294117647016883, 8.144714285714311330, 5.385000000000053966 ) ) ;
#4267 = CARTESIAN_POINT ( 'NONE',  ( 9.700000000000006395, 7.450000000000023270, 0.8500000000000399458 ) ) ;
#4268 = EDGE_CURVE ( 'NONE', #5204, #5885, #1244, .T. ) ;
#4269 = SURFACE_SIDE_STYLE ('',( #1850 ) ) ;
#4270 = DIRECTION ( 'NONE',  ( 1.927470528863119344E-15, 0.0000000000000000000, 1.000000000000000000 ) ) ;
#4271 = ORIENTED_EDGE ( 'NONE', *, *, #1144, .T. ) ;
#4272 = PLANE ( 'NONE',  #7051 ) ;
#4273 = EDGE_CURVE ( 'NONE', #830, #3171, #3137, .T. ) ;
#4274 = ORIENTED_EDGE ( 'NONE', *, *, #4690, .F. ) ;
#4275 = CARTESIAN_POINT ( 'NONE',  ( 0.1000000000000254158, 7.650000000000007461, 10.85000000000005649 ) ) ;
#4276 = ORIENTED_EDGE ( 'NONE', *, *, #4930, .F. ) ;
#4277 = CARTESIAN_POINT ( 'NONE',  ( 10.99999999999999467, 11.10000000000002451, -3.249999999999963141 ) ) ;
#4278 = EDGE_CURVE ( 'NONE', #5605, #5286, #1915, .T. ) ;
#4279 = DIRECTION ( 'NONE',  ( -1.644517855226007998E-15, 1.000000000000000000, 2.875605999964573094E-30 ) ) ;
#4280 = LINE ( 'NONE', #7941, #7526 ) ;
#4281 =( LENGTH_UNIT ( ) NAMED_UNIT ( * ) SI_UNIT ( .MILLI., .METRE. ) );
#4282 = EDGE_CURVE ( 'NONE', #7318, #7947, #4441, .T. ) ;
#4283 = ORIENTED_EDGE ( 'NONE', *, *, #3104, .T. ) ;
#4284 = LINE ( 'NONE', #3053, #5531 ) ;
#4285 = FILL_AREA_STYLE ('',( #5495 ) ) ;
#4286 = ADVANCED_FACE ( 'NONE', ( #1482 ), #4530, .T. ) ;
#4287 = DIRECTION ( 'NONE',  ( -0.3162277660168062998, -5.200422075328729803E-16, 0.9486832980505244262 ) ) ;
#4288 =( LENGTH_UNIT ( ) NAMED_UNIT ( * ) SI_UNIT ( .MILLI., .METRE. ) );
#4289 = DIRECTION ( 'NONE',  ( -1.644517855226007998E-15, 1.000000000000000000, 2.875605999964573094E-30 ) ) ;
#4290 = LINE ( 'NONE', #5539, #4347 ) ;
#4291 = EDGE_CURVE ( 'NONE', #6926, #7551, #3903, .T. ) ;
#4292 = VECTOR ( 'NONE', #7632, 1000.000000000000000 ) ;
#4293 = EDGE_CURVE ( 'NONE', #5846, #2379, #829, .T. ) ;
#4294 = ORIENTED_EDGE ( 'NONE', *, *, #1144, .F. ) ;
#4295 = CARTESIAN_POINT ( 'NONE',  ( 0.7499999999999972244, 8.200000000000009948, -4.639999999999945501 ) ) ;
#4296 = ORIENTED_EDGE ( 'NONE', *, *, #5848, .T. ) ;
#4297 = FILL_AREA_STYLE ('',( #7395 ) ) ;
#4298 = ORIENTED_EDGE ( 'NONE', *, *, #2984, .T. ) ;
#4299 = DIRECTION ( 'NONE',  ( 1.748601263784621946E-15, 0.0000000000000000000, 1.000000000000000000 ) ) ;
#4300 = EDGE_CURVE ( 'NONE', #7449, #7416, #752, .T. ) ;
#4301 = DIRECTION ( 'NONE',  ( -1.644517855226007998E-15, 1.000000000000000000, 2.890435660536363919E-30 ) ) ;
#4302 = PLANE ( 'NONE',  #5796 ) ;
#4303 = ORIENTED_EDGE ( 'NONE', *, *, #1979, .F. ) ;
#4304 = DIRECTION ( 'NONE',  ( 1.644517855226008195E-15, -1.000000000000000000, -2.890435660536364269E-30 ) ) ;
#4305 = FACE_OUTER_BOUND ( 'NONE', #6869, .T. ) ;
#4306 = VECTOR ( 'NONE', #4020, 1000.000000000000000 ) ;
#4307 = FILL_AREA_STYLE ('',( #5632 ) ) ;
#4308 = DIRECTION ( 'NONE',  ( 1.748601263784621946E-15, 0.0000000000000000000, 1.000000000000000000 ) ) ;
#4309 = VERTEX_POINT ( 'NONE', #213 ) ;
#4310 = DIRECTION ( 'NONE',  ( -1.748601263784621946E-15, 0.0000000000000000000, -1.000000000000000000 ) ) ;
#4311 = ORIENTED_EDGE ( 'NONE', *, *, #2099, .F. ) ;
#4312 = EDGE_LOOP ( 'NONE', ( #348, #664, #3769, #235, #5759, #1987 ) ) ;
#4313 = ORIENTED_EDGE ( 'NONE', *, *, #5434, .F. ) ;
#4314 = DIRECTION ( 'NONE',  ( -0.8933250006747832650, 0.4466625002858897187, -0.04962916489077740662 ) ) ;
#4315 = CARTESIAN_POINT ( 'NONE',  ( 2.400000000000022116, 7.100000000000012079, 7.250000000000051514 ) ) ;
#4316 = DIRECTION ( 'NONE',  ( 1.000000000000000000, 1.644517855226007998E-15, -1.748601263784621946E-15 ) ) ;
#4317 = EDGE_LOOP ( 'NONE', ( #7817, #2716, #1617, #3534 ) ) ;
#4318 = SURFACE_STYLE_FILL_AREA ( #3051 ) ;
#4319 = ORIENTED_EDGE ( 'NONE', *, *, #14, .T. ) ;
#4320 = CARTESIAN_POINT ( 'NONE',  ( 9.300000000000006040, 8.019714285714321989, 0.8500000000000399458 ) ) ;
#4321 = ADVANCED_FACE ( 'NONE', ( #2730 ), #791, .F. ) ;
#4322 = EDGE_CURVE ( 'NONE', #1657, #552, #2789, .T. ) ;
#4323 = CARTESIAN_POINT ( 'NONE',  ( 0.1000000000000080685, 7.650000000000007461, 0.3500000000000568767 ) ) ;
#4324 = PLANE ( 'NONE',  #1646 ) ;
#4325 = CARTESIAN_POINT ( 'NONE',  ( -1.000000000000002665, 10.75000000000000533, -2.349999999999942357 ) ) ;
#4326 = LINE ( 'NONE', #2536, #5884 ) ;
#4327 = ORIENTED_EDGE ( 'NONE', *, *, #422, .F. ) ;
#4328 = FILL_AREA_STYLE_COLOUR ( '', #7059 ) ;
#4329 = CARTESIAN_POINT ( 'NONE',  ( 9.299999999999997158, 8.019714285714321989, -4.149999999999960387 ) ) ;
#4330 = EDGE_LOOP ( 'NONE', ( #1872, #5638 ) ) ;
#4331 = ADVANCED_FACE ( 'NONE', ( #5731 ), #1439, .F. ) ;
#4332 = ORIENTED_EDGE ( 'NONE', *, *, #7039, .F. ) ;
#4333 = FILL_AREA_STYLE_COLOUR ( '', #7863 ) ;
#4334 = AXIS2_PLACEMENT_3D ( 'NONE', #4823, #7236, #4246 ) ;
#4335 = LINE ( 'NONE', #3652, #1213 ) ;
#4336 = PRESENTATION_STYLE_ASSIGNMENT (( #1975 ) ) ;
#4337 = CARTESIAN_POINT ( 'NONE',  ( 2.400000000000013234, 8.200000000000011724, 4.562560681042053368 ) ) ;
#4338 = EDGE_LOOP ( 'NONE', ( #2516, #1344, #6645, #1322 ) ) ;
#4339 = ADVANCED_FACE ( 'NONE', ( #168 ), #4604, .F. ) ;
#4340 = DIRECTION ( 'NONE',  ( -1.644517855226008195E-15, 1.000000000000000000, 2.890435660536364269E-30 ) ) ;
#4341 = VECTOR ( 'NONE', #6685, 1000.000000000000000 ) ;
#4342 = FILL_AREA_STYLE ('',( #4218 ) ) ;
#4343 =( NAMED_UNIT ( * ) SI_UNIT ( $, .STERADIAN. ) SOLID_ANGLE_UNIT ( ) );
#4344 = PRESENTATION_STYLE_ASSIGNMENT (( #6128 ) ) ;
#4345 = EDGE_LOOP ( 'NONE', ( #2817, #5126, #6283, #3297, #2151 ) ) ;
#4346 = VERTEX_POINT ( 'NONE', #90 ) ;
#4347 = VECTOR ( 'NONE', #3108, 1000.000000000000000 ) ;
#4348 = PRESENTATION_LAYER_ASSIGNMENT (  '', '', ( #544 ) ) ;
#4349 = ORIENTED_EDGE ( 'NONE', *, *, #6557, .F. ) ;
#4350 = ORIENTED_EDGE ( 'NONE', *, *, #290, .F. ) ;
#4351 = VECTOR ( 'NONE', #6381, 999.9999999999998863 ) ;
#4352 = PLANE ( 'NONE',  #7872 ) ;
#4353 = CARTESIAN_POINT ( 'NONE',  ( 9.700000000000004619, 10.60000000000002274, 1.550000000000040012 ) ) ;
#4354 = EDGE_LOOP ( 'NONE', ( #3109, #5176, #4632, #7357 ) ) ;
#4355 = CARTESIAN_POINT ( 'NONE',  ( 1.800000000000002931, 6.844714285714310620, -3.659999999999946407 ) ) ;
#4356 = EDGE_LOOP ( 'NONE', ( #3199, #7410, #452, #6800, #4531, #903 ) ) ;
#4357 = CARTESIAN_POINT ( 'NONE',  ( 10.99999999999999822, 7.650000000000026112, -4.649999999999962164 ) ) ;
#4358 = STYLED_ITEM ( 'NONE', ( #2562 ), #4598 ) ;
#4359 = VECTOR ( 'NONE', #5968, 1000.000000000000000 ) ;
#4360 = LINE ( 'NONE', #3754, #5788 ) ;
#4361 = DIRECTION ( 'NONE',  ( -0.1788854381999993026, -2.941802971598303344E-16, 0.9838699100999045433 ) ) ;
#4362 = FACE_OUTER_BOUND ( 'NONE', #3962, .T. ) ;
#4363 =( GEOMETRIC_REPRESENTATION_CONTEXT ( 3 ) GLOBAL_UNCERTAINTY_ASSIGNED_CONTEXT ( ( #6789 ) ) GLOBAL_UNIT_ASSIGNED_CONTEXT ( ( #7558, #24, #2547 ) ) REPRESENTATION_CONTEXT ( 'NONE', 'WORKASPACE' ) );
#4364 = PRESENTATION_LAYER_ASSIGNMENT (  '', '', ( #5400 ) ) ;
#4365 = EDGE_CURVE ( 'NONE', #810, #6610, #2613, .T. ) ;
#4366 = DIRECTION ( 'NONE',  ( -0.9994801143396996324, -1.639714474223878565E-15, -0.03224129401095722491 ) ) ;
#4367 = LINE ( 'NONE', #6234, #4868 ) ;
#4368 = VERTEX_POINT ( 'NONE', #7545 ) ;
#4369 = EDGE_CURVE ( 'NONE', #5347, #1429, #6664, .T. ) ;
#4370 = DIRECTION ( 'NONE',  ( -0.9701425001453374275, -0.2425356250363110699, 1.696392401805309466E-15 ) ) ;
#4371 = DIRECTION ( 'NONE',  ( -1.748601263784621748E-15, 0.0000000000000000000, -1.000000000000000000 ) ) ;
#4372 = PRESENTATION_LAYER_ASSIGNMENT (  '', '', ( #3338 ) ) ;
#4373 = ORIENTED_EDGE ( 'NONE', *, *, #2934, .F. ) ;
#4374 = UNCERTAINTY_MEASURE_WITH_UNIT (LENGTH_MEASURE( 1.000000000000000082E-05 ), #2002, 'distance_accuracy_value', 'NONE');
#4375 =( LENGTH_UNIT ( ) NAMED_UNIT ( * ) SI_UNIT ( .MILLI., .METRE. ) );
#4376 = EDGE_LOOP ( 'NONE', ( #5068, #99, #1688, #7783 ) ) ;
#4377 = EDGE_CURVE ( 'NONE', #2464, #7535, #5929, .T. ) ;
#4378 = PRESENTATION_STYLE_ASSIGNMENT (( #3200 ) ) ;
#4379 = CIRCLE ( 'NONE', #5415, 3.149999999999999467 ) ;
#4380 = AXIS2_PLACEMENT_3D ( 'NONE', #3324, #5311, #7071 ) ;
#4381 = CARTESIAN_POINT ( 'NONE',  ( 1.300000000000016476, 7.100000000000010303, 4.250000000000055067 ) ) ;
#4382 = EDGE_CURVE ( 'NONE', #5347, #2522, #3546, .T. ) ;
#4383 = LINE ( 'NONE', #2632, #6569 ) ;
#4384 = VERTEX_POINT ( 'NONE', #6050 ) ;
#4385 = VECTOR ( 'NONE', #5509, 1000.000000000000000 ) ;
#4386 = CARTESIAN_POINT ( 'NONE',  ( 0.7500000000000197620, -0.2499999999999906741, 0.6000000000000553779 ) ) ;
#4387 = STYLED_ITEM ( 'NONE', ( #4839 ), #6107 ) ;
#4388 = CARTESIAN_POINT ( 'NONE',  ( 3.950000000000017053, 7.144714285714313995, 5.350000000000050271 ) ) ;
#4389 = EDGE_CURVE ( 'NONE', #3774, #2122, #1695, .T. ) ;
#4390 = DIRECTION ( 'NONE',  ( -1.644517855226007998E-15, 1.000000000000000000, 2.890435660536363919E-30 ) ) ;
#4391 = ORIENTED_EDGE ( 'NONE', *, *, #3093, .F. ) ;
#4392 = EDGE_CURVE ( 'NONE', #830, #1524, #2924, .T. ) ;
#4393 = ORIENTED_EDGE ( 'NONE', *, *, #3597, .F. ) ;
#4394 = VECTOR ( 'NONE', #5612, 1000.000000000000000 ) ;
#4395 = VECTOR ( 'NONE', #2548, 1000.000000000000000 ) ;
#4396 = ORIENTED_EDGE ( 'NONE', *, *, #6247, .T. ) ;
#4397 = ORIENTED_EDGE ( 'NONE', *, *, #4293, .F. ) ;
#4398 = CARTESIAN_POINT ( 'NONE',  ( 0.5999999999999980904, 8.200000000000009948, -4.695555554999945258 ) ) ;
#4399 = VECTOR ( 'NONE', #7945, 1000.000000000000000 ) ;
#4400 = COLOUR_RGB ( '',1.000000000000000000, 1.000000000000000000, 1.000000000000000000 ) ;
#4401 = ORIENTED_EDGE ( 'NONE', *, *, #6021, .F. ) ;
#4402 = DIRECTION ( 'NONE',  ( -0.3162277660168096305, -5.200422075328728817E-16, -0.9486832980505232049 ) ) ;
#4403 = CARTESIAN_POINT ( 'NONE',  ( 3.950000000000017053, 7.650000000000014566, 5.850000000000049383 ) ) ;
#4404 = ORIENTED_EDGE ( 'NONE', *, *, #1310, .T. ) ;
#4405 = EDGE_LOOP ( 'NONE', ( #978, #2607, #3005, #4487, #3758 ) ) ;
#4406 =( NAMED_UNIT ( * ) PLANE_ANGLE_UNIT ( ) SI_UNIT ( $, .RADIAN. ) );
#4407 =( GEOMETRIC_REPRESENTATION_CONTEXT ( 3 ) GLOBAL_UNCERTAINTY_ASSIGNED_CONTEXT ( ( #6952 ) ) GLOBAL_UNIT_ASSIGNED_CONTEXT ( ( #4676, #318, #4712 ) ) REPRESENTATION_CONTEXT ( 'NONE', 'WORKASPACE' ) );
#4408 = SURFACE_STYLE_USAGE ( .BOTH. , #7463 ) ;
#4409 = DIRECTION ( 'NONE',  ( -0.8076923076923187006, 0.5896042198752116104, 1.334402673828312846E-15 ) ) ;
#4410 = CARTESIAN_POINT ( 'NONE',  ( 1.398548747335014442, 8.959230384172009565, 5.350000000000055600 ) ) ;
#4411 = DIRECTION ( 'NONE',  ( 0.1205431253957962856, 0.9927080914950846546, -2.107818614076375132E-16 ) ) ;
#4412 = DIRECTION ( 'NONE',  ( -1.748601263784621748E-15, 0.0000000000000000000, -1.000000000000000000 ) ) ;
#4413 = ORIENTED_EDGE ( 'NONE', *, *, #3748, .F. ) ;
#4414 = SURFACE_SIDE_STYLE ('',( #641 ) ) ;
#4415 = DIRECTION ( 'NONE',  ( -1.000000000000000000, -1.644517855226007801E-15, 1.748601263784621748E-15 ) ) ;
#4416 = ORIENTED_EDGE ( 'NONE', *, *, #4699, .T. ) ;
#4417 = EDGE_CURVE ( 'NONE', #4723, #6894, #7854, .T. ) ;
#4418 = PRESENTATION_LAYER_ASSIGNMENT (  '', '', ( #222 ) ) ;
#4419 = ORIENTED_EDGE ( 'NONE', *, *, #6900, .T. ) ;
#4420 = DIRECTION ( 'NONE',  ( -1.748601263784621748E-15, 1.482966057179082451E-32, -1.000000000000000000 ) ) ;
#4421 = CARTESIAN_POINT ( 'NONE',  ( 0.7500000000000145439, 8.200000000000009948, 5.360000000000054499 ) ) ;
#4422 = DIRECTION ( 'NONE',  ( 0.2425356250363110699, -0.9701425001453374275, -4.240981004512866908E-16 ) ) ;
#4423 = CARTESIAN_POINT ( 'NONE',  ( 0.7500000000000215383, -0.2499999999999906741, 1.100000000000054934 ) ) ;
#4424 = ADVANCED_FACE ( 'NONE', ( #374 ), #6494, .F. ) ;
#4425 = ORIENTED_EDGE ( 'NONE', *, *, #1164, .T. ) ;
#4426 = CARTESIAN_POINT ( 'NONE',  ( 0.7400000000000097611, 7.597309794603359201, 1.350000000000055156 ) ) ;
#4427 = CARTESIAN_POINT ( 'NONE',  ( 9.800000000000014921, 7.894714285714324653, 5.600000000000038725 ) ) ;
#4428 = EDGE_CURVE ( 'NONE', #7433, #4961, #7779, .T. ) ;
#4429 = PLANE ( 'NONE',  #7346 ) ;
#4430 = ORIENTED_EDGE ( 'NONE', *, *, #3548, .F. ) ;
#4431 = CARTESIAN_POINT ( 'NONE',  ( 0.09999999999999592548, 10.60000000000000675, -3.649999999999943956 ) ) ;
#4432 = ORIENTED_EDGE ( 'NONE', *, *, #2085, .T. ) ;
#4433 = SURFACE_STYLE_FILL_AREA ( #7536 ) ;
#4434 = VERTEX_POINT ( 'NONE', #4185 ) ;
#4435 = EDGE_LOOP ( 'NONE', ( #7291, #6919, #4096, #3342, #5090, #101 ) ) ;
#4436 = VERTEX_POINT ( 'NONE', #7743 ) ;
#4437 = FILL_AREA_STYLE ('',( #2684 ) ) ;
#4438 = EDGE_CURVE ( 'NONE', #2028, #5687, #1074, .T. ) ;
#4439 = DIRECTION ( 'NONE',  ( -2.022962590123419228E-15, 0.9697997732720541331, -0.2439024390232136796 ) ) ;
#4440 = ORIENTED_EDGE ( 'NONE', *, *, #6147, .T. ) ;
#4441 = LINE ( 'NONE', #3982, #1873 ) ;
#4442 = ORIENTED_EDGE ( 'NONE', *, *, #7926, .T. ) ;
#4443 = CARTESIAN_POINT ( 'NONE',  ( -0.5999999999999773292, 4.200000000000007283, 4.960000000000058584 ) ) ;
#4444 = AXIS2_PLACEMENT_3D ( 'NONE', #7625, #2115, #2006 ) ;
#4445 = CARTESIAN_POINT ( 'NONE',  ( 0.7500000066399999943, 7.649999999998869704, -4.150000000001944578 ) ) ;
#4446 = EDGE_CURVE ( 'NONE', #5657, #2192, #6528, .T. ) ;
#4447 = CARTESIAN_POINT ( 'NONE',  ( 8.800000000000018474, 7.144714285714321989, 6.350000000000040501 ) ) ;
#4448 = CARTESIAN_POINT ( 'NONE',  ( 1.400000000000017453, 7.650000000000010125, 5.850000000000053824 ) ) ;
#4449 = CARTESIAN_POINT ( 'NONE',  ( 7.999999999999988454, 11.55000000000002025, 8.350000000000054712 ) ) ;
#4450 = CARTESIAN_POINT ( 'NONE',  ( 10.99999999999998934, 11.10000000000002451, -6.649999999999962164 ) ) ;
#4451 = FACE_OUTER_BOUND ( 'NONE', #2351, .T. ) ;
#4452 = ORIENTED_EDGE ( 'NONE', *, *, #3327, .T. ) ;
#4453 = COLOUR_RGB ( '',1.000000000000000000, 1.000000000000000000, 1.000000000000000000 ) ;
#4454 = EDGE_LOOP ( 'NONE', ( #3090, #2954, #7190, #3660 ) ) ;
#4455 = UNCERTAINTY_MEASURE_WITH_UNIT (LENGTH_MEASURE( 1.000000000000000082E-05 ), #1072, 'distance_accuracy_value', 'NONE');
#4456 = DIRECTION ( 'NONE',  ( -1.644517855226008195E-15, 1.000000000000000000, 2.890435660536364269E-30 ) ) ;
#4457 = FILL_AREA_STYLE_COLOUR ( '', #7344 ) ;
#4458 = FACE_OUTER_BOUND ( 'NONE', #7544, .T. ) ;
#4459 = LINE ( 'NONE', #7599, #3460 ) ;
#4460 =( NAMED_UNIT ( * ) SI_UNIT ( $, .STERADIAN. ) SOLID_ANGLE_UNIT ( ) );
#4461 = CARTESIAN_POINT ( 'NONE',  ( 0.7000000000000061728, 4.200000000000009059, -3.609999999999944809 ) ) ;
#4462 = ORIENTED_EDGE ( 'NONE', *, *, #1219, .F. ) ;
#4463 = CARTESIAN_POINT ( 'NONE',  ( 1.800000000000002931, 6.844714285714310620, -3.649999999999946620 ) ) ;
#4464 = CARTESIAN_POINT ( 'NONE',  ( 2.400000000000013234, 10.60000000000001030, 6.350000000000052047 ) ) ;
#4465 = SURFACE_STYLE_FILL_AREA ( #4307 ) ;
#4466 = VERTEX_POINT ( 'NONE', #7133 ) ;
#4467 = EDGE_CURVE ( 'NONE', #7237, #4716, #5404, .T. ) ;
#4468 = VERTEX_POINT ( 'NONE', #950 ) ;
#4469 = SURFACE_SIDE_STYLE ('',( #4433 ) ) ;
#4470 = ORIENTED_EDGE ( 'NONE', *, *, #6690, .T. ) ;
#4471 = EDGE_CURVE ( 'NONE', #7374, #3856, #2274, .T. ) ;
#4472 = AXIS2_PLACEMENT_3D ( 'NONE', #3577, #1775, #105 ) ;
#4473 = ORIENTED_EDGE ( 'NONE', *, *, #1450, .F. ) ;
#4474 = ORIENTED_EDGE ( 'NONE', *, *, #148, .T. ) ;
#4475 = LINE ( 'NONE', #5727, #4640 ) ;
#4476 = SURFACE_STYLE_FILL_AREA ( #5691 ) ;
#4477 = DIRECTION ( 'NONE',  ( -1.644517855226007801E-15, 1.000000000000000000, 2.890435660536363568E-30 ) ) ;
#4478 = CIRCLE ( 'NONE', #2783, 3.149999999999999467 ) ;
#4479 = ORIENTED_EDGE ( 'NONE', *, *, #6787, .F. ) ;
#4480 = CONICAL_SURFACE ( 'NONE', #1463, 3.049999998679999269, 0.1526493283952326530 ) ;
#4481 = PRESENTATION_STYLE_ASSIGNMENT (( #6978 ) ) ;
#4482 = ORIENTED_EDGE ( 'NONE', *, *, #481, .F. ) ;
#4483 = EDGE_CURVE ( 'NONE', #7416, #1449, #1525, .T. ) ;
#4484 = CARTESIAN_POINT ( 'NONE',  ( 0.7500000000000284217, -0.2499999999999906741, 5.600000000000055600 ) ) ;
#4485 = COLOUR_RGB ( '',1.000000000000000000, 1.000000000000000000, 1.000000000000000000 ) ;
#4486 = COLOUR_RGB ( '',1.000000000000000000, 1.000000000000000000, 1.000000000000000000 ) ;
#4487 = ORIENTED_EDGE ( 'NONE', *, *, #6992, .T. ) ;
#4488 =( NAMED_UNIT ( * ) PLANE_ANGLE_UNIT ( ) SI_UNIT ( $, .RADIAN. ) );
#4489 = ORIENTED_EDGE ( 'NONE', *, *, #5014, .F. ) ;
#4490 = DIRECTION ( 'NONE',  ( 1.000000000000000000, 1.644517855226007998E-15, -1.748601263784621946E-15 ) ) ;
#4491 = LINE ( 'NONE', #5738, #7345 ) ;
#4492 = PRESENTATION_STYLE_ASSIGNMENT (( #3391 ) ) ;
#4493 = LINE ( 'NONE', #6946, #3820 ) ;
#4494 = ORIENTED_EDGE ( 'NONE', *, *, #504, .T. ) ;
#4495 = VECTOR ( 'NONE', #485, 1000.000000000000000 ) ;
#4496 = CIRCLE ( 'NONE', #1883, 1.299999999999999822 ) ;
#4497 = EDGE_CURVE ( 'NONE', #5930, #1856, #4024, .T. ) ;
#4498 = DIRECTION ( 'NONE',  ( -1.644517855226007998E-15, 1.000000000000000000, 2.890435660536363919E-30 ) ) ;
#4499 = PLANE ( 'NONE',  #5931 ) ;
#4500 = EDGE_LOOP ( 'NONE', ( #2884, #7610, #5335, #6887 ) ) ;
#4501 = VECTOR ( 'NONE', #1062, 1000.000000000000000 ) ;
#4502 = VECTOR ( 'NONE', #3395, 1000.000000000000000 ) ;
#4503 = CARTESIAN_POINT ( 'NONE',  ( 0.09999999999999939493, 5.400000000000009237, -6.149999999999942624 ) ) ;
#4504 = PLANE ( 'NONE',  #4735 ) ;
#4505 = CARTESIAN_POINT ( 'NONE',  ( 0.6500000000000099032, 6.200000000000009059, 0.3072222225000542095 ) ) ;
#4506 = LINE ( 'NONE', #1220, #6330 ) ;
#4507 =( GEOMETRIC_REPRESENTATION_CONTEXT ( 3 ) GLOBAL_UNCERTAINTY_ASSIGNED_CONTEXT ( ( #5585 ) ) GLOBAL_UNIT_ASSIGNED_CONTEXT ( ( #1202, #1795, #2985 ) ) REPRESENTATION_CONTEXT ( 'NONE', 'WORKASPACE' ) );
#4508 = DIRECTION ( 'NONE',  ( -1.000000000000000000, -2.859691650543226683E-12, 7.297626393077378907E-11 ) ) ;
#4509 = ORIENTED_EDGE ( 'NONE', *, *, #2753, .T. ) ;
#4510 = DIRECTION ( 'NONE',  ( -1.644517855226007998E-15, 1.000000000000000000, 2.890435660536363919E-30 ) ) ;
#4511 = CARTESIAN_POINT ( 'NONE',  ( 2.400000000000016787, 5.400000000000012790, 2.971320343560052368 ) ) ;
#4512 = CARTESIAN_POINT ( 'NONE',  ( 7.999999999999986677, 12.25000000000001954, -6.649999999999956835 ) ) ;
#4513 = VERTEX_POINT ( 'NONE', #4724 ) ;
#4514 = VECTOR ( 'NONE', #7819, 1000.000000000000000 ) ;
#4515 = CIRCLE ( 'NONE', #2046, 1.300000000000000266 ) ;
#4516 = PLANE ( 'NONE',  #2694 ) ;
#4517 = EDGE_LOOP ( 'NONE', ( #5794, #3644, #298, #3931 ) ) ;
#4518 = VECTOR ( 'NONE', #7321, 1000.000000000000000 ) ;
#4519 = VECTOR ( 'NONE', #6719, 999.9999999999998863 ) ;
#4520 = ORIENTED_EDGE ( 'NONE', *, *, #3911, .F. ) ;
#4521 = EDGE_CURVE ( 'NONE', #6099, #2648, #1686, .T. ) ;
#4522 = SURFACE_SIDE_STYLE ('',( #2037 ) ) ;
#4523 =( LENGTH_UNIT ( ) NAMED_UNIT ( * ) SI_UNIT ( .MILLI., .METRE. ) );
#4524 = ADVANCED_FACE ( 'NONE', ( #4104 ), #7691, .F. ) ;
#4526 = FILL_AREA_STYLE_COLOUR ( '', #4453 ) ;
#4525 = AXIS2_PLACEMENT_3D ( 'NONE', #2308, #2380, #2424 ) ;
#4527 = MECHANICAL_DESIGN_GEOMETRIC_PRESENTATION_REPRESENTATION (  '', ( #5677 ), #6329 ) ;
#4528 = STYLED_ITEM ( 'NONE', ( #7444 ), #2001 ) ;
#4529 = ORIENTED_EDGE ( 'NONE', *, *, #792, .F. ) ;
#4530 = PLANE ( 'NONE',  #23 ) ;
#4531 = ORIENTED_EDGE ( 'NONE', *, *, #4322, .T. ) ;
#4532 = CARTESIAN_POINT ( 'NONE',  ( 1.400000004427017997, 8.199999999929909578, 7.137439316581053461 ) ) ;
#4533 =( GEOMETRIC_REPRESENTATION_CONTEXT ( 3 ) GLOBAL_UNCERTAINTY_ASSIGNED_CONTEXT ( ( #767 ) ) GLOBAL_UNIT_ASSIGNED_CONTEXT ( ( #3483, #2944, #475 ) ) REPRESENTATION_CONTEXT ( 'NONE', 'WORKASPACE' ) );
#4534 = AXIS2_PLACEMENT_3D ( 'NONE', #3470, #3517, #6740 ) ;
#4535 = MECHANICAL_DESIGN_GEOMETRIC_PRESENTATION_REPRESENTATION (  '', ( #4263 ), #4793 ) ;
#4536 = EDGE_CURVE ( 'NONE', #986, #3878, #1002, .T. ) ;
#4537 = CARTESIAN_POINT ( 'NONE',  ( 1.400000000004016032, 7.649999999998870592, 5.849999999998053646 ) ) ;
#4538 = DIRECTION ( 'NONE',  ( -1.000000000000000000, -7.011711381465521755E-11, -2.377355239868735991E-09 ) ) ;
#4539 = CARTESIAN_POINT ( 'NONE',  ( 11.00000000000002665, 3.750000000000025757, 8.350000000000054712 ) ) ;
#4540 = ADVANCED_FACE ( 'NONE', ( #4761 ), #1658, .T. ) ;
#4541 = CARTESIAN_POINT ( 'NONE',  ( 2.400000000000016787, 7.100000000000012079, 4.450000000000053468 ) ) ;
#4542 = DIRECTION ( 'NONE',  ( 1.634159799354254388E-15, -1.000000000000000000, 0.0000000000000000000 ) ) ;
#4543 = ORIENTED_EDGE ( 'NONE', *, *, #5315, .T. ) ;
#4544 = PRESENTATION_LAYER_ASSIGNMENT (  '', '', ( #4925 ) ) ;
#4545 = CARTESIAN_POINT ( 'NONE',  ( 0.1000003392900034732, 8.200000179588007754, -1.124840274747943347 ) ) ;
#4546 = FILL_AREA_STYLE ('',( #3279 ) ) ;
#4547 = EDGE_CURVE ( 'NONE', #2612, #2164, #7448, .T. ) ;
#4548 = UNCERTAINTY_MEASURE_WITH_UNIT (LENGTH_MEASURE( 1.000000000000000082E-05 ), #1215, 'distance_accuracy_value', 'NONE');
#4549 = VERTEX_POINT ( 'NONE', #6766 ) ;
#4550 = EDGE_CURVE ( 'NONE', #5756, #7396, #4881, .T. ) ;
#4551 = PRESENTATION_STYLE_ASSIGNMENT (( #5783 ) ) ;
#4552 = FACE_OUTER_BOUND ( 'NONE', #4672, .T. ) ;
#4553 = CARTESIAN_POINT ( 'NONE',  ( 1.177367964971004488, 8.200000000001308464, -0.5579302010269450163 ) ) ;
#4554 = FACE_OUTER_BOUND ( 'NONE', #2082, .T. ) ;
#4555 = CARTESIAN_POINT ( 'NONE',  ( -0.9999999999999974465, 3.750000000000006217, -6.649999999999941735 ) ) ;
#4556 = VERTEX_POINT ( 'NONE', #2440 ) ;
#4557 = VECTOR ( 'NONE', #2904, 1000.000000000000114 ) ;
#4558 = CARTESIAN_POINT ( 'NONE',  ( 1.800000000000016920, 4.200000000000010836, 2.650000000000053202 ) ) ;
#4559 = ADVANCED_FACE ( 'NONE', ( #1115 ), #1272, .F. ) ;
#4560 = CARTESIAN_POINT ( 'NONE',  ( 11.00000000000001599, 7.650000000000026112, 6.350000000000036948 ) ) ;
#4561 = DIRECTION ( 'NONE',  ( -1.748601263784621946E-15, 0.0000000000000000000, -1.000000000000000000 ) ) ;
#4562 = LINE ( 'NONE', #2721, #292 ) ;
#4563 = COLOUR_RGB ( '',1.000000000000000000, 1.000000000000000000, 1.000000000000000000 ) ;
#4564 = ORIENTED_EDGE ( 'NONE', *, *, #924, .F. ) ;
#4565 = ORIENTED_EDGE ( 'NONE', *, *, #2446, .T. ) ;
#4566 = CARTESIAN_POINT ( 'NONE',  ( 0.6205608656263587042, 9.369703792101088169, 6.349999999999110578 ) ) ;
#4567 = CARTESIAN_POINT ( 'NONE',  ( 0.6000000000000171863, 8.200000000000009948, 6.395555555000055570 ) ) ;
#4568 = DIRECTION ( 'NONE',  ( -1.000000000000000000, -1.734723475976807489E-15, 1.734723475976807489E-15 ) ) ;
#4569 = FACE_OUTER_BOUND ( 'NONE', #277, .T. ) ;
#4570 = ORIENTED_EDGE ( 'NONE', *, *, #6531, .T. ) ;
#4571 = CARTESIAN_POINT ( 'NONE',  ( 11.00000000000001243, 12.25000000000002487, 8.350000000000054712 ) ) ;
#4572 = ORIENTED_EDGE ( 'NONE', *, *, #6651, .F. ) ;
#4573 = PLANE ( 'NONE',  #7586 ) ;
#4574 = CARTESIAN_POINT ( 'NONE',  ( 1.500000000000018652, 8.109625349781611092, 6.340000000000054037 ) ) ;
#4575 = COLOUR_RGB ( '',1.000000000000000000, 1.000000000000000000, 1.000000000000000000 ) ;
#4576 = DIRECTION ( 'NONE',  ( 1.748601263784621748E-15, -1.482966057179082451E-32, 1.000000000000000000 ) ) ;
#4577 = DIRECTION ( 'NONE',  ( 0.05547001409259343097, 9.122142860490530214E-17, 0.9984603535126307383 ) ) ;
#4578 = ORIENTED_EDGE ( 'NONE', *, *, #2942, .F. ) ;
#4579 = EDGE_CURVE ( 'NONE', #721, #1731, #156, .T. ) ;
#4580 = LINE ( 'NONE', #2058, #5910 ) ;
#4581 = DIRECTION ( 'NONE',  ( 1.748601263784621946E-15, 0.0000000000000000000, 1.000000000000000000 ) ) ;
#4582 = ADVANCED_FACE ( 'NONE', ( #2972 ), #6806, .T. ) ;
#4583 = VECTOR ( 'NONE', #3749, 1000.000000000000227 ) ;
#4584 = EDGE_LOOP ( 'NONE', ( #7264, #4215, #5232, #2154 ) ) ;
#4585 = LINE ( 'NONE', #3247, #6360 ) ;
#4586 = CARTESIAN_POINT ( 'NONE',  ( 8.800000000000016698, 7.144714285714321989, 5.350000000000041389 ) ) ;
#4587 = SURFACE_SIDE_STYLE ('',( #7596 ) ) ;
#4588 = PLANE ( 'NONE',  #5909 ) ;
#4589 = PLANE ( 'NONE',  #3840 ) ;
#4590 = CARTESIAN_POINT ( 'NONE',  ( 1.500000000000008216, 8.200000000000009948, 1.340000000000053815 ) ) ;
#4591 = ADVANCED_FACE ( 'NONE', ( #7328 ), #4272, .F. ) ;
#4592 = ORIENTED_EDGE ( 'NONE', *, *, #5707, .T. ) ;
#4593 = DIRECTION ( 'NONE',  ( 0.9701425001453382047, -0.2425356250363079058, -1.696392401805311241E-15 ) ) ;
#4594 = CARTESIAN_POINT ( 'NONE',  ( 0.1000000000000080685, 7.650000000000007461, 0.8500000000000556000 ) ) ;
#4595 = VERTEX_POINT ( 'NONE', #5597 ) ;
#4596 = DIRECTION ( 'NONE',  ( 1.644517855226008195E-15, -1.000000000000000000, -2.890435660536364269E-30 ) ) ;
#4597 = ORIENTED_EDGE ( 'NONE', *, *, #7732, .F. ) ;
#4598 = ADVANCED_FACE ( 'NONE', ( #7644 ), #5799, .F. ) ;
#4599 = ORIENTED_EDGE ( 'NONE', *, *, #5822, .T. ) ;
#4600 = DIRECTION ( 'NONE',  ( 1.748601263784621748E-15, 0.0000000000000000000, 1.000000000000000000 ) ) ;
#4601 = CARTESIAN_POINT ( 'NONE',  ( 1.800000000000020250, 4.200000000000010836, 4.050000000000054001 ) ) ;
#4602 = CARTESIAN_POINT ( 'NONE',  ( 0.7433105578600104346, 7.601972579975209143, 1.346689442142055437 ) ) ;
#4603 = ORIENTED_EDGE ( 'NONE', *, *, #883, .F. ) ;
#4604 = PLANE ( 'NONE',  #683 ) ;
#4605 = ORIENTED_EDGE ( 'NONE', *, *, #6777, .T. ) ;
#4606 = LINE ( 'NONE', #1324, #3844 ) ;
#4607 = VECTOR ( 'NONE', #5340, 1000.000000000000000 ) ;
#4608 = CARTESIAN_POINT ( 'NONE',  ( 1.398548747334008358, 8.959230384045008933, 1.350000000000053380 ) ) ;
#4609 = CARTESIAN_POINT ( 'NONE',  ( 0.5000000000000299760, 0.7500000000000093259, 6.350000000000055600 ) ) ;
#4610 = DIRECTION ( 'NONE',  ( 1.000000000000000000, 1.644517855226008195E-15, 0.0000000000000000000 ) ) ;
#4611 = ORIENTED_EDGE ( 'NONE', *, *, #7279, .F. ) ;
#4612 = SURFACE_SIDE_STYLE ('',( #1416 ) ) ;
#4613 = VECTOR ( 'NONE', #7210, 1000.000000000000114 ) ;
#4614 = DIRECTION ( 'NONE',  ( 1.242865905043146517E-15, 0.2682926829271122249, 0.9633374467380431128 ) ) ;
#4615 = EDGE_LOOP ( 'NONE', ( #1545, #4401, #6294, #4425, #5634 ) ) ;
#4616 = EDGE_CURVE ( 'NONE', #3171, #2319, #3550, .T. ) ;
#4617 = AXIS2_PLACEMENT_3D ( 'NONE', #3928, #6407, #3332 ) ;
#4618 = VECTOR ( 'NONE', #6801, 1000.000000000000000 ) ;
#4619 = FACE_OUTER_BOUND ( 'NONE', #7897, .T. ) ;
#4620 = CARTESIAN_POINT ( 'NONE',  ( 0.1000000000000028644, 8.199999999999308287, -1.124841765812942374 ) ) ;
#4621 = EDGE_CURVE ( 'NONE', #5027, #7906, #699, .T. ) ;
#4622 = ORIENTED_EDGE ( 'NONE', *, *, #5136, .T. ) ;
#4623 = CARTESIAN_POINT ( 'NONE',  ( 1.499999999999999556, 8.109625349781611092, -4.614999999999944258 ) ) ;
#4624 = CARTESIAN_POINT ( 'NONE',  ( 2.400000000000007905, 7.100000000000012079, -0.5499999999999463096 ) ) ;
#4625 = CARTESIAN_POINT ( 'NONE',  ( 0.09999999999999939493, 5.400000000000009237, -6.649999999999943512 ) ) ;
#4626 = VECTOR ( 'NONE', #2654, 1000.000000000000000 ) ;
#4627 = MECHANICAL_DESIGN_GEOMETRIC_PRESENTATION_REPRESENTATION (  '', ( #6939 ), #1222 ) ;
#4628 = ORIENTED_EDGE ( 'NONE', *, *, #5969, .T. ) ;
#4629 = UNCERTAINTY_MEASURE_WITH_UNIT (LENGTH_MEASURE( 1.000000000000000082E-05 ), #2866, 'distance_accuracy_value', 'NONE');
#4630 = FILL_AREA_STYLE_COLOUR ( '', #5802 ) ;
#4631 = LINE ( 'NONE', #5197, #6716 ) ;
#4632 = ORIENTED_EDGE ( 'NONE', *, *, #3104, .F. ) ;
#4633 = FACE_OUTER_BOUND ( 'NONE', #1737, .T. ) ;
#4634 = EDGE_CURVE ( 'NONE', #736, #7772, #5145, .T. ) ;
#4635 = MECHANICAL_DESIGN_GEOMETRIC_PRESENTATION_REPRESENTATION (  '', ( #39 ), #4507 ) ;
#4636 = DIRECTION ( 'NONE',  ( 1.644517855226008195E-15, -1.000000000000000000, -2.890435660536364269E-30 ) ) ;
#4637 = VERTEX_POINT ( 'NONE', #5086 ) ;
#4638 = ORIENTED_EDGE ( 'NONE', *, *, #2430, .T. ) ;
#4639 = CARTESIAN_POINT ( 'NONE',  ( 8.000000000000023093, 11.55000000000002025, 8.350000000000054712 ) ) ;
#4640 = VECTOR ( 'NONE', #3816, 1000.000000000000227 ) ;
#4641 = STYLED_ITEM ( 'NONE', ( #4260 ), #1183 ) ;
#4642 = EDGE_CURVE ( 'NONE', #5053, #7171, #1312, .T. ) ;
#4643 =( LENGTH_UNIT ( ) NAMED_UNIT ( * ) SI_UNIT ( .MILLI., .METRE. ) );
#4644 = EDGE_CURVE ( 'NONE', #5008, #497, #4562, .T. ) ;
#4645 = LINE ( 'NONE', #3544, #7656 ) ;
#4646 = ADVANCED_FACE ( 'NONE', ( #154 ), #7007, .T. ) ;
#4647 = ORIENTED_EDGE ( 'NONE', *, *, #3684, .T. ) ;
#4648 = CARTESIAN_POINT ( 'NONE',  ( 0.7400000000000236389, 4.200000000000009059, 6.350000000000055600 ) ) ;
#4649 = ORIENTED_EDGE ( 'NONE', *, *, #3065, .T. ) ;
#4650 = ORIENTED_EDGE ( 'NONE', *, *, #7049, .T. ) ;
#4651 = CARTESIAN_POINT ( 'NONE',  ( 1.398548747334017017, 8.959230384045008933, 6.350000000000053824 ) ) ;
#4652 = PRESENTATION_LAYER_ASSIGNMENT (  '', '', ( #59 ) ) ;
#4653 = AXIS2_PLACEMENT_3D ( 'NONE', #2503, #5109, #4947 ) ;
#4654 = CARTESIAN_POINT ( 'NONE',  ( 1.300000000000007816, 7.100000000000010303, -0.7499999999999451550 ) ) ;
#4655 = EDGE_CURVE ( 'NONE', #5955, #6460, #202, .T. ) ;
#4656 = LINE ( 'NONE', #1045, #2358 ) ;
#4657 = DIRECTION ( 'NONE',  ( 1.748601263784621946E-15, 0.0000000000000000000, 1.000000000000000000 ) ) ;
#4658 = ORIENTED_EDGE ( 'NONE', *, *, #7639, .F. ) ;
#4659 = DIRECTION ( 'NONE',  ( 1.644517855226008195E-15, -1.000000000000000000, -2.890435660536364269E-30 ) ) ;
#4660 = AXIS2_PLACEMENT_3D ( 'NONE', #1868, #4361, #1249 ) ;
#4661 = STYLED_ITEM ( 'NONE', ( #4336 ), #1793 ) ;
#4662 = CARTESIAN_POINT ( 'NONE',  ( 9.799999999999997158, 7.894714285714324653, -4.399999999999961275 ) ) ;
#4663 = PLANE ( 'NONE',  #5916 ) ;
#4664 = ORIENTED_EDGE ( 'NONE', *, *, #7782, .F. ) ;
#4665 =( GEOMETRIC_REPRESENTATION_CONTEXT ( 3 ) GLOBAL_UNCERTAINTY_ASSIGNED_CONTEXT ( ( #2421 ) ) GLOBAL_UNIT_ASSIGNED_CONTEXT ( ( #4523, #3818, #5170 ) ) REPRESENTATION_CONTEXT ( 'NONE', 'WORKASPACE' ) );
#4666 = DIRECTION ( 'NONE',  ( -1.000000000000000000, -1.644517855226007998E-15, 1.748601263784621946E-15 ) ) ;
#4667 = FACE_OUTER_BOUND ( 'NONE', #4354, .T. ) ;
#4668 = ORIENTED_EDGE ( 'NONE', *, *, #5458, .F. ) ;
#4669 = DIRECTION ( 'NONE',  ( -0.9984603535126304052, -1.641985879086792367E-15, -0.05547001409259996046 ) ) ;
#4670 = DIRECTION ( 'NONE',  ( 1.000000000000000000, 1.644517855226007998E-15, -1.748601263784621748E-15 ) ) ;
#4671 = CARTESIAN_POINT ( 'NONE',  ( 8.800000000000014921, 8.144714285714321989, 5.350000000000041389 ) ) ;
#4672 = EDGE_LOOP ( 'NONE', ( #7057, #3394, #1298, #1836 ) ) ;
#4673 = CARTESIAN_POINT ( 'NONE',  ( 0.1000000000000167422, 7.650000000000007461, 5.350000000000057376 ) ) ;
#4674 = DIRECTION ( 'NONE',  ( 1.748601263784621946E-15, 0.0000000000000000000, 1.000000000000000000 ) ) ;
#4675 = ORIENTED_EDGE ( 'NONE', *, *, #173, .T. ) ;
#4676 =( LENGTH_UNIT ( ) NAMED_UNIT ( * ) SI_UNIT ( .MILLI., .METRE. ) );
#4677 = CARTESIAN_POINT ( 'NONE',  ( 10.77585252445680730, 5.234484227007025758, -1.959537358218963021 ) ) ;
#4678 = VERTEX_POINT ( 'NONE', #7161 ) ;
#4679 = EDGE_CURVE ( 'NONE', #574, #2798, #5997, .T. ) ;
#4680 = CARTESIAN_POINT ( 'NONE',  ( 0.2019880736300189161, 8.200000000000008171, 7.771907005528055912 ) ) ;
#4681 = ORIENTED_EDGE ( 'NONE', *, *, #219, .T. ) ;
#4682 = EDGE_CURVE ( 'NONE', #736, #7197, #4013, .T. ) ;
#4683 = CARTESIAN_POINT ( 'NONE',  ( -0.1999999927999873695, 4.200000000000007283, 0.2600000054000586869 ) ) ;
#4684 = LINE ( 'NONE', #2887, #6577 ) ;
#4685 = DIRECTION ( 'NONE',  ( -1.644517855226007998E-15, 1.000000000000000000, 2.875605999964573094E-30 ) ) ;
#4686 = LINE ( 'NONE', #7777, #5000 ) ;
#4687 = ORIENTED_EDGE ( 'NONE', *, *, #4037, .F. ) ;
#4688 = DIRECTION ( 'NONE',  ( -1.748601263784621946E-15, 0.0000000000000000000, -1.000000000000000000 ) ) ;
#4689 = ORIENTED_EDGE ( 'NONE', *, *, #2043, .T. ) ;
#4690 = EDGE_CURVE ( 'NONE', #2757, #1985, #5391, .T. ) ;
#4691 = EDGE_LOOP ( 'NONE', ( #3966, #6487, #5992, #430 ) ) ;
#4692 = DIRECTION ( 'NONE',  ( 0.9486832980505243151, 1.560126622598782728E-15, 0.3162277660168062443 ) ) ;
#4693 = CARTESIAN_POINT ( 'NONE',  ( 2.400000000000016787, 5.400000000000012790, 3.728679656440054391 ) ) ;
#4694 = LINE ( 'NONE', #4815, #3281 ) ;
#4695 = PLANE ( 'NONE',  #3439 ) ;
#4696 = ORIENTED_EDGE ( 'NONE', *, *, #4890, .T. ) ;
#4697 = FILL_AREA_STYLE_COLOUR ( '', #7965 ) ;
#4698 = DIRECTION ( 'NONE',  ( 1.000000000000000000, 1.644517855226007998E-15, -1.748601263784621946E-15 ) ) ;
#4699 = EDGE_CURVE ( 'NONE', #4836, #3922, #4139, .T. ) ;
#4700 =( GEOMETRIC_REPRESENTATION_CONTEXT ( 3 ) GLOBAL_UNCERTAINTY_ASSIGNED_CONTEXT ( ( #3317 ) ) GLOBAL_UNIT_ASSIGNED_CONTEXT ( ( #1361, #3268, #3783 ) ) REPRESENTATION_CONTEXT ( 'NONE', 'WORKASPACE' ) );
#4701 = CARTESIAN_POINT ( 'NONE',  ( 0.1000000000000150074, 7.100000000000008527, 3.850000000000057376 ) ) ;
#4702 = DIRECTION ( 'NONE',  ( 1.748601263784621946E-15, 0.0000000000000000000, 1.000000000000000000 ) ) ;
#4703 = CARTESIAN_POINT ( 'NONE',  ( 3.949999999999997069, 7.650000000000012790, -5.499999999999951150 ) ) ;
#4704 = CARTESIAN_POINT ( 'NONE',  ( -0.5999999999999912070, 8.800000000000006040, 1.740000000000056612 ) ) ;
#4705 = ORIENTED_EDGE ( 'NONE', *, *, #1622, .F. ) ;
#4706 = DIRECTION ( 'NONE',  ( -1.644517855226007998E-15, 1.000000000000000000, 2.890435660536363919E-30 ) ) ;
#4707 = CARTESIAN_POINT ( 'NONE',  ( 0.1000000000000028644, 8.199999999999308287, -1.124841765812942374 ) ) ;
#4708 = EDGE_LOOP ( 'NONE', ( #2415, #590, #325, #6516, #4349, #1313 ) ) ;
#4709 =( GEOMETRIC_REPRESENTATION_CONTEXT ( 3 ) GLOBAL_UNCERTAINTY_ASSIGNED_CONTEXT ( ( #5743 ) ) GLOBAL_UNIT_ASSIGNED_CONTEXT ( ( #2054, #7658, #1373 ) ) REPRESENTATION_CONTEXT ( 'NONE', 'WORKASPACE' ) );
#4710 = LINE ( 'NONE', #1024, #7992 ) ;
#4711 = ORIENTED_EDGE ( 'NONE', *, *, #521, .T. ) ;
#4712 =( NAMED_UNIT ( * ) SI_UNIT ( $, .STERADIAN. ) SOLID_ANGLE_UNIT ( ) );
#4713 = CARTESIAN_POINT ( 'NONE',  ( 10.99999999999996980, 11.75000000000002487, -16.64999999999995950 ) ) ;
#4714 = ORIENTED_EDGE ( 'NONE', *, *, #891, .T. ) ;
#4715 = DIRECTION ( 'NONE',  ( 1.595945597898462472E-14, 2.337000431716910882E-29, 1.000000000000000000 ) ) ;
#4716 = VERTEX_POINT ( 'NONE', #7245 ) ;
#4717 = CARTESIAN_POINT ( 'NONE',  ( -0.1999999927999960292, 4.200000000000007283, -4.739999994599941147 ) ) ;
#4718 = CARTESIAN_POINT ( 'NONE',  ( 1.800000000000025580, 4.200000000000010836, 7.650000000000053646 ) ) ;
#4719 = CARTESIAN_POINT ( 'NONE',  ( 0.09999999999999419076, 10.60000000000000675, -4.649999999999943512 ) ) ;
#4720 = EDGE_CURVE ( 'NONE', #345, #7951, #7768, .T. ) ;
#4721 = DIRECTION ( 'NONE',  ( 1.644517855226007801E-15, -1.000000000000000000, -2.890435660536363568E-30 ) ) ;
#4722 = PRODUCT_CONTEXT ( 'NONE', #4244, 'mechanical' ) ;
#4723 = VERTEX_POINT ( 'NONE', #4092 ) ;
#4724 = CARTESIAN_POINT ( 'NONE',  ( -0.5999999999999842126, 8.800000000000006040, 4.960000000000058584 ) ) ;
#4725 = ADVANCED_FACE ( 'NONE', ( #276 ), #900, .F. ) ;
#4726 = VERTEX_POINT ( 'NONE', #863 ) ;
#4727 = LINE ( 'NONE', #6438, #2929 ) ;
#4728 = ORIENTED_EDGE ( 'NONE', *, *, #1233, .T. ) ;
#4729 = LINE ( 'NONE', #1041, #2564 ) ;
#4730 = CARTESIAN_POINT ( 'NONE',  ( 0.1000000000000045991, 9.638089535208006708, 0.3500000000000568767 ) ) ;
#4731 = CARTESIAN_POINT ( 'NONE',  ( 1.400000004427009337, 8.199999999929909578, 2.137439316581053461 ) ) ;
#4732 = EDGE_CURVE ( 'NONE', #6052, #5572, #2138, .T. ) ;
#4733 = VERTEX_POINT ( 'NONE', #5274 ) ;
#4734 = PLANE ( 'NONE',  #6440 ) ;
#4735 = AXIS2_PLACEMENT_3D ( 'NONE', #7027, #3886, #3955 ) ;
#4736 = CARTESIAN_POINT ( 'NONE',  ( 1.500000000000015099, 8.200000000000009948, 5.385000000000055742 ) ) ;
#4737 = DIRECTION ( 'NONE',  ( -1.644517855226008195E-15, 1.000000000000000000, 2.890435660536364269E-30 ) ) ;
#4738 = DIRECTION ( 'NONE',  ( -1.000000000000000000, -1.644517855226007998E-15, 1.748601263784621946E-15 ) ) ;
#4739 = CARTESIAN_POINT ( 'NONE',  ( 10.99999999999999289, 11.75000000000002487, -3.249999999999963141 ) ) ;
#4740 = EDGE_CURVE ( 'NONE', #2107, #6751, #5861, .T. ) ;
#4741 = ORIENTED_EDGE ( 'NONE', *, *, #3175, .T. ) ;
#4742 = PRESENTATION_LAYER_ASSIGNMENT (  '', '', ( #5508 ) ) ;
#4743 = DIRECTION ( 'NONE',  ( 1.000000000000000000, 1.644517855226007998E-15, -1.748601263784621748E-15 ) ) ;
#4744 = VERTEX_POINT ( 'NONE', #7080 ) ;
#4745 = AXIS2_PLACEMENT_3D ( 'NONE', #6249, #3086, #6131 ) ;
#4746 = AXIS2_PLACEMENT_3D ( 'NONE', #5878, #5128, #2799 ) ;
#4747 = LINE ( 'NONE', #4794, #2184 ) ;
#4748 = VERTEX_POINT ( 'NONE', #5319 ) ;
#4749 = LINE ( 'NONE', #1643, #7445 ) ;
#4750 = VECTOR ( 'NONE', #7436, 1000.000000000000000 ) ;
#4751 = COLOUR_RGB ( '',1.000000000000000000, 1.000000000000000000, 1.000000000000000000 ) ;
#4752 = LINE ( 'NONE', #4484, #5273 ) ;
#4753 = ORIENTED_EDGE ( 'NONE', *, *, #1566, .T. ) ;
#4754 = DIRECTION ( 'NONE',  ( -0.9994801143396995213, -1.643662893974967788E-15, 0.03224129401096072212 ) ) ;
#4755 = CARTESIAN_POINT ( 'NONE',  ( 9.699999999999993960, 10.60000000000002274, -4.849999999999961453 ) ) ;
#4756 = CARTESIAN_POINT ( 'NONE',  ( 10.33454256816960637, 5.302378066438024895, -1.312474729231960513 ) ) ;
#4757 = AXIS2_PLACEMENT_3D ( 'NONE', #6323, #732, #5709 ) ;
#4758 = DIRECTION ( 'NONE',  ( -0.9333456062030549560, 0.3589790793088809551, -0.0000000000000000000 ) ) ;
#4759 = CARTESIAN_POINT ( 'NONE',  ( 11.00000000000000178, 3.750000000000026201, -6.649999999999962164 ) ) ;
#4760 = ORIENTED_EDGE ( 'NONE', *, *, #6156, .F. ) ;
#4761 = FACE_OUTER_BOUND ( 'NONE', #36, .T. ) ;
#4762 = EDGE_LOOP ( 'NONE', ( #7955, #7564, #4298, #581 ) ) ;
#4763 = VECTOR ( 'NONE', #507, 1000.000000000000114 ) ;
#4764 = AXIS2_PLACEMENT_3D ( 'NONE', #11, #1163, #3825 ) ;
#4765 = FILL_AREA_STYLE ('',( #2396 ) ) ;
#4766 = ORIENTED_EDGE ( 'NONE', *, *, #1865, .F. ) ;
#4767 = EDGE_CURVE ( 'NONE', #2164, #7529, #6484, .T. ) ;
#4768 = DIRECTION ( 'NONE',  ( -1.748601263784621946E-15, 0.0000000000000000000, -1.000000000000000000 ) ) ;
#4769 = DIRECTION ( 'NONE',  ( -1.748601263784621748E-15, 0.0000000000000000000, -1.000000000000000000 ) ) ;
#4770 = DIRECTION ( 'NONE',  ( 1.892425610156517368E-15, 0.0000000000000000000, 1.000000000000000000 ) ) ;
#4771 = COLOUR_RGB ( '',1.000000000000000000, 1.000000000000000000, 1.000000000000000000 ) ;
#4772 = VECTOR ( 'NONE', #4508, 1000.000000000000000 ) ;
#4773 = VERTEX_POINT ( 'NONE', #7121 ) ;
#4774 = CARTESIAN_POINT ( 'NONE',  ( 0.5000000000000281997, 0.7500000000000093259, 5.350000000000057376 ) ) ;
#4775 = EDGE_CURVE ( 'NONE', #7665, #6894, #7952, .T. ) ;
#4776 = VECTOR ( 'NONE', #6372, 1000.000000000000114 ) ;
#4777 = CIRCLE ( 'NONE', #4249, 1.400000000001999423 ) ;
#4778 =( GEOMETRIC_REPRESENTATION_CONTEXT ( 3 ) GLOBAL_UNCERTAINTY_ASSIGNED_CONTEXT ( ( #1760 ) ) GLOBAL_UNIT_ASSIGNED_CONTEXT ( ( #6114, #7238, #7949 ) ) REPRESENTATION_CONTEXT ( 'NONE', 'WORKASPACE' ) );
#4779 = EDGE_CURVE ( 'NONE', #4894, #3629, #4749, .T. ) ;
#4780 = SURFACE_STYLE_USAGE ( .BOTH. , #1050 ) ;
#4781 = DIRECTION ( 'NONE',  ( -1.489513996486854122E-09, 1.000000000000000000, 7.237763924156027255E-10 ) ) ;
#4782 = DIRECTION ( 'NONE',  ( 1.748601263784621946E-15, 0.0000000000000000000, 1.000000000000000000 ) ) ;
#4783 = CARTESIAN_POINT ( 'NONE',  ( 0.1000000000000115380, 8.199999999999308287, 3.875158234187057626 ) ) ;
#4784 = VECTOR ( 'NONE', #7758, 1000.000000000000000 ) ;
#4785 = ORIENTED_EDGE ( 'NONE', *, *, #2357, .T. ) ;
#4786 = VECTOR ( 'NONE', #7034, 1000.000000000000000 ) ;
#4787 = VECTOR ( 'NONE', #3506, 1000.000000000000000 ) ;
#4788 = LINE ( 'NONE', #4131, #3196 ) ;
#4789 = ADVANCED_FACE ( 'NONE', ( #937 ), #2224, .F. ) ;
#4790 = SURFACE_SIDE_STYLE ('',( #4826 ) ) ;
#4791 = ORIENTED_EDGE ( 'NONE', *, *, #2580, .F. ) ;
#4792 = EDGE_CURVE ( 'NONE', #5099, #245, #2278, .T. ) ;
#4793 =( GEOMETRIC_REPRESENTATION_CONTEXT ( 3 ) GLOBAL_UNCERTAINTY_ASSIGNED_CONTEXT ( ( #184 ) ) GLOBAL_UNIT_ASSIGNED_CONTEXT ( ( #6443, #814, #1465 ) ) REPRESENTATION_CONTEXT ( 'NONE', 'WORKASPACE' ) );
#4794 = CARTESIAN_POINT ( 'NONE',  ( 9.800000000000014921, 7.894714285714324653, 5.600000000000038725 ) ) ;
#4795 = EDGE_LOOP ( 'NONE', ( #1914, #3561, #1273, #6886 ) ) ;
#4796 = LINE ( 'NONE', #7314, #2059 ) ;
#4797 = DIRECTION ( 'NONE',  ( -0.9984603535126312934, -1.641985879086794142E-15, 0.05547001409258346671 ) ) ;
#4798 = AXIS2_PLACEMENT_3D ( 'NONE', #7895, #4876, #3084 ) ;
#4799 = FACE_BOUND ( 'NONE', #6130, .T. ) ;
#4800 = VERTEX_POINT ( 'NONE', #2756 ) ;
#4801 = EDGE_CURVE ( 'NONE', #620, #3741, #319, .T. ) ;
#4802 = CARTESIAN_POINT ( 'NONE',  ( 2.400000000000010569, 7.650000000000011902, 2.250000000000052847 ) ) ;
#4803 = CARTESIAN_POINT ( 'NONE',  ( 9.300000000000007816, 7.269714285714322877, 0.8500000000000399458 ) ) ;
#4804 = CARTESIAN_POINT ( 'NONE',  ( 0.5000000000000177636, 6.844714285714308843, 5.350000000000057376 ) ) ;
#4805 = CARTESIAN_POINT ( 'NONE',  ( 1.500000000000029088, 0.7500000000000111022, 5.350000000000055600 ) ) ;
#4806 = FACE_OUTER_BOUND ( 'NONE', #4517, .T. ) ;
#4807 = VERTEX_POINT ( 'NONE', #985 ) ;
#4808 = DIRECTION ( 'NONE',  ( -1.748601263784621946E-15, 0.0000000000000000000, -1.000000000000000000 ) ) ;
#4809 = ORIENTED_EDGE ( 'NONE', *, *, #5892, .T. ) ;
#4810 = DIRECTION ( 'NONE',  ( 1.000000000000000000, 1.644517855226007998E-15, -1.748601263784621946E-15 ) ) ;
#4811 = ORIENTED_EDGE ( 'NONE', *, *, #7495, .T. ) ;
#4812 = DIRECTION ( 'NONE',  ( -1.644517855226008195E-15, 1.000000000000000000, 2.890435660536364269E-30 ) ) ;
#4813 =( GEOMETRIC_REPRESENTATION_CONTEXT ( 3 ) GLOBAL_UNCERTAINTY_ASSIGNED_CONTEXT ( ( #4548 ) ) GLOBAL_UNIT_ASSIGNED_CONTEXT ( ( #1215, #5548, #3114 ) ) REPRESENTATION_CONTEXT ( 'NONE', 'WORKASPACE' ) );
#4814 = PLANE ( 'NONE',  #5810 ) ;
#4815 = CARTESIAN_POINT ( 'NONE',  ( 0.1000000000000028644, 10.60000000000000675, 0.3500000000000555445 ) ) ;
#4816 = CARTESIAN_POINT ( 'NONE',  ( -0.5999999999999912070, 7.650000000000006573, 0.8500000000000572653 ) ) ;
#4817 = ORIENTED_EDGE ( 'NONE', *, *, #5175, .T. ) ;
#4818 = CARTESIAN_POINT ( 'NONE',  ( -1.000000000000002665, 10.75000000000000533, -2.349999999999942357 ) ) ;
#4819 = CARTESIAN_POINT ( 'NONE',  ( 8.800000000000000711, 7.144714285714321989, -3.649999999999959499 ) ) ;
#4820 = PLANE ( 'NONE',  #2209 ) ;
#4821 = ADVANCED_FACE ( 'NONE', ( #3499 ), #6603, .T. ) ;
#4822 = FACE_OUTER_BOUND ( 'NONE', #4045, .T. ) ;
#4823 = CARTESIAN_POINT ( 'NONE',  ( -0.9999999999999852340, 10.75000000000000533, 7.650000000000058087 ) ) ;
#4824 = ORIENTED_EDGE ( 'NONE', *, *, #614, .T. ) ;
#4825 = ADVANCED_FACE ( 'NONE', ( #4989 ), #5588, .F. ) ;
#4826 = SURFACE_STYLE_FILL_AREA ( #2300 ) ;
#4827 = AXIS2_PLACEMENT_3D ( 'NONE', #4403, #6859, #7380 ) ;
#4828 = ORIENTED_EDGE ( 'NONE', *, *, #7709, .T. ) ;
#4829 = CARTESIAN_POINT ( 'NONE',  ( 3.949999999999999734, 8.144714285714314883, -3.649999999999951061 ) ) ;
#4830 = ORIENTED_EDGE ( 'NONE', *, *, #7087, .T. ) ;
#4831 = PLANE ( 'NONE',  #5675 ) ;
#4832 = VECTOR ( 'NONE', #5339, 1000.000000000000000 ) ;
#4833 = CARTESIAN_POINT ( 'NONE',  ( 1.500000000000009992, 8.109625349781611092, 1.315000000000053904 ) ) ;
#4834 = EDGE_CURVE ( 'NONE', #889, #1916, #5553, .T. ) ;
#4835 = DIRECTION ( 'NONE',  ( 0.9883716976506232710, 1.625394904386490918E-15, 0.1520571842539017449 ) ) ;
#4836 = VERTEX_POINT ( 'NONE', #6758 ) ;
#4837 = MECHANICAL_DESIGN_GEOMETRIC_PRESENTATION_REPRESENTATION (  '', ( #3666 ), #4709 ) ;
#4838 = VECTOR ( 'NONE', #6815, 1000.000000000000000 ) ;
#4839 = PRESENTATION_STYLE_ASSIGNMENT (( #6092 ) ) ;
#4840 =( NAMED_UNIT ( * ) PLANE_ANGLE_UNIT ( ) SI_UNIT ( $, .RADIAN. ) );
#4841 = LINE ( 'NONE', #3003, #735 ) ;
#4842 = LINE ( 'NONE', #2391, #4075 ) ;
#4843 = ORIENTED_EDGE ( 'NONE', *, *, #5998, .T. ) ;
#4844 = EDGE_CURVE ( 'NONE', #1138, #5657, #563, .T. ) ;
#4845 = VECTOR ( 'NONE', #3419, 1000.000000000000000 ) ;
#4846 = ORIENTED_EDGE ( 'NONE', *, *, #2497, .F. ) ;
#4847 = ORIENTED_EDGE ( 'NONE', *, *, #2302, .T. ) ;
#4848 = DIRECTION ( 'NONE',  ( -1.644517855226008195E-15, 1.000000000000000000, 2.890435660536364269E-30 ) ) ;
#4849 = DIRECTION ( 'NONE',  ( 1.000000000000000000, 1.644517855226007801E-15, -1.748601263784621748E-15 ) ) ;
#4850 = CARTESIAN_POINT ( 'NONE',  ( 2.500000000000012434, 3.750000000000012434, -0.9499999999999456657 ) ) ;
#4851 = CARTESIAN_POINT ( 'NONE',  ( 11.00000000000000178, 10.60000000000002629, -0.04999999999996153355 ) ) ;
#4852 = VERTEX_POINT ( 'NONE', #7363 ) ;
#4853 = CARTESIAN_POINT ( 'NONE',  ( 11.00000000000002309, 5.200000000000025935, 8.054540768505036752 ) ) ;
#4854 = PLANE ( 'NONE',  #177 ) ;
#4855 = DIRECTION ( 'NONE',  ( 0.2425356250363078781, 0.9701425001453380936, -4.240981004512810209E-16 ) ) ;
#4856 = LINE ( 'NONE', #1250, #4046 ) ;
#4857 = LINE ( 'NONE', #4162, #330 ) ;
#4858 = DIRECTION ( 'NONE',  ( -1.000000000000000000, -1.644517855226007998E-15, 1.748601263784621946E-15 ) ) ;
#4859 = ORIENTED_EDGE ( 'NONE', *, *, #266, .F. ) ;
#4860 = VECTOR ( 'NONE', #6712, 1000.000000000000114 ) ;
#4861 = CARTESIAN_POINT ( 'NONE',  ( 0.7000000000000234923, 4.200000000000009059, 6.390000000000055635 ) ) ;
#4862 = ADVANCED_FACE ( 'NONE', ( #4259 ), #6037, .F. ) ;
#4863 = EDGE_LOOP ( 'NONE', ( #2971, #5574, #6097, #5260 ) ) ;
#4864 = UNCERTAINTY_MEASURE_WITH_UNIT (LENGTH_MEASURE( 1.000000000000000082E-05 ), #5623, 'distance_accuracy_value', 'NONE');
#4865 = EDGE_CURVE ( 'NONE', #6826, #4556, #3117, .T. ) ;
#4866 = CARTESIAN_POINT ( 'NONE',  ( 1.400000000000007239, 8.960000000000009734, 0.3561376710050564998 ) ) ;
#4867 = ORIENTED_EDGE ( 'NONE', *, *, #4792, .T. ) ;
#4868 = VECTOR ( 'NONE', #5614, 1000.000000000000000 ) ;
#4869 = FACE_OUTER_BOUND ( 'NONE', #3370, .T. ) ;
#4870 = DIRECTION ( 'NONE',  ( 1.892425610156517368E-15, 0.0000000000000000000, 1.000000000000000000 ) ) ;
#4871 = VECTOR ( 'NONE', #2856, 1000.000000000000000 ) ;
#4872 = ADVANCED_FACE ( 'NONE', ( #6121 ), #953, .T. ) ;
#4873 = ORIENTED_EDGE ( 'NONE', *, *, #1128, .F. ) ;
#4874 = LINE ( 'NONE', #7847, #2539 ) ;
#4875 = EDGE_CURVE ( 'NONE', #6724, #6977, #1145, .T. ) ;
#4876 = DIRECTION ( 'NONE',  ( -1.748601263784621748E-15, 1.482966057179082451E-32, -1.000000000000000000 ) ) ;
#4877 = CARTESIAN_POINT ( 'NONE',  ( 0.7500000000000075495, 8.200000000000009948, 1.340000000000055591 ) ) ;
#4878 = STYLED_ITEM ( 'NONE', ( #120 ), #4646 ) ;
#4879 = AXIS2_PLACEMENT_3D ( 'NONE', #6882, #1939, #1225 ) ;
#4880 = ORIENTED_EDGE ( 'NONE', *, *, #1671, .F. ) ;
#4881 = LINE ( 'NONE', #2518, #3702 ) ;
#4882 = ORIENTED_EDGE ( 'NONE', *, *, #4690, .T. ) ;
#4883 = EDGE_CURVE ( 'NONE', #5835, #3838, #6546, .T. ) ;
#4884 = DIRECTION ( 'NONE',  ( 1.000000000000000000, 1.644517855226007998E-15, -1.748601263784621748E-15 ) ) ;
#4885 = VERTEX_POINT ( 'NONE', #7998 ) ;
#4886 = VECTOR ( 'NONE', #1087, 1000.000000000000000 ) ;
#4887 = AXIS2_PLACEMENT_3D ( 'NONE', #2624, #6752, #1172 ) ;
#4888 = PLANE ( 'NONE',  #5795 ) ;
#4889 = EDGE_CURVE ( 'NONE', #721, #6926, #1808, .T. ) ;
#4890 = EDGE_CURVE ( 'NONE', #6056, #5052, #3616, .T. ) ;
#4891 = FACE_OUTER_BOUND ( 'NONE', #4795, .T. ) ;
#4892 = CARTESIAN_POINT ( 'NONE',  ( 0.7500000000000127676, -0.2499999999999906741, -3.899999999999945288 ) ) ;
#4893 =( NAMED_UNIT ( * ) PLANE_ANGLE_UNIT ( ) SI_UNIT ( $, .RADIAN. ) );
#4894 = VERTEX_POINT ( 'NONE', #6089 ) ;
#4895 = EDGE_CURVE ( 'NONE', #3052, #2323, #4953, .T. ) ;
#4896 = CONICAL_SURFACE ( 'NONE', #7464, 1.374999999999999556, 0.03224688243525484360 ) ;
#4897 = AXIS2_PLACEMENT_3D ( 'NONE', #3290, #6366, #110 ) ;
#4898 = CARTESIAN_POINT ( 'NONE',  ( 9.700000000000009948, 10.60000000000002274, 5.150000000000039435 ) ) ;
#4899 = CARTESIAN_POINT ( 'NONE',  ( 11.00000000000001421, 7.650000000000026112, 5.350000000000037836 ) ) ;
#4900 = CARTESIAN_POINT ( 'NONE',  ( 1.800000000000018696, 8.144714285714311330, 6.350000000000053824 ) ) ;
#4901 = FACE_OUTER_BOUND ( 'NONE', #468, .T. ) ;
#4902 = ORIENTED_EDGE ( 'NONE', *, *, #5155, .F. ) ;
#4903 = DIRECTION ( 'NONE',  ( -0.9994801143396996324, -1.639714474223878565E-15, -0.03224129401095722491 ) ) ;
#4904 = AXIS2_PLACEMENT_3D ( 'NONE', #2375, #3564, #4166 ) ;
#4905 = ORIENTED_EDGE ( 'NONE', *, *, #2500, .T. ) ;
#4906 = EDGE_CURVE ( 'NONE', #560, #721, #4335, .T. ) ;
#4907 = AXIS2_PLACEMENT_3D ( 'NONE', #187, #2710, #5189 ) ;
#4908 = LINE ( 'NONE', #7360, #6101 ) ;
#4909 = EDGE_LOOP ( 'NONE', ( #5479, #5445, #981, #6416 ) ) ;
#4910 = VECTOR ( 'NONE', #3310, 1000.000000000000000 ) ;
#4911 = VECTOR ( 'NONE', #3074, 1000.000000000000000 ) ;
#4912 = PLANE ( 'NONE',  #6068 ) ;
#4913 = PLANE ( 'NONE',  #1476 ) ;
#4914 = FILL_AREA_STYLE ('',( #4955 ) ) ;
#4915 = B_SPLINE_CURVE_WITH_KNOTS ( 'NONE', 3,
 ( #4620, #7065, #5746, #3917, #262, #4553, #6997, #927 ),
 .UNSPECIFIED., .F., .F.,
 ( 4, 1, 1, 1, 1, 4 ),
 ( 0.0000000000000000000, 0.2000000000000000111, 0.4000000000000000222, 0.5999999999999999778, 0.8000000000000000444, 1.000000000000000000 ),
 .UNSPECIFIED. ) ;
#4916 = VECTOR ( 'NONE', #5378, 1000.000000000000000 ) ;
#4917 = VECTOR ( 'NONE', #1477, 1000.000000000000000 ) ;
#4918 = VECTOR ( 'NONE', #1141, 1000.000000000000000 ) ;
#4919 = ORIENTED_EDGE ( 'NONE', *, *, #4239, .T. ) ;
#4920 = CARTESIAN_POINT ( 'NONE',  ( 1.500000000000013545, 4.200000000000010836, 0.3500000000000551559 ) ) ;
#4921 = DIRECTION ( 'NONE',  ( -1.748601263784621748E-15, 1.482966057179082451E-32, -1.000000000000000000 ) ) ;
#4922 = CARTESIAN_POINT ( 'NONE',  ( 11.00000000000001421, 5.200000000000025935, 3.054540768505037196 ) ) ;
#4923 = ORIENTED_EDGE ( 'NONE', *, *, #2969, .F. ) ;
#4924 =( NAMED_UNIT ( * ) PLANE_ANGLE_UNIT ( ) SI_UNIT ( $, .RADIAN. ) );
#4925 = STYLED_ITEM ( 'NONE', ( #7966 ), #7179 ) ;
#4926 = EDGE_CURVE ( 'NONE', #3422, #5565, #4173, .T. ) ;
#4927 = ORIENTED_EDGE ( 'NONE', *, *, #5215, .T. ) ;
#4928 =( NAMED_UNIT ( * ) PLANE_ANGLE_UNIT ( ) SI_UNIT ( $, .RADIAN. ) );
#4929 = EDGE_LOOP ( 'NONE', ( #6613, #5289, #6936, #4029 ) ) ;
#4930 = EDGE_CURVE ( 'NONE', #5027, #4133, #441, .T. ) ;
#4931 = ORIENTED_EDGE ( 'NONE', *, *, #3197, .F. ) ;
#4932 = VERTEX_POINT ( 'NONE', #3030 ) ;
#4933 = PLANE ( 'NONE',  #4262 ) ;
#4934 = B_SPLINE_CURVE_WITH_KNOTS ( 'NONE', 3,
 ( #2611, #7543, #2081, #5644 ),
 .UNSPECIFIED., .F., .F.,
 ( 4, 4 ),
 ( 0.0000000000000000000, 1.000000000000000000 ),
 .UNSPECIFIED. ) ;
#4935 = DIRECTION ( 'NONE',  ( -0.9994801143396996324, -1.639714474223878565E-15, -0.03224129401095722491 ) ) ;
#4936 = ORIENTED_EDGE ( 'NONE', *, *, #1091, .F. ) ;
#4937 = ADVANCED_FACE ( 'NONE', ( #2958 ), #4913, .F. ) ;
#4938 = CARTESIAN_POINT ( 'NONE',  ( 0.6205608657817412999, 9.369703792022287203, 0.3500000000016903479 ) ) ;
#4939 = LINE ( 'NONE', #4898, #4394 ) ;
#4940 = DIRECTION ( 'NONE',  ( -1.644517855226008195E-15, 1.000000000000000000, 2.890435660536364269E-30 ) ) ;
#4941 = CARTESIAN_POINT ( 'NONE',  ( -0.5999999999999876543, 4.200000000000007283, -0.9499999999999404476 ) ) ;
#4942 = DIRECTION ( 'NONE',  ( 1.634159799354254388E-15, -1.000000000000000000, 0.0000000000000000000 ) ) ;
#4943 = VECTOR ( 'NONE', #4940, 1000.000000000000000 ) ;
#4944 = ORIENTED_EDGE ( 'NONE', *, *, #769, .F. ) ;
#4945 = ADVANCED_FACE ( 'NONE', ( #7280 ), #2146, .T. ) ;
#4946 = CARTESIAN_POINT ( 'NONE',  ( 11.00000000000000000, 7.650000000000026112, -3.684999999999962750 ) ) ;
#4947 = DIRECTION ( 'NONE',  ( 2.352167425053296813E-15, -0.6949152542373066010, 0.7190916418846066138 ) ) ;
#4948 = ORIENTED_EDGE ( 'NONE', *, *, #5465, .F. ) ;
#4949 = UNCERTAINTY_MEASURE_WITH_UNIT (LENGTH_MEASURE( 1.000000000000000082E-05 ), #5758, 'distance_accuracy_value', 'NONE');
#4950 =( NAMED_UNIT ( * ) PLANE_ANGLE_UNIT ( ) SI_UNIT ( $, .RADIAN. ) );
#4951 = ORIENTED_EDGE ( 'NONE', *, *, #665, .F. ) ;
#4952 = FACE_OUTER_BOUND ( 'NONE', #3366, .T. ) ;
#4953 = LINE ( 'NONE', #7399, #4750 ) ;
#4954 = CARTESIAN_POINT ( 'NONE',  ( 1.399999999999997691, 8.959486922781341178, -4.647954109664946820 ) ) ;
#4955 = FILL_AREA_STYLE_COLOUR ( '', #1632 ) ;
#4956 = ORIENTED_EDGE ( 'NONE', *, *, #5208, .F. ) ;
#4957 = DIRECTION ( 'NONE',  ( 0.2425356250363077670, 3.988541659006108938E-16, -0.9701425001453382047 ) ) ;
#4958 = CARTESIAN_POINT ( 'NONE',  ( 0.1000000000000098033, 7.650000000000007461, 1.350000000000056044 ) ) ;
#4959 = CARTESIAN_POINT ( 'NONE',  ( 0.7500000066400086540, 7.649999999998869704, 0.8499999999980554222 ) ) ;
#4960 = CARTESIAN_POINT ( 'NONE',  ( -0.1999999993499944340, 8.599999999630806968, 0.2600000022150578127 ) ) ;
#4961 = VERTEX_POINT ( 'NONE', #1767 ) ;
#4962 = ORIENTED_EDGE ( 'NONE', *, *, #3301, .T. ) ;
#4963 = VERTEX_POINT ( 'NONE', #7957 ) ;
#4964 = VERTEX_POINT ( 'NONE', #5747 ) ;
#4965 = EDGE_CURVE ( 'NONE', #4678, #5714, #4459, .T. ) ;
#4966 = CARTESIAN_POINT ( 'NONE',  ( 0.7000000000000234923, 7.100000000000009415, 8.700000000000054357 ) ) ;
#4967 = DIRECTION ( 'NONE',  ( -1.644517855226007998E-15, 1.000000000000000000, 2.890435660536363919E-30 ) ) ;
#4968 = ADVANCED_FACE ( 'NONE', ( #6274 ), #1974, .F. ) ;
#4969 = CARTESIAN_POINT ( 'NONE',  ( 2.400000000000016787, 7.650000000000011902, 5.850000000000052047 ) ) ;
#4970 = ORIENTED_EDGE ( 'NONE', *, *, #1269, .F. ) ;
#4971 = EDGE_LOOP ( 'NONE', ( #6238, #2132, #5389, #1362 ) ) ;
#4972 = DIRECTION ( 'NONE',  ( -1.748601263784621748E-15, 0.0000000000000000000, -1.000000000000000000 ) ) ;
#4973 = FACE_OUTER_BOUND ( 'NONE', #7107, .T. ) ;
#4974 = ADVANCED_FACE ( 'NONE', ( #5034 ), #1935, .T. ) ;
#4975 =( NAMED_UNIT ( * ) SI_UNIT ( $, .STERADIAN. ) SOLID_ANGLE_UNIT ( ) );
#4976 = CARTESIAN_POINT ( 'NONE',  ( 11.00000000000000000, 11.10000000000002451, -0.04999999999996153355 ) ) ;
#4977 = CARTESIAN_POINT ( 'NONE',  ( 11.00000000000000888, 11.75000000000002487, 4.950000000000038369 ) ) ;
#4978 = EDGE_LOOP ( 'NONE', ( #10, #3098, #2546, #3475 ) ) ;
#4979 = DIRECTION ( 'NONE',  ( -1.748601263784621946E-15, 0.0000000000000000000, -1.000000000000000000 ) ) ;
#4980 = FACE_OUTER_BOUND ( 'NONE', #1744, .T. ) ;
#4981 = ORIENTED_EDGE ( 'NONE', *, *, #1478, .T. ) ;
#4982 = VERTEX_POINT ( 'NONE', #3804 ) ;
#4983 = ORIENTED_EDGE ( 'NONE', *, *, #1943, .T. ) ;
#4984 = EDGE_CURVE ( 'NONE', #6769, #1445, #2936, .T. ) ;
#4985 = PLANE ( 'NONE',  #5070 ) ;
#4986 = ORIENTED_EDGE ( 'NONE', *, *, #6209, .F. ) ;
#4987 = LINE ( 'NONE', #6272, #5547 ) ;
#4988 = VECTOR ( 'NONE', #4126, 1000.000000000000000 ) ;
#4989 = FACE_OUTER_BOUND ( 'NONE', #4312, .T. ) ;
#4990 = LINE ( 'NONE', #5627, #1782 ) ;
#4991 = ORIENTED_EDGE ( 'NONE', *, *, #6124, .F. ) ;
#4992 = FACE_OUTER_BOUND ( 'NONE', #2643, .T. ) ;
#4993 = PRESENTATION_LAYER_ASSIGNMENT (  '', '', ( #1866 ) ) ;
#4994 = DIRECTION ( 'NONE',  ( 1.644517855226008195E-15, -1.000000000000000000, -2.890435660536364269E-30 ) ) ;
#4995 = CARTESIAN_POINT ( 'NONE',  ( -0.5999999999999825473, 7.650000000000006573, 5.850000000000057376 ) ) ;
#4996 = ORIENTED_EDGE ( 'NONE', *, *, #3737, .F. ) ;
#4997 = DIRECTION ( 'NONE',  ( -1.000000000000000000, -1.644517855226007998E-15, 1.748601263784621946E-15 ) ) ;
#4998 = ORIENTED_EDGE ( 'NONE', *, *, #2984, .F. ) ;
#4999 = COLOUR_RGB ( '',1.000000000000000000, 1.000000000000000000, 1.000000000000000000 ) ;
#5000 = VECTOR ( 'NONE', #371, 1000.000000000000000 ) ;
#5001 = EDGE_LOOP ( 'NONE', ( #1567, #6993, #7415, #1019 ) ) ;
#5002 = ORIENTED_EDGE ( 'NONE', *, *, #4740, .T. ) ;
#5003 = CARTESIAN_POINT ( 'NONE',  ( 9.799999999999998934, 7.144714285714323765, -3.649999999999961275 ) ) ;
#5004 = VECTOR ( 'NONE', #238, 1000.000000000000000 ) ;
#5005 = VECTOR ( 'NONE', #7165, 1000.000000000000114 ) ;
#5006 = LINE ( 'NONE', #3782, #2064 ) ;
#5007 = CARTESIAN_POINT ( 'NONE',  ( 2.399999999999999467, 7.100000000000012079, -5.549999999999946532 ) ) ;
#5008 = VERTEX_POINT ( 'NONE', #4381 ) ;
#5009 = CARTESIAN_POINT ( 'NONE',  ( 0.7400000000000236389, 4.200000000000009059, 6.350000000000055600 ) ) ;
#5010 = ORIENTED_EDGE ( 'NONE', *, *, #6982, .F. ) ;
#5011 = CARTESIAN_POINT ( 'NONE',  ( 1.850000000000021849, 6.250000000000010658, 7.350000000000052935 ) ) ;
#5012 = VECTOR ( 'NONE', #2365, 1000.000000000000000 ) ;
#5013 = AXIS2_PLACEMENT_3D ( 'NONE', #6827, #1256, #555 ) ;
#5014 = EDGE_CURVE ( 'NONE', #3157, #391, #6431, .T. ) ;
#5015 = DIRECTION ( 'NONE',  ( 1.748601263784621946E-15, 0.0000000000000000000, 1.000000000000000000 ) ) ;
#5016 = DIRECTION ( 'NONE',  ( -1.000000000000000000, -1.644517855226008195E-15, 0.0000000000000000000 ) ) ;
#5017 = AXIS2_PLACEMENT_3D ( 'NONE', #6620, #3956, #6437 ) ;
#5018 = VECTOR ( 'NONE', #4903, 1000.000000000000000 ) ;
#5019 = DIRECTION ( 'NONE',  ( 0.9927080914950846546, -0.1205431253957962856, -1.735850623357525016E-15 ) ) ;
#5020 = CARTESIAN_POINT ( 'NONE',  ( 9.799999999999997158, 7.894714285714324653, -4.399999999999961275 ) ) ;
#5021 = ORIENTED_EDGE ( 'NONE', *, *, #57, .T. ) ;
#5022 = EDGE_CURVE ( 'NONE', #3750, #5930, #5626, .T. ) ;
#5023 =( LENGTH_UNIT ( ) NAMED_UNIT ( * ) SI_UNIT ( .MILLI., .METRE. ) );
#5024 = DIRECTION ( 'NONE',  ( 1.000000000000000000, 1.644517855226007998E-15, -1.748601263784621946E-15 ) ) ;
#5025 = EDGE_CURVE ( 'NONE', #2101, #567, #5671, .T. ) ;
#5026 = VECTOR ( 'NONE', #7826, 1000.000000000000000 ) ;
#5027 = VERTEX_POINT ( 'NONE', #771 ) ;
#5028 = VERTEX_POINT ( 'NONE', #70 ) ;
#5029 = SURFACE_SIDE_STYLE ('',( #6790 ) ) ;
#5030 = VERTEX_POINT ( 'NONE', #5075 ) ;
#5031 = CARTESIAN_POINT ( 'NONE',  ( 10.35000000000002451, 5.300000000000025580, 8.350000000000038725 ) ) ;
#5032 = AXIS2_PLACEMENT_3D ( 'NONE', #2813, #955, #4067 ) ;
#5033 = MECHANICAL_DESIGN_GEOMETRIC_PRESENTATION_REPRESENTATION (  '', ( #7070 ), #3211 ) ;
#5034 = FACE_OUTER_BOUND ( 'NONE', #5001, .T. ) ;
#5035 = LINE ( 'NONE', #1151, #594 ) ;
#5036 = CARTESIAN_POINT ( 'NONE',  ( 9.699999999999990408, 12.25000000000002309, -4.849999999999961453 ) ) ;
#5037 = EDGE_CURVE ( 'NONE', #4894, #7923, #426, .T. ) ;
#5038 = ORIENTED_EDGE ( 'NONE', *, *, #7279, .T. ) ;
#5039 = VECTOR ( 'NONE', #6508, 1000.000000000000227 ) ;
#5040 = DIRECTION ( 'NONE',  ( 1.000000000000000000, 1.644517855226007998E-15, -1.748601263784621946E-15 ) ) ;
#5041 = AXIS2_PLACEMENT_3D ( 'NONE', #4803, #3691, #3655 ) ;
#5042 = MECHANICAL_DESIGN_GEOMETRIC_PRESENTATION_REPRESENTATION (  '', ( #6700 ), #3858 ) ;
#5043 = DIRECTION ( 'NONE',  ( 1.748601263784621946E-15, 0.0000000000000000000, 1.000000000000000000 ) ) ;
#5044 = ORIENTED_EDGE ( 'NONE', *, *, #3679, .T. ) ;
#5045 = DIRECTION ( 'NONE',  ( -1.000000000000000000, -1.644517855226007998E-15, 1.748601263784621946E-15 ) ) ;
#5046 = VERTEX_POINT ( 'NONE', #3288 ) ;
#5047 = SURFACE_STYLE_FILL_AREA ( #1431 ) ;
#5048 = ORIENTED_EDGE ( 'NONE', *, *, #4088, .T. ) ;
#5049 = VECTOR ( 'NONE', #6263, 1000.000000000000000 ) ;
#5050 = AXIS2_PLACEMENT_3D ( 'NONE', #3735, #5680, #1186 ) ;
#5051 = EDGE_CURVE ( 'NONE', #7973, #7537, #5265, .T. ) ;
#5052 = VERTEX_POINT ( 'NONE', #107 ) ;
#5053 = VERTEX_POINT ( 'NONE', #2667 ) ;
#5054 = CARTESIAN_POINT ( 'NONE',  ( 2.399999999999994138, 10.60000000000001030, -4.649999999999947065 ) ) ;
#5055 = AXIS2_PLACEMENT_3D ( 'NONE', #6379, #2568, #4439 ) ;
#5056 = CARTESIAN_POINT ( 'NONE',  ( 9.700000000000015277, 7.450000000000023270, 5.850000000000040501 ) ) ;
#5057 = DIRECTION ( 'NONE',  ( -1.644517855226008195E-15, 1.000000000000000000, 2.890435660536364269E-30 ) ) ;
#5058 = ORIENTED_EDGE ( 'NONE', *, *, #5702, .T. ) ;
#5059 = DIRECTION ( 'NONE',  ( -0.9984603535126312934, -1.641985879086794142E-15, 0.05547001409258346671 ) ) ;
#5060 = ORIENTED_EDGE ( 'NONE', *, *, #3679, .F. ) ;
#5061 = CARTESIAN_POINT ( 'NONE',  ( 0.1000000000000011297, 8.200000000000008171, -2.175158234186943318 ) ) ;
#5062 = FACE_OUTER_BOUND ( 'NONE', #5159, .T. ) ;
#5063 = DIRECTION ( 'NONE',  ( -0.8933250006747832650, 0.4466625002858897187, -0.04962916489077740662 ) ) ;
#5064 = PLANE ( 'NONE',  #4444 ) ;
#5065 = DIRECTION ( 'NONE',  ( -1.734723475976808672E-15, 1.000000000000000000, 0.0000000000000000000 ) ) ;
#5066 = CARTESIAN_POINT ( 'NONE',  ( 0.1000000000000045991, 10.60000000000000675, 1.350000000000056044 ) ) ;
#5067 = ORIENTED_EDGE ( 'NONE', *, *, #7505, .T. ) ;
#5068 = ORIENTED_EDGE ( 'NONE', *, *, #2185, .T. ) ;
#5069 = EDGE_CURVE ( 'NONE', #3774, #5733, #6364, .T. ) ;
#5070 = AXIS2_PLACEMENT_3D ( 'NONE', #1177, #1884, #1970 ) ;
#5071 = CARTESIAN_POINT ( 'NONE',  ( 1.500000000000022204, -0.2499999999999889533, 1.350000000000053380 ) ) ;
#5072 = VERTEX_POINT ( 'NONE', #2019 ) ;
#5073 = DIRECTION ( 'NONE',  ( -0.9883716976506232710, 0.1520571842539018281, 1.728267999600831987E-15 ) ) ;
#5074 = EDGE_CURVE ( 'NONE', #7171, #6971, #5151, .T. ) ;
#5075 = CARTESIAN_POINT ( 'NONE',  ( 0.5000000000000195399, 6.844714285714308843, 6.350000000000055600 ) ) ;
#5076 = FACE_OUTER_BOUND ( 'NONE', #682, .T. ) ;
#5077 = LINE ( 'NONE', #146, #2691 ) ;
#5078 = VERTEX_POINT ( 'NONE', #4818 ) ;
#5079 = DIRECTION ( 'NONE',  ( 0.9701425001453382047, 1.595416663602607856E-15, 0.2425356250363077670 ) ) ;
#5080 = EDGE_CURVE ( 'NONE', #4247, #6460, #4157, .T. ) ;
#5081 = CARTESIAN_POINT ( 'NONE',  ( 9.800000000000006040, 7.894714285714324653, 0.6000000000000388356 ) ) ;
#5082 = CARTESIAN_POINT ( 'NONE',  ( 11.00000000000000178, 3.750000000000026201, -6.649999999999962164 ) ) ;
#5083 = LINE ( 'NONE', #1349, #2303 ) ;
#5084 = ADVANCED_FACE ( 'NONE', ( #7225 ), #4588, .F. ) ;
#5085 = ORIENTED_EDGE ( 'NONE', *, *, #7185, .T. ) ;
#5086 = CARTESIAN_POINT ( 'NONE',  ( 1.399999999999998579, 9.600000000000010303, -3.649999999999946620 ) ) ;
#5087 = VERTEX_POINT ( 'NONE', #3596 ) ;
#5088 = ORIENTED_EDGE ( 'NONE', *, *, #7631, .T. ) ;
#5089 = VECTOR ( 'NONE', #5057, 1000.000000000000000 ) ;
#5090 = ORIENTED_EDGE ( 'NONE', *, *, #6738, .T. ) ;
#5091 = CARTESIAN_POINT ( 'NONE',  ( 0.1000000000000028644, 10.60000000000000675, 0.3500000000000568767 ) ) ;
#5092 = CARTESIAN_POINT ( 'NONE',  ( 0.7433105578599999985, 7.601972579975209143, -4.646689442141944681 ) ) ;
#5093 = EDGE_CURVE ( 'NONE', #2095, #3890, #5220, .T. ) ;
#5094 = CARTESIAN_POINT ( 'NONE',  ( 0.7400000000000184208, 7.597309794603359201, 6.350000000000055600 ) ) ;
#5095 = VERTEX_POINT ( 'NONE', #1456 ) ;
#5096 = DIRECTION ( 'NONE',  ( 1.644517855226008195E-15, -1.000000000000000000, -2.890435660536364269E-30 ) ) ;
#5097 = ORIENTED_EDGE ( 'NONE', *, *, #1879, .T. ) ;
#5098 = DIRECTION ( 'NONE',  ( 1.748601263784621946E-15, 0.0000000000000000000, 1.000000000000000000 ) ) ;
#5099 = VERTEX_POINT ( 'NONE', #1048 ) ;
#5100 = FILL_AREA_STYLE_COLOUR ( '', #1757 ) ;
#5101 = VECTOR ( 'NONE', #6137, 1000.000000000000000 ) ;
#5102 = LINE ( 'NONE', #7548, #4626 ) ;
#5103 = DIRECTION ( 'NONE',  ( -2.168404344971009262E-15, 0.9357142857142992654, -0.3527588064246995336 ) ) ;
#5104 = FILL_AREA_STYLE ('',( #3830 ) ) ;
#5105 = DIRECTION ( 'NONE',  ( 1.000000000000000000, 1.644517855226007998E-15, -1.748601263784621946E-15 ) ) ;
#5106 = DIRECTION ( 'NONE',  ( -1.000000000000000000, -1.644517855226007998E-15, 1.748601263784621946E-15 ) ) ;
#5107 = ORIENTED_EDGE ( 'NONE', *, *, #7493, .T. ) ;
#5108 = CARTESIAN_POINT ( 'NONE',  ( 1.299999999999999156, 7.100000000000010303, -5.749999999999944933 ) ) ;
#5109 = DIRECTION ( 'NONE',  ( 1.000000000000000000, 1.644517855226007998E-15, -1.748601263784621946E-15 ) ) ;
#5110 = VERTEX_POINT ( 'NONE', #7907 ) ;
#5111 = DIRECTION ( 'NONE',  ( -1.748601263784621946E-15, 0.0000000000000000000, -1.000000000000000000 ) ) ;
#5112 = CARTESIAN_POINT ( 'NONE',  ( 9.799999999999998934, 8.144714285714323765, -3.649999999999961275 ) ) ;
#5113 = CARTESIAN_POINT ( 'NONE',  ( -0.9999999999999713562, 3.750000000000006217, 8.350000000000054712 ) ) ;
#5114 = LINE ( 'NONE', #71, #1120 ) ;
#5115 = EDGE_CURVE ( 'NONE', #6099, #751, #434, .T. ) ;
#5116 = VERTEX_POINT ( 'NONE', #890 ) ;
#5117 = EDGE_CURVE ( 'NONE', #6218, #7001, #1503, .T. ) ;
#5118 = DIRECTION ( 'NONE',  ( 1.748601263784621748E-15, -1.482966057179082451E-32, 1.000000000000000000 ) ) ;
#5119 = DIRECTION ( 'NONE',  ( 1.748601263784621946E-15, 0.0000000000000000000, 1.000000000000000000 ) ) ;
#5120 = DIRECTION ( 'NONE',  ( 1.000000000000000000, 1.644517855226007998E-15, -1.748601263784621946E-15 ) ) ;
#5121 = ORIENTED_EDGE ( 'NONE', *, *, #3891, .F. ) ;
#5122 = DIRECTION ( 'NONE',  ( -1.748601263784621946E-15, 0.0000000000000000000, -1.000000000000000000 ) ) ;
#5123 = ORIENTED_EDGE ( 'NONE', *, *, #4536, .T. ) ;
#5124 = EDGE_CURVE ( 'NONE', #840, #2397, #7402, .T. ) ;
#5125 = VECTOR ( 'NONE', #1499, 1000.000000000000000 ) ;
#5126 = ORIENTED_EDGE ( 'NONE', *, *, #8009, .T. ) ;
#5127 = EDGE_CURVE ( 'NONE', #2527, #1401, #469, .T. ) ;
#5128 = DIRECTION ( 'NONE',  ( -1.644517855226007998E-15, 1.000000000000000000, 2.875605999964573094E-30 ) ) ;
#5129 = DIRECTION ( 'NONE',  ( -1.000000000000000000, -1.644517855226007998E-15, 1.748601263784621946E-15 ) ) ;
#5130 = PRESENTATION_STYLE_ASSIGNMENT (( #125 ) ) ;
#5131 = FACE_OUTER_BOUND ( 'NONE', #1086, .T. ) ;
#5132 = VECTOR ( 'NONE', #6618, 1000.000000000000114 ) ;
#5133 = ORIENTED_EDGE ( 'NONE', *, *, #7705, .F. ) ;
#5134 = DIRECTION ( 'NONE',  ( -0.2307692307692121303, 0.9730085108210442257, 6.672013369141569161E-16 ) ) ;
#5135 = ORIENTED_EDGE ( 'NONE', *, *, #5215, .F. ) ;
#5136 = EDGE_CURVE ( 'NONE', #169, #5116, #7711, .T. ) ;
#5137 = SURFACE_STYLE_FILL_AREA ( #1644 ) ;
#5138 = EDGE_CURVE ( 'NONE', #1118, #661, #3367, .T. ) ;
#5139 = VECTOR ( 'NONE', #3417, 1000.000000000000000 ) ;
#5140 = DIRECTION ( 'NONE',  ( 0.9838699100999044322, 1.617991634378899626E-15, 0.1788854381999992749 ) ) ;
#5141 = CARTESIAN_POINT ( 'NONE',  ( 0.1000000000000080685, 7.649999999998868816, 0.8499999999980563103 ) ) ;
#5142 = FACE_OUTER_BOUND ( 'NONE', #2483, .T. ) ;
#5143 = CARTESIAN_POINT ( 'NONE',  ( 2.400000000000009681, 8.200000000000011724, 2.137439318958052503 ) ) ;
#5144 = ORIENTED_EDGE ( 'NONE', *, *, #2593, .F. ) ;
#5145 = CIRCLE ( 'NONE', #6669, 1.349999999999999645 ) ;
#5146 = VECTOR ( 'NONE', #7774, 1000.000000000000227 ) ;
#5147 = EDGE_CURVE ( 'NONE', #5242, #1997, #6065, .T. ) ;
#5148 =( GEOMETRIC_REPRESENTATION_CONTEXT ( 3 ) GLOBAL_UNCERTAINTY_ASSIGNED_CONTEXT ( ( #5752 ) ) GLOBAL_UNIT_ASSIGNED_CONTEXT ( ( #5541, #3678, #3718 ) ) REPRESENTATION_CONTEXT ( 'NONE', 'WORKASPACE' ) );
#5149 = CARTESIAN_POINT ( 'NONE',  ( 0.1000000000000063338, 9.638089535207008396, 1.350000000000056044 ) ) ;
#5150 = CARTESIAN_POINT ( 'NONE',  ( -0.5999999999999912070, 4.200000000000007283, -2.349999999999943245 ) ) ;
#5151 = LINE ( 'NONE', #2068, #5399 ) ;
#5152 = CARTESIAN_POINT ( 'NONE',  ( 2.400000000000025224, 7.100000000000012079, 8.350000000000054712 ) ) ;
#5153 = VECTOR ( 'NONE', #7582, 1000.000000000000000 ) ;
#5154 = VECTOR ( 'NONE', #1130, 1000.000000000000000 ) ;
#5155 = EDGE_CURVE ( 'NONE', #1400, #7240, #4005, .T. ) ;
#5156 = ORIENTED_EDGE ( 'NONE', *, *, #3031, .T. ) ;
#5157 = DIRECTION ( 'NONE',  ( -1.748601263784621946E-15, 0.0000000000000000000, -1.000000000000000000 ) ) ;
#5158 = CARTESIAN_POINT ( 'NONE',  ( 2.400000000000016787, 7.450000000000011724, 5.850000000000052047 ) ) ;
#5159 = EDGE_LOOP ( 'NONE', ( #4880, #7373, #3807, #5549, #1697 ) ) ;
#5160 = VECTOR ( 'NONE', #3932, 1000.000000000000000 ) ;
#5161 = MECHANICAL_DESIGN_GEOMETRIC_PRESENTATION_REPRESENTATION (  '', ( #4641 ), #1766 ) ;
#5162 = LINE ( 'NONE', #2029, #7746 ) ;
#5163 = EDGE_LOOP ( 'NONE', ( #2117, #5891, #745, #4023 ) ) ;
#5164 = VECTOR ( 'NONE', #2720, 1000.000000000000000 ) ;
#5165 = VECTOR ( 'NONE', #3849, 1000.000000000000227 ) ;
#5166 = AXIS2_PLACEMENT_3D ( 'NONE', #1634, #5993, #4415 ) ;
#5167 = EDGE_LOOP ( 'NONE', ( #5356, #1191, #6889, #2873 ) ) ;
#5168 = CARTESIAN_POINT ( 'NONE',  ( 0.7500000000000163203, 7.611199771552088933, 5.360000000000054499 ) ) ;
#5169 = ADVANCED_FACE ( 'NONE', ( #421 ), #2937, .F. ) ;
#5170 =( NAMED_UNIT ( * ) SI_UNIT ( $, .STERADIAN. ) SOLID_ANGLE_UNIT ( ) );
#5171 = AXIS2_PLACEMENT_3D ( 'NONE', #6725, #520, #1061 ) ;
#5172 = AXIS2_PLACEMENT_3D ( 'NONE', #1749, #3371, #5833 ) ;
#5173 =( GEOMETRIC_REPRESENTATION_CONTEXT ( 3 ) GLOBAL_UNCERTAINTY_ASSIGNED_CONTEXT ( ( #1929 ) ) GLOBAL_UNIT_ASSIGNED_CONTEXT ( ( #6281, #617, #4343 ) ) REPRESENTATION_CONTEXT ( 'NONE', 'WORKASPACE' ) );
#5174 = ORIENTED_EDGE ( 'NONE', *, *, #4521, .T. ) ;
#5175 = EDGE_CURVE ( 'NONE', #6218, #6724, #2747, .T. ) ;
#5176 = ORIENTED_EDGE ( 'NONE', *, *, #635, .T. ) ;
#5177 = VECTOR ( 'NONE', #872, 1000.000000000000000 ) ;
#5178 = AXIS2_PLACEMENT_3D ( 'NONE', #1681, #6600, #1762 ) ;
#5179 = DIRECTION ( 'NONE',  ( 1.000000000000000000, 1.644517855226007998E-15, -1.748601263784621946E-15 ) ) ;
#5180 = CARTESIAN_POINT ( 'NONE',  ( 2.399999999999999467, 7.650000000000011902, -4.149999999999947953 ) ) ;
#5181 = CARTESIAN_POINT ( 'NONE',  ( 2.400000000000007905, 5.400000000000012790, -1.271320343559945609 ) ) ;
#5182 = FACE_OUTER_BOUND ( 'NONE', #4345, .T. ) ;
#5183 = EDGE_CURVE ( 'NONE', #3547, #1597, #6657, .T. ) ;
#5184 = EDGE_LOOP ( 'NONE', ( #3192, #203, #5704, #3572, #3194 ) ) ;
#5185 = VECTOR ( 'NONE', #5045, 1000.000000000000000 ) ;
#5186 = LINE ( 'NONE', #4662, #4122 ) ;
#5187 = UNCERTAINTY_MEASURE_WITH_UNIT (LENGTH_MEASURE( 1.000000000000000082E-05 ), #4281, 'distance_accuracy_value', 'NONE');
#5188 = FILL_AREA_STYLE ('',( #7706 ) ) ;
#5189 = DIRECTION ( 'NONE',  ( 1.644517855226007998E-15, -1.000000000000000000, -2.890435660536363919E-30 ) ) ;
#5190 = DIRECTION ( 'NONE',  ( 1.000000000000000000, 1.644517855226007998E-15, -1.748601263784621946E-15 ) ) ;
#5191 = EDGE_CURVE ( 'NONE', #1851, #6218, #3790, .T. ) ;
#5192 = DIRECTION ( 'NONE',  ( -1.000000000000000000, -1.644517855226007998E-15, 1.748601263784621946E-15 ) ) ;
#5193 = DIRECTION ( 'NONE',  ( 1.000000000000000000, 1.644517855226007998E-15, -1.748601263784621946E-15 ) ) ;
#5194 = CARTESIAN_POINT ( 'NONE',  ( 8.799999999999998934, 7.144714285714321989, -4.649999999999958611 ) ) ;
#5195 = ORIENTED_EDGE ( 'NONE', *, *, #2975, .T. ) ;
#5196 = DIRECTION ( 'NONE',  ( -0.9238697708742998893, 0.3553345272593985138, -0.1421338109036983932 ) ) ;
#5197 = CARTESIAN_POINT ( 'NONE',  ( -0.5999999999999789946, 4.200000000000007283, 4.050000000000059330 ) ) ;
#5198 = LINE ( 'NONE', #7642, #7211 ) ;
#5199 = DIRECTION ( 'NONE',  ( 1.927470528863119344E-15, 0.0000000000000000000, 1.000000000000000000 ) ) ;
#5200 = ORIENTED_EDGE ( 'NONE', *, *, #2824, .T. ) ;
#5201 = ORIENTED_EDGE ( 'NONE', *, *, #6462, .T. ) ;
#5202 = CARTESIAN_POINT ( 'NONE',  ( 8.800000000000016698, 7.144714285714321989, 5.350000000000041389 ) ) ;
#5203 = FILL_AREA_STYLE ('',( #4526 ) ) ;
#5204 = VERTEX_POINT ( 'NONE', #328 ) ;
#5205 = SURFACE_STYLE_FILL_AREA ( #2042 ) ;
#5206 = ORIENTED_EDGE ( 'NONE', *, *, #5723, .T. ) ;
#5207 = AXIS2_PLACEMENT_3D ( 'NONE', #2197, #5328, #331 ) ;
#5208 = EDGE_CURVE ( 'NONE', #7240, #345, #6524, .T. ) ;
#5209 = EDGE_CURVE ( 'NONE', #6243, #391, #7511, .T. ) ;
#5210 = CARTESIAN_POINT ( 'NONE',  ( 1.499999999999999556, 7.650000000000010125, -4.149999999999946176 ) ) ;
#5211 = DIRECTION ( 'NONE',  ( -1.644517855226008195E-15, 1.000000000000000000, 2.890435660536364269E-30 ) ) ;
#5212 = LINE ( 'NONE', #4609, #2362 ) ;
#5213 = CARTESIAN_POINT ( 'NONE',  ( 0.09999999999999939493, 5.400000000000009237, -6.649999999999943512 ) ) ;
#5214 = EDGE_LOOP ( 'NONE', ( #3153, #8018, #4578, #3354 ) ) ;
#5215 = EDGE_CURVE ( 'NONE', #6649, #726, #5102, .T. ) ;
#5216 = ORIENTED_EDGE ( 'NONE', *, *, #4132, .T. ) ;
#5217 = CARTESIAN_POINT ( 'NONE',  ( -0.9999999999999852340, 10.75000000000000533, 7.650000000000058087 ) ) ;
#5218 = DIRECTION ( 'NONE',  ( 1.000000000000000000, 1.644517855226007998E-15, -1.748601263784621946E-15 ) ) ;
#5219 = ORIENTED_EDGE ( 'NONE', *, *, #6189, .F. ) ;
#5220 = LINE ( 'NONE', #7067, #4886 ) ;
#5221 = DIRECTION ( 'NONE',  ( -0.5407575913134772261, -0.8411784753765673139, 9.455694075718743083E-16 ) ) ;
#5222 = EDGE_CURVE ( 'NONE', #2140, #4309, #7128, .T. ) ;
#5223 = PLANE ( 'NONE',  #1365 ) ;
#5224 = VERTEX_POINT ( 'NONE', #1325 ) ;
#5225 = EDGE_CURVE ( 'NONE', #45, #6009, #2003, .T. ) ;
#5226 = PLANE ( 'NONE',  #851 ) ;
#5227 = DIRECTION ( 'NONE',  ( 1.644517855225973880E-15, -1.000000000000000000, -1.965547678589000652E-14 ) ) ;
#5228 = ORIENTED_EDGE ( 'NONE', *, *, #1383, .F. ) ;
#5229 = CARTESIAN_POINT ( 'NONE',  ( 0.1000000000000045991, 10.60000000000000675, 1.350000000000056044 ) ) ;
#5230 = CARTESIAN_POINT ( 'NONE',  ( 1.800000000000011591, 6.844714285714310620, 1.350000000000053380 ) ) ;
#5231 = ORIENTED_EDGE ( 'NONE', *, *, #2934, .T. ) ;
#5232 = ORIENTED_EDGE ( 'NONE', *, *, #933, .T. ) ;
#5233 = ADVANCED_FACE ( 'NONE', ( #6385 ), #3906, .T. ) ;
#5234 = CARTESIAN_POINT ( 'NONE',  ( -0.5999999999999737765, 4.200000000000007283, 7.650000000000057199 ) ) ;
#5235 = CARTESIAN_POINT ( 'NONE',  ( 9.699999999999993960, 10.60000000000002274, -4.849999999999961453 ) ) ;
#5236 = CARTESIAN_POINT ( 'NONE',  ( 0.5999999999999998668, 8.200000000000009948, -3.604444444999944874 ) ) ;
#5237 = PLANE ( 'NONE',  #1253 ) ;
#5238 = EDGE_LOOP ( 'NONE', ( #4313, #1591, #3860, #2881, #7142 ) ) ;
#5239 = DIRECTION ( 'NONE',  ( -1.000000000000000000, -1.644517855226007998E-15, 1.748601263784621946E-15 ) ) ;
#5240 = ORIENTED_EDGE ( 'NONE', *, *, #2093, .F. ) ;
#5241 = CONICAL_SURFACE ( 'NONE', #274, 1.724999996680999459, 0.4636476090007538020 ) ;
#5242 = VERTEX_POINT ( 'NONE', #3233 ) ;
#5243 = DIRECTION ( 'NONE',  ( -1.748601263784621946E-15, 0.0000000000000000000, -1.000000000000000000 ) ) ;
#5244 = CONICAL_SURFACE ( 'NONE', #1201, 1.724999996680999459, 0.4636476090007538020 ) ;
#5245 = LINE ( 'NONE', #2733, #3088 ) ;
#5246 = DIRECTION ( 'NONE',  ( 0.9333456062030537348, 0.3589790793088840637, -1.632049306554483636E-15 ) ) ;
#5247 = LINE ( 'NONE', #2163, #6535 ) ;
#5248 = EDGE_LOOP ( 'NONE', ( #7612, #5485, #5596, #312 ) ) ;
#5249 = CARTESIAN_POINT ( 'NONE',  ( 0.09999999999999419076, 8.199999999999308287, -6.124841765812941929 ) ) ;
#5250 = VECTOR ( 'NONE', #3270, 1000.000000000000000 ) ;
#5251 = CARTESIAN_POINT ( 'NONE',  ( 2.399999999999997691, 7.100000000000012079, -6.649999999999947065 ) ) ;
#5252 = CARTESIAN_POINT ( 'NONE',  ( 1.500000000000016875, 8.109625349781611092, 5.385000000000055742 ) ) ;
#5253 = ORIENTED_EDGE ( 'NONE', *, *, #304, .F. ) ;
#5254 = DIRECTION ( 'NONE',  ( -1.748601263784621946E-15, 0.0000000000000000000, -1.000000000000000000 ) ) ;
#5255 = AXIS2_PLACEMENT_3D ( 'NONE', #4713, #3452, #6447 ) ;
#5256 = MECHANICAL_DESIGN_GEOMETRIC_PRESENTATION_REPRESENTATION (  '', ( #6291 ), #5642 ) ;
#5257 = ADVANCED_FACE ( 'NONE', ( #5326 ), #6902, .T. ) ;
#5258 = LINE ( 'NONE', #3400, #3863 ) ;
#5259 = CARTESIAN_POINT ( 'NONE',  ( 9.800000000000016698, 7.394714285714323765, 6.100000000000038725 ) ) ;
#5260 = ORIENTED_EDGE ( 'NONE', *, *, #6932, .F. ) ;
#5261 = CARTESIAN_POINT ( 'NONE',  ( 1.399032498223161225, 9.172820256114674109, 0.3500000000000546008 ) ) ;
#5262 = EDGE_CURVE ( 'NONE', #3567, #255, #3308, .T. ) ;
#5263 = CARTESIAN_POINT ( 'NONE',  ( 1.500000000000016875, 8.200000000000009948, 6.340000000000054037 ) ) ;
#5264 = DIRECTION ( 'NONE',  ( -0.3589790793088810106, -0.9333456062030549560, 6.277112717517495216E-16 ) ) ;
#5265 = CIRCLE ( 'NONE', #4757, 1.399999999999000044 ) ;
#5266 = VECTOR ( 'NONE', #4979, 1000.000000000000000 ) ;
#5267 = VERTEX_POINT ( 'NONE', #3273 ) ;
#5268 =( LENGTH_UNIT ( ) NAMED_UNIT ( * ) SI_UNIT ( .MILLI., .METRE. ) );
#5269 = CARTESIAN_POINT ( 'NONE',  ( 1.500000000000006439, 8.200000000000009948, 0.3600000000000547207 ) ) ;
#5270 = ORIENTED_EDGE ( 'NONE', *, *, #4012, .T. ) ;
#5271 = FACE_OUTER_BOUND ( 'NONE', #5184, .T. ) ;
#5272 = VECTOR ( 'NONE', #6350, 1000.000000000000000 ) ;
#5273 = VECTOR ( 'NONE', #4715, 1000.000000000000000 ) ;
#5274 = CARTESIAN_POINT ( 'NONE',  ( -0.5999999999999912070, 8.800000000000006040, 1.740000000000056612 ) ) ;
#5275 = ADVANCED_FACE ( 'NONE', ( #2801 ), #2618, .F. ) ;
#5276 = VERTEX_POINT ( 'NONE', #4447 ) ;
#5277 = CYLINDRICAL_SURFACE ( 'NONE', #2036, 1.300000000000000044 ) ;
#5278 = ORIENTED_EDGE ( 'NONE', *, *, #269, .T. ) ;
#5279 = LINE ( 'NONE', #6972, #6799 ) ;
#5280 = VECTOR ( 'NONE', #162, 1000.000000000000000 ) ;
#5281 = AXIS2_PLACEMENT_3D ( 'NONE', #4084, #5264, #1547 ) ;
#5282 =( NAMED_UNIT ( * ) PLANE_ANGLE_UNIT ( ) SI_UNIT ( $, .RADIAN. ) );
#5283 = CARTESIAN_POINT ( 'NONE',  ( 2.500000000000003997, 3.750000000000012434, -5.949999999999945999 ) ) ;
#5284 = DIRECTION ( 'NONE',  ( 1.644517855226007998E-15, -1.000000000000000000, -2.890435660536363919E-30 ) ) ;
#5285 = CARTESIAN_POINT ( 'NONE',  ( 8.800000000000018474, 7.144714285714321989, 6.350000000000040501 ) ) ;
#5286 = VERTEX_POINT ( 'NONE', #94 ) ;
#5287 = DIRECTION ( 'NONE',  ( 1.748601263784621946E-15, 0.0000000000000000000, 1.000000000000000000 ) ) ;
#5288 = EDGE_CURVE ( 'NONE', #7136, #1158, #7583, .T. ) ;
#5289 = ORIENTED_EDGE ( 'NONE', *, *, #4438, .T. ) ;
#5290 = VECTOR ( 'NONE', #6680, 1000.000000000000000 ) ;
#5291 = ORIENTED_EDGE ( 'NONE', *, *, #4369, .F. ) ;
#5292 = DIRECTION ( 'NONE',  ( -1.748601263784621946E-15, 0.0000000000000000000, -1.000000000000000000 ) ) ;
#5293 = VECTOR ( 'NONE', #1511, 1000.000000000000000 ) ;
#5294 = VECTOR ( 'NONE', #6205, 1000.000000000000000 ) ;
#5295 = DIRECTION ( 'NONE',  ( -1.644517855226008195E-15, 1.000000000000000000, 2.890435660536364269E-30 ) ) ;
#5296 = CARTESIAN_POINT ( 'NONE',  ( 0.3996450882000103233, 8.199999999999308287, 2.669010516797055033 ) ) ;
#5297 = PRESENTATION_STYLE_ASSIGNMENT (( #1665 ) ) ;
#5298 = ORIENTED_EDGE ( 'NONE', *, *, #2603, .F. ) ;
#5299 = DIRECTION ( 'NONE',  ( -2.168404344971010446E-15, 0.3928571428571054347, -0.9195995135417112110 ) ) ;
#5300 = AXIS2_PLACEMENT_3D ( 'NONE', #6491, #2888, #7088 ) ;
#5301 = AXIS2_PLACEMENT_3D ( 'NONE', #5158, #5120, #5834 ) ;
#5302 = DIRECTION ( 'NONE',  ( -1.000000000000000000, -1.644517855226007998E-15, 1.748601263784621946E-15 ) ) ;
#5303 = CARTESIAN_POINT ( 'NONE',  ( 9.800000000000007816, 7.394714285714323765, 1.100000000000038503 ) ) ;
#5304 = ORIENTED_EDGE ( 'NONE', *, *, #119, .T. ) ;
#5305 = LINE ( 'NONE', #3559, #5832 ) ;
#5306 = PRESENTATION_LAYER_ASSIGNMENT (  '', '', ( #2324 ) ) ;
#5307 = CARTESIAN_POINT ( 'NONE',  ( 2.399999999999999467, 5.400000000000012790, -6.271320343559946053 ) ) ;
#5308 = CARTESIAN_POINT ( 'NONE',  ( -0.6000000000000015321, 10.75000000000000533, -2.349999999999943245 ) ) ;
#5309 = ORIENTED_EDGE ( 'NONE', *, *, #2734, .T. ) ;
#5310 = CARTESIAN_POINT ( 'NONE',  ( 9.699999999999992184, 12.25000000000002309, -3.449999999999960210 ) ) ;
#5311 = DIRECTION ( 'NONE',  ( -0.1520571842539017449, -2.500607545209352511E-16, 0.9883716976506232710 ) ) ;
#5312 = EDGE_CURVE ( 'NONE', #2469, #3565, #7734, .T. ) ;
#5313 = VERTEX_POINT ( 'NONE', #7875 ) ;
#5314 =( NAMED_UNIT ( * ) PLANE_ANGLE_UNIT ( ) SI_UNIT ( $, .RADIAN. ) );
#5315 = EDGE_CURVE ( 'NONE', #766, #533, #2822, .T. ) ;
#5316 = LINE ( 'NONE', #6671, #7355 ) ;
#5317 = VERTEX_POINT ( 'NONE', #4159 ) ;
#5318 = SURFACE_STYLE_USAGE ( .BOTH. , #2755 ) ;
#5319 = CARTESIAN_POINT ( 'NONE',  ( 2.400000000000025224, 5.400000000000012790, 7.971320343560052812 ) ) ;
#5320 = VERTEX_POINT ( 'NONE', #1092 ) ;
#5321 = LINE ( 'NONE', #322, #5535 ) ;
#5322 = EDGE_CURVE ( 'NONE', #1472, #5008, #1669, .T. ) ;
#5323 = ORIENTED_EDGE ( 'NONE', *, *, #3347, .T. ) ;
#5324 = CARTESIAN_POINT ( 'NONE',  ( 9.700000000000006395, 7.450000000000023270, 0.8500000000000399458 ) ) ;
#5325 = EDGE_CURVE ( 'NONE', #1901, #4800, #1578, .T. ) ;
#5326 = FACE_OUTER_BOUND ( 'NONE', #701, .T. ) ;
#5327 = DIRECTION ( 'NONE',  ( -1.748601263784621946E-15, 0.0000000000000000000, -1.000000000000000000 ) ) ;
#5328 = DIRECTION ( 'NONE',  ( -1.000000000000000000, -1.644517855226007998E-15, 1.748601263784621946E-15 ) ) ;
#5329 = AXIS2_PLACEMENT_3D ( 'NONE', #644, #3156, #6118 ) ;
#5330 = DIRECTION ( 'NONE',  ( 0.0000000000000000000, 0.0000000000000000000, 1.000000000000000000 ) ) ;
#5331 = ORIENTED_EDGE ( 'NONE', *, *, #3833, .F. ) ;
#5332 = CARTESIAN_POINT ( 'NONE',  ( -0.6000000000000067502, 10.75000000000000533, -5.949999999999940670 ) ) ;
#5333 = ORIENTED_EDGE ( 'NONE', *, *, #160, .F. ) ;
#5334 = CARTESIAN_POINT ( 'NONE',  ( 1.398548747335014442, 8.959230384172009565, 5.350000000000055600 ) ) ;
#5335 = ORIENTED_EDGE ( 'NONE', *, *, #3444, .F. ) ;
#5336 = CARTESIAN_POINT ( 'NONE',  ( 3.949999999999999734, 8.144714285714314883, -3.649999999999951061 ) ) ;
#5337 = ADVANCED_FACE ( 'NONE', ( #1013 ), #4040, .T. ) ;
#5338 = CARTESIAN_POINT ( 'NONE',  ( 9.800000000000006040, 7.894714285714324653, 0.6000000000000388356 ) ) ;
#5339 = DIRECTION ( 'NONE',  ( 1.801095893066396184E-14, 1.000000000000000000, -1.965547678589003492E-14 ) ) ;
#5340 = DIRECTION ( 'NONE',  ( 1.748601263784621946E-15, 0.0000000000000000000, 1.000000000000000000 ) ) ;
#5341 = ORIENTED_EDGE ( 'NONE', *, *, #5014, .T. ) ;
#5342 = CARTESIAN_POINT ( 'NONE',  ( -0.9999999999999940048, 10.75000000000000533, 2.650000000000057643 ) ) ;
#5343 = VECTOR ( 'NONE', #1204, 1000.000000000000000 ) ;
#5344 = DIRECTION ( 'NONE',  ( 1.748601263784621946E-15, 0.0000000000000000000, 1.000000000000000000 ) ) ;
#5345 = CARTESIAN_POINT ( 'NONE',  ( 11.00000000000003553, 3.750000000000026201, 8.350000000000054712 ) ) ;
#5346 = CARTESIAN_POINT ( 'NONE',  ( 9.699999999999999289, 7.450000000000023270, -4.149999999999960387 ) ) ;
#5347 = VERTEX_POINT ( 'NONE', #5252 ) ;
#5348 = PRESENTATION_STYLE_ASSIGNMENT (( #3606 ) ) ;
#5349 = PLANE ( 'NONE',  #5166 ) ;
#5350 = VERTEX_POINT ( 'NONE', #2169 ) ;
#5351 = DIRECTION ( 'NONE',  ( 0.0000000000000000000, -0.7142857142856899877, -0.6998542122237899621 ) ) ;
#5352 = ORIENTED_EDGE ( 'NONE', *, *, #7317, .T. ) ;
#5353 = LINE ( 'NONE', #3535, #1391 ) ;
#5354 = DIRECTION ( 'NONE',  ( 1.489513996486856603E-09, -1.000000000000000000, 7.237765942743975668E-10 ) ) ;
#5355 = EDGE_CURVE ( 'NONE', #3994, #6636, #6623, .T. ) ;
#5356 = ORIENTED_EDGE ( 'NONE', *, *, #2599, .T. ) ;
#5357 = SURFACE_SIDE_STYLE ('',( #1598 ) ) ;
#5358 = DIRECTION ( 'NONE',  ( -2.168404344971010446E-15, 0.3928571428571054347, -0.9195995135417112110 ) ) ;
#5359 = LINE ( 'NONE', #7737, #3397 ) ;
#5360 = ADVANCED_FACE ( 'NONE', ( #2777 ), #347, .F. ) ;
#5361 = VERTEX_POINT ( 'NONE', #6506 ) ;
#5362 = CARTESIAN_POINT ( 'NONE',  ( 0.1000000000000115380, 10.60000000000000675, 5.350000000000056488 ) ) ;
#5363 = ORIENTED_EDGE ( 'NONE', *, *, #4844, .F. ) ;
#5364 = ADVANCED_FACE ( 'NONE', ( #6071 ), #4663, .T. ) ;
#5365 = CARTESIAN_POINT ( 'NONE',  ( 1.400000004427009337, 8.199999999929909578, 2.137439316581053461 ) ) ;
#5366 = ORIENTED_EDGE ( 'NONE', *, *, #760, .F. ) ;
#5367 = DIRECTION ( 'NONE',  ( -1.000000000000000000, -1.644517855226007801E-15, 1.748601263784621748E-15 ) ) ;
#5368 = DIRECTION ( 'NONE',  ( -0.9428090415820753467, 0.2357022603954918305, -0.2357022603954917472 ) ) ;
#5369 = LINE ( 'NONE', #7696, #6633 ) ;
#5370 = AXIS2_PLACEMENT_3D ( 'NONE', #4044, #3437, #849 ) ;
#5371 = EDGE_CURVE ( 'NONE', #6624, #3636, #4123, .T. ) ;
#5372 = DIRECTION ( 'NONE',  ( 1.000000000000000000, 1.644517855226007998E-15, -1.748601263784621748E-15 ) ) ;
#5373 = VERTEX_POINT ( 'NONE', #7828 ) ;
#5374 = EDGE_CURVE ( 'NONE', #2198, #6271, #7266, .T. ) ;
#5375 = FILL_AREA_STYLE ('',( #4697 ) ) ;
#5376 = VECTOR ( 'NONE', #7626, 1000.000000000000227 ) ;
#5377 = CARTESIAN_POINT ( 'NONE',  ( 10.35000000000000675, 5.300000000000025580, -1.649999999999962164 ) ) ;
#5378 = DIRECTION ( 'NONE',  ( -1.748601263784621946E-15, 0.0000000000000000000, -1.000000000000000000 ) ) ;
#5379 = DIRECTION ( 'NONE',  ( -1.748601263784621946E-15, 0.0000000000000000000, -1.000000000000000000 ) ) ;
#5380 = EDGE_LOOP ( 'NONE', ( #6064, #7539, #2345, #7804 ) ) ;
#5381 = VECTOR ( 'NONE', #5778, 1000.000000000000227 ) ;
#5382 = EDGE_CURVE ( 'NONE', #6689, #4836, #301, .T. ) ;
#5383 = SURFACE_SIDE_STYLE ('',( #3528 ) ) ;
#5384 = SURFACE_STYLE_USAGE ( .BOTH. , #4790 ) ;
#5385 = ORIENTED_EDGE ( 'NONE', *, *, #6106, .F. ) ;
#5386 = VECTOR ( 'NONE', #3510, 1000.000000000000000 ) ;
#5387 = VECTOR ( 'NONE', #3899, 1000.000000000000000 ) ;
#5388 = FACE_OUTER_BOUND ( 'NONE', #2273, .T. ) ;
#5389 = ORIENTED_EDGE ( 'NONE', *, *, #6317, .T. ) ;
#5390 = LINE ( 'NONE', #7198, #5542 ) ;
#5391 = LINE ( 'NONE', #2309, #5004 ) ;
#5392 = AXIS2_PLACEMENT_3D ( 'NONE', #3739, #2393, #6217 ) ;
#5393 = VECTOR ( 'NONE', #738, 1000.000000000000000 ) ;
#5394 = PRESENTATION_STYLE_ASSIGNMENT (( #2383 ) ) ;
#5395 = EDGE_LOOP ( 'NONE', ( #1938, #7606, #7114, #2563 ) ) ;
#5396 = CARTESIAN_POINT ( 'NONE',  ( -0.1999999993499926854, 8.599999999630806968, 1.439999997785056829 ) ) ;
#5397 =( NAMED_UNIT ( * ) SI_UNIT ( $, .STERADIAN. ) SOLID_ANGLE_UNIT ( ) );
#5398 = CARTESIAN_POINT ( 'NONE',  ( 11.00000000000000178, 11.75000000000002487, 1.750000000000037081 ) ) ;
#5399 = VECTOR ( 'NONE', #5866, 1000.000000000000000 ) ;
#5400 = STYLED_ITEM ( 'NONE', ( #3759 ), #714 ) ;
#5401 = SURFACE_STYLE_FILL_AREA ( #2920 ) ;
#5402 = LINE ( 'NONE', #2761, #3795 ) ;
#5403 = ORIENTED_EDGE ( 'NONE', *, *, #3380, .F. ) ;
#5404 = LINE ( 'NONE', #1565, #5894 ) ;
#5405 = ORIENTED_EDGE ( 'NONE', *, *, #7247, .T. ) ;
#5406 = VECTOR ( 'NONE', #7231, 1000.000000000000114 ) ;
#5407 = VECTOR ( 'NONE', #4015, 1000.000000000000000 ) ;
#5408 = DIRECTION ( 'NONE',  ( 1.748601263784621946E-15, 0.0000000000000000000, 1.000000000000000000 ) ) ;
#5409 = VERTEX_POINT ( 'NONE', #5303 ) ;
#5410 = ADVANCED_FACE ( 'NONE', ( #472 ), #6747, .T. ) ;
#5411 = CARTESIAN_POINT ( 'NONE',  ( 2.399999999999997691, 7.100000000000012079, -6.649999999999947065 ) ) ;
#5412 = FACE_OUTER_BOUND ( 'NONE', #4093, .T. ) ;
#5413 = EDGE_CURVE ( 'NONE', #5673, #1140, #3015, .T. ) ;
#5414 = DIRECTION ( 'NONE',  ( -1.748601263784621946E-15, 0.0000000000000000000, -1.000000000000000000 ) ) ;
#5415 = AXIS2_PLACEMENT_3D ( 'NONE', #3861, #659, #6290 ) ;
#5416 = VECTOR ( 'NONE', #2833, 1000.000000000000000 ) ;
#5417 = PLANE ( 'NONE',  #2914 ) ;
#5418 = ORIENTED_EDGE ( 'NONE', *, *, #5732, .T. ) ;
#5419 = CARTESIAN_POINT ( 'NONE',  ( 10.99999999999998934, 5.400000000000026112, -11.64999999999995950 ) ) ;
#5420 = LINE ( 'NONE', #6539, #2550 ) ;
#5421 = AXIS2_PLACEMENT_3D ( 'NONE', #2171, #4666, #2124 ) ;
#5422 = DIRECTION ( 'NONE',  ( -0.7427813513546137614, 0.3713906757630058286, 0.5570860167300123456 ) ) ;
#5423 = ADVANCED_FACE ( 'NONE', ( #5459 ), #4854, .T. ) ;
#5424 = DIRECTION ( 'NONE',  ( -1.000000000000000000, -1.644517855226007801E-15, 1.748601263784621748E-15 ) ) ;
#5425 = DIRECTION ( 'NONE',  ( 1.000000000000000000, 1.644517855226008195E-15, 0.0000000000000000000 ) ) ;
#5426 = CARTESIAN_POINT ( 'NONE',  ( 0.9357739704000129777, 8.199999999999709743, 4.313133392083054574 ) ) ;
#5427 = ORIENTED_EDGE ( 'NONE', *, *, #5312, .T. ) ;
#5428 = AXIS2_PLACEMENT_3D ( 'NONE', #4673, #4051, #1549 ) ;
#5429 = MECHANICAL_DESIGN_GEOMETRIC_PRESENTATION_REPRESENTATION (  '', ( #7219 ), #5678 ) ;
#5430 = PLANE ( 'NONE',  #2051 ) ;
#5431 = ORIENTED_EDGE ( 'NONE', *, *, #3767, .T. ) ;
#5432 = VECTOR ( 'NONE', #6307, 1000.000000000000000 ) ;
#5433 = VECTOR ( 'NONE', #2725, 1000.000000000000000 ) ;
#5434 = EDGE_CURVE ( 'NONE', #6769, #2397, #1293, .T. ) ;
#5435 = FACE_OUTER_BOUND ( 'NONE', #3981, .T. ) ;
#5436 = ORIENTED_EDGE ( 'NONE', *, *, #524, .T. ) ;
#5437 = DIRECTION ( 'NONE',  ( -1.748601263784621748E-15, 0.0000000000000000000, -1.000000000000000000 ) ) ;
#5438 = CARTESIAN_POINT ( 'NONE',  ( 1.125000000000018430, 6.200000000000009059, 5.360000000000054499 ) ) ;
#5439 =( NAMED_UNIT ( * ) PLANE_ANGLE_UNIT ( ) SI_UNIT ( $, .RADIAN. ) );
#5440 = ORIENTED_EDGE ( 'NONE', *, *, #3075, .T. ) ;
#5441 = SURFACE_STYLE_FILL_AREA ( #7892 ) ;
#5442 = PLANE ( 'NONE',  #3733 ) ;
#5443 = CARTESIAN_POINT ( 'NONE',  ( 0.7500000000000127676, -0.2499999999999906741, -3.899999999999945288 ) ) ;
#5444 = DIRECTION ( 'NONE',  ( 0.9486832980505243151, 1.560126622598782728E-15, 0.3162277660168062443 ) ) ;
#5445 = ORIENTED_EDGE ( 'NONE', *, *, #473, .F. ) ;
#5446 = SURFACE_SIDE_STYLE ('',( #6167 ) ) ;
#5447 = EDGE_LOOP ( 'NONE', ( #2008, #7919, #8, #7618, #2731, #2072 ) ) ;
#5448 =( NAMED_UNIT ( * ) SI_UNIT ( $, .STERADIAN. ) SOLID_ANGLE_UNIT ( ) );
#5449 = EDGE_LOOP ( 'NONE', ( #4846, #5600, #3012, #4283 ) ) ;
#5450 = LINE ( 'NONE', #1123, #46 ) ;
#5451 = LINE ( 'NONE', #7413, #1655 ) ;
#5452 = CARTESIAN_POINT ( 'NONE',  ( -1.000000000000007772, 10.75000000000000533, -5.949999999999940670 ) ) ;
#5453 = CARTESIAN_POINT ( 'NONE',  ( 0.5999999999999998668, 8.200000000000009948, -3.604444444999944874 ) ) ;
#5454 = ORIENTED_EDGE ( 'NONE', *, *, #5191, .F. ) ;
#5455 = ADVANCED_FACE ( 'NONE', ( #2495 ), #2459, .T. ) ;
#5456 = CARTESIAN_POINT ( 'NONE',  ( 0.7000000000000148326, 8.200000000000009948, 5.310000000000055564 ) ) ;
#5457 = LINE ( 'NONE', #963, #1489 ) ;
#5458 = EDGE_CURVE ( 'NONE', #6460, #4595, #5578, .T. ) ;
#5459 = FACE_OUTER_BOUND ( 'NONE', #2917, .T. ) ;
#5460 = CARTESIAN_POINT ( 'NONE',  ( 1.398548747333999698, 8.959230384045008933, -3.649999999999946620 ) ) ;
#5461 = CARTESIAN_POINT ( 'NONE',  ( 1.955294117647008223, 8.144714285714311330, 0.3850000000000536882 ) ) ;
#5462 = DIRECTION ( 'NONE',  ( -1.748601263784621748E-15, 0.0000000000000000000, -1.000000000000000000 ) ) ;
#5463 = CARTESIAN_POINT ( 'NONE',  ( 9.700000000000015277, 7.450000000000023270, 5.850000000000040501 ) ) ;
#5464 = ORIENTED_EDGE ( 'NONE', *, *, #6634, .T. ) ;
#5465 = EDGE_CURVE ( 'NONE', #2528, #315, #4360, .T. ) ;
#5466 = CARTESIAN_POINT ( 'NONE',  ( 1.955294117647009999, 8.144714285714311330, 1.315000000000053015 ) ) ;
#5467 = FILL_AREA_STYLE ('',( #6081 ) ) ;
#5468 = ADVANCED_FACE ( 'NONE', ( #5696 ), #6940, .T. ) ;
#5469 = ORIENTED_EDGE ( 'NONE', *, *, #2824, .F. ) ;
#5470 = CARTESIAN_POINT ( 'NONE',  ( 0.1000000000000210443, 7.650000000000007461, 8.350000000000054712 ) ) ;
#5471 = ORIENTED_EDGE ( 'NONE', *, *, #3926, .F. ) ;
#5472 = DIRECTION ( 'NONE',  ( -1.748601263784621748E-15, 0.0000000000000000000, -1.000000000000000000 ) ) ;
#5473 = EDGE_CURVE ( 'NONE', #3838, #4637, #7655, .T. ) ;
#5474 = CARTESIAN_POINT ( 'NONE',  ( 0.5000000000000281997, 0.7500000000000093259, 5.350000000000057376 ) ) ;
#5475 = B_SPLINE_CURVE_WITH_KNOTS ( 'NONE', 3,
 ( #4608, #1487, #3875, #7584 ),
 .UNSPECIFIED., .F., .F.,
 ( 4, 4 ),
 ( 0.0000000000000000000, 1.000000000000000000 ),
 .UNSPECIFIED. ) ;
#5476 = DIRECTION ( 'NONE',  ( 1.644517855226008195E-15, -1.000000000000000000, -2.890435660536364269E-30 ) ) ;
#5477 = EDGE_CURVE ( 'NONE', #2384, #4595, #216, .T. ) ;
#5478 = EDGE_CURVE ( 'NONE', #6138, #1429, #7510, .T. ) ;
#5479 = ORIENTED_EDGE ( 'NONE', *, *, #5989, .T. ) ;
#5480 = CARTESIAN_POINT ( 'NONE',  ( 1.500000000000020428, 0.7500000000000111022, 0.3500000000000551559 ) ) ;
#5481 = CARTESIAN_POINT ( 'NONE',  ( -0.1999999927999943083, 4.200000000000007283, -3.560000005399943213 ) ) ;
#5482 = ORIENTED_EDGE ( 'NONE', *, *, #5138, .F. ) ;
#5483 = PLANE ( 'NONE',  #585 ) ;
#5484 = FACE_OUTER_BOUND ( 'NONE', #5163, .T. ) ;
#5485 = ORIENTED_EDGE ( 'NONE', *, *, #780, .F. ) ;
#5486 = ORIENTED_EDGE ( 'NONE', *, *, #3633, .F. ) ;
#5487 = EDGE_CURVE ( 'NONE', #497, #1799, #4606, .T. ) ;
#5488 = CARTESIAN_POINT ( 'NONE',  ( 1.399516249111591559, 9.386410128057342206, 5.350000000000054712 ) ) ;
#5489 = EDGE_LOOP ( 'NONE', ( #6341, #1182, #2325, #6444, #7019 ) ) ;
#5490 = LINE ( 'NONE', #3701, #975 ) ;
#5491 = CARTESIAN_POINT ( 'NONE',  ( 1.800000000000011591, 6.844714285714310620, 1.340000000000053815 ) ) ;
#5492 = CYLINDRICAL_SURFACE ( 'NONE', #647, 2.949999999999999289 ) ;
#5493 = EDGE_LOOP ( 'NONE', ( #2490, #3587, #2907, #84 ) ) ;
#5494 = SURFACE_STYLE_FILL_AREA ( #3013 ) ;
#5495 = FILL_AREA_STYLE_COLOUR ( '', #6682 ) ;
#5496 = FILL_AREA_STYLE ('',( #52 ) ) ;
#5497 = SURFACE_STYLE_FILL_AREA ( #3145 ) ;
#5498 = CARTESIAN_POINT ( 'NONE',  ( 11.00000000000002309, 5.200000000000025935, 8.054540768505036752 ) ) ;
#5499 = DIRECTION ( 'NONE',  ( 1.000000000000000000, 1.644517855226007998E-15, -1.748601263784621946E-15 ) ) ;
#5500 = ORIENTED_EDGE ( 'NONE', *, *, #3585, .T. ) ;
#5501 = DIRECTION ( 'NONE',  ( -1.748601263784621946E-15, 0.0000000000000000000, -1.000000000000000000 ) ) ;
#5502 = CONICAL_SURFACE ( 'NONE', #7172, 1.724999996680999459, 0.4636476090007538020 ) ;
#5503 = VERTEX_POINT ( 'NONE', #1959 ) ;
#5504 = UNCERTAINTY_MEASURE_WITH_UNIT (LENGTH_MEASURE( 1.000000000000000082E-05 ), #515, 'distance_accuracy_value', 'NONE');
#5505 = ADVANCED_FACE ( 'NONE', ( #6421 ), #4573, .T. ) ;
#5506 = DIRECTION ( 'NONE',  ( -1.000000000000000000, -1.644517855226007801E-15, 1.748601263784621748E-15 ) ) ;
#5507 = ORIENTED_EDGE ( 'NONE', *, *, #2645, .F. ) ;
#5508 = STYLED_ITEM ( 'NONE', ( #1282 ), #4177 ) ;
#5509 = DIRECTION ( 'NONE',  ( -1.748601263784621946E-15, 0.0000000000000000000, -1.000000000000000000 ) ) ;
#5510 = EDGE_CURVE ( 'NONE', #751, #3815, #7622, .T. ) ;
#5511 = DIRECTION ( 'NONE',  ( -1.748601263784621748E-15, 1.482966057179082451E-32, -1.000000000000000000 ) ) ;
#5512 = ORIENTED_EDGE ( 'NONE', *, *, #876, .T. ) ;
#5513 = CARTESIAN_POINT ( 'NONE',  ( 9.299999999999997158, 7.644714285714304225, -4.524999999999958611 ) ) ;
#5514 = CARTESIAN_POINT ( 'NONE',  ( -1.000000000000002665, 10.75000000000000533, -2.349999999999942357 ) ) ;
#5515 = SURFACE_SIDE_STYLE ('',( #6163 ) ) ;
#5516 = EDGE_CURVE ( 'NONE', #1496, #7232, #5736, .T. ) ;
#5517 = CARTESIAN_POINT ( 'NONE',  ( 1.400000000000017453, 8.960000000000009734, 6.343862328995053979 ) ) ;
#5518 = ORIENTED_EDGE ( 'NONE', *, *, #5611, .T. ) ;
#5519 = CARTESIAN_POINT ( 'NONE',  ( 0.7250000000000120792, 6.200000000000009059, 1.365000000000055502 ) ) ;
#5520 = VERTEX_POINT ( 'NONE', #1409 ) ;
#5521 = ORIENTED_EDGE ( 'NONE', *, *, #3336, .F. ) ;
#5522 = ORIENTED_EDGE ( 'NONE', *, *, #3833, .T. ) ;
#5523 = AXIS2_PLACEMENT_3D ( 'NONE', #5786, #4422, #1302 ) ;
#5524 = VECTOR ( 'NONE', #4659, 1000.000000000000000 ) ;
#5525 = LINE ( 'NONE', #6695, #5923 ) ;
#5526 = LINE ( 'NONE', #6697, #5556 ) ;
#5527 = EDGE_CURVE ( 'NONE', #6871, #3033, #1624, .T. ) ;
#5528 = CARTESIAN_POINT ( 'NONE',  ( 1.500000000000016875, 8.200000000000009948, 6.315000000000053682 ) ) ;
#5529 = FACE_OUTER_BOUND ( 'NONE', #6258, .T. ) ;
#5530 = ORIENTED_EDGE ( 'NONE', *, *, #813, .T. ) ;
#5531 = VECTOR ( 'NONE', #6520, 1000.000000000000000 ) ;
#5532 = FACE_OUTER_BOUND ( 'NONE', #7885, .T. ) ;
#5533 = DIRECTION ( 'NONE',  ( -1.644517855226007801E-15, 1.000000000000000000, 2.890435660536363568E-30 ) ) ;
#5534 = VECTOR ( 'NONE', #1662, 1000.000000000000000 ) ;
#5535 = VECTOR ( 'NONE', #2845, 1000.000000000000000 ) ;
#5536 = CARTESIAN_POINT ( 'NONE',  ( 8.800000000000009592, 7.144714285714321989, 1.350000000000040501 ) ) ;
#5537 = FACE_OUTER_BOUND ( 'NONE', #1224, .T. ) ;
#5538 = PLANE ( 'NONE',  #864 ) ;
#5539 = CARTESIAN_POINT ( 'NONE',  ( 3.949999999999999734, 8.144714285714314883, -3.649999999999951061 ) ) ;
#5540 = ORIENTED_EDGE ( 'NONE', *, *, #5138, .T. ) ;
#5541 =( LENGTH_UNIT ( ) NAMED_UNIT ( * ) SI_UNIT ( .MILLI., .METRE. ) );
#5542 = VECTOR ( 'NONE', #4596, 1000.000000000000000 ) ;
#5543 =( GEOMETRIC_REPRESENTATION_CONTEXT ( 3 ) GLOBAL_UNCERTAINTY_ASSIGNED_CONTEXT ( ( #1336 ) ) GLOBAL_UNIT_ASSIGNED_CONTEXT ( ( #1521, #3379, #3505 ) ) REPRESENTATION_CONTEXT ( 'NONE', 'WORKASPACE' ) );
#5544 = AXIS2_PLACEMENT_3D ( 'NONE', #2586, #3191, #6357 ) ;
#5545 = CARTESIAN_POINT ( 'NONE',  ( 0.1000000000000236811, 5.400000000000009237, 7.850000000000056488 ) ) ;
#5546 = ORIENTED_EDGE ( 'NONE', *, *, #3336, .T. ) ;
#5547 = VECTOR ( 'NONE', #1421, 1000.000000000000114 ) ;
#5548 =( NAMED_UNIT ( * ) PLANE_ANGLE_UNIT ( ) SI_UNIT ( $, .RADIAN. ) );
#5549 = ORIENTED_EDGE ( 'NONE', *, *, #833, .F. ) ;
#5550 = CONICAL_SURFACE ( 'NONE', #7604, 3.049999998679999269, 0.1526493283952326530 ) ;
#5551 = AXIS2_PLACEMENT_3D ( 'NONE', #610, #6877, #2631 ) ;
#5552 = CARTESIAN_POINT ( 'NONE',  ( 9.908938232858016448, 5.367855656478024429, 3.715041966472039103 ) ) ;
#5553 = LINE ( 'NONE', #5474, #1470 ) ;
#5554 = ADVANCED_FACE ( 'NONE', ( #5062 ), #7199, .T. ) ;
#5555 = CIRCLE ( 'NONE', #2960, 0.9999999999999991118 ) ;
#5556 = VECTOR ( 'NONE', #541, 1000.000000000000000 ) ;
#5557 = CIRCLE ( 'NONE', #1656, 3.149999999999999467 ) ;
#5558 = ORIENTED_EDGE ( 'NONE', *, *, #5487, .F. ) ;
#5559 = EDGE_CURVE ( 'NONE', #5827, #6769, #3905, .T. ) ;
#5560 = LINE ( 'NONE', #2513, #4618 ) ;
#5561 = DIRECTION ( 'NONE',  ( 1.634159799354254388E-15, -1.000000000000000000, 0.0000000000000000000 ) ) ;
#5562 = CARTESIAN_POINT ( 'NONE',  ( 1.300000000000014699, 5.400000000000011013, 2.450000000000054357 ) ) ;
#5563 = ORIENTED_EDGE ( 'NONE', *, *, #3842, .F. ) ;
#5564 = SURFACE_SIDE_STYLE ('',( #1852 ) ) ;
#5565 = VERTEX_POINT ( 'NONE', #794 ) ;
#5566 = ORIENTED_EDGE ( 'NONE', *, *, #1063, .T. ) ;
#5567 = EDGE_CURVE ( 'NONE', #3567, #1995, #6819, .T. ) ;
#5568 = VERTEX_POINT ( 'NONE', #834 ) ;
#5569 = CARTESIAN_POINT ( 'NONE',  ( 1.500000000000016875, 8.200000000000009948, 6.340000000000054037 ) ) ;
#5570 = SURFACE_SIDE_STYLE ('',( #3096 ) ) ;
#5571 = CARTESIAN_POINT ( 'NONE',  ( 1.400000000000015898, 8.960000000000009734, 5.356137671005056333 ) ) ;
#5572 = VERTEX_POINT ( 'NONE', #1441 ) ;
#5573 = DIRECTION ( 'NONE',  ( -1.000000000000000000, -1.644517855226007998E-15, 1.748601263784621946E-15 ) ) ;
#5574 = ORIENTED_EDGE ( 'NONE', *, *, #883, .T. ) ;
#5575 = DIRECTION ( 'NONE',  ( -1.644517855226007998E-15, 1.000000000000000000, 2.890435660536363919E-30 ) ) ;
#5576 = EDGE_CURVE ( 'NONE', #8041, #1597, #7069, .T. ) ;
#5577 = STYLED_ITEM ( 'NONE', ( #1261 ), #2342 ) ;
#5578 = LINE ( 'NONE', #7420, #1228 ) ;
#5579 = DIRECTION ( 'NONE',  ( 1.000000000000000000, 1.644517855226007998E-15, -1.748601263784621946E-15 ) ) ;
#5580 = PLANE ( 'NONE',  #7943 ) ;
#5581 = ORIENTED_EDGE ( 'NONE', *, *, #5037, .F. ) ;
#5582 =( NAMED_UNIT ( * ) PLANE_ANGLE_UNIT ( ) SI_UNIT ( $, .RADIAN. ) );
#5583 = FACE_OUTER_BOUND ( 'NONE', #1712, .T. ) ;
#5584 = VERTEX_POINT ( 'NONE', #2202 ) ;
#5585 = UNCERTAINTY_MEASURE_WITH_UNIT (LENGTH_MEASURE( 1.000000000000000082E-05 ), #1202, 'distance_accuracy_value', 'NONE');
#5586 = ORIENTED_EDGE ( 'NONE', *, *, #4365, .F. ) ;
#5587 = FILL_AREA_STYLE ('',( #4457 ) ) ;
#5588 = PLANE ( 'NONE',  #1610 ) ;
#5589 = SURFACE_SIDE_STYLE ('',( #3252 ) ) ;
#5590 = ORIENTED_EDGE ( 'NONE', *, *, #249, .T. ) ;
#5591 = CARTESIAN_POINT ( 'NONE',  ( 1.398548747335014442, 8.959230384172009565, 5.350000000000055600 ) ) ;
#5592 = CARTESIAN_POINT ( 'NONE',  ( 9.799999999999998934, 7.394714285714323765, -3.899999999999961720 ) ) ;
#5593 =( GEOMETRIC_REPRESENTATION_CONTEXT ( 3 ) GLOBAL_UNCERTAINTY_ASSIGNED_CONTEXT ( ( #1418 ) ) GLOBAL_UNIT_ASSIGNED_CONTEXT ( ( #1921, #6710, #7944 ) ) REPRESENTATION_CONTEXT ( 'NONE', 'WORKASPACE' ) );
#5594 = PRESENTATION_STYLE_ASSIGNMENT (( #2478 ) ) ;
#5595 = DIRECTION ( 'NONE',  ( -1.000000000000000000, -1.644517855226007998E-15, 1.748601263784621946E-15 ) ) ;
#5596 = ORIENTED_EDGE ( 'NONE', *, *, #1517, .F. ) ;
#5597 = CARTESIAN_POINT ( 'NONE',  ( 1.799999999999999600, 8.144714285714311330, -4.614999999999946034 ) ) ;
#5598 = ORIENTED_EDGE ( 'NONE', *, *, #5371, .T. ) ;
#5599 = ORIENTED_EDGE ( 'NONE', *, *, #2827, .T. ) ;
#5600 = ORIENTED_EDGE ( 'NONE', *, *, #5842, .F. ) ;
#5601 = FILL_AREA_STYLE ('',( #540 ) ) ;
#5602 = EDGE_CURVE ( 'NONE', #5046, #3497, #6067, .T. ) ;
#5603 = DIRECTION ( 'NONE',  ( -1.748601263784621946E-15, 0.0000000000000000000, -1.000000000000000000 ) ) ;
#5604 = CARTESIAN_POINT ( 'NONE',  ( 0.7400000000000011013, 7.597309794603359201, -3.649999999999944844 ) ) ;
#5605 = VERTEX_POINT ( 'NONE', #3986 ) ;
#5606 = DIRECTION ( 'NONE',  ( -1.644517855226007801E-15, 1.000000000000000000, 2.890435660536363568E-30 ) ) ;
#5607 = EDGE_CURVE ( 'NONE', #2225, #3636, #5886, .T. ) ;
#5608 = ORIENTED_EDGE ( 'NONE', *, *, #7738, .T. ) ;
#5609 =( NAMED_UNIT ( * ) SI_UNIT ( $, .STERADIAN. ) SOLID_ANGLE_UNIT ( ) );
#5610 = SURFACE_STYLE_FILL_AREA ( #4285 ) ;
#5611 = EDGE_CURVE ( 'NONE', #6009, #7001, #1613, .T. ) ;
#5612 = DIRECTION ( 'NONE',  ( 1.748601263784621946E-15, 0.0000000000000000000, 1.000000000000000000 ) ) ;
#5613 = PRESENTATION_STYLE_ASSIGNMENT (( #6749 ) ) ;
#5614 = DIRECTION ( 'NONE',  ( 1.748601263784621946E-15, 0.0000000000000000000, 1.000000000000000000 ) ) ;
#5615 = EDGE_CURVE ( 'NONE', #3914, #4556, #2767, .T. ) ;
#5616 = EDGE_LOOP ( 'NONE', ( #4828, #7730, #4231, #8011 ) ) ;
#5617 = SURFACE_STYLE_USAGE ( .BOTH. , #4414 ) ;
#5618 = SURFACE_SIDE_STYLE ('',( #5659 ) ) ;
#5619 = ORIENTED_EDGE ( 'NONE', *, *, #2153, .F. ) ;
#5620 = B_SPLINE_CURVE_WITH_KNOTS ( 'NONE', 3,
 ( #564, #2472, #4954, #6842 ),
 .UNSPECIFIED., .F., .F.,
 ( 4, 4 ),
 ( 0.0000000000000000000, 1.000000000000000000 ),
 .UNSPECIFIED. ) ;
#5621 = CARTESIAN_POINT ( 'NONE',  ( 2.400000000000011458, 10.60000000000001030, 5.350000000000053824 ) ) ;
#5622 = ORIENTED_EDGE ( 'NONE', *, *, #559, .T. ) ;
#5623 =( LENGTH_UNIT ( ) NAMED_UNIT ( * ) SI_UNIT ( .MILLI., .METRE. ) );
#5624 = EDGE_CURVE ( 'NONE', #6425, #4346, #4729, .T. ) ;
#5625 = STYLED_ITEM ( 'NONE', ( #3285 ), #3630 ) ;
#5626 = LINE ( 'NONE', #3202, #831 ) ;
#5627 = CARTESIAN_POINT ( 'NONE',  ( -0.5999999999999825473, 4.200000000000007283, 2.650000000000056755 ) ) ;
#5628 = CARTESIAN_POINT ( 'NONE',  ( 1.375000000000028866, 0.2500000000000106581, 5.850000000000053824 ) ) ;
#5629 = ORIENTED_EDGE ( 'NONE', *, *, #1988, .F. ) ;
#5630 = LINE ( 'NONE', #1345, #427 ) ;
#5631 = CARTESIAN_POINT ( 'NONE',  ( 1.400000000000005462, 10.60000000000000853, 1.350000000000053380 ) ) ;
#5632 = FILL_AREA_STYLE_COLOUR ( '', #3997 ) ;
#5633 = CARTESIAN_POINT ( 'NONE',  ( 1.398548747334997122, 8.959230384172009565, -4.649999999999945288 ) ) ;
#5634 = ORIENTED_EDGE ( 'NONE', *, *, #6251, .F. ) ;
#5635 = CARTESIAN_POINT ( 'NONE',  ( 0.7433105578600190944, 7.601972579975209143, 6.346689442142055881 ) ) ;
#5636 = EDGE_LOOP ( 'NONE', ( #155, #6214, #1397, #5253 ) ) ;
#5637 = AXIS2_PLACEMENT_3D ( 'NONE', #7652, #3304, #5693 ) ;
#5638 = ORIENTED_EDGE ( 'NONE', *, *, #7570, .T. ) ;
#5639 = ORIENTED_EDGE ( 'NONE', *, *, #5477, .F. ) ;
#5640 = DIRECTION ( 'NONE',  ( 0.2357022603954955775, -0.9428090415820740144, 0.2357022603954931905 ) ) ;
#5641 = PRESENTATION_LAYER_ASSIGNMENT (  '', '', ( #4878 ) ) ;
#5642 =( GEOMETRIC_REPRESENTATION_CONTEXT ( 3 ) GLOBAL_UNCERTAINTY_ASSIGNED_CONTEXT ( ( #2751 ) ) GLOBAL_UNIT_ASSIGNED_CONTEXT ( ( #1108, #488, #1307 ) ) REPRESENTATION_CONTEXT ( 'NONE', 'WORKASPACE' ) );
#5643 = CARTESIAN_POINT ( 'NONE',  ( 9.799999999999997158, 7.894714285714324653, -4.399999999999961275 ) ) ;
#5644 = CARTESIAN_POINT ( 'NONE',  ( 1.398548747335014442, 8.959230384172009565, 5.350000000000055600 ) ) ;
#5645 = ORIENTED_EDGE ( 'NONE', *, *, #3748, .T. ) ;
#5646 = DIRECTION ( 'NONE',  ( 0.9701425001453382047, 1.595416663602607856E-15, 0.2425356250363077670 ) ) ;
#5647 = ORIENTED_EDGE ( 'NONE', *, *, #2614, .F. ) ;
#5648 = FILL_AREA_STYLE_COLOUR ( '', #3205 ) ;
#5649 = AXIS2_PLACEMENT_3D ( 'NONE', #6030, #514, #2297 ) ;
#5650 = EDGE_CURVE ( 'NONE', #413, #5605, #3552, .T. ) ;
#5651 = EDGE_CURVE ( 'NONE', #3027, #7669, #2896, .T. ) ;
#5652 = DIRECTION ( 'NONE',  ( -1.297538235904699311E-15, -0.2425356250363094601, -0.9701425001453377606 ) ) ;
#5653 = FACE_OUTER_BOUND ( 'NONE', #6809, .T. ) ;
#5654 = SURFACE_SIDE_STYLE ('',( #5497 ) ) ;
#5655 = AXIS2_PLACEMENT_3D ( 'NONE', #4320, #6260, #7342 ) ;
#5656 = LINE ( 'NONE', #3716, #547 ) ;
#5657 = VERTEX_POINT ( 'NONE', #414 ) ;
#5658 = CARTESIAN_POINT ( 'NONE',  ( 1.500000000000009992, 8.109625349781611092, 1.315000000000053904 ) ) ;
#5659 = SURFACE_STYLE_FILL_AREA ( #1334 ) ;
#5660 = VECTOR ( 'NONE', #4848, 1000.000000000000000 ) ;
#5661 = AXIS2_PLACEMENT_3D ( 'NONE', #2551, #1341, #72 ) ;
#5662 = EDGE_LOOP ( 'NONE', ( #1381, #678, #5859, #3663, #5363 ) ) ;
#5663 = EDGE_CURVE ( 'NONE', #1405, #6138, #4028, .T. ) ;
#5664 = UNCERTAINTY_MEASURE_WITH_UNIT (LENGTH_MEASURE( 1.000000000000000082E-05 ), #6215, 'distance_accuracy_value', 'NONE');
#5665 = ORIENTED_EDGE ( 'NONE', *, *, #6597, .T. ) ;
#5666 = EDGE_LOOP ( 'NONE', ( #232, #7394, #6354, #4053, #2737 ) ) ;
#5667 = ORIENTED_EDGE ( 'NONE', *, *, #3511, .T. ) ;
#5668 = DIRECTION ( 'NONE',  ( 0.1520571842539018281, 0.9883716976506232710, -2.658873845539038370E-16 ) ) ;
#5669 = VECTOR ( 'NONE', #5157, 1000.000000000000000 ) ;
#5670 = STYLED_ITEM ( 'NONE', ( #4251 ), #1561 ) ;
#5671 = LINE ( 'NONE', #6957, #3839 ) ;
#5672 = ADVANCED_FACE ( 'NONE', ( #4110 ), #7216, .F. ) ;
#5673 = VERTEX_POINT ( 'NONE', #6581 ) ;
#5674 = ADVANCED_FACE ( 'NONE', ( #2930 ), #7784, .T. ) ;
#5675 = AXIS2_PLACEMENT_3D ( 'NONE', #7397, #6036, #2346 ) ;
#5676 = DIRECTION ( 'NONE',  ( 0.9333456062030537348, 0.3589790793088840637, -1.632049306554483636E-15 ) ) ;
#5677 = STYLED_ITEM ( 'NONE', ( #670 ), #6406 ) ;
#5678 =( GEOMETRIC_REPRESENTATION_CONTEXT ( 3 ) GLOBAL_UNCERTAINTY_ASSIGNED_CONTEXT ( ( #518 ) ) GLOBAL_UNIT_ASSIGNED_CONTEXT ( ( #2249, #6542, #2020 ) ) REPRESENTATION_CONTEXT ( 'NONE', 'WORKASPACE' ) );
#5679 = DIRECTION ( 'NONE',  ( -3.230361199318120148E-07, -1.709844728725060429E-07, -0.9999999999999331646 ) ) ;
#5680 = DIRECTION ( 'NONE',  ( -1.748601263784621748E-15, 1.482966057179082451E-32, -1.000000000000000000 ) ) ;
#5681 = CARTESIAN_POINT ( 'NONE',  ( 0.6000000000000154099, 8.200000000000009948, 5.304444445000055630 ) ) ;
#5682 = ORIENTED_EDGE ( 'NONE', *, *, #5183, .F. ) ;
#5683 = DIRECTION ( 'NONE',  ( 1.748601263784621946E-15, 0.0000000000000000000, 1.000000000000000000 ) ) ;
#5684 = VERTEX_POINT ( 'NONE', #5411 ) ;
#5685 = VECTOR ( 'NONE', #5327, 1000.000000000000000 ) ;
#5686 = VECTOR ( 'NONE', #7285, 1000.000000000000000 ) ;
#5687 = VERTEX_POINT ( 'NONE', #6534 ) ;
#5688 = ORIENTED_EDGE ( 'NONE', *, *, #2245, .T. ) ;
#5689 = LINE ( 'NONE', #4567, #2045 ) ;
#5690 = AXIS2_PLACEMENT_3D ( 'NONE', #5056, #6891, #3340 ) ;
#5691 = FILL_AREA_STYLE ('',( #1318 ) ) ;
#5692 = ORIENTED_EDGE ( 'NONE', *, *, #1800, .T. ) ;
#5693 = DIRECTION ( 'NONE',  ( -2.323290369613454078E-15, 0.3928571428583002012, -0.9195995135412007304 ) ) ;
#5694 = EDGE_LOOP ( 'NONE', ( #860, #2475, #6012, #6348 ) ) ;
#5695 = CARTESIAN_POINT ( 'NONE',  ( 11.00000000000000000, 11.75000000000002487, -0.04999999999996153355 ) ) ;
#5696 = FACE_OUTER_BOUND ( 'NONE', #1207, .T. ) ;
#5697 = DIRECTION ( 'NONE',  ( -1.858632295689437187E-15, 0.0000000000000000000, -1.000000000000000000 ) ) ;
#5698 = FACE_OUTER_BOUND ( 'NONE', #4208, .T. ) ;
#5699 = ADVANCED_FACE ( 'NONE', ( #341 ), #4896, .T. ) ;
#5700 = CARTESIAN_POINT ( 'NONE',  ( 1.250000000000028866, -0.2499999999999889533, 5.600000000000054712 ) ) ;
#5701 = ORIENTED_EDGE ( 'NONE', *, *, #7709, .F. ) ;
#5702 = EDGE_CURVE ( 'NONE', #840, #7665, #3516, .T. ) ;
#5703 = DIRECTION ( 'NONE',  ( 1.706285386945153899E-15, -1.000000000000000000, 0.0000000000000000000 ) ) ;
#5704 = ORIENTED_EDGE ( 'NONE', *, *, #2179, .F. ) ;
#5705 = AXIS2_PLACEMENT_3D ( 'NONE', #2213, #2371, #7233 ) ;
#5706 = CARTESIAN_POINT ( 'NONE',  ( -0.5999999999999842126, 4.200000000000007283, 1.740000000000056612 ) ) ;
#5707 = EDGE_CURVE ( 'NONE', #1440, #607, #3469, .T. ) ;
#5708 = DIRECTION ( 'NONE',  ( -1.000000000000000000, -1.644517855226007998E-15, 1.748601263784621946E-15 ) ) ;
#5709 = DIRECTION ( 'NONE',  ( -2.323290369613454472E-15, 0.3928571428583002567, -0.9195995135412007304 ) ) ;
#5710 = ADVANCED_FACE ( 'NONE', ( #7260 ), #6464, .T. ) ;
#5711 = FILL_AREA_STYLE ('',( #688 ) ) ;
#5712 =( NAMED_UNIT ( * ) PLANE_ANGLE_UNIT ( ) SI_UNIT ( $, .RADIAN. ) );
#5713 = AXIS2_PLACEMENT_3D ( 'NONE', #3185, #549, #7987 ) ;
#5714 = VERTEX_POINT ( 'NONE', #877 ) ;
#5715 = CARTESIAN_POINT ( 'NONE',  ( 8.800000000000007816, 7.144714285714321989, 0.3500000000000412781 ) ) ;
#5716 = FACE_OUTER_BOUND ( 'NONE', #4762, .T. ) ;
#5717 = CARTESIAN_POINT ( 'NONE',  ( 0.3996450882000016636, 8.199999999999308287, -2.330989483202944967 ) ) ;
#5718 = ORIENTED_EDGE ( 'NONE', *, *, #1930, .F. ) ;
#5719 = EDGE_CURVE ( 'NONE', #1401, #931, #3984, .T. ) ;
#5720 = CARTESIAN_POINT ( 'NONE',  ( 8.800000000000007816, 7.144714285714321989, 0.3500000000000412781 ) ) ;
#5721 =( LENGTH_UNIT ( ) NAMED_UNIT ( * ) SI_UNIT ( .MILLI., .METRE. ) );
#5722 = ADVANCED_FACE ( 'NONE', ( #2158 ), #4888, .F. ) ;
#5723 = EDGE_CURVE ( 'NONE', #1352, #1904, #5490, .T. ) ;
#5724 = ORIENTED_EDGE ( 'NONE', *, *, #1893, .F. ) ;
#5725 = VERTEX_POINT ( 'NONE', #6100 ) ;
#5726 = ORIENTED_EDGE ( 'NONE', *, *, #5473, .F. ) ;
#5727 = CARTESIAN_POINT ( 'NONE',  ( 1.300000000000009592, 5.400000000000011013, -0.7499999999999451550 ) ) ;
#5728 = CARTESIAN_POINT ( 'NONE',  ( 0.7499999999999988898, 7.611199771552088933, -4.639999999999945501 ) ) ;
#5729 = CARTESIAN_POINT ( 'NONE',  ( 9.800000000000016698, 7.394714285714323765, 5.600000000000038725 ) ) ;
#5730 = ORIENTED_EDGE ( 'NONE', *, *, #2902, .T. ) ;
#5731 = FACE_OUTER_BOUND ( 'NONE', #4454, .T. ) ;
#5732 = EDGE_CURVE ( 'NONE', #7249, #169, #6650, .T. ) ;
#5733 = VERTEX_POINT ( 'NONE', #4277 ) ;
#5734 = CARTESIAN_POINT ( 'NONE',  ( 0.1000000000000063338, 5.400000000000009237, -2.149999999999943512 ) ) ;
#5735 = AXIS2_PLACEMENT_3D ( 'NONE', #3908, #4576, #3876 ) ;
#5736 = LINE ( 'NONE', #2087, #5153 ) ;
#5737 =( NAMED_UNIT ( * ) SI_UNIT ( $, .STERADIAN. ) SOLID_ANGLE_UNIT ( ) );
#5738 = CARTESIAN_POINT ( 'NONE',  ( 8.800000000000007816, 7.144714285714321989, 0.3500000000000412781 ) ) ;
#5739 = DIRECTION ( 'NONE',  ( 1.000000000000000000, 1.644517855226007801E-15, -1.748601263784621748E-15 ) ) ;
#5740 = ORIENTED_EDGE ( 'NONE', *, *, #1474, .F. ) ;
#5741 =( LENGTH_UNIT ( ) NAMED_UNIT ( * ) SI_UNIT ( .MILLI., .METRE. ) );
#5742 = CARTESIAN_POINT ( 'NONE',  ( 10.99999999999999289, 10.60000000000002629, -5.049999999999961631 ) ) ;
#5743 = UNCERTAINTY_MEASURE_WITH_UNIT (LENGTH_MEASURE( 1.000000000000000082E-05 ), #2054, 'distance_accuracy_value', 'NONE');
#5744 = VERTEX_POINT ( 'NONE', #2523 ) ;
#5745 = LINE ( 'NONE', #224, #1810 ) ;
#5746 = CARTESIAN_POINT ( 'NONE',  ( 0.3996711088700040104, 8.200000000000308376, -0.9689969683669419354 ) ) ;
#5747 = CARTESIAN_POINT ( 'NONE',  ( 0.1000000000000150074, 9.638089535207008396, 6.350000000000056488 ) ) ;
#5748 = DIRECTION ( 'NONE',  ( 1.706285386945153899E-15, -1.000000000000000000, 0.0000000000000000000 ) ) ;
#5749 = CARTESIAN_POINT ( 'NONE',  ( 1.800000000000010036, 6.844714285714310620, 0.3600000000000529998 ) ) ;
#5750 = EDGE_CURVE ( 'NONE', #1047, #4513, #6222, .T. ) ;
#5751 = VERTEX_POINT ( 'NONE', #1159 ) ;
#5752 = UNCERTAINTY_MEASURE_WITH_UNIT (LENGTH_MEASURE( 1.000000000000000082E-05 ), #5541, 'distance_accuracy_value', 'NONE');
#5753 = LINE ( 'NONE', #4558, #6069 ) ;
#5754 = ADVANCED_FACE ( 'NONE', ( #498 ), #1237, .T. ) ;
#5755 = CARTESIAN_POINT ( 'NONE',  ( 9.699999995709006839, 5.400000000655023946, -1.271320343274960907 ) ) ;
#5756 = VERTEX_POINT ( 'NONE', #6135 ) ;
#5757 = LINE ( 'NONE', #7534, #4776 ) ;
#5758 =( LENGTH_UNIT ( ) NAMED_UNIT ( * ) SI_UNIT ( .MILLI., .METRE. ) );
#5759 = ORIENTED_EDGE ( 'NONE', *, *, #5288, .T. ) ;
#5760 = VECTOR ( 'NONE', #1300, 1000.000000000000000 ) ;
#5761 = VERTEX_POINT ( 'NONE', #582 ) ;
#5762 = CARTESIAN_POINT ( 'NONE',  ( 1.053312813816205118, 9.143302832419356818, 6.349794681610418934 ) ) ;
#5763 = DIRECTION ( 'NONE',  ( 0.9238697708742983350, 0.3553345272594015114, -0.1421338109037016129 ) ) ;
#5764 = EDGE_CURVE ( 'NONE', #6926, #6538, #7376, .T. ) ;
#5765 = DIRECTION ( 'NONE',  ( 1.748601263784621748E-15, 0.0000000000000000000, 1.000000000000000000 ) ) ;
#5766 = CARTESIAN_POINT ( 'NONE',  ( -0.9999999999999904521, 3.750000000000006217, -2.349999999999942357 ) ) ;
#5767 = AXIS2_PLACEMENT_3D ( 'NONE', #135, #7056, #3909 ) ;
#5768 = VERTEX_POINT ( 'NONE', #5569 ) ;
#5769 = CARTESIAN_POINT ( 'NONE',  ( 1.500000000000008216, 8.200000000000009948, 1.315000000000053904 ) ) ;
#5770 = ORIENTED_EDGE ( 'NONE', *, *, #5093, .F. ) ;
#5771 = AXIS2_PLACEMENT_3D ( 'NONE', #5519, #7935, #6735 ) ;
#5772 = AXIS2_PLACEMENT_3D ( 'NONE', #4018, #6488, #904 ) ;
#5773 = DIRECTION ( 'NONE',  ( -1.000000000000000000, -1.644517855226007801E-15, 1.748601263784621748E-15 ) ) ;
#5774 = ADVANCED_FACE ( 'NONE', ( #1857 ), #627, .F. ) ;
#5775 = CARTESIAN_POINT ( 'NONE',  ( -0.5999999999999737765, 4.200000000000007283, 7.650000000000057199 ) ) ;
#5776 = LINE ( 'NONE', #1442, #4910 ) ;
#5777 = DIRECTION ( 'NONE',  ( -1.644517855226008195E-15, 1.000000000000000000, 2.890435660536364269E-30 ) ) ;
#5778 = DIRECTION ( 'NONE',  ( 0.2357022603954916640, 0.9428090415820747916, -0.2357022603954940509 ) ) ;
#5779 = ORIENTED_EDGE ( 'NONE', *, *, #6, .T. ) ;
#5780 = VECTOR ( 'NONE', #6674, 1000.000000000000000 ) ;
#5781 = VECTOR ( 'NONE', #7332, 1000.000000000000000 ) ;
#5782 = DIRECTION ( 'NONE',  ( -0.7427813513546573931, 0.3713906757630266453, -0.5570860167299404031 ) ) ;
#5783 = SURFACE_STYLE_USAGE ( .BOTH. , #6995 ) ;
#5784 = DIRECTION ( 'NONE',  ( -1.748601263784621946E-15, 0.0000000000000000000, -1.000000000000000000 ) ) ;
#5785 = CARTESIAN_POINT ( 'NONE',  ( 8.799999999999998934, 8.144714285714321989, -3.649999999999959499 ) ) ;
#5786 = CARTESIAN_POINT ( 'NONE',  ( 9.300000000000016698, 7.269714285714322877, 5.850000000000040501 ) ) ;
#5787 = FACE_OUTER_BOUND ( 'NONE', #3212, .T. ) ;
#5788 = VECTOR ( 'NONE', #6230, 1000.000000000000000 ) ;
#5789 = AXIS2_PLACEMENT_3D ( 'NONE', #5011, #3708, #5575 ) ;
#5790 = DIRECTION ( 'NONE',  ( 0.05547001409258993376, 9.122142860490531446E-17, -0.9984603535126309604 ) ) ;
#5791 = ORIENTED_EDGE ( 'NONE', *, *, #1136, .T. ) ;
#5792 = CARTESIAN_POINT ( 'NONE',  ( 3.950000000000005507, 7.650000000000012790, -0.4999999999999505951 ) ) ;
#5793 = LINE ( 'NONE', #5269, #2836 ) ;
#5794 = ORIENTED_EDGE ( 'NONE', *, *, #5115, .T. ) ;
#5795 = AXIS2_PLACEMENT_3D ( 'NONE', #3133, #2448, #3631 ) ;
#5796 = AXIS2_PLACEMENT_3D ( 'NONE', #3686, #2959, #3617 ) ;
#5797 = DIRECTION ( 'NONE',  ( -1.748601263784621748E-15, 0.0000000000000000000, -1.000000000000000000 ) ) ;
#5798 = EDGE_CURVE ( 'NONE', #3434, #1675, #5525, .T. ) ;
#5799 = PLANE ( 'NONE',  #7830 ) ;
#5800 = EDGE_LOOP ( 'NONE', ( #5431, #1011, #3851, #7860, #7692, #5873 ) ) ;
#5801 = EDGE_CURVE ( 'NONE', #1838, #5409, #5450, .T. ) ;
#5802 = COLOUR_RGB ( '',1.000000000000000000, 1.000000000000000000, 1.000000000000000000 ) ;
#5803 = AXIS2_PLACEMENT_3D ( 'NONE', #3719, #1380, #677 ) ;
#5804 = ORIENTED_EDGE ( 'NONE', *, *, #2038, .T. ) ;
#5805 =( NAMED_UNIT ( * ) SI_UNIT ( $, .STERADIAN. ) SOLID_ANGLE_UNIT ( ) );
#5806 = CARTESIAN_POINT ( 'NONE',  ( 0.09999999999999072131, 10.60000000000000675, -6.649999999999943512 ) ) ;
#5807 = CARTESIAN_POINT ( 'NONE',  ( 2.400000000000019451, 7.650000000000011902, 7.250000000000053291 ) ) ;
#5809 = DIRECTION ( 'NONE',  ( 1.000000000000000000, 1.644517855226007998E-15, -1.748601263784621748E-15 ) ) ;
#5808 = VECTOR ( 'NONE', #3651, 1000.000000000000000 ) ;
#5810 = AXIS2_PLACEMENT_3D ( 'NONE', #1083, #4769, #464 ) ;
#5811 = ORIENTED_EDGE ( 'NONE', *, *, #7976, .T. ) ;
#5812 =( LENGTH_UNIT ( ) NAMED_UNIT ( * ) SI_UNIT ( .MILLI., .METRE. ) );
#5813 = ORIENTED_EDGE ( 'NONE', *, *, #6499, .F. ) ;
#5814 = EDGE_CURVE ( 'NONE', #2143, #7237, #2398, .T. ) ;
#5815 = VECTOR ( 'NONE', #165, 1000.000000000000000 ) ;
#5816 = FILL_AREA_STYLE ('',( #5100 ) ) ;
#5817 = DIRECTION ( 'NONE',  ( -1.644517855226008195E-15, 1.000000000000000000, 2.890435660536364269E-30 ) ) ;
#5818 = ADVANCED_FACE ( 'NONE', ( #8012 ), #2486, .F. ) ;
#5819 = DIRECTION ( 'NONE',  ( 0.7071067811864987229, 1.162849727212585039E-15, 0.7071067811865963115 ) ) ;
#5820 = EDGE_LOOP ( 'NONE', ( #3865, #952, #4611, #7408 ) ) ;
#5821 = PRESENTATION_LAYER_ASSIGNMENT (  '', '', ( #3753 ) ) ;
#5822 = EDGE_CURVE ( 'NONE', #5286, #2798, #4475, .T. ) ;
#5823 = FACE_OUTER_BOUND ( 'NONE', #2963, .T. ) ;
#5824 = SURFACE_SIDE_STYLE ('',( #1447 ) ) ;
#5825 = ORIENTED_EDGE ( 'NONE', *, *, #5074, .T. ) ;
#5826 = CARTESIAN_POINT ( 'NONE',  ( 0.5000000000000213163, 0.7500000000000093259, 1.350000000000055156 ) ) ;
#5827 = VERTEX_POINT ( 'NONE', #5091 ) ;
#5828 = CARTESIAN_POINT ( 'NONE',  ( 0.6500000000000203393, 6.200000000000009059, 6.392777777500055159 ) ) ;
#5829 = DIRECTION ( 'NONE',  ( 1.644517855226008195E-15, -1.000000000000000000, -2.890435660536364269E-30 ) ) ;
#5830 = CARTESIAN_POINT ( 'NONE',  ( 0.6500000000000012434, 6.200000000000009059, -4.692777777499945735 ) ) ;
#5831 = ORIENTED_EDGE ( 'NONE', *, *, #6983, .T. ) ;
#5832 = VECTOR ( 'NONE', #2870, 1000.000000000000000 ) ;
#5833 = DIRECTION ( 'NONE',  ( -1.000000000000000000, -1.644517855226007801E-15, 1.748601263784621748E-15 ) ) ;
#5834 = DIRECTION ( 'NONE',  ( 2.352167425053296418E-15, -0.6949152542373064900, 0.7190916418846067248 ) ) ;
#5835 = VERTEX_POINT ( 'NONE', #5054 ) ;
#5836 = DIRECTION ( 'NONE',  ( -1.000000000000000000, -1.644517855226007998E-15, 1.748601263784621946E-15 ) ) ;
#5837 = CARTESIAN_POINT ( 'NONE',  ( -0.5999999999999998668, 8.800000000000006040, -3.259999999999943388 ) ) ;
#5838 = ORIENTED_EDGE ( 'NONE', *, *, #7383, .F. ) ;
#5839 = VERTEX_POINT ( 'NONE', #1436 ) ;
#5840 = CARTESIAN_POINT ( 'NONE',  ( 0.1000000000000150074, 9.638089535207008396, 6.350000000000056488 ) ) ;
#5841 = DIRECTION ( 'NONE',  ( 0.05547001409258993376, 9.122142860490531446E-17, -0.9984603535126309604 ) ) ;
#5842 = EDGE_CURVE ( 'NONE', #5761, #785, #6411, .T. ) ;
#5843 = PLANE ( 'NONE',  #7298 ) ;
#5844 = CYLINDRICAL_SURFACE ( 'NONE', #3870, 1.399999999999999245 ) ;
#5845 = ORIENTED_EDGE ( 'NONE', *, *, #5117, .F. ) ;
#5846 = VERTEX_POINT ( 'NONE', #124 ) ;
#5847 = ORIENTED_EDGE ( 'NONE', *, *, #4212, .T. ) ;
#5848 = EDGE_CURVE ( 'NONE', #7249, #4556, #86, .T. ) ;
#5849 = CARTESIAN_POINT ( 'NONE',  ( 0.7500000000000215383, -0.2499999999999906741, 1.100000000000054934 ) ) ;
#5850 = CARTESIAN_POINT ( 'NONE',  ( 3.950000000000017053, 8.144714285714314883, 6.350000000000049383 ) ) ;
#5851 = EDGE_CURVE ( 'NONE', #7968, #6636, #6568, .T. ) ;
#5853 = PLANE ( 'NONE',  #1171 ) ;
#5852 = VECTOR ( 'NONE', #917, 1000.000000000000000 ) ;
#5854 = DIRECTION ( 'NONE',  ( -1.644517855226007998E-15, 1.000000000000000000, 2.890435660536363919E-30 ) ) ;
#5855 = EDGE_LOOP ( 'NONE', ( #6346, #409, #3463, #2900, #6248, #4252 ) ) ;
#5856 = CARTESIAN_POINT ( 'NONE',  ( 11.00000000000002487, 5.200000000000051692, 8.350000000000038725 ) ) ;
#5857 = CARTESIAN_POINT ( 'NONE',  ( 0.1000001696450196487, 8.200000000000008171, 8.350000000000054712 ) ) ;
#5858 = VECTOR ( 'NONE', #837, 1000.000000000000000 ) ;
#5859 = ORIENTED_EDGE ( 'NONE', *, *, #4117, .F. ) ;
#5860 = EDGE_CURVE ( 'NONE', #7212, #5320, #5689, .T. ) ;
#5861 = B_SPLINE_CURVE_WITH_KNOTS ( 'NONE', 3,
 ( #5875, #395, #7725, #4677, #1684 ),
 .UNSPECIFIED., .F., .F.,
 ( 4, 1, 4 ),
 ( 0.0000000000000000000, 0.5000000000000000000, 1.000000000000000000 ),
 .UNSPECIFIED. ) ;
#5862 = CARTESIAN_POINT ( 'NONE',  ( 0.7400000000000079847, 7.597309794603359201, 0.3500000000000551559 ) ) ;
#5863 = DIRECTION ( 'NONE',  ( -1.748601263784621946E-15, 0.0000000000000000000, -1.000000000000000000 ) ) ;
#5864 = VECTOR ( 'NONE', #6345, 1000.000000000000000 ) ;
#5865 = EDGE_LOOP ( 'NONE', ( #5619, #7073, #675, #4271 ) ) ;
#5866 = DIRECTION ( 'NONE',  ( 1.644517855226008195E-15, -1.000000000000000000, -2.890435660536364269E-30 ) ) ;
#5867 = CARTESIAN_POINT ( 'NONE',  ( 1.300000000000018252, 5.400000000000011013, 4.250000000000055067 ) ) ;
#5868 = CARTESIAN_POINT ( 'NONE',  ( 10.99999999999997868, 11.75000000000002487, -11.64999999999995950 ) ) ;
#5869 = ORIENTED_EDGE ( 'NONE', *, *, #611, .T. ) ;
#5870 = FILL_AREA_STYLE ('',( #4630 ) ) ;
#5871 = EDGE_CURVE ( 'NONE', #5116, #3085, #7500, .T. ) ;
#5872 = CARTESIAN_POINT ( 'NONE',  ( 11.00000000000001421, 5.200000000000025935, 3.054540768505037196 ) ) ;
#5873 = ORIENTED_EDGE ( 'NONE', *, *, #126, .T. ) ;
#5874 = LINE ( 'NONE', #1467, #6575 ) ;
#5875 = CARTESIAN_POINT ( 'NONE',  ( 9.700000000000004619, 5.400000000000024336, -2.028679656439960066 ) ) ;
#5876 = ORIENTED_EDGE ( 'NONE', *, *, #7471, .T. ) ;
#5877 = ORIENTED_EDGE ( 'NONE', *, *, #916, .T. ) ;
#5878 = CARTESIAN_POINT ( 'NONE',  ( 1.125000000000014877, 8.200000000000009948, 5.850000000000054712 ) ) ;
#5879 = CARTESIAN_POINT ( 'NONE',  ( 1.500000000000015099, 8.200000000000009948, 5.385000000000055742 ) ) ;
#5880 = DIRECTION ( 'NONE',  ( 1.000000000000000000, 1.644517855226007998E-15, -1.748601263784621946E-15 ) ) ;
#5881 = ORIENTED_EDGE ( 'NONE', *, *, #772, .F. ) ;
#5882 = CARTESIAN_POINT ( 'NONE',  ( 10.99999999999999289, 11.75000000000002487, -3.249999999999963141 ) ) ;
#5883 = ORIENTED_EDGE ( 'NONE', *, *, #5702, .F. ) ;
#5884 = VECTOR ( 'NONE', #6265, 1000.000000000000000 ) ;
#5885 = VERTEX_POINT ( 'NONE', #5806 ) ;
#5886 = LINE ( 'NONE', #5336, #309 ) ;
#5887 = COLOUR_RGB ( '',1.000000000000000000, 1.000000000000000000, 1.000000000000000000 ) ;
#5888 = LINE ( 'NONE', #5338, #2961 ) ;
#5889 = PLANE ( 'NONE',  #3286 ) ;
#5890 = FACE_OUTER_BOUND ( 'NONE', #1716, .T. ) ;
#5891 = ORIENTED_EDGE ( 'NONE', *, *, #1519, .T. ) ;
#5892 = EDGE_CURVE ( 'NONE', #4637, #6309, #1317, .T. ) ;
#5893 = LINE ( 'NONE', #6356, #5524 ) ;
#5894 = VECTOR ( 'NONE', #909, 1000.000000000000000 ) ;
#5895 = PLANE ( 'NONE',  #5551 ) ;
#5896 = EDGE_CURVE ( 'NONE', #1501, #7257, #7096, .T. ) ;
#5897 = CARTESIAN_POINT ( 'NONE',  ( 10.34999999141862048, 4.400000001320025333, 5.850000000000038725 ) ) ;
#5898 = ORIENTED_EDGE ( 'NONE', *, *, #5707, .F. ) ;
#5899 = CARTESIAN_POINT ( 'NONE',  ( 1.500000000000016875, 8.109625349781611092, 5.360000000000054499 ) ) ;
#5900 = AXIS2_PLACEMENT_3D ( 'NONE', #1028, #2915, #1218 ) ;
#5901 =( GEOMETRIC_REPRESENTATION_CONTEXT ( 3 ) GLOBAL_UNCERTAINTY_ASSIGNED_CONTEXT ( ( #112 ) ) GLOBAL_UNIT_ASSIGNED_CONTEXT ( ( #6567, #1724, #4265 ) ) REPRESENTATION_CONTEXT ( 'NONE', 'WORKASPACE' ) );
#5902 = PLANE ( 'NONE',  #4907 ) ;
#5903 = DIRECTION ( 'NONE',  ( -1.644517855226007998E-15, 1.000000000000000000, 2.890435660536363919E-30 ) ) ;
#5904 = EDGE_LOOP ( 'NONE', ( #6816, #5962, #5471, #4785 ) ) ;
#5905 = ADVANCED_FACE ( 'NONE', ( #7454 ), #1992, .T. ) ;
#5906 = PLANE ( 'NONE',  #7581 ) ;
#5907 = CARTESIAN_POINT ( 'NONE',  ( 3.950000000000018385, 7.144714285714313995, 6.350000000000049383 ) ) ;
#5908 = EDGE_CURVE ( 'NONE', #6221, #1763, #2609, .T. ) ;
#5909 = AXIS2_PLACEMENT_3D ( 'NONE', #5828, #7635, #852 ) ;
#5910 = VECTOR ( 'NONE', #3995, 1000.000000000000000 ) ;
#5911 = ORIENTED_EDGE ( 'NONE', *, *, #7717, .F. ) ;
#5912 = CARTESIAN_POINT ( 'NONE',  ( 1.375000000000011546, 0.2500000000000106581, -4.149999999999946176 ) ) ;
#5913 = CARTESIAN_POINT ( 'NONE',  ( 1.400000000000005462, 10.60000000000000853, 1.350000000000053380 ) ) ;
#5914 = ORIENTED_EDGE ( 'NONE', *, *, #336, .F. ) ;
#5915 = FILL_AREA_STYLE_COLOUR ( '', #7234 ) ;
#5916 = AXIS2_PLACEMENT_3D ( 'NONE', #1623, #6659, #7703 ) ;
#5917 = DIRECTION ( 'NONE',  ( -1.748601263784621946E-15, 0.0000000000000000000, -1.000000000000000000 ) ) ;
#5918 = ORIENTED_EDGE ( 'NONE', *, *, #1727, .F. ) ;
#5919 = LINE ( 'NONE', #987, #2941 ) ;
#5920 = EDGE_CURVE ( 'NONE', #145, #5744, #2644, .T. ) ;
#5921 = ORIENTED_EDGE ( 'NONE', *, *, #5183, .T. ) ;
#5922 = CARTESIAN_POINT ( 'NONE',  ( 0.7400000000000166445, 7.597309794603359201, 5.350000000000055600 ) ) ;
#5923 = VECTOR ( 'NONE', #7335, 1000.000000000000114 ) ;
#5924 = AXIS2_PLACEMENT_3D ( 'NONE', #442, #7401, #4835 ) ;
#5925 = CARTESIAN_POINT ( 'NONE',  ( 7.999999999999986677, 12.25000000000001954, -6.649999999999956835 ) ) ;
#5926 = CARTESIAN_POINT ( 'NONE',  ( 0.6500000000000185629, 6.200000000000009059, 5.307222222500054265 ) ) ;
#5927 = DIRECTION ( 'NONE',  ( -0.9428090415820746806, 0.2357022603954918860, 0.2357022603954950779 ) ) ;
#5928 = ORIENTED_EDGE ( 'NONE', *, *, #6612, .F. ) ;
#5929 = LINE ( 'NONE', #5332, #5386 ) ;
#5930 = VERTEX_POINT ( 'NONE', #4398 ) ;
#5931 = AXIS2_PLACEMENT_3D ( 'NONE', #3881, #7393, #4371 ) ;
#5932 = DIRECTION ( 'NONE',  ( -0.3162277660168062998, -5.200422075328729803E-16, 0.9486832980505244262 ) ) ;
#5933 = EDGE_LOOP ( 'NONE', ( #7440, #7365, #2615, #3802 ) ) ;
#5934 = CARTESIAN_POINT ( 'NONE',  ( 1.499999999999999556, 7.650000000000010125, -4.149999999999946176 ) ) ;
#5935 = CIRCLE ( 'NONE', #4525, 1.299999999999999822 ) ;
#5936 = AXIS2_PLACEMENT_3D ( 'NONE', #6185, #4287, #3144 ) ;
#5937 = PRESENTATION_LAYER_ASSIGNMENT (  '', '', ( #4661 ) ) ;
#5938 = CARTESIAN_POINT ( 'NONE',  ( -0.9999999999999783507, 3.750000000000006217, 4.050000000000059330 ) ) ;
#5939 = CARTESIAN_POINT ( 'NONE',  ( 10.33503886471862465, 5.302301713120025184, 8.012506501421038152 ) ) ;
#5940 = VECTOR ( 'NONE', #7130, 1000.000000000000000 ) ;
#5941 = ORIENTED_EDGE ( 'NONE', *, *, #3669, .T. ) ;
#5942 = DIRECTION ( 'NONE',  ( -0.8000000000000010436, -1.315614284180806122E-15, -0.5999999999999984235 ) ) ;
#5943 =( GEOMETRIC_REPRESENTATION_CONTEXT ( 3 ) GLOBAL_UNCERTAINTY_ASSIGNED_CONTEXT ( ( #6721 ) ) GLOBAL_UNIT_ASSIGNED_CONTEXT ( ( #6187, #3186, #638 ) ) REPRESENTATION_CONTEXT ( 'NONE', 'WORKASPACE' ) );
#5944 = CIRCLE ( 'NONE', #6589, 2.050000000001999556 ) ;
#5945 = AXIS2_PLACEMENT_3D ( 'NONE', #5913, #7241, #7884 ) ;
#5946 = SURFACE_STYLE_FILL_AREA ( #4546 ) ;
#5947 = DIRECTION ( 'NONE',  ( -1.000000000000000000, -1.644517855226007801E-15, 1.748601263784621748E-15 ) ) ;
#5948 = ORIENTED_EDGE ( 'NONE', *, *, #823, .T. ) ;
#5949 = EDGE_CURVE ( 'NONE', #3006, #4549, #6856, .T. ) ;
#5950 = CARTESIAN_POINT ( 'NONE',  ( 2.399999999999999467, 5.400000000000012790, -6.271320343559946053 ) ) ;
#5951 =( GEOMETRIC_REPRESENTATION_CONTEXT ( 3 ) GLOBAL_UNCERTAINTY_ASSIGNED_CONTEXT ( ( #2014 ) ) GLOBAL_UNIT_ASSIGNED_CONTEXT ( ( #906, #1562, #6525 ) ) REPRESENTATION_CONTEXT ( 'NONE', 'WORKASPACE' ) );
#5952 = LINE ( 'NONE', #5307, #6450 ) ;
#5953 = CARTESIAN_POINT ( 'NONE',  ( 9.700000000000006395, 12.25000000000002309, 5.150000000000038547 ) ) ;
#5954 = EDGE_CURVE ( 'NONE', #2648, #3815, #4379, .T. ) ;
#5955 = VERTEX_POINT ( 'NONE', #3266 ) ;
#5956 = CARTESIAN_POINT ( 'NONE',  ( 2.400000000000015010, 5.400000000000012790, 2.250000000000051514 ) ) ;
#5957 = FACE_OUTER_BOUND ( 'NONE', #5904, .T. ) ;
#5958 = VERTEX_POINT ( 'NONE', #705 ) ;
#5959 = EDGE_CURVE ( 'NONE', #4637, #910, #7205, .T. ) ;
#5960 = CARTESIAN_POINT ( 'NONE',  ( 1.500000000000006439, 4.200000000000010836, -3.649999999999946620 ) ) ;
#5961 = LINE ( 'NONE', #6635, #4918 ) ;
#5962 = ORIENTED_EDGE ( 'NONE', *, *, #7770, .T. ) ;
#5963 = ADVANCED_FACE ( 'NONE', ( #748 ), #3218, .T. ) ;
#5964 = CARTESIAN_POINT ( 'NONE',  ( -0.1999999993499857465, 8.599999999630806968, 5.260000002215058146 ) ) ;
#5965 = ORIENTED_EDGE ( 'NONE', *, *, #3961, .T. ) ;
#5966 = DIRECTION ( 'NONE',  ( -0.9984603535126304052, -1.641985879086792367E-15, -0.05547001409259996046 ) ) ;
#5967 = EDGE_LOOP ( 'NONE', ( #2254, #3824, #4741, #1723, #3453, #951, #4167, #1162 ) ) ;
#5968 = DIRECTION ( 'NONE',  ( -1.644517855226008195E-15, 1.000000000000000000, 2.890435660536364269E-30 ) ) ;
#5969 = EDGE_CURVE ( 'NONE', #897, #4264, #7127, .T. ) ;
#5970 = FILL_AREA_STYLE_COLOUR ( '', #1640 ) ;
#5971 = CARTESIAN_POINT ( 'NONE',  ( 1.250000000000011546, -0.2499999999999889533, -4.399999999999945288 ) ) ;
#5972 = CARTESIAN_POINT ( 'NONE',  ( 10.99999999999999112, 11.75000000000003375, 8.350000000000054712 ) ) ;
#5973 = ADVANCED_FACE ( 'NONE', ( #3541 ), #3976, .F. ) ;
#5974 = LINE ( 'NONE', #5236, #4306 ) ;
#5975 = COLOUR_RGB ( '',1.000000000000000000, 1.000000000000000000, 1.000000000000000000 ) ;
#5976 = ORIENTED_EDGE ( 'NONE', *, *, #7037, .F. ) ;
#5977 = CARTESIAN_POINT ( 'NONE',  ( 1.500000000000016875, 8.109625349781611092, 5.385000000000055742 ) ) ;
#5978 = EDGE_LOOP ( 'NONE', ( #3501, #7009, #5482, #4830, #2321, #7710, #5200, #3282, #5911, #5586, #1575, #5309, #1469, #7270, #2606, #5692, #7879 ) ) ;
#5979 = ORIENTED_EDGE ( 'NONE', *, *, #614, .F. ) ;
#5980 = CARTESIAN_POINT ( 'NONE',  ( -0.9999999999999974465, 3.750000000000006217, -6.649999999999941735 ) ) ;
#5981 = DIRECTION ( 'NONE',  ( -1.748601263784621946E-15, 0.0000000000000000000, -1.000000000000000000 ) ) ;
#5982 = EDGE_CURVE ( 'NONE', #5053, #1648, #6570, .T. ) ;
#5983 = CARTESIAN_POINT ( 'NONE',  ( 0.2019956825999955630, 8.199999999999308287, -6.071903056252942577 ) ) ;
#5984 = DIRECTION ( 'NONE',  ( -0.8933250006747830430, 0.4466625002858897187, 0.04962916489078052912 ) ) ;
#5985 = ORIENTED_EDGE ( 'NONE', *, *, #6367, .T. ) ;
#5986 = LINE ( 'NONE', #384, #6054 ) ;
#5987 = DIRECTION ( 'NONE',  ( 0.9486832980505243151, 1.560126622598782728E-15, 0.3162277660168062443 ) ) ;
#5988 = CARTESIAN_POINT ( 'NONE',  ( 1.250000000000011546, -0.2499999999999889533, -4.399999999999945288 ) ) ;
#5989 = EDGE_CURVE ( 'NONE', #4678, #1363, #401, .T. ) ;
#5990 = DIRECTION ( 'NONE',  ( -1.000000000000000000, -1.644517855226007801E-15, 1.748601263784621748E-15 ) ) ;
#5991 = CARTESIAN_POINT ( 'NONE',  ( 1.327637489682013339, 8.199999999997109157, 4.523216102636054892 ) ) ;
#5992 = ORIENTED_EDGE ( 'NONE', *, *, #4438, .F. ) ;
#5993 = DIRECTION ( 'NONE',  ( 1.644517855226007801E-15, -1.000000000000000000, -2.890435660536363568E-30 ) ) ;
#5994 = ORIENTED_EDGE ( 'NONE', *, *, #6741, .T. ) ;
#5995 = DIRECTION ( 'NONE',  ( -0.1788854382000027443, -2.941802971598302358E-16, -0.9838699100999038771 ) ) ;
#5996 = EDGE_LOOP ( 'NONE', ( #5608, #3376, #4956, #6687, #3512, #8032 ) ) ;
#5997 = LINE ( 'NONE', #7681, #3709 ) ;
#5998 = EDGE_CURVE ( 'NONE', #6753, #2865, #7207, .T. ) ;
#5999 =( NAMED_UNIT ( * ) SI_UNIT ( $, .STERADIAN. ) SOLID_ANGLE_UNIT ( ) );
#6000 = ORIENTED_EDGE ( 'NONE', *, *, #2012, .F. ) ;
#6001 = EDGE_CURVE ( 'NONE', #2323, #5361, #327, .T. ) ;
#6002 = DIRECTION ( 'NONE',  ( -1.734723475976808672E-15, 1.000000000000000000, 0.0000000000000000000 ) ) ;
#6003 = DIRECTION ( 'NONE',  ( -1.644517855226007801E-15, 1.000000000000000000, 2.890435660536363568E-30 ) ) ;
#6004 = CARTESIAN_POINT ( 'NONE',  ( 1.000000000000011324, 0.2500000000000097700, -4.524999999999945288 ) ) ;
#6005 = DIRECTION ( 'NONE',  ( -1.801095893066399655E-14, -1.000000000000000000, 3.147915588756019432E-29 ) ) ;
#6006 = DIRECTION ( 'NONE',  ( 1.000000000000000000, 1.644517855226007801E-15, -1.748601263784621748E-15 ) ) ;
#6007 = ORIENTED_EDGE ( 'NONE', *, *, #5798, .F. ) ;
#6008 = CARTESIAN_POINT ( 'NONE',  ( 9.908938232857998685, 5.367855656478024429, -6.284958033527961341 ) ) ;
#6009 = VERTEX_POINT ( 'NONE', #4718 ) ;
#6010 = DIRECTION ( 'NONE',  ( 1.000000000000000000, 1.644517855226007998E-15, -1.748601263784621946E-15 ) ) ;
#6011 = EDGE_CURVE ( 'NONE', #7232, #7529, #7686, .T. ) ;
#6012 = ORIENTED_EDGE ( 'NONE', *, *, #1902, .F. ) ;
#6013 = CARTESIAN_POINT ( 'NONE',  ( 0.1000000000000063338, 7.100000000000008527, -1.149999999999942624 ) ) ;
#6014 = CARTESIAN_POINT ( 'NONE',  ( 0.7500000000000284217, -0.2499999999999906741, 5.600000000000055600 ) ) ;
#6015 = LINE ( 'NONE', #417, #4583 ) ;
#6016 = AXIS2_PLACEMENT_3D ( 'NONE', #5346, #4858, #7189 ) ;
#6017 = DIRECTION ( 'NONE',  ( 1.748601263784621748E-15, 0.0000000000000000000, 1.000000000000000000 ) ) ;
#6018 = ORIENTED_EDGE ( 'NONE', *, *, #5325, .T. ) ;
#6019 = CARTESIAN_POINT ( 'NONE',  ( 1.500000000000020428, 0.7500000000000111022, 0.3500000000000551559 ) ) ;
#6020 = CYLINDRICAL_SURFACE ( 'NONE', #7200, 2.949999999999999289 ) ;
#6021 = EDGE_CURVE ( 'NONE', #5267, #7975, #4684, .T. ) ;
#6022 = VECTOR ( 'NONE', #3793, 1000.000000000000000 ) ;
#6023 = PRESENTATION_STYLE_ASSIGNMENT (( #4780 ) ) ;
#6024 = CARTESIAN_POINT ( 'NONE',  ( 2.399999999999994138, 8.200000000000011724, -6.649999999999947065 ) ) ;
#6025 = LINE ( 'NONE', #7912, #461 ) ;
#6026 = LINE ( 'NONE', #2295, #4988 ) ;
#6027 = ORIENTED_EDGE ( 'NONE', *, *, #7029, .F. ) ;
#6028 = STYLED_ITEM ( 'NONE', ( #4481 ), #4286 ) ;
#6029 = STYLED_ITEM ( 'NONE', ( #367 ), #114 ) ;
#6030 = CARTESIAN_POINT ( 'NONE',  ( 1.400000000000014122, 10.60000000000000853, 6.350000000000053824 ) ) ;
#6031 = ORIENTED_EDGE ( 'NONE', *, *, #5147, .T. ) ;
#6032 = STYLED_ITEM ( 'NONE', ( #7290 ), #4582 ) ;
#6033 = PRESENTATION_LAYER_ASSIGNMENT (  '', '', ( #4223 ) ) ;
#6034 = PLANE ( 'NONE',  #6970 ) ;
#6035 = EDGE_LOOP ( 'NONE', ( #4543, #4082, #3130, #901 ) ) ;
#6036 = DIRECTION ( 'NONE',  ( -0.5407575913134772261, -0.8411784753765673139, 9.455694075718743083E-16 ) ) ;
#6037 = PLANE ( 'NONE',  #1746 ) ;
#6038 = VECTOR ( 'NONE', #6113, 1000.000000000000000 ) ;
#6039 = PLANE ( 'NONE',  #5924 ) ;
#6040 = ORIENTED_EDGE ( 'NONE', *, *, #5723, .F. ) ;
#6041 = FACE_OUTER_BOUND ( 'NONE', #1099, .T. ) ;
#6042 = DIRECTION ( 'NONE',  ( -0.1788854382000027443, -2.941802971598302358E-16, -0.9838699100999038771 ) ) ;
#6043 = CARTESIAN_POINT ( 'NONE',  ( 2.399999999999990585, 10.60000000000001030, 8.350000000000054712 ) ) ;
#6044 = PRESENTATION_LAYER_ASSIGNMENT (  '', '', ( #39 ) ) ;
#6045 = MECHANICAL_DESIGN_GEOMETRIC_PRESENTATION_REPRESENTATION (  '', ( #7843 ), #838 ) ;
#6046 = ADVANCED_FACE ( 'NONE', ( #1475 ), #6489, .T. ) ;
#6047 = CARTESIAN_POINT ( 'NONE',  ( -0.5999999999999842126, 10.75000000000000533, 7.650000000000057199 ) ) ;
#6048 = DIRECTION ( 'NONE',  ( 1.000000000000000000, 0.0000000000000000000, 0.0000000000000000000 ) ) ;
#6049 = ORIENTED_EDGE ( 'NONE', *, *, #6703, .T. ) ;
#6050 = CARTESIAN_POINT ( 'NONE',  ( 0.7000000000000218270, 4.200000000000009059, 5.310000000000055564 ) ) ;
#6051 = ADVANCED_FACE ( 'NONE', ( #7806 ), #5442, .F. ) ;
#6052 = VERTEX_POINT ( 'NONE', #7405 ) ;
#6053 =( GEOMETRIC_REPRESENTATION_CONTEXT ( 3 ) GLOBAL_UNCERTAINTY_ASSIGNED_CONTEXT ( ( #7023 ) ) GLOBAL_UNIT_ASSIGNED_CONTEXT ( ( #8021, #1919, #7303 ) ) REPRESENTATION_CONTEXT ( 'NONE', 'WORKASPACE' ) );
#6054 = VECTOR ( 'NONE', #6621, 1000.000000000000000 ) ;
#6055 = DIRECTION ( 'NONE',  ( 1.748601263784621946E-15, 0.0000000000000000000, 1.000000000000000000 ) ) ;
#6056 = VERTEX_POINT ( 'NONE', #1150 ) ;
#6057 =( LENGTH_UNIT ( ) NAMED_UNIT ( * ) SI_UNIT ( .MILLI., .METRE. ) );
#6058 = LINE ( 'NONE', #2282, #1247 ) ;
#6059 = DIRECTION ( 'NONE',  ( -2.168404344971009262E-15, 0.9357142857142992654, -0.3527588064246994781 ) ) ;
#6060 = MECHANICAL_DESIGN_GEOMETRIC_PRESENTATION_REPRESENTATION (  '', ( #2690 ), #3600 ) ;
#6061 = STYLED_ITEM ( 'NONE', ( #3206 ), #1360 ) ;
#6062 =( NAMED_UNIT ( * ) PLANE_ANGLE_UNIT ( ) SI_UNIT ( $, .RADIAN. ) );
#6063 = EDGE_CURVE ( 'NONE', #7470, #200, #1068, .T. ) ;
#6064 = ORIENTED_EDGE ( 'NONE', *, *, #2854, .T. ) ;
#6065 = LINE ( 'NONE', #6475, #7058 ) ;
#6066 = LINE ( 'NONE', #4238, #5026 ) ;
#6067 = B_SPLINE_CURVE_WITH_KNOTS ( 'NONE', 3,
 ( #4651, #2326, #7176, #1529 ),
 .UNSPECIFIED., .F., .F.,
 ( 4, 4 ),
 ( 0.0000000000000000000, 1.000000000000000000 ),
 .UNSPECIFIED. ) ;
#6068 = AXIS2_PLACEMENT_3D ( 'NONE', #3615, #6792, #5437 ) ;
#6069 = VECTOR ( 'NONE', #1940, 1000.000000000000114 ) ;
#6070 = MECHANICAL_DESIGN_GEOMETRIC_PRESENTATION_REPRESENTATION (  '', ( #3350 ), #4778 ) ;
#6071 = FACE_OUTER_BOUND ( 'NONE', #2032, .T. ) ;
#6072 = ADVANCED_FACE ( 'NONE', ( #2477 ), #569, .F. ) ;
#6073 = DIRECTION ( 'NONE',  ( -1.644517855226008195E-15, 1.000000000000000000, 2.890435660536364269E-30 ) ) ;
#6074 = FACE_OUTER_BOUND ( 'NONE', #3612, .T. ) ;
#6075 = EDGE_CURVE ( 'NONE', #552, #7361, #6193, .T. ) ;
#6076 = ADVANCED_FACE ( 'NONE', ( #4305 ), #7962, .F. ) ;
#6077 = ORIENTED_EDGE ( 'NONE', *, *, #406, .T. ) ;
#6078 = VECTOR ( 'NONE', #3055, 1000.000000000000000 ) ;
#6079 = COLOUR_RGB ( '',1.000000000000000000, 1.000000000000000000, 1.000000000000000000 ) ;
#6080 = DIRECTION ( 'NONE',  ( -1.644517855226007801E-15, 1.000000000000000000, 2.890435660536363568E-30 ) ) ;
#6081 = FILL_AREA_STYLE_COLOUR ( '', #717 ) ;
#6082 = ORIENTED_EDGE ( 'NONE', *, *, #7145, .T. ) ;
#6083 = UNCERTAINTY_MEASURE_WITH_UNIT (LENGTH_MEASURE( 1.000000000000000082E-05 ), #508, 'distance_accuracy_value', 'NONE');
#6084 = VECTOR ( 'NONE', #7129, 1000.000000000000000 ) ;
#6085 = CARTESIAN_POINT ( 'NONE',  ( 10.99999999999998757, 11.75000000000002487, -6.649999999999962164 ) ) ;
#6086 = VERTEX_POINT ( 'NONE', #1813 ) ;
#6087 = LINE ( 'NONE', #484, #5808 ) ;
#6088 = EDGE_CURVE ( 'NONE', #5684, #2111, #6126, .T. ) ;
#6089 = CARTESIAN_POINT ( 'NONE',  ( 1.500000000000008216, 8.109625349781611092, 0.3850000000000554090 ) ) ;
#6090 = SURFACE_STYLE_USAGE ( .BOTH. , #1181 ) ;
#6091 = ORIENTED_EDGE ( 'NONE', *, *, #3961, .F. ) ;
#6092 = SURFACE_STYLE_USAGE ( .BOTH. , #2352 ) ;
#6093 = SURFACE_STYLE_FILL_AREA ( #402 ) ;
#6094 = FACE_OUTER_BOUND ( 'NONE', #538, .T. ) ;
#6095 = CARTESIAN_POINT ( 'NONE',  ( -0.9999999999999817923, 3.750000000000006217, 2.650000000000057643 ) ) ;
#6096 = ORIENTED_EDGE ( 'NONE', *, *, #2292, .F. ) ;
#6097 = ORIENTED_EDGE ( 'NONE', *, *, #1091, .T. ) ;
#6098 = PRESENTATION_STYLE_ASSIGNMENT (( #6693 ) ) ;
#6099 = VERTEX_POINT ( 'NONE', #6762 ) ;
#6100 = CARTESIAN_POINT ( 'NONE',  ( 0.7400000000000166445, 7.597309794603359201, 5.350000000000055600 ) ) ;
#6101 = VECTOR ( 'NONE', #1805, 1000.000000000000000 ) ;
#6102 = PLANE ( 'NONE',  #7740 ) ;
#6103 = DIRECTION ( 'NONE',  ( -0.3589790793088841192, 0.9333456062030538458, 6.277112717517546492E-16 ) ) ;
#6104 = EDGE_LOOP ( 'NONE', ( #6169, #4603, #1759, #16 ) ) ;
#6105 = DIRECTION ( 'NONE',  ( 1.644517855226007998E-15, -1.000000000000000000, -2.890435660536363919E-30 ) ) ;
#6106 = EDGE_CURVE ( 'NONE', #5955, #5756, #1726, .T. ) ;
#6107 = ADVANCED_FACE ( 'NONE', ( #3081 ), #2314, .T. ) ;
#6108 = FILL_AREA_STYLE_COLOUR ( '', #2035 ) ;
#6109 = SURFACE_SIDE_STYLE ('',( #1133 ) ) ;
#6110 = CARTESIAN_POINT ( 'NONE',  ( 0.6000000000000171863, 8.200000000000009948, 6.395555555000055570 ) ) ;
#6111 = CARTESIAN_POINT ( 'NONE',  ( 3.950000000000009948, 7.144714285714313995, 1.350000000000049161 ) ) ;
#6112 = ORIENTED_EDGE ( 'NONE', *, *, #3444, .T. ) ;
#6113 = DIRECTION ( 'NONE',  ( -1.748601263784621946E-15, 0.0000000000000000000, -1.000000000000000000 ) ) ;
#6114 =( LENGTH_UNIT ( ) NAMED_UNIT ( * ) SI_UNIT ( .MILLI., .METRE. ) );
#6115 = VECTOR ( 'NONE', #6293, 1000.000000000000227 ) ;
#6116 = ORIENTED_EDGE ( 'NONE', *, *, #3219, .F. ) ;
#6117 = EDGE_CURVE ( 'NONE', #4466, #6826, #7251, .T. ) ;
#6118 = DIRECTION ( 'NONE',  ( 2.019514764053892180E-15, -0.9701425001453377606, 0.2425356250363094601 ) ) ;
#6119 = ORIENTED_EDGE ( 'NONE', *, *, #5355, .F. ) ;
#6120 = CARTESIAN_POINT ( 'NONE',  ( 1.500000000000006439, 8.200000000000009948, 0.3850000000000554090 ) ) ;
#6121 = FACE_OUTER_BOUND ( 'NONE', #6632, .T. ) ;
#6122 = LINE ( 'NONE', #6796, #711 ) ;
#6123 = ORIENTED_EDGE ( 'NONE', *, *, #418, .F. ) ;
#6124 = EDGE_CURVE ( 'NONE', #3296, #2522, #7338, .T. ) ;
#6125 = DIRECTION ( 'NONE',  ( 0.0000000000000000000, -0.6949152542373066010, -0.7190916418846066138 ) ) ;
#6126 = LINE ( 'NONE', #1226, #2695 ) ;
#6127 = DIRECTION ( 'NONE',  ( 1.644517855226008195E-15, -1.000000000000000000, -2.890435660536364269E-30 ) ) ;
#6128 = SURFACE_STYLE_USAGE ( .BOTH. , #4269 ) ;
#6129 = CARTESIAN_POINT ( 'NONE',  ( 0.7000000000000079492, 6.250000000000008882, -0.9499999999999440004 ) ) ;
#6130 = EDGE_LOOP ( 'NONE', ( #37, #373, #3662, #4753 ) ) ;
#6131 = DIRECTION ( 'NONE',  ( -0.2307692307692121303, 0.9730085108210442257, 3.336006684570784581E-16 ) ) ;
#6132 = VERTEX_POINT ( 'NONE', #6640 ) ;
#6133 = ORIENTED_EDGE ( 'NONE', *, *, #4382, .F. ) ;
#6134 = ORIENTED_EDGE ( 'NONE', *, *, #1043, .T. ) ;
#6135 = CARTESIAN_POINT ( 'NONE',  ( 1.499999999999997780, 8.200000000000009948, -4.639999999999945501 ) ) ;
#6136 = CARTESIAN_POINT ( 'NONE',  ( 0.7000000000000043965, 6.250000000000008882, -2.349999999999945022 ) ) ;
#6137 = DIRECTION ( 'NONE',  ( 1.748601263784621946E-15, 0.0000000000000000000, 1.000000000000000000 ) ) ;
#6138 = VERTEX_POINT ( 'NONE', #4266 ) ;
#6139 = LINE ( 'NONE', #1284, #6306 ) ;
#6140 = EDGE_LOOP ( 'NONE', ( #8001, #495, #632, #1335, #7307 ) ) ;
#6141 = CARTESIAN_POINT ( 'NONE',  ( 1.500000000000016875, 7.650000000000010125, 5.850000000000053824 ) ) ;
#6142 = PLANE ( 'NONE',  #3404 ) ;
#6143 = EDGE_CURVE ( 'NONE', #5078, #3741, #3036, .T. ) ;
#6144 = LINE ( 'NONE', #2987, #6456 ) ;
#6145 = CARTESIAN_POINT ( 'NONE',  ( 0.1999999999999970690, 8.400000000000007461, -4.149999999999943512 ) ) ;
#6146 = ORIENTED_EDGE ( 'NONE', *, *, #6918, .T. ) ;
#6147 = EDGE_CURVE ( 'NONE', #5099, #6744, #616, .T. ) ;
#6148 = SURFACE_STYLE_FILL_AREA ( #6310 ) ;
#6149 = VECTOR ( 'NONE', #2826, 1000.000000000000000 ) ;
#6150 = ORIENTED_EDGE ( 'NONE', *, *, #1783, .F. ) ;
#6151 = ORIENTED_EDGE ( 'NONE', *, *, #727, .T. ) ;
#6152 = AXIS2_PLACEMENT_3D ( 'NONE', #7659, #4577, #720 ) ;
#6153 = EDGE_CURVE ( 'NONE', #613, #4982, #5753, .T. ) ;
#6154 = CARTESIAN_POINT ( 'NONE',  ( 1.398548747334008358, 8.959230384045008933, 1.350000000000053380 ) ) ;
#6155 = DIRECTION ( 'NONE',  ( -1.644517855226008195E-15, 1.000000000000000000, 2.890435660536364269E-30 ) ) ;
#6156 = EDGE_CURVE ( 'NONE', #5744, #6624, #2514, .T. ) ;
#6157 = CARTESIAN_POINT ( 'NONE',  ( 2.400000000000018563, 5.400000000000012790, 4.450000000000053468 ) ) ;
#6158 = FILL_AREA_STYLE ('',( #6564 ) ) ;
#6159 = EDGE_LOOP ( 'NONE', ( #1609, #3519, #5228, #6150, #3303, #3551 ) ) ;
#6160 = CARTESIAN_POINT ( 'NONE',  ( -0.5999999999999980904, 10.75000000000000533, -0.9499999999999404476 ) ) ;
#6161 = DIRECTION ( 'NONE',  ( -1.748601263784621946E-15, 0.0000000000000000000, -1.000000000000000000 ) ) ;
#6162 = SURFACE_STYLE_FILL_AREA ( #1814 ) ;
#6163 = SURFACE_STYLE_FILL_AREA ( #2437 ) ;
#6164 = VECTOR ( 'NONE', #6638, 1000.000000000000000 ) ;
#6165 = AXIS2_PLACEMENT_3D ( 'NONE', #6962, #5118, #4510 ) ;
#6166 = ORIENTED_EDGE ( 'NONE', *, *, #5920, .T. ) ;
#6167 = SURFACE_STYLE_FILL_AREA ( #3695 ) ;
#6168 = EDGE_CURVE ( 'NONE', #1295, #5520, #3164, .T. ) ;
#6169 = ORIENTED_EDGE ( 'NONE', *, *, #7808, .T. ) ;
#6170 = ORIENTED_EDGE ( 'NONE', *, *, #5750, .F. ) ;
#6171 = EDGE_LOOP ( 'NONE', ( #4391, #3847, #2823, #6791 ) ) ;
#6172 = AXIS2_PLACEMENT_3D ( 'NONE', #2231, #1960, #5697 ) ;
#6173 = COLOUR_RGB ( '',0.2862745098039215508, 0.6431372549019607199, 0.8666666666666666963 ) ;
#6174 = DIRECTION ( 'NONE',  ( 1.748601263784621946E-15, 0.0000000000000000000, 1.000000000000000000 ) ) ;
#6175 = CARTESIAN_POINT ( 'NONE',  ( 9.699999999999993960, 10.60000000000002274, -4.849999999999961453 ) ) ;
#6176 = ORIENTED_EDGE ( 'NONE', *, *, #2919, .F. ) ;
#6177 = SURFACE_SIDE_STYLE ('',( #4318 ) ) ;
#6178 = ORIENTED_EDGE ( 'NONE', *, *, #209, .F. ) ;
#6179 = AXIS2_PLACEMENT_3D ( 'NONE', #4537, #2049, #6984 ) ;
#6180 = AXIS2_PLACEMENT_3D ( 'NONE', #2208, #470, #5299 ) ;
#6181 = DIRECTION ( 'NONE',  ( -1.748601263784621748E-15, 1.482966057179082451E-32, -1.000000000000000000 ) ) ;
#6182 = PRESENTATION_STYLE_ASSIGNMENT (( #3711 ) ) ;
#6183 = COLOUR_RGB ( '',1.000000000000000000, 1.000000000000000000, 1.000000000000000000 ) ;
#6184 = AXIS2_PLACEMENT_3D ( 'NONE', #396, #1809, #6605 ) ;
#6185 = CARTESIAN_POINT ( 'NONE',  ( 0.6999999999999992895, 6.250000000000008882, -5.949999999999944222 ) ) ;
#6186 = FILL_AREA_STYLE ('',( #7388 ) ) ;
#6187 =( LENGTH_UNIT ( ) NAMED_UNIT ( * ) SI_UNIT ( .MILLI., .METRE. ) );
#6188 = FACE_OUTER_BOUND ( 'NONE', #62, .T. ) ;
#6189 = EDGE_CURVE ( 'NONE', #1995, #2798, #7562, .T. ) ;
#6190 = ORIENTED_EDGE ( 'NONE', *, *, #6783, .T. ) ;
#6191 = PLANE ( 'NONE',  #5013 ) ;
#6192 = AXIS2_PLACEMENT_3D ( 'NONE', #6517, #2262, #2105 ) ;
#6193 = CIRCLE ( 'NONE', #456, 1.399999999999999689 ) ;
#6194 = STYLED_ITEM ( 'NONE', ( #2210 ), #1715 ) ;
#6195 = PRESENTATION_STYLE_ASSIGNMENT (( #7553 ) ) ;
#6196 = ORIENTED_EDGE ( 'NONE', *, *, #2994, .F. ) ;
#6197 = PRODUCT_RELATED_PRODUCT_CATEGORY ( 'part', '', ( #7094 ) ) ;
#6198 = COLOUR_RGB ( '',1.000000000000000000, 1.000000000000000000, 1.000000000000000000 ) ;
#6199 = FILL_AREA_STYLE_COLOUR ( '', #5975 ) ;
#6200 = ORIENTED_EDGE ( 'NONE', *, *, #5222, .F. ) ;
#6201 = VECTOR ( 'NONE', #2327, 1000.000000000000000 ) ;
#6202 = VECTOR ( 'NONE', #3257, 1000.000000000000114 ) ;
#6203 = CARTESIAN_POINT ( 'NONE',  ( 0.1000000000000063338, 9.638089535207008396, 1.350000000000056044 ) ) ;
#6204 = CARTESIAN_POINT ( 'NONE',  ( 1.125000000000011324, 6.200000000000009059, 1.340000000000054703 ) ) ;
#6205 = DIRECTION ( 'NONE',  ( -1.644517855226008195E-15, 1.000000000000000000, 2.890435660536364269E-30 ) ) ;
#6206 = VECTOR ( 'NONE', #7389, 1000.000000000000000 ) ;
#6207 = AXIS2_PLACEMENT_3D ( 'NONE', #87, #7542, #7615 ) ;
#6208 = VECTOR ( 'NONE', #4674, 1000.000000000000000 ) ;
#6209 = EDGE_CURVE ( 'NONE', #3567, #643, #2026, .T. ) ;
#6210 = ORIENTED_EDGE ( 'NONE', *, *, #769, .T. ) ;
#6211 = DIRECTION ( 'NONE',  ( -1.748601263784621946E-15, 0.0000000000000000000, -1.000000000000000000 ) ) ;
#6212 = EDGE_CURVE ( 'NONE', #121, #4133, #6963, .T. ) ;
#6213 = LINE ( 'NONE', #7368, #6202 ) ;
#6214 = ORIENTED_EDGE ( 'NONE', *, *, #6394, .T. ) ;
#6215 =( LENGTH_UNIT ( ) NAMED_UNIT ( * ) SI_UNIT ( .MILLI., .METRE. ) );
#6216 = VERTEX_POINT ( 'NONE', #7003 ) ;
#6217 = DIRECTION ( 'NONE',  ( -1.644517855226007998E-15, 1.000000000000000000, 2.890435660536363919E-30 ) ) ;
#6218 = VERTEX_POINT ( 'NONE', #1394 ) ;
#6219 = ADVANCED_FACE ( 'NONE', ( #30 ), #1308, .F. ) ;
#6220 = VERTEX_POINT ( 'NONE', #1427 ) ;
#6221 = VERTEX_POINT ( 'NONE', #6921 ) ;
#6222 = LINE ( 'NONE', #7901, #5660 ) ;
#6223 = ADVANCED_FACE ( 'NONE', ( #3122 ), #6280, .F. ) ;
#6224 = FACE_OUTER_BOUND ( 'NONE', #6250, .T. ) ;
#6225 = LINE ( 'NONE', #5528, #899 ) ;
#6226 = ORIENTED_EDGE ( 'NONE', *, *, #5382, .T. ) ;
#6227 = CARTESIAN_POINT ( 'NONE',  ( 1.125000000000002665, 6.200000000000009059, -3.659999999999945519 ) ) ;
#6228 = EDGE_LOOP ( 'NONE', ( #4462, #7118, #1579, #1880, #1483, #487, #5701, #7981, #4397, #576, #4824, #5898, #3784, #3810, #3902, #894 ) ) ;
#6229 = FACE_OUTER_BOUND ( 'NONE', #7620, .T. ) ;
#6230 = DIRECTION ( 'NONE',  ( 1.644517855226008195E-15, -1.000000000000000000, -2.890435660536364269E-30 ) ) ;
#6231 = EDGE_CURVE ( 'NONE', #2445, #5072, #6433, .T. ) ;
#6232 = DIRECTION ( 'NONE',  ( -0.9701425001453380936, 0.2425356250363078781, 1.696392401805310846E-15 ) ) ;
#6233 = CARTESIAN_POINT ( 'NONE',  ( 3.174999999999996270, 7.650000000000012790, -5.524999999999947953 ) ) ;
#6234 = CARTESIAN_POINT ( 'NONE',  ( 0.1000000000000063338, 5.400000000000009237, -2.149999999999943512 ) ) ;
#6235 = ORIENTED_EDGE ( 'NONE', *, *, #5124, .F. ) ;
#6236 = DIRECTION ( 'NONE',  ( -1.748601263784621748E-15, 1.482966057179082451E-32, -1.000000000000000000 ) ) ;
#6237 = LINE ( 'NONE', #1967, #6322 ) ;
#6238 = ORIENTED_EDGE ( 'NONE', *, *, #4895, .F. ) ;
#6239 = ORIENTED_EDGE ( 'NONE', *, *, #119, .F. ) ;
#6240 = PRESENTATION_STYLE_ASSIGNMENT (( #6319 ) ) ;
#6241 = DIRECTION ( 'NONE',  ( -0.9984603535126304052, -1.641985879086792367E-15, -0.05547001409259996046 ) ) ;
#6242 = DIRECTION ( 'NONE',  ( -0.8000000000000010436, -1.315614284180806122E-15, -0.5999999999999984235 ) ) ;
#6243 = VERTEX_POINT ( 'NONE', #3292 ) ;
#6244 = CARTESIAN_POINT ( 'NONE',  ( 0.7500000000000075495, 7.611199771552088933, 0.3600000000000547207 ) ) ;
#6245 = DIRECTION ( 'NONE',  ( -1.000000000000000000, -1.644517855226007998E-15, 1.748601263784621946E-15 ) ) ;
#6246 = CARTESIAN_POINT ( 'NONE',  ( -0.1999999927999960292, 4.200000000000007283, -4.739999994599941147 ) ) ;
#6247 = EDGE_CURVE ( 'NONE', #7665, #3971, #1896, .T. ) ;
#6248 = ORIENTED_EDGE ( 'NONE', *, *, #2185, .F. ) ;
#6249 = CARTESIAN_POINT ( 'NONE',  ( 1.800000000000011591, 6.844714285714310620, 1.315000000000053904 ) ) ;
#6250 = EDGE_LOOP ( 'NONE', ( #2512, #6663, #4008, #334 ) ) ;
#6251 = EDGE_CURVE ( 'NONE', #1732, #2766, #7443, .T. ) ;
#6252 = VERTEX_POINT ( 'NONE', #4388 ) ;
#6253 = ORIENTED_EDGE ( 'NONE', *, *, #7621, .F. ) ;
#6254 = DIRECTION ( 'NONE',  ( -0.8933250006747830430, 0.4466625002858897187, 0.04962916489078052912 ) ) ;
#6255 = CARTESIAN_POINT ( 'NONE',  ( 0.1000000000000167422, 7.650000000000007461, 5.850000000000055600 ) ) ;
#6256 = ORIENTED_EDGE ( 'NONE', *, *, #1433, .T. ) ;
#6257 = LINE ( 'NONE', #1862, #3947 ) ;
#6258 = EDGE_LOOP ( 'NONE', ( #6896, #4658, #4944, #2990 ) ) ;
#6259 = EDGE_CURVE ( 'NONE', #6751, #4150, #77, .T. ) ;
#6260 = DIRECTION ( 'NONE',  ( 0.2425356250363079058, 0.9701425001453382047, -4.240981004512811688E-16 ) ) ;
#6261 = CARTESIAN_POINT ( 'NONE',  ( 1.399999999999996803, 9.600000000000010303, -4.649999999999945288 ) ) ;
#6262 = VERTEX_POINT ( 'NONE', #5081 ) ;
#6263 = DIRECTION ( 'NONE',  ( 1.644517855226008195E-15, -1.000000000000000000, -2.890435660536364269E-30 ) ) ;
#6264 = DIRECTION ( 'NONE',  ( -1.000000000000000000, -1.644517855226007998E-15, 1.748601263784621946E-15 ) ) ;
#6265 = DIRECTION ( 'NONE',  ( 1.000000000000000000, 1.644517855226007998E-15, -1.748601263784621946E-15 ) ) ;
#6266 = EDGE_LOOP ( 'NONE', ( #2561, #1148, #3776, #291 ) ) ;
#6267 = EDGE_CURVE ( 'NONE', #4800, #5046, #6369, .T. ) ;
#6268 = CARTESIAN_POINT ( 'NONE',  ( 0.1000000000000045991, 10.60000000000000675, 1.350000000000056044 ) ) ;
#6269 = VERTEX_POINT ( 'NONE', #1982 ) ;
#6270 = SURFACE_SIDE_STYLE ('',( #681 ) ) ;
#6271 = VERTEX_POINT ( 'NONE', #4464 ) ;
#6272 = CARTESIAN_POINT ( 'NONE',  ( 0.5000000000000281997, 0.7500000000000093259, 5.350000000000057376 ) ) ;
#6273 = CARTESIAN_POINT ( 'NONE',  ( 3.950000000000009948, 7.144714285714313995, 1.350000000000049161 ) ) ;
#6274 = FACE_OUTER_BOUND ( 'NONE', #2481, .T. ) ;
#6275 = EDGE_CURVE ( 'NONE', #5008, #2757, #1346, .T. ) ;
#6276 = CARTESIAN_POINT ( 'NONE',  ( 0.7000000000000130562, 6.250000000000008882, 2.650000000000054978 ) ) ;
#6277 = VERTEX_POINT ( 'NONE', #6331 ) ;
#6278 = LINE ( 'NONE', #3034, #1214 ) ;
#6279 = PRESENTATION_LAYER_ASSIGNMENT (  '', '', ( #1333 ) ) ;
#6280 = PLANE ( 'NONE',  #4121 ) ;
#6281 =( LENGTH_UNIT ( ) NAMED_UNIT ( * ) SI_UNIT ( .MILLI., .METRE. ) );
#6282 = CARTESIAN_POINT ( 'NONE',  ( 3.175000000000018918, 7.650000000000012790, 7.225000000000051159 ) ) ;
#6283 = ORIENTED_EDGE ( 'NONE', *, *, #1636, .F. ) ;
#6284 = FILL_AREA_STYLE_COLOUR ( '', #3952 ) ;
#6285 = ORIENTED_EDGE ( 'NONE', *, *, #5312, .F. ) ;
#6286 = AXIS2_PLACEMENT_3D ( 'NONE', #2454, #5573, #3099 ) ;
#6287 = ORIENTED_EDGE ( 'NONE', *, *, #3028, .T. ) ;
#6288 = ORIENTED_EDGE ( 'NONE', *, *, #6189, .T. ) ;
#6289 = EDGE_CURVE ( 'NONE', #7361, #657, #4777, .T. ) ;
#6290 = DIRECTION ( 'NONE',  ( 0.0000000000000000000, -0.7142857142856899877, -0.6998542122237899621 ) ) ;
#6291 = STYLED_ITEM ( 'NONE', ( #4176 ), #170 ) ;
#6292 = ADVANCED_FACE ( 'NONE', ( #5716 ), #6402, .T. ) ;
#6293 = DIRECTION ( 'NONE',  ( 0.9838699100999044322, 1.617991634378899626E-15, 0.1788854381999992749 ) ) ;
#6294 = ORIENTED_EDGE ( 'NONE', *, *, #1269, .T. ) ;
#6295 = CARTESIAN_POINT ( 'NONE',  ( 9.699999999999990408, 10.60000000000002274, -6.649999999999955946 ) ) ;
#6296 = EDGE_LOOP ( 'NONE', ( #5507, #5941, #89, #5144 ) ) ;
#6297 = CARTESIAN_POINT ( 'NONE',  ( 1.800000000000002931, 6.844714285714310620, -3.649999999999946620 ) ) ;
#6298 = AXIS2_PLACEMENT_3D ( 'NONE', #2712, #5192, #142 ) ;
#6299 = STYLED_ITEM ( 'NONE', ( #6784 ), #763 ) ;
#6300 = ADVANCED_FACE ( 'NONE', ( #1464 ), #5226, .F. ) ;
#6301 = CARTESIAN_POINT ( 'NONE',  ( 1.800000000000001155, 8.144714285714311330, -3.684999999999946318 ) ) ;
#6302 = FILL_AREA_STYLE_COLOUR ( '', #7699 ) ;
#6303 = CARTESIAN_POINT ( 'NONE',  ( 0.1000000000000132727, 9.638089535208006708, 5.350000000000057376 ) ) ;
#6304 = ADVANCED_FACE ( 'NONE', ( #1589 ), #5550, .F. ) ;
#6305 = MECHANICAL_DESIGN_GEOMETRIC_PRESENTATION_REPRESENTATION (  '', ( #2290 ), #3063 ) ;
#6306 = VECTOR ( 'NONE', #634, 1000.000000000000000 ) ;
#6307 = DIRECTION ( 'NONE',  ( 1.644517855225973880E-15, -1.000000000000000000, -1.965547678589000652E-14 ) ) ;
#6308 = PLANE ( 'NONE',  #6152 ) ;
#6309 = VERTEX_POINT ( 'NONE', #5460 ) ;
#6310 = FILL_AREA_STYLE ('',( #7517 ) ) ;
#6311 = CARTESIAN_POINT ( 'NONE',  ( 1.499999999999999556, 8.109625349781611092, -4.639999999999945501 ) ) ;
#6312 = AXIS2_PLACEMENT_3D ( 'NONE', #3174, #3299, #2567 ) ;
#6313 = VECTOR ( 'NONE', #689, 1000.000000000000227 ) ;
#6314 = ORIENTED_EDGE ( 'NONE', *, *, #6011, .F. ) ;
#6315 = EDGE_CURVE ( 'NONE', #3750, #567, #3963, .T. ) ;
#6316 = UNCERTAINTY_MEASURE_WITH_UNIT (LENGTH_MEASURE( 1.000000000000000082E-05 ), #1337, 'distance_accuracy_value', 'NONE');
#6317 = EDGE_CURVE ( 'NONE', #6221, #5361, #7676, .T. ) ;
#6318 = ADVANCED_FACE ( 'NONE', ( #7074 ), #858, .F. ) ;
#6319 = SURFACE_STYLE_USAGE ( .BOTH. , #3158 ) ;
#6320 = CARTESIAN_POINT ( 'NONE',  ( 2.400000000000020339, 8.200000000000011724, 8.875158234187052742 ) ) ;
#6321 = VECTOR ( 'NONE', #5043, 1000.000000000000000 ) ;
#6322 = VECTOR ( 'NONE', #3796, 1000.000000000000000 ) ;
#6323 = CARTESIAN_POINT ( 'NONE',  ( 1.400000000004007372, 7.649999999998870592, 0.8499999999980536458 ) ) ;
#6324 = DIRECTION ( 'NONE',  ( -1.644517855226007998E-15, 1.000000000000000000, 2.890435660536363919E-30 ) ) ;
#6325 = DIRECTION ( 'NONE',  ( -1.748601263784621946E-15, 0.0000000000000000000, -1.000000000000000000 ) ) ;
#6326 = ORIENTED_EDGE ( 'NONE', *, *, #6641, .F. ) ;
#6327 =( GEOMETRIC_REPRESENTATION_CONTEXT ( 3 ) GLOBAL_UNCERTAINTY_ASSIGNED_CONTEXT ( ( #7520 ) ) GLOBAL_UNIT_ASSIGNED_CONTEXT ( ( #6996, #6362, #1932 ) ) REPRESENTATION_CONTEXT ( 'NONE', 'WORKASPACE' ) );
#6328 = CARTESIAN_POINT ( 'NONE',  ( 11.00000000000000000, 11.75000000000002487, -0.04999999999996153355 ) ) ;
#6329 =( GEOMETRIC_REPRESENTATION_CONTEXT ( 3 ) GLOBAL_UNCERTAINTY_ASSIGNED_CONTEXT ( ( #6083 ) ) GLOBAL_UNIT_ASSIGNED_CONTEXT ( ( #508, #596, #1287 ) ) REPRESENTATION_CONTEXT ( 'NONE', 'WORKASPACE' ) );
#6330 = VECTOR ( 'NONE', #1263, 1000.000000000000000 ) ;
#6331 = CARTESIAN_POINT ( 'NONE',  ( 1.250000000000030642, -0.2499999999999889533, 6.100000000000053824 ) ) ;
#6332 = ADVANCED_FACE ( 'NONE', ( #812 ), #6480, .T. ) ;
#6333 = CARTESIAN_POINT ( 'NONE',  ( 0.6767269503200005198, 8.200000000002308553, -2.476229571090944326 ) ) ;
#6334 = ORIENTED_EDGE ( 'NONE', *, *, #1323, .T. ) ;
#6335 = DIRECTION ( 'NONE',  ( -1.748601263784621748E-15, 0.0000000000000000000, -1.000000000000000000 ) ) ;
#6336 = EDGE_LOOP ( 'NONE', ( #2608, #666, #4599, #5219, #5599, #1001, #4103, #6855, #2266, #7459 ) ) ;
#6337 = CARTESIAN_POINT ( 'NONE',  ( 1.500000000000022204, 4.200000000000010836, 5.350000000000055600 ) ) ;
#6338 = ORIENTED_EDGE ( 'NONE', *, *, #1462, .T. ) ;
#6339 = AXIS2_PLACEMENT_3D ( 'NONE', #5491, #2524, #662 ) ;
#6340 = AXIS2_PLACEMENT_3D ( 'NONE', #4560, #6515, #3329 ) ;
#6341 = ORIENTED_EDGE ( 'NONE', *, *, #1043, .F. ) ;
#6342 = ORIENTED_EDGE ( 'NONE', *, *, #655, .F. ) ;
#6343 = DIRECTION ( 'NONE',  ( 1.595945597898462472E-14, 2.337000431716910882E-29, 1.000000000000000000 ) ) ;
#6344 = MECHANICAL_DESIGN_GEOMETRIC_PRESENTATION_REPRESENTATION (  '', ( #4925 ), #3102 ) ;
#6345 = DIRECTION ( 'NONE',  ( -1.644517855226008195E-15, 1.000000000000000000, 2.890435660536364269E-30 ) ) ;
#6346 = ORIENTED_EDGE ( 'NONE', *, *, #6317, .F. ) ;
#6347 = DIRECTION ( 'NONE',  ( -1.748601263784621946E-15, 0.0000000000000000000, -1.000000000000000000 ) ) ;
#6348 = ORIENTED_EDGE ( 'NONE', *, *, #2605, .T. ) ;
#6349 = DIRECTION ( 'NONE',  ( -1.668003342285391452E-15, 1.000000000000000000, 0.0000000000000000000 ) ) ;
#6350 = DIRECTION ( 'NONE',  ( -1.000000000000000000, -1.644517855226007998E-15, 1.748601263784621946E-15 ) ) ;
#6351 = CARTESIAN_POINT ( 'NONE',  ( 1.800000000000010036, 6.844714285714310620, 0.3500000000000533795 ) ) ;
#6352 = CARTESIAN_POINT ( 'NONE',  ( -0.1999999993499857465, 8.599999999630806968, 5.260000002215058146 ) ) ;
#6353 = DIRECTION ( 'NONE',  ( -1.748601263784621946E-15, 0.0000000000000000000, -1.000000000000000000 ) ) ;
#6354 = ORIENTED_EDGE ( 'NONE', *, *, #2983, .F. ) ;
#6355 = EDGE_CURVE ( 'NONE', #1438, #2077, #895, .T. ) ;
#6356 = CARTESIAN_POINT ( 'NONE',  ( 0.7500000000000058842, 8.200000000000009948, 0.3600000000000547207 ) ) ;
#6357 = DIRECTION ( 'NONE',  ( 1.644517855226007998E-15, -1.000000000000000000, -2.890435660536363919E-30 ) ) ;
#6358 = EDGE_CURVE ( 'NONE', #3774, #91, #2103, .T. ) ;
#6359 = ORIENTED_EDGE ( 'NONE', *, *, #6247, .F. ) ;
#6360 = VECTOR ( 'NONE', #1385, 1000.000000000000114 ) ;
#6361 = SURFACE_STYLE_FILL_AREA ( #5188 ) ;
#6362 =( NAMED_UNIT ( * ) PLANE_ANGLE_UNIT ( ) SI_UNIT ( $, .RADIAN. ) );
#6363 = LINE ( 'NONE', #5150, #3309 ) ;
#6364 = LINE ( 'NONE', #6998, #7192 ) ;
#6365 = CARTESIAN_POINT ( 'NONE',  ( 2.399999999999994138, 10.60000000000001030, -4.649999999999947065 ) ) ;
#6366 = DIRECTION ( 'NONE',  ( 1.000000000000000000, 1.644517855226007998E-15, -1.748601263784621946E-15 ) ) ;
#6367 = EDGE_CURVE ( 'NONE', #4963, #1158, #3408, .T. ) ;
#6368 = ORIENTED_EDGE ( 'NONE', *, *, #6011, .T. ) ;
#6369 = LINE ( 'NONE', #150, #49 ) ;
#6370 = LINE ( 'NONE', #151, #6208 ) ;
#6371 = ORIENTED_EDGE ( 'NONE', *, *, #258, .F. ) ;
#6372 = DIRECTION ( 'NONE',  ( 0.9486832980505243151, 1.560126622598782728E-15, 0.3162277660168062443 ) ) ;
#6373 = SURFACE_STYLE_USAGE ( .BOTH. , #81 ) ;
#6374 = ORIENTED_EDGE ( 'NONE', *, *, #6612, .T. ) ;
#6375 = EDGE_CURVE ( 'NONE', #1400, #4384, #2717, .T. ) ;
#6376 = VERTEX_POINT ( 'NONE', #5792 ) ;
#6377 = CARTESIAN_POINT ( 'NONE',  ( 10.99999999999998757, 11.75000000000002487, -6.649999999999962164 ) ) ;
#6378 = DIRECTION ( 'NONE',  ( 1.748601263784621748E-15, 0.0000000000000000000, 1.000000000000000000 ) ) ;
#6379 = CARTESIAN_POINT ( 'NONE',  ( 0.09999999999999939493, 7.649999999998868816, -4.150000000001943690 ) ) ;
#6380 = ORIENTED_EDGE ( 'NONE', *, *, #1219, .T. ) ;
#6381 = DIRECTION ( 'NONE',  ( -0.9883716976506232710, 0.1520571842539018281, 1.728267999600831987E-15 ) ) ;
#6382 = VECTOR ( 'NONE', #6943, 1000.000000000000000 ) ;
#6383 = ORIENTED_EDGE ( 'NONE', *, *, #4132, .F. ) ;
#6384 = DIRECTION ( 'NONE',  ( 1.644517855226008195E-15, -1.000000000000000000, -2.890435660536364269E-30 ) ) ;
#6385 = FACE_OUTER_BOUND ( 'NONE', #4863, .T. ) ;
#6386 = LINE ( 'NONE', #4574, #593 ) ;
#6387 = PLANE ( 'NONE',  #5735 ) ;
#6388 = LINE ( 'NONE', #5213, #676 ) ;
#6389 = ORIENTED_EDGE ( 'NONE', *, *, #7911, .T. ) ;
#6390 = DIRECTION ( 'NONE',  ( 1.748601263784621946E-15, 0.0000000000000000000, 1.000000000000000000 ) ) ;
#6391 = CARTESIAN_POINT ( 'NONE',  ( 0.09999999999999939493, 7.649999999998868816, -4.150000000001943690 ) ) ;
#6392 = UNCERTAINTY_MEASURE_WITH_UNIT (LENGTH_MEASURE( 1.000000000000000082E-05 ), #4179, 'distance_accuracy_value', 'NONE');
#6393 = VERTEX_POINT ( 'NONE', #7764 ) ;
#6394 = EDGE_CURVE ( 'NONE', #3778, #7012, #2220, .T. ) ;
#6395 = ORIENTED_EDGE ( 'NONE', *, *, #2292, .T. ) ;
#6396 = PLANE ( 'NONE',  #4152 ) ;
#6397 = PLANE ( 'NONE',  #5370 ) ;
#6398 = EDGE_CURVE ( 'NONE', #5955, #3547, #548, .T. ) ;
#6399 = CARTESIAN_POINT ( 'NONE',  ( 10.99999999999999822, 5.200000000000025935, -6.649999999999962164 ) ) ;
#6400 = DIRECTION ( 'NONE',  ( 1.644517855226008195E-15, -1.000000000000000000, -2.890435660536364269E-30 ) ) ;
#6401 = ORIENTED_EDGE ( 'NONE', *, *, #7383, .T. ) ;
#6402 = PLANE ( 'NONE',  #7857 ) ;
#6403 = ORIENTED_EDGE ( 'NONE', *, *, #3423, .T. ) ;
#6404 = AXIS2_PLACEMENT_3D ( 'NONE', #6145, #1169, #4412 ) ;
#6405 = CARTESIAN_POINT ( 'NONE',  ( 9.700000000000002842, 10.60000000000002274, 0.1500000000000389910 ) ) ;
#6406 = ADVANCED_FACE ( 'NONE', ( #6822 ), #3016, .T. ) ;
#6407 = DIRECTION ( 'NONE',  ( -1.000000000000000000, -1.644517855226007998E-15, 1.748601263784621748E-15 ) ) ;
#6408 = EDGE_LOOP ( 'NONE', ( #2359, #80, #6000, #5048 ) ) ;
#6409 = ORIENTED_EDGE ( 'NONE', *, *, #7153, .F. ) ;
#6410 = FILL_AREA_STYLE ('',( #161 ) ) ;
#6411 = LINE ( 'NONE', #6930, #7971 ) ;
#6412 = LINE ( 'NONE', #5202, #4917 ) ;
#6413 = EDGE_CURVE ( 'NONE', #613, #3167, #3183, .T. ) ;
#6414 = FACE_BOUND ( 'NONE', #3132, .T. ) ;
#6415 = VECTOR ( 'NONE', #6347, 1000.000000000000000 ) ;
#6416 = ORIENTED_EDGE ( 'NONE', *, *, #3018, .F. ) ;
#6417 = DIRECTION ( 'NONE',  ( -1.000000000000000000, -1.644517855226007801E-15, 1.748601263784621748E-15 ) ) ;
#6418 = ORIENTED_EDGE ( 'NONE', *, *, #2633, .F. ) ;
#6419 = VECTOR ( 'NONE', #3421, 1000.000000000000000 ) ;
#6420 = AXIS2_PLACEMENT_3D ( 'NONE', #868, #7685, #3378 ) ;
#6421 = FACE_OUTER_BOUND ( 'NONE', #1292, .T. ) ;
#6422 = DIRECTION ( 'NONE',  ( -1.748601263784621946E-15, 0.0000000000000000000, -1.000000000000000000 ) ) ;
#6423 = SURFACE_STYLE_FILL_AREA ( #5104 ) ;
#6424 = FACE_OUTER_BOUND ( 'NONE', #7519, .T. ) ;
#6425 = VERTEX_POINT ( 'NONE', #7986 ) ;
#6426 = COLOUR_RGB ( '',1.000000000000000000, 1.000000000000000000, 1.000000000000000000 ) ;
#6427 = VECTOR ( 'NONE', #113, 1000.000000000000114 ) ;
#6428 = CARTESIAN_POINT ( 'NONE',  ( 1.399999999999999245, 8.959289480517522719, -3.654265157653993956 ) ) ;
#6429 = DIRECTION ( 'NONE',  ( 1.644517855226008195E-15, -1.000000000000000000, -2.890435660536364269E-30 ) ) ;
#6430 = ORIENTED_EDGE ( 'NONE', *, *, #5814, .T. ) ;
#6431 = CIRCLE ( 'NONE', #3968, 1.400000000001999423 ) ;
#6432 = VECTOR ( 'NONE', #2256, 1000.000000000000000 ) ;
#6433 = B_SPLINE_CURVE_WITH_KNOTS ( 'NONE', 3,
 ( #8039, #3892, #3209, #6244 ),
 .UNSPECIFIED., .F., .F.,
 ( 4, 4 ),
 ( 0.0000000000000000000, 1.000000000000000000 ),
 .UNSPECIFIED. ) ;
#6434 = DIRECTION ( 'NONE',  ( -1.748601263784621946E-15, 0.0000000000000000000, -1.000000000000000000 ) ) ;
#6435 = PRESENTATION_STYLE_ASSIGNMENT (( #7064 ) ) ;
#6436 = DIRECTION ( 'NONE',  ( -1.644517855226007998E-15, 1.000000000000000000, -0.0000000000000000000 ) ) ;
#6437 = DIRECTION ( 'NONE',  ( 0.0000000000000000000, -0.6949152542373064900, -0.7190916418846067248 ) ) ;
#6438 = CARTESIAN_POINT ( 'NONE',  ( 9.700000000000002842, 10.60000000000002274, 0.1500000000000389910 ) ) ;
#6439 = VECTOR ( 'NONE', #5987, 1000.000000000000114 ) ;
#6440 = AXIS2_PLACEMENT_3D ( 'NONE', #4357, #6181, #6776 ) ;
#6441 = CARTESIAN_POINT ( 'NONE',  ( 0.5000000000000004441, 6.844714285714308843, -4.649999999999943512 ) ) ;
#6442 = ORIENTED_EDGE ( 'NONE', *, *, #6897, .F. ) ;
#6443 =( LENGTH_UNIT ( ) NAMED_UNIT ( * ) SI_UNIT ( .MILLI., .METRE. ) );
#6444 = ORIENTED_EDGE ( 'NONE', *, *, #7025, .F. ) ;
#6445 = VECTOR ( 'NONE', #4692, 1000.000000000000114 ) ;
#6446 = LINE ( 'NONE', #861, #3731 ) ;
#6447 = DIRECTION ( 'NONE',  ( -0.9333456062030549560, 0.3589790793088810106, 1.632049306554485608E-15 ) ) ;
#6448 = ORIENTED_EDGE ( 'NONE', *, *, #6413, .F. ) ;
#6449 = ADVANCED_FACE ( 'NONE', ( #5653 ), #2408, .T. ) ;
#6450 = VECTOR ( 'NONE', #2780, 1000.000000000000000 ) ;
#6451 = STYLED_ITEM ( 'NONE', ( #7648 ), #6046 ) ;
#6452 = ORIENTED_EDGE ( 'NONE', *, *, #3028, .F. ) ;
#6453 = ADVANCED_FACE ( 'NONE', ( #7466 ), #4242, .F. ) ;
#6454 = SURFACE_SIDE_STYLE ('',( #2109 ) ) ;
#6455 = CYLINDRICAL_SURFACE ( 'NONE', #2318, 1.300000000000000044 ) ;
#6457 = DIRECTION ( 'NONE',  ( 1.000000000000000000, 1.644517855226007998E-15, -1.748601263784621946E-15 ) ) ;
#6456 = VECTOR ( 'NONE', #1710, 1000.000000000000000 ) ;
#6458 = LINE ( 'NONE', #672, #7477 ) ;
#6459 = AXIS2_PLACEMENT_3D ( 'NONE', #4448, #878, #5103 ) ;
#6460 = VERTEX_POINT ( 'NONE', #8022 ) ;
#6461 = EDGE_LOOP ( 'NONE', ( #4296, #6678, #6178, #2376 ) ) ;
#6462 = EDGE_CURVE ( 'NONE', #5761, #5027, #4939, .T. ) ;
#6463 = CIRCLE ( 'NONE', #6339, 1.300000000000000266 ) ;
#6464 = PLANE ( 'NONE',  #1364 ) ;
#6465 = LINE ( 'NONE', #134, #2830 ) ;
#6466 = CARTESIAN_POINT ( 'NONE',  ( 9.699999999999995737, 10.60000000000002274, -3.449999999999960210 ) ) ;
#6467 = VERTEX_POINT ( 'NONE', #6709 ) ;
#6468 = DIRECTION ( 'NONE',  ( -2.168404344971010446E-15, 0.3928571428571054347, -0.9195995135417112110 ) ) ;
#6469 = EDGE_CURVE ( 'NONE', #2319, #2759, #2060, .T. ) ;
#6470 = EDGE_LOOP ( 'NONE', ( #2890, #6601, #5825, #1331 ) ) ;
#6471 = LINE ( 'NONE', #4000, #3643 ) ;
#6472 = DIRECTION ( 'NONE',  ( -1.000000000000000000, -1.644517855226007998E-15, 1.748601263784621946E-15 ) ) ;
#6473 = CARTESIAN_POINT ( 'NONE',  ( 0.7499999999999988898, 8.200000000000009948, -3.659999999999944631 ) ) ;
#6474 = ORIENTED_EDGE ( 'NONE', *, *, #6648, .T. ) ;
#6475 = CARTESIAN_POINT ( 'NONE',  ( 0.1000000000000219463, 7.100000000000008527, 7.850000000000056488 ) ) ;
#6476 = DIRECTION ( 'NONE',  ( 1.748601263784621946E-15, 0.0000000000000000000, 1.000000000000000000 ) ) ;
#6477 = CARTESIAN_POINT ( 'NONE',  ( 0.7500000000000006661, 7.611199771552088933, -3.659999999999944631 ) ) ;
#6478 = ORIENTED_EDGE ( 'NONE', *, *, #633, .T. ) ;
#6479 = VECTOR ( 'NONE', #6073, 1000.000000000000000 ) ;
#6480 = PLANE ( 'NONE',  #5428 ) ;
#6481 = CARTESIAN_POINT ( 'NONE',  ( 9.800000000000016698, 7.894714285714324653, 6.100000000000038725 ) ) ;
#6482 = ORIENTED_EDGE ( 'NONE', *, *, #4389, .F. ) ;
#6483 = CARTESIAN_POINT ( 'NONE',  ( 1.375000000000020206, 0.2500000000000106581, 0.8500000000000538236 ) ) ;
#6484 = LINE ( 'NONE', #7844, #163 ) ;
#6485 = VERTEX_POINT ( 'NONE', #5536 ) ;
#6486 = LINE ( 'NONE', #3868, #1758 ) ;
#6487 = ORIENTED_EDGE ( 'NONE', *, *, #3964, .F. ) ;
#6488 = DIRECTION ( 'NONE',  ( -1.000000000000000000, -1.644517855226007998E-15, 1.748601263784621946E-15 ) ) ;
#6489 = PLANE ( 'NONE',  #2167 ) ;
#6490 = ADVANCED_FACE ( 'NONE', ( #1203 ), #4324, .F. ) ;
#6491 = CARTESIAN_POINT ( 'NONE',  ( 2.399999999999999467, 7.650000000000011902, -4.149999999999947953 ) ) ;
#6492 = DIRECTION ( 'NONE',  ( -1.748601263784621946E-15, 0.0000000000000000000, -1.000000000000000000 ) ) ;
#6493 = ORIENTED_EDGE ( 'NONE', *, *, #5651, .F. ) ;
#6494 = PLANE ( 'NONE',  #7308 ) ;
#6495 = ADVANCED_FACE ( 'NONE', ( #4973 ), #7422, .F. ) ;
#6496 = ORIENTED_EDGE ( 'NONE', *, *, #3585, .F. ) ;
#6497 = EDGE_LOOP ( 'NONE', ( #6587, #6910, #7818, #6580 ) ) ;
#6498 = CARTESIAN_POINT ( 'NONE',  ( 3.175000000000007816, 7.650000000000012790, 0.8500000000000512701 ) ) ;
#6499 = EDGE_CURVE ( 'NONE', #1639, #413, #13, .T. ) ;
#6500 = CARTESIAN_POINT ( 'NONE',  ( 0.1000000000000184769, 7.650000000000007461, 6.350000000000056488 ) ) ;
#6501 = FACE_OUTER_BOUND ( 'NONE', #5449, .T. ) ;
#6502 = SURFACE_STYLE_FILL_AREA ( #7141 ) ;
#6503 = ADVANCED_FACE ( 'NONE', ( #6866 ), #217, .F. ) ;
#6504 = ORIENTED_EDGE ( 'NONE', *, *, #7100, .T. ) ;
#6505 = LINE ( 'NONE', #7590, #2576 ) ;
#6506 = CARTESIAN_POINT ( 'NONE',  ( 1.500000000000013545, 0.7500000000000111022, -3.649999999999946620 ) ) ;
#6507 = LINE ( 'NONE', #303, #7377 ) ;
#6508 = DIRECTION ( 'NONE',  ( 0.9238697708742987791, 0.3553345272594015669, 0.1421338109036983932 ) ) ;
#6509 =( NAMED_UNIT ( * ) SI_UNIT ( $, .STERADIAN. ) SOLID_ANGLE_UNIT ( ) );
#6510 = EDGE_CURVE ( 'NONE', #4014, #5317, #3351, .T. ) ;
#6511 = ORIENTED_EDGE ( 'NONE', *, *, #3937, .T. ) ;
#6512 = CARTESIAN_POINT ( 'NONE',  ( -0.9999999999999800160, 3.750000000000006217, 3.350000000000056932 ) ) ;
#6513 = FACE_OUTER_BOUND ( 'NONE', #493, .T. ) ;
#6514 = EDGE_LOOP ( 'NONE', ( #4109, #2723, #3091, #3258 ) ) ;
#6515 = DIRECTION ( 'NONE',  ( -1.748601263784621748E-15, 1.482966057179082451E-32, -1.000000000000000000 ) ) ;
#6516 = ORIENTED_EDGE ( 'NONE', *, *, #7140, .T. ) ;
#6517 = CARTESIAN_POINT ( 'NONE',  ( 2.399999999999955946, 9.600000000000012079, -27.72199999999994446 ) ) ;
#6518 = DIRECTION ( 'NONE',  ( -1.748601263784621946E-15, 0.0000000000000000000, -1.000000000000000000 ) ) ;
#6519 = ORIENTED_EDGE ( 'NONE', *, *, #247, .T. ) ;
#6520 = DIRECTION ( 'NONE',  ( 1.748601263784621946E-15, 0.0000000000000000000, 1.000000000000000000 ) ) ;
#6521 = ORIENTED_EDGE ( 'NONE', *, *, #3581, .T. ) ;
#6522 = FACE_OUTER_BOUND ( 'NONE', #3385, .T. ) ;
#6523 = FILL_AREA_STYLE ('',( #5970 ) ) ;
#6524 = LINE ( 'NONE', #51, #1221 ) ;
#6525 =( NAMED_UNIT ( * ) SI_UNIT ( $, .STERADIAN. ) SOLID_ANGLE_UNIT ( ) );
#6526 = DIRECTION ( 'NONE',  ( 1.706285386945153899E-15, -1.000000000000000000, 0.0000000000000000000 ) ) ;
#6527 = ORIENTED_EDGE ( 'NONE', *, *, #6552, .T. ) ;
#6528 = LINE ( 'NONE', #2152, #553 ) ;
#6529 = EDGE_LOOP ( 'NONE', ( #6788, #5883, #2951, #337 ) ) ;
#6530 = AXIS2_PLACEMENT_3D ( 'NONE', #6320, #532, #1973 ) ;
#6531 = EDGE_CURVE ( 'NONE', #6744, #2445, #324, .T. ) ;
#6532 = ORIENTED_EDGE ( 'NONE', *, *, #4682, .T. ) ;
#6533 = EDGE_CURVE ( 'NONE', #3650, #6052, #7016, .T. ) ;
#6534 = CARTESIAN_POINT ( 'NONE',  ( 3.949999999999999734, 7.144714285714313995, -4.649999999999950617 ) ) ;
#6535 = VECTOR ( 'NONE', #839, 1000.000000000000000 ) ;
#6536 = CARTESIAN_POINT ( 'NONE',  ( 11.00000000000000711, 5.200000000000025935, -1.945459231494963026 ) ) ;
#6537 = DIRECTION ( 'NONE',  ( -1.000000000000000000, -1.644517855226007998E-15, 1.748601263784621946E-15 ) ) ;
#6538 = VERTEX_POINT ( 'NONE', #3829 ) ;
#6539 = CARTESIAN_POINT ( 'NONE',  ( 1.500000000000030864, 0.7500000000000111022, 6.350000000000053824 ) ) ;
#6540 = STYLED_ITEM ( 'NONE', ( #7731 ), #61 ) ;
#6541 = EDGE_CURVE ( 'NONE', #5584, #7125, #175, .T. ) ;
#6542 =( NAMED_UNIT ( * ) PLANE_ANGLE_UNIT ( ) SI_UNIT ( $, .RADIAN. ) );
#6543 = EDGE_CURVE ( 'NONE', #315, #5565, #4491, .T. ) ;
#6544 =( NAMED_UNIT ( * ) SI_UNIT ( $, .STERADIAN. ) SOLID_ANGLE_UNIT ( ) );
#6545 = CARTESIAN_POINT ( 'NONE',  ( 1.300000000000006040, 5.400000000000011013, -2.549999999999945643 ) ) ;
#6546 = CIRCLE ( 'NONE', #557, 0.9999999999999991118 ) ;
#6547 = AXIS2_PLACEMENT_3D ( 'NONE', #7490, #76, #1267 ) ;
#6548 = DIRECTION ( 'NONE',  ( -1.000000000000000000, -1.644517855226008195E-15, 0.0000000000000000000 ) ) ;
#6549 = DIRECTION ( 'NONE',  ( -1.644517855226007801E-15, 1.000000000000000000, 2.890435660536363568E-30 ) ) ;
#6550 = ORIENTED_EDGE ( 'NONE', *, *, #4389, .T. ) ;
#6551 = CARTESIAN_POINT ( 'NONE',  ( 1.500000000000003109, 6.480000000000010196, -3.649999999999946620 ) ) ;
#6552 = EDGE_CURVE ( 'NONE', #588, #2729, #5776, .T. ) ;
#6553 = DIRECTION ( 'NONE',  ( -1.644517855226008195E-15, 1.000000000000000000, 2.890435660536364269E-30 ) ) ;
#6554 = COLOUR_RGB ( '',1.000000000000000000, 1.000000000000000000, 1.000000000000000000 ) ;
#6555 = STYLED_ITEM ( 'NONE', ( #3314 ), #799 ) ;
#6556 = VERTEX_POINT ( 'NONE', #6303 ) ;
#6557 = EDGE_CURVE ( 'NONE', #7197, #6056, #3618, .T. ) ;
#6558 = DIRECTION ( 'NONE',  ( 1.644517855226008195E-15, -1.000000000000000000, -2.890435660536364269E-30 ) ) ;
#6559 = PLANE ( 'NONE',  #3095 ) ;
#6560 = ORIENTED_EDGE ( 'NONE', *, *, #6717, .T. ) ;
#6561 = PLANE ( 'NONE',  #869 ) ;
#6562 = DIRECTION ( 'NONE',  ( -1.644517855226008195E-15, 1.000000000000000000, 2.890435660536364269E-30 ) ) ;
#6563 = ORIENTED_EDGE ( 'NONE', *, *, #7960, .T. ) ;
#6564 = FILL_AREA_STYLE_COLOUR ( '', #6692 ) ;
#6565 = EDGE_LOOP ( 'NONE', ( #2754, #4440, #7638, #966 ) ) ;
#6566 = EDGE_CURVE ( 'NONE', #766, #5320, #3907, .T. ) ;
#6567 =( LENGTH_UNIT ( ) NAMED_UNIT ( * ) SI_UNIT ( .MILLI., .METRE. ) );
#6568 = CIRCLE ( 'NONE', #6691, 3.149999999999999467 ) ;
#6569 = VECTOR ( 'NONE', #2669, 1000.000000000000000 ) ;
#6570 = LINE ( 'NONE', #2760, #7473 ) ;
#6571 = DIRECTION ( 'NONE',  ( -1.644517855226008195E-15, 1.000000000000000000, 2.890435660536364269E-30 ) ) ;
#6572 = CARTESIAN_POINT ( 'NONE',  ( 0.7500000000000163203, 7.611199771552088933, 5.360000000000054499 ) ) ;
#6573 = ORIENTED_EDGE ( 'NONE', *, *, #1382, .F. ) ;
#6574 = DIRECTION ( 'NONE',  ( -1.748601263784621748E-15, 0.0000000000000000000, -1.000000000000000000 ) ) ;
#6575 = VECTOR ( 'NONE', #3967, 1000.000000000000000 ) ;
#6576 = ORIENTED_EDGE ( 'NONE', *, *, #5732, .F. ) ;
#6577 = VECTOR ( 'NONE', #7086, 1000.000000000000000 ) ;
#6578 = AXIS2_PLACEMENT_3D ( 'NONE', #1294, #3062, #6870 ) ;
#6579 = LINE ( 'NONE', #2858, #3190 ) ;
#6580 = ORIENTED_EDGE ( 'NONE', *, *, #4369, .T. ) ;
#6581 = CARTESIAN_POINT ( 'NONE',  ( 1.300000000000023359, 5.400000000000011013, 7.450000000000054357 ) ) ;
#6582 = AXIS2_PLACEMENT_3D ( 'NONE', #4258, #4171, #1102 ) ;
#6583 = VECTOR ( 'NONE', #5817, 1000.000000000000000 ) ;
#6584 = VECTOR ( 'NONE', #7166, 1000.000000000000000 ) ;
#6585 = CARTESIAN_POINT ( 'NONE',  ( -0.5999999999999825473, 4.200000000000007283, 2.650000000000056755 ) ) ;
#6586 = CARTESIAN_POINT ( 'NONE',  ( 0.09999999999999419076, 8.199999999999308287, -6.124841765812941929 ) ) ;
#6587 = ORIENTED_EDGE ( 'NONE', *, *, #5478, .F. ) ;
#6588 = SURFACE_SIDE_STYLE ('',( #7144 ) ) ;
#6589 = AXIS2_PLACEMENT_3D ( 'NONE', #1238, #2400, #5 ) ;
#6590 = DIRECTION ( 'NONE',  ( -1.644517855226008195E-15, 1.000000000000000000, 2.890435660536364269E-30 ) ) ;
#6591 = DIRECTION ( 'NONE',  ( 0.9927080914950846546, -0.1205431253957962856, -1.735850623357525016E-15 ) ) ;
#6592 = COLOUR_RGB ( '',1.000000000000000000, 1.000000000000000000, 1.000000000000000000 ) ;
#6593 = EDGE_CURVE ( 'NONE', #986, #6556, #5245, .T. ) ;
#6594 = CARTESIAN_POINT ( 'NONE',  ( 0.09999999999999419076, 8.200000000000008171, -6.649999999999943512 ) ) ;
#6595 = LINE ( 'NONE', #387, #802 ) ;
#6596 = ORIENTED_EDGE ( 'NONE', *, *, #2195, .F. ) ;
#6597 = EDGE_CURVE ( 'NONE', #6252, #6393, #836, .T. ) ;
#6598 = CARTESIAN_POINT ( 'NONE',  ( 2.400000000000007905, 5.400000000000012790, -2.028679656439947632 ) ) ;
#6599 = ORIENTED_EDGE ( 'NONE', *, *, #4634, .F. ) ;
#6600 = DIRECTION ( 'NONE',  ( 1.000000000000000000, 1.644517855226007998E-15, -1.748601263784621946E-15 ) ) ;
#6601 = ORIENTED_EDGE ( 'NONE', *, *, #4642, .T. ) ;
#6602 = FACE_OUTER_BOUND ( 'NONE', #6529, .T. ) ;
#6603 = PLANE ( 'NONE',  #5900 ) ;
#6604 = ADVANCED_FACE ( 'NONE', ( #5698 ), #7549, .F. ) ;
#6605 = DIRECTION ( 'NONE',  ( 1.644517855226007998E-15, -1.000000000000000000, -2.890435660536363919E-30 ) ) ;
#6606 = ORIENTED_EDGE ( 'NONE', *, *, #687, .T. ) ;
#6607 = DIRECTION ( 'NONE',  ( 1.748601263784621946E-15, 0.0000000000000000000, 1.000000000000000000 ) ) ;
#6608 = FILL_AREA_STYLE_COLOUR ( '', #6079 ) ;
#6609 = CYLINDRICAL_SURFACE ( 'NONE', #7921, 2.949999999999999289 ) ;
#6610 = VERTEX_POINT ( 'NONE', #4539 ) ;
#6611 = FILL_AREA_STYLE ('',( #7256 ) ) ;
#6612 = EDGE_CURVE ( 'NONE', #2044, #7968, #6465, .T. ) ;
#6613 = ORIENTED_EDGE ( 'NONE', *, *, #3698, .T. ) ;
#6614 = ORIENTED_EDGE ( 'NONE', *, *, #8019, .T. ) ;
#6615 = CARTESIAN_POINT ( 'NONE',  ( 1.800000000000001155, 6.844714285714310620, -4.649999999999947065 ) ) ;
#6616 = CARTESIAN_POINT ( 'NONE',  ( -0.6000000000000015321, 10.75000000000000533, -2.349999999999943245 ) ) ;
#6617 = CARTESIAN_POINT ( 'NONE',  ( 0.7500000000000111022, -0.2499999999999906741, -4.399999999999944400 ) ) ;
#6618 = DIRECTION ( 'NONE',  ( -0.7071067811864987229, -1.162849727212584842E-15, -0.7071067811865962005 ) ) ;
#6619 = ORIENTED_EDGE ( 'NONE', *, *, #4767, .F. ) ;
#6620 = CARTESIAN_POINT ( 'NONE',  ( 9.699999999999999289, 7.450000000000023270, -4.149999999999960387 ) ) ;
#6621 = DIRECTION ( 'NONE',  ( -1.000000000000000000, -1.644517855226007998E-15, 1.748601263784621946E-15 ) ) ;
#6622 = AXIS2_PLACEMENT_3D ( 'NONE', #3311, #7055, #6904 ) ;
#6623 = LINE ( 'NONE', #5897, #5406 ) ;
#6624 = VERTEX_POINT ( 'NONE', #2619 ) ;
#6625 = PLANE ( 'NONE',  #3113 ) ;
#6626 = DIRECTION ( 'NONE',  ( 1.748601263784621748E-15, -1.482966057179082451E-32, 1.000000000000000000 ) ) ;
#6627 = CARTESIAN_POINT ( 'NONE',  ( 0.3996711088700127257, 8.200000000000308376, 4.031003031633058065 ) ) ;
#6628 = VERTEX_POINT ( 'NONE', #6903 ) ;
#6629 = CARTESIAN_POINT ( 'NONE',  ( 11.00000000000000178, 11.75000000000002487, 1.750000000000037081 ) ) ;
#6630 = PRESENTATION_STYLE_ASSIGNMENT (( #5384 ) ) ;
#6631 = EDGE_CURVE ( 'NONE', #4885, #3262, #7657, .T. ) ;
#6632 = EDGE_LOOP ( 'NONE', ( #1320, #6599, #6532, #6694 ) ) ;
#6633 = VECTOR ( 'NONE', #7139, 1000.000000000000000 ) ;
#6634 = EDGE_CURVE ( 'NONE', #3033, #3497, #3357, .T. ) ;
#6635 = CARTESIAN_POINT ( 'NONE',  ( 0.1000000000000150074, 7.100000000000008527, 3.850000000000057376 ) ) ;
#6636 = VERTEX_POINT ( 'NONE', #2656 ) ;
#6637 = CARTESIAN_POINT ( 'NONE',  ( 9.799999999999997158, 7.894714285714324653, -4.399999999999961275 ) ) ;
#6638 = DIRECTION ( 'NONE',  ( 1.801095893066396184E-14, 1.000000000000000000, -1.965547678589003492E-14 ) ) ;
#6639 = ORIENTED_EDGE ( 'NONE', *, *, #7274, .F. ) ;
#6640 = CARTESIAN_POINT ( 'NONE',  ( 0.1000000000000115380, 8.199999999999308287, 3.875158234187057626 ) ) ;
#6641 = EDGE_CURVE ( 'NONE', #7602, #2439, #990, .T. ) ;
#6642 = DIRECTION ( 'NONE',  ( 0.0000000000000000000, -0.6949152542373066010, -0.7190916418846066138 ) ) ;
#6643 =( NAMED_UNIT ( * ) SI_UNIT ( $, .STERADIAN. ) SOLID_ANGLE_UNIT ( ) );
#6644 = DIRECTION ( 'NONE',  ( 1.644517855226008195E-15, -1.000000000000000000, -2.890435660536364269E-30 ) ) ;
#6645 = ORIENTED_EDGE ( 'NONE', *, *, #5607, .T. ) ;
#6646 = CARTESIAN_POINT ( 'NONE',  ( 9.699999999999999289, 5.400000000000024336, -6.271320343559959376 ) ) ;
#6647 = ORIENTED_EDGE ( 'NONE', *, *, #7639, .T. ) ;
#6648 = EDGE_CURVE ( 'NONE', #3971, #3157, #5475, .T. ) ;
#6649 = VERTEX_POINT ( 'NONE', #6986 ) ;
#6650 = LINE ( 'NONE', #3590, #1494 ) ;
#6651 = EDGE_CURVE ( 'NONE', #2759, #5028, #6386, .T. ) ;
#6652 = DIRECTION ( 'NONE',  ( 1.000000000000000000, 1.644517855226007998E-15, -1.748601263784621946E-15 ) ) ;
#6653 = DIRECTION ( 'NONE',  ( 1.595945597898462472E-14, 2.337000431716910882E-29, 1.000000000000000000 ) ) ;
#6654 = VECTOR ( 'NONE', #1544, 1000.000000000000000 ) ;
#6655 = SURFACE_STYLE_FILL_AREA ( #1085 ) ;
#6656 = ORIENTED_EDGE ( 'NONE', *, *, #3149, .F. ) ;
#6657 = LINE ( 'NONE', #4623, #3195 ) ;
#6658 = VECTOR ( 'NONE', #5984, 1000.000000000000114 ) ;
#6659 = DIRECTION ( 'NONE',  ( 2.095246567705921592E-15, -0.2425356250363094601, 0.9701425001453377606 ) ) ;
#6660 = EDGE_CURVE ( 'NONE', #3741, #2464, #2861, .T. ) ;
#6661 = CARTESIAN_POINT ( 'NONE',  ( 3.950000000000001066, 7.144714285714313995, -3.649999999999951061 ) ) ;
#6662 = DIRECTION ( 'NONE',  ( -1.644517855226008195E-15, 1.000000000000000000, 2.890435660536364269E-30 ) ) ;
#6663 = ORIENTED_EDGE ( 'NONE', *, *, #4547, .T. ) ;
#6664 = CIRCLE ( 'NONE', #2531, 1.299999999999999378 ) ;
#6665 = LINE ( 'NONE', #1139, #7700 ) ;
#6666 = FACE_OUTER_BOUND ( 'NONE', #5214, .T. ) ;
#6667 = ORIENTED_EDGE ( 'NONE', *, *, #3327, .F. ) ;
#6668 = EDGE_CURVE ( 'NONE', #3983, #2528, #1663, .T. ) ;
#6669 = AXIS2_PLACEMENT_3D ( 'NONE', #782, #7609, #5199 ) ;
#6670 = CONICAL_SURFACE ( 'NONE', #6547, 1.724999996680999459, 0.4636476090007538020 ) ;
#6671 = CARTESIAN_POINT ( 'NONE',  ( 0.5000000000000125455, 0.7500000000000093259, -3.649999999999944844 ) ) ;
#6672 = ORIENTED_EDGE ( 'NONE', *, *, #4268, .F. ) ;
#6673 = CARTESIAN_POINT ( 'NONE',  ( -0.5999999999999963141, 4.200000000000007283, -5.949999999999940670 ) ) ;
#6674 = DIRECTION ( 'NONE',  ( -1.644517855226008195E-15, 1.000000000000000000, 2.890435660536364269E-30 ) ) ;
#6675 = VECTOR ( 'NONE', #4669, 1000.000000000000114 ) ;
#6676 = CONICAL_SURFACE ( 'NONE', #1891, 3.049999998679999269, 0.1526493283952326530 ) ;
#6677 = CARTESIAN_POINT ( 'NONE',  ( 8.800000000000014921, 8.144714285714321989, 5.350000000000041389 ) ) ;
#6678 = ORIENTED_EDGE ( 'NONE', *, *, #5615, .F. ) ;
#6679 = PLANE ( 'NONE',  #2023 ) ;
#6680 = DIRECTION ( 'NONE',  ( 1.000000000000000000, 1.644517855226007998E-15, -1.748601263784621946E-15 ) ) ;
#6681 = LINE ( 'NONE', #3037, #2703 ) ;
#6682 = COLOUR_RGB ( '',1.000000000000000000, 1.000000000000000000, 1.000000000000000000 ) ;
#6683 = AXIS2_PLACEMENT_3D ( 'NONE', #764, #3278, #221 ) ;
#6684 = DIRECTION ( 'NONE',  ( 1.644517855226008195E-15, -1.000000000000000000, -2.890435660536364269E-30 ) ) ;
#6685 = DIRECTION ( 'NONE',  ( -1.748601263784621946E-15, 0.0000000000000000000, -1.000000000000000000 ) ) ;
#6686 = EDGE_CURVE ( 'NONE', #7990, #1732, #3554, .T. ) ;
#6687 = ORIENTED_EDGE ( 'NONE', *, *, #7891, .F. ) ;
#6688 = CARTESIAN_POINT ( 'NONE',  ( 1.800000000000011591, 6.844714285714310620, 1.350000000000053380 ) ) ;
#6689 = VERTEX_POINT ( 'NONE', #7821 ) ;
#6690 = EDGE_CURVE ( 'NONE', #2528, #3752, #7695, .T. ) ;
#6691 = AXIS2_PLACEMENT_3D ( 'NONE', #2080, #5129, #207 ) ;
#6692 = COLOUR_RGB ( '',1.000000000000000000, 1.000000000000000000, 1.000000000000000000 ) ;
#6693 = SURFACE_STYLE_USAGE ( .BOTH. , #2240 ) ;
#6694 = ORIENTED_EDGE ( 'NONE', *, *, #7100, .F. ) ;
#6695 = CARTESIAN_POINT ( 'NONE',  ( 0.7500000000000163203, 8.200000000000009948, 6.340000000000055813 ) ) ;
#6696 = ORIENTED_EDGE ( 'NONE', *, *, #7673, .F. ) ;
#6697 = CARTESIAN_POINT ( 'NONE',  ( 8.800000000000009592, 7.144714285714321989, 1.350000000000040501 ) ) ;
#6698 = CARTESIAN_POINT ( 'NONE',  ( 9.699999999999972644, 10.60000000000002274, -16.64999999999995595 ) ) ;
#6699 = MECHANICAL_DESIGN_GEOMETRIC_PRESENTATION_REPRESENTATION (  '', ( #4387 ), #1241 ) ;
#6700 = STYLED_ITEM ( 'NONE', ( #6195 ), #1612 ) ;
#6701 = CARTESIAN_POINT ( 'NONE',  ( 1.955294117647001340, 8.144714285714311330, -3.684999999999947207 ) ) ;
#6702 = ORIENTED_EDGE ( 'NONE', *, *, #6394, .F. ) ;
#6703 = EDGE_CURVE ( 'NONE', #5605, #574, #1042, .T. ) ;
#6704 = DIRECTION ( 'NONE',  ( 0.1205431253957962856, 0.9927080914950846546, -2.107818614076375132E-16 ) ) ;
#6705 = VERTEX_POINT ( 'NONE', #956 ) ;
#6706 = AXIS2_PLACEMENT_3D ( 'NONE', #2460, #1920, #6232 ) ;
#6707 = VECTOR ( 'NONE', #6731, 1000.000000000000227 ) ;
#6708 = DIRECTION ( 'NONE',  ( 0.2425356250363077670, 3.988541659006108938E-16, -0.9701425001453382047 ) ) ;
#6709 = CARTESIAN_POINT ( 'NONE',  ( 1.250000000000011546, -0.2499999999999889533, -4.399999999999945288 ) ) ;
#6710 =( NAMED_UNIT ( * ) PLANE_ANGLE_UNIT ( ) SI_UNIT ( $, .RADIAN. ) );
#6711 = DIRECTION ( 'NONE',  ( 1.644517855225973880E-15, -1.000000000000000000, -1.965547678589000652E-14 ) ) ;
#6712 = DIRECTION ( 'NONE',  ( -0.9428090415820737924, -0.2357022603954949391, 0.2357022603954950224 ) ) ;
#6713 = VECTOR ( 'NONE', #4366, 1000.000000000000000 ) ;
#6714 = ORIENTED_EDGE ( 'NONE', *, *, #6212, .F. ) ;
#6715 = AXIS2_PLACEMENT_3D ( 'NONE', #945, #7253, #5358 ) ;
#6716 = VECTOR ( 'NONE', #116, 1000.000000000000000 ) ;
#6717 = EDGE_CURVE ( 'NONE', #6262, #2528, #5888, .T. ) ;
#6718 = CARTESIAN_POINT ( 'NONE',  ( -1.000000000000011324, 11.55000000000000426, -6.649999999999941735 ) ) ;
#6719 = DIRECTION ( 'NONE',  ( 0.9883716976506232710, -0.1520571842539018281, 0.0000000000000000000 ) ) ;
#6720 = VERTEX_POINT ( 'NONE', #6014 ) ;
#6721 = UNCERTAINTY_MEASURE_WITH_UNIT (LENGTH_MEASURE( 1.000000000000000082E-05 ), #6187, 'distance_accuracy_value', 'NONE');
#6722 = AXIS2_PLACEMENT_3D ( 'NONE', #3507, #1692, #449 ) ;
#6723 = CARTESIAN_POINT ( 'NONE',  ( 1.398548747334997122, 8.959230384172009565, -4.649999999999945288 ) ) ;
#6724 = VERTEX_POINT ( 'NONE', #5938 ) ;
#6725 = CARTESIAN_POINT ( 'NONE',  ( 3.950000000000008171, 7.650000000000014566, 0.8500000000000494937 ) ) ;
#6726 = CARTESIAN_POINT ( 'NONE',  ( 3.174999999999998934, 7.650000000000012790, -4.149999999999948841 ) ) ;
#6727 = FACE_OUTER_BOUND ( 'NONE', #4317, .T. ) ;
#6728 = ORIENTED_EDGE ( 'NONE', *, *, #1930, .T. ) ;
#6729 = CARTESIAN_POINT ( 'NONE',  ( 9.800000000000007816, 7.144714285714323765, 1.350000000000038725 ) ) ;
#6730 = CARTESIAN_POINT ( 'NONE',  ( 1.850000000000013189, 6.250000000000010658, 2.350000000000052491 ) ) ;
#6731 = DIRECTION ( 'NONE',  ( -0.9238697708742998893, 0.3553345272593985138, -0.1421338109036983932 ) ) ;
#6732 = CARTESIAN_POINT ( 'NONE',  ( 2.399999999999995914, 8.200000000000011724, -5.437439318957946632 ) ) ;
#6733 = CARTESIAN_POINT ( 'NONE',  ( 0.7500000000000145439, 8.200000000000009948, 5.360000000000054499 ) ) ;
#6734 = ORIENTED_EDGE ( 'NONE', *, *, #1063, .F. ) ;
#6735 = DIRECTION ( 'NONE',  ( -1.644517855226007998E-15, 1.000000000000000000, 2.890435660536363919E-30 ) ) ;
#6736 = EDGE_LOOP ( 'NONE', ( #3527, #5558, #1283, #1114 ) ) ;
#6737 = ORIENTED_EDGE ( 'NONE', *, *, #2012, .T. ) ;
#6738 = EDGE_CURVE ( 'NONE', #5053, #1958, #3591, .T. ) ;
#6739 = AXIS2_PLACEMENT_3D ( 'NONE', #5071, #2468, #5506 ) ;
#6740 = DIRECTION ( 'NONE',  ( -2.168404344971010446E-15, 0.3928571428571054347, -0.9195995135417112110 ) ) ;
#6741 = EDGE_CURVE ( 'NONE', #4264, #200, #4189, .T. ) ;
#6742 = CARTESIAN_POINT ( 'NONE',  ( 1.500000000000004885, 4.200000000000010836, -4.649999999999945288 ) ) ;
#6743 = DIRECTION ( 'NONE',  ( 1.748601263784621748E-15, -1.482966057179082451E-32, 1.000000000000000000 ) ) ;
#6744 = VERTEX_POINT ( 'NONE', #2243 ) ;
#6745 = AXIS2_PLACEMENT_3D ( 'NONE', #1654, #284, #6526 ) ;
#6746 = LINE ( 'NONE', #6898, #6820 ) ;
#6747 = PLANE ( 'NONE',  #1484 ) ;
#6748 = EDGE_CURVE ( 'NONE', #3100, #4138, #6058, .T. ) ;
#6749 = SURFACE_STYLE_USAGE ( .BOTH. , #5654 ) ;
#6750 = CARTESIAN_POINT ( 'NONE',  ( 0.1000003392900121468, 8.200000179588007754, 3.875159725252056653 ) ) ;
#6751 = VERTEX_POINT ( 'NONE', #6536 ) ;
#6752 = DIRECTION ( 'NONE',  ( -1.748601263784621748E-15, 1.482966057179082451E-32, -1.000000000000000000 ) ) ;
#6753 = VERTEX_POINT ( 'NONE', #416 ) ;
#6754 = ADVANCED_FACE ( 'NONE', ( #5412 ), #4814, .F. ) ;
#6755 = ORIENTED_EDGE ( 'NONE', *, *, #1165, .T. ) ;
#6756 = CARTESIAN_POINT ( 'NONE',  ( 1.500000000000006439, 8.200000000000009948, 0.3850000000000554090 ) ) ;
#6757 = STYLED_ITEM ( 'NONE', ( #1833 ), #2742 ) ;
#6758 = CARTESIAN_POINT ( 'NONE',  ( -0.5999999999999998668, 8.800000000000006040, -3.259999999999943388 ) ) ;
#6759 = ORIENTED_EDGE ( 'NONE', *, *, #6557, .T. ) ;
#6760 = PRESENTATION_LAYER_ASSIGNMENT (  '', '', ( #3666 ) ) ;
#6761 = DIRECTION ( 'NONE',  ( -1.644517855226008195E-15, 1.000000000000000000, 2.890435660536364269E-30 ) ) ;
#6762 = CARTESIAN_POINT ( 'NONE',  ( 9.699999999999999289, 5.400000000000024336, -6.271320343559959376 ) ) ;
#6763 = FILL_AREA_STYLE_COLOUR ( '', #7741 ) ;
#6764 = LINE ( 'NONE', #1187, #1637 ) ;
#6765 = ORIENTED_EDGE ( 'NONE', *, *, #1676, .F. ) ;
#6766 = CARTESIAN_POINT ( 'NONE',  ( 2.400000000000001243, 5.400000000000012790, -5.549999999999946532 ) ) ;
#6767 = ORIENTED_EDGE ( 'NONE', *, *, #6748, .T. ) ;
#6768 = ORIENTED_EDGE ( 'NONE', *, *, #6935, .F. ) ;
#6769 = VERTEX_POINT ( 'NONE', #4730 ) ;
#6770 = DIRECTION ( 'NONE',  ( 1.644517855226007801E-15, -1.000000000000000000, -2.890435660536363568E-30 ) ) ;
#6771 = FACE_OUTER_BOUND ( 'NONE', #1780, .T. ) ;
#6772 = LINE ( 'NONE', #3135, #3151 ) ;
#6773 = ORIENTED_EDGE ( 'NONE', *, *, #1566, .F. ) ;
#6774 =( NAMED_UNIT ( * ) PLANE_ANGLE_UNIT ( ) SI_UNIT ( $, .RADIAN. ) );
#6775 = ORIENTED_EDGE ( 'NONE', *, *, #6717, .F. ) ;
#6776 = DIRECTION ( 'NONE',  ( -1.644517855226007998E-15, 1.000000000000000000, 2.890435660536363919E-30 ) ) ;
#6777 = EDGE_CURVE ( 'NONE', #4726, #91, #2977, .T. ) ;
#6778 = DIRECTION ( 'NONE',  ( -1.000000000000000000, -1.644517855226007801E-15, 1.748601263784621748E-15 ) ) ;
#6779 = FACE_OUTER_BOUND ( 'NONE', #2639, .T. ) ;
#6780 = LINE ( 'NONE', #7045, #4134 ) ;
#6781 = CARTESIAN_POINT ( 'NONE',  ( 0.7500000000000215383, -0.2499999999999906741, 1.100000000000054934 ) ) ;
#6782 = EDGE_LOOP ( 'NONE', ( #1101, #1354, #4056, #479 ) ) ;
#6783 = EDGE_CURVE ( 'NONE', #3730, #4678, #7101, .T. ) ;
#6784 = PRESENTATION_STYLE_ASSIGNMENT (( #5617 ) ) ;
#6785 = VECTOR ( 'NONE', #686, 1000.000000000000000 ) ;
#6786 = LINE ( 'NONE', #1211, #7474 ) ;
#6787 = EDGE_CURVE ( 'NONE', #5087, #1799, #2814, .T. ) ;
#6788 = ORIENTED_EDGE ( 'NONE', *, *, #4775, .F. ) ;
#6789 = UNCERTAINTY_MEASURE_WITH_UNIT (LENGTH_MEASURE( 1.000000000000000082E-05 ), #7558, 'distance_accuracy_value', 'NONE');
#6790 = SURFACE_STYLE_FILL_AREA ( #4297 ) ;
#6791 = ORIENTED_EDGE ( 'NONE', *, *, #1738, .F. ) ;
#6792 = DIRECTION ( 'NONE',  ( 1.000000000000000000, 1.644517855226007801E-15, -1.748601263784621748E-15 ) ) ;
#6793 = EDGE_CURVE ( 'NONE', #5503, #4264, #7138, .T. ) ;
#6794 = CARTESIAN_POINT ( 'NONE',  ( 1.500000000000022204, 0.7500000000000111022, 1.350000000000053380 ) ) ;
#6795 = LINE ( 'NONE', #3729, #5294 ) ;
#6796 = CARTESIAN_POINT ( 'NONE',  ( 9.800000000000006040, 7.894714285714324653, 0.6000000000000388356 ) ) ;
#6797 = ADVANCED_FACE ( 'NONE', ( #1530 ), #4030, .F. ) ;
#6798 = AXIS2_PLACEMENT_3D ( 'NONE', #1826, #2491, #4235 ) ;
#6799 = VECTOR ( 'NONE', #1769, 1000.000000000000114 ) ;
#6800 = ORIENTED_EDGE ( 'NONE', *, *, #2179, .T. ) ;
#6801 = DIRECTION ( 'NONE',  ( -1.000000000000000000, -1.644517855226007998E-15, 1.748601263784621946E-15 ) ) ;
#6802 = CARTESIAN_POINT ( 'NONE',  ( 0.1000000000000236811, 5.400000000000009237, 7.850000000000056488 ) ) ;
#6803 = PRESENTATION_LAYER_ASSIGNMENT (  '', '', ( #4358 ) ) ;
#6804 =( GEOMETRIC_REPRESENTATION_CONTEXT ( 3 ) GLOBAL_UNCERTAINTY_ASSIGNED_CONTEXT ( ( #1588 ) ) GLOBAL_UNIT_ASSIGNED_CONTEXT ( ( #1784, #376, #5448 ) ) REPRESENTATION_CONTEXT ( 'NONE', 'WORKASPACE' ) );
#6805 = ORIENTED_EDGE ( 'NONE', *, *, #3210, .T. ) ;
#6806 = PLANE ( 'NONE',  #5392 ) ;
#6807 = ORIENTED_EDGE ( 'NONE', *, *, #6909, .T. ) ;
#6808 = EDGE_CURVE ( 'NONE', #4963, #1036, #1571, .T. ) ;
#6809 = EDGE_LOOP ( 'NONE', ( #7104, #5427, #3214, #6133 ) ) ;
#6810 = ORIENTED_EDGE ( 'NONE', *, *, #7430, .F. ) ;
#6811 = VECTOR ( 'NONE', #965, 1000.000000000000000 ) ;
#6812 =( NAMED_UNIT ( * ) PLANE_ANGLE_UNIT ( ) SI_UNIT ( $, .RADIAN. ) );
#6813 = ORIENTED_EDGE ( 'NONE', *, *, #1776, .F. ) ;
#6814 = DIRECTION ( 'NONE',  ( -1.748601263784621946E-15, 0.0000000000000000000, -1.000000000000000000 ) ) ;
#6815 = DIRECTION ( 'NONE',  ( 1.748601263784621946E-15, 0.0000000000000000000, 1.000000000000000000 ) ) ;
#6816 = ORIENTED_EDGE ( 'NONE', *, *, #6499, .T. ) ;
#6817 = CARTESIAN_POINT ( 'NONE',  ( -0.5999999999999928724, 10.75000000000000533, 2.650000000000056755 ) ) ;
#6818 = EDGE_LOOP ( 'NONE', ( #6960, #7576, #1419, #4236, #923 ) ) ;
#6819 = CIRCLE ( 'NONE', #3337, 2.950000000000001066 ) ;
#6820 = VECTOR ( 'NONE', #2574, 1000.000000000000000 ) ;
#6821 = VECTOR ( 'NONE', #6343, 1000.000000000000000 ) ;
#6822 = FACE_OUTER_BOUND ( 'NONE', #5865, .T. ) ;
#6823 = CARTESIAN_POINT ( 'NONE',  ( 1.053312813956233773, 9.143302832356381415, 5.350205318423501666 ) ) ;
#6824 = PLANE ( 'NONE',  #2316 ) ;
#6825 = CARTESIAN_POINT ( 'NONE',  ( 1.399999999999996803, 9.600000000000010303, -4.649999999999945288 ) ) ;
#6826 = VERTEX_POINT ( 'NONE', #4068 ) ;
#6827 = CARTESIAN_POINT ( 'NONE',  ( -0.3999999999999802602, 6.450000000000008171, 6.590000000000056701 ) ) ;
#6828 = VECTOR ( 'NONE', #1270, 1000.000000000000227 ) ;
#6829 = VECTOR ( 'NONE', #6848, 1000.000000000000000 ) ;
#6830 = COLOUR_RGB ( '',1.000000000000000000, 1.000000000000000000, 1.000000000000000000 ) ;
#6831 = CARTESIAN_POINT ( 'NONE',  ( 0.7400000000000218625, 4.200000000000009059, 5.350000000000055600 ) ) ;
#6832 = ORIENTED_EDGE ( 'NONE', *, *, #2086, .F. ) ;
#6833 = EDGE_CURVE ( 'NONE', #2436, #1928, #7354, .T. ) ;
#6834 = AXIS2_PLACEMENT_3D ( 'NONE', #6839, #7435, #7595 ) ;
#6835 = SURFACE_STYLE_USAGE ( .BOTH. , #6270 ) ;
#6836 = ORIENTED_EDGE ( 'NONE', *, *, #6793, .T. ) ;
#6837 = VECTOR ( 'NONE', #6558, 1000.000000000000000 ) ;
#6838 =( GEOMETRIC_REPRESENTATION_CONTEXT ( 3 ) GLOBAL_UNCERTAINTY_ASSIGNED_CONTEXT ( ( #6392 ) ) GLOBAL_UNIT_ASSIGNED_CONTEXT ( ( #4179, #4840, #995 ) ) REPRESENTATION_CONTEXT ( 'NONE', 'WORKASPACE' ) );
#6839 = CARTESIAN_POINT ( 'NONE',  ( 1.000000000000013101, 0.2500000000000097700, -3.774999999999945732 ) ) ;
#6840 = ADVANCED_FACE ( 'NONE', ( #1909 ), #4352, .F. ) ;
#6841 = FILL_AREA_STYLE_COLOUR ( '', #6554 ) ;
#6842 = CARTESIAN_POINT ( 'NONE',  ( 1.398548747334997122, 8.959230384172009565, -4.649999999999945288 ) ) ;
#6843 = LINE ( 'NONE', #649, #3608 ) ;
#6844 = VECTOR ( 'NONE', #6711, 1000.000000000000000 ) ;
#6845 = COLOUR_RGB ( '',1.000000000000000000, 1.000000000000000000, 1.000000000000000000 ) ;
#6846 = ORIENTED_EDGE ( 'NONE', *, *, #3184, .T. ) ;
#6847 = CARTESIAN_POINT ( 'NONE',  ( 9.700000000000013500, 5.400000000000024336, 2.971320343560040378 ) ) ;
#6848 = DIRECTION ( 'NONE',  ( 1.748601263784621946E-15, 0.0000000000000000000, 1.000000000000000000 ) ) ;
#6849 = CARTESIAN_POINT ( 'NONE',  ( 2.400000000000003020, 8.200000000000011724, -1.124841765812948369 ) ) ;
#6850 = ADVANCED_FACE ( 'NONE', ( #6224 ), #8014, .F. ) ;
#6851 = ORIENTED_EDGE ( 'NONE', *, *, #2919, .T. ) ;
#6852 =( LENGTH_UNIT ( ) NAMED_UNIT ( * ) SI_UNIT ( .MILLI., .METRE. ) );
#6853 = ORIENTED_EDGE ( 'NONE', *, *, #2118, .T. ) ;
#6854 = ORIENTED_EDGE ( 'NONE', *, *, #6259, .T. ) ;
#6855 = ORIENTED_EDGE ( 'NONE', *, *, #5516, .T. ) ;
#6856 = LINE ( 'NONE', #7573, #843 ) ;
#6857 = CARTESIAN_POINT ( 'NONE',  ( 2.400000000000004352, 10.60000000000001030, 1.350000000000051603 ) ) ;
#6858 = EDGE_CURVE ( 'NONE', #897, #7470, #5451, .T. ) ;
#6859 = DIRECTION ( 'NONE',  ( 1.000000000000000000, 1.644517855226007998E-15, -1.748601263784621946E-15 ) ) ;
#6860 = ORIENTED_EDGE ( 'NONE', *, *, #227, .T. ) ;
#6861 = SURFACE_STYLE_USAGE ( .BOTH. , #6177 ) ;
#6862 = ORIENTED_EDGE ( 'NONE', *, *, #4066, .T. ) ;
#6863 = SURFACE_SIDE_STYLE ('',( #5494 ) ) ;
#6864 = VECTOR ( 'NONE', #7108, 1000.000000000000000 ) ;
#6865 = CARTESIAN_POINT ( 'NONE',  ( 2.500000000000026645, 3.750000000000012434, 7.650000000000051870 ) ) ;
#6866 = FACE_OUTER_BOUND ( 'NONE', #6497, .T. ) ;
#6867 = LINE ( 'NONE', #1870, #64 ) ;
#6868 = DIRECTION ( 'NONE',  ( 0.5999999999999985345, 9.867107131356048382E-16, -0.8000000000000010436 ) ) ;
#6869 = EDGE_LOOP ( 'NONE', ( #5876, #2741, #6359, #3794, #7152 ) ) ;
#6870 = DIRECTION ( 'NONE',  ( 1.748601263784621748E-15, 0.0000000000000000000, 1.000000000000000000 ) ) ;
#6871 = VERTEX_POINT ( 'NONE', #1741 ) ;
#6872 = UNCERTAINTY_MEASURE_WITH_UNIT (LENGTH_MEASURE( 1.000000000000000082E-05 ), #7527, 'distance_accuracy_value', 'NONE');
#6873 = CARTESIAN_POINT ( 'NONE',  ( 0.1000000000000063338, 5.400000000000009237, -2.149999999999943512 ) ) ;
#6874 = ORIENTED_EDGE ( 'NONE', *, *, #5602, .T. ) ;
#6875 = DIRECTION ( 'NONE',  ( 1.644517855226007998E-15, -1.000000000000000000, -2.890435660536363919E-30 ) ) ;
#6876 = DIRECTION ( 'NONE',  ( 0.9238697708742983350, 0.3553345272594015114, -0.1421338109037016129 ) ) ;
#6877 = DIRECTION ( 'NONE',  ( 0.2425356250363111532, 3.988541659006108938E-16, 0.9701425001453373165 ) ) ;
#6878 = ADVANCED_FACE ( 'NONE', ( #7455 ), #4933, .T. ) ;
#6879 = DIRECTION ( 'NONE',  ( -0.9984603535126307383, -1.641985879086793353E-15, 0.05547001409259343097 ) ) ;
#6880 = ORIENTED_EDGE ( 'NONE', *, *, #2902, .F. ) ;
#6881 = EDGE_CURVE ( 'NONE', #169, #6826, #1858, .T. ) ;
#6882 = CARTESIAN_POINT ( 'NONE',  ( 2.400000000000007905, 7.650000000000011902, 0.8500000000000520473 ) ) ;
#6883 = CARTESIAN_POINT ( 'NONE',  ( 7.999999999999968914, 12.25000000000001954, -16.64999999999995239 ) ) ;
#6884 = CARTESIAN_POINT ( 'NONE',  ( 0.1000000000000228206, 7.100000000000008527, 8.350000000000054712 ) ) ;
#6885 = ORIENTED_EDGE ( 'NONE', *, *, #1671, .T. ) ;
#6886 = ORIENTED_EDGE ( 'NONE', *, *, #4467, .F. ) ;
#6887 = ORIENTED_EDGE ( 'NONE', *, *, #6469, .F. ) ;
#6888 = ADVANCED_FACE ( 'NONE', ( #3134 ), #499, .F. ) ;
#6889 = ORIENTED_EDGE ( 'NONE', *, *, #3937, .F. ) ;
#6890 = CARTESIAN_POINT ( 'NONE',  ( 1.398548747334997122, 8.959230384172009565, -4.649999999999945288 ) ) ;
#6891 = DIRECTION ( 'NONE',  ( -1.000000000000000000, -1.644517855226007998E-15, 1.748601263784621946E-15 ) ) ;
#6893 = LINE ( 'NONE', #2727, #5089 ) ;
#6892 = VECTOR ( 'NONE', #7810, 1000.000000000000000 ) ;
#6894 = VERTEX_POINT ( 'NONE', #6857 ) ;
#6895 = DIRECTION ( 'NONE',  ( -1.748601263784621748E-15, 0.0000000000000000000, -1.000000000000000000 ) ) ;
#6896 = ORIENTED_EDGE ( 'NONE', *, *, #7541, .T. ) ;
#6897 = EDGE_CURVE ( 'NONE', #726, #7470, #5006, .T. ) ;
#6898 = CARTESIAN_POINT ( 'NONE',  ( 1.500000000000016875, 8.200000000000009948, 6.315000000000053682 ) ) ;
#6899 = EDGE_CURVE ( 'NONE', #7990, #2198, #3665, .T. ) ;
#6900 = EDGE_CURVE ( 'NONE', #2338, #560, #6463, .T. ) ;
#6901 = SURFACE_SIDE_STYLE ('',( #7053 ) ) ;
#6902 = CYLINDRICAL_SURFACE ( 'NONE', #6172, 1.399999999999999245 ) ;
#6903 = CARTESIAN_POINT ( 'NONE',  ( 0.1000000000000247358, 5.400000000000009237, 8.350000000000054712 ) ) ;
#6904 = DIRECTION ( 'NONE',  ( 0.2425356250363110422, -0.9701425001453373165, -4.240981004512866908E-16 ) ) ;
#6905 = DIRECTION ( 'NONE',  ( -1.000000000000000000, -1.644517855226007998E-15, 1.748601263784621946E-15 ) ) ;
#6906 = FACE_OUTER_BOUND ( 'NONE', #3398, .T. ) ;
#6907 = ORIENTED_EDGE ( 'NONE', *, *, #2854, .F. ) ;
#6908 = DIRECTION ( 'NONE',  ( 0.2425356250363079058, 0.9701425001453382047, -4.240981004512811688E-16 ) ) ;
#6909 = EDGE_CURVE ( 'NONE', #2766, #4964, #5944, .T. ) ;
#6910 = ORIENTED_EDGE ( 'NONE', *, *, #4181, .F. ) ;
#6911 = CARTESIAN_POINT ( 'NONE',  ( 11.00000000000001243, 12.25000000000002487, 8.350000000000036948 ) ) ;
#6912 =( NAMED_UNIT ( * ) PLANE_ANGLE_UNIT ( ) SI_UNIT ( $, .RADIAN. ) );
#6913 = CARTESIAN_POINT ( 'NONE',  ( 1.500000000000018652, 8.109625349781611092, 6.340000000000054037 ) ) ;
#6914 = VECTOR ( 'NONE', #1339, 1000.000000000000000 ) ;
#6915 = FILL_AREA_STYLE ('',( #6841 ) ) ;
#6916 = CARTESIAN_POINT ( 'NONE',  ( 0.7000000000000130562, 4.200000000000009059, 0.3100000000000550093 ) ) ;
#6917 = CARTESIAN_POINT ( 'NONE',  ( 2.400000000000018563, 8.200000000000011724, 7.137439318958052503 ) ) ;
#6918 = EDGE_CURVE ( 'NONE', #3480, #5687, #1279, .T. ) ;
#6919 = ORIENTED_EDGE ( 'NONE', *, *, #7528, .T. ) ;
#6920 = DIRECTION ( 'NONE',  ( -0.3589790793088841192, 0.9333456062030538458, 6.277112717517546492E-16 ) ) ;
#6921 = CARTESIAN_POINT ( 'NONE',  ( 1.500000000000006439, 4.200000000000010836, -3.649999999999946620 ) ) ;
#6922 = DIRECTION ( 'NONE',  ( -1.734723475976808672E-15, 1.000000000000000000, 0.0000000000000000000 ) ) ;
#6923 = ORIENTED_EDGE ( 'NONE', *, *, #6686, .T. ) ;
#6924 = CARTESIAN_POINT ( 'NONE',  ( 11.00000000000000888, 7.650000000000026112, 1.350000000000036948 ) ) ;
#6925 = ORIENTED_EDGE ( 'NONE', *, *, #7317, .F. ) ;
#6926 = VERTEX_POINT ( 'NONE', #4233 ) ;
#6927 = VECTOR ( 'NONE', #4808, 1000.000000000000000 ) ;
#6928 = ORIENTED_EDGE ( 'NONE', *, *, #6648, .F. ) ;
#6929 = VERTEX_POINT ( 'NONE', #4315 ) ;
#6930 = CARTESIAN_POINT ( 'NONE',  ( 9.700000000000009948, 10.60000000000002274, 5.150000000000039435 ) ) ;
#6931 = VECTOR ( 'NONE', #4797, 1000.000000000000000 ) ;
#6932 = EDGE_CURVE ( 'NONE', #6485, #3752, #5526, .T. ) ;
#6933 = LINE ( 'NONE', #7502, #5864 ) ;
#6934 = ORIENTED_EDGE ( 'NONE', *, *, #3977, .T. ) ;
#6935 = EDGE_CURVE ( 'NONE', #4368, #3778, #1126, .T. ) ;
#6936 = ORIENTED_EDGE ( 'NONE', *, *, #6918, .F. ) ;
#6937 = FILL_AREA_STYLE_COLOUR ( '', #704 ) ;
#6938 = STYLED_ITEM ( 'NONE', ( #6941 ), #5233 ) ;
#6939 = STYLED_ITEM ( 'NONE', ( #5348 ), #584 ) ;
#6940 = PLANE ( 'NONE',  #2418 ) ;
#6941 = PRESENTATION_STYLE_ASSIGNMENT (( #1560 ) ) ;
#6942 = DIRECTION ( 'NONE',  ( 1.748601263784621946E-15, 0.0000000000000000000, 1.000000000000000000 ) ) ;
#6943 = DIRECTION ( 'NONE',  ( 1.000000000000000000, 8.971727675415522682E-11, 3.904768481932621372E-11 ) ) ;
#6944 = MECHANICAL_DESIGN_GEOMETRIC_PRESENTATION_REPRESENTATION (  '', ( #3974 ), #1355 ) ;
#6945 = STYLED_ITEM ( 'NONE', ( #902 ), #1137 ) ;
#6946 = CARTESIAN_POINT ( 'NONE',  ( 9.700000000000001066, 12.25000000000002309, 1.550000000000040012 ) ) ;
#6947 = ADVANCED_FACE ( 'NONE', ( #4891 ), #6102, .F. ) ;
#6948 = ORIENTED_EDGE ( 'NONE', *, *, #7430, .T. ) ;
#6949 = SURFACE_STYLE_USAGE ( .BOTH. , #4612 ) ;
#6950 =( LENGTH_UNIT ( ) NAMED_UNIT ( * ) SI_UNIT ( .MILLI., .METRE. ) );
#6951 = ORIENTED_EDGE ( 'NONE', *, *, #6259, .F. ) ;
#6952 = UNCERTAINTY_MEASURE_WITH_UNIT (LENGTH_MEASURE( 1.000000000000000082E-05 ), #4676, 'distance_accuracy_value', 'NONE');
#6953 = DIRECTION ( 'NONE',  ( -0.2307692307692121303, 0.9730085108210442257, 3.336006684570784581E-16 ) ) ;
#6954 = ADVANCED_FACE ( 'NONE', ( #6771 ), #1194, .F. ) ;
#6955 = AXIS2_PLACEMENT_3D ( 'NONE', #4755, #1559, #4600 ) ;
#6956 = VECTOR ( 'NONE', #4698, 1000.000000000000000 ) ;
#6957 = CARTESIAN_POINT ( 'NONE',  ( 0.7400000000000045430, 4.200000000000009059, -4.649999999999945288 ) ) ;
#6958 = LINE ( 'NONE', #4423, #1379 ) ;
#6959 = CARTESIAN_POINT ( 'NONE',  ( 9.800000000000014921, 7.894714285714324653, 5.600000000000038725 ) ) ;
#6960 = ORIENTED_EDGE ( 'NONE', *, *, #5022, .T. ) ;
#6961 = VECTOR ( 'NONE', #7633, 1000.000000000000000 ) ;
#6962 = CARTESIAN_POINT ( 'NONE',  ( -0.9999999999999904521, 3.750000000000006217, -2.349999999999942357 ) ) ;
#6963 = LINE ( 'NONE', #2673, #2050 ) ;
#6964 = CARTESIAN_POINT ( 'NONE',  ( 2.399999999999995914, 8.200000000000011724, -5.437439318957946632 ) ) ;
#6965 = VERTEX_POINT ( 'NONE', #5807 ) ;
#6966 = LINE ( 'NONE', #1398, #6828 ) ;
#6967 = STYLED_ITEM ( 'NONE', ( #2233 ), #2125 ) ;
#6968 = ORIENTED_EDGE ( 'NONE', *, *, #1823, .T. ) ;
#6969 = MECHANICAL_DESIGN_GEOMETRIC_PRESENTATION_REPRESENTATION (  '', ( #866 ), #4665 ) ;
#6970 = AXIS2_PLACEMENT_3D ( 'NONE', #7922, #5995, #2877 ) ;
#6971 = VERTEX_POINT ( 'NONE', #2646 ) ;
#6972 = CARTESIAN_POINT ( 'NONE',  ( 0.7400000000000063194, 4.200000000000009059, -3.649999999999944844 ) ) ;
#6973 = CARTESIAN_POINT ( 'NONE',  ( 1.053312813956216454, 9.143302832356381415, -4.649794681576499222 ) ) ;
#6974 = AXIS2_PLACEMENT_3D ( 'NONE', #7680, #3498, #1642 ) ;
#6975 = CARTESIAN_POINT ( 'NONE',  ( 0.09999999999999072131, 10.60000000000000675, -6.649999999999943512 ) ) ;
#6976 = FACE_OUTER_BOUND ( 'NONE', #4330, .T. ) ;
#6977 = VERTEX_POINT ( 'NONE', #3933 ) ;
#6978 = SURFACE_STYLE_USAGE ( .BOTH. , #1996 ) ;
#6979 = VERTEX_POINT ( 'NONE', #5643 ) ;
#6980 = CARTESIAN_POINT ( 'NONE',  ( 1.327602303228017977, 8.199999999929909578, 7.176803028823052877 ) ) ;
#6981 = APPLICATION_CONTEXT ( 'automotive_design' ) ;
#6982 = EDGE_CURVE ( 'NONE', #5885, #1968, #2610, .T. ) ;
#6983 = EDGE_CURVE ( 'NONE', #1501, #846, #1516, .T. ) ;
#6984 = DIRECTION ( 'NONE',  ( -2.323290369613454078E-15, 0.3928571428583002012, -0.9195995135412007304 ) ) ;
#6985 = FILL_AREA_STYLE ('',( #6302 ) ) ;
#6986 = CARTESIAN_POINT ( 'NONE',  ( 2.500000000000012434, 3.750000000000012434, -0.9499999999999456657 ) ) ;
#6987 = CARTESIAN_POINT ( 'NONE',  ( 9.699999999999986855, 12.25000000000002309, -6.649999999999960387 ) ) ;
#6988 = DIRECTION ( 'NONE',  ( 1.748601263784621946E-15, 0.0000000000000000000, 1.000000000000000000 ) ) ;
#6989 = ORIENTED_EDGE ( 'NONE', *, *, #4483, .F. ) ;
#6990 = CARTESIAN_POINT ( 'NONE',  ( -0.1999999927999769611, 4.200000000000007283, 6.439999994600056787 ) ) ;
#6991 = LINE ( 'NONE', #5251, #1771 ) ;
#6992 = EDGE_CURVE ( 'NONE', #4800, #6271, #729, .T. ) ;
#6993 = ORIENTED_EDGE ( 'NONE', *, *, #3219, .T. ) ;
#6994 = CIRCLE ( 'NONE', #2604, 1.299999999999999378 ) ;
#6995 = SURFACE_SIDE_STYLE ('',( #6361 ) ) ;
#6996 =( LENGTH_UNIT ( ) NAMED_UNIT ( * ) SI_UNIT ( .MILLI., .METRE. ) );
#6997 = CARTESIAN_POINT ( 'NONE',  ( 1.327637489682004679, 8.199999999997109157, -0.4767838973639449973 ) ) ;
#6998 = CARTESIAN_POINT ( 'NONE',  ( 10.99999999999999289, 11.75000000000002487, -3.249999999999963141 ) ) ;
#6999 = FACE_OUTER_BOUND ( 'NONE', #6228, .T. ) ;
#7000 = DIRECTION ( 'NONE',  ( -1.644517855226007998E-15, 1.000000000000000000, 2.890435660536363919E-30 ) ) ;
#7001 = VERTEX_POINT ( 'NONE', #4601 ) ;
#7002 = EDGE_CURVE ( 'NONE', #931, #8041, #3131, .T. ) ;
#7003 = CARTESIAN_POINT ( 'NONE',  ( 9.700000000000024158, 5.400000000000024336, 8.350000000000054712 ) ) ;
#7004 = CARTESIAN_POINT ( 'NONE',  ( 10.33503886471861577, 5.302301713120025184, 3.012506501421037264 ) ) ;
#7005 = EDGE_LOOP ( 'NONE', ( #3688, #700, #6614, #5682 ) ) ;
#7006 = CARTESIAN_POINT ( 'NONE',  ( 1.250000000000020206, -0.2499999999999889533, 0.6000000000000544897 ) ) ;
#7007 = PLANE ( 'NONE',  #4617 ) ;
#7008 = ORIENTED_EDGE ( 'NONE', *, *, #3915, .F. ) ;
#7009 = ORIENTED_EDGE ( 'NONE', *, *, #3842, .T. ) ;
#7010 = CARTESIAN_POINT ( 'NONE',  ( 1.399999999999996803, 10.60000000000000853, -3.649999999999946620 ) ) ;
#7011 = CARTESIAN_POINT ( 'NONE',  ( 0.7466439969399992771, 7.606602420031609135, -4.643356003060944204 ) ) ;
#7012 = VERTEX_POINT ( 'NONE', #7501 ) ;
#7013 = CARTESIAN_POINT ( 'NONE',  ( 9.800000000000016698, 7.144714285714323765, 6.350000000000038725 ) ) ;
#7014 = ORIENTED_EDGE ( 'NONE', *, *, #4291, .F. ) ;
#7015 = DIRECTION ( 'NONE',  ( 2.352167425053296813E-15, -0.6949152542373066010, 0.7190916418846066138 ) ) ;
#7016 = LINE ( 'NONE', #1371, #6583 ) ;
#7017 = LINE ( 'NONE', #879, #646 ) ;
#7018 = PLANE ( 'NONE',  #3044 ) ;
#7019 = ORIENTED_EDGE ( 'NONE', *, *, #3687, .F. ) ;
#7020 = ADVANCED_FACE ( 'NONE', ( #788 ), #3862, .F. ) ;
#7021 = CARTESIAN_POINT ( 'NONE',  ( -0.5999999999999928724, 4.200000000000007283, -3.259999999999943388 ) ) ;
#7022 = DIRECTION ( 'NONE',  ( -1.644517855226008195E-15, 1.000000000000000000, 2.890435660536364269E-30 ) ) ;
#7023 = UNCERTAINTY_MEASURE_WITH_UNIT (LENGTH_MEASURE( 1.000000000000000082E-05 ), #8021, 'distance_accuracy_value', 'NONE');
#7024 = DIRECTION ( 'NONE',  ( -1.644517855226007998E-15, 1.000000000000000000, 2.890435660536363919E-30 ) ) ;
#7025 = EDGE_CURVE ( 'NONE', #3994, #4187, #3871, .T. ) ;
#7026 = LINE ( 'NONE', #225, #1910 ) ;
#7027 = CARTESIAN_POINT ( 'NONE',  ( 11.00000000000000711, 7.650000000000026112, 0.3500000000000377809 ) ) ;
#7028 = CARTESIAN_POINT ( 'NONE',  ( 1.955294117647001340, 8.144714285714311330, -3.684999999999947207 ) ) ;
#7029 = EDGE_CURVE ( 'NONE', #3060, #2095, #3220, .T. ) ;
#7030 = CARTESIAN_POINT ( 'NONE',  ( 11.00000000000002132, 12.25000000000002487, 13.35000000000003517 ) ) ;
#7031 = ORIENTED_EDGE ( 'NONE', *, *, #7891, .T. ) ;
#7032 = FACE_OUTER_BOUND ( 'NONE', #6818, .T. ) ;
#7033 = EDGE_LOOP ( 'NONE', ( #3291, #4520, #5645, #7392 ) ) ;
#7034 = DIRECTION ( 'NONE',  ( -1.748601263784621946E-15, 0.0000000000000000000, -1.000000000000000000 ) ) ;
#7035 = ORIENTED_EDGE ( 'NONE', *, *, #6899, .T. ) ;
#7036 = AXIS2_PLACEMENT_3D ( 'NONE', #6129, #7326, #6875 ) ;
#7037 = EDGE_CURVE ( 'NONE', #4128, #130, #706, .T. ) ;
#7038 = CARTESIAN_POINT ( 'NONE',  ( -0.9999999999999956701, 3.750000000000006217, -5.949999999999940670 ) ) ;
#7039 = EDGE_CURVE ( 'NONE', #5242, #248, #7044, .T. ) ;
#7040 = ORIENTED_EDGE ( 'NONE', *, *, #5382, .F. ) ;
#7041 = ORIENTED_EDGE ( 'NONE', *, *, #57, .F. ) ;
#7042 = PLANE ( 'NONE',  #6420 ) ;
#7043 = CARTESIAN_POINT ( 'NONE',  ( 1.500000000000011768, 0.7500000000000111022, -4.649999999999945288 ) ) ;
#7044 = LINE ( 'NONE', #1952, #5433 ) ;
#7045 = CARTESIAN_POINT ( 'NONE',  ( 1.500000000000006439, 8.200000000000009948, 0.3850000000000554090 ) ) ;
#7046 = AXIS2_PLACEMENT_3D ( 'NONE', #6227, #6743, #7382 ) ;
#7047 = ORIENTED_EDGE ( 'NONE', *, *, #3787, .F. ) ;
#7048 = DIRECTION ( 'NONE',  ( 0.9238697708742983350, 0.3553345272594015114, -0.1421338109037016129 ) ) ;
#7049 = EDGE_CURVE ( 'NONE', #7660, #5276, #6412, .T. ) ;
#7050 = ORIENTED_EDGE ( 'NONE', *, *, #7547, .T. ) ;
#7051 = AXIS2_PLACEMENT_3D ( 'NONE', #534, #621, #3127 ) ;
#7052 = VECTOR ( 'NONE', #3771, 1000.000000000000000 ) ;
#7053 = SURFACE_STYLE_FILL_AREA ( #5816 ) ;
#7054 = DIRECTION ( 'NONE',  ( -1.748601263784621748E-15, 1.482966057179082451E-32, -1.000000000000000000 ) ) ;
#7055 = DIRECTION ( 'NONE',  ( -0.9701425001453374275, -0.2425356250363110699, 1.696392401805309466E-15 ) ) ;
#7056 = DIRECTION ( 'NONE',  ( -1.748601263784621946E-15, 0.0000000000000000000, -1.000000000000000000 ) ) ;
#7057 = ORIENTED_EDGE ( 'NONE', *, *, #3817, .T. ) ;
#7058 = VECTOR ( 'NONE', #2981, 1000.000000000000000 ) ;
#7059 = COLOUR_RGB ( '',1.000000000000000000, 1.000000000000000000, 1.000000000000000000 ) ;
#7060 = CARTESIAN_POINT ( 'NONE',  ( 0.7000000000000166089, 8.200000000000009948, 6.390000000000055635 ) ) ;
#7061 = ORIENTED_EDGE ( 'NONE', *, *, #4767, .T. ) ;
#7062 = PRESENTATION_LAYER_ASSIGNMENT (  '', '', ( #7843 ) ) ;
#7063 = LINE ( 'NONE', #1497, #4557 ) ;
#7064 = SURFACE_STYLE_USAGE ( .BOTH. , #7150 ) ;
#7065 = CARTESIAN_POINT ( 'NONE',  ( 0.2019956826000042505, 8.199999999999308287, -1.071903056252942354 ) ) ;
#7066 = ORIENTED_EDGE ( 'NONE', *, *, #3684, .F. ) ;
#7067 = CARTESIAN_POINT ( 'NONE',  ( 0.7500000000000058842, 8.200000000000009948, 0.3600000000000547207 ) ) ;
#7068 = DIRECTION ( 'NONE',  ( 0.9984603535126309604, 1.641985879086793353E-15, 0.05547001409258993376 ) ) ;
#7069 = CIRCLE ( 'NONE', #1631, 1.300000000000000266 ) ;
#7070 = STYLED_ITEM ( 'NONE', ( #5394 ), #1205 ) ;
#7071 = DIRECTION ( 'NONE',  ( 0.9883716976506232710, 1.625394904386490918E-15, 0.1520571842539017449 ) ) ;
#7072 = ADVANCED_FACE ( 'NONE', ( #3978 ), #6455, .T. ) ;
#7073 = ORIENTED_EDGE ( 'NONE', *, *, #6168, .F. ) ;
#7074 = FACE_OUTER_BOUND ( 'NONE', #798, .T. ) ;
#7075 = EDGE_CURVE ( 'NONE', #1958, #6971, #1033, .T. ) ;
#7076 = CARTESIAN_POINT ( 'NONE',  ( 0.6000000000000067502, 8.200000000000009948, 0.3044444450000550750 ) ) ;
#7077 = ORIENTED_EDGE ( 'NONE', *, *, #1622, .T. ) ;
#7078 = AXIS2_PLACEMENT_3D ( 'NONE', #5003, #6770, #3745 ) ;
#7079 = FACE_OUTER_BOUND ( 'NONE', #6782, .T. ) ;
#7080 = CARTESIAN_POINT ( 'NONE',  ( -0.1999999993499926854, 8.599999999630806968, 1.439999997785056829 ) ) ;
#7081 = ORIENTED_EDGE ( 'NONE', *, *, #7333, .T. ) ;
#7082 = VECTOR ( 'NONE', #970, 1000.000000000000227 ) ;
#7083 = CIRCLE ( 'NONE', #3080, 2.050000000001999556 ) ;
#7084 = ORIENTED_EDGE ( 'NONE', *, *, #5871, .T. ) ;
#7085 = DIRECTION ( 'NONE',  ( 1.644517855226008195E-15, -1.000000000000000000, -2.890435660536364269E-30 ) ) ;
#7086 = DIRECTION ( 'NONE',  ( 1.748601263784621946E-15, 0.0000000000000000000, 1.000000000000000000 ) ) ;
#7087 = EDGE_CURVE ( 'NONE', #1118, #121, #7809, .T. ) ;
#7088 = DIRECTION ( 'NONE',  ( -2.168404344971010446E-15, 0.3928571428571054347, -0.9195995135417112110 ) ) ;
#7090 = CARTESIAN_POINT ( 'NONE',  ( 0.5000000000000299760, 0.7500000000000093259, 6.350000000000055600 ) ) ;
#7089 = VECTOR ( 'NONE', #3019, 1000.000000000000000 ) ;
#7091 = VECTOR ( 'NONE', #3942, 1000.000000000000000 ) ;
#7092 = ORIENTED_EDGE ( 'NONE', *, *, #3243, .T. ) ;
#7093 = CARTESIAN_POINT ( 'NONE',  ( 3.950000000000001066, 7.144714285714313995, -3.649999999999951061 ) ) ;
#7094 = PRODUCT ( 'CUI_DEVICES_TBP04R1-500-03BE', 'CUI_DEVICES_TBP04R1-500-03BE', '', ( #4722 ) ) ;
#7095 = ORIENTED_EDGE ( 'NONE', *, *, #3530, .T. ) ;
#7096 = B_SPLINE_CURVE_WITH_KNOTS ( 'NONE', 3,
 ( #7540, #2724, #6973, #6890 ),
 .UNSPECIFIED., .F., .F.,
 ( 4, 4 ),
 ( 0.0000000000000000000, 1.000000000000000000 ),
 .UNSPECIFIED. ) ;
#7097 = EDGE_LOOP ( 'NONE', ( #658, #6805, #6007, #1659, #364, #2493 ) ) ;
#7098 = PRESENTATION_LAYER_ASSIGNMENT (  '', '', ( #1925 ) ) ;
#7099 = CARTESIAN_POINT ( 'NONE',  ( 9.700000000000004619, 10.60000000000002274, 1.550000000000040012 ) ) ;
#7100 = EDGE_CURVE ( 'NONE', #2583, #7197, #4001, .T. ) ;
#7101 = LINE ( 'NONE', #1614, #1124 ) ;
#7102 = LINE ( 'NONE', #253, #8033 ) ;
#7103 = CARTESIAN_POINT ( 'NONE',  ( 11.00000000000000888, 7.450000000000025935, 0.8500000000000373923 ) ) ;
#7104 = ORIENTED_EDGE ( 'NONE', *, *, #7131, .F. ) ;
#7105 = CARTESIAN_POINT ( 'NONE',  ( 1.399999999999999245, 8.958578961035836841, -3.652392644302737246 ) ) ;
#7106 = CARTESIAN_POINT ( 'NONE',  ( 9.799999999999998934, 7.894714285714324653, -3.899999999999961720 ) ) ;
#7107 = EDGE_LOOP ( 'NONE', ( #3950, #34, #6702, #5948 ) ) ;
#7108 = DIRECTION ( 'NONE',  ( 1.748601263784621946E-15, 0.0000000000000000000, 1.000000000000000000 ) ) ;
#7109 = LINE ( 'NONE', #4080, #5039 ) ;
#7110 = CARTESIAN_POINT ( 'NONE',  ( 1.500000000000015099, 8.200000000000009948, 5.360000000000054499 ) ) ;
#7111 = ORIENTED_EDGE ( 'NONE', *, *, #5478, .T. ) ;
#7112 = PLANE ( 'NONE',  #1095 ) ;
#7113 = FACE_OUTER_BOUND ( 'NONE', #3814, .T. ) ;
#7114 = ORIENTED_EDGE ( 'NONE', *, *, #5851, .F. ) ;
#7115 = UNCERTAINTY_MEASURE_WITH_UNIT (LENGTH_MEASURE( 1.000000000000000082E-05 ), #7579, 'distance_accuracy_value', 'NONE');
#7116 = MECHANICAL_DESIGN_GEOMETRIC_PRESENTATION_REPRESENTATION (  '', ( #222 ), #1947 ) ;
#7117 = CARTESIAN_POINT ( 'NONE',  ( 0.7500000000000058842, 8.200000000000009948, 0.3600000000000547207 ) ) ;
#7118 = ORIENTED_EDGE ( 'NONE', *, *, #6897, .T. ) ;
#7119 = DIRECTION ( 'NONE',  ( -1.000000000000000000, -1.644517855226007998E-15, 1.748601263784621946E-15 ) ) ;
#7120 = ADVANCED_FACE ( 'NONE', ( #2270 ), #3543, .F. ) ;
#7121 = CARTESIAN_POINT ( 'NONE',  ( 1.800000000000018696, 8.144714285714311330, 6.315000000000053682 ) ) ;
#7122 = ORIENTED_EDGE ( 'NONE', *, *, #1998, .T. ) ;
#7123 = CARTESIAN_POINT ( 'NONE',  ( 0.1000000000000184769, 8.200000000000008171, 7.824841765813057570 ) ) ;
#7124 = EDGE_CURVE ( 'NONE', #2323, #2527, #7167, .T. ) ;
#7125 = VERTEX_POINT ( 'NONE', #2804 ) ;
#7126 = CARTESIAN_POINT ( 'NONE',  ( 1.398548747334017017, 8.959230384045008933, 6.350000000000053824 ) ) ;
#7127 = LINE ( 'NONE', #2268, #3472 ) ;
#7128 = LINE ( 'NONE', #5925, #1350 ) ;
#7129 = DIRECTION ( 'NONE',  ( -1.000000000000000000, -1.644517855226007998E-15, 1.748601263784621946E-15 ) ) ;
#7130 = DIRECTION ( 'NONE',  ( -1.000000000000000000, -1.644517855226007998E-15, 1.748601263784621946E-15 ) ) ;
#7131 = EDGE_CURVE ( 'NONE', #2469, #5347, #2851, .T. ) ;
#7132 = ORIENTED_EDGE ( 'NONE', *, *, #6531, .F. ) ;
#7133 = CARTESIAN_POINT ( 'NONE',  ( 1.500000000000015099, 4.200000000000010836, 1.350000000000053380 ) ) ;
#7134 = ORIENTED_EDGE ( 'NONE', *, *, #6251, .T. ) ;
#7135 = EDGE_CURVE ( 'NONE', #4346, #5955, #1601, .T. ) ;
#7136 = VERTEX_POINT ( 'NONE', #242 ) ;
#7137 = CARTESIAN_POINT ( 'NONE',  ( 1.955294117647018659, 8.144714285714311330, 6.315000000000052793 ) ) ;
#7138 = LINE ( 'NONE', #6585, #3094 ) ;
#7139 = DIRECTION ( 'NONE',  ( -1.644517855226008195E-15, 1.000000000000000000, 2.890435660536364269E-30 ) ) ;
#7140 = EDGE_CURVE ( 'NONE', #7181, #6056, #1787, .T. ) ;
#7141 = FILL_AREA_STYLE ('',( #1703 ) ) ;
#7142 = ORIENTED_EDGE ( 'NONE', *, *, #5124, .T. ) ;
#7143 = ADVANCED_FACE ( 'NONE', ( #1522 ), #996, .T. ) ;
#7144 = SURFACE_STYLE_FILL_AREA ( #5375 ) ;
#7145 = EDGE_CURVE ( 'NONE', #4247, #2384, #3124, .T. ) ;
#7146 = CARTESIAN_POINT ( 'NONE',  ( -0.5999999999999755529, 4.200000000000007283, 6.740000000000057057 ) ) ;
#7147 = SURFACE_STYLE_FILL_AREA ( #922 ) ;
#7148 = ORIENTED_EDGE ( 'NONE', *, *, #7724, .T. ) ;
#7149 = LINE ( 'NONE', #5950, #6864 ) ;
#7150 = SURFACE_SIDE_STYLE ('',( #305 ) ) ;
#7151 = FACE_OUTER_BOUND ( 'NONE', #2048, .T. ) ;
#7152 = ORIENTED_EDGE ( 'NONE', *, *, #1574, .F. ) ;
#7153 = EDGE_CURVE ( 'NONE', #4748, #4187, #1774, .T. ) ;
#7154 = DIRECTION ( 'NONE',  ( -1.748601263784621946E-15, 0.0000000000000000000, -1.000000000000000000 ) ) ;
#7155 = CARTESIAN_POINT ( 'NONE',  ( 9.699999999999995737, 10.60000000000002274, -3.449999999999960210 ) ) ;
#7156 = ORIENTED_EDGE ( 'NONE', *, *, #1717, .F. ) ;
#7157 = DIRECTION ( 'NONE',  ( 1.706285386945153899E-15, -1.000000000000000000, 0.0000000000000000000 ) ) ;
#7158 = DIRECTION ( 'NONE',  ( 1.644517855226008195E-15, -1.000000000000000000, -2.890435660536364269E-30 ) ) ;
#7159 = VERTEX_POINT ( 'NONE', #2480 ) ;
#7160 = DIRECTION ( 'NONE',  ( 0.2425356250363078781, 0.9701425001453380936, -4.240981004512810209E-16 ) ) ;
#7161 = CARTESIAN_POINT ( 'NONE',  ( 9.699999999999993960, 10.60000000000002274, -4.849999999999961453 ) ) ;
#7162 = ORIENTED_EDGE ( 'NONE', *, *, #5262, .T. ) ;
#7163 = LINE ( 'NONE', #1595, #3985 ) ;
#7164 = ORIENTED_EDGE ( 'NONE', *, *, #4278, .F. ) ;
#7165 = DIRECTION ( 'NONE',  ( 0.9984603535126309604, 1.641985879086793353E-15, 0.05547001409258993376 ) ) ;
#7166 = DIRECTION ( 'NONE',  ( 1.000000000000000000, 1.644517855226008195E-15, 0.0000000000000000000 ) ) ;
#7167 = LINE ( 'NONE', #4019, #6084 ) ;
#7168 = DIRECTION ( 'NONE',  ( -1.000000000000000000, -1.644517855226007801E-15, 1.748601263784621748E-15 ) ) ;
#7169 = EDGE_LOOP ( 'NONE', ( #5881, #7914, #3694, #7678, #6934, #4689 ) ) ;
#7170 = DIRECTION ( 'NONE',  ( -0.8933250006747832650, 0.4466625002858897187, -0.04962916489077740662 ) ) ;
#7171 = VERTEX_POINT ( 'NONE', #2389 ) ;
#7172 = AXIS2_PLACEMENT_3D ( 'NONE', #7946, #1798, #4942 ) ;
#7173 = DIRECTION ( 'NONE',  ( -1.734723475976808672E-15, 1.000000000000000000, 0.0000000000000000000 ) ) ;
#7174 = EDGE_LOOP ( 'NONE', ( #1515, #5566, #5869, #4077 ) ) ;
#7175 = ADVANCED_FACE ( 'NONE', ( #2353 ), #4220, .F. ) ;
#7176 = CARTESIAN_POINT ( 'NONE',  ( 1.400000000000016787, 8.959289480517522719, 6.345734842346005600 ) ) ;
#7177 = VECTOR ( 'NONE', #2622, 1000.000000000000000 ) ;
#7178 = CARTESIAN_POINT ( 'NONE',  ( 9.699999999999999289, 12.25000000000002309, 0.1500000000000385469 ) ) ;
#7179 = ADVANCED_FACE ( 'NONE', ( #6094 ), #1070, .T. ) ;
#7180 = CARTESIAN_POINT ( 'NONE',  ( 9.699999999999981526, 10.60000000000002274, -11.64999999999995595 ) ) ;
#7181 = VERTEX_POINT ( 'NONE', #6732 ) ;
#7182 = PLANE ( 'NONE',  #3595 ) ;
#7183 = AXIS2_PLACEMENT_3D ( 'NONE', #6688, #4310, #3041 ) ;
#7184 = DIRECTION ( 'NONE',  ( -0.5407575913134772261, -0.8411784753765673139, 9.455694075718743083E-16 ) ) ;
#7185 = EDGE_CURVE ( 'NONE', #3890, #1818, #4841, .T. ) ;
#7186 = CARTESIAN_POINT ( 'NONE',  ( 2.399999999999996803, 7.650000000000011902, -5.549999999999947420 ) ) ;
#7187 = VECTOR ( 'NONE', #1986, 1000.000000000000000 ) ;
#7188 = LINE ( 'NONE', #926, #323 ) ;
#7189 = DIRECTION ( 'NONE',  ( 0.0000000000000000000, -0.6949152542373064900, -0.7190916418846067248 ) ) ;
#7190 = ORIENTED_EDGE ( 'NONE', *, *, #1539, .T. ) ;
#7191 =( NAMED_UNIT ( * ) SI_UNIT ( $, .STERADIAN. ) SOLID_ANGLE_UNIT ( ) );
#7192 = VECTOR ( 'NONE', #2630, 1000.000000000000000 ) ;
#7193 = AXIS2_PLACEMENT_3D ( 'NONE', #3920, #5221, #3957 ) ;
#7194 = VERTEX_POINT ( 'NONE', #5562 ) ;
#7195 = EDGE_CURVE ( 'NONE', #1524, #766, #7286, .T. ) ;
#7196 = DIRECTION ( 'NONE',  ( 0.7071067811864963915, 1.162849727212585237E-15, -0.7071067811865986430 ) ) ;
#7197 = VERTEX_POINT ( 'NONE', #1112 ) ;
#7198 = CARTESIAN_POINT ( 'NONE',  ( 0.09999999999999419076, 10.60000000000000675, -4.649999999999943512 ) ) ;
#7199 = CONICAL_SURFACE ( 'NONE', #3720, 1.724999996680999459, 0.4636476090007538020 ) ;
#7200 = AXIS2_PLACEMENT_3D ( 'NONE', #4118, #7789, #3637 ) ;
#7201 = CARTESIAN_POINT ( 'NONE',  ( 3.175000000000001599, 7.650000000000012790, -2.774999999999949285 ) ) ;
#7202 = DIRECTION ( 'NONE',  ( -1.644517855226008195E-15, 1.000000000000000000, 2.890435660536364269E-30 ) ) ;
#7203 = ORIENTED_EDGE ( 'NONE', *, *, #4471, .F. ) ;
#7204 = FACE_OUTER_BOUND ( 'NONE', #5380, .T. ) ;
#7205 = CIRCLE ( 'NONE', #6312, 0.9999999999999997780 ) ;
#7206 = MECHANICAL_DESIGN_GEOMETRIC_PRESENTATION_REPRESENTATION (  '', ( #6061 ), #4241 ) ;
#7207 = LINE ( 'NONE', #7733, #316 ) ;
#7208 = CARTESIAN_POINT ( 'NONE',  ( 2.400000000000025224, 7.100000000000012079, 9.450000000000052580 ) ) ;
#7209 = EDGE_LOOP ( 'NONE', ( #4146, #2228, #3486, #5436, #1855 ) ) ;
#7210 = DIRECTION ( 'NONE',  ( -0.7071067811865962005, -1.162849727212749320E-15, 0.7071067811864987229 ) ) ;
#7211 = VECTOR ( 'NONE', #7608, 1000.000000000000114 ) ;
#7212 = VERTEX_POINT ( 'NONE', #7325 ) ;
#7213 = PRESENTATION_LAYER_ASSIGNMENT (  '', '', ( #4387 ) ) ;
#7214 = DIRECTION ( 'NONE',  ( 1.644517855226007998E-15, -1.000000000000000000, -2.890435660536363919E-30 ) ) ;
#7215 = ORIENTED_EDGE ( 'NONE', *, *, #4930, .T. ) ;
#7216 = PLANE ( 'NONE',  #5032 ) ;
#7217 = AXIS2_PLACEMENT_3D ( 'NONE', #5112, #1543, #3320 ) ;
#7218 = VECTOR ( 'NONE', #5211, 1000.000000000000000 ) ;
#7219 = STYLED_ITEM ( 'NONE', ( #1621 ), #1748 ) ;
#7220 = CARTESIAN_POINT ( 'NONE',  ( 8.800000000000006040, 8.144714285714321989, 0.3500000000000412781 ) ) ;
#7221 = FACE_OUTER_BOUND ( 'NONE', #6171, .T. ) ;
#7222 = SURFACE_SIDE_STYLE ('',( #6655 ) ) ;
#7223 = ORIENTED_EDGE ( 'NONE', *, *, #4467, .T. ) ;
#7224 = EDGE_CURVE ( 'NONE', #4072, #7318, #3658, .T. ) ;
#7225 = FACE_OUTER_BOUND ( 'NONE', #7745, .T. ) ;
#7226 = LINE ( 'NONE', #7908, #1625 ) ;
#7227 = PRODUCT_DEFINITION_FORMATION_WITH_SPECIFIED_SOURCE ( 'ANY', '', #7094, .NOT_KNOWN. ) ;
#7228 = MECHANICAL_DESIGN_GEOMETRIC_PRESENTATION_REPRESENTATION (  '', ( #1925 ), #204 ) ;
#7229 = VECTOR ( 'NONE', #2718, 1000.000000000000000 ) ;
#7230 = EDGE_CURVE ( 'NONE', #1426, #6252, #6764, .T. ) ;
#7231 = DIRECTION ( 'NONE',  ( 0.9883716976506222718, -0.1520571842539073237, -1.728267999600830212E-15 ) ) ;
#7232 = VERTEX_POINT ( 'NONE', #3038 ) ;
#7233 = DIRECTION ( 'NONE',  ( -2.022962590123419228E-15, 0.9697997732720541331, -0.2439024390232136796 ) ) ;
#7234 = COLOUR_RGB ( '',1.000000000000000000, 1.000000000000000000, 1.000000000000000000 ) ;
#7235 = DIRECTION ( 'NONE',  ( 1.644517855226007801E-15, -1.000000000000000000, -2.890435660536363568E-30 ) ) ;
#7236 = DIRECTION ( 'NONE',  ( -1.644517855226007998E-15, 1.000000000000000000, 2.875605999964573094E-30 ) ) ;
#7237 = VERTEX_POINT ( 'NONE', #4960 ) ;
#7238 =( NAMED_UNIT ( * ) PLANE_ANGLE_UNIT ( ) SI_UNIT ( $, .RADIAN. ) );
#7239 = ADVANCED_FACE ( 'NONE', ( #3693 ), #5483, .F. ) ;
#7240 = VERTEX_POINT ( 'NONE', #5681 ) ;
#7241 = DIRECTION ( 'NONE',  ( 1.000000000000000000, 1.644517855226007998E-15, -1.748601263784621748E-15 ) ) ;
#7242 = ORIENTED_EDGE ( 'NONE', *, *, #7195, .F. ) ;
#7243 = CARTESIAN_POINT ( 'NONE',  ( 2.400000000000004352, 7.100000000000012079, -2.749999999999948486 ) ) ;
#7244 = EDGE_CURVE ( 'NONE', #5568, #3983, #5083, .T. ) ;
#7245 = CARTESIAN_POINT ( 'NONE',  ( -0.1999999927999873695, 4.200000000000007283, 0.2600000054000586869 ) ) ;
#7246 =( NAMED_UNIT ( * ) SI_UNIT ( $, .STERADIAN. ) SOLID_ANGLE_UNIT ( ) );
#7247 = EDGE_CURVE ( 'NONE', #4852, #2044, #189, .T. ) ;
#7248 = AXIS2_PLACEMENT_3D ( 'NONE', #6911, #3026, #7954 ) ;
#7249 = VERTEX_POINT ( 'NONE', #7006 ) ;
#7250 = DIRECTION ( 'NONE',  ( -1.000000000000000000, -1.644517855226007998E-15, 1.748601263784621946E-15 ) ) ;
#7251 = LINE ( 'NONE', #528, #4518 ) ;
#7252 = LINE ( 'NONE', #6043, #6584 ) ;
#7253 = DIRECTION ( 'NONE',  ( 1.000000000000000000, 1.644517855226007998E-15, -1.748601263784621946E-15 ) ) ;
#7254 = LINE ( 'NONE', #6095, #5760 ) ;
#7255 = ORIENTED_EDGE ( 'NONE', *, *, #1116, .T. ) ;
#7256 = FILL_AREA_STYLE_COLOUR ( '', #4485 ) ;
#7257 = VERTEX_POINT ( 'NONE', #5633 ) ;
#7258 = FACE_OUTER_BOUND ( 'NONE', #4193, .T. ) ;
#7259 = VERTEX_POINT ( 'NONE', #4431 ) ;
#7260 = FACE_OUTER_BOUND ( 'NONE', #7005, .T. ) ;
#7261 = DIRECTION ( 'NONE',  ( 1.000000000000000000, 1.644517855226007998E-15, -1.748601263784621946E-15 ) ) ;
#7262 = LINE ( 'NONE', #7786, #5852 ) ;
#7263 = FACE_OUTER_BOUND ( 'NONE', #7800, .T. ) ;
#7264 = ORIENTED_EDGE ( 'NONE', *, *, #4889, .T. ) ;
#7265 = DIRECTION ( 'NONE',  ( -1.644517855226008195E-15, 1.000000000000000000, 2.890435660536364269E-30 ) ) ;
#7266 = LINE ( 'NONE', #2289, #439 ) ;
#7267 = CARTESIAN_POINT ( 'NONE',  ( 9.700000000000009948, 10.60000000000002274, 5.150000000000039435 ) ) ;
#7268 = DIRECTION ( 'NONE',  ( 1.748601263784621946E-15, 0.0000000000000000000, 1.000000000000000000 ) ) ;
#7269 = DIRECTION ( 'NONE',  ( -1.000000000000000000, -1.644517855226007998E-15, 1.748601263784621946E-15 ) ) ;
#7270 = ORIENTED_EDGE ( 'NONE', *, *, #4035, .T. ) ;
#7271 =( NAMED_UNIT ( * ) PLANE_ANGLE_UNIT ( ) SI_UNIT ( $, .RADIAN. ) );
#7272 = ORIENTED_EDGE ( 'NONE', *, *, #1953, .T. ) ;
#7273 = UNCERTAINTY_MEASURE_WITH_UNIT (LENGTH_MEASURE( 1.000000000000000082E-05 ), #4288, 'distance_accuracy_value', 'NONE');
#7274 = EDGE_CURVE ( 'NONE', #1971, #1047, #816, .T. ) ;
#7275 = VECTOR ( 'NONE', #3097, 1000.000000000000227 ) ;
#7276 = CARTESIAN_POINT ( 'NONE',  ( 0.7250000000000103029, 6.200000000000009059, 0.3350000000000557532 ) ) ;
#7277 = ORIENTED_EDGE ( 'NONE', *, *, #5434, .T. ) ;
#7278 = CARTESIAN_POINT ( 'NONE',  ( -0.5999999999999928724, 4.200000000000007283, -3.259999999999943388 ) ) ;
#7279 = EDGE_CURVE ( 'NONE', #1904, #497, #5757, .T. ) ;
#7280 = FACE_OUTER_BOUND ( 'NONE', #3155, .T. ) ;
#7281 = DIRECTION ( 'NONE',  ( 0.9486832980505233159, 1.560126622598782925E-15, -0.3162277660168096305 ) ) ;
#7282 = EDGE_LOOP ( 'NONE', ( #1825, #18, #5216, #2807, #1197, #6639, #4432, #2913, #3305, #7497, #1174, #7242, #546, #4664 ) ) ;
#7283 = DIRECTION ( 'NONE',  ( 1.644517855226007801E-15, -1.000000000000000000, -2.890435660536363568E-30 ) ) ;
#7284 = DIRECTION ( 'NONE',  ( -1.644517855226008195E-15, 1.000000000000000000, 2.890435660536364269E-30 ) ) ;
#7285 = DIRECTION ( 'NONE',  ( -0.2357022603954947726, 0.9428090415820741255, 0.2357022603954940509 ) ) ;
#7286 = LINE ( 'NONE', #7370, #7614 ) ;
#7287 = ADVANCED_FACE ( 'NONE', ( #201 ), #3294, .F. ) ;
#7288 = LINE ( 'NONE', #1730, #4341 ) ;
#7289 = EDGE_LOOP ( 'NONE', ( #1192, #6395, #4332, #6123 ) ) ;
#7290 = PRESENTATION_STYLE_ASSIGNMENT (( #3626 ) ) ;
#7291 = ORIENTED_EDGE ( 'NONE', *, *, #4834, .T. ) ;
#7292 = CARTESIAN_POINT ( 'NONE',  ( 1.000000000000021760, 0.2500000000000097700, 1.225000000000054268 ) ) ;
#7293 = ORIENTED_EDGE ( 'NONE', *, *, #6153, .T. ) ;
#7294 = SURFACE_SIDE_STYLE ('',( #1786 ) ) ;
#7295 = DIRECTION ( 'NONE',  ( -1.644517855226007998E-15, 1.000000000000000000, 2.890435660536363919E-30 ) ) ;
#7296 = EDGE_CURVE ( 'NONE', #3373, #63, #1984, .T. ) ;
#7297 = CARTESIAN_POINT ( 'NONE',  ( 0.1000000000000045991, 7.100000000000008527, -2.149999999999943512 ) ) ;
#7298 = AXIS2_PLACEMENT_3D ( 'NONE', #243, #4721, #7168 ) ;
#7299 = DIRECTION ( 'NONE',  ( -0.9883716976506226048, -1.625394904386490523E-15, 0.1520571842539051588 ) ) ;
#7300 = ORIENTED_EDGE ( 'NONE', *, *, #4801, .T. ) ;
#7301 = FACE_OUTER_BOUND ( 'NONE', #6159, .T. ) ;
#7302 = VECTOR ( 'NONE', #4610, 1000.000000000000000 ) ;
#7303 =( NAMED_UNIT ( * ) SI_UNIT ( $, .STERADIAN. ) SOLID_ANGLE_UNIT ( ) );
#7304 = CARTESIAN_POINT ( 'NONE',  ( 10.34999999141860805, 7.450000000000024158, 0.8500000000000382805 ) ) ;
#7305 = DIRECTION ( 'NONE',  ( -1.748601263784621748E-15, 0.0000000000000000000, -1.000000000000000000 ) ) ;
#7306 = CARTESIAN_POINT ( 'NONE',  ( 9.699999999999990408, 10.60000000000002274, -6.649999999999960387 ) ) ;
#7307 = ORIENTED_EDGE ( 'NONE', *, *, #31, .T. ) ;
#7308 = AXIS2_PLACEMENT_3D ( 'NONE', #4147, #408, #4063 ) ;
#7309 = FACE_OUTER_BOUND ( 'NONE', #398, .T. ) ;
#7310 = EDGE_LOOP ( 'NONE', ( #7371, #5811, #2765, #7559 ) ) ;
#7311 =( GEOMETRIC_REPRESENTATION_CONTEXT ( 3 ) GLOBAL_UNCERTAINTY_ASSIGNED_CONTEXT ( ( #4949 ) ) GLOBAL_UNIT_ASSIGNED_CONTEXT ( ( #5758, #817, #2106 ) ) REPRESENTATION_CONTEXT ( 'NONE', 'WORKASPACE' ) );
#7312 = DIRECTION ( 'NONE',  ( 1.644517855226007998E-15, -1.000000000000000000, -2.890435660536363919E-30 ) ) ;
#7313 = ORIENTED_EDGE ( 'NONE', *, *, #5624, .T. ) ;
#7314 = CARTESIAN_POINT ( 'NONE',  ( 0.7500000000000006661, 7.611199771552088933, -3.659999999999944631 ) ) ;
#7315 = CARTESIAN_POINT ( 'NONE',  ( 2.400000000000001243, 8.200000000000011724, -2.862560681041947941 ) ) ;
#7316 = AXIS2_PLACEMENT_3D ( 'NONE', #1105, #7925, #4870 ) ;
#7317 = EDGE_CURVE ( 'NONE', #1036, #7136, #5162, .T. ) ;
#7318 = VERTEX_POINT ( 'NONE', #6405 ) ;
#7319 = EDGE_CURVE ( 'NONE', #4468, #6965, #3854, .T. ) ;
#7320 = FILL_AREA_STYLE_COLOUR ( '', #4751 ) ;
#7321 = DIRECTION ( 'NONE',  ( 1.644517855226008195E-15, -1.000000000000000000, -2.890435660536364269E-30 ) ) ;
#7322 = CARTESIAN_POINT ( 'NONE',  ( 1.250000000000028866, -0.2499999999999889533, 5.600000000000054712 ) ) ;
#7323 = PRESENTATION_LAYER_ASSIGNMENT (  '', '', ( #3974 ) ) ;
#7324 =( GEOMETRIC_REPRESENTATION_CONTEXT ( 3 ) GLOBAL_UNCERTAINTY_ASSIGNED_CONTEXT ( ( #7115 ) ) GLOBAL_UNIT_ASSIGNED_CONTEXT ( ( #7579, #2883, #1556 ) ) REPRESENTATION_CONTEXT ( 'NONE', 'WORKASPACE' ) );
#7325 = CARTESIAN_POINT ( 'NONE',  ( 0.6000000000000171863, 8.200000000000009948, 6.395555555000055570 ) ) ;
#7326 = DIRECTION ( 'NONE',  ( -0.3162277660168062998, -5.200422075328729803E-16, 0.9486832980505244262 ) ) ;
#7327 = ORIENTED_EDGE ( 'NONE', *, *, #2882, .F. ) ;
#7328 = FACE_OUTER_BOUND ( 'NONE', #7033, .T. ) ;
#7329 = ORIENTED_EDGE ( 'NONE', *, *, #6552, .F. ) ;
#7330 = VECTOR ( 'NONE', #1402, 1000.000000000000000 ) ;
#7331 = AXIS2_PLACEMENT_3D ( 'NONE', #6276, #7637, #7000 ) ;
#7332 = DIRECTION ( 'NONE',  ( -1.644517855226008195E-15, 1.000000000000000000, 2.890435660536364269E-30 ) ) ;
#7333 = EDGE_CURVE ( 'NONE', #7194, #643, #5198, .T. ) ;
#7334 = ORIENTED_EDGE ( 'NONE', *, *, #3883, .F. ) ;
#7335 = DIRECTION ( 'NONE',  ( -0.7071067811864962804, -1.162849727212584842E-15, 0.7071067811865986430 ) ) ;
#7336 = CARTESIAN_POINT ( 'NONE',  ( -0.3999999999999906408, 6.450000000000008171, 0.1100000000000562334 ) ) ;
#7337 = PLANE ( 'NONE',  #502 ) ;
#7338 = CIRCLE ( 'NONE', #7721, 1.300000000000000266 ) ;
#7339 = AXIS2_PLACEMENT_3D ( 'NONE', #354, #1021, #7797 ) ;
#7340 = CARTESIAN_POINT ( 'NONE',  ( 9.300000000000014921, 7.644714285714304225, 5.475000000000041389 ) ) ;
#7341 = ORIENTED_EDGE ( 'NONE', *, *, #1027, .T. ) ;
#7342 = DIRECTION ( 'NONE',  ( -0.9701425001453380936, 0.2425356250363078781, 1.696392401805310846E-15 ) ) ;
#7343 = ADVANCED_FACE ( 'NONE', ( #781 ), #4516, .F. ) ;
#7344 = COLOUR_RGB ( '',1.000000000000000000, 1.000000000000000000, 1.000000000000000000 ) ;
#7345 = VECTOR ( 'NONE', #757, 1000.000000000000000 ) ;
#7346 = AXIS2_PLACEMENT_3D ( 'NONE', #4995, #7406, #1849 ) ;
#7347 = FILL_AREA_STYLE ('',( #6108 ) ) ;
#7348 = SURFACE_STYLE_USAGE ( .BOTH. , #6109 ) ;
#7349 = B_SPLINE_CURVE_WITH_KNOTS ( 'NONE', 3,
 ( #231, #3921, #1505, #6477 ),
 .UNSPECIFIED., .F., .F.,
 ( 4, 4 ),
 ( 0.0000000000000000000, 1.000000000000000000 ),
 .UNSPECIFIED. ) ;
#7350 = CARTESIAN_POINT ( 'NONE',  ( 10.34999999141861515, 7.450000000000024158, 5.850000000000038725 ) ) ;
#7351 = DIRECTION ( 'NONE',  ( 1.644517855226007998E-15, -1.000000000000000000, -2.890435660536363919E-30 ) ) ;
#7352 = AXIS2_PLACEMENT_3D ( 'NONE', #4900, #3641, #1168 ) ;
#7353 = ORIENTED_EDGE ( 'NONE', *, *, #6808, .T. ) ;
#7354 = CIRCLE ( 'NONE', #4534, 1.399999999999999023 ) ;
#7355 = VECTOR ( 'NONE', #314, 1000.000000000000000 ) ;
#7356 = CARTESIAN_POINT ( 'NONE',  ( -0.9999999999999870104, 3.750000000000006217, -0.9499999999999404476 ) ) ;
#7357 = ORIENTED_EDGE ( 'NONE', *, *, #5651, .T. ) ;
#7358 = UNCERTAINTY_MEASURE_WITH_UNIT (LENGTH_MEASURE( 1.000000000000000082E-05 ), #921, 'distance_accuracy_value', 'NONE');
#7359 = AXIS2_PLACEMENT_3D ( 'NONE', #3166, #1942, #79 ) ;
#7360 = CARTESIAN_POINT ( 'NONE',  ( -0.1999999993499944340, 8.599999999630806968, 0.2600000022150578127 ) ) ;
#7361 = VERTEX_POINT ( 'NONE', #742 ) ;
#7362 = CARTESIAN_POINT ( 'NONE',  ( 9.699999995709015721, 5.400000000655023946, 3.728679656725039315 ) ) ;
#7363 = CARTESIAN_POINT ( 'NONE',  ( 11.00000000000001243, 4.299999999999831957, 0.8500000000000371703 ) ) ;
#7364 = B_SPLINE_CURVE_WITH_KNOTS ( 'NONE', 3,
 ( #1376, #7105, #6428, #841 ),
 .UNSPECIFIED., .F., .F.,
 ( 4, 4 ),
 ( 0.0000000000000000000, 1.000000000000000000 ),
 .UNSPECIFIED. ) ;
#7365 = ORIENTED_EDGE ( 'NONE', *, *, #6063, .T. ) ;
#7366 = CARTESIAN_POINT ( 'NONE',  ( 1.300000000000021583, 7.100000000000010303, 7.450000000000054357 ) ) ;
#7367 = CARTESIAN_POINT ( 'NONE',  ( -0.9999999999999991118, 10.75000000000000533, -0.9499999999999404476 ) ) ;
#7368 = CARTESIAN_POINT ( 'NONE',  ( 0.7400000000000149791, 4.200000000000009059, 1.350000000000055156 ) ) ;
#7369 = EDGE_CURVE ( 'NONE', #315, #6485, #3259, .T. ) ;
#7370 = CARTESIAN_POINT ( 'NONE',  ( 0.7000000000000234923, 4.200000000000009059, 6.390000000000055635 ) ) ;
#7371 = ORIENTED_EDGE ( 'NONE', *, *, #7505, .F. ) ;
#7372 = EDGE_CURVE ( 'NONE', #5320, #6086, #6966, .T. ) ;
#7373 = ORIENTED_EDGE ( 'NONE', *, *, #2043, .F. ) ;
#7374 = VERTEX_POINT ( 'NONE', #6246 ) ;
#7375 = ORIENTED_EDGE ( 'NONE', *, *, #5650, .T. ) ;
#7376 = LINE ( 'NONE', #2360, #2558 ) ;
#7377 = VECTOR ( 'NONE', #349, 1000.000000000000114 ) ;
#7378 = EDGE_CURVE ( 'NONE', #4723, #5827, #32, .T. ) ;
#7379 = DIRECTION ( 'NONE',  ( 1.748601263784621748E-15, -1.482966057179082451E-32, 1.000000000000000000 ) ) ;
#7380 = DIRECTION ( 'NONE',  ( 1.927470528863119344E-15, 0.0000000000000000000, 1.000000000000000000 ) ) ;
#7381 = ORIENTED_EDGE ( 'NONE', *, *, #4119, .F. ) ;
#7382 = DIRECTION ( 'NONE',  ( -1.644517855226007998E-15, 1.000000000000000000, 2.890435660536363919E-30 ) ) ;
#7383 = EDGE_CURVE ( 'NONE', #7660, #6252, #5353, .T. ) ;
#7384 = ORIENTED_EDGE ( 'NONE', *, *, #1103, .F. ) ;
#7385 = SURFACE_STYLE_FILL_AREA ( #7347 ) ;
#7386 = ADVANCED_FACE ( 'NONE', ( #7079 ), #3451, .F. ) ;
#7387 = CARTESIAN_POINT ( 'NONE',  ( 1.800000000000020250, 6.844714285714310620, 6.340000000000054037 ) ) ;
#7388 = FILL_AREA_STYLE_COLOUR ( '', #4575 ) ;
#7389 = DIRECTION ( 'NONE',  ( 1.000000000000000000, 1.644517855226007998E-15, -1.748601263784621946E-15 ) ) ;
#7390 = DIRECTION ( 'NONE',  ( 1.644517855226008195E-15, -1.000000000000000000, -2.890435660536364269E-30 ) ) ;
#7391 = EDGE_CURVE ( 'NONE', #7416, #6099, #1592, .T. ) ;
#7392 = ORIENTED_EDGE ( 'NONE', *, *, #3031, .F. ) ;
#7393 = DIRECTION ( 'NONE',  ( 1.000000000000000000, 1.644517855226007801E-15, -1.748601263784621748E-15 ) ) ;
#7394 = ORIENTED_EDGE ( 'NONE', *, *, #4322, .F. ) ;
#7395 = FILL_AREA_STYLE_COLOUR ( '', #3261 ) ;
#7396 = VERTEX_POINT ( 'NONE', #3412 ) ;
#7397 = CARTESIAN_POINT ( 'NONE',  ( 2.150000000000012790, 3.975000000000011635, 0.8500000000000529354 ) ) ;
#7398 = ADVANCED_FACE ( 'NONE', ( #4633 ), #984, .F. ) ;
#7399 = CARTESIAN_POINT ( 'NONE',  ( 1.500000000000004885, 4.200000000000010836, -4.649999999999945288 ) ) ;
#7400 = SURFACE_STYLE_FILL_AREA ( #5711 ) ;
#7401 = DIRECTION ( 'NONE',  ( -0.1520571842539017449, -2.500607545209352511E-16, 0.9883716976506232710 ) ) ;
#7402 = B_SPLINE_CURVE_WITH_KNOTS ( 'NONE', 3,
 ( #3403, #2784, #5261, #4194 ),
 .UNSPECIFIED., .F., .F.,
 ( 4, 4 ),
 ( 0.0000000000000000000, 1.000000000000000000 ),
 .UNSPECIFIED. ) ;
#7403 = ORIENTED_EDGE ( 'NONE', *, *, #6147, .F. ) ;
#7404 = PLANE ( 'NONE',  #1471 ) ;
#7405 = CARTESIAN_POINT ( 'NONE',  ( 0.7000000000000079492, 8.200000000000009948, 1.390000000000055191 ) ) ;
#7406 = DIRECTION ( 'NONE',  ( -1.000000000000000000, -1.644517855226007801E-15, 1.748601263784621748E-15 ) ) ;
#7407 = FILL_AREA_STYLE_COLOUR ( '', #6592 ) ;
#7408 = ORIENTED_EDGE ( 'NONE', *, *, #2245, .F. ) ;
#7409 = ORIENTED_EDGE ( 'NONE', *, *, #4865, .F. ) ;
#7410 = ORIENTED_EDGE ( 'NONE', *, *, #3977, .F. ) ;
#7411 = EDGE_LOOP ( 'NONE', ( #4936, #4200, #6560, #4470 ) ) ;
#7412 = DIRECTION ( 'NONE',  ( 1.748601263784621946E-15, 0.0000000000000000000, 1.000000000000000000 ) ) ;
#7413 = CARTESIAN_POINT ( 'NONE',  ( -0.9999999999999940048, 10.75000000000000533, 2.650000000000057643 ) ) ;
#7414 = DIRECTION ( 'NONE',  ( -2.168404344971010446E-15, 0.3928571428571054347, -0.9195995135417112110 ) ) ;
#7415 = ORIENTED_EDGE ( 'NONE', *, *, #2645, .T. ) ;
#7416 = VERTEX_POINT ( 'NONE', #7801 ) ;
#7417 = LINE ( 'NONE', #667, #2156 ) ;
#7418 = ADVANCED_FACE ( 'NONE', ( #1552 ), #6561, .T. ) ;
#7419 = ADVANCED_FACE ( 'NONE', ( #6602 ), #362, .F. ) ;
#7420 = CARTESIAN_POINT ( 'NONE',  ( 1.955294117646999563, 8.144714285714311330, -4.614999999999946034 ) ) ;
#7421 = CIRCLE ( 'NONE', #6016, 2.950000000000001510 ) ;
#7422 = PLANE ( 'NONE',  #4660 ) ;
#7423 = CARTESIAN_POINT ( 'NONE',  ( 0.7500000000000093259, 7.611199771552088933, 1.340000000000055591 ) ) ;
#7424 = CARTESIAN_POINT ( 'NONE',  ( 0.1000000000000063338, 5.400000000000009237, -2.149999999999943512 ) ) ;
#7425 = CARTESIAN_POINT ( 'NONE',  ( 9.699999999999993960, 10.60000000000001386, 8.350000000000054712 ) ) ;
#7426 = ORIENTED_EDGE ( 'NONE', *, *, #6793, .F. ) ;
#7427 = FACE_OUTER_BOUND ( 'NONE', #352, .T. ) ;
#7428 = MECHANICAL_DESIGN_GEOMETRIC_PRESENTATION_REPRESENTATION (  '', ( #544 ), #777 ) ;
#7429 = ORIENTED_EDGE ( 'NONE', *, *, #3197, .T. ) ;
#7430 = EDGE_CURVE ( 'NONE', #1968, #1501, #5390, .T. ) ;
#7431 = UNCERTAINTY_MEASURE_WITH_UNIT (LENGTH_MEASURE( 1.000000000000000082E-05 ), #5812, 'distance_accuracy_value', 'NONE');
#7432 = PLANE ( 'NONE',  #5329 ) ;
#7433 = VERTEX_POINT ( 'NONE', #7038 ) ;
#7434 = VECTOR ( 'NONE', #7170, 1000.000000000000114 ) ;
#7435 = DIRECTION ( 'NONE',  ( 2.095246567705921592E-15, -0.2425356250363094601, 0.9701425001453377606 ) ) ;
#7436 = DIRECTION ( 'NONE',  ( 1.644517855226008195E-15, -1.000000000000000000, -2.890435660536364269E-30 ) ) ;
#7437 = DIRECTION ( 'NONE',  ( 1.000000000000000000, 1.644517855226007998E-15, -1.748601263784621946E-15 ) ) ;
#7438 = LINE ( 'NONE', #3846, #6313 ) ;
#7439 = VECTOR ( 'NONE', #6562, 1000.000000000000000 ) ;
#7440 = ORIENTED_EDGE ( 'NONE', *, *, #6858, .T. ) ;
#7441 = EDGE_CURVE ( 'NONE', #1496, #2107, #5874, .T. ) ;
#7442 = DIRECTION ( 'NONE',  ( 0.9838699100999038771, 1.617991634378899823E-15, -0.1788854382000027443 ) ) ;
#7443 = LINE ( 'NONE', #694, #1912 ) ;
#7444 = PRESENTATION_STYLE_ASSIGNMENT (( #2515 ) ) ;
#7445 = VECTOR ( 'NONE', #6518, 1000.000000000000000 ) ;
#7446 = VECTOR ( 'NONE', #7154, 1000.000000000000000 ) ;
#7447 = ORIENTED_EDGE ( 'NONE', *, *, #1265, .T. ) ;
#7448 = LINE ( 'NONE', #3775, #2663 ) ;
#7449 = VERTEX_POINT ( 'NONE', #936 ) ;
#7450 = ORIENTED_EDGE ( 'NONE', *, *, #2942, .T. ) ;
#7451 = ORIENTED_EDGE ( 'NONE', *, *, #7195, .T. ) ;
#7452 = VECTOR ( 'NONE', #522, 1000.000000000000000 ) ;
#7453 = VECTOR ( 'NONE', #265, 1000.000000000000000 ) ;
#7454 = FACE_OUTER_BOUND ( 'NONE', #7310, .T. ) ;
#7455 = FACE_OUTER_BOUND ( 'NONE', #3025, .T. ) ;
#7456 = LINE ( 'NONE', #3050, #4838 ) ;
#7457 = ORIENTED_EDGE ( 'NONE', *, *, #933, .F. ) ;
#7458 = DIRECTION ( 'NONE',  ( -1.644517855226008195E-15, 1.000000000000000000, 2.890435660536364269E-30 ) ) ;
#7459 = ORIENTED_EDGE ( 'NONE', *, *, #8006, .F. ) ;
#7460 = VECTOR ( 'NONE', #2869, 1000.000000000000000 ) ;
#7461 = VECTOR ( 'NONE', #3946, 1000.000000000000000 ) ;
#7462 = SURFACE_STYLE_USAGE ( .BOTH. , #6863 ) ;
#7463 = SURFACE_SIDE_STYLE ('',( #7385 ) ) ;
#7464 = AXIS2_PLACEMENT_3D ( 'NONE', #6498, #250, #7862 ) ;
#7465 = VECTOR ( 'NONE', #3119, 1000.000000000000000 ) ;
#7466 = FACE_OUTER_BOUND ( 'NONE', #5636, .T. ) ;
#7467 = EDGE_CURVE ( 'NONE', #7136, #7433, #6446, .T. ) ;
#7468 = LINE ( 'NONE', #7424, #599 ) ;
#7469 = CARTESIAN_POINT ( 'NONE',  ( 11.00000000000000533, 4.299999999999831957, -4.149999999999963052 ) ) ;
#7470 = VERTEX_POINT ( 'NONE', #275 ) ;
#7471 = EDGE_CURVE ( 'NONE', #3878, #2439, #236, .T. ) ;
#7472 = VECTOR ( 'NONE', #5784, 1000.000000000000000 ) ;
#7473 = VECTOR ( 'NONE', #1599, 1000.000000000000000 ) ;
#7474 = VECTOR ( 'NONE', #604, 1000.000000000000114 ) ;
#7475 = FACE_OUTER_BOUND ( 'NONE', #867, .T. ) ;
#7476 = EDGE_LOOP ( 'NONE', ( #6755, #4570, #3855, #1819, #147, #4622 ) ) ;
#7477 = VECTOR ( 'NONE', #6264, 1000.000000000000000 ) ;
#7478 = SURFACE_STYLE_USAGE ( .BOTH. , #5029 ) ;
#7479 = ORIENTED_EDGE ( 'NONE', *, *, #4801, .F. ) ;
#7480 = VECTOR ( 'NONE', #7748, 1000.000000000000000 ) ;
#7481 = VECTOR ( 'NONE', #740, 1000.000000000000000 ) ;
#7482 =( NAMED_UNIT ( * ) SI_UNIT ( $, .STERADIAN. ) SOLID_ANGLE_UNIT ( ) );
#7483 = CARTESIAN_POINT ( 'NONE',  ( 1.499999999999999556, 8.109625349781611092, -4.614999999999944258 ) ) ;
#7484 = SURFACE_STYLE_FILL_AREA ( #6915 ) ;
#7485 = ADVANCED_FACE ( 'NONE', ( #5271 ), #7723, .F. ) ;
#7486 = DIRECTION ( 'NONE',  ( -1.000000000000000000, -1.644517855226007998E-15, 1.748601263784621946E-15 ) ) ;
#7487 = LINE ( 'NONE', #4461, #47 ) ;
#7488 = VECTOR ( 'NONE', #4758, 1000.000000000000114 ) ;
#7489 = ORIENTED_EDGE ( 'NONE', *, *, #6358, .F. ) ;
#7490 = CARTESIAN_POINT ( 'NONE',  ( 0.7500000066399999943, 7.649999999998869704, -4.150000000001944578 ) ) ;
#7491 = DIRECTION ( 'NONE',  ( -1.748601263784621748E-15, 0.0000000000000000000, -1.000000000000000000 ) ) ;
#7492 = CARTESIAN_POINT ( 'NONE',  ( 0.9356642613499999150, 8.199999999991309352, -2.613075180758945404 ) ) ;
#7493 = EDGE_CURVE ( 'NONE', #7433, #1440, #438, .T. ) ;
#7494 = EDGE_LOOP ( 'NONE', ( #7780, #4170, #6576, #7900 ) ) ;
#7495 = EDGE_CURVE ( 'NONE', #4072, #91, #6087, .T. ) ;
#7496 = EDGE_CURVE ( 'NONE', #5751, #255, #7841, .T. ) ;
#7497 = ORIENTED_EDGE ( 'NONE', *, *, #835, .F. ) ;
#7498 = ORIENTED_EDGE ( 'NONE', *, *, #7145, .F. ) ;
#7499 = ORIENTED_EDGE ( 'NONE', *, *, #1998, .F. ) ;
#7500 = LINE ( 'NONE', #3339, #7848 ) ;
#7501 = CARTESIAN_POINT ( 'NONE',  ( 1.300000000000000711, 5.400000000000011013, -5.749999999999944933 ) ) ;
#7502 = CARTESIAN_POINT ( 'NONE',  ( 0.7000000000000234923, 4.200000000000009059, 6.390000000000055635 ) ) ;
#7503 = VERTEX_POINT ( 'NONE', #7924 ) ;
#7504 = DIRECTION ( 'NONE',  ( -1.644517855226007998E-15, 1.000000000000000000, 2.875605999964573094E-30 ) ) ;
#7505 = EDGE_CURVE ( 'NONE', #7551, #4894, #4210, .T. ) ;
#7506 = EDGE_LOOP ( 'NONE', ( #7092, #1906, #6082, #435 ) ) ;
#7507 = DIRECTION ( 'NONE',  ( 0.05547001409259343097, 9.122142860490530214E-17, 0.9984603535126307383 ) ) ;
#7508 = AXIS2_PLACEMENT_3D ( 'NONE', #925, #474, #5424 ) ;
#7509 = ORIENTED_EDGE ( 'NONE', *, *, #4066, .F. ) ;
#7510 = LINE ( 'NONE', #715, #5272 ) ;
#7511 = LINE ( 'NONE', #2052, #3588 ) ;
#7512 = DIRECTION ( 'NONE',  ( -1.000000000000000000, -1.644517855226007801E-15, 1.748601263784621748E-15 ) ) ;
#7513 = LINE ( 'NONE', #758, #7653 ) ;
#7514 = FACE_OUTER_BOUND ( 'NONE', #4356, .T. ) ;
#7515 = DIRECTION ( 'NONE',  ( -1.858632295689436398E-15, 0.0000000000000000000, -1.000000000000000000 ) ) ;
#7516 = ORIENTED_EDGE ( 'NONE', *, *, #1260, .F. ) ;
#7517 = FILL_AREA_STYLE_COLOUR ( '', #2545 ) ;
#7518 = PLANE ( 'NONE',  #6578 ) ;
#7519 = EDGE_LOOP ( 'NONE', ( #4931, #1315, #2313, #4791, #1863 ) ) ;
#7520 = UNCERTAINTY_MEASURE_WITH_UNIT (LENGTH_MEASURE( 1.000000000000000082E-05 ), #6996, 'distance_accuracy_value', 'NONE');
#7521 =( NAMED_UNIT ( * ) SI_UNIT ( $, .STERADIAN. ) SOLID_ANGLE_UNIT ( ) );
#7522 = EDGE_LOOP ( 'NONE', ( #185, #4628, #7426, #8007, #7293, #280 ) ) ;
#7523 = PLANE ( 'NONE',  #7217 ) ;
#7524 = LINE ( 'NONE', #4421, #3432 ) ;
#7525 = DIRECTION ( 'NONE',  ( -0.2307692307692121303, 0.9730085108210442257, 4.170008355713480602E-16 ) ) ;
#7526 = VECTOR ( 'NONE', #1280, 1000.000000000000000 ) ;
#7527 =( LENGTH_UNIT ( ) NAMED_UNIT ( * ) SI_UNIT ( .MILLI., .METRE. ) );
#7528 = EDGE_CURVE ( 'NONE', #1916, #5725, #5935, .T. ) ;
#7529 = VERTEX_POINT ( 'NONE', #7243 ) ;
#7530 = DIRECTION ( 'NONE',  ( 1.595945597898462472E-14, 2.337000431716910882E-29, 1.000000000000000000 ) ) ;
#7531 = DIRECTION ( 'NONE',  ( 1.644517855226008195E-15, -1.000000000000000000, -2.890435660536364269E-30 ) ) ;
#7532 = ADVANCED_FACE ( 'NONE', ( #4869 ), #4831, .T. ) ;
#7533 = SURFACE_SIDE_STYLE ('',( #4465 ) ) ;
#7534 = CARTESIAN_POINT ( 'NONE',  ( 0.1000000000000167422, 5.400000000000009237, 3.850000000000057376 ) ) ;
#7535 = VERTEX_POINT ( 'NONE', #6673 ) ;
#7536 = FILL_AREA_STYLE ('',( #3260 ) ) ;
#7537 = VERTEX_POINT ( 'NONE', #1764 ) ;
#7538 = EDGE_LOOP ( 'NONE', ( #7726, #6606, #5133, #7050, #1392, #246 ) ) ;
#7539 = ORIENTED_EDGE ( 'NONE', *, *, #4926, .T. ) ;
#7540 = CARTESIAN_POINT ( 'NONE',  ( 0.09999999999999592548, 9.638089535208006708, -4.649999999999943512 ) ) ;
#7541 = EDGE_CURVE ( 'NONE', #3162, #3654, #4796, .T. ) ;
#7542 = DIRECTION ( 'NONE',  ( -1.748601263784621748E-15, 1.482966057179082451E-32, -1.000000000000000000 ) ) ;
#7543 = CARTESIAN_POINT ( 'NONE',  ( 1.400000000000015010, 8.959743461390676345, 5.354091780670053424 ) ) ;
#7544 = EDGE_LOOP ( 'NONE', ( #7375, #3244, #1022, #3584 ) ) ;
#7545 = CARTESIAN_POINT ( 'NONE',  ( 0.09999999999999766020, 7.100000000000008527, -6.149999999999942624 ) ) ;
#7546 = ORIENTED_EDGE ( 'NONE', *, *, #5147, .F. ) ;
#7547 = EDGE_CURVE ( 'NONE', #5052, #6243, #592, .T. ) ;
#7548 = CARTESIAN_POINT ( 'NONE',  ( 2.500000000000012434, 3.750000000000012434, -0.9499999999999456657 ) ) ;
#7549 = PLANE ( 'NONE',  #1917 ) ;
#7550 = CARTESIAN_POINT ( 'NONE',  ( 9.700000000000020606, 4.500000000000023981, 5.850000000000038725 ) ) ;
#7551 = VERTEX_POINT ( 'NONE', #6120 ) ;
#7552 = CARTESIAN_POINT ( 'NONE',  ( 11.00000000000000888, 11.10000000000002451, 4.950000000000038369 ) ) ;
#7553 = SURFACE_STYLE_USAGE ( .BOTH. , #5618 ) ;
#7554 = VERTEX_POINT ( 'NONE', #7278 ) ;
#7555 = LINE ( 'NONE', #5706, #2728 ) ;
#7556 = PRESENTATION_STYLE_ASSIGNMENT (( #1299 ) ) ;
#7557 = PRESENTATION_LAYER_ASSIGNMENT (  '', '', ( #5625 ) ) ;
#7558 =( LENGTH_UNIT ( ) NAMED_UNIT ( * ) SI_UNIT ( .MILLI., .METRE. ) );
#7559 = ORIENTED_EDGE ( 'NONE', *, *, #4779, .F. ) ;
#7560 = CARTESIAN_POINT ( 'NONE',  ( -0.1999999993499857465, 8.599999999630806968, 5.260000002215058146 ) ) ;
#7561 = AXIS2_PLACEMENT_3D ( 'NONE', #881, #254, #918 ) ;
#7562 = LINE ( 'NONE', #3772, #60 ) ;
#7563 = CARTESIAN_POINT ( 'NONE',  ( 10.77585252445681618, 5.234484227007025758, 3.040462641781036979 ) ) ;
#7564 = ORIENTED_EDGE ( 'NONE', *, *, #6001, .T. ) ;
#7565 = DIRECTION ( 'NONE',  ( 1.644517855226007998E-15, -1.000000000000000000, -2.875605999964573094E-30 ) ) ;
#7566 = EDGE_CURVE ( 'NONE', #6979, #4807, #7956, .T. ) ;
#7567 =( NAMED_UNIT ( * ) PLANE_ANGLE_UNIT ( ) SI_UNIT ( $, .RADIAN. ) );
#7568 = ORIENTED_EDGE ( 'NONE', *, *, #4579, .T. ) ;
#7569 =( GEOMETRIC_REPRESENTATION_CONTEXT ( 3 ) GLOBAL_UNCERTAINTY_ASSIGNED_CONTEXT ( ( #7431 ) ) GLOBAL_UNIT_ASSIGNED_CONTEXT ( ( #5812, #2688, #1321 ) ) REPRESENTATION_CONTEXT ( 'NONE', 'WORKASPACE' ) );
#7570 = EDGE_CURVE ( 'NONE', #6376, #3207, #4127, .T. ) ;
#7571 = ORIENTED_EDGE ( 'NONE', *, *, #7025, .T. ) ;
#7572 = CARTESIAN_POINT ( 'NONE',  ( 9.699999999999992184, 12.25000000000002309, -3.449999999999960210 ) ) ;
#7573 = CARTESIAN_POINT ( 'NONE',  ( 2.399999999999999467, 7.100000000000012079, -5.549999999999946532 ) ) ;
#7574 = DIRECTION ( 'NONE',  ( 1.000000000000000000, 1.644517855226007801E-15, -1.748601263784621748E-15 ) ) ;
#7575 = EDGE_CURVE ( 'NONE', #5751, #7968, #1537, .T. ) ;
#7576 = ORIENTED_EDGE ( 'NONE', *, *, #4497, .T. ) ;
#7577 = ORIENTED_EDGE ( 'NONE', *, *, #2085, .F. ) ;
#7578 = ADVANCED_FACE ( 'NONE', ( #1720 ), #4912, .T. ) ;
#7579 =( LENGTH_UNIT ( ) NAMED_UNIT ( * ) SI_UNIT ( .MILLI., .METRE. ) );
#7580 = VECTOR ( 'NONE', #7265, 1000.000000000000000 ) ;
#7581 = AXIS2_PLACEMENT_3D ( 'NONE', #929, #7761, #892 ) ;
#7582 = DIRECTION ( 'NONE',  ( -1.748601263784621946E-15, 0.0000000000000000000, -1.000000000000000000 ) ) ;
#7583 = LINE ( 'NONE', #5283, #2287 ) ;
#7584 = CARTESIAN_POINT ( 'NONE',  ( 1.400000000000008793, 8.960000000000009734, 1.343862328995053756 ) ) ;
#7585 = CARTESIAN_POINT ( 'NONE',  ( 0.1000000000000184769, 8.200000000000008171, 7.824841765813057570 ) ) ;
#7586 = AXIS2_PLACEMENT_3D ( 'NONE', #755, #5652, #2577 ) ;
#7587 = LINE ( 'NONE', #5700, #5381 ) ;
#7588 = ORIENTED_EDGE ( 'NONE', *, *, #1468, .T. ) ;
#7589 = EDGE_CURVE ( 'NONE', #889, #3262, #7886, .T. ) ;
#7590 = CARTESIAN_POINT ( 'NONE',  ( 0.1000000000000080685, 5.400000000000009237, -1.149999999999942624 ) ) ;
#7591 =( GEOMETRIC_REPRESENTATION_CONTEXT ( 3 ) GLOBAL_UNCERTAINTY_ASSIGNED_CONTEXT ( ( #3799 ) ) GLOBAL_UNIT_ASSIGNED_CONTEXT ( ( #4643, #5282, #943 ) ) REPRESENTATION_CONTEXT ( 'NONE', 'WORKASPACE' ) );
#7592 = PRESENTATION_LAYER_ASSIGNMENT (  '', '', ( #6061 ) ) ;
#7593 = PRODUCT_DEFINITION_CONTEXT ( 'detailed design', #6981, 'design' ) ;
#7594 = CARTESIAN_POINT ( 'NONE',  ( -0.6000000000000067502, 10.75000000000000533, -5.949999999999940670 ) ) ;
#7595 = DIRECTION ( 'NONE',  ( 1.171318563151324123E-15, -0.9701425001453377606, -0.2425356250363094601 ) ) ;
#7596 = SURFACE_STYLE_FILL_AREA ( #2781 ) ;
#7597 = VECTOR ( 'NONE', #4308, 1000.000000000000000 ) ;
#7598 = VECTOR ( 'NONE', #776, 1000.000000000000000 ) ;
#7599 = CARTESIAN_POINT ( 'NONE',  ( 9.699999999999993960, 10.60000000000002274, -4.849999999999961453 ) ) ;
#7600 = LINE ( 'NONE', #6365, #2412 ) ;
#7601 = PLANE ( 'NONE',  #578 ) ;
#7602 = VERTEX_POINT ( 'NONE', #3683 ) ;
#7603 = UNCERTAINTY_MEASURE_WITH_UNIT (LENGTH_MEASURE( 1.000000000000000082E-05 ), #5023, 'distance_accuracy_value', 'NONE');
#7604 = AXIS2_PLACEMENT_3D ( 'NONE', #7304, #3448, #7157 ) ;
#7605 = DIRECTION ( 'NONE',  ( -0.9428090415820737924, -0.2357022603954949391, 0.2357022603954950224 ) ) ;
#7606 = ORIENTED_EDGE ( 'NONE', *, *, #5355, .T. ) ;
#7607 = EDGE_CURVE ( 'NONE', #3971, #2439, #3306, .T. ) ;
#7608 = DIRECTION ( 'NONE',  ( 0.9838699100999038771, 1.617991634378899823E-15, -0.1788854382000027443 ) ) ;
#7609 = DIRECTION ( 'NONE',  ( 1.000000000000000000, 1.644517855226007998E-15, -1.748601263784621946E-15 ) ) ;
#7610 = ORIENTED_EDGE ( 'NONE', *, *, #7960, .F. ) ;
#7611 = VECTOR ( 'NONE', #4111, 1000.000000000000114 ) ;
#7612 = ORIENTED_EDGE ( 'NONE', *, *, #2797, .T. ) ;
#7613 = LINE ( 'NONE', #282, #5139 ) ;
#7614 = VECTOR ( 'NONE', #531, 1000.000000000000114 ) ;
#7615 = DIRECTION ( 'NONE',  ( -1.644517855226007998E-15, 1.000000000000000000, 2.890435660536363919E-30 ) ) ;
#7616 = ADVANCED_FACE ( 'NONE', ( #4952 ), #7997, .T. ) ;
#7617 = PLANE ( 'NONE',  #3656 ) ;
#7618 = ORIENTED_EDGE ( 'NONE', *, *, #2482, .F. ) ;
#7619 = DIRECTION ( 'NONE',  ( 1.644517855226007801E-15, -1.000000000000000000, -2.890435660536363568E-30 ) ) ;
#7620 = EDGE_LOOP ( 'NONE', ( #4274, #393, #7766, #1897, #4728, #3582 ) ) ;
#7621 = EDGE_CURVE ( 'NONE', #889, #6720, #4987, .T. ) ;
#7622 = LINE ( 'NONE', #3272, #571 ) ;
#7623 = DIRECTION ( 'NONE',  ( -1.000000000000000000, -1.644517855226007998E-15, 1.748601263784621748E-15 ) ) ;
#7624 = ADVANCED_FACE ( 'NONE', ( #3248 ), #2590, .T. ) ;
#7625 = CARTESIAN_POINT ( 'NONE',  ( -1.000000000000002665, 10.75000000000000533, -2.349999999999942357 ) ) ;
#7626 = DIRECTION ( 'NONE',  ( 0.9333456062030536238, 0.3589790793088840637, -1.632049306554483439E-15 ) ) ;
#7627 = ORIENTED_EDGE ( 'NONE', *, *, #2633, .T. ) ;
#7628 = FILL_AREA_STYLE ('',( #2165 ) ) ;
#7629 = VECTOR ( 'NONE', #5111, 1000.000000000000000 ) ;
#7630 = ADVANCED_FACE ( 'NONE', ( #4552 ), #7523, .T. ) ;
#7631 = EDGE_CURVE ( 'NONE', #574, #7529, #350, .T. ) ;
#7632 = DIRECTION ( 'NONE',  ( 1.748601263784621946E-15, 0.0000000000000000000, 1.000000000000000000 ) ) ;
#7633 = DIRECTION ( 'NONE',  ( 1.644517855226008195E-15, -1.000000000000000000, -2.890435660536364269E-30 ) ) ;
#7634 = FILL_AREA_STYLE_COLOUR ( '', #7679 ) ;
#7635 = DIRECTION ( 'NONE',  ( 0.05547001409259343097, 9.122142860490530214E-17, 0.9984603535126307383 ) ) ;
#7636 = CARTESIAN_POINT ( 'NONE',  ( 1.500000000000009992, 8.109625349781611092, 1.340000000000053815 ) ) ;
#7637 = DIRECTION ( 'NONE',  ( -0.3162277660168096305, -5.200422075328728817E-16, -0.9486832980505232049 ) ) ;
#7638 = ORIENTED_EDGE ( 'NONE', *, *, #1165, .F. ) ;
#7639 = EDGE_CURVE ( 'NONE', #6425, #3654, #1498, .T. ) ;
#7640 = CARTESIAN_POINT ( 'NONE',  ( 11.00000000000000000, 11.75000000000002487, -0.04999999999996153355 ) ) ;
#7641 = ORIENTED_EDGE ( 'NONE', *, *, #6634, .F. ) ;
#7642 = CARTESIAN_POINT ( 'NONE',  ( 1.300000000000014699, 5.400000000000011013, 2.450000000000054357 ) ) ;
#7643 = CONICAL_SURFACE ( 'NONE', #5207, 1.374999999999999556, 0.03224688243525484360 ) ;
#7644 = FACE_OUTER_BOUND ( 'NONE', #1518, .T. ) ;
#7645 = ORIENTED_EDGE ( 'NONE', *, *, #2509, .F. ) ;
#7646 = ORIENTED_EDGE ( 'NONE', *, *, #5413, .F. ) ;
#7647 = DIRECTION ( 'NONE',  ( 0.9984603535126309604, 1.641985879086793353E-15, 0.05547001409258993376 ) ) ;
#7648 = PRESENTATION_STYLE_ASSIGNMENT (( #7775 ) ) ;
#7649 = SURFACE_STYLE_FILL_AREA ( #5203 ) ;
#7650 = DIRECTION ( 'NONE',  ( -1.858632295689437187E-15, 0.0000000000000000000, -1.000000000000000000 ) ) ;
#7651 = ORIENTED_EDGE ( 'NONE', *, *, #5615, .T. ) ;
#7652 = CARTESIAN_POINT ( 'NONE',  ( 1.400000000003998712, 7.649999999998870592, -4.150000000001946354 ) ) ;
#7653 = VECTOR ( 'NONE', #5777, 1000.000000000000000 ) ;
#7654 = ORIENTED_EDGE ( 'NONE', *, *, #5093, .T. ) ;
#7655 = LINE ( 'NONE', #6261, #4237 ) ;
#7656 = VECTOR ( 'NONE', #5927, 999.9999999999998863 ) ;
#7657 = LINE ( 'NONE', #1961, #3742 ) ;
#7658 =( NAMED_UNIT ( * ) PLANE_ANGLE_UNIT ( ) SI_UNIT ( $, .RADIAN. ) );
#7659 = CARTESIAN_POINT ( 'NONE',  ( 0.6500000000000116795, 6.200000000000009059, 1.392777777500055159 ) ) ;
#7660 = VERTEX_POINT ( 'NONE', #4586 ) ;
#7661 = EDGE_CURVE ( 'NONE', #5027, #2729, #7109, .T. ) ;
#7662 = CARTESIAN_POINT ( 'NONE',  ( 0.1000000000000150074, 5.400000000000009237, 2.850000000000056488 ) ) ;
#7663 = CARTESIAN_POINT ( 'NONE',  ( 2.400000000000016787, 7.650000000000011902, 5.850000000000052047 ) ) ;
#7664 = EDGE_CURVE ( 'NONE', #3815, #6751, #1377, .T. ) ;
#7665 = VERTEX_POINT ( 'NONE', #2252 ) ;
#7666 = LINE ( 'NONE', #3951, #92 ) ;
#7667 = CARTESIAN_POINT ( 'NONE',  ( 8.800000000000016698, 7.144714285714321989, 5.350000000000041389 ) ) ;
#7668 = CARTESIAN_POINT ( 'NONE',  ( 1.500000000000008216, 8.109625349781611092, 0.3600000000000547207 ) ) ;
#7669 = VERTEX_POINT ( 'NONE', #4002 ) ;
#7670 = CARTESIAN_POINT ( 'NONE',  ( 2.500000000000021316, 3.750000000000012434, 4.050000000000054001 ) ) ;
#7671 = LINE ( 'NONE', #6399, #7453 ) ;
#7672 = DIRECTION ( 'NONE',  ( 6.930567231222538441E-14, 1.168500215858619925E-28, -1.000000000000000000 ) ) ;
#7673 = EDGE_CURVE ( 'NONE', #3938, #4733, #7026, .T. ) ;
#7674 = ORIENTED_EDGE ( 'NONE', *, *, #6315, .T. ) ;
#7675 = UNCERTAINTY_MEASURE_WITH_UNIT (LENGTH_MEASURE( 1.000000000000000082E-05 ), #5741, 'distance_accuracy_value', 'NONE');
#7676 = LINE ( 'NONE', #5960, #5293 ) ;
#7677 = CARTESIAN_POINT ( 'NONE',  ( 9.700000000000013500, 5.400000000000024336, 2.971320343560040378 ) ) ;
#7678 = ORIENTED_EDGE ( 'NONE', *, *, #4890, .F. ) ;
#7679 = COLOUR_RGB ( '',1.000000000000000000, 1.000000000000000000, 1.000000000000000000 ) ;
#7680 = CARTESIAN_POINT ( 'NONE',  ( -0.3999999999999975797, 6.450000000000008171, -3.409999999999943299 ) ) ;
#7681 = CARTESIAN_POINT ( 'NONE',  ( 2.400000000000007905, 7.100000000000012079, -0.5499999999999463096 ) ) ;
#7682 = ORIENTED_EDGE ( 'NONE', *, *, #3482, .T. ) ;
#7683 = EDGE_CURVE ( 'NONE', #5313, #6099, #5952, .T. ) ;
#7684 = ORIENTED_EDGE ( 'NONE', *, *, #4497, .F. ) ;
#7685 = DIRECTION ( 'NONE',  ( -0.9701425001453374275, -0.2425356250363110699, 1.696392401805309466E-15 ) ) ;
#7686 = LINE ( 'NONE', #1650, #3989 ) ;
#7687 = CARTESIAN_POINT ( 'NONE',  ( 1.500000000000001332, 8.109625349781611092, -3.684999999999946318 ) ) ;
#7688 = CARTESIAN_POINT ( 'NONE',  ( -0.1999999927999856486, 4.200000000000007283, 1.439999994600056787 ) ) ;
#7689 = PRESENTATION_LAYER_ASSIGNMENT (  '', '', ( #6028 ) ) ;
#7690 = ORIENTED_EDGE ( 'NONE', *, *, #4834, .F. ) ;
#7691 = PLANE ( 'NONE',  #3571 ) ;
#7692 = ORIENTED_EDGE ( 'NONE', *, *, #1636, .T. ) ;
#7693 = ORIENTED_EDGE ( 'NONE', *, *, #3253, .T. ) ;
#7694 = DIRECTION ( 'NONE',  ( -1.000000000000000000, 1.134242272754066274E-14, 2.001604010742470058E-15 ) ) ;
#7695 = LINE ( 'NONE', #7220, #6201 ) ;
#7696 = CARTESIAN_POINT ( 'NONE',  ( 0.7400000000000218625, 4.200000000000009059, 5.350000000000055600 ) ) ;
#7697 = CARTESIAN_POINT ( 'NONE',  ( 1.398548747334008358, 8.959230384045008933, 1.350000000000053380 ) ) ;
#7698 = ORIENTED_EDGE ( 'NONE', *, *, #1874, .T. ) ;
#7699 = COLOUR_RGB ( '',1.000000000000000000, 1.000000000000000000, 1.000000000000000000 ) ;
#7700 = VECTOR ( 'NONE', #7948, 1000.000000000000114 ) ;
#7701 = PLANE ( 'NONE',  #6683 ) ;
#7702 = CARTESIAN_POINT ( 'NONE',  ( 9.300000000000016698, 7.644714285714304225, 6.225000000000039613 ) ) ;
#7703 = DIRECTION ( 'NONE',  ( 1.171318563151324123E-15, -0.9701425001453377606, -0.2425356250363094601 ) ) ;
#7704 = EDGE_LOOP ( 'NONE', ( #6696, #7993, #6836, #5994, #6403, #1266, #4681, #1894 ) ) ;
#7705 = EDGE_CURVE ( 'NONE', #5052, #2174, #2828, .T. ) ;
#7706 = FILL_AREA_STYLE_COLOUR ( '', #4563 ) ;
#7707 = LINE ( 'NONE', #6594, #989 ) ;
#7708 = CARTESIAN_POINT ( 'NONE',  ( 0.7000000000000218270, 6.250000000000008882, 7.650000000000055422 ) ) ;
#7709 = EDGE_CURVE ( 'NONE', #2392, #941, #887, .T. ) ;
#7710 = ORIENTED_EDGE ( 'NONE', *, *, #7296, .T. ) ;
#7711 = LINE ( 'NONE', #6019, #5012 ) ;
#7712 = DIRECTION ( 'NONE',  ( -0.7999999999999989342, -1.315614284180806122E-15, 0.6000000000000013101 ) ) ;
#7713 = AXIS2_PLACEMENT_3D ( 'NONE', #40, #3781, #1951 ) ;
#7714 = VECTOR ( 'NONE', #2100, 1000.000000000000000 ) ;
#7715 = CARTESIAN_POINT ( 'NONE',  ( 1.800000000000016920, 8.144714285714311330, 5.385000000000053966 ) ) ;
#7716 = ORIENTED_EDGE ( 'NONE', *, *, #3380, .T. ) ;
#7717 = EDGE_CURVE ( 'NONE', #6610, #5846, #4043, .T. ) ;
#7718 = DIRECTION ( 'NONE',  ( -1.000000000000000000, -1.644517855226007998E-15, 1.748601263784621946E-15 ) ) ;
#7719 = LINE ( 'NONE', #6964, #205 ) ;
#7720 = ORIENTED_EDGE ( 'NONE', *, *, #6541, .T. ) ;
#7721 = AXIS2_PLACEMENT_3D ( 'NONE', #2387, #6161, #1689 ) ;
#7722 = VECTOR ( 'NONE', #2257, 1000.000000000000000 ) ;
#7723 = PLANE ( 'NONE',  #3356 ) ;
#7724 = EDGE_CURVE ( 'NONE', #5572, #2143, #5258, .T. ) ;
#7725 = CARTESIAN_POINT ( 'NONE',  ( 10.33503886471860689, 5.302301713120025184, -1.987493498578962736 ) ) ;
#7726 = ORIENTED_EDGE ( 'NONE', *, *, #7570, .F. ) ;
#7727 = CARTESIAN_POINT ( 'NONE',  ( 0.9356642613500172345, 8.199999999991309352, 7.386924819241055040 ) ) ;
#7728 = VECTOR ( 'NONE', #5015, 1000.000000000000000 ) ;
#7729 = VECTOR ( 'NONE', #570, 1000.000000000000000 ) ;
#7730 = ORIENTED_EDGE ( 'NONE', *, *, #266, .T. ) ;
#7731 = PRESENTATION_STYLE_ASSIGNMENT (( #2193 ) ) ;
#7732 = EDGE_CURVE ( 'NONE', #7660, #2557, #1452, .T. ) ;
#7733 = CARTESIAN_POINT ( 'NONE',  ( 1.500000000000001332, 8.109625349781611092, -3.659999999999946407 ) ) ;
#7734 = LINE ( 'NONE', #4736, #6811 ) ;
#7735 =( NAMED_UNIT ( * ) PLANE_ANGLE_UNIT ( ) SI_UNIT ( $, .RADIAN. ) );
#7736 = EDGE_CURVE ( 'NONE', #5204, #2111, #7707, .T. ) ;
#7737 = CARTESIAN_POINT ( 'NONE',  ( 1.250000000000011546, -0.2499999999999889533, -4.399999999999945288 ) ) ;
#7738 = EDGE_CURVE ( 'NONE', #6086, #4513, #7188, .T. ) ;
#7739 = SURFACE_STYLE_USAGE ( .BOTH. , #372 ) ;
#7740 = AXIS2_PLACEMENT_3D ( 'NONE', #7336, #1789, #3049 ) ;
#7741 = COLOUR_RGB ( '',1.000000000000000000, 1.000000000000000000, 1.000000000000000000 ) ;
#7742 = ORIENTED_EDGE ( 'NONE', *, *, #6533, .T. ) ;
#7743 = CARTESIAN_POINT ( 'NONE',  ( 11.00000000000000355, 11.10000000000002451, 1.750000000000037081 ) ) ;
#7744 = ORIENTED_EDGE ( 'NONE', *, *, #4282, .F. ) ;
#7745 = EDGE_LOOP ( 'NONE', ( #7451, #3045, #3066, #1682, #179 ) ) ;
#7746 = VECTOR ( 'NONE', #4561, 1000.000000000000000 ) ;
#7747 = DIRECTION ( 'NONE',  ( -1.748601263784621748E-15, 0.0000000000000000000, -1.000000000000000000 ) ) ;
#7748 = DIRECTION ( 'NONE',  ( 1.748601263784621946E-15, 0.0000000000000000000, 1.000000000000000000 ) ) ;
#7749 = ADVANCED_FACE ( 'NONE', ( #3436 ), #5902, .T. ) ;
#7750 = CARTESIAN_POINT ( 'NONE',  ( 1.327602303228009317, 8.199999999929909578, 2.176803028823052877 ) ) ;
#7751 = DIRECTION ( 'NONE',  ( -1.000000000000000000, -1.644517855226007801E-15, 1.748601263784621748E-15 ) ) ;
#7752 = ORIENTED_EDGE ( 'NONE', *, *, #2994, .T. ) ;
#7753 = CARTESIAN_POINT ( 'NONE',  ( -0.9999999999999904521, 10.75000000000000533, 4.050000000000059330 ) ) ;
#7754 = FACE_OUTER_BOUND ( 'NONE', #1806, .T. ) ;
#7755 = FILL_AREA_STYLE_COLOUR ( '', #7842 ) ;
#7756 = ORIENTED_EDGE ( 'NONE', *, *, #2827, .F. ) ;
#7757 = LINE ( 'NONE', #5461, #754 ) ;
#7758 = DIRECTION ( 'NONE',  ( -1.748601263784621946E-15, 0.0000000000000000000, -1.000000000000000000 ) ) ;
#7759 = CARTESIAN_POINT ( 'NONE',  ( 1.125000000000006217, 8.200000000000009948, 0.8500000000000547118 ) ) ;
#7760 = ORIENTED_EDGE ( 'NONE', *, *, #2401, .T. ) ;
#7761 = DIRECTION ( 'NONE',  ( -1.000000000000000000, -1.644517855226007801E-15, 1.748601263784621748E-15 ) ) ;
#7762 = DIRECTION ( 'NONE',  ( 1.644517855226007998E-15, -1.000000000000000000, -2.890435660536363919E-30 ) ) ;
#7763 = ORIENTED_EDGE ( 'NONE', *, *, #1696, .F. ) ;
#7764 = CARTESIAN_POINT ( 'NONE',  ( 3.950000000000015277, 8.144714285714314883, 5.350000000000050271 ) ) ;
#7765 = LINE ( 'NONE', #5470, #1000 ) ;
#7766 = ORIENTED_EDGE ( 'NONE', *, *, #5322, .F. ) ;
#7767 = SURFACE_STYLE_FILL_AREA ( #2879 ) ;
#7768 = LINE ( 'NONE', #5964, #690 ) ;
#7769 = ORIENTED_EDGE ( 'NONE', *, *, #6982, .T. ) ;
#7770 = EDGE_CURVE ( 'NONE', #413, #3277, #3954, .T. ) ;
#7771 = CARTESIAN_POINT ( 'NONE',  ( 8.800000000000014921, 8.144714285714321989, 5.350000000000041389 ) ) ;
#7772 = VERTEX_POINT ( 'NONE', #4703 ) ;
#7773 = ADVANCED_FACE ( 'NONE', ( #4619 ), #261, .T. ) ;
#7774 = DIRECTION ( 'NONE',  ( -0.7427813513546137614, 0.3713906757630058286, 0.5570860167300123456 ) ) ;
#7775 = SURFACE_STYLE_USAGE ( .BOTH. , #3458 ) ;
#7776 = CARTESIAN_POINT ( 'NONE',  ( 9.300000000000007816, 7.644714285714304225, 1.225000000000039391 ) ) ;
#7777 = CARTESIAN_POINT ( 'NONE',  ( 1.300000000000014699, 5.400000000000011013, 2.450000000000054357 ) ) ;
#7778 = EDGE_LOOP ( 'NONE', ( #4592, #458, #3455, #1190, #302, #4319, #6091, #3468, #6672, #698, #3, #7047, #6656, #6989, #388, #4638, #7122 ) ) ;
#7779 = LINE ( 'NONE', #2199, #4871 ) ;
#7780 = ORIENTED_EDGE ( 'NONE', *, *, #5871, .F. ) ;
#7781 = DIRECTION ( 'NONE',  ( 1.644517855226007998E-15, -1.000000000000000000, -2.890435660536363919E-30 ) ) ;
#7782 = EDGE_CURVE ( 'NONE', #7171, #830, #6144, .T. ) ;
#7783 = ORIENTED_EDGE ( 'NONE', *, *, #2653, .T. ) ;
#7784 = PLANE ( 'NONE',  #182 ) ;
#7785 = CARTESIAN_POINT ( 'NONE',  ( 1.500000000000022204, 4.200000000000010836, 5.350000000000055600 ) ) ;
#7786 = CARTESIAN_POINT ( 'NONE',  ( -0.9999999999999783507, 3.750000000000006217, 4.050000000000059330 ) ) ;
#7787 = CARTESIAN_POINT ( 'NONE',  ( 11.00000000000000178, 11.75000000000002487, 1.750000000000037081 ) ) ;
#7788 = ORIENTED_EDGE ( 'NONE', *, *, #4984, .T. ) ;
#7789 = DIRECTION ( 'NONE',  ( 1.000000000000000000, 1.644517855226007998E-15, -1.748601263784621946E-15 ) ) ;
#7790 = VECTOR ( 'NONE', #7867, 1000.000000000000000 ) ;
#7791 = ADVANCED_FACE ( 'NONE', ( #386 ), #5538, .T. ) ;
#7792 = DIRECTION ( 'NONE',  ( -1.000000000000000000, -1.644517855226007998E-15, 1.748601263784621946E-15 ) ) ;
#7793 = CARTESIAN_POINT ( 'NONE',  ( 2.400000000000007905, 7.100000000000012079, -0.5499999999999480860 ) ) ;
#7794 = DIRECTION ( 'NONE',  ( 1.000000000000000000, 1.644517855226007801E-15, -1.748601263784621748E-15 ) ) ;
#7795 = EDGE_LOOP ( 'NONE', ( #4452, #2041, #2404, #2722, #1459, #4817, #2420, #2084, #3450, #4927, #6380, #1557, #5352, #4225, #5107, #7499 ) ) ;
#7796 = CARTESIAN_POINT ( 'NONE',  ( 11.00000000000001066, 11.75000000000002487, 6.750000000000037303 ) ) ;
#7797 = DIRECTION ( 'NONE',  ( -1.748601263784621748E-15, 0.0000000000000000000, -1.000000000000000000 ) ) ;
#7798 = ORIENTED_EDGE ( 'NONE', *, *, #3648, .F. ) ;
#7799 = DIRECTION ( 'NONE',  ( 1.748601263784621946E-15, 0.0000000000000000000, 1.000000000000000000 ) ) ;
#7800 = EDGE_LOOP ( 'NONE', ( #4597, #7516, #5914, #263 ) ) ;
#7801 = CARTESIAN_POINT ( 'NONE',  ( 9.699999999999999289, 5.400000000000024336, -6.649999999999960387 ) ) ;
#7802 = DIRECTION ( 'NONE',  ( 1.644517855226007998E-15, -1.000000000000000000, -2.890435660536363919E-30 ) ) ;
#7803 = FACE_OUTER_BOUND ( 'NONE', #6470, .T. ) ;
#7804 = ORIENTED_EDGE ( 'NONE', *, *, #7369, .T. ) ;
#7805 = SURFACE_STYLE_USAGE ( .BOTH. , #5357 ) ;
#7806 = FACE_OUTER_BOUND ( 'NONE', #3744, .T. ) ;
#7807 = DIRECTION ( 'NONE',  ( -1.000000000000000000, -1.644517855226007998E-15, 1.748601263784621946E-15 ) ) ;
#7808 = EDGE_CURVE ( 'NONE', #6262, #1348, #4857, .T. ) ;
#7809 = LINE ( 'NONE', #5972, #7488 ) ;
#7810 = DIRECTION ( 'NONE',  ( 1.801095893066396184E-14, 1.000000000000000000, -1.965547678589003492E-14 ) ) ;
#7811 = EDGE_LOOP ( 'NONE', ( #5304, #1666, #2758, #5718 ) ) ;
#7812 = DIRECTION ( 'NONE',  ( -1.644517855226007998E-15, 1.000000000000000000, 2.875605999964573094E-30 ) ) ;
#7813 = EDGE_CURVE ( 'NONE', #3373, #121, #6025, .T. ) ;
#7814 = ORIENTED_EDGE ( 'NONE', *, *, #5051, .F. ) ;
#7815 = VECTOR ( 'NONE', #5444, 1000.000000000000114 ) ;
#7816 = FACE_OUTER_BOUND ( 'NONE', #5820, .T. ) ;
#7817 = ORIENTED_EDGE ( 'NONE', *, *, #270, .F. ) ;
#7818 = ORIENTED_EDGE ( 'NONE', *, *, #7131, .T. ) ;
#7819 = DIRECTION ( 'NONE',  ( 1.748601263784621946E-15, 0.0000000000000000000, 1.000000000000000000 ) ) ;
#7820 = VECTOR ( 'NONE', #4657, 1000.000000000000000 ) ;
#7821 = CARTESIAN_POINT ( 'NONE',  ( -0.1999999993500013729, 8.599999999630806968, -3.560000002214943393 ) ) ;
#7822 = CARTESIAN_POINT ( 'NONE',  ( 1.177367964970995828, 8.200000000001308464, -5.557930201026945127 ) ) ;
#7823 = CARTESIAN_POINT ( 'NONE',  ( 11.00000000000000888, 5.200000000000025935, -1.354540768504962411 ) ) ;
#7824 = ADVANCED_FACE ( 'NONE', ( #3674 ), #510, .F. ) ;
#7825 = ORIENTED_EDGE ( 'NONE', *, *, #1128, .T. ) ;
#7826 = DIRECTION ( 'NONE',  ( 1.748601263784621946E-15, 0.0000000000000000000, 1.000000000000000000 ) ) ;
#7827 = CIRCLE ( 'NONE', #4214, 1.300000000000000266 ) ;
#7828 = CARTESIAN_POINT ( 'NONE',  ( 1.300000000000012923, 7.100000000000010303, 2.450000000000054357 ) ) ;
#7829 = CARTESIAN_POINT ( 'NONE',  ( 9.700000000000008171, 12.25000000000002309, 6.550000000000039790 ) ) ;
#7830 = AXIS2_PLACEMENT_3D ( 'NONE', #3895, #35, #1946 ) ;
#7831 = CARTESIAN_POINT ( 'NONE',  ( 2.400000000000004352, 8.200000000000011724, -0.4374393189579464103 ) ) ;
#7832 = PLANE ( 'NONE',  #2655 ) ;
#7833 = ADVANCED_FACE ( 'NONE', ( #3602 ), #7877, .T. ) ;
#7834 = ORIENTED_EDGE ( 'NONE', *, *, #4216, .T. ) ;
#7835 = FACE_OUTER_BOUND ( 'NONE', #2687, .T. ) ;
#7836 = FACE_OUTER_BOUND ( 'NONE', #5978, .T. ) ;
#7837 = MECHANICAL_DESIGN_GEOMETRIC_PRESENTATION_REPRESENTATION (  '', ( #6555 ), #4107 ) ;
#7838 = ORIENTED_EDGE ( 'NONE', *, *, #6088, .T. ) ;
#7839 = LINE ( 'NONE', #4137, #602 ) ;
#7840 = ORIENTED_EDGE ( 'NONE', *, *, #1175, .F. ) ;
#7841 = LINE ( 'NONE', #7362, #1117 ) ;
#7842 = COLOUR_RGB ( '',1.000000000000000000, 1.000000000000000000, 1.000000000000000000 ) ;
#7843 = STYLED_ITEM ( 'NONE', ( #2494 ), #1078 ) ;
#7844 = CARTESIAN_POINT ( 'NONE',  ( 1.300000000000004263, 7.100000000000010303, -2.549999999999945643 ) ) ;
#7845 =( LENGTH_UNIT ( ) NAMED_UNIT ( * ) SI_UNIT ( .MILLI., .METRE. ) );
#7846 = ORIENTED_EDGE ( 'NONE', *, *, #1727, .T. ) ;
#7847 = CARTESIAN_POINT ( 'NONE',  ( 3.175000000000010481, 7.650000000000012790, 2.225000000000050715 ) ) ;
#7848 = VECTOR ( 'NONE', #5640, 1000.000000000000114 ) ;
#7849 = VECTOR ( 'NONE', #6553, 1000.000000000000000 ) ;
#7850 = CARTESIAN_POINT ( 'NONE',  ( -0.5999999999999789946, 4.200000000000007283, 4.050000000000059330 ) ) ;
#7851 = DIRECTION ( 'NONE',  ( -1.748601263784621946E-15, 0.0000000000000000000, -1.000000000000000000 ) ) ;
#7852 = LINE ( 'NONE', #7687, #6892 ) ;
#7853 = ORIENTED_EDGE ( 'NONE', *, *, #3360, .T. ) ;
#7854 = LINE ( 'NONE', #2808, #2922 ) ;
#7855 = VECTOR ( 'NONE', #2793, 1000.000000000000000 ) ;
#7856 = ORIENTED_EDGE ( 'NONE', *, *, #6593, .F. ) ;
#7857 = AXIS2_PLACEMENT_3D ( 'NONE', #5912, #4593, #4855 ) ;
#7858 = PRESENTATION_LAYER_ASSIGNMENT (  '', '', ( #3350 ) ) ;
#7859 = CARTESIAN_POINT ( 'NONE',  ( 1.400000000000014122, 9.600000000000010303, 5.350000000000055600 ) ) ;
#7860 = ORIENTED_EDGE ( 'NONE', *, *, #7724, .F. ) ;
#7861 = ORIENTED_EDGE ( 'NONE', *, *, #5959, .F. ) ;
#7862 = DIRECTION ( 'NONE',  ( 1.892425610156517368E-15, 0.0000000000000000000, 1.000000000000000000 ) ) ;
#7863 = COLOUR_RGB ( '',1.000000000000000000, 1.000000000000000000, 1.000000000000000000 ) ;
#7864 = VECTOR ( 'NONE', #2204, 1000.000000000000000 ) ;
#7865 = AXIS2_PLACEMENT_3D ( 'NONE', #4959, #6245, #5561 ) ;
#7866 = DIRECTION ( 'NONE',  ( 1.644517855226007998E-15, -1.000000000000000000, 0.0000000000000000000 ) ) ;
#7867 = DIRECTION ( 'NONE',  ( -1.644517855226008195E-15, 1.000000000000000000, 2.890435660536364269E-30 ) ) ;
#7868 = PLANE ( 'NONE',  #2127 ) ;
#7869 = ORIENTED_EDGE ( 'NONE', *, *, #5037, .T. ) ;
#7870 = DIRECTION ( 'NONE',  ( 1.644517855226007801E-15, -1.000000000000000000, -2.890435660536363568E-30 ) ) ;
#7871 = CARTESIAN_POINT ( 'NONE',  ( 0.7399999999999993250, 7.597309794603359201, -4.649999999999945288 ) ) ;
#7872 = AXIS2_PLACEMENT_3D ( 'NONE', #628, #4279, #2452 ) ;
#7873 = EDGE_CURVE ( 'NONE', #7396, #3750, #3058, .T. ) ;
#7874 = ADVANCED_FACE ( 'NONE', ( #4822 ), #3525, .F. ) ;
#7875 = CARTESIAN_POINT ( 'NONE',  ( 2.399999999999999467, 5.400000000000012790, -6.271320343559946053 ) ) ;
#7876 = FACE_OUTER_BOUND ( 'NONE', #2235, .T. ) ;
#7877 = PLANE ( 'NONE',  #2182 ) ;
#7878 = DIRECTION ( 'NONE',  ( -1.000000000000000000, -1.644517855226007998E-15, 1.748601263784621946E-15 ) ) ;
#7879 = ORIENTED_EDGE ( 'NONE', *, *, #6686, .F. ) ;
#7880 = PLANE ( 'NONE',  #4230 ) ;
#7881 = PLANE ( 'NONE',  #4904 ) ;
#7882 = ORIENTED_EDGE ( 'NONE', *, *, #1260, .T. ) ;
#7883 = EDGE_CURVE ( 'NONE', #3565, #2522, #1752, .T. ) ;
#7884 = DIRECTION ( 'NONE',  ( 1.644517855226007998E-15, -1.000000000000000000, -2.890435660536363919E-30 ) ) ;
#7885 = EDGE_LOOP ( 'NONE', ( #1, #6371, #6096, #4050 ) ) ;
#7886 = LINE ( 'NONE', #1807, #2173 ) ;
#7887 = CARTESIAN_POINT ( 'NONE',  ( 0.7000000000000061728, 4.200000000000009059, -3.609999999999944809 ) ) ;
#7888 =( NAMED_UNIT ( * ) PLANE_ANGLE_UNIT ( ) SI_UNIT ( $, .RADIAN. ) );
#7889 = VECTOR ( 'NONE', #5344, 1000.000000000000000 ) ;
#7890 = VERTEX_POINT ( 'NONE', #5498 ) ;
#7891 = EDGE_CURVE ( 'NONE', #7212, #7240, #1134, .T. ) ;
#7892 = FILL_AREA_STYLE ('',( #3573 ) ) ;
#7893 = DIRECTION ( 'NONE',  ( -1.000000000000000000, -1.644517855226007801E-15, 1.748601263784621748E-15 ) ) ;
#7894 = CARTESIAN_POINT ( 'NONE',  ( 9.700000000000006395, 5.400000000000024336, -1.271320343559959376 ) ) ;
#7895 = CARTESIAN_POINT ( 'NONE',  ( 11.00000000000000711, 7.650000000000026112, 0.3500000000000377809 ) ) ;
#7896 = CARTESIAN_POINT ( 'NONE',  ( 7.999999999999986677, 12.25000000000001954, -6.649999999999956835 ) ) ;
#7897 = EDGE_LOOP ( 'NONE', ( #2108, #1178, #7720, #4294 ) ) ;
#7898 = ORIENTED_EDGE ( 'NONE', *, *, #3489, .F. ) ;
#7899 = PLANE ( 'NONE',  #558 ) ;
#7900 = ORIENTED_EDGE ( 'NONE', *, *, #1285, .T. ) ;
#7901 = CARTESIAN_POINT ( 'NONE',  ( -0.5999999999999773292, 4.200000000000007283, 4.960000000000058584 ) ) ;
#7902 = CARTESIAN_POINT ( 'NONE',  ( 8.799999999999998934, 7.144714285714321989, -4.649999999999958611 ) ) ;
#7903 = CARTESIAN_POINT ( 'NONE',  ( 3.175000000000013589, 7.650000000000012790, 4.475000000000052047 ) ) ;
#7904 = DIRECTION ( 'NONE',  ( 1.644517855226008195E-15, -1.000000000000000000, -2.890435660536364269E-30 ) ) ;
#7905 = VECTOR ( 'NONE', #3667, 1000.000000000000000 ) ;
#7906 = VERTEX_POINT ( 'NONE', #2413 ) ;
#7907 = CARTESIAN_POINT ( 'NONE',  ( 0.5000000000000022204, 6.844714285714308843, -3.649999999999944844 ) ) ;
#7908 = CARTESIAN_POINT ( 'NONE',  ( 9.800000000000007816, 7.394714285714323765, 1.100000000000038503 ) ) ;
#7909 = CIRCLE ( 'NONE', #1044, 1.399999999999999689 ) ;
#7910 = LINE ( 'NONE', #6661, #2337 ) ;
#7911 = EDGE_CURVE ( 'NONE', #228, #3167, #2462, .T. ) ;
#7912 = CARTESIAN_POINT ( 'NONE',  ( -0.9999999999999765743, 12.25000000000000355, 8.350000000000054712 ) ) ;
#7913 = CARTESIAN_POINT ( 'NONE',  ( 8.800000000000007816, 8.144714285714321989, 1.350000000000040501 ) ) ;
#7914 = ORIENTED_EDGE ( 'NONE', *, *, #3633, .T. ) ;
#7915 = VECTOR ( 'NONE', #3352, 1000.000000000000000 ) ;
#7916 = EDGE_CURVE ( 'NONE', #5078, #4961, #1834, .T. ) ;
#7917 = LINE ( 'NONE', #2340, #6432 ) ;
#7918 = SURFACE_STYLE_FILL_AREA ( #5467 ) ;
#7919 = ORIENTED_EDGE ( 'NONE', *, *, #7782, .T. ) ;
#7920 = UNCERTAINTY_MEASURE_WITH_UNIT (LENGTH_MEASURE( 1.000000000000000082E-05 ), #1387, 'distance_accuracy_value', 'NONE');
#7921 = AXIS2_PLACEMENT_3D ( 'NONE', #2921, #5880, #3382 ) ;
#7922 = CARTESIAN_POINT ( 'NONE',  ( 1.850000000000004530, 6.250000000000010658, -2.649999999999947509 ) ) ;
#7923 = VERTEX_POINT ( 'NONE', #1672 ) ;
#7924 = CARTESIAN_POINT ( 'NONE',  ( -0.5999999999999842126, 10.75000000000000533, 7.650000000000057199 ) ) ;
#7925 = DIRECTION ( 'NONE',  ( -1.000000000000000000, -1.644517855226007998E-15, 1.748601263784621946E-15 ) ) ;
#7926 = EDGE_CURVE ( 'NONE', #5052, #7973, #1015, .T. ) ;
#7927 = ORIENTED_EDGE ( 'NONE', *, *, #7916, .T. ) ;
#7928 = LINE ( 'NONE', #5396, #5146 ) ;
#7929 = DIRECTION ( 'NONE',  ( -2.168404344971009262E-15, 0.9357142857142992654, -0.3527588064246995336 ) ) ;
#7930 = CARTESIAN_POINT ( 'NONE',  ( 9.908938232858007567, 5.367855656478024429, -1.284958033527960897 ) ) ;
#7931 = EDGE_LOOP ( 'NONE', ( #7698, #4962, #7690, #753 ) ) ;
#7932 = FILL_AREA_STYLE ('',( #7407 ) ) ;
#7933 = PLANE ( 'NONE',  #3813 ) ;
#7934 = ORIENTED_EDGE ( 'NONE', *, *, #7607, .T. ) ;
#7935 = DIRECTION ( 'NONE',  ( 0.7071067811864987229, 1.162849727212585039E-15, 0.7071067811865963115 ) ) ;
#7936 = EDGE_CURVE ( 'NONE', #4723, #840, #5555, .T. ) ;
#7937 = ORIENTED_EDGE ( 'NONE', *, *, #2653, .F. ) ;
#7938 = EDGE_LOOP ( 'NONE', ( #2296, #3999, #6768, #1129, #1965 ) ) ;
#7939 = DIRECTION ( 'NONE',  ( 1.748601263784621946E-15, 0.0000000000000000000, 1.000000000000000000 ) ) ;
#7940 = DIRECTION ( 'NONE',  ( -1.644517855226008195E-15, 1.000000000000000000, 2.890435660536364269E-30 ) ) ;
#7941 = CARTESIAN_POINT ( 'NONE',  ( 0.1000000000000150074, 5.400000000000009237, 2.850000000000056488 ) ) ;
#7942 = ORIENTED_EDGE ( 'NONE', *, *, #5650, .F. ) ;
#7943 = AXIS2_PLACEMENT_3D ( 'NONE', #2582, #3832, #3187 ) ;
#7944 =( NAMED_UNIT ( * ) SI_UNIT ( $, .STERADIAN. ) SOLID_ANGLE_UNIT ( ) );
#7945 = DIRECTION ( 'NONE',  ( -1.748601263784621946E-15, 0.0000000000000000000, -1.000000000000000000 ) ) ;
#7946 = CARTESIAN_POINT ( 'NONE',  ( 0.7500000066400173138, 7.649999999998869704, 5.849999999998055422 ) ) ;
#7947 = VERTEX_POINT ( 'NONE', #4976 ) ;
#7948 = DIRECTION ( 'NONE',  ( 0.9838699100999038771, 1.617991634378899823E-15, -0.1788854382000027443 ) ) ;
#7949 =( NAMED_UNIT ( * ) SI_UNIT ( $, .STERADIAN. ) SOLID_ANGLE_UNIT ( ) );
#7950 = EDGE_CURVE ( 'NONE', #7772, #2583, #3756, .T. ) ;
#7951 = VERTEX_POINT ( 'NONE', #597 ) ;
#7952 = CIRCLE ( 'NONE', #1342, 0.9999999999999997780 ) ;
#7953 = VECTOR ( 'NONE', #6010, 1000.000000000000000 ) ;
#7954 = DIRECTION ( 'NONE',  ( 1.644517855226007998E-15, -1.000000000000000000, -2.890435660536363919E-30 ) ) ;
#7955 = ORIENTED_EDGE ( 'NONE', *, *, #1902, .T. ) ;
#7956 = LINE ( 'NONE', #6637, #3740 ) ;
#7957 = CARTESIAN_POINT ( 'NONE',  ( 1.800000000000008260, 4.200000000000010836, -2.349999999999946798 ) ) ;
#7958 = AXIS2_PLACEMENT_3D ( 'NONE', #5419, #7870, #229 ) ;
#7959 = VECTOR ( 'NONE', #884, 1000.000000000000227 ) ;
#7960 = EDGE_CURVE ( 'NONE', #5768, #3434, #6867, .T. ) ;
#7961 = ORIENTED_EDGE ( 'NONE', *, *, #3283, .T. ) ;
#7962 = PLANE ( 'NONE',  #190 ) ;
#7963 = ADVANCED_FACE ( 'NONE', ( #3236 ), #5237, .F. ) ;
#7964 = CARTESIAN_POINT ( 'NONE',  ( 1.500000000000029088, 0.7500000000000111022, 5.350000000000055600 ) ) ;
#7965 = COLOUR_RGB ( '',1.000000000000000000, 1.000000000000000000, 1.000000000000000000 ) ;
#7966 = PRESENTATION_STYLE_ASSIGNMENT (( #491 ) ) ;
#7967 = CARTESIAN_POINT ( 'NONE',  ( 8.799999999999997158, 8.144714285714321989, -4.649999999999958611 ) ) ;
#7968 = VERTEX_POINT ( 'NONE', #3384 ) ;
#7969 = DIRECTION ( 'NONE',  ( -1.644517855226008195E-15, 1.000000000000000000, 2.890435660536364269E-30 ) ) ;
#7970 = EDGE_LOOP ( 'NONE', ( #3515, #710, #289, #2075 ) ) ;
#7971 = VECTOR ( 'NONE', #5763, 1000.000000000000000 ) ;
#7972 = ADVANCED_FACE ( 'NONE', ( #7514 ), #5844, .T. ) ;
#7973 = VERTEX_POINT ( 'NONE', #3107 ) ;
#7974 = ORIENTED_EDGE ( 'NONE', *, *, #1976, .F. ) ;
#7975 = VERTEX_POINT ( 'NONE', #2535 ) ;
#7976 = EDGE_CURVE ( 'NONE', #7551, #3060, #6780, .T. ) ;
#7977 = DIRECTION ( 'NONE',  ( 0.9486832980505243151, 1.560126622598782728E-15, 0.3162277660168062443 ) ) ;
#7978 = LINE ( 'NONE', #6175, #5101 ) ;
#7979 = VECTOR ( 'NONE', #2434, 1000.000000000000000 ) ;
#7980 = CIRCLE ( 'NONE', #724, 1.399999999999999023 ) ;
#7981 = ORIENTED_EDGE ( 'NONE', *, *, #20, .F. ) ;
#7982 = STYLED_ITEM ( 'NONE', ( #6435 ), #7773 ) ;
#7983 = VECTOR ( 'NONE', #1411, 1000.000000000000000 ) ;
#7984 = DIRECTION ( 'NONE',  ( 1.000000000000000000, 1.644517855226007801E-15, -1.748601263784621748E-15 ) ) ;
#7985 = ADVANCED_FACE ( 'NONE', ( #1963 ), #6824, .T. ) ;
#7986 = CARTESIAN_POINT ( 'NONE',  ( 1.499999999999999556, 8.200000000000009948, -3.659999999999946407 ) ) ;
#7987 = DIRECTION ( 'NONE',  ( -0.9883716976506232710, 0.1520571842539018281, 1.728267999600831987E-15 ) ) ;
#7988 = DIRECTION ( 'NONE',  ( -3.230361199318120148E-07, -1.709844728725060429E-07, -0.9999999999999331646 ) ) ;
#7989 = MECHANICAL_DESIGN_GEOMETRIC_PRESENTATION_REPRESENTATION (  '', ( #7982 ), #4533 ) ;
#7990 = VERTEX_POINT ( 'NONE', #3792 ) ;
#7991 = AXIS2_PLACEMENT_3D ( 'NONE', #6500, #915, #3427 ) ;
#7992 = VECTOR ( 'NONE', #7799, 1000.000000000000000 ) ;
#7993 = ORIENTED_EDGE ( 'NONE', *, *, #2458, .T. ) ;
#7994 = UNCERTAINTY_MEASURE_WITH_UNIT (LENGTH_MEASURE( 1.000000000000000082E-05 ), #3365, 'distance_accuracy_value', 'NONE');
#7995 = MECHANICAL_DESIGN_GEOMETRIC_PRESENTATION_REPRESENTATION (  '', ( #2324 ), #3239 ) ;
#7996 = EDGE_LOOP ( 'NONE', ( #4116, #82, #3898, #2705 ) ) ;
#7997 = PLANE ( 'NONE',  #6834 ) ;
#7998 = CARTESIAN_POINT ( 'NONE',  ( 0.7500000000000301981, -0.2499999999999906741, 6.100000000000054712 ) ) ;
#7999 = CARTESIAN_POINT ( 'NONE',  ( -0.1999999927999856486, 4.200000000000007283, 1.439999994600056787 ) ) ;
#8000 = DIRECTION ( 'NONE',  ( -1.748601263784621748E-15, 0.0000000000000000000, -1.000000000000000000 ) ) ;
#8001 = ORIENTED_EDGE ( 'NONE', *, *, #6909, .F. ) ;
#8002 = CARTESIAN_POINT ( 'NONE',  ( 11.00000000000000000, 11.10000000000002451, -0.04999999999996326827 ) ) ;
#8003 = DIRECTION ( 'NONE',  ( -1.644517855226007998E-15, 1.000000000000000000, 2.890435660536363919E-30 ) ) ;
#8004 = CARTESIAN_POINT ( 'NONE',  ( 1.400000004427000677, 8.199999999929909578, -2.862560683418946539 ) ) ;
#8005 = CARTESIAN_POINT ( 'NONE',  ( 2.400000000000025224, 5.400000000000012790, 7.971320343560052812 ) ) ;
#8006 = EDGE_CURVE ( 'NONE', #1156, #2612, #7468, .T. ) ;
#8007 = ORIENTED_EDGE ( 'NONE', *, *, #1820, .T. ) ;
#8008 = EDGE_LOOP ( 'NONE', ( #7588, #7834, #4843, #3904, #1003, #7509, #5921, #3271, #2795, #3414, #4923, #4675 ) ) ;
#8009 = EDGE_CURVE ( 'NONE', #1828, #4744, #1251, .T. ) ;
#8010 = VERTEX_POINT ( 'NONE', #4450 ) ;
#8011 = ORIENTED_EDGE ( 'NONE', *, *, #368, .F. ) ;
#8012 = FACE_OUTER_BOUND ( 'NONE', #4025, .T. ) ;
#8013 = PRESENTATION_LAYER_ASSIGNMENT (  '', '', ( #5577 ) ) ;
#8014 = PLANE ( 'NONE',  #999 ) ;
#8015 = DIRECTION ( 'NONE',  ( 0.9486832980505233159, 1.560126622598782925E-15, -0.3162277660168096305 ) ) ;
#8016 = VERTEX_POINT ( 'NONE', #3831 ) ;
#8017 = DIRECTION ( 'NONE',  ( -0.8076923076923187006, 0.5896042198752116104, 1.334402673828312846E-15 ) ) ;
#8018 = ORIENTED_EDGE ( 'NONE', *, *, #6748, .F. ) ;
#8019 = EDGE_CURVE ( 'NONE', #5756, #1597, #1922, .T. ) ;
#8020 = FACE_OUTER_BOUND ( 'NONE', #7411, .T. ) ;
#8021 =( LENGTH_UNIT ( ) NAMED_UNIT ( * ) SI_UNIT ( .MILLI., .METRE. ) );
#8022 = CARTESIAN_POINT ( 'NONE',  ( 1.955294117646999563, 8.144714285714311330, -4.614999999999946034 ) ) ;
#8023 = DIRECTION ( 'NONE',  ( 1.748601263784621748E-15, 0.0000000000000000000, 1.000000000000000000 ) ) ;
#8024 = DIRECTION ( 'NONE',  ( 1.748601263784621946E-15, 0.0000000000000000000, 1.000000000000000000 ) ) ;
#8025 = B_SPLINE_CURVE_WITH_KNOTS ( 'NONE', 3,
 ( #1713, #1020, #353, #4201 ),
 .UNSPECIFIED., .F., .F.,
 ( 4, 4 ),
 ( 0.0000000000000000000, 1.000000000000000000 ),
 .UNSPECIFIED. ) ;
#8026 = ORIENTED_EDGE ( 'NONE', *, *, #1367, .F. ) ;
#8027 = EDGE_CURVE ( 'NONE', #5835, #1968, #6458, .T. ) ;
#8028 =( NAMED_UNIT ( * ) SI_UNIT ( $, .STERADIAN. ) SOLID_ANGLE_UNIT ( ) );
#8029 = FILL_AREA_STYLE_COLOUR ( '', #3614 ) ;
#8030 = EDGE_LOOP ( 'NONE', ( #5418, #3216, #2974, #992 ) ) ;
#8031 = FILL_AREA_STYLE ('',( #6199 ) ) ;
#8032 = ORIENTED_EDGE ( 'NONE', *, *, #7372, .T. ) ;
#8033 = VECTOR ( 'NONE', #3592, 1000.000000000000000 ) ;
#8034 = CARTESIAN_POINT ( 'NONE',  ( 2.399999999999995914, 9.600000000000012079, -4.649999999999947065 ) ) ;
#8035 = CARTESIAN_POINT ( 'NONE',  ( 0.7400000000000063194, 4.200000000000009059, -3.649999999999944844 ) ) ;
#8036 = DIRECTION ( 'NONE',  ( -1.000000000000000000, -1.644517855226007998E-15, 1.748601263784621946E-15 ) ) ;
#8037 = ORIENTED_EDGE ( 'NONE', *, *, #247, .F. ) ;
#8038 = CARTESIAN_POINT ( 'NONE',  ( -0.5999999999999859890, 4.200000000000007283, -0.03999999999994112432 ) ) ;
#8039 = CARTESIAN_POINT ( 'NONE',  ( 0.7400000000000079847, 7.597309794603359201, 0.3500000000000551559 ) ) ;
#8040 = FILL_AREA_STYLE_COLOUR ( '', #2071 ) ;
#8041 = VERTEX_POINT ( 'NONE', #2150 ) ;
ENDSEC;
END-ISO-10303-21;
