ISO-10303-21;
HEADER;
FILE_DESCRIPTION (( 'STEP AP214' ),
    '1' );
FILE_NAME ('TBP04R1-500-02BE.STEP',
    '2025-11-13T05:03:43',
    ( '' ),
    ( '' ),
    'SwSTEP 2.0',
    'SolidWorks 2023',
    '' );
FILE_SCHEMA (( 'AUTOMOTIVE_DESIGN' ));
ENDSEC;

DATA;
#1 = SURFACE_STYLE_USAGE ( .BOTH. , #554 ) ;
#2 = VECTOR ( 'NONE', #5343, 1000.000000000000000 ) ;
#3 = ORIENTED_EDGE ( 'NONE', *, *, #2634, .T. ) ;
#4 = EDGE_LOOP ( 'NONE', ( #1463, #7299, #5659, #4242, #1335, #700 ) ) ;
#5 = EDGE_CURVE ( 'NONE', #5681, #6870, #2321, .T. ) ;
#6 = FILL_AREA_STYLE ('',( #3440 ) ) ;
#7 = AXIS2_PLACEMENT_3D ( 'NONE', #5491, #7276, #7237 ) ;
#8 = COLOUR_RGB ( '',1.000000000000000000, 1.000000000000000000, 1.000000000000000000 ) ;
#9 = SURFACE_SIDE_STYLE ('',( #5100 ) ) ;
#10 = PRESENTATION_STYLE_ASSIGNMENT (( #5143 ) ) ;
#11 = SURFACE_STYLE_USAGE ( .BOTH. , #3989 ) ;
#12 =( NAMED_UNIT ( * ) SI_UNIT ( $, .STERADIAN. ) SOLID_ANGLE_UNIT ( ) );
#13 = STYLED_ITEM ( 'NONE', ( #1041 ), #2000 ) ;
#14 = ORIENTED_EDGE ( 'NONE', *, *, #145, .F. ) ;
#15 = MECHANICAL_DESIGN_GEOMETRIC_PRESENTATION_REPRESENTATION (  '', ( #1938 ), #6051 ) ;
#16 = ORIENTED_EDGE ( 'NONE', *, *, #2162, .F. ) ;
#17 = ORIENTED_EDGE ( 'NONE', *, *, #4445, .T. ) ;
#18 = EDGE_CURVE ( 'NONE', #3511, #6679, #3922, .T. ) ;
#19 = MECHANICAL_DESIGN_GEOMETRIC_PRESENTATION_REPRESENTATION (  '', ( #730 ), #3698 ) ;
#20 = CARTESIAN_POINT ( 'NONE',  ( 0.6000000000000069722, 8.200000000000001066, 0.3044444450000550750 ) ) ;
#21 = FACE_OUTER_BOUND ( 'NONE', #4933, .T. ) ;
#22 = ORIENTED_EDGE ( 'NONE', *, *, #4074, .T. ) ;
#23 = FILL_AREA_STYLE ('',( #2899 ) ) ;
#24 = LINE ( 'NONE', #3385, #1843 ) ;
#25 = AXIS2_PLACEMENT_3D ( 'NONE', #516, #3433, #1805 ) ;
#26 = UNCERTAINTY_MEASURE_WITH_UNIT (LENGTH_MEASURE( 1.000000000000000082E-05 ), #5570, 'distance_accuracy_value', 'NONE');
#27 = CARTESIAN_POINT ( 'NONE',  ( -0.1999999927999875082, 4.200000000000000178, 0.2600000054000585203 ) ) ;
#28 = STYLED_ITEM ( 'NONE', ( #662 ), #6659 ) ;
#29 = UNCERTAINTY_MEASURE_WITH_UNIT (LENGTH_MEASURE( 1.000000000000000082E-05 ), #2639, 'distance_accuracy_value', 'NONE');
#30 =( LENGTH_UNIT ( ) NAMED_UNIT ( * ) SI_UNIT ( .MILLI., .METRE. ) );
#31 = DIRECTION ( 'NONE',  ( 1.595945597898459947E-14, 2.337000431716910321E-29, 1.000000000000000000 ) ) ;
#32 = DIRECTION ( 'NONE',  ( -1.748601263784619973E-15, 1.482966057179082177E-32, -1.000000000000000000 ) ) ;
#33 = VECTOR ( 'NONE', #6291, 1000.000000000000000 ) ;
#34 = ORIENTED_EDGE ( 'NONE', *, *, #6945, .F. ) ;
#35 =( LENGTH_UNIT ( ) NAMED_UNIT ( * ) SI_UNIT ( .MILLI., .METRE. ) );
#36 = ORIENTED_EDGE ( 'NONE', *, *, #5780, .F. ) ;
#37 = DIRECTION ( 'NONE',  ( 1.000000000000000000, 1.651397032329129883E-15, -1.746007854299335063E-15 ) ) ;
#38 = MECHANICAL_DESIGN_GEOMETRIC_PRESENTATION_REPRESENTATION (  '', ( #3502 ), #872 ) ;
#39 = PLANE ( 'NONE',  #3365 ) ;
#40 =( NAMED_UNIT ( * ) SI_UNIT ( $, .STERADIAN. ) SOLID_ANGLE_UNIT ( ) );
#41 = SURFACE_STYLE_FILL_AREA ( #2882 ) ;
#42 = CARTESIAN_POINT ( 'NONE',  ( 8.800000000000000711, 7.144714285714319324, 0.3500000000000415001 ) ) ;
#43 = AXIS2_PLACEMENT_3D ( 'NONE', #4511, #500, #2785 ) ;
#44 = EDGE_CURVE ( 'NONE', #6197, #4315, #4121, .T. ) ;
#45 = ORIENTED_EDGE ( 'NONE', *, *, #4768, .F. ) ;
#46 = CONICAL_SURFACE ( 'NONE', #4184, 1.375000000000000000, 0.03224688243525594689 ) ;
#47 = ADVANCED_FACE ( 'NONE', ( #6287 ), #568, .F. ) ;
#48 = LINE ( 'NONE', #2343, #4821 ) ;
#49 = VECTOR ( 'NONE', #5011, 1000.000000000000000 ) ;
#50 =( NAMED_UNIT ( * ) SI_UNIT ( $, .STERADIAN. ) SOLID_ANGLE_UNIT ( ) );
#51 = DIRECTION ( 'NONE',  ( -1.644517855226009970E-15, 1.000000000000000000, 2.890435660536364970E-30 ) ) ;
#52 = LINE ( 'NONE', #2381, #2969 ) ;
#53 = ORIENTED_EDGE ( 'NONE', *, *, #5879, .T. ) ;
#54 = ORIENTED_EDGE ( 'NONE', *, *, #2543, .T. ) ;
#55 =( GEOMETRIC_REPRESENTATION_CONTEXT ( 3 ) GLOBAL_UNCERTAINTY_ASSIGNED_CONTEXT ( ( #6259 ) ) GLOBAL_UNIT_ASSIGNED_CONTEXT ( ( #5642, #4612, #6236 ) ) REPRESENTATION_CONTEXT ( 'NONE', 'WORKASPACE' ) );
#56 = EDGE_CURVE ( 'NONE', #685, #6402, #1094, .T. ) ;
#57 = EDGE_CURVE ( 'NONE', #4839, #5643, #4028, .T. ) ;
#58 = DIRECTION ( 'NONE',  ( 1.644517855226009970E-15, -1.000000000000000000, -2.890435660536364970E-30 ) ) ;
#59 = PRESENTATION_STYLE_ASSIGNMENT (( #2388 ) ) ;
#60 = AXIS2_PLACEMENT_3D ( 'NONE', #4750, #2440, #149 ) ;
#61 = DIRECTION ( 'NONE',  ( 0.1520571842539020224, 0.9883716976506232710, -2.658873845539038863E-16 ) ) ;
#62 = DIRECTION ( 'NONE',  ( 1.000000000000000000, 1.644517855226009970E-15, -1.764125568789975075E-15 ) ) ;
#63 = UNCERTAINTY_MEASURE_WITH_UNIT (LENGTH_MEASURE( 1.000000000000000082E-05 ), #1553, 'distance_accuracy_value', 'NONE');
#64 = PRESENTATION_STYLE_ASSIGNMENT (( #5115 ) ) ;
#65 = VECTOR ( 'NONE', #6035, 1000.000000000000000 ) ;
#66 = SURFACE_STYLE_USAGE ( .BOTH. , #1175 ) ;
#67 = UNCERTAINTY_MEASURE_WITH_UNIT (LENGTH_MEASURE( 1.000000000000000082E-05 ), #3129, 'distance_accuracy_value', 'NONE');
#68 = AXIS2_PLACEMENT_3D ( 'NONE', #1545, #3803, #6062 ) ;
#69 = FACE_OUTER_BOUND ( 'NONE', #5352, .T. ) ;
#70 = AXIS2_PLACEMENT_3D ( 'NONE', #579, #4564, #5080 ) ;
#71 = EDGE_CURVE ( 'NONE', #4301, #3034, #2747, .T. ) ;
#72 =( NAMED_UNIT ( * ) PLANE_ANGLE_UNIT ( ) SI_UNIT ( $, .RADIAN. ) );
#73 = DIRECTION ( 'NONE',  ( 1.644517855225994982E-15, -1.000000000000000000, 0.000000000000000000 ) ) ;
#74 = DIRECTION ( 'NONE',  ( -1.748601263784619973E-15, 0.000000000000000000, -1.000000000000000000 ) ) ;
#75 = STYLED_ITEM ( 'NONE', ( #642 ), #3458 ) ;
#76 = EDGE_CURVE ( 'NONE', #3109, #5730, #1636, .T. ) ;
#77 = ORIENTED_EDGE ( 'NONE', *, *, #3438, .F. ) ;
#78 = DIRECTION ( 'NONE',  ( 0.000000000000000000, 2.890435660536364970E-30, -1.000000000000000000 ) ) ;
#79 = EDGE_LOOP ( 'NONE', ( #7052, #1104, #3702, #4313 ) ) ;
#80 = DIRECTION ( 'NONE',  ( -3.230361199318120148E-07, -1.709844728725059900E-07, -0.9999999999999331646 ) ) ;
#81 = CARTESIAN_POINT ( 'NONE',  ( 0.7500000066400089871, 7.649999999998869704, 0.8499999999980549781 ) ) ;
#82 = ORIENTED_EDGE ( 'NONE', *, *, #6737, .F. ) ;
#83 = CIRCLE ( 'NONE', #1640, 1.399999999999999023 ) ;
#84 = ADVANCED_FACE ( 'NONE', ( #3042 ), #4703, .F. ) ;
#85 = PLANE ( 'NONE',  #4023 ) ;
#86 = FACE_OUTER_BOUND ( 'NONE', #1072, .T. ) ;
#87 = CARTESIAN_POINT ( 'NONE',  ( 1.500000000000000000, 4.200000000000000178, -4.649999999999939959 ) ) ;
#88 = DIRECTION ( 'NONE',  ( 1.644517855226009970E-15, -1.000000000000000000, -2.890435660536364970E-30 ) ) ;
#89 = CARTESIAN_POINT ( 'NONE',  ( 0.1999999999999970135, 8.400000000000000355, -4.149999999999945288 ) ) ;
#90 = FILL_AREA_STYLE ('',( #647 ) ) ;
#91 = ORIENTED_EDGE ( 'NONE', *, *, #1384, .F. ) ;
#92 = ORIENTED_EDGE ( 'NONE', *, *, #4827, .T. ) ;
#93 = ADVANCED_FACE ( 'NONE', ( #169 ), #1089, .F. ) ;
#94 = ORIENTED_EDGE ( 'NONE', *, *, #4562, .T. ) ;
#95 = CARTESIAN_POINT ( 'NONE',  ( 0.7433105578600089913, 7.601972579975210031, 0.3533105578580554851 ) ) ;
#96 = PLANE ( 'NONE',  #474 ) ;
#97 =( NAMED_UNIT ( * ) PLANE_ANGLE_UNIT ( ) SI_UNIT ( $, .RADIAN. ) );
#98 = CONICAL_SURFACE ( 'NONE', #2023, 1.724999996680999459, 0.4636476090007538020 ) ;
#99 = EDGE_CURVE ( 'NONE', #5950, #1884, #1281, .T. ) ;
#100 = SURFACE_SIDE_STYLE ('',( #5821 ) ) ;
#101 = SURFACE_SIDE_STYLE ('',( #2544 ) ) ;
#102 = PRESENTATION_STYLE_ASSIGNMENT (( #5122 ) ) ;
#103 = UNCERTAINTY_MEASURE_WITH_UNIT (LENGTH_MEASURE( 1.000000000000000082E-05 ), #4636, 'distance_accuracy_value', 'NONE');
#104 = MECHANICAL_DESIGN_GEOMETRIC_PRESENTATION_REPRESENTATION (  '', ( #933 ), #1288 ) ;
#105 = ORIENTED_EDGE ( 'NONE', *, *, #620, .T. ) ;
#106 = DIRECTION ( 'NONE',  ( -1.748601263784619973E-15, -2.916672752317209948E-30, -1.000000000000000000 ) ) ;
#107 = MECHANICAL_DESIGN_GEOMETRIC_PRESENTATION_REPRESENTATION (  '', ( #2146 ), #6025 ) ;
#108 = CARTESIAN_POINT ( 'NONE',  ( 0.7500000000000129896, -0.2499999999999905076, -3.899999999999944844 ) ) ;
#109 = LINE ( 'NONE', #2406, #6706 ) ;
#110 = VERTEX_POINT ( 'NONE', #3565 ) ;
#111 = CARTESIAN_POINT ( 'NONE',  ( 2.399999999999999911, 7.649999999999999467, -2.749999999999949818 ) ) ;
#112 = EDGE_CURVE ( 'NONE', #4125, #6279, #4168, .T. ) ;
#113 =( NAMED_UNIT ( * ) PLANE_ANGLE_UNIT ( ) SI_UNIT ( $, .RADIAN. ) );
#114 = DIRECTION ( 'NONE',  ( -1.644517855226009970E-15, 1.000000000000000000, 2.890435660536364970E-30 ) ) ;
#115 =( LENGTH_UNIT ( ) NAMED_UNIT ( * ) SI_UNIT ( .MILLI., .METRE. ) );
#116 = PRESENTATION_LAYER_ASSIGNMENT (  '', '', ( #5094 ) ) ;
#117 = B_SPLINE_CURVE_WITH_KNOTS ( 'NONE', 3,
 ( #1876, #4137, #3013, #2434, #4000 ),
 .UNSPECIFIED., .F., .F.,
 ( 4, 1, 4 ),
 ( 0.000000000000000000, 0.5000000000000000000, 1.000000000000000000 ),
 .UNSPECIFIED. ) ;
#118 = ORIENTED_EDGE ( 'NONE', *, *, #4320, .F. ) ;
#119 = CARTESIAN_POINT ( 'NONE',  ( 0.1000000000000079992, 7.649999999999999467, 0.3500000000000569877 ) ) ;
#120 = DIRECTION ( 'NONE',  ( 1.000000000000000000, 1.644517855226009970E-15, -1.927470528863120133E-15 ) ) ;
#121 = CARTESIAN_POINT ( 'NONE',  ( 2.399999999999999911, 7.649999999999999467, -5.549999999999999822 ) ) ;
#122 = ADVANCED_FACE ( 'NONE', ( #132 ), #6480, .T. ) ;
#123 =( NAMED_UNIT ( * ) PLANE_ANGLE_UNIT ( ) SI_UNIT ( $, .RADIAN. ) );
#124 =( GEOMETRIC_REPRESENTATION_CONTEXT ( 3 ) GLOBAL_UNCERTAINTY_ASSIGNED_CONTEXT ( ( #5932 ) ) GLOBAL_UNIT_ASSIGNED_CONTEXT ( ( #5578, #3913, #3952 ) ) REPRESENTATION_CONTEXT ( 'NONE', 'WORKASPACE' ) );
#125 = SURFACE_STYLE_FILL_AREA ( #2963 ) ;
#126 = EDGE_LOOP ( 'NONE', ( #5139, #7117, #4814, #684 ) ) ;
#127 = ORIENTED_EDGE ( 'NONE', *, *, #76, .T. ) ;
#128 = ORIENTED_EDGE ( 'NONE', *, *, #2385, .T. ) ;
#129 = COLOUR_RGB ( '',1.000000000000000000, 1.000000000000000000, 1.000000000000000000 ) ;
#130 = UNCERTAINTY_MEASURE_WITH_UNIT (LENGTH_MEASURE( 1.000000000000000082E-05 ), #1165, 'distance_accuracy_value', 'NONE');
#131 = STYLED_ITEM ( 'NONE', ( #2728 ), #1366 ) ;
#132 = FACE_OUTER_BOUND ( 'NONE', #5810, .T. ) ;
#133 = UNCERTAINTY_MEASURE_WITH_UNIT (LENGTH_MEASURE( 1.000000000000000082E-05 ), #2475, 'distance_accuracy_value', 'NONE');
#134 = AXIS2_PLACEMENT_3D ( 'NONE', #2134, #7081, #3207 ) ;
#135 = CARTESIAN_POINT ( 'NONE',  ( 0.09999999999999770184, 7.100000000000000533, -6.150000000000000355 ) ) ;
#136 = VECTOR ( 'NONE', #6614, 1000.000000000000114 ) ;
#137 = AXIS2_PLACEMENT_3D ( 'NONE', #1426, #4205, #278 ) ;
#138 = CARTESIAN_POINT ( 'NONE',  ( -0.1999999993499944895, 8.599999999630808745, 0.2600000022150580348 ) ) ;
#139 = PRESENTATION_LAYER_ASSIGNMENT (  '', '', ( #1444 ) ) ;
#140 = CARTESIAN_POINT ( 'NONE',  ( 3.950000000000000178, 8.144714285714320212, -3.649999999999950173 ) ) ;
#141 = STYLED_ITEM ( 'NONE', ( #1732 ), #6317 ) ;
#142 = B_SPLINE_CURVE_WITH_KNOTS ( 'NONE', 3,
 ( #6643, #6076, #4973, #3671, #5931 ),
 .UNSPECIFIED., .F., .F.,
 ( 4, 1, 4 ),
 ( 0.000000000000000000, 0.5000000000000000000, 1.000000000000000000 ),
 .UNSPECIFIED. ) ;
#143 = PLANE ( 'NONE',  #6067 ) ;
#144 = FILL_AREA_STYLE ('',( #6869 ) ) ;
#145 = EDGE_CURVE ( 'NONE', #4714, #2236, #1331, .T. ) ;
#146 = ORIENTED_EDGE ( 'NONE', *, *, #1132, .T. ) ;
#147 = AXIS2_PLACEMENT_3D ( 'NONE', #3200, #5960, #5407 ) ;
#148 = MECHANICAL_DESIGN_GEOMETRIC_PRESENTATION_REPRESENTATION (  '', ( #1520 ), #4296 ) ;
#149 = DIRECTION ( 'NONE',  ( 0.000000000000000000, 6.994405055139260866E-15, -1.000000000000000000 ) ) ;
#150 = ORIENTED_EDGE ( 'NONE', *, *, #5462, .F. ) ;
#151 = DIRECTION ( 'NONE',  ( 1.748601263784619973E-15, 0.000000000000000000, 1.000000000000000000 ) ) ;
#152 = LINE ( 'NONE', #1265, #4288 ) ;
#153 =( LENGTH_UNIT ( ) NAMED_UNIT ( * ) SI_UNIT ( .MILLI., .METRE. ) );
#154 = SURFACE_SIDE_STYLE ('',( #1297 ) ) ;
#155 =( GEOMETRIC_REPRESENTATION_CONTEXT ( 3 ) GLOBAL_UNCERTAINTY_ASSIGNED_CONTEXT ( ( #6828 ) ) GLOBAL_UNIT_ASSIGNED_CONTEXT ( ( #6684, #5437, #1479 ) ) REPRESENTATION_CONTEXT ( 'NONE', 'WORKASPACE' ) );
#156 = EDGE_CURVE ( 'NONE', #403, #4849, #2995, .T. ) ;
#157 = SURFACE_STYLE_FILL_AREA ( #6 ) ;
#158 = VECTOR ( 'NONE', #4634, 1000.000000000000000 ) ;
#159 = PRESENTATION_STYLE_ASSIGNMENT (( #6465 ) ) ;
#160 = DIRECTION ( 'NONE',  ( 1.748601263784619973E-15, 0.000000000000000000, 1.000000000000000000 ) ) ;
#161 = DIRECTION ( 'NONE',  ( 0.9428090415820746806, 0.2357022603954949114, 0.2357022603954919138 ) ) ;
#162 = DIRECTION ( 'NONE',  ( -1.000000000000000000, -1.644517855226009970E-15, 1.748601263784619973E-15 ) ) ;
#163 = PRESENTATION_STYLE_ASSIGNMENT (( #6922 ) ) ;
#164 = DIRECTION ( 'NONE',  ( -1.748601263784619973E-15, 1.482966057179082177E-32, -1.000000000000000000 ) ) ;
#165 = EDGE_LOOP ( 'NONE', ( #5621, #5917, #962, #4793 ) ) ;
#166 = COLOUR_RGB ( '',1.000000000000000000, 1.000000000000000000, 1.000000000000000000 ) ;
#167 = VERTEX_POINT ( 'NONE', #5173 ) ;
#168 = SURFACE_STYLE_FILL_AREA ( #1214 ) ;
#169 = FACE_OUTER_BOUND ( 'NONE', #6746, .T. ) ;
#170 = CARTESIAN_POINT ( 'NONE',  ( -0.1999999993500030104, 8.599999999630808745, -4.739999997784940966 ) ) ;
#171 = SURFACE_SIDE_STYLE ('',( #3009 ) ) ;
#172 =( GEOMETRIC_REPRESENTATION_CONTEXT ( 3 ) GLOBAL_UNCERTAINTY_ASSIGNED_CONTEXT ( ( #661 ) ) GLOBAL_UNIT_ASSIGNED_CONTEXT ( ( #4068, #6927, #3007 ) ) REPRESENTATION_CONTEXT ( 'NONE', 'WORKASPACE' ) );
#173 = AXIS2_PLACEMENT_3D ( 'NONE', #2950, #1107, #78 ) ;
#174 = CARTESIAN_POINT ( 'NONE',  ( 1.500000000000000000, 0.7500000000000109912, 0.3500000000000550449 ) ) ;
#175 = EDGE_CURVE ( 'NONE', #6522, #6764, #1818, .T. ) ;
#176 = LINE ( 'NONE', #1360, #1457 ) ;
#177 = SURFACE_SIDE_STYLE ('',( #6968 ) ) ;
#178 = DIRECTION ( 'NONE',  ( 1.748601263784619973E-15, 0.000000000000000000, 1.000000000000000000 ) ) ;
#179 = ORIENTED_EDGE ( 'NONE', *, *, #4930, .F. ) ;
#180 = VECTOR ( 'NONE', #3586, 1000.000000000000000 ) ;
#181 = DIRECTION ( 'NONE',  ( 1.000000000000000000, 1.644517855226009970E-15, 0.000000000000000000 ) ) ;
#182 = MECHANICAL_DESIGN_GEOMETRIC_PRESENTATION_REPRESENTATION (  '', ( #6714 ), #4334 ) ;
#183 =( LENGTH_UNIT ( ) NAMED_UNIT ( * ) SI_UNIT ( .MILLI., .METRE. ) );
#184 = ORIENTED_EDGE ( 'NONE', *, *, #2634, .F. ) ;
#185 = FILL_AREA_STYLE ('',( #6913 ) ) ;
#186 = FILL_AREA_STYLE ('',( #2444 ) ) ;
#187 = COLOUR_RGB ( '',0.2862745098039215508, 0.6431372549019607199, 0.8666666666666666963 ) ;
#188 = EDGE_CURVE ( 'NONE', #6304, #2044, #1301, .T. ) ;
#189 = PLANE ( 'NONE',  #4035 ) ;
#190 = EDGE_CURVE ( 'NONE', #3447, #1477, #194, .T. ) ;
#191 = ORIENTED_EDGE ( 'NONE', *, *, #3236, .F. ) ;
#192 = MECHANICAL_DESIGN_GEOMETRIC_PRESENTATION_REPRESENTATION (  '', ( #75 ), #3992 ) ;
#193 = ORIENTED_EDGE ( 'NONE', *, *, #4050, .T. ) ;
#194 = LINE ( 'NONE', #1919, #533 ) ;
#195 = PLANE ( 'NONE',  #6212 ) ;
#196 =( NAMED_UNIT ( * ) PLANE_ANGLE_UNIT ( ) SI_UNIT ( $, .RADIAN. ) );
#197 = ORIENTED_EDGE ( 'NONE', *, *, #3049, .T. ) ;
#198 = AXIS2_PLACEMENT_3D ( 'NONE', #3632, #2611, #2537 ) ;
#199 = ORIENTED_EDGE ( 'NONE', *, *, #4535, .F. ) ;
#200 = SURFACE_SIDE_STYLE ('',( #1464 ) ) ;
#201 = EDGE_CURVE ( 'NONE', #7014, #941, #4620, .T. ) ;
#202 = DIRECTION ( 'NONE',  ( 1.748601263784619973E-15, -1.482966057179082177E-32, 1.000000000000000000 ) ) ;
#203 = EDGE_LOOP ( 'NONE', ( #4199, #4024, #1590, #7235 ) ) ;
#204 = DIRECTION ( 'NONE',  ( 1.644517855226009970E-15, -1.000000000000000000, -2.890435660536364970E-30 ) ) ;
#205 = SURFACE_SIDE_STYLE ('',( #656 ) ) ;
#206 = CARTESIAN_POINT ( 'NONE',  ( 1.500000000000000000, 0.7500000000000109912, 1.350000000000052047 ) ) ;
#207 = EDGE_CURVE ( 'NONE', #531, #2036, #4662, .T. ) ;
#208 = B_SPLINE_CURVE_WITH_KNOTS ( 'NONE', 3,
 ( #7151, #2067, #4971, #2855, #5522, #4304, #916, #5411 ),
 .UNSPECIFIED., .F., .F.,
 ( 4, 1, 1, 1, 1, 4 ),
 ( 0.000000000000000000, 0.2000000000000000111, 0.4000000000000000222, 0.5999999999999999778, 0.8000000000000000444, 1.000000000000000000 ),
 .UNSPECIFIED. ) ;
#209 = DIRECTION ( 'NONE',  ( -1.748601263784619973E-15, 0.000000000000000000, -1.000000000000000000 ) ) ;
#210 = LINE ( 'NONE', #695, #6294 ) ;
#211 = UNCERTAINTY_MEASURE_WITH_UNIT (LENGTH_MEASURE( 1.000000000000000082E-05 ), #6704, 'distance_accuracy_value', 'NONE');
#212 = CARTESIAN_POINT ( 'NONE',  ( 1.300000000000000044, 7.100000000000000533, -0.7499999999999450440 ) ) ;
#213 = DIRECTION ( 'NONE',  ( -1.748601263784619973E-15, 1.482966057179082177E-32, -1.000000000000000000 ) ) ;
#214 = UNCERTAINTY_MEASURE_WITH_UNIT (LENGTH_MEASURE( 1.000000000000000082E-05 ), #2858, 'distance_accuracy_value', 'NONE');
#215 =( NAMED_UNIT ( * ) PLANE_ANGLE_UNIT ( ) SI_UNIT ( $, .RADIAN. ) );
#216 = MECHANICAL_DESIGN_GEOMETRIC_PRESENTATION_REPRESENTATION (  '', ( #3313 ), #797 ) ;
#217 = ORIENTED_EDGE ( 'NONE', *, *, #5078, .T. ) ;
#218 = VECTOR ( 'NONE', #6716, 1000.000000000000227 ) ;
#219 = COLOUR_RGB ( '',1.000000000000000000, 1.000000000000000000, 1.000000000000000000 ) ;
#220 = ORIENTED_EDGE ( 'NONE', *, *, #7094, .F. ) ;
#221 = DIRECTION ( 'NONE',  ( -1.489513996486853915E-09, 1.000000000000000000, 7.237763924156030357E-10 ) ) ;
#222 = CARTESIAN_POINT ( 'NONE',  ( -0.5999999999999909850, 4.200000000000000178, -2.349999999999945022 ) ) ;
#223 = DIRECTION ( 'NONE',  ( -1.748601263784619973E-15, 0.000000000000000000, -1.000000000000000000 ) ) ;
#224 = COLOUR_RGB ( '',0.2862745098039215508, 0.6431372549019607199, 0.8666666666666666963 ) ;
#225 = COLOUR_RGB ( '',1.000000000000000000, 1.000000000000000000, 1.000000000000000000 ) ;
#226 = ORIENTED_EDGE ( 'NONE', *, *, #4255, .F. ) ;
#227 = ORIENTED_EDGE ( 'NONE', *, *, #6495, .T. ) ;
#228 = CARTESIAN_POINT ( 'NONE',  ( 0.09999999999999770184, 7.100000000000000533, -6.649999999999999467 ) ) ;
#229 = FILL_AREA_STYLE_COLOUR ( '', #3685 ) ;
#230 = VECTOR ( 'NONE', #1372, 1000.000000000000000 ) ;
#231 = DIRECTION ( 'NONE',  ( -1.644517855226009970E-15, 1.000000000000000000, 2.890435660536364970E-30 ) ) ;
#232 = VECTOR ( 'NONE', #960, 1000.000000000000000 ) ;
#233 = CARTESIAN_POINT ( 'NONE',  ( -1.000000000000000000, 3.750000000000000000, -2.349999999999945022 ) ) ;
#234 = ORIENTED_EDGE ( 'NONE', *, *, #1667, .F. ) ;
#235 = ORIENTED_EDGE ( 'NONE', *, *, #6694, .F. ) ;
#236 = DIRECTION ( 'NONE',  ( -1.644517855226009970E-15, 1.000000000000000000, 2.890435660536364970E-30 ) ) ;
#237 = CARTESIAN_POINT ( 'NONE',  ( 9.700000000000001066, 10.59999999999999964, -11.65000000000000036 ) ) ;
#238 = ORIENTED_EDGE ( 'NONE', *, *, #4798, .T. ) ;
#239 = VECTOR ( 'NONE', #2705, 1000.000000000000000 ) ;
#240 = VECTOR ( 'NONE', #2495, 1000.000000000000000 ) ;
#241 = SURFACE_STYLE_FILL_AREA ( #823 ) ;
#242 = LINE ( 'NONE', #3076, #5795 ) ;
#243 = FILL_AREA_STYLE_COLOUR ( '', #5254 ) ;
#244 = MECHANICAL_DESIGN_GEOMETRIC_PRESENTATION_REPRESENTATION (  '', ( #6650 ), #6044 ) ;
#245 = EDGE_CURVE ( 'NONE', #7312, #2044, #3480, .T. ) ;
#246 = CARTESIAN_POINT ( 'NONE',  ( 11.00000000000000000, 11.09999999999999964, -5.049999999999999822 ) ) ;
#247 = CARTESIAN_POINT ( 'NONE',  ( 1.850000000000000089, 6.250000000000000000, -5.649999999999999467 ) ) ;
#248 = CARTESIAN_POINT ( 'NONE',  ( 1.177281315329000044, 8.200000000032511949, -2.742023203964945477 ) ) ;
#249 = DIRECTION ( 'NONE',  ( -1.685658516123720066E-15, -4.594733573412509370E-17, -1.000000000000000000 ) ) ;
#250 = PRESENTATION_STYLE_ASSIGNMENT (( #329 ) ) ;
#251 = PRESENTATION_LAYER_ASSIGNMENT (  '', '', ( #1824 ) ) ;
#252 =( GEOMETRIC_REPRESENTATION_CONTEXT ( 3 ) GLOBAL_UNCERTAINTY_ASSIGNED_CONTEXT ( ( #5009 ) ) GLOBAL_UNIT_ASSIGNED_CONTEXT ( ( #30, #6226, #4561 ) ) REPRESENTATION_CONTEXT ( 'NONE', 'WORKASPACE' ) );
#253 = VERTEX_POINT ( 'NONE', #1241 ) ;
#254 = ORIENTED_EDGE ( 'NONE', *, *, #5900, .F. ) ;
#255 = CARTESIAN_POINT ( 'NONE',  ( 3.950000000000000178, 8.144714285714320212, 1.350000000000050271 ) ) ;
#256 = VECTOR ( 'NONE', #4896, 1000.000000000000000 ) ;
#257 = CARTESIAN_POINT ( 'NONE',  ( 3.950000000000000178, 7.144714285714309554, -4.649999999999999467 ) ) ;
#258 = COLOUR_RGB ( '',0.2862745098039215508, 0.6431372549019607199, 0.8666666666666666963 ) ;
#259 = DIRECTION ( 'NONE',  ( -1.748601263784619973E-15, 0.000000000000000000, -1.000000000000000000 ) ) ;
#260 = FILL_AREA_STYLE_COLOUR ( '', #3854 ) ;
#261 = CARTESIAN_POINT ( 'NONE',  ( 1.500000000000000000, 8.109625349781609316, 1.340000000000054037 ) ) ;
#262 = CARTESIAN_POINT ( 'NONE',  ( 0.7500000000000089928, 7.611199771552090709, 1.340000000000056035 ) ) ;
#263 = COLOUR_RGB ( '',0.2862745098039215508, 0.6431372549019607199, 0.8666666666666666963 ) ;
#264 = SURFACE_STYLE_USAGE ( .BOTH. , #5307 ) ;
#265 = ORIENTED_EDGE ( 'NONE', *, *, #6559, .T. ) ;
#266 = ORIENTED_EDGE ( 'NONE', *, *, #1398, .F. ) ;
#267 = MECHANICAL_DESIGN_GEOMETRIC_PRESENTATION_REPRESENTATION (  '', ( #4783 ), #2771 ) ;
#268 = CARTESIAN_POINT ( 'NONE',  ( 1.500000000000000000, 8.200000000000001066, -4.615000000000000213 ) ) ;
#269 = DIRECTION ( 'NONE',  ( 0.2425356250363080723, 3.988541659006109431E-16, -0.9701425001453382047 ) ) ;
#270 = EDGE_CURVE ( 'NONE', #521, #5396, #4096, .T. ) ;
#271 = LINE ( 'NONE', #377, #6813 ) ;
#272 = EDGE_LOOP ( 'NONE', ( #6603, #6111, #6059, #4145, #5903, #3708 ) ) ;
#273 = ORIENTED_EDGE ( 'NONE', *, *, #501, .F. ) ;
#274 = EDGE_CURVE ( 'NONE', #4355, #4200, #5040, .T. ) ;
#275 = VECTOR ( 'NONE', #5667, 1000.000000000000000 ) ;
#276 = DIRECTION ( 'NONE',  ( 1.748601263784619973E-15, 0.000000000000000000, 1.000000000000000000 ) ) ;
#277 = ORIENTED_EDGE ( 'NONE', *, *, #3958, .F. ) ;
#278 = DIRECTION ( 'NONE',  ( -2.323290369613454866E-15, 0.3928571428582997016, -0.9195995135412010635 ) ) ;
#279 = CARTESIAN_POINT ( 'NONE',  ( 2.399999999999999911, 5.400000000000000355, -2.028679656439949852 ) ) ;
#280 = PRESENTATION_STYLE_ASSIGNMENT (( #5428 ) ) ;
#281 = CONICAL_SURFACE ( 'NONE', #2557, 3.049999998679999269, 0.1526493283952321811 ) ;
#282 = COLOUR_RGB ( '',1.000000000000000000, 1.000000000000000000, 1.000000000000000000 ) ;
#283 = ADVANCED_FACE ( 'NONE', ( #86 ), #5142, .F. ) ;
#284 = EDGE_CURVE ( 'NONE', #403, #2650, #6850, .T. ) ;
#285 = PRESENTATION_LAYER_ASSIGNMENT (  '', '', ( #6702 ) ) ;
#286 = PLANE ( 'NONE',  #1605 ) ;
#287 = DIRECTION ( 'NONE',  ( -1.644517855226009970E-15, 1.000000000000000000, 2.890435660536364970E-30 ) ) ;
#288 = SURFACE_STYLE_USAGE ( .BOTH. , #6562 ) ;
#289 = CARTESIAN_POINT ( 'NONE',  ( 11.00000000000000000, 11.75000000000000000, 1.750000000000034861 ) ) ;
#290 = LINE ( 'NONE', #5296, #5170 ) ;
#291 = VECTOR ( 'NONE', #3231, 1000.000000000000000 ) ;
#292 = ORIENTED_EDGE ( 'NONE', *, *, #5539, .T. ) ;
#293 = CARTESIAN_POINT ( 'NONE',  ( 9.799999999999998934, 7.894714285714319324, -3.899999999999999911 ) ) ;
#294 = EDGE_CURVE ( 'NONE', #5028, #2313, #4436, .T. ) ;
#295 = PRESENTATION_STYLE_ASSIGNMENT (( #743 ) ) ;
#296 = SURFACE_STYLE_USAGE ( .BOTH. , #7046 ) ;
#297 = LINE ( 'NONE', #1889, #3327 ) ;
#298 =( GEOMETRIC_REPRESENTATION_CONTEXT ( 3 ) GLOBAL_UNCERTAINTY_ASSIGNED_CONTEXT ( ( #4604 ) ) GLOBAL_UNIT_ASSIGNED_CONTEXT ( ( #2296, #5047, #2793 ) ) REPRESENTATION_CONTEXT ( 'NONE', 'WORKASPACE' ) );
#299 = PRESENTATION_STYLE_ASSIGNMENT (( #6569 ) ) ;
#300 = EDGE_CURVE ( 'NONE', #2127, #4506, #4466, .T. ) ;
#301 = STYLED_ITEM ( 'NONE', ( #6353 ), #1698 ) ;
#302 =( NAMED_UNIT ( * ) PLANE_ANGLE_UNIT ( ) SI_UNIT ( $, .RADIAN. ) );
#303 = FILL_AREA_STYLE_COLOUR ( '', #6990 ) ;
#304 = DIRECTION ( 'NONE',  ( -1.748601263784619973E-15, 1.482966057179082177E-32, -1.000000000000000000 ) ) ;
#305 = ORIENTED_EDGE ( 'NONE', *, *, #6336, .F. ) ;
#306 = AXIS2_PLACEMENT_3D ( 'NONE', #3188, #4202, #6440 ) ;
#307 = ORIENTED_EDGE ( 'NONE', *, *, #6005, .F. ) ;
#308 = PRESENTATION_STYLE_ASSIGNMENT (( #2597 ) ) ;
#309 = CARTESIAN_POINT ( 'NONE',  ( 0.09999999999999589773, 10.59999999999999964, -3.649999999999944844 ) ) ;
#310 = LINE ( 'NONE', #4766, #3770 ) ;
#311 = PLANE ( 'NONE',  #5346 ) ;
#312 = DIRECTION ( 'NONE',  ( -1.748601263784619973E-15, 0.000000000000000000, -1.000000000000000000 ) ) ;
#313 = EDGE_LOOP ( 'NONE', ( #5395, #2489, #7162, #3277 ) ) ;
#314 = ORIENTED_EDGE ( 'NONE', *, *, #4223, .T. ) ;
#315 = STYLED_ITEM ( 'NONE', ( #4415 ), #3520 ) ;
#316 = LINE ( 'NONE', #4848, #3880 ) ;
#317 = ORIENTED_EDGE ( 'NONE', *, *, #6428, .T. ) ;
#318 =( NAMED_UNIT ( * ) PLANE_ANGLE_UNIT ( ) SI_UNIT ( $, .RADIAN. ) );
#319 = CARTESIAN_POINT ( 'NONE',  ( 0.6767269503200089575, 8.200000000002312106, 2.523770428909054786 ) ) ;
#320 = DIRECTION ( 'NONE',  ( -1.644517855226009970E-15, 1.000000000000000000, 0.000000000000000000 ) ) ;
#321 = PRESENTATION_LAYER_ASSIGNMENT (  '', '', ( #3539 ) ) ;
#322 = DIRECTION ( 'NONE',  ( 1.748601263784619973E-15, 0.000000000000000000, 1.000000000000000000 ) ) ;
#323 = ADVANCED_FACE ( 'NONE', ( #416 ), #6170, .T. ) ;
#324 =( NAMED_UNIT ( * ) SI_UNIT ( $, .STERADIAN. ) SOLID_ANGLE_UNIT ( ) );
#325 = LINE ( 'NONE', #1511, #2574 ) ;
#326 = SURFACE_STYLE_FILL_AREA ( #5474 ) ;
#327 = ORIENTED_EDGE ( 'NONE', *, *, #3996, .F. ) ;
#328 = FILL_AREA_STYLE ('',( #3235 ) ) ;
#329 = SURFACE_STYLE_USAGE ( .BOTH. , #4709 ) ;
#330 = EDGE_CURVE ( 'NONE', #1963, #6959, #1119, .T. ) ;
#331 = VERTEX_POINT ( 'NONE', #7316 ) ;
#332 = ORIENTED_EDGE ( 'NONE', *, *, #970, .F. ) ;
#333 = SURFACE_SIDE_STYLE ('',( #5413 ) ) ;
#334 = DIRECTION ( 'NONE',  ( 0.05547001409259337545, 9.122142860490515422E-17, 0.9984603535126307383 ) ) ;
#335 = FILL_AREA_STYLE ('',( #3713 ) ) ;
#336 = PRESENTATION_STYLE_ASSIGNMENT (( #6494 ) ) ;
#337 = ADVANCED_FACE ( 'NONE', ( #1079 ), #6210, .T. ) ;
#338 = VECTOR ( 'NONE', #2050, 1000.000000000000000 ) ;
#339 =( LENGTH_UNIT ( ) NAMED_UNIT ( * ) SI_UNIT ( .MILLI., .METRE. ) );
#340 = LINE ( 'NONE', #3718, #5327 ) ;
#341 = DIRECTION ( 'NONE',  ( -1.000000000000000000, -1.644517855226009970E-15, 1.748601263784619973E-15 ) ) ;
#342 = VERTEX_POINT ( 'NONE', #2194 ) ;
#343 = PRESENTATION_STYLE_ASSIGNMENT (( #6612 ) ) ;
#344 = SURFACE_STYLE_USAGE ( .BOTH. , #2766 ) ;
#345 = SURFACE_SIDE_STYLE ('',( #4808 ) ) ;
#346 = EDGE_LOOP ( 'NONE', ( #3128, #6072, #5908, #382, #3656, #2439, #1042, #3088, #5588, #997 ) ) ;
#347 = CARTESIAN_POINT ( 'NONE',  ( 3.950000000000000178, 7.649999999999999467, 0.8500000000000499378 ) ) ;
#348 = ADVANCED_FACE ( 'NONE', ( #4501 ), #5448, .T. ) ;
#349 = AXIS2_PLACEMENT_3D ( 'NONE', #2662, #4880, #4982 ) ;
#350 = VERTEX_POINT ( 'NONE', #2448 ) ;
#351 =( NAMED_UNIT ( * ) PLANE_ANGLE_UNIT ( ) SI_UNIT ( $, .RADIAN. ) );
#352 = AXIS2_PLACEMENT_3D ( 'NONE', #6609, #2074, #1490 ) ;
#353 = DIRECTION ( 'NONE',  ( -1.748601263784619973E-15, 0.000000000000000000, -1.000000000000000000 ) ) ;
#354 = CARTESIAN_POINT ( 'NONE',  ( 3.174999999999999822, 7.649999999999999467, -0.5249999999999490630 ) ) ;
#355 = DIRECTION ( 'NONE',  ( 0.9701425001453382047, -0.2425356250363080723, -1.696392401805313410E-15 ) ) ;
#356 = DIRECTION ( 'NONE',  ( -0.9333456062030549560, 0.3589790793088808996, 0.000000000000000000 ) ) ;
#357 = ORIENTED_EDGE ( 'NONE', *, *, #731, .F. ) ;
#358 = SURFACE_STYLE_USAGE ( .BOTH. , #6487 ) ;
#359 = AXIS2_PLACEMENT_3D ( 'NONE', #2734, #524, #2703 ) ;
#360 = EDGE_CURVE ( 'NONE', #2127, #3320, #6246, .T. ) ;
#361 = VERTEX_POINT ( 'NONE', #5736 ) ;
#362 = ORIENTED_EDGE ( 'NONE', *, *, #2186, .T. ) ;
#363 = PRESENTATION_LAYER_ASSIGNMENT (  '', '', ( #4987 ) ) ;
#364 = SURFACE_STYLE_USAGE ( .BOTH. , #3205 ) ;
#365 =( NAMED_UNIT ( * ) SI_UNIT ( $, .STERADIAN. ) SOLID_ANGLE_UNIT ( ) );
#366 = CARTESIAN_POINT ( 'NONE',  ( 1.500000000000000000, 8.109625349781609316, -4.615000000000000213 ) ) ;
#367 = CARTESIAN_POINT ( 'NONE',  ( -0.9999999999999870104, 3.750000000000000000, -0.9499999999999400035 ) ) ;
#368 = AXIS2_PLACEMENT_3D ( 'NONE', #4122, #6397, #5838 ) ;
#369 =( NAMED_UNIT ( * ) PLANE_ANGLE_UNIT ( ) SI_UNIT ( $, .RADIAN. ) );
#370 = MECHANICAL_DESIGN_GEOMETRIC_PRESENTATION_REPRESENTATION (  '', ( #4645 ), #6532 ) ;
#371 = EDGE_CURVE ( 'NONE', #4629, #899, #645, .T. ) ;
#372 = PRESENTATION_STYLE_ASSIGNMENT (( #3318 ) ) ;
#373 = ORIENTED_EDGE ( 'NONE', *, *, #970, .T. ) ;
#374 = SURFACE_SIDE_STYLE ('',( #1028 ) ) ;
#375 = FILL_AREA_STYLE ('',( #4916 ) ) ;
#376 = DIRECTION ( 'NONE',  ( 0.9838699100999037661, 1.617991634378899823E-15, -0.1788854382000029664 ) ) ;
#377 = CARTESIAN_POINT ( 'NONE',  ( 0.6999999999999999556, 8.200000000000001066, -4.689999999999939995 ) ) ;
#378 = ORIENTED_EDGE ( 'NONE', *, *, #4144, .T. ) ;
#379 = DIRECTION ( 'NONE',  ( -0.7427813513546573931, 0.3713906757630267008, -0.5570860167299402921 ) ) ;
#380 = PRESENTATION_LAYER_ASSIGNMENT (  '', '', ( #6550 ) ) ;
#381 = MECHANICAL_DESIGN_GEOMETRIC_PRESENTATION_REPRESENTATION (  '', ( #2655 ), #3822 ) ;
#382 = ORIENTED_EDGE ( 'NONE', *, *, #3567, .T. ) ;
#383 = DIRECTION ( 'NONE',  ( -1.644517855226009970E-15, 1.000000000000000000, 0.000000000000000000 ) ) ;
#384 = DIRECTION ( 'NONE',  ( 1.644517855226009970E-15, -1.000000000000000000, -2.890435660536364970E-30 ) ) ;
#385 = ADVANCED_FACE ( 'NONE', ( #1160 ), #1242, .F. ) ;
#386 = EDGE_LOOP ( 'NONE', ( #6437, #4670, #3261, #4926, #7079, #1156, #6677, #5514, #987, #981, #45, #6053, #5683, #4302, #3336, #1420 ) ) ;
#387 = DIRECTION ( 'NONE',  ( -2.168404344971009657E-15, 0.3928571428571052682, -0.9195995135417112110 ) ) ;
#388 = LINE ( 'NONE', #5404, #3124 ) ;
#389 = VERTEX_POINT ( 'NONE', #605 ) ;
#390 = VECTOR ( 'NONE', #2010, 1000.000000000000000 ) ;
#391 = ORIENTED_EDGE ( 'NONE', *, *, #2844, .T. ) ;
#392 = ORIENTED_EDGE ( 'NONE', *, *, #4486, .F. ) ;
#393 = EDGE_CURVE ( 'NONE', #2087, #3370, #5177, .T. ) ;
#394 =( NAMED_UNIT ( * ) SI_UNIT ( $, .STERADIAN. ) SOLID_ANGLE_UNIT ( ) );
#395 = LINE ( 'NONE', #2687, #1697 ) ;
#396 =( GEOMETRIC_REPRESENTATION_CONTEXT ( 3 ) GLOBAL_UNCERTAINTY_ASSIGNED_CONTEXT ( ( #6453 ) ) GLOBAL_UNIT_ASSIGNED_CONTEXT ( ( #404, #2225, #7163 ) ) REPRESENTATION_CONTEXT ( 'NONE', 'WORKASPACE' ) );
#397 = DIRECTION ( 'NONE',  ( 1.644517855226009970E-15, -1.000000000000000000, 0.000000000000000000 ) ) ;
#398 = LINE ( 'NONE', #6693, #1362 ) ;
#399 = PRESENTATION_STYLE_ASSIGNMENT (( #507 ) ) ;
#400 = EDGE_CURVE ( 'NONE', #1367, #7179, #4585, .T. ) ;
#401 = DIRECTION ( 'NONE',  ( -1.748601263784619973E-15, -2.916672752317209948E-30, -1.000000000000000000 ) ) ;
#402 =( LENGTH_UNIT ( ) NAMED_UNIT ( * ) SI_UNIT ( .MILLI., .METRE. ) );
#403 = VERTEX_POINT ( 'NONE', #3587 ) ;
#404 =( LENGTH_UNIT ( ) NAMED_UNIT ( * ) SI_UNIT ( .MILLI., .METRE. ) );
#405 =( NAMED_UNIT ( * ) PLANE_ANGLE_UNIT ( ) SI_UNIT ( $, .RADIAN. ) );
#406 = CARTESIAN_POINT ( 'NONE',  ( 10.34999999999999964, 5.299999999999999822, 3.350000000000040057 ) ) ;
#407 = SURFACE_STYLE_FILL_AREA ( #2401 ) ;
#408 = AXIS2_PLACEMENT_3D ( 'NONE', #5485, #3245, #4974 ) ;
#409 = VERTEX_POINT ( 'NONE', #121 ) ;
#410 = STYLED_ITEM ( 'NONE', ( #5441 ), #3757 ) ;
#411 = EDGE_CURVE ( 'NONE', #5566, #2779, #6919, .T. ) ;
#412 = CARTESIAN_POINT ( 'NONE',  ( 2.399999999999999911, 8.200000000000001066, -5.437439318957950185 ) ) ;
#413 = PRESENTATION_LAYER_ASSIGNMENT (  '', '', ( #6356 ) ) ;
#414 = ORIENTED_EDGE ( 'NONE', *, *, #4472, .F. ) ;
#415 = PRESENTATION_LAYER_ASSIGNMENT (  '', '', ( #5509 ) ) ;
#416 = FACE_OUTER_BOUND ( 'NONE', #2524, .T. ) ;
#417 = DIRECTION ( 'NONE',  ( -0.2307692307692119638, 0.9730085108210442257, 3.336006684570782115E-16 ) ) ;
#418 = LINE ( 'NONE', #5544, #5444 ) ;
#419 = SURFACE_STYLE_USAGE ( .BOTH. , #1508 ) ;
#420 = ORIENTED_EDGE ( 'NONE', *, *, #1054, .F. ) ;
#421 = ORIENTED_EDGE ( 'NONE', *, *, #4250, .F. ) ;
#422 = ADVANCED_FACE ( 'NONE', ( #6363 ), #5242, .F. ) ;
#423 = DIRECTION ( 'NONE',  ( -1.748601263784619973E-15, 0.000000000000000000, -1.000000000000000000 ) ) ;
#424 = ORIENTED_EDGE ( 'NONE', *, *, #6880, .T. ) ;
#425 =( GEOMETRIC_REPRESENTATION_CONTEXT ( 3 ) GLOBAL_UNCERTAINTY_ASSIGNED_CONTEXT ( ( #1176 ) ) GLOBAL_UNIT_ASSIGNED_CONTEXT ( ( #339, #1891, #6982 ) ) REPRESENTATION_CONTEXT ( 'NONE', 'WORKASPACE' ) );
#426 = EDGE_CURVE ( 'NONE', #1538, #4329, #1965, .T. ) ;
#427 = CARTESIAN_POINT ( 'NONE',  ( 9.700000000000001066, 10.59999999999999964, -16.65000000000000213 ) ) ;
#428 = PRESENTATION_STYLE_ASSIGNMENT (( #4858 ) ) ;
#429 = EDGE_LOOP ( 'NONE', ( #6906, #6576, #34, #2104 ) ) ;
#430 = FILL_AREA_STYLE ('',( #912 ) ) ;
#431 = AXIS2_PLACEMENT_3D ( 'NONE', #3525, #4097, #680 ) ;
#432 = DIRECTION ( 'NONE',  ( -1.644517855226009970E-15, 1.000000000000000000, 2.875605999964574846E-30 ) ) ;
#433 = FILL_AREA_STYLE_COLOUR ( '', #3390 ) ;
#434 = EDGE_LOOP ( 'NONE', ( #1065, #461, #5103, #4112, #2336, #2008 ) ) ;
#435 = EDGE_LOOP ( 'NONE', ( #4237, #2250, #3741, #4438 ) ) ;
#436 = FILL_AREA_STYLE ('',( #6032 ) ) ;
#437 =( NAMED_UNIT ( * ) PLANE_ANGLE_UNIT ( ) SI_UNIT ( $, .RADIAN. ) );
#438 = CARTESIAN_POINT ( 'NONE',  ( 1.500000000000000000, 8.109625349781609316, 0.3850000000000554645 ) ) ;
#439 =( LENGTH_UNIT ( ) NAMED_UNIT ( * ) SI_UNIT ( .MILLI., .METRE. ) );
#440 = FACE_OUTER_BOUND ( 'NONE', #6073, .T. ) ;
#441 =( NAMED_UNIT ( * ) PLANE_ANGLE_UNIT ( ) SI_UNIT ( $, .RADIAN. ) );
#442 = DIRECTION ( 'NONE',  ( -0.9701425001453374275, -0.2425356250363111255, 1.696392401805310846E-15 ) ) ;
#443 = SURFACE_STYLE_FILL_AREA ( #3863 ) ;
#444 = EDGE_LOOP ( 'NONE', ( #54, #2680, #2037, #5338 ) ) ;
#445 = DIRECTION ( 'NONE',  ( 0.1205431253957961607, 0.9927080914950846546, -2.107818614076370941E-16 ) ) ;
#446 = SURFACE_STYLE_USAGE ( .BOTH. , #374 ) ;
#447 =( NAMED_UNIT ( * ) PLANE_ANGLE_UNIT ( ) SI_UNIT ( $, .RADIAN. ) );
#448 = DIRECTION ( 'NONE',  ( 0.000000000000000000, 2.875605999964574846E-30, -1.000000000000000000 ) ) ;
#449 = LINE ( 'NONE', #3291, #7011 ) ;
#450 = LINE ( 'NONE', #2730, #3000 ) ;
#451 = VECTOR ( 'NONE', #6512, 1000.000000000000000 ) ;
#452 = LINE ( 'NONE', #3792, #2110 ) ;
#453 = ORIENTED_EDGE ( 'NONE', *, *, #5155, .T. ) ;
#454 = DIRECTION ( 'NONE',  ( 1.000000000000000000, 1.644517855226009970E-15, -1.748601263784619973E-15 ) ) ;
#455 = VECTOR ( 'NONE', #2736, 1000.000000000000000 ) ;
#456 = FILL_AREA_STYLE ('',( #4357 ) ) ;
#457 = CARTESIAN_POINT ( 'NONE',  ( -1.000000000000000000, 3.750000000000000000, -6.649999999999999467 ) ) ;
#458 = FILL_AREA_STYLE_COLOUR ( '', #4076 ) ;
#459 = ORIENTED_EDGE ( 'NONE', *, *, #6856, .F. ) ;
#461 = ORIENTED_EDGE ( 'NONE', *, *, #5406, .T. ) ;
#460 = EDGE_CURVE ( 'NONE', #5480, #6522, #7089, .T. ) ;
#462 = COLOUR_RGB ( '',0.2862745098039215508, 0.6431372549019607199, 0.8666666666666666963 ) ;
#463 = VERTEX_POINT ( 'NONE', #6500 ) ;
#464 = DIRECTION ( 'NONE',  ( -0.8933250006747830430, 0.4466625002858900517, -0.04962916489077739968 ) ) ;
#465 = ORIENTED_EDGE ( 'NONE', *, *, #660, .F. ) ;
#466 = FILL_AREA_STYLE ('',( #7326 ) ) ;
#467 = EDGE_CURVE ( 'NONE', #531, #1632, #3684, .T. ) ;
#468 = UNCERTAINTY_MEASURE_WITH_UNIT (LENGTH_MEASURE( 1.000000000000000082E-05 ), #3526, 'distance_accuracy_value', 'NONE');
#469 = FILL_AREA_STYLE ('',( #6441 ) ) ;
#470 = ORIENTED_EDGE ( 'NONE', *, *, #3878, .F. ) ;
#471 = PLANE ( 'NONE',  #6683 ) ;
#472 = CARTESIAN_POINT ( 'NONE',  ( 0.7500000000000219824, -0.2499999999999905076, 1.100000000000054046 ) ) ;
#473 = CARTESIAN_POINT ( 'NONE',  ( 1.300000000000000044, 7.100000000000000533, -0.7499999999999450440 ) ) ;
#474 = AXIS2_PLACEMENT_3D ( 'NONE', #4461, #2187, #4914 ) ;
#475 = PRESENTATION_LAYER_ASSIGNMENT (  '', '', ( #3686 ) ) ;
#476 = ORIENTED_EDGE ( 'NONE', *, *, #5068, .F. ) ;
#477 = DIRECTION ( 'NONE',  ( -0.8411784753765673139, 0.5407575913134772261, 1.470885745111886609E-15 ) ) ;
#478 = DIRECTION ( 'NONE',  ( -0.9883716976506227159, 0.000000000000000000, 0.1520571842539049368 ) ) ;
#479 = VERTEX_POINT ( 'NONE', #895 ) ;
#480 = LINE ( 'NONE', #1027, #3503 ) ;
#481 = COLOUR_RGB ( '',0.2862745098039215508, 0.6431372549019607199, 0.8666666666666666963 ) ;
#482 = CARTESIAN_POINT ( 'NONE',  ( 1.300000000000011813, 7.100000000000000533, 2.450000000000054801 ) ) ;
#483 = PLANE ( 'NONE',  #3928 ) ;
#484 = CARTESIAN_POINT ( 'NONE',  ( 0.6999999999999999556, 4.200000000000000178, -4.689999999999939995 ) ) ;
#485 =( GEOMETRIC_REPRESENTATION_CONTEXT ( 3 ) GLOBAL_UNCERTAINTY_ASSIGNED_CONTEXT ( ( #2831 ) ) GLOBAL_UNIT_ASSIGNED_CONTEXT ( ( #2944, #2824, #7199 ) ) REPRESENTATION_CONTEXT ( 'NONE', 'WORKASPACE' ) );
#486 = STYLED_ITEM ( 'NONE', ( #2571 ), #1596 ) ;
#487 = ORIENTED_EDGE ( 'NONE', *, *, #330, .F. ) ;
#488 = EDGE_CURVE ( 'NONE', #7060, #7200, #6468, .T. ) ;
#489 = DIRECTION ( 'NONE',  ( -1.000000000000000000, -1.644517855226009970E-15, 1.748601263784619973E-15 ) ) ;
#490 = CARTESIAN_POINT ( 'NONE',  ( -0.1999999993499944895, 8.599999999630808745, 0.2600000022150580348 ) ) ;
#491 =( NAMED_UNIT ( * ) PLANE_ANGLE_UNIT ( ) SI_UNIT ( $, .RADIAN. ) );
#492 = CARTESIAN_POINT ( 'NONE',  ( 0.7500000000000000000, 7.611199771552090709, -3.659999999999945075 ) ) ;
#493 = ADVANCED_FACE ( 'NONE', ( #856 ), #2562, .T. ) ;
#494 = EDGE_LOOP ( 'NONE', ( #756, #2629, #3657, #3814, #4864, #3406 ) ) ;
#495 = ORIENTED_EDGE ( 'NONE', *, *, #6209, .T. ) ;
#496 = AXIS2_PLACEMENT_3D ( 'NONE', #3017, #213, #3706 ) ;
#497 = CARTESIAN_POINT ( 'NONE',  ( -0.5999999999999909850, 8.800000000000000711, 1.740000000000055058 ) ) ;
#498 = FILL_AREA_STYLE ('',( #5473 ) ) ;
#499 = EDGE_LOOP ( 'NONE', ( #974, #2708, #6733, #2130, #4224 ) ) ;
#500 = DIRECTION ( 'NONE',  ( 1.000000000000000000, 1.611135744046419970E-15, -1.714057775220610174E-15 ) ) ;
#501 = EDGE_CURVE ( 'NONE', #3851, #4751, #2077, .T. ) ;
#502 =( NAMED_UNIT ( * ) SI_UNIT ( $, .STERADIAN. ) SOLID_ANGLE_UNIT ( ) );
#503 = ORIENTED_EDGE ( 'NONE', *, *, #1812, .F. ) ;
#504 = DIRECTION ( 'NONE',  ( -1.000000000000000000, 0.000000000000000000, 1.748601263784619973E-15 ) ) ;
#505 = DIRECTION ( 'NONE',  ( 1.000000000000000000, 1.644517855226009970E-15, -1.748601263784619973E-15 ) ) ;
#506 = CARTESIAN_POINT ( 'NONE',  ( 3.950000000000000178, 7.144714285714309554, 0.3500000000000499933 ) ) ;
#507 = SURFACE_STYLE_USAGE ( .BOTH. , #7228 ) ;
#508 = PRESENTATION_LAYER_ASSIGNMENT (  '', '', ( #3502 ) ) ;
#509 = AXIS2_PLACEMENT_3D ( 'NONE', #4419, #4460, #4913 ) ;
#510 = VERTEX_POINT ( 'NONE', #927 ) ;
#511 = ADVANCED_FACE ( 'NONE', ( #4803 ), #195, .F. ) ;
#512 = SURFACE_STYLE_FILL_AREA ( #5565 ) ;
#513 = CARTESIAN_POINT ( 'NONE',  ( 0.7250000000000099698, 6.200000000000000178, 0.3350000000000555311 ) ) ;
#514 = ORIENTED_EDGE ( 'NONE', *, *, #5439, .F. ) ;
#515 = EDGE_CURVE ( 'NONE', #3884, #5660, #963, .T. ) ;
#516 = CARTESIAN_POINT ( 'NONE',  ( -1.000000000000000000, 10.75000000000000000, -0.9499999999999400035 ) ) ;
#517 = DIRECTION ( 'NONE',  ( -1.000000000000000000, -2.859691650543225067E-12, 7.297626393077378907E-11 ) ) ;
#518 = CARTESIAN_POINT ( 'NONE',  ( 1.500000000000000000, 4.200000000000000178, -3.649999999999944844 ) ) ;
#519 = COLOUR_RGB ( '',0.2862745098039215508, 0.6431372549019607199, 0.8666666666666666963 ) ;
#520 = LINE ( 'NONE', #7239, #7241 ) ;
#521 = VERTEX_POINT ( 'NONE', #3321 ) ;
#522 = CARTESIAN_POINT ( 'NONE',  ( 1.500000000000000000, 8.200000000000001066, 0.3850000000000554645 ) ) ;
#523 = VERTEX_POINT ( 'NONE', #998 ) ;
#524 = DIRECTION ( 'NONE',  ( 2.095246567705922775E-15, -0.2425356250363094601, 0.9701425001453377606 ) ) ;
#525 = DIRECTION ( 'NONE',  ( -0.9984603535126312934, -1.641985879086795522E-15, 0.05547001409258351529 ) ) ;
#526 = SURFACE_SIDE_STYLE ('',( #2154 ) ) ;
#527 = SURFACE_STYLE_FILL_AREA ( #6136 ) ;
#528 =( NAMED_UNIT ( * ) SI_UNIT ( $, .STERADIAN. ) SOLID_ANGLE_UNIT ( ) );
#529 = PRESENTATION_LAYER_ASSIGNMENT (  '', '', ( #6344 ) ) ;
#530 = ORIENTED_EDGE ( 'NONE', *, *, #7184, .T. ) ;
#531 = VERTEX_POINT ( 'NONE', #2660 ) ;
#532 = VERTEX_POINT ( 'NONE', #6700 ) ;
#533 = VECTOR ( 'NONE', #51, 1000.000000000000000 ) ;
#534 =( NAMED_UNIT ( * ) PLANE_ANGLE_UNIT ( ) SI_UNIT ( $, .RADIAN. ) );
#535 = FILL_AREA_STYLE_COLOUR ( '', #1162 ) ;
#536 = ORIENTED_EDGE ( 'NONE', *, *, #4582, .T. ) ;
#537 = ADVANCED_FACE ( 'NONE', ( #4979 ), #1690, .T. ) ;
#538 = SURFACE_STYLE_FILL_AREA ( #1637 ) ;
#539 = SURFACE_STYLE_FILL_AREA ( #2324 ) ;
#540 = UNCERTAINTY_MEASURE_WITH_UNIT (LENGTH_MEASURE( 1.000000000000000082E-05 ), #1859, 'distance_accuracy_value', 'NONE');
#541 =( NAMED_UNIT ( * ) PLANE_ANGLE_UNIT ( ) SI_UNIT ( $, .RADIAN. ) );
#542 = AXIS2_PLACEMENT_3D ( 'NONE', #2445, #1740, #5692 ) ;
#543 =( NAMED_UNIT ( * ) PLANE_ANGLE_UNIT ( ) SI_UNIT ( $, .RADIAN. ) );
#544 = EDGE_CURVE ( 'NONE', #6870, #531, #480, .T. ) ;
#545 = DIRECTION ( 'NONE',  ( 1.644517855226009970E-15, -1.000000000000000000, -2.875605999964574846E-30 ) ) ;
#546 = VECTOR ( 'NONE', #552, 1000.000000000000227 ) ;
#547 = ORIENTED_EDGE ( 'NONE', *, *, #3395, .F. ) ;
#548 = CARTESIAN_POINT ( 'NONE',  ( 8.800000000000000711, 7.144714285714319324, 1.350000000000040057 ) ) ;
#549 = ORIENTED_EDGE ( 'NONE', *, *, #6705, .T. ) ;
#550 = CARTESIAN_POINT ( 'NONE',  ( 0.7500000000000000000, 8.200000000000001066, 0.3600000000000544986 ) ) ;
#551 = SURFACE_STYLE_FILL_AREA ( #6766 ) ;
#552 = DIRECTION ( 'NONE',  ( 0.9838699100999037661, 1.617991634378899823E-15, -0.1788854382000029664 ) ) ;
#553 = DIRECTION ( 'NONE',  ( -1.748601263784619973E-15, 0.000000000000000000, -1.000000000000000000 ) ) ;
#554 = SURFACE_SIDE_STYLE ('',( #1113 ) ) ;
#555 = ORIENTED_EDGE ( 'NONE', *, *, #2294, .T. ) ;
#556 = ORIENTED_EDGE ( 'NONE', *, *, #7198, .T. ) ;
#557 = CARTESIAN_POINT ( 'NONE',  ( 3.174999999999999822, 7.649999999999999467, 0.8500000000000509370 ) ) ;
#558 = LINE ( 'NONE', #714, #2270 ) ;
#559 = CARTESIAN_POINT ( 'NONE',  ( 9.799999999999998934, 7.144714285714319324, -3.649999999999999911 ) ) ;
#560 = VECTOR ( 'NONE', #4931, 1000.000000000000000 ) ;
#561 = VERTEX_POINT ( 'NONE', #7195 ) ;
#562 = ORIENTED_EDGE ( 'NONE', *, *, #393, .T. ) ;
#563 = VERTEX_POINT ( 'NONE', #6734 ) ;
#564 = DIRECTION ( 'NONE',  ( 2.352167425053296418E-15, -0.6949152542373064900, 0.7190916418846067248 ) ) ;
#565 = CARTESIAN_POINT ( 'NONE',  ( 0.6500000000000099032, 6.200000000000000178, 0.3072222225000539875 ) ) ;
#566 = DIRECTION ( 'NONE',  ( 1.644517855226009970E-15, -1.000000000000000000, -2.890435660536364970E-30 ) ) ;
#567 =( NAMED_UNIT ( * ) SI_UNIT ( $, .STERADIAN. ) SOLID_ANGLE_UNIT ( ) );
#568 = PLANE ( 'NONE',  #5424 ) ;
#569 = SURFACE_STYLE_FILL_AREA ( #466 ) ;
#570 = UNCERTAINTY_MEASURE_WITH_UNIT (LENGTH_MEASURE( 1.000000000000000082E-05 ), #4520, 'distance_accuracy_value', 'NONE');
#571 = SURFACE_SIDE_STYLE ('',( #539 ) ) ;
#572 =( GEOMETRIC_REPRESENTATION_CONTEXT ( 3 ) GLOBAL_UNCERTAINTY_ASSIGNED_CONTEXT ( ( #6792 ) ) GLOBAL_UNIT_ASSIGNED_CONTEXT ( ( #3674, #5830, #6426 ) ) REPRESENTATION_CONTEXT ( 'NONE', 'WORKASPACE' ) );
#573 = VECTOR ( 'NONE', #6977, 1000.000000000000000 ) ;
#574 = UNCERTAINTY_MEASURE_WITH_UNIT (LENGTH_MEASURE( 1.000000000000000082E-05 ), #3745, 'distance_accuracy_value', 'NONE');
#575 = PRESENTATION_STYLE_ASSIGNMENT (( #6193 ) ) ;
#576 = EDGE_CURVE ( 'NONE', #2781, #5552, #5743, .T. ) ;
#577 = MECHANICAL_DESIGN_GEOMETRIC_PRESENTATION_REPRESENTATION (  '', ( #3778 ), #1910 ) ;
#578 = CARTESIAN_POINT ( 'NONE',  ( 11.00000000000000000, 5.400000000000000355, 3.350000000000055156 ) ) ;
#579 = CARTESIAN_POINT ( 'NONE',  ( 2.399999999999999911, 7.649999999999999467, -4.149999999999949729 ) ) ;
#580 = CARTESIAN_POINT ( 'NONE',  ( 2.399999999999999911, 7.100000000000000533, -0.5499999999999460876 ) ) ;
#581 = CARTESIAN_POINT ( 'NONE',  ( 1.955294117647009999, 8.144714285714309554, 1.315000000000052127 ) ) ;
#582 = EDGE_CURVE ( 'NONE', #1247, #2910, #6159, .T. ) ;
#583 = ORIENTED_EDGE ( 'NONE', *, *, #4812, .F. ) ;
#584 = CARTESIAN_POINT ( 'NONE',  ( 1.955294117647000007, 8.144714285714309554, -3.684999999999949871 ) ) ;
#585 = MECHANICAL_DESIGN_GEOMETRIC_PRESENTATION_REPRESENTATION (  '', ( #5695 ), #6644 ) ;
#586 = MECHANICAL_DESIGN_GEOMETRIC_PRESENTATION_REPRESENTATION (  '', ( #4033 ), #5696 ) ;
#587 = UNCERTAINTY_MEASURE_WITH_UNIT (LENGTH_MEASURE( 1.000000000000000082E-05 ), #4606, 'distance_accuracy_value', 'NONE');
#588 = LINE ( 'NONE', #5049, #5973 ) ;
#589 = ORIENTED_EDGE ( 'NONE', *, *, #3055, .F. ) ;
#590 = CARTESIAN_POINT ( 'NONE',  ( 0.5000000000000210942, 0.7500000000000089928, 1.350000000000054046 ) ) ;
#591 = PRESENTATION_STYLE_ASSIGNMENT (( #5132 ) ) ;
#592 = DIRECTION ( 'NONE',  ( 1.748601263784619973E-15, 0.000000000000000000, 1.000000000000000000 ) ) ;
#593 = FILL_AREA_STYLE ('',( #5609 ) ) ;
#594 = DIRECTION ( 'NONE',  ( 0.9927080914950846546, -0.1205431253957961746, -1.735850623357524424E-15 ) ) ;
#595 = EDGE_CURVE ( 'NONE', #4506, #3476, #6042, .T. ) ;
#596 = CIRCLE ( 'NONE', #4146, 3.150000000000000799 ) ;
#597 = ORIENTED_EDGE ( 'NONE', *, *, #190, .T. ) ;
#598 = VERTEX_POINT ( 'NONE', #5051 ) ;
#599 = FILL_AREA_STYLE_COLOUR ( '', #4344 ) ;
#600 = B_SPLINE_CURVE_WITH_KNOTS ( 'NONE', 3,
 ( #2833, #5089, #6803, #2879, #1731, #5764, #6238, #670 ),
 .UNSPECIFIED., .F., .F.,
 ( 4, 1, 1, 1, 1, 4 ),
 ( 0.000000000000000000, 0.2000000000000000111, 0.4000000000000000222, 0.5999999999999999778, 0.8000000000000000444, 1.000000000000000000 ),
 .UNSPECIFIED. ) ;
#601 = AXIS2_PLACEMENT_3D ( 'NONE', #3144, #5390, #4194 ) ;
#602 = VECTOR ( 'NONE', #1060, 1000.000000000000000 ) ;
#603 = CARTESIAN_POINT ( 'NONE',  ( 9.700000000000001066, 10.59999999999999964, -3.449999999999960210 ) ) ;
#604 = DIRECTION ( 'NONE',  ( -0.9486832980505232049, 0.000000000000000000, 0.3162277660168096305 ) ) ;
#605 = CARTESIAN_POINT ( 'NONE',  ( 1.800000000000000044, 8.144714285714309554, -4.615000000000000213 ) ) ;
#606 = LINE ( 'NONE', #2887, #7205 ) ;
#607 =( LENGTH_UNIT ( ) NAMED_UNIT ( * ) SI_UNIT ( .MILLI., .METRE. ) );
#608 = PRESENTATION_LAYER_ASSIGNMENT (  '', '', ( #5711 ) ) ;
#609 = AXIS2_PLACEMENT_3D ( 'NONE', #7007, #6452, #1948 ) ;
#610 = ORIENTED_EDGE ( 'NONE', *, *, #5146, .F. ) ;
#611 = ORIENTED_EDGE ( 'NONE', *, *, #4211, .T. ) ;
#612 = CARTESIAN_POINT ( 'NONE',  ( 2.399999999999949729, 9.599999999999999645, -32.72200000000000131 ) ) ;
#613 =( GEOMETRIC_REPRESENTATION_CONTEXT ( 3 ) GLOBAL_UNCERTAINTY_ASSIGNED_CONTEXT ( ( #2545 ) ) GLOBAL_UNIT_ASSIGNED_CONTEXT ( ( #4860, #4824, #876 ) ) REPRESENTATION_CONTEXT ( 'NONE', 'WORKASPACE' ) );
#614 = EDGE_CURVE ( 'NONE', #749, #718, #4791, .T. ) ;
#615 = SURFACE_STYLE_USAGE ( .BOTH. , #2935 ) ;
#616 = VECTOR ( 'NONE', #2437, 999.9999999999998863 ) ;
#617 = CARTESIAN_POINT ( 'NONE',  ( 0.7500000000000219824, -0.2499999999999905076, 1.100000000000054046 ) ) ;
#618 =( NAMED_UNIT ( * ) PLANE_ANGLE_UNIT ( ) SI_UNIT ( $, .RADIAN. ) );
#619 = PLANE ( 'NONE',  #4985 ) ;
#620 = EDGE_CURVE ( 'NONE', #1123, #4454, #2915, .T. ) ;
#621 = MECHANICAL_DESIGN_GEOMETRIC_PRESENTATION_REPRESENTATION (  '', ( #141 ), #1702 ) ;
#622 = UNCERTAINTY_MEASURE_WITH_UNIT (LENGTH_MEASURE( 1.000000000000000082E-05 ), #2173, 'distance_accuracy_value', 'NONE');
#623 = FILL_AREA_STYLE_COLOUR ( '', #2568 ) ;
#624 = VECTOR ( 'NONE', #2866, 1000.000000000000000 ) ;
#625 = COLOUR_RGB ( '',0.2862745098039215508, 0.6431372549019607199, 0.8666666666666666963 ) ;
#626 =( NAMED_UNIT ( * ) PLANE_ANGLE_UNIT ( ) SI_UNIT ( $, .RADIAN. ) );
#627 = DIRECTION ( 'NONE',  ( 1.748601263784619973E-15, 0.000000000000000000, 1.000000000000000000 ) ) ;
#628 = FACE_OUTER_BOUND ( 'NONE', #6557, .T. ) ;
#629 = UNCERTAINTY_MEASURE_WITH_UNIT (LENGTH_MEASURE( 1.000000000000000082E-05 ), #6597, 'distance_accuracy_value', 'NONE');
#630 = CARTESIAN_POINT ( 'NONE',  ( -0.5999999999999878764, 4.200000000000000178, -0.9499999999999400035 ) ) ;
#631 = ADVANCED_FACE ( 'NONE', ( #7037 ), #5797, .T. ) ;
#632 = ORIENTED_EDGE ( 'NONE', *, *, #5779, .F. ) ;
#633 = CARTESIAN_POINT ( 'NONE',  ( 0.7000000000000149436, 4.200000000000000178, 1.390000000000053859 ) ) ;
#634 = FILL_AREA_STYLE_COLOUR ( '', #1116 ) ;
#635 = ORIENTED_EDGE ( 'NONE', *, *, #4836, .F. ) ;
#636 = CARTESIAN_POINT ( 'NONE',  ( 9.700000000000001066, 12.25000000000000000, 1.550000000000039790 ) ) ;
#637 = VECTOR ( 'NONE', #2091, 1000.000000000000000 ) ;
#638 =( LENGTH_UNIT ( ) NAMED_UNIT ( * ) SI_UNIT ( .MILLI., .METRE. ) );
#639 = FACE_OUTER_BOUND ( 'NONE', #669, .T. ) ;
#640 = LINE ( 'NONE', #518, #4862 ) ;
#641 = EDGE_CURVE ( 'NONE', #463, #1538, #5684, .T. ) ;
#642 = PRESENTATION_STYLE_ASSIGNMENT (( #710 ) ) ;
#643 = FILL_AREA_STYLE_COLOUR ( '', #462 ) ;
#644 = SURFACE_STYLE_FILL_AREA ( #750 ) ;
#645 = LINE ( 'NONE', #2309, #1423 ) ;
#646 = CARTESIAN_POINT ( 'NONE',  ( 3.950000000000000178, 7.144714285714309554, 1.350000000000050271 ) ) ;
#647 = FILL_AREA_STYLE_COLOUR ( '', #953 ) ;
#648 = FACE_OUTER_BOUND ( 'NONE', #79, .T. ) ;
#649 = VERTEX_POINT ( 'NONE', #636 ) ;
#650 = EDGE_CURVE ( 'NONE', #3141, #2740, #1109, .T. ) ;
#651 = FACE_OUTER_BOUND ( 'NONE', #4234, .T. ) ;
#652 = SURFACE_STYLE_FILL_AREA ( #3492 ) ;
#653 = COLOUR_RGB ( '',1.000000000000000000, 1.000000000000000000, 1.000000000000000000 ) ;
#654 = SURFACE_SIDE_STYLE ('',( #3564 ) ) ;
#655 = CARTESIAN_POINT ( 'NONE',  ( 0.6999999999999999556, 7.100000000000000533, -6.299999999999999822 ) ) ;
#656 = SURFACE_STYLE_FILL_AREA ( #5182 ) ;
#657 = UNCERTAINTY_MEASURE_WITH_UNIT (LENGTH_MEASURE( 1.000000000000000082E-05 ), #3571, 'distance_accuracy_value', 'NONE');
#658 =( LENGTH_UNIT ( ) NAMED_UNIT ( * ) SI_UNIT ( .MILLI., .METRE. ) );
#659 = MECHANICAL_DESIGN_GEOMETRIC_PRESENTATION_REPRESENTATION (  '', ( #1001 ), #5993 ) ;
#660 = EDGE_CURVE ( 'NONE', #2618, #3057, #2339, .T. ) ;
#661 = UNCERTAINTY_MEASURE_WITH_UNIT (LENGTH_MEASURE( 1.000000000000000082E-05 ), #4068, 'distance_accuracy_value', 'NONE');
#662 = PRESENTATION_STYLE_ASSIGNMENT (( #6451 ) ) ;
#663 = LINE ( 'NONE', #2942, #5768 ) ;
#664 = DIRECTION ( 'NONE',  ( 0.000000000000000000, 2.875605999964574846E-30, -1.000000000000000000 ) ) ;
#665 = PRESENTATION_LAYER_ASSIGNMENT (  '', '', ( #5521 ) ) ;
#666 = ORIENTED_EDGE ( 'NONE', *, *, #804, .F. ) ;
#667 =( NAMED_UNIT ( * ) SI_UNIT ( $, .STERADIAN. ) SOLID_ANGLE_UNIT ( ) );
#668 =( NAMED_UNIT ( * ) SI_UNIT ( $, .STERADIAN. ) SOLID_ANGLE_UNIT ( ) );
#669 = EDGE_LOOP ( 'NONE', ( #414, #5943, #3909, #1803 ) ) ;
#670 = CARTESIAN_POINT ( 'NONE',  ( 1.400000000138003964, 8.199999999997110933, -0.4374393188849459713 ) ) ;
#671 = PRESENTATION_LAYER_ASSIGNMENT (  '', '', ( #7068 ) ) ;
#672 = SURFACE_STYLE_FILL_AREA ( #4575 ) ;
#673 = CARTESIAN_POINT ( 'NONE',  ( 1.500000000000000000, 8.200000000000001066, 0.3600000000000544986 ) ) ;
#674 = SURFACE_STYLE_FILL_AREA ( #5766 ) ;
#675 = PRESENTATION_LAYER_ASSIGNMENT (  '', '', ( #4831 ) ) ;
#676 = ORIENTED_EDGE ( 'NONE', *, *, #6177, .T. ) ;
#677 =( GEOMETRIC_REPRESENTATION_CONTEXT ( 3 ) GLOBAL_UNCERTAINTY_ASSIGNED_CONTEXT ( ( #130 ) ) GLOBAL_UNIT_ASSIGNED_CONTEXT ( ( #1165, #3450, #2318 ) ) REPRESENTATION_CONTEXT ( 'NONE', 'WORKASPACE' ) );
#678 = SURFACE_STYLE_USAGE ( .BOTH. , #1815 ) ;
#679 = DIRECTION ( 'NONE',  ( 0.000000000000000000, -0.7142857142856900987, -0.6998542122237899621 ) ) ;
#680 = DIRECTION ( 'NONE',  ( 0.000000000000000000, -1.000000000000000000, -1.233388391419503928E-15 ) ) ;
#681 = SURFACE_STYLE_USAGE ( .BOTH. , #1243 ) ;
#682 = CARTESIAN_POINT ( 'NONE',  ( 1.500000000000000000, 0.7500000000000109912, 0.3500000000000550449 ) ) ;
#683 = DIRECTION ( 'NONE',  ( -0.5407575913134772261, -0.8411784753765674250, 9.455694075718747027E-16 ) ) ;
#684 = ORIENTED_EDGE ( 'NONE', *, *, #748, .T. ) ;
#685 = VERTEX_POINT ( 'NONE', #5644 ) ;
#686 = PLANE ( 'NONE',  #4102 ) ;
#687 = FACE_OUTER_BOUND ( 'NONE', #7116, .T. ) ;
#688 = LINE ( 'NONE', #4132, #1521 ) ;
#689 = CARTESIAN_POINT ( 'NONE',  ( 10.34999999141860094, 7.450000000000000178, -4.150000000000000355 ) ) ;
#690 = SURFACE_SIDE_STYLE ('',( #1786 ) ) ;
#691 = FACE_OUTER_BOUND ( 'NONE', #5613, .T. ) ;
#692 = EDGE_CURVE ( 'NONE', #6959, #6837, #3978, .T. ) ;
#693 = VECTOR ( 'NONE', #4852, 1000.000000000000000 ) ;
#694 = CARTESIAN_POINT ( 'NONE',  ( 0.7500000000000000000, 8.200000000000001066, 0.3600000000000544986 ) ) ;
#695 = CARTESIAN_POINT ( 'NONE',  ( 0.09999999999999069356, 10.59999999999999964, -6.649999999999999467 ) ) ;
#696 = CARTESIAN_POINT ( 'NONE',  ( 2.399999999999999911, 5.400000000000000355, -16.65000000000000213 ) ) ;
#697 = DIRECTION ( 'NONE',  ( 1.644517855226009970E-15, -1.000000000000000000, -2.890435660536364970E-30 ) ) ;
#698 = EDGE_CURVE ( 'NONE', #7178, #2741, #1804, .T. ) ;
#699 = SURFACE_STYLE_FILL_AREA ( #4081 ) ;
#700 = ORIENTED_EDGE ( 'NONE', *, *, #595, .T. ) ;
#701 = SURFACE_STYLE_FILL_AREA ( #6972 ) ;
#702 = COLOUR_RGB ( '',1.000000000000000000, 1.000000000000000000, 1.000000000000000000 ) ;
#703 = DIRECTION ( 'NONE',  ( -1.000000000000000000, 0.000000000000000000, 1.748601263784619973E-15 ) ) ;
#704 = VERTEX_POINT ( 'NONE', #6351 ) ;
#705 = DIRECTION ( 'NONE',  ( -9.293161478433903489E-16, 0.9357142857139193470, 0.3527588064257072831 ) ) ;
#706 = FACE_OUTER_BOUND ( 'NONE', #5964, .T. ) ;
#707 = CARTESIAN_POINT ( 'NONE',  ( 1.500000000000000000, 8.200000000000001066, 1.340000000000054037 ) ) ;
#708 = SURFACE_STYLE_USAGE ( .BOTH. , #154 ) ;
#709 = ORIENTED_EDGE ( 'NONE', *, *, #4351, .F. ) ;
#710 = SURFACE_STYLE_USAGE ( .BOTH. , #5237 ) ;
#711 = DIRECTION ( 'NONE',  ( -1.748601263784619973E-15, 0.000000000000000000, -1.000000000000000000 ) ) ;
#712 = FILL_AREA_STYLE_COLOUR ( '', #3875 ) ;
#713 = COLOUR_RGB ( '',1.000000000000000000, 1.000000000000000000, 1.000000000000000000 ) ;
#714 = CARTESIAN_POINT ( 'NONE',  ( 2.399999999999999911, 10.59999999999999964, -4.649999999999999467 ) ) ;
#715 =( LENGTH_UNIT ( ) NAMED_UNIT ( * ) SI_UNIT ( .MILLI., .METRE. ) );
#716 = FACE_OUTER_BOUND ( 'NONE', #5229, .T. ) ;
#717 = ORIENTED_EDGE ( 'NONE', *, *, #6367, .T. ) ;
#718 = VERTEX_POINT ( 'NONE', #3549 ) ;
#719 = EDGE_CURVE ( 'NONE', #5689, #3917, #4218, .T. ) ;
#720 = PRESENTATION_STYLE_ASSIGNMENT (( #2455 ) ) ;
#721 = CARTESIAN_POINT ( 'NONE',  ( 11.00000000000000000, 5.400000000000000355, -16.65000000000000213 ) ) ;
#722 = PRODUCT_DEFINITION_FORMATION_WITH_SPECIFIED_SOURCE ( 'ANY', '', #4001, .NOT_KNOWN. ) ;
#723 = UNCERTAINTY_MEASURE_WITH_UNIT (LENGTH_MEASURE( 1.000000000000000082E-05 ), #2307, 'distance_accuracy_value', 'NONE');
#724 = CARTESIAN_POINT ( 'NONE',  ( 0.6000000000000089706, 8.200000000000001066, 1.395555555000054015 ) ) ;
#725 = COLOUR_RGB ( '',0.2862745098039215508, 0.6431372549019607199, 0.8666666666666666963 ) ;
#726 = COLOUR_RGB ( '',0.2862745098039215508, 0.6431372549019607199, 0.8666666666666666963 ) ;
#727 = DIRECTION ( 'NONE',  ( -0.9883716976506232710, 0.1520571842539020224, 1.728267999600830409E-15 ) ) ;
#728 = AXIS2_PLACEMENT_3D ( 'NONE', #4529, #1806, #744 ) ;
#729 = LINE ( 'NONE', #5219, #6572 ) ;
#730 = STYLED_ITEM ( 'NONE', ( #575 ), #5850 ) ;
#731 = EDGE_CURVE ( 'NONE', #3912, #3056, #600, .T. ) ;
#732 = CARTESIAN_POINT ( 'NONE',  ( -0.5999999999999999778, 4.200000000000000178, -5.950000000000000178 ) ) ;
#733 = EDGE_CURVE ( 'NONE', #6221, #510, #6841, .T. ) ;
#734 = UNCERTAINTY_MEASURE_WITH_UNIT (LENGTH_MEASURE( 1.000000000000000082E-05 ), #6301, 'distance_accuracy_value', 'NONE');
#735 = DIRECTION ( 'NONE',  ( -1.644517855226009970E-15, 1.000000000000000000, 2.890435660536364970E-30 ) ) ;
#736 = PLANE ( 'NONE',  #496 ) ;
#737 = FILL_AREA_STYLE ('',( #2330 ) ) ;
#738 = VERTEX_POINT ( 'NONE', #111 ) ;
#739 = VECTOR ( 'NONE', #1682, 1000.000000000000227 ) ;
#740 = MECHANICAL_DESIGN_GEOMETRIC_PRESENTATION_REPRESENTATION (  '', ( #6550 ), #4533 ) ;
#741 = DIRECTION ( 'NONE',  ( 1.644517855226009970E-15, -1.000000000000000000, -2.890435660536364970E-30 ) ) ;
#742 = ORIENTED_EDGE ( 'NONE', *, *, #3147, .T. ) ;
#743 = SURFACE_STYLE_USAGE ( .BOTH. , #1336 ) ;
#744 = DIRECTION ( 'NONE',  ( -1.000000000000000000, 0.000000000000000000, 1.748601263784619973E-15 ) ) ;
#745 = FACE_OUTER_BOUND ( 'NONE', #6599, .T. ) ;
#746 = ADVANCED_FACE ( 'NONE', ( #1232 ), #6268, .F. ) ;
#747 = SURFACE_STYLE_USAGE ( .BOTH. , #4760 ) ;
#748 = EDGE_CURVE ( 'NONE', #6855, #6402, #2536, .T. ) ;
#749 = VERTEX_POINT ( 'NONE', #7111 ) ;
#750 = FILL_AREA_STYLE ('',( #6985 ) ) ;
#751 = STYLED_ITEM ( 'NONE', ( #1049 ), #871 ) ;
#752 = LINE ( 'NONE', #268, #6754 ) ;
#753 =( NAMED_UNIT ( * ) PLANE_ANGLE_UNIT ( ) SI_UNIT ( $, .RADIAN. ) );
#754 =( LENGTH_UNIT ( ) NAMED_UNIT ( * ) SI_UNIT ( .MILLI., .METRE. ) );
#755 =( LENGTH_UNIT ( ) NAMED_UNIT ( * ) SI_UNIT ( .MILLI., .METRE. ) );
#756 = ORIENTED_EDGE ( 'NONE', *, *, #4535, .T. ) ;
#757 = COLOUR_RGB ( '',0.2862745098039215508, 0.6431372549019607199, 0.8666666666666666963 ) ;
#758 = ORIENTED_EDGE ( 'NONE', *, *, #2150, .F. ) ;
#759 = LINE ( 'NONE', #866, #2803 ) ;
#760 = ORIENTED_EDGE ( 'NONE', *, *, #1980, .F. ) ;
#761 = COLOUR_RGB ( '',0.2862745098039215508, 0.6431372549019607199, 0.8666666666666666963 ) ;
#762 = PRESENTATION_STYLE_ASSIGNMENT (( #5846 ) ) ;
#763 = CARTESIAN_POINT ( 'NONE',  ( 0.1000000000000045991, 7.100000000000000533, -2.149999999999944844 ) ) ;
#764 = CARTESIAN_POINT ( 'NONE',  ( 1.500000000000000000, 8.200000000000001066, -4.639999999999999680 ) ) ;
#765 = LINE ( 'NONE', #694, #3968 ) ;
#766 = STYLED_ITEM ( 'NONE', ( #4491 ), #4066 ) ;
#767 = CARTESIAN_POINT ( 'NONE',  ( 9.299999999999998934, 7.269714285714319324, 0.8500000000000399458 ) ) ;
#768 = LINE ( 'NONE', #4639, #7023 ) ;
#769 =( NAMED_UNIT ( * ) SI_UNIT ( $, .STERADIAN. ) SOLID_ANGLE_UNIT ( ) );
#770 = PRODUCT_CONTEXT ( 'NONE', #2479, 'mechanical' ) ;
#771 = VERTEX_POINT ( 'NONE', #834 ) ;
#772 =( NAMED_UNIT ( * ) PLANE_ANGLE_UNIT ( ) SI_UNIT ( $, .RADIAN. ) );
#773 = MECHANICAL_DESIGN_GEOMETRIC_PRESENTATION_REPRESENTATION (  '', ( #3279 ), #3625 ) ;
#774 =( NAMED_UNIT ( * ) PLANE_ANGLE_UNIT ( ) SI_UNIT ( $, .RADIAN. ) );
#775 = VECTOR ( 'NONE', #7313, 1000.000000000000000 ) ;
#776 = MECHANICAL_DESIGN_GEOMETRIC_PRESENTATION_REPRESENTATION (  '', ( #900 ), #425 ) ;
#777 = ORIENTED_EDGE ( 'NONE', *, *, #4567, .T. ) ;
#778 = ORIENTED_EDGE ( 'NONE', *, *, #2922, .F. ) ;
#779 = DIRECTION ( 'NONE',  ( -1.644517855226009970E-15, 1.000000000000000000, 0.000000000000000000 ) ) ;
#780 = SURFACE_SIDE_STYLE ('',( #5872 ) ) ;
#781 = LINE ( 'NONE', #3185, #4644 ) ;
#782 = LINE ( 'NONE', #1385, #390 ) ;
#783 = ADVANCED_FACE ( 'NONE', ( #7183 ), #1551, .F. ) ;
#784 = ORIENTED_EDGE ( 'NONE', *, *, #6002, .T. ) ;
#785 = VECTOR ( 'NONE', #3160, 1000.000000000000000 ) ;
#786 = ORIENTED_EDGE ( 'NONE', *, *, #4144, .F. ) ;
#787 = DIRECTION ( 'NONE',  ( -1.000000000000000000, -1.644517855226009970E-15, 1.748601263784619973E-15 ) ) ;
#788 = DIRECTION ( 'NONE',  ( -1.000000000000000000, -1.644517855226009970E-15, 1.748601263784619973E-15 ) ) ;
#789 = SURFACE_STYLE_FILL_AREA ( #5326 ) ;
#790 = APPLICATION_CONTEXT ( 'automotive_design' ) ;
#791 = FILL_AREA_STYLE_COLOUR ( '', #3873 ) ;
#792 = FILL_AREA_STYLE ('',( #5957 ) ) ;
#793 = CARTESIAN_POINT ( 'NONE',  ( 1.300000000000014033, 5.400000000000000355, 2.450000000000054801 ) ) ;
#794 = LINE ( 'NONE', #6416, #2892 ) ;
#795 = DIRECTION ( 'NONE',  ( 1.644517855226009970E-15, -1.000000000000000000, -2.890435660536364970E-30 ) ) ;
#796 = UNCERTAINTY_MEASURE_WITH_UNIT (LENGTH_MEASURE( 1.000000000000000082E-05 ), #4021, 'distance_accuracy_value', 'NONE');
#797 =( GEOMETRIC_REPRESENTATION_CONTEXT ( 3 ) GLOBAL_UNCERTAINTY_ASSIGNED_CONTEXT ( ( #4038 ) ) GLOBAL_UNIT_ASSIGNED_CONTEXT ( ( #2856, #3533, #5251 ) ) REPRESENTATION_CONTEXT ( 'NONE', 'WORKASPACE' ) );
#798 = EDGE_LOOP ( 'NONE', ( #5620, #1641, #6176, #3130 ) ) ;
#799 = EDGE_CURVE ( 'NONE', #361, #389, #5998, .T. ) ;
#800 =( NAMED_UNIT ( * ) SI_UNIT ( $, .STERADIAN. ) SOLID_ANGLE_UNIT ( ) );
#801 = DIRECTION ( 'NONE',  ( 1.644517855226009970E-15, -1.000000000000000000, -2.890435660536364970E-30 ) ) ;
#802 = DIRECTION ( 'NONE',  ( 1.000000000000000000, 0.000000000000000000, 0.000000000000000000 ) ) ;
#803 = CARTESIAN_POINT ( 'NONE',  ( 2.399999999999999911, 7.649999999999999467, 0.8500000000000520473 ) ) ;
#804 = EDGE_CURVE ( 'NONE', #7186, #5533, #946, .T. ) ;
#805 = LINE ( 'NONE', #3094, #2 ) ;
#806 = AXIS2_PLACEMENT_3D ( 'NONE', #81, #2374, #4615 ) ;
#807 = EDGE_CURVE ( 'NONE', #1813, #4964, #3274, .T. ) ;
#808 = EDGE_LOOP ( 'NONE', ( #4846, #6916, #1125, #5596 ) ) ;
#809 = EDGE_CURVE ( 'NONE', #5533, #1963, #6029, .T. ) ;
#810 = ORIENTED_EDGE ( 'NONE', *, *, #1127, .T. ) ;
#811 = SURFACE_SIDE_STYLE ('',( #1830 ) ) ;
#812 = LINE ( 'NONE', #5354, #5911 ) ;
#813 = LINE ( 'NONE', #2040, #6420 ) ;
#814 = ORIENTED_EDGE ( 'NONE', *, *, #2066, .T. ) ;
#815 = CARTESIAN_POINT ( 'NONE',  ( 0.5341344524396163251, 9.414262687436133703, -3.649999999999945732 ) ) ;
#816 = AXIS2_PLACEMENT_3D ( 'NONE', #1024, #442, #7234 ) ;
#817 = CARTESIAN_POINT ( 'NONE',  ( 0.5000000000000000000, 6.844714285714309732, -4.649999999999939959 ) ) ;
#818 = ORIENTED_EDGE ( 'NONE', *, *, #1890, .F. ) ;
#819 = ORIENTED_EDGE ( 'NONE', *, *, #6005, .T. ) ;
#820 = ORIENTED_EDGE ( 'NONE', *, *, #731, .T. ) ;
#821 = PRESENTATION_LAYER_ASSIGNMENT (  '', '', ( #4143 ) ) ;
#822 = VECTOR ( 'NONE', #1937, 1000.000000000000000 ) ;
#823 = FILL_AREA_STYLE ('',( #7103 ) ) ;
#824 =( NAMED_UNIT ( * ) SI_UNIT ( $, .STERADIAN. ) SOLID_ANGLE_UNIT ( ) );
#825 = DIRECTION ( 'NONE',  ( -1.644517855226009970E-15, 1.000000000000000000, 2.890435660536364970E-30 ) ) ;
#826 = MECHANICAL_DESIGN_GEOMETRIC_PRESENTATION_REPRESENTATION (  '', ( #5701 ), #4637 ) ;
#827 = COLOUR_RGB ( '',0.2862745098039215508, 0.6431372549019607199, 0.8666666666666666963 ) ;
#828 = COLOUR_RGB ( '',0.2862745098039215508, 0.6431372549019607199, 0.8666666666666666963 ) ;
#829 = EDGE_CURVE ( 'NONE', #4849, #4505, #3126, .T. ) ;
#830 = SURFACE_SIDE_STYLE ('',( #5922 ) ) ;
#831 = VECTOR ( 'NONE', #162, 1000.000000000000000 ) ;
#832 = PRESENTATION_LAYER_ASSIGNMENT (  '', '', ( #5118 ) ) ;
#833 = ADVANCED_FACE ( 'NONE', ( #5151 ), #3923, .F. ) ;
#834 = CARTESIAN_POINT ( 'NONE',  ( 1.399999999999999911, 8.959999999999999076, -4.643862328994940114 ) ) ;
#835 = PLANE ( 'NONE',  #3946 ) ;
#836 = VECTOR ( 'NONE', #5093, 1000.000000000000000 ) ;
#837 = MECHANICAL_DESIGN_GEOMETRIC_PRESENTATION_REPRESENTATION (  '', ( #2175 ), #6534 ) ;
#838 = B_SPLINE_CURVE_WITH_KNOTS ( 'NONE', 3,
 ( #3775, #2135, #1484, #4833 ),
 .UNSPECIFIED., .F., .F.,
 ( 4, 4 ),
 ( 0.000000000000000000, 1.000000000000000000 ),
 .UNSPECIFIED. ) ;
#839 = VECTOR ( 'NONE', #2097, 1000.000000000000000 ) ;
#840 = ORIENTED_EDGE ( 'NONE', *, *, #6636, .T. ) ;
#841 = PLANE ( 'NONE',  #2458 ) ;
#842 = MECHANICAL_DESIGN_GEOMETRIC_PRESENTATION_REPRESENTATION (  '', ( #4056 ), #1565 ) ;
#843 = FACE_OUTER_BOUND ( 'NONE', #854, .T. ) ;
#844 = COLOUR_RGB ( '',0.2862745098039215508, 0.6431372549019607199, 0.8666666666666666963 ) ;
#845 = FILL_AREA_STYLE ('',( #1408 ) ) ;
#846 = DIRECTION ( 'NONE',  ( -1.000000000000000000, -1.644517855226009970E-15, 1.748601263784619973E-15 ) ) ;
#847 = DIRECTION ( 'NONE',  ( 1.644517855226009970E-15, -1.000000000000000000, 0.000000000000000000 ) ) ;
#848 = DIRECTION ( 'NONE',  ( 6.930567231222539704E-14, 1.168500215858619925E-28, -1.000000000000000000 ) ) ;
#849 = EDGE_CURVE ( 'NONE', #4937, #4928, #3888, .T. ) ;
#850 = PRESENTATION_LAYER_ASSIGNMENT (  '', '', ( #5471 ) ) ;
#851 = PRESENTATION_STYLE_ASSIGNMENT (( #6949 ) ) ;
#852 = EDGE_CURVE ( 'NONE', #6582, #4720, #6444, .T. ) ;
#853 = FILL_AREA_STYLE_COLOUR ( '', #7104 ) ;
#854 = EDGE_LOOP ( 'NONE', ( #583, #5741, #5417, #2276 ) ) ;
#855 = EDGE_LOOP ( 'NONE', ( #7135, #3285, #1061, #2102, #5210, #3258 ) ) ;
#856 = FACE_OUTER_BOUND ( 'NONE', #272, .T. ) ;
#857 = MECHANICAL_DESIGN_GEOMETRIC_PRESENTATION_REPRESENTATION (  '', ( #28 ), #4295 ) ;
#858 = LINE ( 'NONE', #2936, #2516 ) ;
#859 = DIRECTION ( 'NONE',  ( -1.644517855226009970E-15, 1.000000000000000000, 2.890435660536364970E-30 ) ) ;
#860 = SURFACE_STYLE_FILL_AREA ( #375 ) ;
#861 =( NAMED_UNIT ( * ) SI_UNIT ( $, .STERADIAN. ) SOLID_ANGLE_UNIT ( ) );
#862 = CARTESIAN_POINT ( 'NONE',  ( 11.00000000000000000, 5.200000000000000178, -1.354540768504961967 ) ) ;
#863 = ORIENTED_EDGE ( 'NONE', *, *, #1836, .T. ) ;
#864 = ORIENTED_EDGE ( 'NONE', *, *, #1358, .T. ) ;
#865 = MECHANICAL_DESIGN_GEOMETRIC_PRESENTATION_REPRESENTATION (  '', ( #1098 ), #5481 ) ;
#866 = CARTESIAN_POINT ( 'NONE',  ( 1.500000000000000000, 8.200000000000001066, 1.340000000000054037 ) ) ;
#867 = ORIENTED_EDGE ( 'NONE', *, *, #5889, .F. ) ;
#868 = DIRECTION ( 'NONE',  ( -2.168404344971009262E-15, 0.9357142857142992654, -0.3527588064246995336 ) ) ;
#869 = DIRECTION ( 'NONE',  ( 0.2425356250363080723, 0.9701425001453382047, -4.240981004512810209E-16 ) ) ;
#870 = LINE ( 'NONE', #2641, #1425 ) ;
#871 = ADVANCED_FACE ( 'NONE', ( #5706 ), #1594, .T. ) ;
#872 =( GEOMETRIC_REPRESENTATION_CONTEXT ( 3 ) GLOBAL_UNCERTAINTY_ASSIGNED_CONTEXT ( ( #4072 ) ) GLOBAL_UNIT_ASSIGNED_CONTEXT ( ( #873, #4287, #940 ) ) REPRESENTATION_CONTEXT ( 'NONE', 'WORKASPACE' ) );
#873 =( LENGTH_UNIT ( ) NAMED_UNIT ( * ) SI_UNIT ( .MILLI., .METRE. ) );
#874 = CARTESIAN_POINT ( 'NONE',  ( 1.500000000000000000, 8.200000000000001066, 0.3600000000000544986 ) ) ;
#875 = EDGE_LOOP ( 'NONE', ( #7275, #3448, #2202, #1003 ) ) ;
#876 =( NAMED_UNIT ( * ) SI_UNIT ( $, .STERADIAN. ) SOLID_ANGLE_UNIT ( ) );
#877 = ADVANCED_FACE ( 'NONE', ( #5628 ), #619, .F. ) ;
#878 = DIRECTION ( 'NONE',  ( -1.644517855226009970E-15, 1.000000000000000000, 2.875605999964574846E-30 ) ) ;
#879 = PLANE ( 'NONE',  #5837 ) ;
#880 = ORIENTED_EDGE ( 'NONE', *, *, #2719, .T. ) ;
#881 = ORIENTED_EDGE ( 'NONE', *, *, #2418, .F. ) ;
#882 = DIRECTION ( 'NONE',  ( 1.000000000000000000, 1.644517855226009970E-15, 0.000000000000000000 ) ) ;
#883 = FILL_AREA_STYLE ('',( #6974 ) ) ;
#884 = SURFACE_SIDE_STYLE ('',( #5969 ) ) ;
#885 = PRESENTATION_LAYER_ASSIGNMENT (  '', '', ( #1983 ) ) ;
#886 = EDGE_CURVE ( 'NONE', #4928, #3591, #5253, .T. ) ;
#887 = STYLED_ITEM ( 'NONE', ( #1203 ), #283 ) ;
#888 = VECTOR ( 'NONE', #114, 1000.000000000000000 ) ;
#889 =( NAMED_UNIT ( * ) SI_UNIT ( $, .STERADIAN. ) SOLID_ANGLE_UNIT ( ) );
#890 = CARTESIAN_POINT ( 'NONE',  ( -0.6000000000000069722, 10.75000000000000000, -5.950000000000000178 ) ) ;
#891 = SURFACE_STYLE_USAGE ( .BOTH. , #4911 ) ;
#892 = VERTEX_POINT ( 'NONE', #1900 ) ;
#893 = VECTOR ( 'NONE', #7062, 1000.000000000000000 ) ;
#894 = ORIENTED_EDGE ( 'NONE', *, *, #3747, .F. ) ;
#895 = CARTESIAN_POINT ( 'NONE',  ( 1.500000000000000000, 8.109625349781609316, -3.659999999999945075 ) ) ;
#896 = SURFACE_STYLE_USAGE ( .BOTH. , #5315 ) ;
#897 = LINE ( 'NONE', #3220, #5227 ) ;
#898 = LINE ( 'NONE', #1970, #2671 ) ;
#899 = VERTEX_POINT ( 'NONE', #5883 ) ;
#900 = STYLED_ITEM ( 'NONE', ( #851 ), #3499 ) ;
#901 = DIRECTION ( 'NONE',  ( -1.000000000000000000, -1.644517855226009970E-15, 1.748601263784619973E-15 ) ) ;
#902 = ORIENTED_EDGE ( 'NONE', *, *, #5186, .F. ) ;
#903 = DIRECTION ( 'NONE',  ( 1.000000000000000000, 1.656467862367375191E-15, -1.753106346500909902E-15 ) ) ;
#904 = CARTESIAN_POINT ( 'NONE',  ( 0.7399999999999999911, 4.200000000000000178, -4.649999999999939959 ) ) ;
#905 = STYLED_ITEM ( 'NONE', ( #3417 ), #2933 ) ;
#906 = EDGE_CURVE ( 'NONE', #6442, #930, #4704, .T. ) ;
#907 = EDGE_CURVE ( 'NONE', #1779, #2665, #5215, .T. ) ;
#908 = EDGE_CURVE ( 'NONE', #6582, #4454, #6335, .T. ) ;
#909 =( NAMED_UNIT ( * ) PLANE_ANGLE_UNIT ( ) SI_UNIT ( $, .RADIAN. ) );
#910 = LINE ( 'NONE', #5996, #3936 ) ;
#911 = EDGE_LOOP ( 'NONE', ( #7286, #6777, #7284, #4969 ) ) ;
#912 = FILL_AREA_STYLE_COLOUR ( '', #4406 ) ;
#913 = EDGE_CURVE ( 'NONE', #2613, #5643, #4134, .T. ) ;
#914 = ORIENTED_EDGE ( 'NONE', *, *, #294, .T. ) ;
#915 = ORIENTED_EDGE ( 'NONE', *, *, #6081, .F. ) ;
#916 = CARTESIAN_POINT ( 'NONE',  ( 1.327637489681996019, 8.199999999997110933, -5.476783897363949549 ) ) ;
#917 = EDGE_CURVE ( 'NONE', #6521, #2156, #5847, .T. ) ;
#918 = PLANE ( 'NONE',  #6939 ) ;
#919 = COLOUR_RGB ( '',1.000000000000000000, 1.000000000000000000, 1.000000000000000000 ) ;
#920 =( NAMED_UNIT ( * ) SI_UNIT ( $, .STERADIAN. ) SOLID_ANGLE_UNIT ( ) );
#921 = VECTOR ( 'NONE', #2898, 1000.000000000000000 ) ;
#922 = CIRCLE ( 'NONE', #5081, 0.9999999999999991118 ) ;
#923 = LINE ( 'NONE', #6608, #6103 ) ;
#924 = SURFACE_STYLE_FILL_AREA ( #6573 ) ;
#925 =( NAMED_UNIT ( * ) SI_UNIT ( $, .STERADIAN. ) SOLID_ANGLE_UNIT ( ) );
#926 = VERTEX_POINT ( 'NONE', #3535 ) ;
#927 = CARTESIAN_POINT ( 'NONE',  ( 11.00000000000000000, 11.09999999999999964, 1.750000000000034861 ) ) ;
#928 = FACE_OUTER_BOUND ( 'NONE', #4954, .T. ) ;
#929 = PRESENTATION_STYLE_ASSIGNMENT (( #7165 ) ) ;
#930 = VERTEX_POINT ( 'NONE', #2937 ) ;
#931 = CARTESIAN_POINT ( 'NONE',  ( 1.500000000000000000, 4.200000000000000178, -4.649999999999939959 ) ) ;
#932 = FACE_OUTER_BOUND ( 'NONE', #429, .T. ) ;
#933 = STYLED_ITEM ( 'NONE', ( #10 ), #4702 ) ;
#934 = ORIENTED_EDGE ( 'NONE', *, *, #5952, .F. ) ;
#935 = STYLED_ITEM ( 'NONE', ( #929 ), #4927 ) ;
#936 = ORIENTED_EDGE ( 'NONE', *, *, #5125, .F. ) ;
#937 =( NAMED_UNIT ( * ) PLANE_ANGLE_UNIT ( ) SI_UNIT ( $, .RADIAN. ) );
#938 = CARTESIAN_POINT ( 'NONE',  ( 11.00000000000000000, 5.200000000000000178, -6.649999999999999467 ) ) ;
#939 = SURFACE_SIDE_STYLE ('',( #4358 ) ) ;
#940 =( NAMED_UNIT ( * ) SI_UNIT ( $, .STERADIAN. ) SOLID_ANGLE_UNIT ( ) );
#941 = VERTEX_POINT ( 'NONE', #763 ) ;
#942 = EDGE_CURVE ( 'NONE', #3034, #2247, #4169, .T. ) ;
#943 = SURFACE_SIDE_STYLE ('',( #4822 ) ) ;
#944 = LINE ( 'NONE', #4894, #1943 ) ;
#945 = EDGE_LOOP ( 'NONE', ( #6001, #7337, #597, #1482, #7021, #2441 ) ) ;
#946 = LINE ( 'NONE', #6600, #5849 ) ;
#947 = ORIENTED_EDGE ( 'NONE', *, *, #245, .F. ) ;
#948 = VERTEX_POINT ( 'NONE', #4633 ) ;
#949 = STYLED_ITEM ( 'NONE', ( #4015 ), #6303 ) ;
#950 = MECHANICAL_DESIGN_GEOMETRIC_PRESENTATION_REPRESENTATION (  '', ( #5221 ), #4757 ) ;
#951 = LINE ( 'NONE', #3852, #4571 ) ;
#952 = EDGE_CURVE ( 'NONE', #1620, #4877, #5927, .T. ) ;
#953 = COLOUR_RGB ( '',0.2862745098039215508, 0.6431372549019607199, 0.8666666666666666963 ) ;
#954 = CARTESIAN_POINT ( 'NONE',  ( 1.500000000000000000, 8.200000000000001066, -4.615000000000000213 ) ) ;
#955 = PRESENTATION_STYLE_ASSIGNMENT (( #6607 ) ) ;
#956 = COLOUR_RGB ( '',0.2862745098039215508, 0.6431372549019607199, 0.8666666666666666963 ) ;
#957 = PRESENTATION_LAYER_ASSIGNMENT (  '', '', ( #2993 ) ) ;
#958 = CARTESIAN_POINT ( 'NONE',  ( 0.7249999999999999778, 6.200000000000000178, -3.634999999999944720 ) ) ;
#959 = VECTOR ( 'NONE', #4823, 1000.000000000000000 ) ;
#960 = DIRECTION ( 'NONE',  ( 1.644517855226009970E-15, -1.000000000000000000, -2.890435660536364970E-30 ) ) ;
#961 = FILL_AREA_STYLE_COLOUR ( '', #2152 ) ;
#962 = ORIENTED_EDGE ( 'NONE', *, *, #968, .T. ) ;
#963 = LINE ( 'NONE', #1571, #7153 ) ;
#964 = PLANE ( 'NONE',  #7 ) ;
#965 = CARTESIAN_POINT ( 'NONE',  ( 0.7400000000000099831, 7.597309794603360977, 1.350000000000054046 ) ) ;
#966 =( NAMED_UNIT ( * ) SI_UNIT ( $, .STERADIAN. ) SOLID_ANGLE_UNIT ( ) );
#967 =( GEOMETRIC_REPRESENTATION_CONTEXT ( 3 ) GLOBAL_UNCERTAINTY_ASSIGNED_CONTEXT ( ( #1171 ) ) GLOBAL_UNIT_ASSIGNED_CONTEXT ( ( #4715, #5864, #2105 ) ) REPRESENTATION_CONTEXT ( 'NONE', 'WORKASPACE' ) );
#968 = EDGE_CURVE ( 'NONE', #3057, #6971, #5785, .T. ) ;
#969 = ORIENTED_EDGE ( 'NONE', *, *, #6540, .F. ) ;
#970 = EDGE_CURVE ( 'NONE', #6448, #6610, #6998, .T. ) ;
#971 = DIRECTION ( 'NONE',  ( -1.000000000000000000, 1.134242272754066116E-14, 1.751403509399660857E-15 ) ) ;
#972 = PRESENTATION_LAYER_ASSIGNMENT (  '', '', ( #28 ) ) ;
#973 = AXIS2_PLACEMENT_3D ( 'NONE', #6989, #3485, #4624 ) ;
#974 = ORIENTED_EDGE ( 'NONE', *, *, #3768, .F. ) ;
#975 = SURFACE_SIDE_STYLE ('',( #3835 ) ) ;
#976 = LINE ( 'NONE', #4325, #455 ) ;
#977 = LINE ( 'NONE', #4326, #4635 ) ;
#978 = CARTESIAN_POINT ( 'NONE',  ( 1.800000000000000044, 4.200000000000000178, -2.349999999999945022 ) ) ;
#979 = CIRCLE ( 'NONE', #6695, 0.9999999999999991118 ) ;
#980 = ORIENTED_EDGE ( 'NONE', *, *, #5406, .F. ) ;
#981 = ORIENTED_EDGE ( 'NONE', *, *, #6149, .T. ) ;
#982 = SURFACE_SIDE_STYLE ('',( #2675 ) ) ;
#983 = STYLED_ITEM ( 'NONE', ( #3446 ), #7078 ) ;
#984 = ORIENTED_EDGE ( 'NONE', *, *, #7044, .F. ) ;
#985 = LINE ( 'NONE', #7298, #2674 ) ;
#986 = ORIENTED_EDGE ( 'NONE', *, *, #6149, .F. ) ;
#987 = ORIENTED_EDGE ( 'NONE', *, *, #6271, .T. ) ;
#988 = CARTESIAN_POINT ( 'NONE',  ( -0.5999999999999828804, 4.200000000000000178, 2.650000000000054978 ) ) ;
#989 = UNCERTAINTY_MEASURE_WITH_UNIT (LENGTH_MEASURE( 1.000000000000000082E-05 ), #1427, 'distance_accuracy_value', 'NONE');
#990 = SURFACE_SIDE_STYLE ('',( #2028 ) ) ;
#991 = DIRECTION ( 'NONE',  ( -0.9333456062030549560, 0.3589790793088808996, 0.000000000000000000 ) ) ;
#992 = FILL_AREA_STYLE_COLOUR ( '', #2517 ) ;
#993 = MECHANICAL_DESIGN_GEOMETRIC_PRESENTATION_REPRESENTATION (  '', ( #6702 ), #4689 ) ;
#994 = AXIS2_PLACEMENT_3D ( 'NONE', #3974, #106, #1105 ) ;
#995 = CARTESIAN_POINT ( 'NONE',  ( 9.700000000000001066, 10.59999999999999964, -3.449999999999960210 ) ) ;
#996 = CARTESIAN_POINT ( 'NONE',  ( 11.00000000000000000, 11.09999999999999964, -5.049999999999999822 ) ) ;
#997 = ORIENTED_EDGE ( 'NONE', *, *, #6743, .F. ) ;
#998 = CARTESIAN_POINT ( 'NONE',  ( 2.399999999999999911, 5.400000000000000355, 2.250000000000049738 ) ) ;
#999 = DIRECTION ( 'NONE',  ( -1.000000000000000000, -7.011711381465519170E-11, -2.377355239868735164E-09 ) ) ;
#1000 = DIRECTION ( 'NONE',  ( -1.000000000000000000, -1.679596676000170044E-15, 1.714231179114525165E-15 ) ) ;
#1001 = STYLED_ITEM ( 'NONE', ( #7155 ), #1842 ) ;
#1002 = LINE ( 'NONE', #3260, #4936 ) ;
#1003 = ORIENTED_EDGE ( 'NONE', *, *, #7171, .T. ) ;
#1004 = VECTOR ( 'NONE', #1181, 1000.000000000000114 ) ;
#1005 = FILL_AREA_STYLE_COLOUR ( '', #4696 ) ;
#1006 = LINE ( 'NONE', #6589, #4854 ) ;
#1007 =( LENGTH_UNIT ( ) NAMED_UNIT ( * ) SI_UNIT ( .MILLI., .METRE. ) );
#1008 = ORIENTED_EDGE ( 'NONE', *, *, #6626, .T. ) ;
#1009 = ORIENTED_EDGE ( 'NONE', *, *, #4453, .T. ) ;
#1010 = LINE ( 'NONE', #497, #2360 ) ;
#1011 =( GEOMETRIC_REPRESENTATION_CONTEXT ( 3 ) GLOBAL_UNCERTAINTY_ASSIGNED_CONTEXT ( ( #3040 ) ) GLOBAL_UNIT_ASSIGNED_CONTEXT ( ( #6024, #1942, #3763 ) ) REPRESENTATION_CONTEXT ( 'NONE', 'WORKASPACE' ) );
#1012 = CARTESIAN_POINT ( 'NONE',  ( 1.400000000004005818, 7.649999999998869704, 0.8499999999980538679 ) ) ;
#1013 = DIRECTION ( 'NONE',  ( -1.748601263784619973E-15, 0.000000000000000000, -1.000000000000000000 ) ) ;
#1014 = ORIENTED_EDGE ( 'NONE', *, *, #2482, .T. ) ;
#1015 = UNCERTAINTY_MEASURE_WITH_UNIT (LENGTH_MEASURE( 1.000000000000000082E-05 ), #3296, 'distance_accuracy_value', 'NONE');
#1016 = ORIENTED_EDGE ( 'NONE', *, *, #1872, .T. ) ;
#1017 = CARTESIAN_POINT ( 'NONE',  ( 2.399999999999999911, 7.100000000000000533, -6.649999999999999467 ) ) ;
#1018 = CARTESIAN_POINT ( 'NONE',  ( 0.7500000000000000000, 8.200000000000001066, -4.639999999999999680 ) ) ;
#1019 = CARTESIAN_POINT ( 'NONE',  ( -0.5999999999999909850, 7.649999999999999467, 0.8500000000000569322 ) ) ;
#1020 = ADVANCED_FACE ( 'NONE', ( #5325 ), #4600, .T. ) ;
#1021 = EDGE_LOOP ( 'NONE', ( #5378, #3379, #1705, #3937, #986 ) ) ;
#1022 = CARTESIAN_POINT ( 'NONE',  ( -1.000000000000000000, 3.750000000000000000, -5.950000000000000178 ) ) ;
#1023 = ADVANCED_FACE ( 'NONE', ( #6624 ), #2051, .T. ) ;
#1024 = CARTESIAN_POINT ( 'NONE',  ( 0.6250000000000109912, 0.2500000000000089928, -4.149999999999945288 ) ) ;
#1025 = DIRECTION ( 'NONE',  ( -1.644517855226009970E-15, 1.000000000000000000, 2.890435660536364970E-30 ) ) ;
#1026 = ORIENTED_EDGE ( 'NONE', *, *, #57, .T. ) ;
#1027 = CARTESIAN_POINT ( 'NONE',  ( 3.950000000000000178, 8.144714285714320212, -4.649999999999999467 ) ) ;
#1028 = SURFACE_STYLE_FILL_AREA ( #2727 ) ;
#1029 = CARTESIAN_POINT ( 'NONE',  ( 9.799999999999998934, 7.394714285714319324, 0.6000000000000389466 ) ) ;
#1030 = CARTESIAN_POINT ( 'NONE',  ( -0.5999999999999909850, 4.200000000000000178, -2.349999999999945022 ) ) ;
#1031 = DIRECTION ( 'NONE',  ( -1.000000000000000000, -1.644517855226009970E-15, 1.748601263784619973E-15 ) ) ;
#1032 = DIRECTION ( 'NONE',  ( -1.748601263784619973E-15, 0.000000000000000000, -1.000000000000000000 ) ) ;
#1033 = COLOUR_RGB ( '',0.2862745098039215508, 0.6431372549019607199, 0.8666666666666666963 ) ;
#1034 = EDGE_CURVE ( 'NONE', #6679, #3591, #977, .T. ) ;
#1035 = CARTESIAN_POINT ( 'NONE',  ( 1.500000000000000000, 4.200000000000000178, -3.649999999999944844 ) ) ;
#1036 = EDGE_CURVE ( 'NONE', #5950, #2966, #870, .T. ) ;
#1037 = EDGE_LOOP ( 'NONE', ( #1516, #2967, #3589, #2159 ) ) ;
#1038 = CARTESIAN_POINT ( 'NONE',  ( 0.1000000000000079992, 7.649999999999999467, 0.8500000000000560441 ) ) ;
#1039 = VECTOR ( 'NONE', #4663, 1000.000000000000000 ) ;
#1040 = CARTESIAN_POINT ( 'NONE',  ( 9.908938232858000461, 5.367855656478020876, -6.284958033527960453 ) ) ;
#1041 = PRESENTATION_STYLE_ASSIGNMENT (( #2239 ) ) ;
#1042 = ORIENTED_EDGE ( 'NONE', *, *, #641, .F. ) ;
#1043 = ORIENTED_EDGE ( 'NONE', *, *, #4690, .F. ) ;
#1044 = CYLINDRICAL_SURFACE ( 'NONE', #6717, 0.9999999999999991118 ) ;
#1045 = ORIENTED_EDGE ( 'NONE', *, *, #544, .F. ) ;
#1046 = FACE_OUTER_BOUND ( 'NONE', #5942, .T. ) ;
#1047 = FILL_AREA_STYLE ('',( #6750 ) ) ;
#1048 = ORIENTED_EDGE ( 'NONE', *, *, #6779, .F. ) ;
#1049 = PRESENTATION_STYLE_ASSIGNMENT (( #6185 ) ) ;
#1050 =( LENGTH_UNIT ( ) NAMED_UNIT ( * ) SI_UNIT ( .MILLI., .METRE. ) );
#1051 = EDGE_CURVE ( 'NONE', #6826, #5460, #5402, .T. ) ;
#1052 = UNCERTAINTY_MEASURE_WITH_UNIT (LENGTH_MEASURE( 1.000000000000000082E-05 ), #7152, 'distance_accuracy_value', 'NONE');
#1053 = ORIENTED_EDGE ( 'NONE', *, *, #1177, .T. ) ;
#1054 = EDGE_CURVE ( 'NONE', #2452, #2275, #4891, .T. ) ;
#1055 =( GEOMETRIC_REPRESENTATION_CONTEXT ( 3 ) GLOBAL_UNCERTAINTY_ASSIGNED_CONTEXT ( ( #3634 ) ) GLOBAL_UNIT_ASSIGNED_CONTEXT ( ( #6391, #4117, #1855 ) ) REPRESENTATION_CONTEXT ( 'NONE', 'WORKASPACE' ) );
#1056 = VECTOR ( 'NONE', #2238, 1000.000000000000000 ) ;
#1057 = STYLED_ITEM ( 'NONE', ( #5467 ), #1076 ) ;
#1058 = FILL_AREA_STYLE ('',( #3392 ) ) ;
#1059 =( NAMED_UNIT ( * ) PLANE_ANGLE_UNIT ( ) SI_UNIT ( $, .RADIAN. ) );
#1060 = DIRECTION ( 'NONE',  ( 0.9486832980505244262, 1.560126622598785884E-15, 0.3162277660168061888 ) ) ;
#1061 = ORIENTED_EDGE ( 'NONE', *, *, #3150, .F. ) ;
#1062 =( LENGTH_UNIT ( ) NAMED_UNIT ( * ) SI_UNIT ( .MILLI., .METRE. ) );
#1063 = MECHANICAL_DESIGN_GEOMETRIC_PRESENTATION_REPRESENTATION (  '', ( #131 ), #1935 ) ;
#1064 = SURFACE_STYLE_USAGE ( .BOTH. , #4611 ) ;
#1065 = ORIENTED_EDGE ( 'NONE', *, *, #488, .T. ) ;
#1066 = DIRECTION ( 'NONE',  ( -1.644517855226009970E-15, 1.000000000000000000, 2.890435660536364970E-30 ) ) ;
#1067 =( LENGTH_UNIT ( ) NAMED_UNIT ( * ) SI_UNIT ( .MILLI., .METRE. ) );
#1068 = CARTESIAN_POINT ( 'NONE',  ( 1.398548747334995790, 8.959230384172011341, -4.649999999999939959 ) ) ;
#1069 = FILL_AREA_STYLE ('',( #4949 ) ) ;
#1070 = DIRECTION ( 'NONE',  ( -1.000000000000000000, -1.644517855226009970E-15, 0.000000000000000000 ) ) ;
#1071 = LINE ( 'NONE', #3364, #2981 ) ;
#1072 = EDGE_LOOP ( 'NONE', ( #6675, #4711, #1386, #7306 ) ) ;
#1073 = STYLED_ITEM ( 'NONE', ( #4881 ), #2093 ) ;
#1074 = B_SPLINE_CURVE_WITH_KNOTS ( 'NONE', 3,
 ( #1829, #95, #6333, #2428 ),
 .UNSPECIFIED., .F., .F.,
 ( 4, 4 ),
 ( 0.000000000000000000, 1.000000000000000000 ),
 .UNSPECIFIED. ) ;
#1075 = VECTOR ( 'NONE', #594, 1000.000000000000114 ) ;
#1076 = ADVANCED_FACE ( 'NONE', ( #3264 ), #3796, .T. ) ;
#1077 = LINE ( 'NONE', #5463, #3986 ) ;
#1078 = ORIENTED_EDGE ( 'NONE', *, *, #7322, .F. ) ;
#1079 = FACE_OUTER_BOUND ( 'NONE', #1944, .T. ) ;
#1080 = PRESENTATION_LAYER_ASSIGNMENT (  '', '', ( #141 ) ) ;
#1081 = DIRECTION ( 'NONE',  ( 1.000000000000000000, 1.644517855226009970E-15, -1.927470528863120133E-15 ) ) ;
#1082 = PRESENTATION_LAYER_ASSIGNMENT (  '', '', ( #751 ) ) ;
#1083 = FILL_AREA_STYLE ('',( #7319 ) ) ;
#1084 =( LENGTH_UNIT ( ) NAMED_UNIT ( * ) SI_UNIT ( .MILLI., .METRE. ) );
#1085 = ORIENTED_EDGE ( 'NONE', *, *, #3669, .T. ) ;
#1086 = VECTOR ( 'NONE', #2566, 999.9999999999998863 ) ;
#1087 = ORIENTED_EDGE ( 'NONE', *, *, #6574, .T. ) ;
#1088 = VECTOR ( 'NONE', #2128, 1000.000000000000000 ) ;
#1089 = CONICAL_SURFACE ( 'NONE', #5598, 3.049999998679999269, 0.1526493283952321811 ) ;
#1090 = VERTEX_POINT ( 'NONE', #2737 ) ;
#1091 = ADVANCED_FACE ( 'NONE', ( #2775 ), #6211, .T. ) ;
#1092 = PRESENTATION_STYLE_ASSIGNMENT (( #4440 ) ) ;
#1093 =( NAMED_UNIT ( * ) PLANE_ANGLE_UNIT ( ) SI_UNIT ( $, .RADIAN. ) );
#1094 = LINE ( 'NONE', #7258, #5671 ) ;
#1095 = PRESENTATION_LAYER_ASSIGNMENT (  '', '', ( #1098 ) ) ;
#1096 = SURFACE_SIDE_STYLE ('',( #1639 ) ) ;
#1097 = PRESENTATION_STYLE_ASSIGNMENT (( #5595 ) ) ;
#1098 = STYLED_ITEM ( 'NONE', ( #3044 ), #6898 ) ;
#1099 = UNCERTAINTY_MEASURE_WITH_UNIT (LENGTH_MEASURE( 1.000000000000000082E-05 ), #3604, 'distance_accuracy_value', 'NONE');
#1100 = CARTESIAN_POINT ( 'NONE',  ( 3.950000000000000178, 7.649999999999999467, -5.500000000000000000 ) ) ;
#1101 = DIRECTION ( 'NONE',  ( -0.7071067811865489050, -1.162849727212665898E-15, -0.7071067811865460184 ) ) ;
#1102 = B_SPLINE_CURVE_WITH_KNOTS ( 'NONE', 3,
 ( #6757, #2755, #4482, #3932 ),
 .UNSPECIFIED., .F., .F.,
 ( 4, 4 ),
 ( 1.244546300687105840E-16, 0.001465284729897746050 ),
 .UNSPECIFIED. ) ;
#1103 =( NAMED_UNIT ( * ) SI_UNIT ( $, .STERADIAN. ) SOLID_ANGLE_UNIT ( ) );
#1104 = ORIENTED_EDGE ( 'NONE', *, *, #650, .T. ) ;
#1105 = DIRECTION ( 'NONE',  ( -1.668003342285390466E-15, 1.000000000000000000, 0.000000000000000000 ) ) ;
#1106 = STYLED_ITEM ( 'NONE', ( #2764 ), #511 ) ;
#1107 = DIRECTION ( 'NONE',  ( 1.644517855226009970E-15, -1.000000000000000000, -2.890435660536364970E-30 ) ) ;
#1108 = VERTEX_POINT ( 'NONE', #457 ) ;
#1109 = LINE ( 'NONE', #6876, #1850 ) ;
#1110 = CARTESIAN_POINT ( 'NONE',  ( 1.399032498223331977, 9.172820256114668780, -4.649999999999942624 ) ) ;
#1111 = FACE_OUTER_BOUND ( 'NONE', #4160, .T. ) ;
#1112 = LINE ( 'NONE', #3944, #3350 ) ;
#1113 = SURFACE_STYLE_FILL_AREA ( #6769 ) ;
#1114 = EDGE_CURVE ( 'NONE', #7222, #6786, #4874, .T. ) ;
#1115 = ORIENTED_EDGE ( 'NONE', *, *, #3510, .F. ) ;
#1116 = COLOUR_RGB ( '',0.2862745098039215508, 0.6431372549019607199, 0.8666666666666666963 ) ;
#1117 = CARTESIAN_POINT ( 'NONE',  ( 0.09999999999999770184, 7.100000000000000533, -6.150000000000000355 ) ) ;
#1118 = CARTESIAN_POINT ( 'NONE',  ( 1.000000000000019984, 0.2500000000000099920, 0.4750000000000550449 ) ) ;
#1119 = LINE ( 'NONE', #4356, #1056 ) ;
#1120 = CARTESIAN_POINT ( 'NONE',  ( 10.77560435693830065, 5.234522406625030655, -6.340447055017960132 ) ) ;
#1121 = FILL_AREA_STYLE ('',( #2240 ) ) ;
#1122 = VECTOR ( 'NONE', #3090, 1000.000000000000000 ) ;
#1123 = VERTEX_POINT ( 'NONE', #5026 ) ;
#1124 = ORIENTED_EDGE ( 'NONE', *, *, #968, .F. ) ;
#1125 = ORIENTED_EDGE ( 'NONE', *, *, #7158, .F. ) ;
#1126 = STYLED_ITEM ( 'NONE', ( #2773 ), #323 ) ;
#1127 = EDGE_CURVE ( 'NONE', #2702, #892, #5656, .T. ) ;
#1128 = DIRECTION ( 'NONE',  ( 0.9238697708742988901, 0.3553345272594015114, 0.1421338109036983655 ) ) ;
#1129 = AXIS2_PLACEMENT_3D ( 'NONE', #6528, #6568, #4716 ) ;
#1130 = CARTESIAN_POINT ( 'NONE',  ( 1.398548747333999920, 8.959230384045010709, -3.649999999999944844 ) ) ;
#1131 =( LENGTH_UNIT ( ) NAMED_UNIT ( * ) SI_UNIT ( .MILLI., .METRE. ) );
#1132 = EDGE_CURVE ( 'NONE', #6610, #6448, #5218, .T. ) ;
#1133 = SURFACE_STYLE_USAGE ( .BOTH. , #6183 ) ;
#1134 = EDGE_LOOP ( 'NONE', ( #1825, #1556, #3544, #317, #3619, #676 ) ) ;
#1135 = CARTESIAN_POINT ( 'NONE',  ( 1.800000000000000044, 8.144714285714309554, -3.649999999999944844 ) ) ;
#1136 = VECTOR ( 'NONE', #2700, 999.9999999999998863 ) ;
#1137 = CARTESIAN_POINT ( 'NONE',  ( 1.955294117647000007, 8.144714285714309554, -3.684999999999949871 ) ) ;
#1138 = UNCERTAINTY_MEASURE_WITH_UNIT (LENGTH_MEASURE( 1.000000000000000082E-05 ), #1911, 'distance_accuracy_value', 'NONE');
#1139 = CARTESIAN_POINT ( 'NONE',  ( 0.5000000000000129896, 0.7500000000000089928, -3.649999999999944844 ) ) ;
#1140 = PRESENTATION_LAYER_ASSIGNMENT (  '', '', ( #3638 ) ) ;
#1141 = EDGE_CURVE ( 'NONE', #6308, #4877, #5503, .T. ) ;
#1142 = UNCERTAINTY_MEASURE_WITH_UNIT (LENGTH_MEASURE( 1.000000000000000082E-05 ), #7091, 'distance_accuracy_value', 'NONE');
#1143 = CARTESIAN_POINT ( 'NONE',  ( 1.125000000000000000, 6.200000000000000178, 1.340000000000054037 ) ) ;
#1144 = CARTESIAN_POINT ( 'NONE',  ( 1.955294117647000007, 8.144714285714309554, -4.615000000000000213 ) ) ;
#1145 = PRESENTATION_STYLE_ASSIGNMENT (( #4642 ) ) ;
#1146 = SURFACE_SIDE_STYLE ('',( #2908 ) ) ;
#1147 = MECHANICAL_DESIGN_GEOMETRIC_PRESENTATION_REPRESENTATION (  '', ( #1999 ), #3180 ) ;
#1148 = ORIENTED_EDGE ( 'NONE', *, *, #4443, .F. ) ;
#1149 = SURFACE_STYLE_FILL_AREA ( #5196 ) ;
#1150 = FILL_AREA_STYLE_COLOUR ( '', #6658 ) ;
#1151 = DIRECTION ( 'NONE',  ( 1.892425610156516974E-15, 0.000000000000000000, 1.000000000000000000 ) ) ;
#1152 = VERTEX_POINT ( 'NONE', #4395 ) ;
#1153 = DIRECTION ( 'NONE',  ( -0.7071067811865489050, -1.162849727212665898E-15, -0.7071067811865460184 ) ) ;
#1154 = DIRECTION ( 'NONE',  ( -1.000000000000000000, 0.000000000000000000, 1.748601263784619973E-15 ) ) ;
#1155 = FILL_AREA_STYLE_COLOUR ( '', #3466 ) ;
#1156 = ORIENTED_EDGE ( 'NONE', *, *, #3896, .T. ) ;
#1157 = EDGE_CURVE ( 'NONE', #4608, #1090, #6709, .T. ) ;
#1158 = FACE_OUTER_BOUND ( 'NONE', #203, .T. ) ;
#1159 = EDGE_CURVE ( 'NONE', #5396, #342, #418, .T. ) ;
#1160 = FACE_OUTER_BOUND ( 'NONE', #6772, .T. ) ;
#1161 = CARTESIAN_POINT ( 'NONE',  ( 1.500000000000000000, 4.200000000000000178, 0.3500000000000550449 ) ) ;
#1162 = COLOUR_RGB ( '',0.2862745098039215508, 0.6431372549019607199, 0.8666666666666666963 ) ;
#1163 = ORIENTED_EDGE ( 'NONE', *, *, #5793, .F. ) ;
#1164 = ORIENTED_EDGE ( 'NONE', *, *, #4267, .F. ) ;
#1165 =( LENGTH_UNIT ( ) NAMED_UNIT ( * ) SI_UNIT ( .MILLI., .METRE. ) );
#1166 = VECTOR ( 'NONE', #384, 1000.000000000000000 ) ;
#1167 = LINE ( 'NONE', #6372, #6141 ) ;
#1168 = CARTESIAN_POINT ( 'NONE',  ( 0.1000000000000160066, 5.400000000000000355, 3.350000000000055156 ) ) ;
#1169 = SURFACE_STYLE_USAGE ( .BOTH. , #2784 ) ;
#1170 = DIRECTION ( 'NONE',  ( -1.764125568789973497E-15, 0.000000000000000000, -1.000000000000000000 ) ) ;
#1171 = UNCERTAINTY_MEASURE_WITH_UNIT (LENGTH_MEASURE( 1.000000000000000082E-05 ), #4715, 'distance_accuracy_value', 'NONE');
#1172 = DIRECTION ( 'NONE',  ( -1.748601263784619973E-15, 1.482966057179082177E-32, -1.000000000000000000 ) ) ;
#1173 = ADVANCED_FACE ( 'NONE', ( #4432 ), #4956, .T. ) ;
#1174 = VECTOR ( 'NONE', #4060, 1000.000000000000000 ) ;
#1175 = SURFACE_SIDE_STYLE ('',( #1220 ) ) ;
#1176 = UNCERTAINTY_MEASURE_WITH_UNIT (LENGTH_MEASURE( 1.000000000000000082E-05 ), #339, 'distance_accuracy_value', 'NONE');
#1177 = EDGE_CURVE ( 'NONE', #5066, #463, #6433, .T. ) ;
#1178 = FILL_AREA_STYLE ('',( #6832 ) ) ;
#1179 = CIRCLE ( 'NONE', #1793, 3.150000000000000355 ) ;
#1180 = LINE ( 'NONE', #6299, #5834 ) ;
#1181 = DIRECTION ( 'NONE',  ( -0.9994801143396995213, -1.643662893974968971E-15, 0.03224129401096067354 ) ) ;
#1182 =( LENGTH_UNIT ( ) NAMED_UNIT ( * ) SI_UNIT ( .MILLI., .METRE. ) );
#1183 = SURFACE_STYLE_USAGE ( .BOTH. , #1880 ) ;
#1184 = ORIENTED_EDGE ( 'NONE', *, *, #467, .T. ) ;
#1185 = STYLED_ITEM ( 'NONE', ( #4029 ), #1020 ) ;
#1186 = PRODUCT_DEFINITION_CONTEXT ( 'detailed design', #790, 'design' ) ;
#1187 = SURFACE_SIDE_STYLE ('',( #3429 ) ) ;
#1188 =( NAMED_UNIT ( * ) PLANE_ANGLE_UNIT ( ) SI_UNIT ( $, .RADIAN. ) );
#1189 = VERTEX_POINT ( 'NONE', #646 ) ;
#1190 = EDGE_CURVE ( 'NONE', #3398, #3057, #1205, .T. ) ;
#1191 =( NAMED_UNIT ( * ) SI_UNIT ( $, .STERADIAN. ) SOLID_ANGLE_UNIT ( ) );
#1192 =( NAMED_UNIT ( * ) PLANE_ANGLE_UNIT ( ) SI_UNIT ( $, .RADIAN. ) );
#1193 = DIRECTION ( 'NONE',  ( 0.9927080914950846546, -0.1205431253957961746, -1.735850623357524424E-15 ) ) ;
#1194 = DIRECTION ( 'NONE',  ( -1.000000000000000000, -1.644517855226009970E-15, 1.748601263784619973E-15 ) ) ;
#1195 = LINE ( 'NONE', #3474, #2748 ) ;
#1196 = COLOUR_RGB ( '',0.2862745098039215508, 0.6431372549019607199, 0.8666666666666666963 ) ;
#1197 = MECHANICAL_DESIGN_GEOMETRIC_PRESENTATION_REPRESENTATION (  '', ( #1789 ), #6152 ) ;
#1198 = ORIENTED_EDGE ( 'NONE', *, *, #6591, .T. ) ;
#1199 = COLOUR_RGB ( '',1.000000000000000000, 1.000000000000000000, 1.000000000000000000 ) ;
#1200 = DIRECTION ( 'NONE',  ( -0.9428090415820737924, -0.2357022603954949669, 0.2357022603954949669 ) ) ;
#1201 = AXIS2_PLACEMENT_3D ( 'NONE', #6458, #4752, #703 ) ;
#1202 = PLANE ( 'NONE',  #2033 ) ;
#1203 = PRESENTATION_STYLE_ASSIGNMENT (( #1273 ) ) ;
#1204 = ADVANCED_FACE ( 'NONE', ( #5208 ), #3484, .F. ) ;
#1205 = LINE ( 'NONE', #682, #4759 ) ;
#1206 = SURFACE_STYLE_FILL_AREA ( #90 ) ;
#1207 = CARTESIAN_POINT ( 'NONE',  ( 0.1000000000000150074, 5.400000000000000355, 2.850000000000055156 ) ) ;
#1208 = AXIS2_PLACEMENT_3D ( 'NONE', #3226, #788, #383 ) ;
#1209 = EDGE_LOOP ( 'NONE', ( #4388, #2003, #1686, #2473, #1737, #5796, #2384, #17, #3029, #1543 ) ) ;
#1210 = STYLED_ITEM ( 'NONE', ( #6449 ), #5851 ) ;
#1211 = EDGE_CURVE ( 'NONE', #3343, #5066, #4587, .T. ) ;
#1212 = ORIENTED_EDGE ( 'NONE', *, *, #4872, .F. ) ;
#1213 = MECHANICAL_DESIGN_GEOMETRIC_PRESENTATION_REPRESENTATION (  '', ( #5120 ), #613 ) ;
#1214 = FILL_AREA_STYLE ('',( #5212 ) ) ;
#1215 = DIRECTION ( 'NONE',  ( 0.000000000000000000, 2.890435660536364970E-30, -1.000000000000000000 ) ) ;
#1216 = FILL_AREA_STYLE_COLOUR ( '', #1684 ) ;
#1217 = CARTESIAN_POINT ( 'NONE',  ( 1.300000000000014033, 5.400000000000000355, 2.450000000000054801 ) ) ;
#1218 = DIRECTION ( 'NONE',  ( 0.9486832980505244262, 1.560126622598785884E-15, 0.3162277660168061888 ) ) ;
#1219 = COLOUR_RGB ( '',0.2862745098039215508, 0.6431372549019607199, 0.8666666666666666963 ) ;
#1220 = SURFACE_STYLE_FILL_AREA ( #5293 ) ;
#1221 = STYLED_ITEM ( 'NONE', ( #5121 ), #6652 ) ;
#1222 = DIRECTION ( 'NONE',  ( -1.000000000000000000, -1.644517855226009970E-15, 1.748601263784619973E-15 ) ) ;
#1223 =( NAMED_UNIT ( * ) PLANE_ANGLE_UNIT ( ) SI_UNIT ( $, .RADIAN. ) );
#1224 = UNCERTAINTY_MEASURE_WITH_UNIT (LENGTH_MEASURE( 1.000000000000000082E-05 ), #2976, 'distance_accuracy_value', 'NONE');
#1225 = CARTESIAN_POINT ( 'NONE',  ( 2.399999999999999911, 7.100000000000000533, 2.250000000000049738 ) ) ;
#1226 =( GEOMETRIC_REPRESENTATION_CONTEXT ( 3 ) GLOBAL_UNCERTAINTY_ASSIGNED_CONTEXT ( ( #2973 ) ) GLOBAL_UNIT_ASSIGNED_CONTEXT ( ( #1050, #3308, #502 ) ) REPRESENTATION_CONTEXT ( 'NONE', 'WORKASPACE' ) );
#1227 = ORIENTED_EDGE ( 'NONE', *, *, #1465, .F. ) ;
#1228 = SURFACE_STYLE_FILL_AREA ( #4648 ) ;
#1229 = SURFACE_STYLE_FILL_AREA ( #5128 ) ;
#1230 = CARTESIAN_POINT ( 'NONE',  ( 0.6500000000000000222, 6.200000000000000178, -3.607222222499945286 ) ) ;
#1231 = VERTEX_POINT ( 'NONE', #2888 ) ;
#1232 = FACE_OUTER_BOUND ( 'NONE', #4, .T. ) ;
#1233 = PRESENTATION_LAYER_ASSIGNMENT (  '', '', ( #4427 ) ) ;
#1234 = PRESENTATION_LAYER_ASSIGNMENT (  '', '', ( #1469 ) ) ;
#1235 = DIRECTION ( 'NONE',  ( -1.748601263784619973E-15, 0.000000000000000000, -1.000000000000000000 ) ) ;
#1236 =( NAMED_UNIT ( * ) PLANE_ANGLE_UNIT ( ) SI_UNIT ( $, .RADIAN. ) );
#1237 = FILL_AREA_STYLE_COLOUR ( '', #7112 ) ;
#1238 = VERTEX_POINT ( 'NONE', #1821 ) ;
#1239 = LINE ( 'NONE', #1117, #2468 ) ;
#1240 = ADVANCED_FACE ( 'NONE', ( #5774 ), #3556, .T. ) ;
#1241 = CARTESIAN_POINT ( 'NONE',  ( 11.00000000000000000, 11.09999999999999964, -6.649999999999999467 ) ) ;
#1242 = PLANE ( 'NONE',  #431 ) ;
#1243 = SURFACE_SIDE_STYLE ('',( #1820 ) ) ;
#1244 = DIRECTION ( 'NONE',  ( 0.4472135954999963414, 0.8944271909998966485, -7.819982582729574739E-16 ) ) ;
#1245 =( NAMED_UNIT ( * ) SI_UNIT ( $, .STERADIAN. ) SOLID_ANGLE_UNIT ( ) );
#1246 = DIRECTION ( 'NONE',  ( 0.2425356250363080723, 0.9701425001453382047, -4.240981004512810209E-16 ) ) ;
#1247 = VERTEX_POINT ( 'NONE', #2114 ) ;
#1248 = PRESENTATION_LAYER_ASSIGNMENT (  '', '', ( #766 ) ) ;
#1249 = FILL_AREA_STYLE ('',( #6283 ) ) ;
#1250 = LINE ( 'NONE', #6890, #7279 ) ;
#1251 = EDGE_CURVE ( 'NONE', #7098, #2213, #2081, .T. ) ;
#1252 = AXIS2_PLACEMENT_3D ( 'NONE', #2948, #6234, #6908 ) ;
#1253 = LINE ( 'NONE', #724, #7320 ) ;
#1254 = CARTESIAN_POINT ( 'NONE',  ( 3.950000000000000178, 7.144714285714309554, 0.3500000000000499933 ) ) ;
#1255 = UNCERTAINTY_MEASURE_WITH_UNIT (LENGTH_MEASURE( 1.000000000000000082E-05 ), #1084, 'distance_accuracy_value', 'NONE');
#1256 = CIRCLE ( 'NONE', #6122, 1.350000000000000089 ) ;
#1257 = DIRECTION ( 'NONE',  ( 0.9838699100999037661, 1.617991634378899823E-15, -0.1788854382000029664 ) ) ;
#1258 =( LENGTH_UNIT ( ) NAMED_UNIT ( * ) SI_UNIT ( .MILLI., .METRE. ) );
#1259 = PRESENTATION_STYLE_ASSIGNMENT (( #1183 ) ) ;
#1260 = ORIENTED_EDGE ( 'NONE', *, *, #5349, .F. ) ;
#1261 = CARTESIAN_POINT ( 'NONE',  ( 11.00000000000000000, 11.75000000000000000, -5.049999999999999822 ) ) ;
#1262 =( NAMED_UNIT ( * ) SI_UNIT ( $, .STERADIAN. ) SOLID_ANGLE_UNIT ( ) );
#1263 = ORIENTED_EDGE ( 'NONE', *, *, #5677, .F. ) ;
#1264 = SURFACE_STYLE_USAGE ( .BOTH. , #5131 ) ;
#1265 = CARTESIAN_POINT ( 'NONE',  ( 1.300000000000000044, 7.100000000000000533, -5.750000000000000000 ) ) ;
#1266 = PLANE ( 'NONE',  #728 ) ;
#1267 = PLANE ( 'NONE',  #3666 ) ;
#1268 =( NAMED_UNIT ( * ) SI_UNIT ( $, .STERADIAN. ) SOLID_ANGLE_UNIT ( ) );
#1269 = EDGE_CURVE ( 'NONE', #5997, #5104, #5455, .T. ) ;
#1270 = EDGE_LOOP ( 'NONE', ( #4552, #3148, #2277, #7101 ) ) ;
#1271 = PLANE ( 'NONE',  #542 ) ;
#1272 = SURFACE_SIDE_STYLE ('',( #6951 ) ) ;
#1273 = SURFACE_STYLE_USAGE ( .BOTH. , #6362 ) ;
#1274 = DIRECTION ( 'NONE',  ( 0.000000000000000000, -0.6949152542373064900, -0.7190916418846067248 ) ) ;
#1275 =( NAMED_UNIT ( * ) SI_UNIT ( $, .STERADIAN. ) SOLID_ANGLE_UNIT ( ) );
#1276 =( NAMED_UNIT ( * ) PLANE_ANGLE_UNIT ( ) SI_UNIT ( $, .RADIAN. ) );
#1277 = ORIENTED_EDGE ( 'NONE', *, *, #3733, .T. ) ;
#1278 = PRODUCT_RELATED_PRODUCT_CATEGORY ( 'part', '', ( #4001 ) ) ;
#1279 = ADVANCED_FACE ( 'NONE', ( #3146 ), #7056, .T. ) ;
#1280 = CARTESIAN_POINT ( 'NONE',  ( 3.950000000000000178, 7.649999999999999467, -0.4999999999999509837 ) ) ;
#1281 = LINE ( 'NONE', #4208, #6191 ) ;
#1282 = SURFACE_SIDE_STYLE ('',( #789 ) ) ;
#1283 = AXIS2_PLACEMENT_3D ( 'NONE', #427, #7256, #3304 ) ;
#1284 = DIRECTION ( 'NONE',  ( 0.000000000000000000, 4.371503159461135289E-16, -1.000000000000000000 ) ) ;
#1285 = EDGE_CURVE ( 'NONE', #3892, #7060, #813, .T. ) ;
#1286 = CARTESIAN_POINT ( 'NONE',  ( 1.500000000000000000, 8.200000000000001066, 1.315000000000053904 ) ) ;
#1287 = FILL_AREA_STYLE_COLOUR ( '', #4455 ) ;
#1288 =( GEOMETRIC_REPRESENTATION_CONTEXT ( 3 ) GLOBAL_UNCERTAINTY_ASSIGNED_CONTEXT ( ( #468 ) ) GLOBAL_UNIT_ASSIGNED_CONTEXT ( ( #3526, #123, #3555 ) ) REPRESENTATION_CONTEXT ( 'NONE', 'WORKASPACE' ) );
#1289 = DIRECTION ( 'NONE',  ( 0.9838699100999044322, 1.617991634378899034E-15, 0.1788854381999993859 ) ) ;
#1290 = EDGE_CURVE ( 'NONE', #4608, #4937, #781, .T. ) ;
#1291 = EDGE_LOOP ( 'NONE', ( #3897, #1780, #4398, #4166 ) ) ;
#1292 = CARTESIAN_POINT ( 'NONE',  ( 0.7500000000000000000, 7.611199771552090709, -3.659999999999945075 ) ) ;
#1293 = EDGE_LOOP ( 'NONE', ( #3426, #1863, #3099, #2024 ) ) ;
#1294 = CARTESIAN_POINT ( 'NONE',  ( -0.5999999999999878764, 4.200000000000000178, -0.9499999999999400035 ) ) ;
#1295 = ORIENTED_EDGE ( 'NONE', *, *, #3262, .F. ) ;
#1296 =( NAMED_UNIT ( * ) SI_UNIT ( $, .STERADIAN. ) SOLID_ANGLE_UNIT ( ) );
#1297 = SURFACE_STYLE_FILL_AREA ( #186 ) ;
#1298 = FILL_AREA_STYLE_COLOUR ( '', #3054 ) ;
#1299 = SURFACE_SIDE_STYLE ('',( #6497 ) ) ;
#1300 = ORIENTED_EDGE ( 'NONE', *, *, #2470, .F. ) ;
#1301 = LINE ( 'NONE', #2924, #3366 ) ;
#1302 = PRESENTATION_STYLE_ASSIGNMENT (( #5772 ) ) ;
#1303 = AXIS2_PLACEMENT_3D ( 'NONE', #4262, #6460, #5936 ) ;
#1304 = LINE ( 'NONE', #6432, #1782 ) ;
#1305 = VECTOR ( 'NONE', #1819, 1000.000000000000000 ) ;
#1306 = SURFACE_STYLE_USAGE ( .BOTH. , #1860 ) ;
#1307 = DIRECTION ( 'NONE',  ( -0.8076923076923187006, 0.5896042198752116104, 1.417802840942582251E-15 ) ) ;
#1308 = SURFACE_STYLE_FILL_AREA ( #2451 ) ;
#1309 = ORIENTED_EDGE ( 'NONE', *, *, #3761, .T. ) ;
#1310 = ORIENTED_EDGE ( 'NONE', *, *, #5892, .F. ) ;
#1311 = PRESENTATION_LAYER_ASSIGNMENT (  '', '', ( #1557 ) ) ;
#1312 = PRESENTATION_LAYER_ASSIGNMENT (  '', '', ( #5221 ) ) ;
#1313 = LINE ( 'NONE', #3490, #4452 ) ;
#1314 = AXIS2_PLACEMENT_3D ( 'NONE', #1578, #545, #664 ) ;
#1315 = UNCERTAINTY_MEASURE_WITH_UNIT (LENGTH_MEASURE( 1.000000000000000082E-05 ), #5914, 'distance_accuracy_value', 'NONE');
#1316 = LINE ( 'NONE', #279, #3658 ) ;
#1317 = MECHANICAL_DESIGN_GEOMETRIC_PRESENTATION_REPRESENTATION (  '', ( #5117 ), #1433 ) ;
#1318 = SURFACE_SIDE_STYLE ('',( #6407 ) ) ;
#1319 = CARTESIAN_POINT ( 'NONE',  ( 0.1000000000000132033, 7.100000000000000533, 2.850000000000055156 ) ) ;
#1320 = MECHANICAL_DESIGN_GEOMETRIC_PRESENTATION_REPRESENTATION (  '', ( #5118 ), #6896 ) ;
#1321 =( LENGTH_UNIT ( ) NAMED_UNIT ( * ) SI_UNIT ( .MILLI., .METRE. ) );
#1322 = CARTESIAN_POINT ( 'NONE',  ( 1.800000000000000044, 4.200000000000000178, -5.950000000000000178 ) ) ;
#1323 = EDGE_CURVE ( 'NONE', #6442, #1456, #6654, .T. ) ;
#1324 = MECHANICAL_DESIGN_GEOMETRIC_PRESENTATION_REPRESENTATION (  '', ( #1444 ), #6899 ) ;
#1325 = CARTESIAN_POINT ( 'NONE',  ( 0.9356642613500000261, 8.199999999991309352, -2.613075180758944960 ) ) ;
#1326 = UNCERTAINTY_MEASURE_WITH_UNIT (LENGTH_MEASURE( 1.000000000000000082E-05 ), #5970, 'distance_accuracy_value', 'NONE');
#1327 = CIRCLE ( 'NONE', #3704, 1.000000000000000000 ) ;
#1328 = FILL_AREA_STYLE_COLOUR ( '', #1369 ) ;
#1329 = EDGE_LOOP ( 'NONE', ( #2304, #5285, #3187, #1295, #3742, #4257 ) ) ;
#1330 = COLOUR_RGB ( '',0.2862745098039215508, 0.6431372549019607199, 0.8666666666666666963 ) ;
#1331 = CIRCLE ( 'NONE', #5477, 3.150000000000000355 ) ;
#1332 = PRESENTATION_LAYER_ASSIGNMENT (  '', '', ( #13 ) ) ;
#1333 =( LENGTH_UNIT ( ) NAMED_UNIT ( * ) SI_UNIT ( .MILLI., .METRE. ) );
#1334 = CARTESIAN_POINT ( 'NONE',  ( 1.398548747334007913, 8.959230384045010709, 1.350000000000052047 ) ) ;
#1335 = ORIENTED_EDGE ( 'NONE', *, *, #5539, .F. ) ;
#1336 = SURFACE_SIDE_STYLE ('',( #1993 ) ) ;
#1337 = DIRECTION ( 'NONE',  ( -1.748601263784619973E-15, 0.000000000000000000, -1.000000000000000000 ) ) ;
#1338 = SURFACE_STYLE_USAGE ( .BOTH. , #2342 ) ;
#1339 = PRESENTATION_LAYER_ASSIGNMENT (  '', '', ( #7031 ) ) ;
#1340 = DIRECTION ( 'NONE',  ( 1.000000000000000000, 1.644517855226009970E-15, -1.748601263784619973E-15 ) ) ;
#1341 = VECTOR ( 'NONE', #3266, 1000.000000000000000 ) ;
#1342 = DIRECTION ( 'NONE',  ( -0.3162277660168096305, -5.200422075328731775E-16, -0.9486832980505232049 ) ) ;
#1343 = DIRECTION ( 'NONE',  ( 1.000000000000000000, 1.644517855226009970E-15, -1.748601263784619973E-15 ) ) ;
#1344 = DIRECTION ( 'NONE',  ( -1.644517855226009970E-15, 1.000000000000000000, 2.875605999964574846E-30 ) ) ;
#1345 = FILL_AREA_STYLE ('',( #3651 ) ) ;
#1346 = EDGE_LOOP ( 'NONE', ( #94, #4669, #2744, #3834, #4013, #2930 ) ) ;
#1347 = EDGE_LOOP ( 'NONE', ( #5422, #1414, #4777, #4536 ) ) ;
#1348 = MECHANICAL_DESIGN_GEOMETRIC_PRESENTATION_REPRESENTATION (  '', ( #5752 ), #2095 ) ;
#1349 = SURFACE_STYLE_USAGE ( .BOTH. , #200 ) ;
#1350 = PRESENTATION_LAYER_ASSIGNMENT (  '', '', ( #4558 ) ) ;
#1351 = CARTESIAN_POINT ( 'NONE',  ( 9.299999999999998934, 8.019714285714318436, 0.8500000000000399458 ) ) ;
#1352 = DIRECTION ( 'NONE',  ( -0.3162277660168096305, -5.200422075328731775E-16, -0.9486832980505232049 ) ) ;
#1353 = DIRECTION ( 'NONE',  ( -7.280287483979460227E-14, -1.168500215858619925E-28, -1.000000000000000000 ) ) ;
#1354 = SURFACE_STYLE_USAGE ( .BOTH. , #171 ) ;
#1355 = ADVANCED_FACE ( 'NONE', ( #4196 ), #7131, .F. ) ;
#1356 = FACE_OUTER_BOUND ( 'NONE', #6031, .T. ) ;
#1357 =( GEOMETRIC_REPRESENTATION_CONTEXT ( 3 ) GLOBAL_UNCERTAINTY_ASSIGNED_CONTEXT ( ( #1791 ) ) GLOBAL_UNIT_ASSIGNED_CONTEXT ( ( #1333, #5663, #4866 ) ) REPRESENTATION_CONTEXT ( 'NONE', 'WORKASPACE' ) );
#1358 = EDGE_CURVE ( 'NONE', #4456, #926, #1496, .T. ) ;
#1359 = DIRECTION ( 'NONE',  ( -0.9238697708742995562, 0.3553345272593983473, 0.1421338109037015296 ) ) ;
#1360 = CARTESIAN_POINT ( 'NONE',  ( -0.5999999999999999778, 4.200000000000000178, -5.039999999999940528 ) ) ;
#1361 = SURFACE_STYLE_FILL_AREA ( #3164 ) ;
#1362 = VECTOR ( 'NONE', #2756, 1000.000000000000227 ) ;
#1363 = AXIS2_PLACEMENT_3D ( 'NONE', #2319, #1600, #882 ) ;
#1364 = EDGE_CURVE ( 'NONE', #6959, #510, #1112, .T. ) ;
#1365 =( GEOMETRIC_REPRESENTATION_CONTEXT ( 3 ) GLOBAL_UNCERTAINTY_ASSIGNED_CONTEXT ( ( #5844 ) ) GLOBAL_UNIT_ASSIGNED_CONTEXT ( ( #6107, #5548, #4437 ) ) REPRESENTATION_CONTEXT ( 'NONE', 'WORKASPACE' ) );
#1366 = ADVANCED_FACE ( 'NONE', ( #5610 ), #483, .F. ) ;
#1367 = VERTEX_POINT ( 'NONE', #5494 ) ;
#1368 = DIRECTION ( 'NONE',  ( 1.000000000000000000, 1.644517855226009970E-15, -1.748601263784619973E-15 ) ) ;
#1369 = COLOUR_RGB ( '',0.2862745098039215508, 0.6431372549019607199, 0.8666666666666666963 ) ;
#1370 = DIRECTION ( 'NONE',  ( 1.892425610156516974E-15, 0.000000000000000000, 1.000000000000000000 ) ) ;
#1371 = LINE ( 'NONE', #5895, #2652 ) ;
#1372 = DIRECTION ( 'NONE',  ( 1.000000000000000000, 1.644517855226009970E-15, -1.748601263784619973E-15 ) ) ;
#1373 = CARTESIAN_POINT ( 'NONE',  ( -0.9999999999999890088, 3.750000000000000000, 3.350000000000055156 ) ) ;
#1374 = PRESENTATION_STYLE_ASSIGNMENT (( #747 ) ) ;
#1375 = VECTOR ( 'NONE', #1200, 1000.000000000000114 ) ;
#1376 = ORIENTED_EDGE ( 'NONE', *, *, #4995, .F. ) ;
#1377 = ORIENTED_EDGE ( 'NONE', *, *, #1422, .T. ) ;
#1378 = SURFACE_STYLE_USAGE ( .BOTH. , #3722 ) ;
#1379 = AXIS2_PLACEMENT_3D ( 'NONE', #4271, #5870, #779 ) ;
#1380 = FILL_AREA_STYLE ('',( #1216 ) ) ;
#1381 =( LENGTH_UNIT ( ) NAMED_UNIT ( * ) SI_UNIT ( .MILLI., .METRE. ) );
#1382 = CARTESIAN_POINT ( 'NONE',  ( -1.000000000000000000, 10.75000000000000000, 2.650000000000059863 ) ) ;
#1383 = DIRECTION ( 'NONE',  ( 1.748601263784619973E-15, 0.000000000000000000, 1.000000000000000000 ) ) ;
#1384 = EDGE_CURVE ( 'NONE', #1238, #3511, #3404, .T. ) ;
#1385 = CARTESIAN_POINT ( 'NONE',  ( 0.1000000000000000056, 5.400000000000000355, -6.649999999999999467 ) ) ;
#1386 = ORIENTED_EDGE ( 'NONE', *, *, #6794, .F. ) ;
#1387 = ORIENTED_EDGE ( 'NONE', *, *, #6920, .T. ) ;
#1388 = EDGE_CURVE ( 'NONE', #7179, #3791, #4950, .T. ) ;
#1389 = PRESENTATION_STYLE_ASSIGNMENT (( #1349 ) ) ;
#1390 = ORIENTED_EDGE ( 'NONE', *, *, #5572, .F. ) ;
#1391 = FACE_OUTER_BOUND ( 'NONE', #2002, .T. ) ;
#1392 = LINE ( 'NONE', #6479, #693 ) ;
#1393 =( NAMED_UNIT ( * ) SI_UNIT ( $, .STERADIAN. ) SOLID_ANGLE_UNIT ( ) );
#1394 = FILL_AREA_STYLE ('',( #6590 ) ) ;
#1395 = CARTESIAN_POINT ( 'NONE',  ( 0.1000000000000061950, 5.400000000000000355, -2.149999999999944844 ) ) ;
#1396 = SURFACE_STYLE_FILL_AREA ( #4213 ) ;
#1397 = CARTESIAN_POINT ( 'NONE',  ( 0.7466439969399989440, 7.606602420031610023, -4.643356003060940651 ) ) ;
#1398 = EDGE_CURVE ( 'NONE', #2201, #1231, #6050, .T. ) ;
#1399 = SURFACE_STYLE_FILL_AREA ( #1879 ) ;
#1400 = UNCERTAINTY_MEASURE_WITH_UNIT (LENGTH_MEASURE( 1.000000000000000082E-05 ), #3865, 'distance_accuracy_value', 'NONE');
#1401 = APPLICATION_PROTOCOL_DEFINITION ( 'draft international standard', 'automotive_design', 1998, #790 ) ;
#1402 = STYLED_ITEM ( 'NONE', ( #1092 ), #4222 ) ;
#1403 = EDGE_CURVE ( 'NONE', #110, #1884, #449, .T. ) ;
#1404 = ORIENTED_EDGE ( 'NONE', *, *, #1190, .F. ) ;
#1405 = CARTESIAN_POINT ( 'NONE',  ( 8.800000000000000711, 7.144714285714319324, -3.649999999999999911 ) ) ;
#1406 = COLOUR_RGB ( '',0.2862745098039215508, 0.6431372549019607199, 0.8666666666666666963 ) ;
#1407 = SURFACE_STYLE_USAGE ( .BOTH. , #333 ) ;
#1408 = FILL_AREA_STYLE_COLOUR ( '', #1219 ) ;
#1409 = DIRECTION ( 'NONE',  ( 1.644517855226009970E-15, -1.000000000000000000, -2.890435660536364970E-30 ) ) ;
#1410 =( GEOMETRIC_REPRESENTATION_CONTEXT ( 3 ) GLOBAL_UNCERTAINTY_ASSIGNED_CONTEXT ( ( #5594 ) ) GLOBAL_UNIT_ASSIGNED_CONTEXT ( ( #6203, #5647, #3403 ) ) REPRESENTATION_CONTEXT ( 'NONE', 'WORKASPACE' ) );
#1411 =( NAMED_UNIT ( * ) SI_UNIT ( $, .STERADIAN. ) SOLID_ANGLE_UNIT ( ) );
#1412 = EDGE_CURVE ( 'NONE', #4315, #718, #6092, .T. ) ;
#1413 = CARTESIAN_POINT ( 'NONE',  ( 11.00000000000000000, 7.649999999999999467, -3.649999999999999911 ) ) ;
#1414 = ORIENTED_EDGE ( 'NONE', *, *, #1034, .T. ) ;
#1415 = ORIENTED_EDGE ( 'NONE', *, *, #952, .T. ) ;
#1416 = SURFACE_SIDE_STYLE ('',( #3724 ) ) ;
#1417 = SURFACE_STYLE_FILL_AREA ( #5907 ) ;
#1418 = DIRECTION ( 'NONE',  ( -1.644517855226009970E-15, 1.000000000000000000, 0.000000000000000000 ) ) ;
#1419 = ORIENTED_EDGE ( 'NONE', *, *, #2163, .F. ) ;
#1420 = ORIENTED_EDGE ( 'NONE', *, *, #804, .T. ) ;
#1421 = DIRECTION ( 'NONE',  ( -1.748601263784619973E-15, 0.000000000000000000, -1.000000000000000000 ) ) ;
#1422 = EDGE_CURVE ( 'NONE', #5104, #2452, #6162, .T. ) ;
#1423 = VECTOR ( 'NONE', #4541, 1000.000000000000000 ) ;
#1424 = ORIENTED_EDGE ( 'NONE', *, *, #829, .F. ) ;
#1425 = VECTOR ( 'NONE', #3155, 1000.000000000000000 ) ;
#1426 = CARTESIAN_POINT ( 'NONE',  ( 1.400000000004000045, 7.649999999998869704, -4.150000000001944578 ) ) ;
#1427 =( LENGTH_UNIT ( ) NAMED_UNIT ( * ) SI_UNIT ( .MILLI., .METRE. ) );
#1428 = EDGE_CURVE ( 'NONE', #6942, #2561, #3363, .T. ) ;
#1429 = CARTESIAN_POINT ( 'NONE',  ( 9.799999999999998934, 7.894714285714319324, 1.100000000000040057 ) ) ;
#1430 = VECTOR ( 'NONE', #3612, 1000.000000000000000 ) ;
#1431 = DIRECTION ( 'NONE',  ( 0.000000000000000000, 2.890435660536364970E-30, -1.000000000000000000 ) ) ;
#1432 =( GEOMETRIC_REPRESENTATION_CONTEXT ( 3 ) GLOBAL_UNCERTAINTY_ASSIGNED_CONTEXT ( ( #2257 ) ) GLOBAL_UNIT_ASSIGNED_CONTEXT ( ( #1182, #6665, #3507 ) ) REPRESENTATION_CONTEXT ( 'NONE', 'WORKASPACE' ) );
#1433 =( GEOMETRIC_REPRESENTATION_CONTEXT ( 3 ) GLOBAL_UNCERTAINTY_ASSIGNED_CONTEXT ( ( #1142 ) ) GLOBAL_UNIT_ASSIGNED_CONTEXT ( ( #7091, #1460, #5419 ) ) REPRESENTATION_CONTEXT ( 'NONE', 'WORKASPACE' ) );
#1434 = AXIS2_PLACEMENT_3D ( 'NONE', #4572, #4525, #6838 ) ;
#1435 = DIRECTION ( 'NONE',  ( 1.748601263784619973E-15, 0.000000000000000000, 1.000000000000000000 ) ) ;
#1436 = CARTESIAN_POINT ( 'NONE',  ( 3.950000000000000178, 8.144714285714320212, -3.649999999999950173 ) ) ;
#1437 = DIRECTION ( 'NONE',  ( 0.000000000000000000, -1.000000000000000000, -1.644517855225774890E-15 ) ) ;
#1438 = EDGE_CURVE ( 'NONE', #2036, #5681, #520, .T. ) ;
#1439 = SURFACE_STYLE_USAGE ( .BOTH. , #6563 ) ;
#1440 = FACE_OUTER_BOUND ( 'NONE', #5288, .T. ) ;
#1441 = COLOUR_RGB ( '',0.2862745098039215508, 0.6431372549019607199, 0.8666666666666666963 ) ;
#1442 = AXIS2_PLACEMENT_3D ( 'NONE', #1498, #4769, #5456 ) ;
#1443 = CIRCLE ( 'NONE', #5347, 1.399999999999999689 ) ;
#1444 = STYLED_ITEM ( 'NONE', ( #2905 ), #5812 ) ;
#1445 = VERTEX_POINT ( 'NONE', #2189 ) ;
#1446 = ORIENTED_EDGE ( 'NONE', *, *, #1364, .F. ) ;
#1447 = FILL_AREA_STYLE_COLOUR ( '', #6935 ) ;
#1448 = FILL_AREA_STYLE ('',( #4305 ) ) ;
#1449 = FILL_AREA_STYLE_COLOUR ( '', #1330 ) ;
#1450 =( NAMED_UNIT ( * ) PLANE_ANGLE_UNIT ( ) SI_UNIT ( $, .RADIAN. ) );
#1451 = CARTESIAN_POINT ( 'NONE',  ( 3.950000000000000178, 7.144714285714309554, -3.649999999999950173 ) ) ;
#1452 = AXIS2_PLACEMENT_3D ( 'NONE', #4341, #334, #3244 ) ;
#1453 = CARTESIAN_POINT ( 'NONE',  ( 0.09999999999989349353, 9.638089535207049252, 1.350000000000056044 ) ) ;
#1454 = CARTESIAN_POINT ( 'NONE',  ( 1.399032498223340193, 9.172820256114668780, 0.3500000000000547118 ) ) ;
#1455 = ORIENTED_EDGE ( 'NONE', *, *, #6636, .F. ) ;
#1456 = VERTEX_POINT ( 'NONE', #2229 ) ;
#1457 = VECTOR ( 'NONE', #735, 1000.000000000000000 ) ;
#1458 = DIRECTION ( 'NONE',  ( 1.000000000000000000, 1.644517855226009970E-15, 0.000000000000000000 ) ) ;
#1459 = DIRECTION ( 'NONE',  ( 1.644517855226009970E-15, -1.000000000000000000, -2.890435660536364970E-30 ) ) ;
#1460 =( NAMED_UNIT ( * ) PLANE_ANGLE_UNIT ( ) SI_UNIT ( $, .RADIAN. ) );
#1461 = ORIENTED_EDGE ( 'NONE', *, *, #56, .F. ) ;
#1462 = DIRECTION ( 'NONE',  ( 1.748601263784619973E-15, 0.000000000000000000, 1.000000000000000000 ) ) ;
#1463 = ORIENTED_EDGE ( 'NONE', *, *, #5979, .T. ) ;
#1464 = SURFACE_STYLE_FILL_AREA ( #5287 ) ;
#1465 = EDGE_CURVE ( 'NONE', #167, #2651, #5091, .T. ) ;
#1466 = DIRECTION ( 'NONE',  ( 2.095246567705922775E-15, -0.2425356250363094601, 0.9701425001453377606 ) ) ;
#1467 = DIRECTION ( 'NONE',  ( -1.748601263784619973E-15, 0.000000000000000000, -1.000000000000000000 ) ) ;
#1468 = MECHANICAL_DESIGN_GEOMETRIC_PRESENTATION_REPRESENTATION (  '', ( #983 ), #5742 ) ;
#1469 = STYLED_ITEM ( 'NONE', ( #2408 ), #631 ) ;
#1470 = PRESENTATION_STYLE_ASSIGNMENT (( #419 ) ) ;
#1471 = EDGE_CURVE ( 'NONE', #2810, #7186, #1530, .T. ) ;
#1472 = CARTESIAN_POINT ( 'NONE',  ( 1.398548747333999920, 8.959230384045010709, -3.649999999999944844 ) ) ;
#1473 = ORIENTED_EDGE ( 'NONE', *, *, #515, .F. ) ;
#1474 = AXIS2_PLACEMENT_3D ( 'NONE', #237, #1931, #3624 ) ;
#1475 = SURFACE_STYLE_USAGE ( .BOTH. , #943 ) ;
#1476 = CARTESIAN_POINT ( 'NONE',  ( -1.000000000000000000, 3.750000000000000000, -5.950000000000000178 ) ) ;
#1477 = VERTEX_POINT ( 'NONE', #965 ) ;
#1478 = PRESENTATION_STYLE_ASSIGNMENT (( #288 ) ) ;
#1479 =( NAMED_UNIT ( * ) SI_UNIT ( $, .STERADIAN. ) SOLID_ANGLE_UNIT ( ) );
#1480 = STYLED_ITEM ( 'NONE', ( #3501 ), #4018 ) ;
#1481 = ORIENTED_EDGE ( 'NONE', *, *, #2792, .T. ) ;
#1482 = ORIENTED_EDGE ( 'NONE', *, *, #4679, .F. ) ;
#1483 = LINE ( 'NONE', #4939, #5164 ) ;
#1484 = CARTESIAN_POINT ( 'NONE',  ( 1.400000000000000799, 8.959486922781332296, -4.647954109664944156 ) ) ;
#1485 = STYLED_ITEM ( 'NONE', ( #7334 ), #3613 ) ;
#1486 = PRESENTATION_LAYER_ASSIGNMENT (  '', '', ( #887 ) ) ;
#1487 = VECTOR ( 'NONE', #592, 1000.000000000000000 ) ;
#1488 =( NAMED_UNIT ( * ) SI_UNIT ( $, .STERADIAN. ) SOLID_ANGLE_UNIT ( ) );
#1489 = CARTESIAN_POINT ( 'NONE',  ( 0.5341344524396247628, 9.414262687436133703, 1.350000000000055156 ) ) ;
#1490 = DIRECTION ( 'NONE',  ( -1.000000000000000000, 1.134242272754066116E-14, 2.001604010742469664E-15 ) ) ;
#1491 = CONICAL_SURFACE ( 'NONE', #5637, 3.049999998679999269, 0.1526493283952321811 ) ;
#1492 = VERTEX_POINT ( 'NONE', #4424 ) ;
#1493 =( NAMED_UNIT ( * ) PLANE_ANGLE_UNIT ( ) SI_UNIT ( $, .RADIAN. ) );
#1494 =( NAMED_UNIT ( * ) PLANE_ANGLE_UNIT ( ) SI_UNIT ( $, .RADIAN. ) );
#1495 =( NAMED_UNIT ( * ) SI_UNIT ( $, .STERADIAN. ) SOLID_ANGLE_UNIT ( ) );
#1496 = LINE ( 'NONE', #3752, #4155 ) ;
#1497 = EDGE_CURVE ( 'NONE', #3343, #926, #6703, .T. ) ;
#1498 = CARTESIAN_POINT ( 'NONE',  ( 0.5000000000000210942, -0.2499999999999905076, 1.350000000000054046 ) ) ;
#1499 = SURFACE_STYLE_FILL_AREA ( #2664 ) ;
#1500 = ORIENTED_EDGE ( 'NONE', *, *, #4118, .F. ) ;
#1501 = AXIS2_PLACEMENT_3D ( 'NONE', #5385, #1961, #1998 ) ;
#1502 = DIRECTION ( 'NONE',  ( 0.9838699100999044322, 1.617991634378899034E-15, 0.1788854381999993859 ) ) ;
#1503 = ORIENTED_EDGE ( 'NONE', *, *, #733, .F. ) ;
#1504 = SURFACE_SIDE_STYLE ('',( #6019 ) ) ;
#1505 = DIRECTION ( 'NONE',  ( -1.732465256067260167E-15, -6.803538230522719582E-17, -1.000000000000000000 ) ) ;
#1506 = CARTESIAN_POINT ( 'NONE',  ( -0.9999999999999800160, 3.750000000000000000, 3.350000000000055156 ) ) ;
#1507 = VECTOR ( 'NONE', #6767, 1000.000000000000000 ) ;
#1508 = SURFACE_SIDE_STYLE ('',( #7035 ) ) ;
#1509 = ORIENTED_EDGE ( 'NONE', *, *, #400, .F. ) ;
#1510 = CARTESIAN_POINT ( 'NONE',  ( 9.700000000000001066, 12.25000000000000000, 3.350000000000055156 ) ) ;
#1511 = CARTESIAN_POINT ( 'NONE',  ( 8.000000000000000000, 12.25000000000000000, -6.649999999999999467 ) ) ;
#1512 = PLANE ( 'NONE',  #3477 ) ;
#1513 = VERTEX_POINT ( 'NONE', #5686 ) ;
#1514 = CARTESIAN_POINT ( 'NONE',  ( 0.2000000000000055067, 8.400000000000000355, 0.8500000000000569322 ) ) ;
#1515 = FACE_OUTER_BOUND ( 'NONE', #3361, .T. ) ;
#1516 = ORIENTED_EDGE ( 'NONE', *, *, #2218, .T. ) ;
#1517 = ORIENTED_EDGE ( 'NONE', *, *, #4297, .F. ) ;
#1518 = ADVANCED_FACE ( 'NONE', ( #3981 ), #5135, .T. ) ;
#1519 = LINE ( 'NONE', #7121, #5708 ) ;
#1520 = STYLED_ITEM ( 'NONE', ( #5784 ), #93 ) ;
#1521 = VECTOR ( 'NONE', #1869, 1000.000000000000000 ) ;
#1522 = EDGE_CURVE ( 'NONE', #6620, #749, #1443, .T. ) ;
#1523 = MECHANICAL_DESIGN_GEOMETRIC_PRESENTATION_REPRESENTATION (  '', ( #5312 ), #4722 ) ;
#1524 = CARTESIAN_POINT ( 'NONE',  ( 1.500000000000000000, 8.200000000000001066, 0.3850000000000554645 ) ) ;
#1525 = LINE ( 'NONE', #5975, #7231 ) ;
#1526 = VERTEX_POINT ( 'NONE', #3626 ) ;
#1527 = DIRECTION ( 'NONE',  ( 1.000000000000000000, 1.644517855226009970E-15, -1.748601263784619973E-15 ) ) ;
#1528 =( LENGTH_UNIT ( ) NAMED_UNIT ( * ) SI_UNIT ( .MILLI., .METRE. ) );
#1529 = PLANE ( 'NONE',  #2592 ) ;
#1530 = LINE ( 'NONE', #3786, #5001 ) ;
#1531 = CARTESIAN_POINT ( 'NONE',  ( 9.700000000000001066, 4.500000000000000000, -4.150000000000000355 ) ) ;
#1532 = LINE ( 'NONE', #3726, #6190 ) ;
#1533 = VECTOR ( 'NONE', #1194, 1000.000000000000000 ) ;
#1534 = MECHANICAL_DESIGN_GEOMETRIC_PRESENTATION_REPRESENTATION (  '', ( #6981 ), #6639 ) ;
#1535 = ORIENTED_EDGE ( 'NONE', *, *, #3193, .T. ) ;
#1536 = DIRECTION ( 'NONE',  ( -0.9428090415820746806, 0.2357022603954919138, 0.2357022603954949114 ) ) ;
#1537 = VECTOR ( 'NONE', #1994, 1000.000000000000000 ) ;
#1538 = VERTEX_POINT ( 'NONE', #6588 ) ;
#1539 = CARTESIAN_POINT ( 'NONE',  ( 0.9675818828474264111, 9.189123148182778422, 0.3500000000000552114 ) ) ;
#1540 = VECTOR ( 'NONE', #6156, 1000.000000000000000 ) ;
#1541 = CARTESIAN_POINT ( 'NONE',  ( 11.00000000000000000, 7.649999999999999467, 0.3850000000000379785 ) ) ;
#1542 = CARTESIAN_POINT ( 'NONE',  ( 0.09999999999999069356, 10.59999999999999964, -6.649999999999999467 ) ) ;
#1543 = ORIENTED_EDGE ( 'NONE', *, *, #4773, .F. ) ;
#1544 = VERTEX_POINT ( 'NONE', #5365 ) ;
#1545 = CARTESIAN_POINT ( 'NONE',  ( 11.00000000000000000, 7.450000000000000178, -4.150000000000000355 ) ) ;
#1546 = PRESENTATION_LAYER_ASSIGNMENT (  '', '', ( #5695 ) ) ;
#1547 = ORIENTED_EDGE ( 'NONE', *, *, #7012, .T. ) ;
#1548 = LINE ( 'NONE', #1711, #5426 ) ;
#1549 = CARTESIAN_POINT ( 'NONE',  ( 1.500000000000000000, 8.200000000000001066, -3.659999999999945075 ) ) ;
#1550 = VERTEX_POINT ( 'NONE', #6478 ) ;
#1551 = PLANE ( 'NONE',  #3475 ) ;
#1552 = AXIS2_PLACEMENT_3D ( 'NONE', #4579, #5137, #2411 ) ;
#1553 =( LENGTH_UNIT ( ) NAMED_UNIT ( * ) SI_UNIT ( .MILLI., .METRE. ) );
#1554 = SURFACE_STYLE_FILL_AREA ( #469 ) ;
#1555 = EDGE_LOOP ( 'NONE', ( #6548, #6670, #4590, #2717, #3487, #4959, #2157, #4997, #118, #5165, #470, #6179 ) ) ;
#1556 = ORIENTED_EDGE ( 'NONE', *, *, #3719, .T. ) ;
#1557 = STYLED_ITEM ( 'NONE', ( #5313 ), #6224 ) ;
#1558 = PRESENTATION_LAYER_ASSIGNMENT (  '', '', ( #7119 ) ) ;
#1559 = CARTESIAN_POINT ( 'NONE',  ( 1.400000000000002576, 8.959486922696665800, -3.652045890334944644 ) ) ;
#1560 = STYLED_ITEM ( 'NONE', ( #6738 ), #2243 ) ;
#1561 = CARTESIAN_POINT ( 'NONE',  ( 2.399999999999999911, 9.599999999999999645, 1.350000000000052047 ) ) ;
#1562 = SURFACE_STYLE_FILL_AREA ( #6195 ) ;
#1563 = STYLED_ITEM ( 'NONE', ( #5245 ), #1240 ) ;
#1564 = DIRECTION ( 'NONE',  ( -1.644517855226009970E-15, 1.000000000000000000, 0.000000000000000000 ) ) ;
#1565 =( GEOMETRIC_REPRESENTATION_CONTEXT ( 3 ) GLOBAL_UNCERTAINTY_ASSIGNED_CONTEXT ( ( #3637 ) ) GLOBAL_UNIT_ASSIGNED_CONTEXT ( ( #6516, #2681, #4333 ) ) REPRESENTATION_CONTEXT ( 'NONE', 'WORKASPACE' ) );
#1566 = EDGE_CURVE ( 'NONE', #2872, #771, #5939, .T. ) ;
#1567 = AXIS2_PLACEMENT_3D ( 'NONE', #2464, #2977, #3602 ) ;
#1568 = CARTESIAN_POINT ( 'NONE',  ( 11.00000000000000000, 7.450000000000000178, 0.8500000000000369482 ) ) ;
#1569 = CARTESIAN_POINT ( 'NONE',  ( 11.00000000000000000, 10.59999999999999964, -0.04999999999996149885 ) ) ;
#1570 = ORIENTED_EDGE ( 'NONE', *, *, #1471, .F. ) ;
#1571 = CARTESIAN_POINT ( 'NONE',  ( -0.1999999927999875082, 4.200000000000000178, 0.2600000054000585203 ) ) ;
#1572 =( NAMED_UNIT ( * ) PLANE_ANGLE_UNIT ( ) SI_UNIT ( $, .RADIAN. ) );
#1573 = FILL_AREA_STYLE_COLOUR ( '', #5651 ) ;
#1574 =( LENGTH_UNIT ( ) NAMED_UNIT ( * ) SI_UNIT ( .MILLI., .METRE. ) );
#1575 = DIRECTION ( 'NONE',  ( 1.644517855226004842E-15, -1.000000000000000000, 0.000000000000000000 ) ) ;
#1576 = SURFACE_SIDE_STYLE ('',( #4463 ) ) ;
#1577 = VECTOR ( 'NONE', #2508, 1000.000000000000000 ) ;
#1578 = CARTESIAN_POINT ( 'NONE',  ( 2.399999999999999911, 8.200000000000001066, 3.875158234187050077 ) ) ;
#1579 =( NAMED_UNIT ( * ) SI_UNIT ( $, .STERADIAN. ) SOLID_ANGLE_UNIT ( ) );
#1580 = MECHANICAL_DESIGN_GEOMETRIC_PRESENTATION_REPRESENTATION (  '', ( #1221 ), #6554 ) ;
#1581 = STYLED_ITEM ( 'NONE', ( #6957 ), #2075 ) ;
#1582 = ORIENTED_EDGE ( 'NONE', *, *, #371, .T. ) ;
#1583 = SURFACE_STYLE_FILL_AREA ( #5654 ) ;
#1584 = DIRECTION ( 'NONE',  ( -1.000000000000000000, -1.644517855226009970E-15, 1.748601263784619973E-15 ) ) ;
#1585 = DIRECTION ( 'NONE',  ( 1.644517855226009970E-15, -1.000000000000000000, -2.890435660536364970E-30 ) ) ;
#1586 = SURFACE_STYLE_FILL_AREA ( #1121 ) ;
#1587 = AXIS2_PLACEMENT_3D ( 'NONE', #6223, #1172, #6254 ) ;
#1588 = ORIENTED_EDGE ( 'NONE', *, *, #6454, .F. ) ;
#1589 = VERTEX_POINT ( 'NONE', #5880 ) ;
#1590 = ORIENTED_EDGE ( 'NONE', *, *, #4827, .F. ) ;
#1591 = CARTESIAN_POINT ( 'NONE',  ( 2.399999999999999911, 5.400000000000000355, 2.250000000000049738 ) ) ;
#1592 =( NAMED_UNIT ( * ) SI_UNIT ( $, .STERADIAN. ) SOLID_ANGLE_UNIT ( ) );
#1593 = ORIENTED_EDGE ( 'NONE', *, *, #5979, .F. ) ;
#1594 = PLANE ( 'NONE',  #7225 ) ;
#1595 = ADVANCED_FACE ( 'NONE', ( #1391 ), #5465, .T. ) ;
#1596 = ADVANCED_FACE ( 'NONE', ( #7033 ), #1266, .F. ) ;
#1597 = PRESENTATION_STYLE_ASSIGNMENT (( #6687 ) ) ;
#1598 = ORIENTED_EDGE ( 'NONE', *, *, #2294, .F. ) ;
#1599 =( GEOMETRIC_REPRESENTATION_CONTEXT ( 3 ) GLOBAL_UNCERTAINTY_ASSIGNED_CONTEXT ( ( #6867 ) ) GLOBAL_UNIT_ASSIGNED_CONTEXT ( ( #2750, #541, #2820 ) ) REPRESENTATION_CONTEXT ( 'NONE', 'WORKASPACE' ) );
#1600 = DIRECTION ( 'NONE',  ( -1.644517855226009970E-15, 1.000000000000000000, 2.875605999964574846E-30 ) ) ;
#1601 = DIRECTION ( 'NONE',  ( -1.748601263784619973E-15, 1.482966057179082177E-32, -1.000000000000000000 ) ) ;
#1602 = CARTESIAN_POINT ( 'NONE',  ( 10.34999999141860094, 7.450000000000000178, -4.150000000000000355 ) ) ;
#1603 = LINE ( 'NONE', #1018, #5635 ) ;
#1604 =( NAMED_UNIT ( * ) SI_UNIT ( $, .STERADIAN. ) SOLID_ANGLE_UNIT ( ) );
#1605 = AXIS2_PLACEMENT_3D ( 'NONE', #6485, #355, #2019 ) ;
#1606 = EDGE_CURVE ( 'NONE', #2692, #3370, #2373, .T. ) ;
#1607 = EDGE_CURVE ( 'NONE', #2193, #704, #5231, .T. ) ;
#1608 = ORIENTED_EDGE ( 'NONE', *, *, #5920, .F. ) ;
#1609 = VECTOR ( 'NONE', #3396, 1000.000000000000000 ) ;
#1610 = CARTESIAN_POINT ( 'NONE',  ( 9.700000000000001066, 4.500000000000000000, 0.8500000000000379474 ) ) ;
#1611 = DIRECTION ( 'NONE',  ( -0.1520571842539049368, -2.500607545209353990E-16, -0.9883716976506227159 ) ) ;
#1612 = ORIENTED_EDGE ( 'NONE', *, *, #2729, .T. ) ;
#1613 = SURFACE_STYLE_FILL_AREA ( #2694 ) ;
#1614 =( LENGTH_UNIT ( ) NAMED_UNIT ( * ) SI_UNIT ( .MILLI., .METRE. ) );
#1615 = SURFACE_STYLE_FILL_AREA ( #1069 ) ;
#1616 = CARTESIAN_POINT ( 'NONE',  ( 1.500000000000000000, 8.200000000000001066, 0.3850000000000554645 ) ) ;
#1617 = DIRECTION ( 'NONE',  ( -0.2307692307692119638, 0.9730085108210442257, 6.672013369141564231E-16 ) ) ;
#1618 = DIRECTION ( 'NONE',  ( -3.230361199318120148E-07, -1.709844728725059900E-07, -0.9999999999999331646 ) ) ;
#1619 = STYLED_ITEM ( 'NONE', ( #720 ), #3018 ) ;
#1620 = VERTEX_POINT ( 'NONE', #5765 ) ;
#1621 = MECHANICAL_DESIGN_GEOMETRIC_PRESENTATION_REPRESENTATION (  '', ( #3860 ), #4212 ) ;
#1622 = SURFACE_SIDE_STYLE ('',( #7246 ) ) ;
#1623 = EDGE_CURVE ( 'NONE', #2772, #3574, #2916, .T. ) ;
#1624 = DIRECTION ( 'NONE',  ( -1.685658516123720066E-15, -4.594733573412509370E-17, -1.000000000000000000 ) ) ;
#1625 = CARTESIAN_POINT ( 'NONE',  ( -0.5999999999999928724, 4.200000000000000178, -3.259999999999944720 ) ) ;
#1626 = FACE_OUTER_BOUND ( 'NONE', #3794, .T. ) ;
#1627 =( GEOMETRIC_REPRESENTATION_CONTEXT ( 3 ) GLOBAL_UNCERTAINTY_ASSIGNED_CONTEXT ( ( #4131 ) ) GLOBAL_UNIT_ASSIGNED_CONTEXT ( ( #3645, #302, #1411 ) ) REPRESENTATION_CONTEXT ( 'NONE', 'WORKASPACE' ) );
#1628 = ADVANCED_FACE ( 'NONE', ( #639 ), #4687, .F. ) ;
#1629 = ORIENTED_EDGE ( 'NONE', *, *, #698, .T. ) ;
#1630 = EDGE_LOOP ( 'NONE', ( #3064, #5776, #5111, #1971 ) ) ;
#1631 = FILL_AREA_STYLE_COLOUR ( '', #7301 ) ;
#1632 = VERTEX_POINT ( 'NONE', #4016 ) ;
#1633 =( GEOMETRIC_REPRESENTATION_CONTEXT ( 3 ) GLOBAL_UNCERTAINTY_ASSIGNED_CONTEXT ( ( #4673 ) ) GLOBAL_UNIT_ASSIGNED_CONTEXT ( ( #3825, #447, #7339 ) ) REPRESENTATION_CONTEXT ( 'NONE', 'WORKASPACE' ) );
#1634 = DIRECTION ( 'NONE',  ( -1.644517855226009970E-15, 1.000000000000000000, 2.890435660536364970E-30 ) ) ;
#1635 =( LENGTH_UNIT ( ) NAMED_UNIT ( * ) SI_UNIT ( .MILLI., .METRE. ) );
#1636 = LINE ( 'NONE', #3887, #6382 ) ;
#1637 = FILL_AREA_STYLE ('',( #1755 ) ) ;
#1638 = VECTOR ( 'NONE', #5206, 1000.000000000000000 ) ;
#1639 = SURFACE_STYLE_FILL_AREA ( #3848 ) ;
#1640 = AXIS2_PLACEMENT_3D ( 'NONE', #5178, #5107, #5702 ) ;
#1641 = ORIENTED_EDGE ( 'NONE', *, *, #1211, .T. ) ;
#1642 = B_SPLINE_CURVE_WITH_KNOTS ( 'NONE', 3,
 ( #6017, #4921, #7170, #6320 ),
 .UNSPECIFIED., .F., .F.,
 ( 4, 4 ),
 ( 0.000000000000000000, 1.000000000000000000 ),
 .UNSPECIFIED. ) ;
#1643 = DIRECTION ( 'NONE',  ( 1.748601263784619973E-15, -1.482966057179082177E-32, 1.000000000000000000 ) ) ;
#1644 = LINE ( 'NONE', #6723, #4532 ) ;
#1645 = LINE ( 'NONE', #3933, #6227 ) ;
#1646 = DIRECTION ( 'NONE',  ( -1.000000000000000000, -1.724157930190124919E-15, 1.666190477841215154E-15 ) ) ;
#1647 = EDGE_CURVE ( 'NONE', #2779, #2184, #3581, .T. ) ;
#1648 = VERTEX_POINT ( 'NONE', #707 ) ;
#1649 = FACE_OUTER_BOUND ( 'NONE', #6106, .T. ) ;
#1650 = ORIENTED_EDGE ( 'NONE', *, *, #1132, .F. ) ;
#1651 = CARTESIAN_POINT ( 'NONE',  ( 1.500000000000000000, 8.200000000000001066, -3.684999999999944986 ) ) ;
#1652 = CARTESIAN_POINT ( 'NONE',  ( 11.00000000000000000, 12.25000000000000000, 3.350000000000035172 ) ) ;
#1653 = CARTESIAN_POINT ( 'NONE',  ( 11.00000000000000000, 3.750000000000000000, 3.350000000000055156 ) ) ;
#1654 = CARTESIAN_POINT ( 'NONE',  ( 0.5999999999999999778, 8.200000000000001066, -3.604444444999944874 ) ) ;
#1655 = ORIENTED_EDGE ( 'NONE', *, *, #6461, .T. ) ;
#1656 = EDGE_CURVE ( 'NONE', #3917, #2781, #2880, .T. ) ;
#1657 = CARTESIAN_POINT ( 'NONE',  ( 3.174999999999999822, 7.649999999999999467, -5.525000000000000355 ) ) ;
#1658 = VERTEX_POINT ( 'NONE', #5133 ) ;
#1659 = DIRECTION ( 'NONE',  ( -1.748601263784619973E-15, 0.000000000000000000, -1.000000000000000000 ) ) ;
#1660 = AXIS2_PLACEMENT_3D ( 'NONE', #6324, #88, #5773 ) ;
#1661 =( NAMED_UNIT ( * ) SI_UNIT ( $, .STERADIAN. ) SOLID_ANGLE_UNIT ( ) );
#1662 = DIRECTION ( 'NONE',  ( 0.9838699100999044322, 1.617991634378899034E-15, 0.1788854381999993859 ) ) ;
#1663 = CARTESIAN_POINT ( 'NONE',  ( 2.399999999999999911, 7.649999999999999467, 0.8500000000000520473 ) ) ;
#1664 = LINE ( 'NONE', #7208, #2782 ) ;
#1665 = ORIENTED_EDGE ( 'NONE', *, *, #2390, .T. ) ;
#1666 = ORIENTED_EDGE ( 'NONE', *, *, #1388, .T. ) ;
#1667 = EDGE_CURVE ( 'NONE', #704, #2949, #2341, .T. ) ;
#1668 = MECHANICAL_DESIGN_GEOMETRIC_PRESENTATION_REPRESENTATION (  '', ( #5321 ), #2145 ) ;
#1669 =( LENGTH_UNIT ( ) NAMED_UNIT ( * ) SI_UNIT ( .MILLI., .METRE. ) );
#1670 = COLOUR_RGB ( '',0.2862745098039215508, 0.6431372549019607199, 0.8666666666666666963 ) ;
#1671 = ORIENTED_EDGE ( 'NONE', *, *, #2690, .F. ) ;
#1672 = DIRECTION ( 'NONE',  ( -0.9238697708742998893, 0.3553345272593984583, -0.1421338109036983655 ) ) ;
#1673 = FILL_AREA_STYLE ('',( #2246 ) ) ;
#1674 = ORIENTED_EDGE ( 'NONE', *, *, #4443, .T. ) ;
#1675 = SURFACE_SIDE_STYLE ('',( #538 ) ) ;
#1676 = UNCERTAINTY_MEASURE_WITH_UNIT (LENGTH_MEASURE( 1.000000000000000082E-05 ), #3951, 'distance_accuracy_value', 'NONE');
#1677 = DIRECTION ( 'NONE',  ( -1.000000000000000000, -1.644517855226009970E-15, 1.748601263784619973E-15 ) ) ;
#1678 = VECTOR ( 'NONE', #4017, 1000.000000000000114 ) ;
#1679 = EDGE_CURVE ( 'NONE', #561, #3991, #2988, .T. ) ;
#1680 = STYLED_ITEM ( 'NONE', ( #3332 ), #337 ) ;
#1681 =( LENGTH_UNIT ( ) NAMED_UNIT ( * ) SI_UNIT ( .MILLI., .METRE. ) );
#1682 = DIRECTION ( 'NONE',  ( 0.9883716976506222718, -0.1520571842539074903, -1.728267999600830409E-15 ) ) ;
#1683 = DIRECTION ( 'NONE',  ( 0.000000000000000000, -0.6949152542373064900, -0.7190916418846067248 ) ) ;
#1684 = COLOUR_RGB ( '',0.2862745098039215508, 0.6431372549019607199, 0.8666666666666666963 ) ;
#1685 =( GEOMETRIC_REPRESENTATION_CONTEXT ( 3 ) GLOBAL_UNCERTAINTY_ASSIGNED_CONTEXT ( ( #5260 ) ) GLOBAL_UNIT_ASSIGNED_CONTEXT ( ( #2869, #5123, #5224 ) ) REPRESENTATION_CONTEXT ( 'NONE', 'WORKASPACE' ) );
#1686 = ORIENTED_EDGE ( 'NONE', *, *, #188, .T. ) ;
#1687 = SURFACE_STYLE_FILL_AREA ( #5680 ) ;
#1688 = STYLED_ITEM ( 'NONE', ( #3031 ), #1204 ) ;
#1689 = ORIENTED_EDGE ( 'NONE', *, *, #2511, .T. ) ;
#1690 = PLANE ( 'NONE',  #509 ) ;
#1691 =( GEOMETRIC_REPRESENTATION_CONTEXT ( 3 ) GLOBAL_UNCERTAINTY_ASSIGNED_CONTEXT ( ( #1138 ) ) GLOBAL_UNIT_ASSIGNED_CONTEXT ( ( #1911, #5301, #667 ) ) REPRESENTATION_CONTEXT ( 'NONE', 'WORKASPACE' ) );
#1692 = SURFACE_SIDE_STYLE ('',( #672 ) ) ;
#1693 = SURFACE_STYLE_FILL_AREA ( #7309 ) ;
#1694 = DIRECTION ( 'NONE',  ( -1.748601263784619973E-15, 0.000000000000000000, -1.000000000000000000 ) ) ;
#1695 = CARTESIAN_POINT ( 'NONE',  ( 1.399999999999999911, 9.599999999999999645, -4.649999999999939959 ) ) ;
#1696 = ORIENTED_EDGE ( 'NONE', *, *, #4140, .F. ) ;
#1697 = VECTOR ( 'NONE', #2721, 1000.000000000000000 ) ;
#1698 = ADVANCED_FACE ( 'NONE', ( #5167 ), #6878, .T. ) ;
#1699 = CARTESIAN_POINT ( 'NONE',  ( 2.399999999999999911, 10.59999999999999964, 0.3500000000000534905 ) ) ;
#1700 = ORIENTED_EDGE ( 'NONE', *, *, #3283, .F. ) ;
#1701 = CARTESIAN_POINT ( 'NONE',  ( 1.500000000000000000, 8.109625349781609316, -4.615000000000000213 ) ) ;
#1702 =( GEOMETRIC_REPRESENTATION_CONTEXT ( 3 ) GLOBAL_UNCERTAINTY_ASSIGNED_CONTEXT ( ( #6289 ) ) GLOBAL_UNIT_ASSIGNED_CONTEXT ( ( #1067, #4493, #6201 ) ) REPRESENTATION_CONTEXT ( 'NONE', 'WORKASPACE' ) );
#1703 =( NAMED_UNIT ( * ) SI_UNIT ( $, .STERADIAN. ) SOLID_ANGLE_UNIT ( ) );
#1704 = FILL_AREA_STYLE ('',( #3413 ) ) ;
#1705 = ORIENTED_EDGE ( 'NONE', *, *, #2435, .F. ) ;
#1707 = VERTEX_POINT ( 'NONE', #5340 ) ;
#1706 = EDGE_CURVE ( 'NONE', #5566, #1779, #1914, .T. ) ;
#1708 = PRESENTATION_LAYER_ASSIGNMENT (  '', '', ( #3011 ) ) ;
#1709 = AXIS2_PLACEMENT_3D ( 'NONE', #5241, #5771, #711 ) ;
#1710 = CARTESIAN_POINT ( 'NONE',  ( 9.700000000000001066, 10.59999999999999964, -3.449999999999960210 ) ) ;
#1711 = CARTESIAN_POINT ( 'NONE',  ( -1.000000000000000000, 3.750000000000000000, -2.349999999999945022 ) ) ;
#1712 =( NAMED_UNIT ( * ) SI_UNIT ( $, .STERADIAN. ) SOLID_ANGLE_UNIT ( ) );
#1713 = ORIENTED_EDGE ( 'NONE', *, *, #1928, .F. ) ;
#1714 =( NAMED_UNIT ( * ) SI_UNIT ( $, .STERADIAN. ) SOLID_ANGLE_UNIT ( ) );
#1715 = UNCERTAINTY_MEASURE_WITH_UNIT (LENGTH_MEASURE( 1.000000000000000082E-05 ), #2940, 'distance_accuracy_value', 'NONE');
#1716 =( GEOMETRIC_REPRESENTATION_CONTEXT ( 3 ) GLOBAL_UNCERTAINTY_ASSIGNED_CONTEXT ( ( #6895 ) ) GLOBAL_UNIT_ASSIGNED_CONTEXT ( ( #5369, #6625, #4327 ) ) REPRESENTATION_CONTEXT ( 'NONE', 'WORKASPACE' ) );
#1717 = DIRECTION ( 'NONE',  ( -1.644517855226009970E-15, 1.000000000000000000, 0.000000000000000000 ) ) ;
#1718 = STYLED_ITEM ( 'NONE', ( #1925 ), #7147 ) ;
#1719 = VECTOR ( 'NONE', #4367, 1000.000000000000000 ) ;
#1720 = UNCERTAINTY_MEASURE_WITH_UNIT (LENGTH_MEASURE( 1.000000000000000082E-05 ), #5968, 'distance_accuracy_value', 'NONE');
#1721 = CARTESIAN_POINT ( 'NONE',  ( 10.34999999141860094, 4.400000001320025333, -4.150000000000000355 ) ) ;
#1722 = CARTESIAN_POINT ( 'NONE',  ( 3.174999999999999822, 7.649999999999999467, -2.774999999999950173 ) ) ;
#1723 = CARTESIAN_POINT ( 'NONE',  ( 2.399999999999954614, 9.599999999999999645, -27.72200000000000131 ) ) ;
#1724 = PLANE ( 'NONE',  #5113 ) ;
#1725 = ADVANCED_FACE ( 'NONE', ( #5933 ), #918, .T. ) ;
#1726 = STYLED_ITEM ( 'NONE', ( #1097 ), #3927 ) ;
#1727 = ORIENTED_EDGE ( 'NONE', *, *, #719, .F. ) ;
#1728 = STYLED_ITEM ( 'NONE', ( #3649 ), #493 ) ;
#1729 = FILL_AREA_STYLE ('',( #2877 ) ) ;
#1730 = ORIENTED_EDGE ( 'NONE', *, *, #5699, .F. ) ;
#1731 = CARTESIAN_POINT ( 'NONE',  ( 0.9357739704000040959, 8.199999999999709743, -0.6868666079169459815 ) ) ;
#1732 = PRESENTATION_STYLE_ASSIGNMENT (( #3516 ) ) ;
#1733 = SURFACE_SIDE_STYLE ('',( #6806 ) ) ;
#1734 = CARTESIAN_POINT ( 'NONE',  ( 2.399999999999999911, 5.400000000000000355, -2.749999999999949818 ) ) ;
#1735 = COLOUR_RGB ( '',0.2862745098039215508, 0.6431372549019607199, 0.8666666666666666963 ) ;
#1736 = DIRECTION ( 'NONE',  ( -1.748601263784619973E-15, 0.000000000000000000, -1.000000000000000000 ) ) ;
#1737 = ORIENTED_EDGE ( 'NONE', *, *, #2200, .T. ) ;
#1738 = ORIENTED_EDGE ( 'NONE', *, *, #1285, .F. ) ;
#1739 = AXIS2_PLACEMENT_3D ( 'NONE', #247, #2576, #2539 ) ;
#1740 = DIRECTION ( 'NONE',  ( 0.5999999999999999778, 9.867107131356032605E-16, -0.8000000000000000444 ) ) ;
#1741 = ADVANCED_FACE ( 'NONE', ( #3092 ), #3059, .F. ) ;
#1742 = DIRECTION ( 'NONE',  ( -1.644517855226024958E-15, 1.000000000000000000, 0.000000000000000000 ) ) ;
#1743 =( NAMED_UNIT ( * ) SI_UNIT ( $, .STERADIAN. ) SOLID_ANGLE_UNIT ( ) );
#1744 = CARTESIAN_POINT ( 'NONE',  ( 3.950000000000000178, 7.649999999999999467, -4.149999999999949729 ) ) ;
#1745 = FACE_OUTER_BOUND ( 'NONE', #2425, .T. ) ;
#1746 = LINE ( 'NONE', #492, #4179 ) ;
#1747 = ORIENTED_EDGE ( 'NONE', *, *, #942, .T. ) ;
#1748 = EDGE_LOOP ( 'NONE', ( #2885, #2241, #1700, #5298 ) ) ;
#1749 = EDGE_CURVE ( 'NONE', #6674, #7098, #1603, .T. ) ;
#1750 = DIRECTION ( 'NONE',  ( -1.734723475976808672E-15, 1.000000000000000000, 0.000000000000000000 ) ) ;
#1751 = PRESENTATION_LAYER_ASSIGNMENT (  '', '', ( #301 ) ) ;
#1752 = FILL_AREA_STYLE ('',( #6823 ) ) ;
#1753 =( LENGTH_UNIT ( ) NAMED_UNIT ( * ) SI_UNIT ( .MILLI., .METRE. ) );
#1754 = FILL_AREA_STYLE ('',( #5627 ) ) ;
#1755 = FILL_AREA_STYLE_COLOUR ( '', #4549 ) ;
#1756 = VECTOR ( 'NONE', #1536, 999.9999999999998863 ) ;
#1757 = UNCERTAINTY_MEASURE_WITH_UNIT (LENGTH_MEASURE( 1.000000000000000082E-05 ), #1381, 'distance_accuracy_value', 'NONE');
#1758 = DIRECTION ( 'NONE',  ( -1.644517855226009970E-15, 1.000000000000000000, 2.890435660536364970E-30 ) ) ;
#1759 = MECHANICAL_DESIGN_GEOMETRIC_PRESENTATION_REPRESENTATION (  '', ( #315 ), #1881 ) ;
#1760 = SURFACE_STYLE_FILL_AREA ( #1178 ) ;
#1761 = DIRECTION ( 'NONE',  ( -1.748601263784619973E-15, 0.000000000000000000, -1.000000000000000000 ) ) ;
#1762 = LINE ( 'NONE', #4111, #1929 ) ;
#1763 = VECTOR ( 'NONE', #517, 1000.000000000000000 ) ;
#1764 = ORIENTED_EDGE ( 'NONE', *, *, #5859, .T. ) ;
#1765 = EDGE_CURVE ( 'NONE', #6216, #3370, #1645, .T. ) ;
#1766 =( NAMED_UNIT ( * ) PLANE_ANGLE_UNIT ( ) SI_UNIT ( $, .RADIAN. ) );
#1767 = PRESENTATION_STYLE_ASSIGNMENT (( #3976 ) ) ;
#1768 = VERTEX_POINT ( 'NONE', #7227 ) ;
#1769 = ADVANCED_FACE ( 'NONE', ( #2217 ), #3312, .F. ) ;
#1770 = FILL_AREA_STYLE_COLOUR ( '', #224 ) ;
#1771 = EDGE_LOOP ( 'NONE', ( #1764, #2780, #7022, #1014 ) ) ;
#1772 = FACE_OUTER_BOUND ( 'NONE', #2403, .T. ) ;
#1773 = PRESENTATION_STYLE_ASSIGNMENT (( #3372 ) ) ;
#1774 = CARTESIAN_POINT ( 'NONE',  ( 11.00000000000000000, 7.450000000000000178, 0.8500000000000369482 ) ) ;
#1775 =( NAMED_UNIT ( * ) SI_UNIT ( $, .STERADIAN. ) SOLID_ANGLE_UNIT ( ) );
#1776 = DIRECTION ( 'NONE',  ( 1.748601263784619973E-15, 0.000000000000000000, 1.000000000000000000 ) ) ;
#1777 =( GEOMETRIC_REPRESENTATION_CONTEXT ( 3 ) GLOBAL_UNCERTAINTY_ASSIGNED_CONTEXT ( ( #4442 ) ) GLOBAL_UNIT_ASSIGNED_CONTEXT ( ( #6373, #4070, #1393 ) ) REPRESENTATION_CONTEXT ( 'NONE', 'WORKASPACE' ) );
#1778 =( NAMED_UNIT ( * ) PLANE_ANGLE_UNIT ( ) SI_UNIT ( $, .RADIAN. ) );
#1779 = VERTEX_POINT ( 'NONE', #506 ) ;
#1780 = ORIENTED_EDGE ( 'NONE', *, *, #5992, .T. ) ;
#1781 = DIRECTION ( 'NONE',  ( 1.748601263784619973E-15, 3.033339662409899972E-30, 1.000000000000000000 ) ) ;
#1782 = VECTOR ( 'NONE', #6955, 1000.000000000000000 ) ;
#1783 = LINE ( 'NONE', #5703, #4719 ) ;
#1784 = FACE_OUTER_BOUND ( 'NONE', #346, .T. ) ;
#1785 = ORIENTED_EDGE ( 'NONE', *, *, #3036, .T. ) ;
#1786 = SURFACE_STYLE_FILL_AREA ( #4071 ) ;
#1787 = UNCERTAINTY_MEASURE_WITH_UNIT (LENGTH_MEASURE( 1.000000000000000082E-05 ), #3345, 'distance_accuracy_value', 'NONE');
#1788 = AXIS2_PLACEMENT_3D ( 'NONE', #2835, #7340, #6241 ) ;
#1789 = STYLED_ITEM ( 'NONE', ( #1773 ), #5304 ) ;
#1790 = SURFACE_STYLE_FILL_AREA ( #5753 ) ;
#1791 = UNCERTAINTY_MEASURE_WITH_UNIT (LENGTH_MEASURE( 1.000000000000000082E-05 ), #1333, 'distance_accuracy_value', 'NONE');
#1792 = DIRECTION ( 'NONE',  ( -0.7071067811864990560, -1.162849727212584251E-15, -0.7071067811865960895 ) ) ;
#1793 = AXIS2_PLACEMENT_3D ( 'NONE', #1568, #4838, #3251 ) ;
#1794 = FILL_AREA_STYLE ('',( #6835 ) ) ;
#1795 = FILL_AREA_STYLE_COLOUR ( '', #1441 ) ;
#1796 = EDGE_CURVE ( 'NONE', #4505, #2618, #3393, .T. ) ;
#1797 = ORIENTED_EDGE ( 'NONE', *, *, #6376, .T. ) ;
#1798 = AXIS2_PLACEMENT_3D ( 'NONE', #559, #1585, #6781 ) ;
#1799 = VECTOR ( 'NONE', #7001, 1000.000000000000000 ) ;
#1800 = UNCERTAINTY_MEASURE_WITH_UNIT (LENGTH_MEASURE( 1.000000000000000082E-05 ), #755, 'distance_accuracy_value', 'NONE');
#1801 = DIRECTION ( 'NONE',  ( -1.000000000000000000, -1.644517855226009970E-15, 1.748601263784619973E-15 ) ) ;
#1802 =( LENGTH_UNIT ( ) NAMED_UNIT ( * ) SI_UNIT ( .MILLI., .METRE. ) );
#1803 = ORIENTED_EDGE ( 'NONE', *, *, #2208, .T. ) ;
#1804 = LINE ( 'NONE', #4574, #3121 ) ;
#1805 = DIRECTION ( 'NONE',  ( -1.000000000000000000, 0.000000000000000000, 1.748601263784619973E-15 ) ) ;
#1806 = DIRECTION ( 'NONE',  ( -1.748601263784619973E-15, 1.482966057179082177E-32, -1.000000000000000000 ) ) ;
#1807 = LINE ( 'NONE', #4054, #6755 ) ;
#1808 = FILL_AREA_STYLE ('',( #3025 ) ) ;
#1809 =( GEOMETRIC_REPRESENTATION_CONTEXT ( 3 ) GLOBAL_UNCERTAINTY_ASSIGNED_CONTEXT ( ( #3999 ) ) GLOBAL_UNIT_ASSIGNED_CONTEXT ( ( #1528, #1572, #4980 ) ) REPRESENTATION_CONTEXT ( 'NONE', 'WORKASPACE' ) );
#1810 = PRESENTATION_LAYER_ASSIGNMENT (  '', '', ( #6412 ) ) ;
#1811 = COLOUR_RGB ( '',1.000000000000000000, 1.000000000000000000, 1.000000000000000000 ) ;
#1812 = EDGE_CURVE ( 'NONE', #5520, #4714, #398, .T. ) ;
#1813 = VERTEX_POINT ( 'NONE', #367 ) ;
#1814 = PRESENTATION_LAYER_ASSIGNMENT (  '', '', ( #3805 ) ) ;
#1815 = SURFACE_SIDE_STYLE ('',( #5802 ) ) ;
#1816 = VECTOR ( 'NONE', #477, 1000.000000000000000 ) ;
#1817 = LINE ( 'NONE', #1701, #1174 ) ;
#1818 = LINE ( 'NONE', #4061, #2317 ) ;
#1819 = DIRECTION ( 'NONE',  ( 1.748601263784619973E-15, 0.000000000000000000, 1.000000000000000000 ) ) ;
#1820 = SURFACE_STYLE_FILL_AREA ( #3483 ) ;
#1821 = CARTESIAN_POINT ( 'NONE',  ( 2.500000000000000000, 3.750000000000000000, -5.950000000000000178 ) ) ;
#1822 = VECTOR ( 'NONE', #1032, 1000.000000000000000 ) ;
#1823 = PRESENTATION_STYLE_ASSIGNMENT (( #6325 ) ) ;
#1824 = STYLED_ITEM ( 'NONE', ( #6242 ), #1518 ) ;
#1825 = ORIENTED_EDGE ( 'NONE', *, *, #2435, .T. ) ;
#1826 = EDGE_LOOP ( 'NONE', ( #3813, #4473, #7059, #555 ) ) ;
#1827 = SURFACE_SIDE_STYLE ('',( #168 ) ) ;
#1828 = VECTOR ( 'NONE', #464, 1000.000000000000227 ) ;
#1829 = CARTESIAN_POINT ( 'NONE',  ( 0.7400000000000079847, 7.597309794603360977, 0.3500000000000550449 ) ) ;
#1830 = SURFACE_STYLE_FILL_AREA ( #4632 ) ;
#1831 = CARTESIAN_POINT ( 'NONE',  ( 2.399999999999999911, 5.400000000000000355, 2.971320343560055033 ) ) ;
#1832 = MECHANICAL_DESIGN_GEOMETRIC_PRESENTATION_REPRESENTATION (  '', ( #3817 ), #2432 ) ;
#1833 = DIRECTION ( 'NONE',  ( -1.644517855226024958E-15, 1.000000000000000000, 0.000000000000000000 ) ) ;
#1834 = PRESENTATION_LAYER_ASSIGNMENT (  '', '', ( #5016 ) ) ;
#1835 = DIRECTION ( 'NONE',  ( 1.000000000000000000, 1.644517855226009970E-15, 0.000000000000000000 ) ) ;
#1836 = EDGE_CURVE ( 'NONE', #1189, #3621, #4483, .T. ) ;
#1837 = PLANE ( 'NONE',  #147 ) ;
#1838 = PRESENTATION_STYLE_ASSIGNMENT (( #2867 ) ) ;
#1839 = UNCERTAINTY_MEASURE_WITH_UNIT (LENGTH_MEASURE( 1.000000000000000082E-05 ), #1802, 'distance_accuracy_value', 'NONE');
#1840 = DIRECTION ( 'NONE',  ( 1.748601263784619973E-15, 3.033339662409899972E-30, 1.000000000000000000 ) ) ;
#1841 = CARTESIAN_POINT ( 'NONE',  ( 11.00000000000000000, 12.25000000000000000, 3.350000000000035172 ) ) ;
#1842 = ADVANCED_FACE ( 'NONE', ( #4942 ), #2654, .F. ) ;
#1843 = VECTOR ( 'NONE', #4602, 1000.000000000000000 ) ;
#1844 = ORIENTED_EDGE ( 'NONE', *, *, #2997, .F. ) ;
#1845 = FACE_OUTER_BOUND ( 'NONE', #165, .T. ) ;
#1846 = DIRECTION ( 'NONE',  ( 1.000000000000000000, 1.644517855226009970E-15, -1.748601263784619973E-15 ) ) ;
#1847 = ORIENTED_EDGE ( 'NONE', *, *, #6682, .T. ) ;
#1848 = DIRECTION ( 'NONE',  ( 1.000000000000000000, 1.644517855226009970E-15, -1.748601263784619973E-15 ) ) ;
#1849 = MECHANICAL_DESIGN_GEOMETRIC_PRESENTATION_REPRESENTATION (  '', ( #1718 ), #3010 ) ;
#1850 = VECTOR ( 'NONE', #4527, 1000.000000000000000 ) ;
#1851 = PLANE ( 'NONE',  #1452 ) ;
#1852 = DIRECTION ( 'NONE',  ( -1.748601263784619973E-15, 1.482966057179082177E-32, -1.000000000000000000 ) ) ;
#1853 = LINE ( 'NONE', #5232, #7211 ) ;
#1854 = ADVANCED_FACE ( 'NONE', ( #2906 ), #2363, .T. ) ;
#1855 =( NAMED_UNIT ( * ) SI_UNIT ( $, .STERADIAN. ) SOLID_ANGLE_UNIT ( ) );
#1856 = EDGE_LOOP ( 'NONE', ( #6155, #105, #2349, #5175, #1310, #4617, #2453 ) ) ;
#1857 = PLANE ( 'NONE',  #2938 ) ;
#1858 = CARTESIAN_POINT ( 'NONE',  ( 8.800000000000000711, 7.144714285714319324, 0.3500000000000415001 ) ) ;
#1859 =( LENGTH_UNIT ( ) NAMED_UNIT ( * ) SI_UNIT ( .MILLI., .METRE. ) );
#1860 = SURFACE_SIDE_STYLE ('',( #5807 ) ) ;
#1861 = PLANE ( 'NONE',  #1442 ) ;
#1862 = PRESENTATION_STYLE_ASSIGNMENT (( #3486 ) ) ;
#1863 = ORIENTED_EDGE ( 'NONE', *, *, #1114, .T. ) ;
#1864 = COLOUR_RGB ( '',0.2862745098039215508, 0.6431372549019607199, 0.8666666666666666963 ) ;
#1865 = SURFACE_SIDE_STYLE ('',( #4595 ) ) ;
#1866 = EDGE_CURVE ( 'NONE', #1550, #5566, #4605, .T. ) ;
#1867 = UNCERTAINTY_MEASURE_WITH_UNIT (LENGTH_MEASURE( 1.000000000000000082E-05 ), #4820, 'distance_accuracy_value', 'NONE');
#1868 = VECTOR ( 'NONE', #2334, 1000.000000000000000 ) ;
#1869 = DIRECTION ( 'NONE',  ( -1.000000000000000000, -1.644517855226009970E-15, 1.748601263784619973E-15 ) ) ;
#1870 =( LENGTH_UNIT ( ) NAMED_UNIT ( * ) SI_UNIT ( .MILLI., .METRE. ) );
#1871 = CARTESIAN_POINT ( 'NONE',  ( 1.850000000000000089, 6.250000000000000000, 2.350000000000055156 ) ) ;
#1872 = EDGE_CURVE ( 'NONE', #2985, #4456, #6300, .T. ) ;
#1873 = CARTESIAN_POINT ( 'NONE',  ( 1.500000000000000000, 8.109625349781609316, -3.659999999999945075 ) ) ;
#1874 = AXIS2_PLACEMENT_3D ( 'NONE', #5804, #120, #2345 ) ;
#1875 = VECTOR ( 'NONE', #5829, 1000.000000000000000 ) ;
#1876 = CARTESIAN_POINT ( 'NONE',  ( 9.700000000000001066, 5.400000000000000355, -1.271320343559960042 ) ) ;
#1877 =( GEOMETRIC_REPRESENTATION_CONTEXT ( 3 ) GLOBAL_UNCERTAINTY_ASSIGNED_CONTEXT ( ( #1315 ) ) GLOBAL_UNIT_ASSIGNED_CONTEXT ( ( #5914, #5576, #1579 ) ) REPRESENTATION_CONTEXT ( 'NONE', 'WORKASPACE' ) );
#1878 =( GEOMETRIC_REPRESENTATION_CONTEXT ( 3 ) GLOBAL_UNCERTAINTY_ASSIGNED_CONTEXT ( ( #3422 ) ) GLOBAL_UNIT_ASSIGNED_CONTEXT ( ( #1905, #3085, #2615 ) ) REPRESENTATION_CONTEXT ( 'NONE', 'WORKASPACE' ) );
#1879 = FILL_AREA_STYLE ('',( #3016 ) ) ;
#1880 = SURFACE_SIDE_STYLE ('',( #699 ) ) ;
#1881 =( GEOMETRIC_REPRESENTATION_CONTEXT ( 3 ) GLOBAL_UNCERTAINTY_ASSIGNED_CONTEXT ( ( #2904 ) ) GLOBAL_UNIT_ASSIGNED_CONTEXT ( ( #1062, #441, #4976 ) ) REPRESENTATION_CONTEXT ( 'NONE', 'WORKASPACE' ) );
#1882 = EDGE_LOOP ( 'NONE', ( #3168, #5811, #3167, #1163 ) ) ;
#1883 = LINE ( 'NONE', #6490, #1122 ) ;
#1884 = VERTEX_POINT ( 'NONE', #4521 ) ;
#1885 = ORIENTED_EDGE ( 'NONE', *, *, #6901, .T. ) ;
#1886 = PRESENTATION_LAYER_ASSIGNMENT (  '', '', ( #1999 ) ) ;
#1887 = LINE ( 'NONE', #6459, #4524 ) ;
#1888 = DIRECTION ( 'NONE',  ( -1.748601263784619973E-15, 0.000000000000000000, -1.000000000000000000 ) ) ;
#1889 = CARTESIAN_POINT ( 'NONE',  ( 0.09999999999999589773, 10.59999999999999964, -3.649999999999944844 ) ) ;
#1890 = EDGE_CURVE ( 'NONE', #2275, #7303, #663, .T. ) ;
#1891 =( NAMED_UNIT ( * ) PLANE_ANGLE_UNIT ( ) SI_UNIT ( $, .RADIAN. ) );
#1892 = FILL_AREA_STYLE_COLOUR ( '', #1199 ) ;
#1893 = PLANE ( 'NONE',  #973 ) ;
#1894 = VERTEX_POINT ( 'NONE', #1144 ) ;
#1895 = ADVANCED_FACE ( 'NONE', ( #628 ), #4006, .T. ) ;
#1896 = EDGE_LOOP ( 'NONE', ( #5085, #4627, #1424, #4952 ) ) ;
#1897 =( NAMED_UNIT ( * ) SI_UNIT ( $, .STERADIAN. ) SOLID_ANGLE_UNIT ( ) );
#1898 = STYLED_ITEM ( 'NONE', ( #2119 ), #4538 ) ;
#1899 = DIRECTION ( 'NONE',  ( 0.2357022603954914697, 0.9428090415820749026, -0.2357022603954939677 ) ) ;
#1900 = CARTESIAN_POINT ( 'NONE',  ( -0.5999999999999928724, 8.800000000000000711, -0.03999999999994109656 ) ) ;
#1901 = LINE ( 'NONE', #135, #3015 ) ;
#1902 = COLOUR_RGB ( '',0.2862745098039215508, 0.6431372549019607199, 0.8666666666666666963 ) ;
#1903 = FACE_OUTER_BOUND ( 'NONE', #1347, .T. ) ;
#1904 = FILL_AREA_STYLE_COLOUR ( '', #6318 ) ;
#1905 =( LENGTH_UNIT ( ) NAMED_UNIT ( * ) SI_UNIT ( .MILLI., .METRE. ) );
#1906 = ORIENTED_EDGE ( 'NONE', *, *, #207, .F. ) ;
#1907 = MECHANICAL_DESIGN_GEOMETRIC_PRESENTATION_REPRESENTATION (  '', ( #5916 ), #572 ) ;
#1908 = B_SPLINE_CURVE_WITH_KNOTS ( 'NONE', 3,
 ( #1130, #1559, #6218, #5482 ),
 .UNSPECIFIED., .F., .F.,
 ( 4, 4 ),
 ( 0.000000000000000000, 1.000000000000000000 ),
 .UNSPECIFIED. ) ;
#1909 = PRESENTATION_STYLE_ASSIGNMENT (( #2983 ) ) ;
#1910 =( GEOMETRIC_REPRESENTATION_CONTEXT ( 3 ) GLOBAL_UNCERTAINTY_ASSIGNED_CONTEXT ( ( #2211 ) ) GLOBAL_UNIT_ASSIGNED_CONTEXT ( ( #3749, #2109, #3862 ) ) REPRESENTATION_CONTEXT ( 'NONE', 'WORKASPACE' ) );
#1911 =( LENGTH_UNIT ( ) NAMED_UNIT ( * ) SI_UNIT ( .MILLI., .METRE. ) );
#1912 = ORIENTED_EDGE ( 'NONE', *, *, #4782, .F. ) ;
#1913 = DIRECTION ( 'NONE',  ( -1.801095893066400286E-14, -1.000000000000000000, 3.147915588756020553E-29 ) ) ;
#1914 = LINE ( 'NONE', #3175, #2928 ) ;
#1915 = LINE ( 'NONE', #261, #3777 ) ;
#1916 = DIRECTION ( 'NONE',  ( 1.000000000000000000, 1.644517855226009970E-15, -1.748601263784619973E-15 ) ) ;
#1917 = PLANE ( 'NONE',  #4591 ) ;
#1918 =( NAMED_UNIT ( * ) SI_UNIT ( $, .STERADIAN. ) SOLID_ANGLE_UNIT ( ) );
#1919 = CARTESIAN_POINT ( 'NONE',  ( 0.7400000000000149791, 4.200000000000000178, 1.350000000000054046 ) ) ;
#1920 = SURFACE_STYLE_FILL_AREA ( #6986 ) ;
#1921 = VECTOR ( 'NONE', #7084, 1000.000000000000000 ) ;
#1922 = DIRECTION ( 'NONE',  ( -1.734723475976808672E-15, 1.000000000000000000, 0.000000000000000000 ) ) ;
#1923 = EDGE_CURVE ( 'NONE', #6448, #738, #6258, .T. ) ;
#1924 = FACE_OUTER_BOUND ( 'NONE', #875, .T. ) ;
#1925 = PRESENTATION_STYLE_ASSIGNMENT (( #4667 ) ) ;
#1926 = VERTEX_POINT ( 'NONE', #3971 ) ;
#1927 = EDGE_LOOP ( 'NONE', ( #3378, #2160, #4856, #5248, #3846, #1932 ) ) ;
#1928 = EDGE_CURVE ( 'NONE', #1189, #1779, #3460, .T. ) ;
#1929 = VECTOR ( 'NONE', #178, 1000.000000000000000 ) ;
#1930 = LINE ( 'NONE', #2014, #5991 ) ;
#1931 = DIRECTION ( 'NONE',  ( -0.3589790793088838972, 0.9333456062030538458, 6.277112717517536631E-16 ) ) ;
#1932 = ORIENTED_EDGE ( 'NONE', *, *, #1522, .T. ) ;
#1933 = AXIS2_PLACEMENT_3D ( 'NONE', #2422, #683, #5739 ) ;
#1934 =( NAMED_UNIT ( * ) PLANE_ANGLE_UNIT ( ) SI_UNIT ( $, .RADIAN. ) );
#1935 =( GEOMETRIC_REPRESENTATION_CONTEXT ( 3 ) GLOBAL_UNCERTAINTY_ASSIGNED_CONTEXT ( ( #5672 ) ) GLOBAL_UNIT_ASSIGNED_CONTEXT ( ( #5537, #6129, #3905 ) ) REPRESENTATION_CONTEXT ( 'NONE', 'WORKASPACE' ) );
#1936 = CARTESIAN_POINT ( 'NONE',  ( 11.00000000000000000, 11.75000000000000000, -6.649999999999999467 ) ) ;
#1937 = DIRECTION ( 'NONE',  ( 1.000000000000000000, 1.549021660576225027E-12, -6.743308347092849632E-13 ) ) ;
#1938 = STYLED_ITEM ( 'NONE', ( #6566 ), #5746 ) ;
#1939 = LINE ( 'NONE', #2431, #7142 ) ;
#1940 = EDGE_CURVE ( 'NONE', #1658, #3514, #2467, .T. ) ;
#1941 = PRESENTATION_LAYER_ASSIGNMENT (  '', '', ( #4056 ) ) ;
#1942 =( NAMED_UNIT ( * ) PLANE_ANGLE_UNIT ( ) SI_UNIT ( $, .RADIAN. ) );
#1943 = VECTOR ( 'NONE', #7073, 999.9999999999998863 ) ;
#1944 = EDGE_LOOP ( 'NONE', ( #1727, #4049, #5519, #150 ) ) ;
#1945 = CARTESIAN_POINT ( 'NONE',  ( 0.2019880736300014856, 8.200000000000001066, -2.228092994471944976 ) ) ;
#1946 = UNCERTAINTY_MEASURE_WITH_UNIT (LENGTH_MEASURE( 1.000000000000000082E-05 ), #7124, 'distance_accuracy_value', 'NONE');
#1947 = CARTESIAN_POINT ( 'NONE',  ( 8.000000000000000000, 11.54999999999999893, -16.65000000000000213 ) ) ;
#1948 = DIRECTION ( 'NONE',  ( -2.168404344971010446E-15, 0.3928571428571054347, -0.9195995135417112110 ) ) ;
#1949 = UNCERTAINTY_MEASURE_WITH_UNIT (LENGTH_MEASURE( 1.000000000000000082E-05 ), #3442, 'distance_accuracy_value', 'NONE');
#1950 = ORIENTED_EDGE ( 'NONE', *, *, #2186, .F. ) ;
#1951 = PRESENTATION_LAYER_ASSIGNMENT (  '', '', ( #3489 ) ) ;
#1952 = EDGE_CURVE ( 'NONE', #948, #2779, #290, .T. ) ;
#1953 = ORIENTED_EDGE ( 'NONE', *, *, #4223, .F. ) ;
#1954 = SURFACE_STYLE_FILL_AREA ( #3609 ) ;
#1955 = CARTESIAN_POINT ( 'NONE',  ( -0.1999999993500015116, 8.599999999630808745, -3.560000002214944725 ) ) ;
#1956 = FILL_AREA_STYLE ('',( #7122 ) ) ;
#1957 = PLANE ( 'NONE',  #4621 ) ;
#1958 = PLANE ( 'NONE',  #1303 ) ;
#1959 = PRESENTATION_LAYER_ASSIGNMENT (  '', '', ( #6798 ) ) ;
#1960 = ADVANCED_FACE ( 'NONE', ( #4299 ), #736, .T. ) ;
#1961 = DIRECTION ( 'NONE',  ( -1.000000000000000000, -1.634159799354254979E-15, 1.748601263784619973E-15 ) ) ;
#1962 = PLANE ( 'NONE',  #2626 ) ;
#1963 = VERTEX_POINT ( 'NONE', #2580 ) ;
#1964 = ORIENTED_EDGE ( 'NONE', *, *, #5457, .F. ) ;
#1965 = LINE ( 'NONE', #2004, #2361 ) ;
#1966 = CARTESIAN_POINT ( 'NONE',  ( 2.399999999999999911, 7.100000000000000533, -6.649999999999999467 ) ) ;
#1967 = FACE_OUTER_BOUND ( 'NONE', #435, .T. ) ;
#1968 = DIRECTION ( 'NONE',  ( -1.685658516123720066E-15, -4.594733573412509370E-17, -1.000000000000000000 ) ) ;
#1969 = CARTESIAN_POINT ( 'NONE',  ( -0.1999999993499925188, 8.599999999630808745, 1.439999997785056163 ) ) ;
#1970 = CARTESIAN_POINT ( 'NONE',  ( 3.950000000000000178, 8.144714285714320212, 1.350000000000050271 ) ) ;
#1971 = ORIENTED_EDGE ( 'NONE', *, *, #5375, .T. ) ;
#1972 = ORIENTED_EDGE ( 'NONE', *, *, #4371, .F. ) ;
#1973 = AXIS2_PLACEMENT_3D ( 'NONE', #2353, #202, #3532 ) ;
#1974 = ADVANCED_FACE ( 'NONE', ( #2022 ), #5961, .T. ) ;
#1975 = LINE ( 'NONE', #3729, #893 ) ;
#1976 = ORIENTED_EDGE ( 'NONE', *, *, #6737, .T. ) ;
#1977 = FILL_AREA_STYLE_COLOUR ( '', #5589 ) ;
#1978 = PRESENTATION_STYLE_ASSIGNMENT (( #3154 ) ) ;
#1979 = VECTOR ( 'NONE', #1435, 1000.000000000000000 ) ;
#1980 = EDGE_CURVE ( 'NONE', #4654, #409, #3012, .T. ) ;
#1981 = PLANE ( 'NONE',  #2121 ) ;
#1982 = EDGE_LOOP ( 'NONE', ( #1582, #5763, #6215, #2669 ) ) ;
#1983 = STYLED_ITEM ( 'NONE', ( #2221 ), #3529 ) ;
#1984 = SURFACE_SIDE_STYLE ('',( #2645 ) ) ;
#1985 =( LENGTH_UNIT ( ) NAMED_UNIT ( * ) SI_UNIT ( .MILLI., .METRE. ) );
#1986 = MECHANICAL_DESIGN_GEOMETRIC_PRESENTATION_REPRESENTATION (  '', ( #410 ), #6463 ) ;
#1987 = ADVANCED_FACE ( 'NONE', ( #1440 ), #879, .T. ) ;
#1988 = ORIENTED_EDGE ( 'NONE', *, *, #5857, .T. ) ;
#1989 = ORIENTED_EDGE ( 'NONE', *, *, #6070, .F. ) ;
#1990 = SURFACE_SIDE_STYLE ('',( #6384 ) ) ;
#1991 = AXIS2_PLACEMENT_3D ( 'NONE', #5792, #5757, #73 ) ;
#1992 = FACE_OUTER_BOUND ( 'NONE', #6585, .T. ) ;
#1993 = SURFACE_STYLE_FILL_AREA ( #2987 ) ;
#1994 = DIRECTION ( 'NONE',  ( -1.644517855226009970E-15, 1.000000000000000000, 2.890435660536364970E-30 ) ) ;
#1995 = DIRECTION ( 'NONE',  ( -1.644517855226009970E-15, 1.000000000000000000, 2.890435660536364970E-30 ) ) ;
#1996 = MECHANICAL_DESIGN_GEOMETRIC_PRESENTATION_REPRESENTATION (  '', ( #3638 ), #5770 ) ;
#1997 = ADVANCED_FACE ( 'NONE', ( #7248 ), #4588, .T. ) ;
#1998 = DIRECTION ( 'NONE',  ( 1.634159799354254388E-15, -1.000000000000000000, 0.000000000000000000 ) ) ;
#1999 = STYLED_ITEM ( 'NONE', ( #5371 ), #2896 ) ;
#2000 = ADVANCED_FACE ( 'NONE', ( #1745 ), #3837, .F. ) ;
#2001 = FILL_AREA_STYLE ('',( #4190 ) ) ;
#2002 = EDGE_LOOP ( 'NONE', ( #2560, #495, #1124, #465 ) ) ;
#2003 = ORIENTED_EDGE ( 'NONE', *, *, #5442, .T. ) ;
#2004 = CARTESIAN_POINT ( 'NONE',  ( 0.6999999999999999556, 8.200000000000001066, 0.3100000000000550093 ) ) ;
#2005 = PRESENTATION_LAYER_ASSIGNMENT (  '', '', ( #6846 ) ) ;
#2006 = CARTESIAN_POINT ( 'NONE',  ( 0.09999999999999420464, 8.199999999999310063, -6.124841765812941041 ) ) ;
#2007 =( LENGTH_UNIT ( ) NAMED_UNIT ( * ) SI_UNIT ( .MILLI., .METRE. ) );
#2008 = ORIENTED_EDGE ( 'NONE', *, *, #1285, .T. ) ;
#2009 = CARTESIAN_POINT ( 'NONE',  ( 0.09999999999988500032, 9.638089535207049252, -3.649999999999944844 ) ) ;
#2010 = DIRECTION ( 'NONE',  ( 1.748601263784619973E-15, 0.000000000000000000, 1.000000000000000000 ) ) ;
#2011 = ORIENTED_EDGE ( 'NONE', *, *, #1623, .T. ) ;
#2012 = VECTOR ( 'NONE', #3623, 1000.000000000000227 ) ;
#2013 = ORIENTED_EDGE ( 'NONE', *, *, #3171, .T. ) ;
#2014 = CARTESIAN_POINT ( 'NONE',  ( 9.700000000000001066, 12.25000000000000000, 1.550000000000039790 ) ) ;
#2015 =( LENGTH_UNIT ( ) NAMED_UNIT ( * ) SI_UNIT ( .MILLI., .METRE. ) );
#2016 = CARTESIAN_POINT ( 'NONE',  ( 1.500000000000000000, 4.200000000000000178, 0.3500000000000550449 ) ) ;
#2017 = FILL_AREA_STYLE ('',( #4925 ) ) ;
#2018 = CARTESIAN_POINT ( 'NONE',  ( 9.799999999999998934, 7.144714285714319324, 1.350000000000040057 ) ) ;
#2019 = DIRECTION ( 'NONE',  ( 0.000000000000000000, 6.994405055139260866E-15, -1.000000000000000000 ) ) ;
#2020 = CARTESIAN_POINT ( 'NONE',  ( 0.7500000000000199840, -0.2499999999999905076, 0.6000000000000549338 ) ) ;
#2021 = DIRECTION ( 'NONE',  ( 0.9486832980505230939, 1.560126622598785489E-15, -0.3162277660168100746 ) ) ;
#2022 = FACE_OUTER_BOUND ( 'NONE', #3802, .T. ) ;
#2023 = AXIS2_PLACEMENT_3D ( 'NONE', #5625, #5747, #6928 ) ;
#2024 = ORIENTED_EDGE ( 'NONE', *, *, #6911, .T. ) ;
#2025 = VERTEX_POINT ( 'NONE', #3915 ) ;
#2026 = CIRCLE ( 'NONE', #4727, 1.300000000000000044 ) ;
#2027 = PRESENTATION_STYLE_ASSIGNMENT (( #1407 ) ) ;
#2028 = SURFACE_STYLE_FILL_AREA ( #4868 ) ;
#2029 = DIRECTION ( 'NONE',  ( 0.000000000000000000, 4.371503159461135289E-16, -1.000000000000000000 ) ) ;
#2030 = FACE_OUTER_BOUND ( 'NONE', #5017, .T. ) ;
#2031 = FILL_AREA_STYLE_COLOUR ( '', #5815 ) ;
#2032 = ADVANCED_FACE ( 'NONE', ( #6172 ), #3412, .T. ) ;
#2033 = AXIS2_PLACEMENT_3D ( 'NONE', #603, #7315, #1742 ) ;
#2034 = FACE_OUTER_BOUND ( 'NONE', #3883, .T. ) ;
#2035 = CARTESIAN_POINT ( 'NONE',  ( 11.00000000000000000, 5.200000000000000178, -6.649999999999999467 ) ) ;
#2036 = VERTEX_POINT ( 'NONE', #2999 ) ;
#2037 = ORIENTED_EDGE ( 'NONE', *, *, #2826, .T. ) ;
#2038 = CARTESIAN_POINT ( 'NONE',  ( 8.800000000000000711, 8.144714285714329094, -4.649999999999999467 ) ) ;
#2039 = SURFACE_STYLE_FILL_AREA ( #1380 ) ;
#2040 = CARTESIAN_POINT ( 'NONE',  ( 1.500000000000000000, 0.7500000000000109912, -4.649999999999939959 ) ) ;
#2041 = DIRECTION ( 'NONE',  ( 0.1520571842539020224, 0.9883716976506232710, -2.658873845539038863E-16 ) ) ;
#2042 = DIRECTION ( 'NONE',  ( -0.9984603535126304052, -1.641985879086795719E-15, -0.05547001409260001598 ) ) ;
#2043 = ORIENTED_EDGE ( 'NONE', *, *, #1872, .F. ) ;
#2044 = VERTEX_POINT ( 'NONE', #3557 ) ;
#2045 = DIRECTION ( 'NONE',  ( -1.000000000000000000, 0.000000000000000000, 1.748601263784619973E-15 ) ) ;
#2046 = AXIS2_PLACEMENT_3D ( 'NONE', #6879, #4755, #2623 ) ;
#2047 = MECHANICAL_DESIGN_GEOMETRIC_PRESENTATION_REPRESENTATION (  '', ( #1680 ), #124 ) ;
#2048 = ORIENTED_EDGE ( 'NONE', *, *, #2919, .T. ) ;
#2049 = CARTESIAN_POINT ( 'NONE',  ( 1.000000000000021982, 0.2500000000000099920, 1.225000000000054046 ) ) ;
#2050 = DIRECTION ( 'NONE',  ( 1.644517855226009970E-15, -1.000000000000000000, -2.890435660536364970E-30 ) ) ;
#2051 = PLANE ( 'NONE',  #2859 ) ;
#2052 = DIRECTION ( 'NONE',  ( 1.000000000000000000, 1.644517855226009970E-15, -1.748601263784619973E-15 ) ) ;
#2053 = PRESENTATION_LAYER_ASSIGNMENT (  '', '', ( #5701 ) ) ;
#2054 = FILL_AREA_STYLE_COLOUR ( '', #2706 ) ;
#2055 = VECTOR ( 'NONE', #6796, 1000.000000000000000 ) ;
#2056 = ORIENTED_EDGE ( 'NONE', *, *, #1952, .F. ) ;
#2057 = PRESENTATION_STYLE_ASSIGNMENT (( #4653 ) ) ;
#2058 =( NAMED_UNIT ( * ) SI_UNIT ( $, .STERADIAN. ) SOLID_ANGLE_UNIT ( ) );
#2059 = ORIENTED_EDGE ( 'NONE', *, *, #3158, .F. ) ;
#2060 = CARTESIAN_POINT ( 'NONE',  ( 1.800000000000000044, 6.844714285714309732, 0.3850000000000534661 ) ) ;
#2061 = VECTOR ( 'NONE', #3653, 1000.000000000000000 ) ;
#2062 = COLOUR_RGB ( '',1.000000000000000000, 1.000000000000000000, 1.000000000000000000 ) ;
#2063 = VECTOR ( 'NONE', #1257, 1000.000000000000227 ) ;
#2064 = ORIENTED_EDGE ( 'NONE', *, *, #952, .F. ) ;
#2065 = EDGE_LOOP ( 'NONE', ( #5550, #273, #314, #7110 ) ) ;
#2066 = EDGE_CURVE ( 'NONE', #6166, #3465, #5459, .T. ) ;
#2067 = CARTESIAN_POINT ( 'NONE',  ( 0.2019956825999955075, 8.199999999999310063, -6.071903056252939912 ) ) ;
#2068 = STYLED_ITEM ( 'NONE', ( #6352 ), #6411 ) ;
#2069 = DIRECTION ( 'NONE',  ( 1.748601263784619973E-15, 0.000000000000000000, 1.000000000000000000 ) ) ;
#2070 = AXIS2_PLACEMENT_3D ( 'NONE', #5358, #3069, #7095 ) ;
#2071 = AXIS2_PLACEMENT_3D ( 'NONE', #1602, #3208, #7154 ) ;
#2072 = COLOUR_RGB ( '',1.000000000000000000, 1.000000000000000000, 1.000000000000000000 ) ;
#2073 = DIRECTION ( 'NONE',  ( 1.000000000000000000, 1.644517855226009970E-15, -1.748601263784619973E-15 ) ) ;
#2074 = DIRECTION ( 'NONE',  ( -2.001604010742470058E-15, 2.869664107224915217E-30, -1.000000000000000000 ) ) ;
#2075 = ADVANCED_FACE ( 'NONE', ( #2486 ), #1893, .F. ) ;
#2076 = EDGE_LOOP ( 'NONE', ( #2116, #2951, #5359, #3215, #7088 ) ) ;
#2077 = LINE ( 'NONE', #3751, #6567 ) ;
#2078 = STYLED_ITEM ( 'NONE', ( #2395 ), #6872 ) ;
#2079 =( NAMED_UNIT ( * ) SI_UNIT ( $, .STERADIAN. ) SOLID_ANGLE_UNIT ( ) );
#2080 = PLANE ( 'NONE',  #3908 ) ;
#2081 = LINE ( 'NONE', #3218, #5582 ) ;
#2082 = ADVANCED_FACE ( 'NONE', ( #1924 ), #1861, .T. ) ;
#2083 = DIRECTION ( 'NONE',  ( 1.892425610156516974E-15, 0.000000000000000000, 1.000000000000000000 ) ) ;
#2084 = ORIENTED_EDGE ( 'NONE', *, *, #4255, .T. ) ;
#2085 = CARTESIAN_POINT ( 'NONE',  ( 1.800000000000000044, 6.844714285714309732, 1.315000000000053904 ) ) ;
#2086 = MECHANICAL_DESIGN_GEOMETRIC_PRESENTATION_REPRESENTATION (  '', ( #2668 ), #5487 ) ;
#2087 = VERTEX_POINT ( 'NONE', #1531 ) ;
#2088 = FILL_AREA_STYLE ('',( #1977 ) ) ;
#2089 = DIRECTION ( 'NONE',  ( -1.748601263784619973E-15, 0.000000000000000000, -1.000000000000000000 ) ) ;
#2090 = COLOUR_RGB ( '',0.2862745098039215508, 0.6431372549019607199, 0.8666666666666666963 ) ;
#2091 = DIRECTION ( 'NONE',  ( -0.9994801143396996324, -1.639714474223878959E-15, -0.03224129401095723185 ) ) ;
#2092 = ORIENTED_EDGE ( 'NONE', *, *, #4547, .T. ) ;
#2093 = ADVANCED_FACE ( 'NONE', ( #2631 ), #311, .T. ) ;
#2094 = EDGE_CURVE ( 'NONE', #167, #2193, #5393, .T. ) ;
#2095 =( GEOMETRIC_REPRESENTATION_CONTEXT ( 3 ) GLOBAL_UNCERTAINTY_ASSIGNED_CONTEXT ( ( #5158 ) ) GLOBAL_UNIT_ASSIGNED_CONTEXT ( ( #3891, #5788, #6338 ) ) REPRESENTATION_CONTEXT ( 'NONE', 'WORKASPACE' ) );
#2096 = DIRECTION ( 'NONE',  ( -1.748601263784619973E-15, 0.000000000000000000, -1.000000000000000000 ) ) ;
#2097 = DIRECTION ( 'NONE',  ( -1.000000000000000000, -1.644517855226009970E-15, 1.748601263784619973E-15 ) ) ;
#2098 = EDGE_LOOP ( 'NONE', ( #556, #4996, #1713, #863 ) ) ;
#2099 = PRESENTATION_STYLE_ASSIGNMENT (( #358 ) ) ;
#2100 = SURFACE_STYLE_USAGE ( .BOTH. , #4965 ) ;
#2101 = CONICAL_SURFACE ( 'NONE', #5032, 1.375000000000000000, 0.03224688243525594689 ) ;
#2102 = ORIENTED_EDGE ( 'NONE', *, *, #3073, .F. ) ;
#2103 = ORIENTED_EDGE ( 'NONE', *, *, #3996, .T. ) ;
#2104 = ORIENTED_EDGE ( 'NONE', *, *, #5560, .T. ) ;
#2105 =( NAMED_UNIT ( * ) SI_UNIT ( $, .STERADIAN. ) SOLID_ANGLE_UNIT ( ) );
#2106 =( LENGTH_UNIT ( ) NAMED_UNIT ( * ) SI_UNIT ( .MILLI., .METRE. ) );
#2107 = COLOUR_RGB ( '',0.2862745098039215508, 0.6431372549019607199, 0.8666666666666666963 ) ;
#2108 = DIRECTION ( 'NONE',  ( 0.7071067811864990560, 1.162849727212585434E-15, 0.7071067811865960895 ) ) ;
#2109 =( NAMED_UNIT ( * ) PLANE_ANGLE_UNIT ( ) SI_UNIT ( $, .RADIAN. ) );
#2110 = VECTOR ( 'NONE', #379, 1000.000000000000000 ) ;
#2111 = EDGE_LOOP ( 'NONE', ( #6421, #1738, #2315, #1085 ) ) ;
#2112 = PLANE ( 'NONE',  #5819 ) ;
#2113 =( NAMED_UNIT ( * ) SI_UNIT ( $, .STERADIAN. ) SOLID_ANGLE_UNIT ( ) );
#2114 = CARTESIAN_POINT ( 'NONE',  ( 1.300000000000000044, 5.400000000000000355, -2.549999999999944755 ) ) ;
#2115 = LINE ( 'NONE', #7057, #7125 ) ;
#2116 = ORIENTED_EDGE ( 'NONE', *, *, #294, .F. ) ;
#2117 = ORIENTED_EDGE ( 'NONE', *, *, #5068, .T. ) ;
#2118 =( NAMED_UNIT ( * ) SI_UNIT ( $, .STERADIAN. ) SOLID_ANGLE_UNIT ( ) );
#2119 = PRESENTATION_STYLE_ASSIGNMENT (( #6742 ) ) ;
#2120 =( NAMED_UNIT ( * ) PLANE_ANGLE_UNIT ( ) SI_UNIT ( $, .RADIAN. ) );
#2121 = AXIS2_PLACEMENT_3D ( 'NONE', #2018, #4330, #1431 ) ;
#2122 = CARTESIAN_POINT ( 'NONE',  ( 9.700000000000001066, 10.59999999999999964, 1.550000000000039790 ) ) ;
#2123 = ORIENTED_EDGE ( 'NONE', *, *, #4817, .F. ) ;
#2124 = ORIENTED_EDGE ( 'NONE', *, *, #3747, .T. ) ;
#2125 = CARTESIAN_POINT ( 'NONE',  ( 9.700000000000001066, 5.400000000000000355, -6.649999999999999467 ) ) ;
#2126 = CARTESIAN_POINT ( 'NONE',  ( 9.799999999999998934, 7.394714285714319324, -3.899999999999999911 ) ) ;
#2127 = VERTEX_POINT ( 'NONE', #931 ) ;
#2128 = DIRECTION ( 'NONE',  ( 1.644517855226009970E-15, -1.000000000000000000, -2.890435660536364970E-30 ) ) ;
#2129 = EDGE_CURVE ( 'NONE', #1707, #1813, #897, .T. ) ;
#2130 = ORIENTED_EDGE ( 'NONE', *, *, #393, .F. ) ;
#2131 = ORIENTED_EDGE ( 'NONE', *, *, #6119, .F. ) ;
#2132 = SURFACE_STYLE_FILL_AREA ( #1752 ) ;
#2133 = UNCERTAINTY_MEASURE_WITH_UNIT (LENGTH_MEASURE( 1.000000000000000082E-05 ), #607, 'distance_accuracy_value', 'NONE');
#2134 = CARTESIAN_POINT ( 'NONE',  ( 1.399999999999999911, 10.59999999999999964, 1.350000000000052047 ) ) ;
#2135 = CARTESIAN_POINT ( 'NONE',  ( 1.400000000000000799, 8.959743461390665686, -4.645908219329943023 ) ) ;
#2136 = LINE ( 'NONE', #3857, #3793 ) ;
#2137 = PRESENTATION_LAYER_ASSIGNMENT (  '', '', ( #933 ) ) ;
#2138 = FACE_OUTER_BOUND ( 'NONE', #1555, .T. ) ;
#2139 = CARTESIAN_POINT ( 'NONE',  ( 9.700000000000001066, 10.59999999999999964, -4.850000000000000533 ) ) ;
#2140 = ORIENTED_EDGE ( 'NONE', *, *, #2308, .T. ) ;
#2141 = SURFACE_SIDE_STYLE ('',( #1920 ) ) ;
#2142 = CARTESIAN_POINT ( 'NONE',  ( 1.399516249111665944, 9.386410128057333324, -4.649999999999942624 ) ) ;
#2143 = CARTESIAN_POINT ( 'NONE',  ( -0.4000000000000000222, 6.450000000000000178, -3.409999999999944631 ) ) ;
#2144 = PLANE ( 'NONE',  #1314 ) ;
#2145 =( GEOMETRIC_REPRESENTATION_CONTEXT ( 3 ) GLOBAL_UNCERTAINTY_ASSIGNED_CONTEXT ( ( #3455 ) ) GLOBAL_UNIT_ASSIGNED_CONTEXT ( ( #1574, #6090, #1495 ) ) REPRESENTATION_CONTEXT ( 'NONE', 'WORKASPACE' ) );
#2146 = STYLED_ITEM ( 'NONE', ( #4094 ), #5330 ) ;
#2147 = ORIENTED_EDGE ( 'NONE', *, *, #6880, .F. ) ;
#2148 = CARTESIAN_POINT ( 'NONE',  ( 1.400000000000000799, 8.959486922781332296, 0.3520458903350530688 ) ) ;
#2149 = ORIENTED_EDGE ( 'NONE', *, *, #3061, .F. ) ;
#2150 = EDGE_CURVE ( 'NONE', #4408, #3791, #4807, .T. ) ;
#2151 = FILL_AREA_STYLE_COLOUR ( '', #2404 ) ;
#2152 = COLOUR_RGB ( '',0.2862745098039215508, 0.6431372549019607199, 0.8666666666666666963 ) ;
#2153 = CARTESIAN_POINT ( 'NONE',  ( -0.5999999999999999778, 8.800000000000000711, -5.039999999999940528 ) ) ;
#2154 = SURFACE_STYLE_FILL_AREA ( #7207 ) ;
#2155 = EDGE_CURVE ( 'NONE', #2910, #2890, #2115, .T. ) ;
#2156 = VERTEX_POINT ( 'NONE', #2663 ) ;
#2157 = ORIENTED_EDGE ( 'NONE', *, *, #6464, .T. ) ;
#2158 = PRESENTATION_LAYER_ASSIGNMENT (  '', '', ( #4033 ) ) ;
#2159 = ORIENTED_EDGE ( 'NONE', *, *, #4211, .F. ) ;
#2160 = ORIENTED_EDGE ( 'NONE', *, *, #1412, .F. ) ;
#2161 = FILL_AREA_STYLE_COLOUR ( '', #7245 ) ;
#2162 = EDGE_CURVE ( 'NONE', #4465, #6350, #6047, .T. ) ;
#2163 = EDGE_CURVE ( 'NONE', #5730, #2702, #4197, .T. ) ;
#2164 = MECHANICAL_DESIGN_GEOMETRIC_PRESENTATION_REPRESENTATION (  '', ( #3686 ), #5106 ) ;
#2165 = SURFACE_STYLE_FILL_AREA ( #5478 ) ;
#2166 = AXIS2_PLACEMENT_3D ( 'NONE', #4382, #7193, #4417 ) ;
#2167 = UNCERTAINTY_MEASURE_WITH_UNIT (LENGTH_MEASURE( 1.000000000000000082E-05 ), #5705, 'distance_accuracy_value', 'NONE');
#2168 = VECTOR ( 'NONE', #1031, 1000.000000000000000 ) ;
#2169 = SURFACE_SIDE_STYLE ('',( #1554 ) ) ;
#2170 = ORIENTED_EDGE ( 'NONE', *, *, #6403, .T. ) ;
#2171 = STYLED_ITEM ( 'NONE', ( #2258 ), #5590 ) ;
#2172 = FACE_OUTER_BOUND ( 'NONE', #3683, .T. ) ;
#2173 =( LENGTH_UNIT ( ) NAMED_UNIT ( * ) SI_UNIT ( .MILLI., .METRE. ) );
#2174 = LINE ( 'NONE', #5484, #3127 ) ;
#2175 = STYLED_ITEM ( 'NONE', ( #2528 ), #1595 ) ;
#2176 = CARTESIAN_POINT ( 'NONE',  ( 0.5000000000000210942, 0.7500000000000089928, 1.350000000000054046 ) ) ;
#2177 = VECTOR ( 'NONE', #1359, 1000.000000000000000 ) ;
#2178 = ORIENTED_EDGE ( 'NONE', *, *, #7184, .F. ) ;
#2179 = AXIS2_PLACEMENT_3D ( 'NONE', #2060, #5436, #6635 ) ;
#2180 = EDGE_CURVE ( 'NONE', #2891, #1231, #6082, .T. ) ;
#2181 = SURFACE_STYLE_FILL_AREA ( #2724 ) ;
#2182 = CARTESIAN_POINT ( 'NONE',  ( 0.7399999999999999911, 7.597309794603360977, -3.649999999999944844 ) ) ;
#2183 = CARTESIAN_POINT ( 'NONE',  ( 1.398548747335005782, 8.959230384172011341, 0.3500000000000550449 ) ) ;
#2184 = VERTEX_POINT ( 'NONE', #3688 ) ;
#2185 = DIRECTION ( 'NONE',  ( -1.748601263784619973E-15, 0.000000000000000000, -1.000000000000000000 ) ) ;
#2186 = EDGE_CURVE ( 'NONE', #6308, #1492, #4238, .T. ) ;
#2187 = DIRECTION ( 'NONE',  ( -1.644517855226009970E-15, 1.000000000000000000, 2.875605999964574846E-30 ) ) ;
#2188 = SURFACE_STYLE_USAGE ( .BOTH. , #7238 ) ;
#2189 = CARTESIAN_POINT ( 'NONE',  ( 0.5000000000000109912, 6.844714285714309732, 1.350000000000054046 ) ) ;
#2190 = CARTESIAN_POINT ( 'NONE',  ( 11.00000000000000000, 12.25000000000000000, 3.350000000000055156 ) ) ;
#2191 = PRESENTATION_LAYER_ASSIGNMENT (  '', '', ( #2068 ) ) ;
#2192 = DIRECTION ( 'NONE',  ( 1.000000000000000000, 1.644517855226009970E-15, -1.748601263784619973E-15 ) ) ;
#2193 = VERTEX_POINT ( 'NONE', #4844 ) ;
#2194 = CARTESIAN_POINT ( 'NONE',  ( 2.399999999999999911, 5.400000000000000355, -5.549999999999999822 ) ) ;
#2195 = CARTESIAN_POINT ( 'NONE',  ( -0.1999999993499944895, 8.599999999630808745, 0.2600000022150580348 ) ) ;
#2196 =( LENGTH_UNIT ( ) NAMED_UNIT ( * ) SI_UNIT ( .MILLI., .METRE. ) );
#2197 =( NAMED_UNIT ( * ) PLANE_ANGLE_UNIT ( ) SI_UNIT ( $, .RADIAN. ) );
#2198 = AXIS2_PLACEMENT_3D ( 'NONE', #5516, #432, #2715 ) ;
#2199 = ORIENTED_EDGE ( 'NONE', *, *, #6038, .F. ) ;
#2200 = EDGE_CURVE ( 'NONE', #4720, #2692, #7093, .T. ) ;
#2201 = VERTEX_POINT ( 'NONE', #6130 ) ;
#2202 = ORIENTED_EDGE ( 'NONE', *, *, #284, .F. ) ;
#2203 = STYLED_ITEM ( 'NONE', ( #1823 ), #7126 ) ;
#2204 = AXIS2_PLACEMENT_3D ( 'NONE', #7307, #37, #705 ) ;
#2205 = CARTESIAN_POINT ( 'NONE',  ( 8.800000000000000711, 7.144714285714319324, -4.649999999999999467 ) ) ;
#2206 = SURFACE_STYLE_USAGE ( .BOTH. , #5071 ) ;
#2207 = CARTESIAN_POINT ( 'NONE',  ( 0.5999999999999999778, 8.200000000000001066, -4.695555554999939929 ) ) ;
#2208 = EDGE_CURVE ( 'NONE', #6506, #389, #6180, .T. ) ;
#2209 =( NAMED_UNIT ( * ) PLANE_ANGLE_UNIT ( ) SI_UNIT ( $, .RADIAN. ) );
#2210 = LINE ( 'NONE', #2358, #6558 ) ;
#2211 = UNCERTAINTY_MEASURE_WITH_UNIT (LENGTH_MEASURE( 1.000000000000000082E-05 ), #3749, 'distance_accuracy_value', 'NONE');
#2212 = SURFACE_STYLE_USAGE ( .BOTH. , #5558 ) ;
#2213 = VERTEX_POINT ( 'NONE', #484 ) ;
#2214 = PRESENTATION_LAYER_ASSIGNMENT (  '', '', ( #1726 ) ) ;
#2215 = PLANE ( 'NONE',  #5827 ) ;
#2216 = DIRECTION ( 'NONE',  ( 1.000000000000000000, 1.644517855226009970E-15, -1.748601263784619973E-15 ) ) ;
#2217 = FACE_OUTER_BOUND ( 'NONE', #1329, .T. ) ;
#2218 = EDGE_CURVE ( 'NONE', #2036, #2025, #450, .T. ) ;
#2219 = LINE ( 'NONE', #5083, #602 ) ;
#2220 = ORIENTED_EDGE ( 'NONE', *, *, #4074, .F. ) ;
#2221 = PRESENTATION_STYLE_ASSIGNMENT (( #6083 ) ) ;
#2222 = FILL_AREA_STYLE_COLOUR ( '', #2506 ) ;
#2223 = DIRECTION ( 'NONE',  ( 1.748601263784619973E-15, 0.000000000000000000, 1.000000000000000000 ) ) ;
#2224 = ORIENTED_EDGE ( 'NONE', *, *, #1497, .T. ) ;
#2225 =( NAMED_UNIT ( * ) PLANE_ANGLE_UNIT ( ) SI_UNIT ( $, .RADIAN. ) );
#2226 = FILL_AREA_STYLE_COLOUR ( '', #2412 ) ;
#2227 = LINE ( 'NONE', #3784, #6848 ) ;
#2228 = DIRECTION ( 'NONE',  ( 0.5999999999999999778, 9.867107131356028660E-16, 0.8000000000000000444 ) ) ;
#2229 = CARTESIAN_POINT ( 'NONE',  ( 1.500000000000000000, 8.109625349781609316, 1.340000000000054037 ) ) ;
#2230 = DIRECTION ( 'NONE',  ( 0.9428090415820746806, 0.2357022603954949114, 0.2357022603954919138 ) ) ;
#2231 = EDGE_CURVE ( 'NONE', #4751, #6221, #5687, .T. ) ;
#2232 = COLOUR_RGB ( '',0.2862745098039215508, 0.6431372549019607199, 0.8666666666666666963 ) ;
#2233 = VECTOR ( 'NONE', #80, 1000.000000000000114 ) ;
#2234 = EDGE_CURVE ( 'NONE', #2841, #649, #4425, .T. ) ;
#2235 = VECTOR ( 'NONE', #1502, 1000.000000000000114 ) ;
#2236 = VERTEX_POINT ( 'NONE', #6205 ) ;
#2237 = STYLED_ITEM ( 'NONE', ( #250 ), #1960 ) ;
#2238 = DIRECTION ( 'NONE',  ( 1.748601263784619973E-15, 0.000000000000000000, 1.000000000000000000 ) ) ;
#2239 = SURFACE_STYLE_USAGE ( .BOTH. , #2848 ) ;
#2240 = FILL_AREA_STYLE_COLOUR ( '', #2090 ) ;
#2241 = ORIENTED_EDGE ( 'NONE', *, *, #2514, .T. ) ;
#2242 = EDGE_LOOP ( 'NONE', ( #1588, #6326, #6158, #3916 ) ) ;
#2243 = ADVANCED_FACE ( 'NONE', ( #4951 ), #3872, .F. ) ;
#2244 = MECHANICAL_DESIGN_GEOMETRIC_PRESENTATION_REPRESENTATION (  '', ( #3539 ), #1011 ) ;
#2245 = CARTESIAN_POINT ( 'NONE',  ( 9.700000000000001066, 5.400000000000000355, 2.971320343560039934 ) ) ;
#2246 = FILL_AREA_STYLE_COLOUR ( '', #258 ) ;
#2247 = VERTEX_POINT ( 'NONE', #4385 ) ;
#2248 = CARTESIAN_POINT ( 'NONE',  ( 0.1000000000000079992, 7.649999999998869704, 0.8499999999980559773 ) ) ;
#2249 = DIRECTION ( 'NONE',  ( 0.1520571842539020224, 0.9883716976506232710, -2.658873845539038863E-16 ) ) ;
#2250 = ORIENTED_EDGE ( 'NONE', *, *, #1157, .T. ) ;
#2251 = PLANE ( 'NONE',  #5468 ) ;
#2252 = DIRECTION ( 'NONE',  ( -1.748601263784619973E-15, 0.000000000000000000, -1.000000000000000000 ) ) ;
#2253 = CARTESIAN_POINT ( 'NONE',  ( 11.00000000000000000, 11.75000000000000000, -11.65000000000000036 ) ) ;
#2254 = CARTESIAN_POINT ( 'NONE',  ( 9.700000000000001066, 7.450000000000000178, 0.8500000000000399458 ) ) ;
#2255 = EDGE_LOOP ( 'NONE', ( #1953, #4221, #1446, #6507 ) ) ;
#2256 = SURFACE_SIDE_STYLE ('',( #1149 ) ) ;
#2257 = UNCERTAINTY_MEASURE_WITH_UNIT (LENGTH_MEASURE( 1.000000000000000082E-05 ), #1182, 'distance_accuracy_value', 'NONE');
#2258 = PRESENTATION_STYLE_ASSIGNMENT (( #5048 ) ) ;
#2259 = CARTESIAN_POINT ( 'NONE',  ( 1.400000004427000011, 8.199999999929909578, -2.862560683418944762 ) ) ;
#2260 = ORIENTED_EDGE ( 'NONE', *, *, #650, .F. ) ;
#2261 = CARTESIAN_POINT ( 'NONE',  ( 2.399999999999999911, 5.400000000000000355, -2.749999999999949818 ) ) ;
#2262 = DIRECTION ( 'NONE',  ( -1.000000000000000000, -1.644517855226009970E-15, 1.748601263784619973E-15 ) ) ;
#2263 = EDGE_CURVE ( 'NONE', #4465, #4301, #6163, .T. ) ;
#2264 = PLANE ( 'NONE',  #1552 ) ;
#2265 = ORIENTED_EDGE ( 'NONE', *, *, #908, .T. ) ;
#2266 =( GEOMETRIC_REPRESENTATION_CONTEXT ( 3 ) GLOBAL_UNCERTAINTY_ASSIGNED_CONTEXT ( ( #2943 ) ) GLOBAL_UNIT_ASSIGNED_CONTEXT ( ( #5881, #1934, #2494 ) ) REPRESENTATION_CONTEXT ( 'NONE', 'WORKASPACE' ) );
#2267 = DIRECTION ( 'NONE',  ( -1.000000000000000000, -2.859691650543225067E-12, 7.297626393077378907E-11 ) ) ;
#2268 = ORIENTED_EDGE ( 'NONE', *, *, #7160, .T. ) ;
#2269 = CARTESIAN_POINT ( 'NONE',  ( 9.700000000000001066, 5.400000000000000355, -6.649999999999999467 ) ) ;
#2270 = VECTOR ( 'NONE', #1776, 1000.000000000000000 ) ;
#2271 = EDGE_CURVE ( 'NONE', #6060, #532, #596, .T. ) ;
#2272 =( NAMED_UNIT ( * ) SI_UNIT ( $, .STERADIAN. ) SOLID_ANGLE_UNIT ( ) );
#2273 = DIRECTION ( 'NONE',  ( -1.858632295689436398E-15, 0.000000000000000000, -1.000000000000000000 ) ) ;
#2274 = CARTESIAN_POINT ( 'NONE',  ( 10.34999999141860094, 7.450000000000000178, 0.8500000000000379474 ) ) ;
#2275 = VERTEX_POINT ( 'NONE', #3828 ) ;
#2276 = ORIENTED_EDGE ( 'NONE', *, *, #7094, .T. ) ;
#2277 = ORIENTED_EDGE ( 'NONE', *, *, #7012, .F. ) ;
#2278 = STYLED_ITEM ( 'NONE', ( #5726 ), #5036 ) ;
#2279 = DIRECTION ( 'NONE',  ( -1.748601263784619973E-15, 0.000000000000000000, -1.000000000000000000 ) ) ;
#2280 = VECTOR ( 'NONE', #7192, 1000.000000000000000 ) ;
#2281 = DIRECTION ( 'NONE',  ( -1.000000000000000000, -1.644517855226009970E-15, 1.748601263784619973E-15 ) ) ;
#2282 = PLANE ( 'NONE',  #3924 ) ;
#2283 = VERTEX_POINT ( 'NONE', #1695 ) ;
#2284 = SURFACE_STYLE_USAGE ( .BOTH. , #1675 ) ;
#2285 = FACE_OUTER_BOUND ( 'NONE', #945, .T. ) ;
#2286 = COLOUR_RGB ( '',1.000000000000000000, 1.000000000000000000, 1.000000000000000000 ) ;
#2287 = UNCERTAINTY_MEASURE_WITH_UNIT (LENGTH_MEASURE( 1.000000000000000082E-05 ), #6134, 'distance_accuracy_value', 'NONE');
#2288 = CARTESIAN_POINT ( 'NONE',  ( 10.34999999999999964, 5.299999999999999822, -6.460660171779959882 ) ) ;
#2289 = VECTOR ( 'NONE', #3714, 1000.000000000000000 ) ;
#2290 = FILL_AREA_STYLE_COLOUR ( '', #7242 ) ;
#2291 = LINE ( 'NONE', #4522, #2055 ) ;
#2292 = VECTOR ( 'NONE', #4948, 1000.000000000000000 ) ;
#2293 = VECTOR ( 'NONE', #1289, 1000.000000000000114 ) ;
#2294 = EDGE_CURVE ( 'NONE', #7060, #3917, #2768, .T. ) ;
#2295 = ORIENTED_EDGE ( 'NONE', *, *, #1796, .T. ) ;
#2296 =( LENGTH_UNIT ( ) NAMED_UNIT ( * ) SI_UNIT ( .MILLI., .METRE. ) );
#2297 = COLOUR_RGB ( '',1.000000000000000000, 1.000000000000000000, 1.000000000000000000 ) ;
#2298 =( LENGTH_UNIT ( ) NAMED_UNIT ( * ) SI_UNIT ( .MILLI., .METRE. ) );
#2299 = CARTESIAN_POINT ( 'NONE',  ( 3.174999999999999822, 7.649999999999999467, -4.149999999999949729 ) ) ;
#2300 = ORIENTED_EDGE ( 'NONE', *, *, #2418, .T. ) ;
#2301 = VECTOR ( 'NONE', #2507, 1000.000000000000227 ) ;
#2302 = SURFACE_SIDE_STYLE ('',( #551 ) ) ;
#2303 = DIRECTION ( 'NONE',  ( -1.748601263784619973E-15, 0.000000000000000000, -1.000000000000000000 ) ) ;
#2304 = ORIENTED_EDGE ( 'NONE', *, *, #2390, .F. ) ;
#2305 = ORIENTED_EDGE ( 'NONE', *, *, #913, .T. ) ;
#2306 = COLOUR_RGB ( '',0.2862745098039215508, 0.6431372549019607199, 0.8666666666666666963 ) ;
#2307 =( LENGTH_UNIT ( ) NAMED_UNIT ( * ) SI_UNIT ( .MILLI., .METRE. ) );
#2308 = EDGE_CURVE ( 'NONE', #2469, #5681, #6093, .T. ) ;
#2309 = CARTESIAN_POINT ( 'NONE',  ( 1.250000000000011990, -0.2499999999999890088, -4.399999999999945288 ) ) ;
#2310 = FILL_AREA_STYLE ('',( #5737 ) ) ;
#2311 = CARTESIAN_POINT ( 'NONE',  ( 10.33454256816960104, 5.302378066438029336, -6.312474729231960069 ) ) ;
#2312 = DIRECTION ( 'NONE',  ( 1.000000000000000000, 1.706285386945155082E-15, -1.748601263784619973E-15 ) ) ;
#2313 = VERTEX_POINT ( 'NONE', #5649 ) ;
#2314 = PRODUCT_DEFINITION_SHAPE ( 'NONE', 'NONE',  #3159 ) ;
#2315 = ORIENTED_EDGE ( 'NONE', *, *, #4323, .F. ) ;
#2316 =( GEOMETRIC_REPRESENTATION_CONTEXT ( 3 ) GLOBAL_UNCERTAINTY_ASSIGNED_CONTEXT ( ( #7327 ) ) GLOBAL_UNIT_ASSIGNED_CONTEXT ( ( #5042, #72, #4005 ) ) REPRESENTATION_CONTEXT ( 'NONE', 'WORKASPACE' ) );
#2317 = VECTOR ( 'NONE', #160, 1000.000000000000000 ) ;
#2318 =( NAMED_UNIT ( * ) SI_UNIT ( $, .STERADIAN. ) SOLID_ANGLE_UNIT ( ) );
#2319 = CARTESIAN_POINT ( 'NONE',  ( 0.7000000000000149436, 7.100000000000000533, 3.700000000000055245 ) ) ;
#2320 = DIRECTION ( 'NONE',  ( 1.644517855226009970E-15, -1.000000000000000000, -2.890435660536364970E-30 ) ) ;
#2321 = LINE ( 'NONE', #5749, #921 ) ;
#2322 = UNCERTAINTY_MEASURE_WITH_UNIT (LENGTH_MEASURE( 1.000000000000000082E-05 ), #6543, 'distance_accuracy_value', 'NONE');
#2323 = COLOUR_RGB ( '',0.2862745098039215508, 0.6431372549019607199, 0.8666666666666666963 ) ;
#2324 = FILL_AREA_STYLE ('',( #6146 ) ) ;
#2325 = EDGE_CURVE ( 'NONE', #2772, #6521, #1071, .T. ) ;
#2326 = ADVANCED_FACE ( 'NONE', ( #7311 ), #2264, .F. ) ;
#2327 = AXIS2_PLACEMENT_3D ( 'NONE', #3998, #62, #1170 ) ;
#2328 = UNCERTAINTY_MEASURE_WITH_UNIT (LENGTH_MEASURE( 1.000000000000000082E-05 ), #3610, 'distance_accuracy_value', 'NONE');
#2329 =( NAMED_UNIT ( * ) PLANE_ANGLE_UNIT ( ) SI_UNIT ( $, .RADIAN. ) );
#2330 = FILL_AREA_STYLE_COLOUR ( '', #2871 ) ;
#2331 =( GEOMETRIC_REPRESENTATION_CONTEXT ( 3 ) GLOBAL_UNCERTAINTY_ASSIGNED_CONTEXT ( ( #5640 ) ) GLOBAL_UNIT_ASSIGNED_CONTEXT ( ( #3788, #5421, #3689 ) ) REPRESENTATION_CONTEXT ( 'NONE', 'WORKASPACE' ) );
#2332 = MECHANICAL_DESIGN_GEOMETRIC_PRESENTATION_REPRESENTATION (  '', ( #2909 ), #3840 ) ;
#2333 = ORIENTED_EDGE ( 'NONE', *, *, #3150, .T. ) ;
#2334 = DIRECTION ( 'NONE',  ( 1.000000000000000000, 1.644517855226009970E-15, -1.748601263784619973E-15 ) ) ;
#2335 = MECHANICAL_DESIGN_GEOMETRIC_PRESENTATION_REPRESENTATION (  '', ( #1728 ), #3965 ) ;
#2336 = ORIENTED_EDGE ( 'NONE', *, *, #5186, .T. ) ;
#2337 =( NAMED_UNIT ( * ) SI_UNIT ( $, .STERADIAN. ) SOLID_ANGLE_UNIT ( ) );
#2338 = ORIENTED_EDGE ( 'NONE', *, *, #1465, .T. ) ;
#2339 = LINE ( 'NONE', #590, #5963 ) ;
#2340 = FILL_AREA_STYLE_COLOUR ( '', #263 ) ;
#2341 = LINE ( 'NONE', #6843, #2233 ) ;
#2342 = SURFACE_SIDE_STYLE ('',( #4091 ) ) ;
#2343 = CARTESIAN_POINT ( 'NONE',  ( 8.000000000000000000, 11.54999999999999893, -6.649999999999999467 ) ) ;
#2344 = FILL_AREA_STYLE_COLOUR ( '', #1670 ) ;
#2345 = DIRECTION ( 'NONE',  ( 1.927470528863118950E-15, 0.000000000000000000, 1.000000000000000000 ) ) ;
#2346 = DIRECTION ( 'NONE',  ( 1.644517855226009970E-15, -1.000000000000000000, -2.890435660536364970E-30 ) ) ;
#2347 =( NAMED_UNIT ( * ) SI_UNIT ( $, .STERADIAN. ) SOLID_ANGLE_UNIT ( ) );
#2348 = AXIS2_PLACEMENT_3D ( 'NONE', #2954, #1852, #1154 ) ;
#2349 = ORIENTED_EDGE ( 'NONE', *, *, #908, .F. ) ;
#2350 = PRESENTATION_LAYER_ASSIGNMENT (  '', '', ( #5782 ) ) ;
#2351 = DIRECTION ( 'NONE',  ( -1.000000000000000000, 0.000000000000000000, 1.748601263784619973E-15 ) ) ;
#2352 = STYLED_ITEM ( 'NONE', ( #102 ), #1895 ) ;
#2353 = CARTESIAN_POINT ( 'NONE',  ( -0.9999999999999820144, 3.750000000000000000, 2.650000000000059863 ) ) ;
#2354 = CARTESIAN_POINT ( 'NONE',  ( 2.399999999999999911, 8.200000000000001066, 2.137439318958050283 ) ) ;
#2355 = CARTESIAN_POINT ( 'NONE',  ( 0.6999999999999999556, 6.250000000000000000, -5.950000000000000178 ) ) ;
#2356 = DIRECTION ( 'NONE',  ( 1.000000000000000000, 1.644517855226009970E-15, -1.927470528863120133E-15 ) ) ;
#2357 = COLOUR_RGB ( '',1.000000000000000000, 1.000000000000000000, 1.000000000000000000 ) ;
#2358 = CARTESIAN_POINT ( 'NONE',  ( 8.000000000000000000, 12.25000000000000000, -6.649999999999999467 ) ) ;
#2359 = DIRECTION ( 'NONE',  ( -0.1788854381999994136, -2.941802971598306796E-16, 0.9838699100999045433 ) ) ;
#2360 = VECTOR ( 'NONE', #2279, 1000.000000000000000 ) ;
#2361 = VECTOR ( 'NONE', #4840, 1000.000000000000114 ) ;
#2362 = LINE ( 'NONE', #578, #624 ) ;
#2363 = PLANE ( 'NONE',  #1991 ) ;
#2364 = UNCERTAINTY_MEASURE_WITH_UNIT (LENGTH_MEASURE( 1.000000000000000082E-05 ), #6144, 'distance_accuracy_value', 'NONE');
#2365 = EDGE_CURVE ( 'NONE', #6826, #7321, #5233, .T. ) ;
#2366 = DIRECTION ( 'NONE',  ( 1.000000000000000000, 1.644517855226009970E-15, -1.748601263784619973E-15 ) ) ;
#2367 = PLANE ( 'NONE',  #5777 ) ;
#2368 = ORIENTED_EDGE ( 'NONE', *, *, #5790, .F. ) ;
#2369 = FACE_OUTER_BOUND ( 'NONE', #5542, .T. ) ;
#2370 = SURFACE_SIDE_STYLE ('',( #3900 ) ) ;
#2371 = EDGE_LOOP ( 'NONE', ( #536, #589, #2123, #487 ) ) ;
#2372 = DIRECTION ( 'NONE',  ( 5.567630161940740277E-09, -8.498344536895909625E-10, -1.000000000000000000 ) ) ;
#2373 = LINE ( 'NONE', #3023, #3407 ) ;
#2374 = DIRECTION ( 'NONE',  ( -1.000000000000000000, -1.634159799354254979E-15, 1.748601263784619973E-15 ) ) ;
#2375 = FACE_OUTER_BOUND ( 'NONE', #3368, .T. ) ;
#2376 = VERTEX_POINT ( 'NONE', #6978 ) ;
#2377 = DIRECTION ( 'NONE',  ( -1.000000000000000000, 0.000000000000000000, 1.748601263784619973E-15 ) ) ;
#2378 = SURFACE_STYLE_USAGE ( .BOTH. , #9 ) ;
#2379 =( NAMED_UNIT ( * ) PLANE_ANGLE_UNIT ( ) SI_UNIT ( $, .RADIAN. ) );
#2380 = B_SPLINE_CURVE_WITH_KNOTS ( 'NONE', 3,
 ( #3252, #3720, #1454, #2183 ),
 .UNSPECIFIED., .F., .F.,
 ( 4, 4 ),
 ( 0.000000000000000000, 1.000000000000000000 ),
 .UNSPECIFIED. ) ;
#2381 = CARTESIAN_POINT ( 'NONE',  ( 9.799999999999998934, 7.394714285714319324, -4.400000000000000355 ) ) ;
#2382 = AXIS2_PLACEMENT_3D ( 'NONE', #3344, #5512, #5592 ) ;
#2383 = ORIENTED_EDGE ( 'NONE', *, *, #6428, .F. ) ;
#2384 = ORIENTED_EDGE ( 'NONE', *, *, #1765, .F. ) ;
#2385 = EDGE_CURVE ( 'NONE', #5500, #6786, #2883, .T. ) ;
#2386 = FILL_AREA_STYLE ('',( #3562 ) ) ;
#2387 = VECTOR ( 'NONE', #1584, 1000.000000000000000 ) ;
#2388 = SURFACE_STYLE_USAGE ( .BOTH. , #1827 ) ;
#2389 = CARTESIAN_POINT ( 'NONE',  ( 1.500000000000000000, -0.2499999999999890088, -3.649999999999944844 ) ) ;
#2390 = EDGE_CURVE ( 'NONE', #7312, #2890, #5727, .T. ) ;
#2391 = DIRECTION ( 'NONE',  ( -1.000000000000000000, -1.724157930190124919E-15, 1.666190477841215154E-15 ) ) ;
#2392 =( LENGTH_UNIT ( ) NAMED_UNIT ( * ) SI_UNIT ( .MILLI., .METRE. ) );
#2393 = DIRECTION ( 'NONE',  ( -1.644517855226009970E-15, 1.000000000000000000, 2.890435660536364970E-30 ) ) ;
#2394 = UNCERTAINTY_MEASURE_WITH_UNIT (LENGTH_MEASURE( 1.000000000000000082E-05 ), #658, 'distance_accuracy_value', 'NONE');
#2395 = PRESENTATION_STYLE_ASSIGNMENT (( #3597 ) ) ;
#2396 = FACE_OUTER_BOUND ( 'NONE', #386, .T. ) ;
#2397 = UNCERTAINTY_MEASURE_WITH_UNIT (LENGTH_MEASURE( 1.000000000000000082E-05 ), #2427, 'distance_accuracy_value', 'NONE');
#2398 = ADVANCED_FACE ( 'NONE', ( #745 ), #189, .T. ) ;
#2399 = FILL_AREA_STYLE ('',( #5222 ) ) ;
#2400 = SURFACE_STYLE_USAGE ( .BOTH. , #101 ) ;
#2401 = FILL_AREA_STYLE ('',( #1795 ) ) ;
#2402 = SURFACE_SIDE_STYLE ('',( #5194 ) ) ;
#2403 = EDGE_LOOP ( 'NONE', ( #4613, #5650, #915, #7209 ) ) ;
#2404 = COLOUR_RGB ( '',0.2862745098039215508, 0.6431372549019607199, 0.8666666666666666963 ) ;
#2405 =( NAMED_UNIT ( * ) PLANE_ANGLE_UNIT ( ) SI_UNIT ( $, .RADIAN. ) );
#2406 = CARTESIAN_POINT ( 'NONE',  ( 0.7500000000000129896, -0.2499999999999905076, -3.899999999999944844 ) ) ;
#2407 = EDGE_LOOP ( 'NONE', ( #7255, #1666, #758, #1263 ) ) ;
#2408 = PRESENTATION_STYLE_ASSIGNMENT (( #1264 ) ) ;
#2409 = FILL_AREA_STYLE ('',( #6314 ) ) ;
#2410 = SURFACE_STYLE_USAGE ( .BOTH. , #3943 ) ;
#2411 = DIRECTION ( 'NONE',  ( -1.748601263784619973E-15, 0.000000000000000000, -1.000000000000000000 ) ) ;
#2412 = COLOUR_RGB ( '',0.2862745098039215508, 0.6431372549019607199, 0.8666666666666666963 ) ;
#2413 = VECTOR ( 'NONE', #5023, 1000.000000000000000 ) ;
#2414 = EDGE_CURVE ( 'NONE', #5566, #3110, #4055, .T. ) ;
#2415 = ORIENTED_EDGE ( 'NONE', *, *, #99, .F. ) ;
#2416 =( GEOMETRIC_REPRESENTATION_CONTEXT ( 3 ) GLOBAL_UNCERTAINTY_ASSIGNED_CONTEXT ( ( #3969 ) ) GLOBAL_UNIT_ASSIGNED_CONTEXT ( ( #2007, #5355, #3618 ) ) REPRESENTATION_CONTEXT ( 'NONE', 'WORKASPACE' ) );
#2417 = FACE_OUTER_BOUND ( 'NONE', #4496, .T. ) ;
#2418 = EDGE_CURVE ( 'NONE', #4200, #6197, #4152, .T. ) ;
#2419 = DIRECTION ( 'NONE',  ( -1.748601263784619973E-15, 0.000000000000000000, -1.000000000000000000 ) ) ;
#2420 = DIRECTION ( 'NONE',  ( -1.000000000000000000, -1.679596676000170044E-15, 1.714231179114525165E-15 ) ) ;
#2421 = LINE ( 'NONE', #6852, #6973 ) ;
#2422 = CARTESIAN_POINT ( 'NONE',  ( 2.149999999999999911, 3.975000000000000089, 0.8500000000000529354 ) ) ;
#2423 = MECHANICAL_DESIGN_GEOMETRIC_PRESENTATION_REPRESENTATION (  '', ( #1073 ), #5938 ) ;
#2424 = PRESENTATION_LAYER_ASSIGNMENT (  '', '', ( #486 ) ) ;
#2425 = EDGE_LOOP ( 'NONE', ( #530, #6109, #1747, #3295, #3107 ) ) ;
#2426 = ORIENTED_EDGE ( 'NONE', *, *, #5892, .T. ) ;
#2427 =( LENGTH_UNIT ( ) NAMED_UNIT ( * ) SI_UNIT ( .MILLI., .METRE. ) );
#2428 = CARTESIAN_POINT ( 'NONE',  ( 0.7500000000000000000, 7.611199771552090709, 0.3600000000000544986 ) ) ;
#2429 = PRESENTATION_STYLE_ASSIGNMENT (( #3595 ) ) ;
#2430 = SURFACE_STYLE_USAGE ( .BOTH. , #690 ) ;
#2431 = CARTESIAN_POINT ( 'NONE',  ( 11.00000000000000000, 5.200000000000000178, -6.649999999999999467 ) ) ;
#2432 =( GEOMETRIC_REPRESENTATION_CONTEXT ( 3 ) GLOBAL_UNCERTAINTY_ASSIGNED_CONTEXT ( ( #4512 ) ) GLOBAL_UNIT_ASSIGNED_CONTEXT ( ( #3401, #113, #4528 ) ) REPRESENTATION_CONTEXT ( 'NONE', 'WORKASPACE' ) );
#2433 = VECTOR ( 'NONE', #6884, 1000.000000000000227 ) ;
#2434 = CARTESIAN_POINT ( 'NONE',  ( 10.77560435693830065, 5.234522406625030655, -1.340447055017961908 ) ) ;
#2435 = EDGE_CURVE ( 'NONE', #2567, #2891, #1195, .T. ) ;
#2436 = PRESENTATION_LAYER_ASSIGNMENT (  '', '', ( #4783 ) ) ;
#2437 = DIRECTION ( 'NONE',  ( -0.7071067811865960895, -1.162849727212750109E-15, 0.7071067811864990560 ) ) ;
#2438 = CARTESIAN_POINT ( 'NONE',  ( 0.5000000000000089928, 6.844714285714309732, 0.3500000000000569877 ) ) ;
#2439 = ORIENTED_EDGE ( 'NONE', *, *, #426, .F. ) ;
#2440 = DIRECTION ( 'NONE',  ( 0.9701425001453382047, -0.2425356250363080723, -1.696392401805313410E-15 ) ) ;
#2441 = ORIENTED_EDGE ( 'NONE', *, *, #660, .T. ) ;
#2442 = ADVANCED_FACE ( 'NONE', ( #2375 ), #5217, .T. ) ;
#2443 = PRESENTATION_LAYER_ASSIGNMENT (  '', '', ( #2203 ) ) ;
#2444 = FILL_AREA_STYLE_COLOUR ( '', #4972 ) ;
#2445 = CARTESIAN_POINT ( 'NONE',  ( -0.4000000000000000222, 6.450000000000000178, -4.889999999999940172 ) ) ;
#2446 = FACE_OUTER_BOUND ( 'NONE', #2242, .T. ) ;
#2447 = DIRECTION ( 'NONE',  ( 0.9838699100999044322, 1.617991634378899034E-15, 0.1788854381999993859 ) ) ;
#2448 = CARTESIAN_POINT ( 'NONE',  ( 1.300000000000000044, 7.100000000000000533, -5.750000000000000000 ) ) ;
#2449 = CARTESIAN_POINT ( 'NONE',  ( 11.00000000000000000, 10.59999999999999964, -5.049999999999999822 ) ) ;
#2450 =( NAMED_UNIT ( * ) PLANE_ANGLE_UNIT ( ) SI_UNIT ( $, .RADIAN. ) );
#2451 = FILL_AREA_STYLE ('',( #3620 ) ) ;
#2452 = VERTEX_POINT ( 'NONE', #1373 ) ;
#2453 = ORIENTED_EDGE ( 'NONE', *, *, #7322, .T. ) ;
#2454 = VECTOR ( 'NONE', #4785, 1000.000000000000000 ) ;
#2455 = SURFACE_STYLE_USAGE ( .BOTH. , #6330 ) ;
#2456 = LINE ( 'NONE', #6251, #6091 ) ;
#2457 = UNCERTAINTY_MEASURE_WITH_UNIT (LENGTH_MEASURE( 1.000000000000000082E-05 ), #1614, 'distance_accuracy_value', 'NONE');
#2458 = AXIS2_PLACEMENT_3D ( 'NONE', #2549, #4113, #181 ) ;
#2459 = PLANE ( 'NONE',  #4610 ) ;
#2460 = CARTESIAN_POINT ( 'NONE',  ( 0.1000000000000000056, 7.649999999998869704, -4.150000000001944578 ) ) ;
#2461 = DIRECTION ( 'NONE',  ( -1.000000000000000000, -1.644629213933645051E-15, 1.748201416826750042E-15 ) ) ;
#2462 = EDGE_CURVE ( 'NONE', #1477, #6442, #3964, .T. ) ;
#2463 = AXIS2_PLACEMENT_3D ( 'NONE', #5832, #1342, #604 ) ;
#2464 = CARTESIAN_POINT ( 'NONE',  ( 9.700000000000001066, 7.450000000000000178, 0.8500000000000399458 ) ) ;
#2465 = UNCERTAINTY_MEASURE_WITH_UNIT (LENGTH_MEASURE( 1.000000000000000082E-05 ), #754, 'distance_accuracy_value', 'NONE');
#2466 =( NAMED_UNIT ( * ) PLANE_ANGLE_UNIT ( ) SI_UNIT ( $, .RADIAN. ) );
#2467 = LINE ( 'NONE', #4142, #4104 ) ;
#2468 = VECTOR ( 'NONE', #6208, 1000.000000000000000 ) ;
#2469 = VERTEX_POINT ( 'NONE', #1451 ) ;
#2470 = EDGE_CURVE ( 'NONE', #6308, #3553, #7018, .T. ) ;
#2471 = LINE ( 'NONE', #5226, #5983 ) ;
#2472 = FILL_AREA_STYLE ('',( #5863 ) ) ;
#2473 = ORIENTED_EDGE ( 'NONE', *, *, #4050, .F. ) ;
#2474 =( GEOMETRIC_REPRESENTATION_CONTEXT ( 3 ) GLOBAL_UNCERTAINTY_ASSIGNED_CONTEXT ( ( #2457 ) ) GLOBAL_UNIT_ASSIGNED_CONTEXT ( ( #1614, #7139, #324 ) ) REPRESENTATION_CONTEXT ( 'NONE', 'WORKASPACE' ) );
#2475 =( LENGTH_UNIT ( ) NAMED_UNIT ( * ) SI_UNIT ( .MILLI., .METRE. ) );
#2476 = LINE ( 'NONE', #7047, #230 ) ;
#2477 = EDGE_CURVE ( 'NONE', #7186, #3514, #3060, .T. ) ;
#2478 = EDGE_CURVE ( 'NONE', #3756, #5689, #7156, .T. ) ;
#2480 = FACE_OUTER_BOUND ( 'NONE', #3002, .T. ) ;
#2479 = APPLICATION_CONTEXT ( 'automotive_design' ) ;
#2481 = ORIENTED_EDGE ( 'NONE', *, *, #4837, .T. ) ;
#2482 = EDGE_CURVE ( 'NONE', #2469, #6023, #4343, .T. ) ;
#2483 = FILL_AREA_STYLE_COLOUR ( '', #761 ) ;
#2484 = CARTESIAN_POINT ( 'NONE',  ( 0.7500000000000199840, -0.2499999999999905076, 0.6000000000000549338 ) ) ;
#2485 = SURFACE_STYLE_FILL_AREA ( #4022 ) ;
#2486 = FACE_OUTER_BOUND ( 'NONE', #4057, .T. ) ;
#2487 = ORIENTED_EDGE ( 'NONE', *, *, #274, .F. ) ;
#2488 = ORIENTED_EDGE ( 'NONE', *, *, #3386, .F. ) ;
#2489 = ORIENTED_EDGE ( 'NONE', *, *, #917, .T. ) ;
#2490 = CARTESIAN_POINT ( 'NONE',  ( 8.800000000000000711, 7.144714285714319324, 1.350000000000040057 ) ) ;
#2491 =( NAMED_UNIT ( * ) SI_UNIT ( $, .STERADIAN. ) SOLID_ANGLE_UNIT ( ) );
#2492 = EDGE_LOOP ( 'NONE', ( #391, #1964, #199, #227, #7149 ) ) ;
#2493 = CIRCLE ( 'NONE', #4245, 1.399999999998999822 ) ;
#2494 =( NAMED_UNIT ( * ) SI_UNIT ( $, .STERADIAN. ) SOLID_ANGLE_UNIT ( ) );
#2495 = DIRECTION ( 'NONE',  ( -0.2357022603954924411, -0.9428090415820747916, -0.2357022603954934403 ) ) ;
#2496 =( GEOMETRIC_REPRESENTATION_CONTEXT ( 3 ) GLOBAL_UNCERTAINTY_ASSIGNED_CONTEXT ( ( #2287 ) ) GLOBAL_UNIT_ASSIGNED_CONTEXT ( ( #6134, #4924, #1661 ) ) REPRESENTATION_CONTEXT ( 'NONE', 'WORKASPACE' ) );
#2497 = ADVANCED_FACE ( 'NONE', ( #3135 ), #1958, .T. ) ;
#2498 = CARTESIAN_POINT ( 'NONE',  ( 0.6767269503200009639, 8.200000000002312106, -2.476229571090944770 ) ) ;
#2499 = DIRECTION ( 'NONE',  ( -1.000000000000000000, -1.644517855226009970E-15, 1.748601263784619973E-15 ) ) ;
#2500 = DIRECTION ( 'NONE',  ( 1.000000000000000000, 1.644517855226009970E-15, 0.000000000000000000 ) ) ;
#2501 = COLOUR_RGB ( '',0.2862745098039215508, 0.6431372549019607199, 0.8666666666666666963 ) ;
#2502 = MECHANICAL_DESIGN_GEOMETRIC_PRESENTATION_REPRESENTATION (  '', ( #5323 ), #3087 ) ;
#2503 = ORIENTED_EDGE ( 'NONE', *, *, #515, .T. ) ;
#2504 = AXIS2_PLACEMENT_3D ( 'NONE', #7017, #3611, #2554 ) ;
#2505 =( LENGTH_UNIT ( ) NAMED_UNIT ( * ) SI_UNIT ( .MILLI., .METRE. ) );
#2506 = COLOUR_RGB ( '',0.2862745098039215508, 0.6431372549019607199, 0.8666666666666666963 ) ;
#2507 = DIRECTION ( 'NONE',  ( 0.9238697708742982240, 0.3553345272594016224, -0.1421338109037015851 ) ) ;
#2508 = DIRECTION ( 'NONE',  ( 1.000000000000000000, 1.644517855226009970E-15, -1.748601263784619973E-15 ) ) ;
#2509 = PRESENTATION_STYLE_ASSIGNMENT (( #296 ) ) ;
#2510 = CARTESIAN_POINT ( 'NONE',  ( 0.5000000000000000000, 6.844714285714309732, -3.649999999999944844 ) ) ;
#2511 = EDGE_CURVE ( 'NONE', #7132, #2613, #805, .T. ) ;
#2512 = VECTOR ( 'NONE', #3596, 1000.000000000000000 ) ;
#2513 = CARTESIAN_POINT ( 'NONE',  ( 0.7399999999999999911, 7.597309794603360977, -4.649999999999939959 ) ) ;
#2514 = EDGE_CURVE ( 'NONE', #1648, #2985, #3676, .T. ) ;
#2515 = VERTEX_POINT ( 'NONE', #6531 ) ;
#2516 = VECTOR ( 'NONE', #4765, 1000.000000000000000 ) ;
#2517 = COLOUR_RGB ( '',0.2862745098039215508, 0.6431372549019607199, 0.8666666666666666963 ) ;
#2518 = DIRECTION ( 'NONE',  ( 1.000000000000000000, 1.644517855226009970E-15, -1.748601263784619973E-15 ) ) ;
#2519 = CARTESIAN_POINT ( 'NONE',  ( 1.800000000000000044, 6.844714285714309732, 1.340000000000054037 ) ) ;
#2520 = ORIENTED_EDGE ( 'NONE', *, *, #2155, .F. ) ;
#2521 = SURFACE_SIDE_STYLE ('',( #4123 ) ) ;
#2522 = CARTESIAN_POINT ( 'NONE',  ( -0.5999999999999838796, 4.200000000000000178, 1.740000000000055058 ) ) ;
#2523 = ORIENTED_EDGE ( 'NONE', *, *, #4467, .F. ) ;
#2524 = EDGE_LOOP ( 'NONE', ( #3782, #5057, #1415, #6498, #3953 ) ) ;
#2525 = VECTOR ( 'NONE', #2069, 1000.000000000000000 ) ;
#2526 = CARTESIAN_POINT ( 'NONE',  ( 2.399999999999999911, 8.200000000000001066, -6.649999999999999467 ) ) ;
#2527 = CARTESIAN_POINT ( 'NONE',  ( 11.00000000000000000, 11.75000000000000000, -5.049999999999999822 ) ) ;
#2528 = PRESENTATION_STYLE_ASSIGNMENT (( #7174 ) ) ;
#2529 = MECHANICAL_DESIGN_GEOMETRIC_PRESENTATION_REPRESENTATION (  '', ( #5711 ), #1432 ) ;
#2530 = MECHANICAL_DESIGN_GEOMETRIC_PRESENTATION_REPRESENTATION (  '', ( #1560 ), #7240 ) ;
#2531 = CARTESIAN_POINT ( 'NONE',  ( 0.1000000000000098033, 8.200000000000001066, 2.824841765813054906 ) ) ;
#2532 = AXIS2_PLACEMENT_3D ( 'NONE', #89, #1244, #5280 ) ;
#2533 =( LENGTH_UNIT ( ) NAMED_UNIT ( * ) SI_UNIT ( .MILLI., .METRE. ) );
#2534 = EDGE_CURVE ( 'NONE', #5520, #4454, #2863, .T. ) ;
#2535 = AXIS2_PLACEMENT_3D ( 'NONE', #4940, #3173, #7224 ) ;
#2536 = CIRCLE ( 'NONE', #2179, 1.300000000000000266 ) ;
#2537 = DIRECTION ( 'NONE',  ( -1.748601263784619973E-15, 0.000000000000000000, -1.000000000000000000 ) ) ;
#2538 =( GEOMETRIC_REPRESENTATION_CONTEXT ( 3 ) GLOBAL_UNCERTAINTY_ASSIGNED_CONTEXT ( ( #5112 ) ) GLOBAL_UNIT_ASSIGNED_CONTEXT ( ( #5374, #6598, #2058 ) ) REPRESENTATION_CONTEXT ( 'NONE', 'WORKASPACE' ) );
#2539 = DIRECTION ( 'NONE',  ( -1.644517855226024958E-15, 1.000000000000000000, 0.000000000000000000 ) ) ;
#2540 = CARTESIAN_POINT ( 'NONE',  ( 11.00000000000000000, 3.750000000000000000, -6.649999999999999467 ) ) ;
#2541 = CARTESIAN_POINT ( 'NONE',  ( 9.699999995709019274, 5.400000000655020393, 3.728679656725039759 ) ) ;
#2542 =( GEOMETRIC_REPRESENTATION_CONTEXT ( 3 ) GLOBAL_UNCERTAINTY_ASSIGNED_CONTEXT ( ( #133 ) ) GLOBAL_UNIT_ASSIGNED_CONTEXT ( ( #2475, #4116, #1296 ) ) REPRESENTATION_CONTEXT ( 'NONE', 'WORKASPACE' ) );
#2543 = EDGE_CURVE ( 'NONE', #4125, #3859, #2136, .T. ) ;
#2544 = SURFACE_STYLE_FILL_AREA ( #3635 ) ;
#2545 = UNCERTAINTY_MEASURE_WITH_UNIT (LENGTH_MEASURE( 1.000000000000000082E-05 ), #4860, 'distance_accuracy_value', 'NONE');
#2546 = ADVANCED_FACE ( 'NONE', ( #3820 ), #3776, .T. ) ;
#2547 = ORIENTED_EDGE ( 'NONE', *, *, #1159, .F. ) ;
#2548 = AXIS2_PLACEMENT_3D ( 'NONE', #4470, #4503, #6745 ) ;
#2549 = CARTESIAN_POINT ( 'NONE',  ( -0.9999999999999840128, 4.200000000000000178, 2.650000000000059863 ) ) ;
#2550 = EDGE_LOOP ( 'NONE', ( #818, #1148, #4810, #5678 ) ) ;
#2551 = PRESENTATION_STYLE_ASSIGNMENT (( #6422 ) ) ;
#2552 = DIRECTION ( 'NONE',  ( -1.000000000000000000, 0.000000000000000000, 1.748601263784619973E-15 ) ) ;
#2553 = SURFACE_STYLE_FILL_AREA ( #4230 ) ;
#2554 = DIRECTION ( 'NONE',  ( -2.168404344971009262E-15, 0.9357142857142992654, -0.3527588064246995336 ) ) ;
#2555 = SURFACE_STYLE_FILL_AREA ( #4871 ) ;
#2556 = COLOUR_RGB ( '',0.2862745098039215508, 0.6431372549019607199, 0.8666666666666666963 ) ;
#2557 = AXIS2_PLACEMENT_3D ( 'NONE', #2274, #2312, #6248 ) ;
#2558 =( GEOMETRIC_REPRESENTATION_CONTEXT ( 3 ) GLOBAL_UNCERTAINTY_ASSIGNED_CONTEXT ( ( #1400 ) ) GLOBAL_UNIT_ASSIGNED_CONTEXT ( ( #3865, #3902, #6126 ) ) REPRESENTATION_CONTEXT ( 'NONE', 'WORKASPACE' ) );
#2559 = CARTESIAN_POINT ( 'NONE',  ( 1.800000000000000044, 8.144714285714309554, 1.350000000000052047 ) ) ;
#2560 = ORIENTED_EDGE ( 'NONE', *, *, #1796, .F. ) ;
#2561 = VERTEX_POINT ( 'NONE', #7300 ) ;
#2562 = PLANE ( 'NONE',  #3271 ) ;
#2563 =( LENGTH_UNIT ( ) NAMED_UNIT ( * ) SI_UNIT ( .MILLI., .METRE. ) );
#2564 = LINE ( 'NONE', #4805, #4616 ) ;
#2565 =( LENGTH_UNIT ( ) NAMED_UNIT ( * ) SI_UNIT ( .MILLI., .METRE. ) );
#2566 = DIRECTION ( 'NONE',  ( -0.9428090415820753467, 0.2357022603954920803, -0.2357022603954920803 ) ) ;
#2567 = VERTEX_POINT ( 'NONE', #5563 ) ;
#2568 = COLOUR_RGB ( '',0.2862745098039215508, 0.6431372549019607199, 0.8666666666666666963 ) ;
#2569 = CARTESIAN_POINT ( 'NONE',  ( 10.34999999141860094, 7.450000000000000178, 0.8500000000000379474 ) ) ;
#2570 = ORIENTED_EDGE ( 'NONE', *, *, #7214, .F. ) ;
#2571 = PRESENTATION_STYLE_ASSIGNMENT (( #4815 ) ) ;
#2572 = CARTESIAN_POINT ( 'NONE',  ( 2.399999999999999911, 10.59999999999999964, 1.350000000000052047 ) ) ;
#2573 = LINE ( 'NONE', #6058, #5257 ) ;
#2574 = VECTOR ( 'NONE', #5198, 1000.000000000000000 ) ;
#2575 = PRESENTATION_LAYER_ASSIGNMENT (  '', '', ( #1485 ) ) ;
#2576 = DIRECTION ( 'NONE',  ( -0.1788854381999994136, -2.941802971598306796E-16, 0.9838699100999045433 ) ) ;
#2577 = LINE ( 'NONE', #5958, #2758 ) ;
#2578 = EDGE_CURVE ( 'NONE', #6728, #6304, #6154, .T. ) ;
#2579 = FILL_AREA_STYLE_COLOUR ( '', #7259 ) ;
#2580 = CARTESIAN_POINT ( 'NONE',  ( 9.700000000000001066, 10.59999999999999964, 0.1500000000000389910 ) ) ;
#2581 = MECHANICAL_DESIGN_GEOMETRIC_PRESENTATION_REPRESENTATION (  '', ( #5180 ), #3740 ) ;
#2582 = ORIENTED_EDGE ( 'NONE', *, *, #6177, .F. ) ;
#2583 = ORIENTED_EDGE ( 'NONE', *, *, #6143, .T. ) ;
#2584 = FACE_OUTER_BOUND ( 'NONE', #2673, .T. ) ;
#2585 = PRESENTATION_LAYER_ASSIGNMENT (  '', '', ( #2352 ) ) ;
#2586 = ORIENTED_EDGE ( 'NONE', *, *, #5779, .T. ) ;
#2587 = EDGE_CURVE ( 'NONE', #3141, #6728, #2219, .T. ) ;
#2588 = LINE ( 'NONE', #4258, #4761 ) ;
#2589 = SURFACE_SIDE_STYLE ('',( #5379 ) ) ;
#2590 = CARTESIAN_POINT ( 'NONE',  ( 2.500000000000000000, 3.750000000000000000, -2.349999999999950351 ) ) ;
#2591 = CARTESIAN_POINT ( 'NONE',  ( 0.7500000000000109912, -0.2499999999999905076, -4.399999999999945288 ) ) ;
#2592 = AXIS2_PLACEMENT_3D ( 'NONE', #5054, #6128, #6202 ) ;
#2593 = LINE ( 'NONE', #548, #4025 ) ;
#2594 =( NAMED_UNIT ( * ) PLANE_ANGLE_UNIT ( ) SI_UNIT ( $, .RADIAN. ) );
#2595 = ORIENTED_EDGE ( 'NONE', *, *, #4498, .T. ) ;
#2596 = ORIENTED_EDGE ( 'NONE', *, *, #2968, .T. ) ;
#2597 = SURFACE_STYLE_USAGE ( .BOTH. , #3616 ) ;
#2598 = COLOUR_RGB ( '',0.2862745098039215508, 0.6431372549019607199, 0.8666666666666666963 ) ;
#2599 = LINE ( 'NONE', #1966, #3347 ) ;
#2600 = DIRECTION ( 'NONE',  ( -1.748601263784619973E-15, 1.482966057179082177E-32, -1.000000000000000000 ) ) ;
#2601 = CARTESIAN_POINT ( 'NONE',  ( 0.9675818828818075756, 9.189123148163455213, -3.649999999999943956 ) ) ;
#2602 = CARTESIAN_POINT ( 'NONE',  ( 2.399999999999999911, 10.59999999999999964, -3.649999999999950173 ) ) ;
#2603 = EDGE_LOOP ( 'NONE', ( #4477, #2684, #5409, #5877 ) ) ;
#2604 = VECTOR ( 'NONE', #4163, 1000.000000000000227 ) ;
#2605 = ORIENTED_EDGE ( 'NONE', *, *, #1141, .T. ) ;
#2606 = CARTESIAN_POINT ( 'NONE',  ( 0.1000000000000000056, 7.649999999999999467, -3.649999999999944844 ) ) ;
#2607 = EDGE_LOOP ( 'NONE', ( #514, #4548, #5585, #91, #3681, #7217 ) ) ;
#2608 = LINE ( 'NONE', #7105, #3764 ) ;
#2609 = DIRECTION ( 'NONE',  ( 1.644517855226004842E-15, -1.000000000000000000, 0.000000000000000000 ) ) ;
#2610 = ADVANCED_FACE ( 'NONE', ( #440 ), #2825, .T. ) ;
#2611 = DIRECTION ( 'NONE',  ( 1.000000000000000000, 1.644517855226009970E-15, -1.748601263784619973E-15 ) ) ;
#2612 = SURFACE_SIDE_STYLE ('',( #326 ) ) ;
#2613 = VERTEX_POINT ( 'NONE', #2723 ) ;
#2614 = PRESENTATION_STYLE_ASSIGNMENT (( #2100 ) ) ;
#2615 =( NAMED_UNIT ( * ) SI_UNIT ( $, .STERADIAN. ) SOLID_ANGLE_UNIT ( ) );
#2616 = MECHANICAL_DESIGN_GEOMETRIC_PRESENTATION_REPRESENTATION (  '', ( #1402 ), #7201 ) ;
#2617 = ORIENTED_EDGE ( 'NONE', *, *, #3386, .T. ) ;
#2618 = VERTEX_POINT ( 'NONE', #2176 ) ;
#2619 = SURFACE_STYLE_USAGE ( .BOTH. , #3169 ) ;
#2620 = MECHANICAL_DESIGN_GEOMETRIC_PRESENTATION_REPRESENTATION (  '', ( #3898 ), #3206 ) ;
#2621 = SURFACE_SIDE_STYLE ('',( #4411 ) ) ;
#2622 = DIRECTION ( 'NONE',  ( 1.000000000000000000, 1.644517855226009970E-15, -1.748601263784619973E-15 ) ) ;
#2623 = DIRECTION ( 'NONE',  ( 1.634159799354254388E-15, -1.000000000000000000, 0.000000000000000000 ) ) ;
#2624 = PRESENTATION_LAYER_ASSIGNMENT (  '', '', ( #2278 ) ) ;
#2625 = B_SPLINE_CURVE_WITH_KNOTS ( 'NONE', 3,
 ( #6052, #2667, #2148, #3330 ),
 .UNSPECIFIED., .F., .F.,
 ( 4, 4 ),
 ( 0.000000000000000000, 1.000000000000000000 ),
 .UNSPECIFIED. ) ;
#2626 = AXIS2_PLACEMENT_3D ( 'NONE', #2559, #2994, #5387 ) ;
#2627 = CARTESIAN_POINT ( 'NONE',  ( 0.7399999999999999911, 4.200000000000000178, -4.649999999999939959 ) ) ;
#2628 = LINE ( 'NONE', #6538, #3104 ) ;
#2629 = ORIENTED_EDGE ( 'NONE', *, *, #3395, .T. ) ;
#2630 = PRESENTATION_STYLE_ASSIGNMENT (( #446 ) ) ;
#2631 = FACE_OUTER_BOUND ( 'NONE', #2685, .T. ) ;
#2632 = EDGE_CURVE ( 'NONE', #350, #6764, #4412, .T. ) ;
#2633 = ORIENTED_EDGE ( 'NONE', *, *, #1438, .T. ) ;
#2634 = EDGE_CURVE ( 'NONE', #4456, #685, #6230, .T. ) ;
#2635 = CARTESIAN_POINT ( 'NONE',  ( 0.7500000000000000000, 7.611199771552090709, -3.659999999999945075 ) ) ;
#2636 = MECHANICAL_DESIGN_GEOMETRIC_PRESENTATION_REPRESENTATION (  '', ( #6164 ), #4508 ) ;
#2637 = AXIS2_PLACEMENT_3D ( 'NONE', #1038, #454, #1659 ) ;
#2638 = ORIENTED_EDGE ( 'NONE', *, *, #5790, .T. ) ;
#2639 =( LENGTH_UNIT ( ) NAMED_UNIT ( * ) SI_UNIT ( .MILLI., .METRE. ) );
#2640 = CARTESIAN_POINT ( 'NONE',  ( 1.177281315329010036, 8.200000000032511949, 2.257976796035054967 ) ) ;
#2641 = CARTESIAN_POINT ( 'NONE',  ( 11.00000000000000000, 11.75000000000000000, -3.249999999999964917 ) ) ;
#2642 = CARTESIAN_POINT ( 'NONE',  ( 0.5000000000000109912, 0.7500000000000089928, -4.649999999999939959 ) ) ;
#2643 = CIRCLE ( 'NONE', #3798, 2.950000000000001510 ) ;
#2644 = CARTESIAN_POINT ( 'NONE',  ( 2.399999999999999911, 5.400000000000000355, 2.971320343560055033 ) ) ;
#2645 = SURFACE_STYLE_FILL_AREA ( #6633 ) ;
#2646 = VERTEX_POINT ( 'NONE', #4565 ) ;
#2647 = DIRECTION ( 'NONE',  ( 0.7071067811864966135, 1.162849727212586223E-15, -0.7071067811865984210 ) ) ;
#2648 = VECTOR ( 'NONE', #6902, 1000.000000000000000 ) ;
#2649 = ADVANCED_FACE ( 'NONE', ( #4040 ), #1724, .F. ) ;
#2650 = VERTEX_POINT ( 'NONE', #2438 ) ;
#2651 = VERTEX_POINT ( 'NONE', #1225 ) ;
#2652 = VECTOR ( 'NONE', #3643, 1000.000000000000000 ) ;
#2653 = SURFACE_STYLE_FILL_AREA ( #7082 ) ;
#2654 = PLANE ( 'NONE',  #6358 ) ;
#2655 = STYLED_ITEM ( 'NONE', ( #3376 ), #1997 ) ;
#2656 = CARTESIAN_POINT ( 'NONE',  ( 9.700000000000001066, 12.25000000000000000, -4.850000000000000533 ) ) ;
#2657 = LINE ( 'NONE', #2627, #4497 ) ;
#2658 = DIRECTION ( 'NONE',  ( 1.748601263784619973E-15, 0.000000000000000000, 1.000000000000000000 ) ) ;
#2659 = ORIENTED_EDGE ( 'NONE', *, *, #4323, .T. ) ;
#2660 = CARTESIAN_POINT ( 'NONE',  ( 8.800000000000000711, 8.144714285714329094, -4.649999999999999467 ) ) ;
#2661 = AXIS2_PLACEMENT_3D ( 'NONE', #3797, #5504, #2609 ) ;
#2662 = CARTESIAN_POINT ( 'NONE',  ( 0.1000000000000098033, 7.649999999999999467, 1.350000000000056044 ) ) ;
#2663 = CARTESIAN_POINT ( 'NONE',  ( 1.500000000000000000, 8.200000000000001066, -4.639999999999999680 ) ) ;
#2664 = FILL_AREA_STYLE ('',( #4317 ) ) ;
#2665 = VERTEX_POINT ( 'NONE', #3508 ) ;
#2666 = PRESENTATION_LAYER_ASSIGNMENT (  '', '', ( #2903 ) ) ;
#2667 = CARTESIAN_POINT ( 'NONE',  ( 1.400000000000000799, 8.959743461390665686, 0.3540917806700539794 ) ) ;
#2668 = STYLED_ITEM ( 'NONE', ( #4441 ), #833 ) ;
#2669 = ORIENTED_EDGE ( 'NONE', *, *, #3669, .F. ) ;
#2670 = CARTESIAN_POINT ( 'NONE',  ( 0.6999999999999999556, 8.200000000000001066, -3.609999999999944809 ) ) ;
#2671 = VECTOR ( 'NONE', #312, 1000.000000000000000 ) ;
#2672 = CARTESIAN_POINT ( 'NONE',  ( 2.399999999999999911, 8.200000000000001066, -2.862560681041949717 ) ) ;
#2673 = EDGE_LOOP ( 'NONE', ( #3004, #7146, #3197, #2503, #3737 ) ) ;
#2674 = VECTOR ( 'NONE', #3812, 1000.000000000000000 ) ;
#2675 = SURFACE_STYLE_FILL_AREA ( #4475 ) ;
#2676 = PRESENTATION_LAYER_ASSIGNMENT (  '', '', ( #1106 ) ) ;
#2677 = ORIENTED_EDGE ( 'NONE', *, *, #6995, .T. ) ;
#2678 = LINE ( 'NONE', #2205, #291 ) ;
#2679 = LINE ( 'NONE', #2126, #3119 ) ;
#2680 = ORIENTED_EDGE ( 'NONE', *, *, #5632, .T. ) ;
#2681 =( NAMED_UNIT ( * ) PLANE_ANGLE_UNIT ( ) SI_UNIT ( $, .RADIAN. ) );
#2682 =( NAMED_UNIT ( * ) SI_UNIT ( $, .STERADIAN. ) SOLID_ANGLE_UNIT ( ) );
#2683 = MECHANICAL_DESIGN_GEOMETRIC_PRESENTATION_REPRESENTATION (  '', ( #766 ), #55 ) ;
#2684 = ORIENTED_EDGE ( 'NONE', *, *, #6038, .T. ) ;
#2685 = EDGE_LOOP ( 'NONE', ( #6631, #4573, #6910, #5109 ) ) ;
#2686 = DIRECTION ( 'NONE',  ( 1.000000000000000000, 8.971727675415520097E-11, 3.904768481932620080E-11 ) ) ;
#2687 = CARTESIAN_POINT ( 'NONE',  ( -0.9999999999999870104, 3.750000000000000000, -0.9499999999999420019 ) ) ;
#2688 = CARTESIAN_POINT ( 'NONE',  ( 3.950000000000000178, 8.144714285714320212, 0.3500000000000499933 ) ) ;
#2689 = PRESENTATION_LAYER_ASSIGNMENT (  '', '', ( #5630 ) ) ;
#2690 = EDGE_CURVE ( 'NONE', #4315, #2193, #1762, .T. ) ;
#2691 = ADVANCED_FACE ( 'NONE', ( #5720 ), #4682, .T. ) ;
#2692 = VERTEX_POINT ( 'NONE', #6343 ) ;
#2693 = CARTESIAN_POINT ( 'NONE',  ( 1.300000000000000044, 5.400000000000000355, -2.549999999999944755 ) ) ;
#2694 = FILL_AREA_STYLE ('',( #3217 ) ) ;
#2695 = SURFACE_STYLE_FILL_AREA ( #2765 ) ;
#2696 = FILL_AREA_STYLE ('',( #3324 ) ) ;
#2697 = CARTESIAN_POINT ( 'NONE',  ( 2.399999999999999911, 8.200000000000001066, 2.137439318958050283 ) ) ;
#2698 = CARTESIAN_POINT ( 'NONE',  ( 9.700000000000001066, 12.25000000000000000, 5.150000000000000355 ) ) ;
#2699 = ORIENTED_EDGE ( 'NONE', *, *, #460, .F. ) ;
#2700 = DIRECTION ( 'NONE',  ( -0.7071067811864961694, -1.162849727212584251E-15, 0.7071067811865989761 ) ) ;
#2701 = ADVANCED_FACE ( 'NONE', ( #4607 ), #2367, .T. ) ;
#2702 = VERTEX_POINT ( 'NONE', #5090 ) ;
#2703 = DIRECTION ( 'NONE',  ( -1.000000000000000000, -8.638922910365221927E-15, 0.000000000000000000 ) ) ;
#2704 = DIRECTION ( 'NONE',  ( -0.8076923076923187006, 0.5896042198752116104, 1.334402673828312649E-15 ) ) ;
#2705 = DIRECTION ( 'NONE',  ( 4.409168710219789750E-12, -1.383238189413991969E-12, 1.000000000000000000 ) ) ;
#2706 = COLOUR_RGB ( '',1.000000000000000000, 1.000000000000000000, 1.000000000000000000 ) ;
#2707 = DIRECTION ( 'NONE',  ( -1.000000000000000000, -1.734723475976807094E-15, 1.734723475976807094E-15 ) ) ;
#2708 = ORIENTED_EDGE ( 'NONE', *, *, #2982, .F. ) ;
#2709 = ORIENTED_EDGE ( 'NONE', *, *, #5238, .T. ) ;
#2710 = LINE ( 'NONE', #1710, #3058 ) ;
#2711 = ORIENTED_EDGE ( 'NONE', *, *, #544, .T. ) ;
#2712 = CARTESIAN_POINT ( 'NONE',  ( 11.00000000000000000, 11.75000000000000000, 1.750000000000034861 ) ) ;
#2713 = LINE ( 'NONE', #7216, #1828 ) ;
#2714 = ORIENTED_EDGE ( 'NONE', *, *, #2094, .F. ) ;
#2715 = DIRECTION ( 'NONE',  ( 1.000000000000000000, 1.644517855226009970E-15, 0.000000000000000000 ) ) ;
#2716 = EDGE_CURVE ( 'NONE', #3300, #4413, #2227, .T. ) ;
#2717 = ORIENTED_EDGE ( 'NONE', *, *, #3122, .T. ) ;
#2718 = ORIENTED_EDGE ( 'NONE', *, *, #6069, .T. ) ;
#2719 = EDGE_CURVE ( 'NONE', #7041, #2841, #4494, .T. ) ;
#2720 = UNCERTAINTY_MEASURE_WITH_UNIT (LENGTH_MEASURE( 1.000000000000000082E-05 ), #3334, 'distance_accuracy_value', 'NONE');
#2721 = DIRECTION ( 'NONE',  ( -1.748601263784619973E-15, 0.000000000000000000, -1.000000000000000000 ) ) ;
#2722 = CARTESIAN_POINT ( 'NONE',  ( 3.950000000000000178, 7.649999999999999467, -2.799999999999950084 ) ) ;
#2723 = CARTESIAN_POINT ( 'NONE',  ( 0.1000000000000132033, 7.100000000000000533, 2.850000000000055156 ) ) ;
#2724 = FILL_AREA_STYLE ('',( #2761 ) ) ;
#2725 = PLANE ( 'NONE',  #3211 ) ;
#2726 = ORIENTED_EDGE ( 'NONE', *, *, #3049, .F. ) ;
#2727 = FILL_AREA_STYLE ('',( #6088 ) ) ;
#2728 = PRESENTATION_STYLE_ASSIGNMENT (( #6663 ) ) ;
#2729 = EDGE_CURVE ( 'NONE', #2283, #5284, #6445, .T. ) ;
#2730 = CARTESIAN_POINT ( 'NONE',  ( 8.800000000000000711, 7.144714285714319324, -4.649999999999999467 ) ) ;
#2731 = EDGE_CURVE ( 'NONE', #5643, #2651, #7308, .T. ) ;
#2732 = CARTESIAN_POINT ( 'NONE',  ( 9.700000000000001066, 5.400000000000000355, -2.028679656439960066 ) ) ;
#2733 = EDGE_LOOP ( 'NONE', ( #1885, #2170, #5546, #77 ) ) ;
#2734 = CARTESIAN_POINT ( 'NONE',  ( 1.000000000000011990, 0.2500000000000099920, -3.774999999999945288 ) ) ;
#2735 = VECTOR ( 'NONE', #3748, 1000.000000000000227 ) ;
#2736 = DIRECTION ( 'NONE',  ( -1.644517855226009970E-15, 1.000000000000000000, 2.890435660536364970E-30 ) ) ;
#2737 = CARTESIAN_POINT ( 'NONE',  ( -0.5999999999999999778, 8.800000000000000711, -3.259999999999944720 ) ) ;
#2738 = DIRECTION ( 'NONE',  ( 1.000000000000000000, 1.644517855226009970E-15, -1.858632295689434820E-15 ) ) ;
#2739 = DIRECTION ( 'NONE',  ( -1.644517855226024958E-15, 1.000000000000000000, 0.000000000000000000 ) ) ;
#2740 = VERTEX_POINT ( 'NONE', #6661 ) ;
#2741 = VERTEX_POINT ( 'NONE', #3868 ) ;
#2742 = MECHANICAL_DESIGN_GEOMETRIC_PRESENTATION_REPRESENTATION (  '', ( #7335 ), #2749 ) ;
#2743 = VECTOR ( 'NONE', #2393, 1000.000000000000000 ) ;
#2744 = ORIENTED_EDGE ( 'NONE', *, *, #3278, .F. ) ;
#2745 = DIRECTION ( 'NONE',  ( -0.9238697708742998893, 0.3553345272593984583, -0.1421338109036983655 ) ) ;
#2746 = PRESENTATION_STYLE_ASSIGNMENT (( #1133 ) ) ;
#2747 = LINE ( 'NONE', #2207, #218 ) ;
#2748 = VECTOR ( 'NONE', #3521, 1000.000000000000000 ) ;
#2749 =( GEOMETRIC_REPRESENTATION_CONTEXT ( 3 ) GLOBAL_UNCERTAINTY_ASSIGNED_CONTEXT ( ( #2720 ) ) GLOBAL_UNIT_ASSIGNED_CONTEXT ( ( #3334, #491, #2272 ) ) REPRESENTATION_CONTEXT ( 'NONE', 'WORKASPACE' ) );
#2750 =( LENGTH_UNIT ( ) NAMED_UNIT ( * ) SI_UNIT ( .MILLI., .METRE. ) );
#2751 = VERTEX_POINT ( 'NONE', #7277 ) ;
#2752 = VECTOR ( 'NONE', #741, 1000.000000000000000 ) ;
#2753 = FACE_OUTER_BOUND ( 'NONE', #3772, .T. ) ;
#2754 = AXIS2_PLACEMENT_3D ( 'NONE', #6243, #3434, #1617 ) ;
#2755 = CARTESIAN_POINT ( 'NONE',  ( 0.5341344524222166879, 9.414262687446186106, -4.649999999999940847 ) ) ;
#2756 = DIRECTION ( 'NONE',  ( 0.9883716976506222718, -0.1520571842539074903, -1.728267999600830409E-15 ) ) ;
#2757 = SURFACE_SIDE_STYLE ('',( #4485 ) ) ;
#2758 = VECTOR ( 'NONE', #356, 1000.000000000000114 ) ;
#2759 = EDGE_CURVE ( 'NONE', #1589, #3056, #2798, .T. ) ;
#2760 = ORIENTED_EDGE ( 'NONE', *, *, #807, .T. ) ;
#2761 = FILL_AREA_STYLE_COLOUR ( '', #5052 ) ;
#2762 = CARTESIAN_POINT ( 'NONE',  ( 9.700000000000001066, 10.59999999999999964, 0.1500000000000389910 ) ) ;
#2763 = ORIENTED_EDGE ( 'NONE', *, *, #7171, .F. ) ;
#2764 = PRESENTATION_STYLE_ASSIGNMENT (( #4384 ) ) ;
#2765 = FILL_AREA_STYLE ('',( #5646 ) ) ;
#2766 = SURFACE_SIDE_STYLE ('',( #3290 ) ) ;
#2767 = FILL_AREA_STYLE ('',( #3827 ) ) ;
#2768 = LINE ( 'NONE', #3405, #2413 ) ;
#2769 = MECHANICAL_DESIGN_GEOMETRIC_PRESENTATION_REPRESENTATION (  '', ( #949 ), #3242 ) ;
#2770 = ADVANCED_FACE ( 'NONE', ( #3256 ), #1529, .T. ) ;
#2771 =( GEOMETRIC_REPRESENTATION_CONTEXT ( 3 ) GLOBAL_UNCERTAINTY_ASSIGNED_CONTEXT ( ( #4601 ) ) GLOBAL_UNIT_ASSIGNED_CONTEXT ( ( #1985, #3541, #6637 ) ) REPRESENTATION_CONTEXT ( 'NONE', 'WORKASPACE' ) );
#2772 = VERTEX_POINT ( 'NONE', #4981 ) ;
#2773 = PRESENTATION_STYLE_ASSIGNMENT (( #5543 ) ) ;
#2774 = LINE ( 'NONE', #2195, #5317 ) ;
#2775 = FACE_OUTER_BOUND ( 'NONE', #3268, .T. ) ;
#2776 =( LENGTH_UNIT ( ) NAMED_UNIT ( * ) SI_UNIT ( .MILLI., .METRE. ) );
#2777 = DIRECTION ( 'NONE',  ( -1.644517855226009970E-15, 1.000000000000000000, 2.890435660536364970E-30 ) ) ;
#2778 = PRESENTATION_LAYER_ASSIGNMENT (  '', '', ( #4175 ) ) ;
#2779 = VERTEX_POINT ( 'NONE', #1029 ) ;
#2780 = ORIENTED_EDGE ( 'NONE', *, *, #5, .F. ) ;
#2781 = VERTEX_POINT ( 'NONE', #3402 ) ;
#2782 = VECTOR ( 'NONE', #6673, 1000.000000000000000 ) ;
#2783 = LINE ( 'NONE', #2125, #5549 ) ;
#2784 = SURFACE_SIDE_STYLE ('',( #4554 ) ) ;
#2785 = DIRECTION ( 'NONE',  ( 2.352167425053296418E-15, -0.6949152542373064900, 0.7190916418846067248 ) ) ;
#2786 = UNCERTAINTY_MEASURE_WITH_UNIT (LENGTH_MEASURE( 1.000000000000000082E-05 ), #4540, 'distance_accuracy_value', 'NONE');
#2787 = ORIENTED_EDGE ( 'NONE', *, *, #5462, .T. ) ;
#2788 = MECHANICAL_DESIGN_GEOMETRIC_PRESENTATION_REPRESENTATION (  '', ( #4082 ), #6929 ) ;
#2789 = ADVANCED_FACE ( 'NONE', ( #5492 ), #6595, .T. ) ;
#2790 =( LENGTH_UNIT ( ) NAMED_UNIT ( * ) SI_UNIT ( .MILLI., .METRE. ) );
#2791 = ORIENTED_EDGE ( 'NONE', *, *, #3014, .F. ) ;
#2792 = EDGE_CURVE ( 'NONE', #5949, #2025, #5472, .T. ) ;
#2793 =( NAMED_UNIT ( * ) SI_UNIT ( $, .STERADIAN. ) SOLID_ANGLE_UNIT ( ) );
#2794 = MECHANICAL_DESIGN_GEOMETRIC_PRESENTATION_REPRESENTATION (  '', ( #5630 ), #4566 ) ;
#2795 = FACE_OUTER_BOUND ( 'NONE', #4763, .T. ) ;
#2796 = ORIENTED_EDGE ( 'NONE', *, *, #360, .T. ) ;
#2797 =( NAMED_UNIT ( * ) SI_UNIT ( $, .STERADIAN. ) SOLID_ANGLE_UNIT ( ) );
#2798 = LINE ( 'NONE', #3323, #1763 ) ;
#2799 = CARTESIAN_POINT ( 'NONE',  ( 2.500000000000000000, 3.750000000000000000, -5.950000000000000178 ) ) ;
#2800 =( NAMED_UNIT ( * ) SI_UNIT ( $, .STERADIAN. ) SOLID_ANGLE_UNIT ( ) );
#2801 = ORIENTED_EDGE ( 'NONE', *, *, #5952, .T. ) ;
#2802 = CARTESIAN_POINT ( 'NONE',  ( 1.500000000000000000, 8.200000000000001066, -3.659999999999945075 ) ) ;
#2803 = VECTOR ( 'NONE', #787, 1000.000000000000000 ) ;
#2804 = ORIENTED_EDGE ( 'NONE', *, *, #5439, .T. ) ;
#2805 = VECTOR ( 'NONE', #6342, 1000.000000000000114 ) ;
#2806 = CARTESIAN_POINT ( 'NONE',  ( 1.800000000000000044, 6.844714285714309732, -4.639999999999999680 ) ) ;
#2807 = SURFACE_STYLE_FILL_AREA ( #3375 ) ;
#2808 =( LENGTH_UNIT ( ) NAMED_UNIT ( * ) SI_UNIT ( .MILLI., .METRE. ) );
#2809 = DIRECTION ( 'NONE',  ( 1.644517855226009970E-15, -1.000000000000000000, -2.890435660536364970E-30 ) ) ;
#2810 = VERTEX_POINT ( 'NONE', #5431 ) ;
#2811 = STYLED_ITEM ( 'NONE', ( #3027 ), #3473 ) ;
#2812 = EDGE_LOOP ( 'NONE', ( #1164, #4546, #4459, #2117 ) ) ;
#2813 = ORIENTED_EDGE ( 'NONE', *, *, #1940, .F. ) ;
#2814 =( NAMED_UNIT ( * ) SI_UNIT ( $, .STERADIAN. ) SOLID_ANGLE_UNIT ( ) );
#2815 = MECHANICAL_DESIGN_GEOMETRIC_PRESENTATION_REPRESENTATION (  '', ( #905 ), #4597 ) ;
#2816 = FILL_AREA_STYLE ('',( #535 ) ) ;
#2817 = UNCERTAINTY_MEASURE_WITH_UNIT (LENGTH_MEASURE( 1.000000000000000082E-05 ), #3174, 'distance_accuracy_value', 'NONE');
#2818 = PLANE ( 'NONE',  #1587 ) ;
#2819 = EDGE_CURVE ( 'NONE', #1589, #4315, #6602, .T. ) ;
#2820 =( NAMED_UNIT ( * ) SI_UNIT ( $, .STERADIAN. ) SOLID_ANGLE_UNIT ( ) );
#2821 = UNCERTAINTY_MEASURE_WITH_UNIT (LENGTH_MEASURE( 1.000000000000000082E-05 ), #2808, 'distance_accuracy_value', 'NONE');
#2822 = DIRECTION ( 'NONE',  ( -1.748601263784619973E-15, 0.000000000000000000, -1.000000000000000000 ) ) ;
#2823 =( NAMED_UNIT ( * ) PLANE_ANGLE_UNIT ( ) SI_UNIT ( $, .RADIAN. ) );
#2824 =( NAMED_UNIT ( * ) PLANE_ANGLE_UNIT ( ) SI_UNIT ( $, .RADIAN. ) );
#2825 = PLANE ( 'NONE',  #4514 ) ;
#2826 = EDGE_CURVE ( 'NONE', #5389, #253, #3194, .T. ) ;
#2827 = ORIENTED_EDGE ( 'NONE', *, *, #5269, .T. ) ;
#2828 =( LENGTH_UNIT ( ) NAMED_UNIT ( * ) SI_UNIT ( .MILLI., .METRE. ) );
#2829 = AXIS2_PLACEMENT_3D ( 'NONE', #5252, #1352, #3660 ) ;
#2830 = PRESENTATION_LAYER_ASSIGNMENT (  '', '', ( #1898 ) ) ;
#2831 = UNCERTAINTY_MEASURE_WITH_UNIT (LENGTH_MEASURE( 1.000000000000000082E-05 ), #2944, 'distance_accuracy_value', 'NONE');
#2832 = ORIENTED_EDGE ( 'NONE', *, *, #6398, .F. ) ;
#2833 = CARTESIAN_POINT ( 'NONE',  ( 0.1000000000000030032, 8.199999999999310063, -1.124841765812942151 ) ) ;
#2834 = CARTESIAN_POINT ( 'NONE',  ( -0.9999999999999850120, 12.25000000000000000, 3.350000000000055156 ) ) ;
#2835 = CARTESIAN_POINT ( 'NONE',  ( 11.00000000000000000, 11.75000000000000000, -16.65000000000000213 ) ) ;
#2836 = DIRECTION ( 'NONE',  ( 0.5999999999999999778, 9.867107131356028660E-16, 0.8000000000000000444 ) ) ;
#2837 =( NAMED_UNIT ( * ) PLANE_ANGLE_UNIT ( ) SI_UNIT ( $, .RADIAN. ) );
#2838 = AXIS2_PLACEMENT_3D ( 'NONE', #6145, #5072, #5666 ) ;
#2839 = EDGE_LOOP ( 'NONE', ( #1455, #562, #4492, #5982 ) ) ;
#2840 = VECTOR ( 'NONE', #3374, 1000.000000000000114 ) ;
#2841 = VERTEX_POINT ( 'NONE', #1510 ) ;
#2842 =( NAMED_UNIT ( * ) PLANE_ANGLE_UNIT ( ) SI_UNIT ( $, .RADIAN. ) );
#2843 = FILL_AREA_STYLE ('',( #2344 ) ) ;
#2844 = EDGE_CURVE ( 'NONE', #2878, #4291, #4173, .T. ) ;
#2845 = MECHANICAL_DESIGN_GEOMETRIC_PRESENTATION_REPRESENTATION (  '', ( #3774 ), #5207 ) ;
#2846 = CARTESIAN_POINT ( 'NONE',  ( 11.00000000000000000, 11.75000000000000000, 3.350000000000055156 ) ) ;
#2847 = DIRECTION ( 'NONE',  ( -1.644517855226009970E-15, 1.000000000000000000, 2.890435660536364970E-30 ) ) ;
#2848 = SURFACE_SIDE_STYLE ('',( #527 ) ) ;
#2849 = PRESENTATION_LAYER_ASSIGNMENT (  '', '', ( #4374 ) ) ;
#2850 = ORIENTED_EDGE ( 'NONE', *, *, #3178, .T. ) ;
#2851 = ADVANCED_FACE ( 'NONE', ( #3734 ), #1981, .T. ) ;
#2852 = AXIS2_PLACEMENT_3D ( 'NONE', #803, #5303, #5934 ) ;
#2853 = DIRECTION ( 'NONE',  ( -1.644517855226009970E-15, 1.000000000000000000, 2.890435660536364970E-30 ) ) ;
#2854 = AXIS2_PLACEMENT_3D ( 'NONE', #6084, #4381, #4268 ) ;
#2855 = CARTESIAN_POINT ( 'NONE',  ( 0.6767953592099960058, 8.200000000000001066, -5.823734510677940790 ) ) ;
#2856 =( LENGTH_UNIT ( ) NAMED_UNIT ( * ) SI_UNIT ( .MILLI., .METRE. ) );
#2857 = PLANE ( 'NONE',  #7230 ) ;
#2858 =( LENGTH_UNIT ( ) NAMED_UNIT ( * ) SI_UNIT ( .MILLI., .METRE. ) );
#2859 = AXIS2_PLACEMENT_3D ( 'NONE', #5919, #5989, #3191 ) ;
#2860 = AXIS2_PLACEMENT_3D ( 'NONE', #4737, #2356, #5814 ) ;
#2861 = UNCERTAINTY_MEASURE_WITH_UNIT (LENGTH_MEASURE( 1.000000000000000082E-05 ), #6040, 'distance_accuracy_value', 'NONE');
#2862 = SURFACE_STYLE_FILL_AREA ( #3351 ) ;
#2863 = CIRCLE ( 'NONE', #7002, 2.950000000000001510 ) ;
#2864 = UNCERTAINTY_MEASURE_WITH_UNIT (LENGTH_MEASURE( 1.000000000000000082E-05 ), #4850, 'distance_accuracy_value', 'NONE');
#2865 = SURFACE_STYLE_FILL_AREA ( #3310 ) ;
#2866 = DIRECTION ( 'NONE',  ( -1.000000000000000000, -1.644517855226009970E-15, 0.000000000000000000 ) ) ;
#2867 = SURFACE_STYLE_USAGE ( .BOTH. , #6380 ) ;
#2868 = SURFACE_SIDE_STYLE ('',( #407 ) ) ;
#2869 =( LENGTH_UNIT ( ) NAMED_UNIT ( * ) SI_UNIT ( .MILLI., .METRE. ) );
#2870 =( GEOMETRIC_REPRESENTATION_CONTEXT ( 3 ) GLOBAL_UNCERTAINTY_ASSIGNED_CONTEXT ( ( #1787 ) ) GLOBAL_UNIT_ASSIGNED_CONTEXT ( ( #3345, #7291, #1712 ) ) REPRESENTATION_CONTEXT ( 'NONE', 'WORKASPACE' ) );
#2871 = COLOUR_RGB ( '',0.2862745098039215508, 0.6431372549019607199, 0.8666666666666666963 ) ;
#2872 = VERTEX_POINT ( 'NONE', #7107 ) ;
#2873 = LINE ( 'NONE', #6347, #1868 ) ;
#2874 = VECTOR ( 'NONE', #31, 1000.000000000000000 ) ;
#2875 = AXIS2_PLACEMENT_3D ( 'NONE', #7197, #5571, #6204 ) ;
#2876 = LINE ( 'NONE', #4047, #6399 ) ;
#2877 = FILL_AREA_STYLE_COLOUR ( '', #4189 ) ;
#2878 = VERTEX_POINT ( 'NONE', #4290 ) ;
#2879 = CARTESIAN_POINT ( 'NONE',  ( 0.6767953592100049987, 8.200000000000001066, -0.8237345106779440096 ) ) ;
#2880 = LINE ( 'NONE', #3550, #888 ) ;
#2881 = PRESENTATION_STYLE_ASSIGNMENT (( #2410 ) ) ;
#2882 = FILL_AREA_STYLE ('',( #1155 ) ) ;
#2883 = LINE ( 'NONE', #6270, #5930 ) ;
#2884 = PRESENTATION_LAYER_ASSIGNMENT (  '', '', ( #5120 ) ) ;
#2885 = ORIENTED_EDGE ( 'NONE', *, *, #5377, .T. ) ;
#2886 = PRESENTATION_LAYER_ASSIGNMENT (  '', '', ( #6057 ) ) ;
#2887 = CARTESIAN_POINT ( 'NONE',  ( 9.700000000000001066, 10.59999999999999964, 3.350000000000055156 ) ) ;
#2888 = CARTESIAN_POINT ( 'NONE',  ( 0.09999999999988500032, 9.638089535207049252, -3.649999999999944844 ) ) ;
#2889 = SURFACE_STYLE_USAGE ( .BOTH. , #6213 ) ;
#2890 = VERTEX_POINT ( 'NONE', #6484 ) ;
#2891 = VERTEX_POINT ( 'NONE', #1472 ) ;
#2892 = VECTOR ( 'NONE', #4680, 1000.000000000000000 ) ;
#2893 = STYLED_ITEM ( 'NONE', ( #5891 ), #1987 ) ;
#2894 = CARTESIAN_POINT ( 'NONE',  ( 2.399999999999999911, 7.450000000000000178, -4.149999999999949729 ) ) ;
#2895 = CARTESIAN_POINT ( 'NONE',  ( 0.09999999999999770184, 7.100000000000000533, -6.649999999999999467 ) ) ;
#2896 = ADVANCED_FACE ( 'NONE', ( #6446, #1356 ), #5886, .T. ) ;
#2897 = FACE_OUTER_BOUND ( 'NONE', #1982, .T. ) ;
#2898 = DIRECTION ( 'NONE',  ( -1.644517855226009970E-15, 1.000000000000000000, 2.890435660536364970E-30 ) ) ;
#2899 = FILL_AREA_STYLE_COLOUR ( '', #6206 ) ;
#2900 = UNCERTAINTY_MEASURE_WITH_UNIT (LENGTH_MEASURE( 1.000000000000000082E-05 ), #3288, 'distance_accuracy_value', 'NONE');
#2901 = COLOUR_RGB ( '',0.2862745098039215508, 0.6431372549019607199, 0.8666666666666666963 ) ;
#2902 =( LENGTH_UNIT ( ) NAMED_UNIT ( * ) SI_UNIT ( .MILLI., .METRE. ) );
#2903 = STYLED_ITEM ( 'NONE', ( #5658 ), #7099 ) ;
#2904 = UNCERTAINTY_MEASURE_WITH_UNIT (LENGTH_MEASURE( 1.000000000000000082E-05 ), #1062, 'distance_accuracy_value', 'NONE');
#2905 = PRESENTATION_STYLE_ASSIGNMENT (( #3391 ) ) ;
#2906 = FACE_OUTER_BOUND ( 'NONE', #1291, .T. ) ;
#2907 = CARTESIAN_POINT ( 'NONE',  ( 0.7400000000000129807, 4.200000000000000178, 0.3500000000000550449 ) ) ;
#2908 = SURFACE_STYLE_FILL_AREA ( #737 ) ;
#2909 = STYLED_ITEM ( 'NONE', ( #59 ), #3832 ) ;
#2910 = VERTEX_POINT ( 'NONE', #7325 ) ;
#2911 = LINE ( 'NONE', #6762, #1609 ) ;
#2912 = DIRECTION ( 'NONE',  ( -0.9984603535126307383, -1.641985879086794536E-15, 0.05547001409259337545 ) ) ;
#2913 = SURFACE_STYLE_USAGE ( .BOTH. , #2370 ) ;
#2914 = VERTEX_POINT ( 'NONE', #5662 ) ;
#2915 = LINE ( 'NONE', #2541, #6696 ) ;
#2916 = LINE ( 'NONE', #5685, #6587 ) ;
#2917 = PRESENTATION_LAYER_ASSIGNMENT (  '', '', ( #1480 ) ) ;
#2918 = DIRECTION ( 'NONE',  ( 1.748601263784619973E-15, 0.000000000000000000, 1.000000000000000000 ) ) ;
#2919 = EDGE_CURVE ( 'NONE', #3791, #892, #1010, .T. ) ;
#2920 = ORIENTED_EDGE ( 'NONE', *, *, #2482, .F. ) ;
#2921 = VECTOR ( 'NONE', #5528, 1000.000000000000000 ) ;
#2922 = EDGE_CURVE ( 'NONE', #523, #2651, #6788, .T. ) ;
#2923 = SURFACE_STYLE_FILL_AREA ( #2958 ) ;
#2924 = CARTESIAN_POINT ( 'NONE',  ( 1.300000000000000044, 5.400000000000000355, -0.7499999999999450440 ) ) ;
#2925 = PRESENTATION_STYLE_ASSIGNMENT (( #6323 ) ) ;
#2926 = CARTESIAN_POINT ( 'NONE',  ( 8.800000000000000711, 7.144714285714319324, -3.649999999999999911 ) ) ;
#2927 = CARTESIAN_POINT ( 'NONE',  ( 1.500000000000000000, 8.200000000000001066, 0.3600000000000544986 ) ) ;
#2928 = VECTOR ( 'NONE', #846, 1000.000000000000000 ) ;
#2929 =( LENGTH_UNIT ( ) NAMED_UNIT ( * ) SI_UNIT ( .MILLI., .METRE. ) );
#2930 = ORIENTED_EDGE ( 'NONE', *, *, #190, .F. ) ;
#2931 = EDGE_CURVE ( 'NONE', #5533, #1884, #2710, .T. ) ;
#2932 = AXIS2_PLACEMENT_3D ( 'NONE', #2894, #5744, #564 ) ;
#2933 = ADVANCED_FACE ( 'NONE', ( #3957 ), #3842, .F. ) ;
#2934 = SURFACE_STYLE_USAGE ( .BOTH. , #1865 ) ;
#2935 = SURFACE_SIDE_STYLE ('',( #652 ) ) ;
#2936 = CARTESIAN_POINT ( 'NONE',  ( 1.399999999999999911, 9.599999999999999645, -4.649999999999939959 ) ) ;
#2937 = CARTESIAN_POINT ( 'NONE',  ( 0.7500000000000000000, 8.200000000000001066, 1.340000000000056035 ) ) ;
#2938 = AXIS2_PLACEMENT_3D ( 'NONE', #3062, #4266, #5275 ) ;
#2939 = DIRECTION ( 'NONE',  ( 1.000000000000000000, 1.644517855226009970E-15, 0.000000000000000000 ) ) ;
#2940 =( LENGTH_UNIT ( ) NAMED_UNIT ( * ) SI_UNIT ( .MILLI., .METRE. ) );
#2941 = ADVANCED_FACE ( 'NONE', ( #3341 ), #1044, .F. ) ;
#2942 = CARTESIAN_POINT ( 'NONE',  ( -1.000000000000000000, 11.54999999999999893, 3.350000000000055156 ) ) ;
#2943 = UNCERTAINTY_MEASURE_WITH_UNIT (LENGTH_MEASURE( 1.000000000000000082E-05 ), #5881, 'distance_accuracy_value', 'NONE');
#2944 =( LENGTH_UNIT ( ) NAMED_UNIT ( * ) SI_UNIT ( .MILLI., .METRE. ) );
#2945 = DIRECTION ( 'NONE',  ( 1.000000000000000000, 1.644517855226009970E-15, -1.748601263784619973E-15 ) ) ;
#2946 = EDGE_CURVE ( 'NONE', #2515, #3639, #4630, .T. ) ;
#2947 = ORIENTED_EDGE ( 'NONE', *, *, #3567, .F. ) ;
#2948 = CARTESIAN_POINT ( 'NONE',  ( 11.00000000000000000, 11.75000000000000000, -16.65000000000000213 ) ) ;
#2949 = VERTEX_POINT ( 'NONE', #4067 ) ;
#2950 = CARTESIAN_POINT ( 'NONE',  ( 11.00000000000000000, 5.400000000000000355, -11.65000000000000036 ) ) ;
#2951 = ORIENTED_EDGE ( 'NONE', *, *, #4338, .F. ) ;
#2952 = DIRECTION ( 'NONE',  ( -1.748601263784619973E-15, 0.000000000000000000, -1.000000000000000000 ) ) ;
#2953 = CARTESIAN_POINT ( 'NONE',  ( 1.500000000000000000, 8.200000000000001066, 1.315000000000053904 ) ) ;
#2954 = CARTESIAN_POINT ( 'NONE',  ( 11.00000000000000000, 7.649999999999999467, -4.615000000000000213 ) ) ;
#2955 = LINE ( 'NONE', #5202, #3210 ) ;
#2956 = SURFACE_SIDE_STYLE ('',( #674 ) ) ;
#2957 = CARTESIAN_POINT ( 'NONE',  ( 1.125000000000000000, 6.200000000000000178, 0.3600000000000544986 ) ) ;
#2958 = FILL_AREA_STYLE ('',( #643 ) ) ;
#2959 = CARTESIAN_POINT ( 'NONE',  ( 0.1000000000000061950, 5.400000000000000355, -2.149999999999944844 ) ) ;
#2960 = DIRECTION ( 'NONE',  ( -1.000000000000000000, -1.724157930190124919E-15, 1.666190477841215154E-15 ) ) ;
#2961 = PRESENTATION_STYLE_ASSIGNMENT (( #681 ) ) ;
#2962 = SURFACE_SIDE_STYLE ('',( #2485 ) ) ;
#2963 = FILL_AREA_STYLE ('',( #5775 ) ) ;
#2964 = SURFACE_SIDE_STYLE ('',( #6435 ) ) ;
#2965 =( GEOMETRIC_REPRESENTATION_CONTEXT ( 3 ) GLOBAL_UNCERTAINTY_ASSIGNED_CONTEXT ( ( #5758 ) ) GLOBAL_UNIT_ASSIGNED_CONTEXT ( ( #1131, #4598, #6858 ) ) REPRESENTATION_CONTEXT ( 'NONE', 'WORKASPACE' ) );
#2966 = VERTEX_POINT ( 'NONE', #3593 ) ;
#2967 = ORIENTED_EDGE ( 'NONE', *, *, #4782, .T. ) ;
#2968 = EDGE_CURVE ( 'NONE', #3984, #3057, #1313, .T. ) ;
#2969 = VECTOR ( 'NONE', #4586, 1000.000000000000000 ) ;
#2970 = DIRECTION ( 'NONE',  ( -0.7427813513546135393, 0.3713906757630057731, 0.5570860167300126786 ) ) ;
#2971 = CARTESIAN_POINT ( 'NONE',  ( -0.1999999993499925188, 8.599999999630808745, 1.439999997785056163 ) ) ;
#2972 = DIRECTION ( 'NONE',  ( 1.706285386945153899E-15, -1.000000000000000000, 0.000000000000000000 ) ) ;
#2973 = UNCERTAINTY_MEASURE_WITH_UNIT (LENGTH_MEASURE( 1.000000000000000082E-05 ), #1050, 'distance_accuracy_value', 'NONE');
#2974 =( NAMED_UNIT ( * ) PLANE_ANGLE_UNIT ( ) SI_UNIT ( $, .RADIAN. ) );
#2975 = MECHANICAL_DESIGN_GEOMETRIC_PRESENTATION_REPRESENTATION (  '', ( #935 ), #6150 ) ;
#2976 =( LENGTH_UNIT ( ) NAMED_UNIT ( * ) SI_UNIT ( .MILLI., .METRE. ) );
#2977 = DIRECTION ( 'NONE',  ( -1.000000000000000000, -1.724157930190124919E-15, 1.666190477841215154E-15 ) ) ;
#2978 = SURFACE_SIDE_STYLE ('',( #4640 ) ) ;
#2979 = CARTESIAN_POINT ( 'NONE',  ( 11.00000000000000000, 7.649999999999999467, -3.649999999999999911 ) ) ;
#2980 = ORIENTED_EDGE ( 'NONE', *, *, #2129, .T. ) ;
#2981 = VECTOR ( 'NONE', #1736, 1000.000000000000000 ) ;
#2982 = EDGE_CURVE ( 'NONE', #6216, #1152, #5044, .T. ) ;
#2983 = SURFACE_STYLE_USAGE ( .BOTH. , #1990 ) ;
#2984 = PRESENTATION_STYLE_ASSIGNMENT (( #5267 ) ) ;
#2985 = VERTEX_POINT ( 'NONE', #6404 ) ;
#2986 = FILL_AREA_STYLE_COLOUR ( '', #282 ) ;
#2987 = FILL_AREA_STYLE ('',( #6943 ) ) ;
#2988 = LINE ( 'NONE', #6269, #6348 ) ;
#2989 =( GEOMETRIC_REPRESENTATION_CONTEXT ( 3 ) GLOBAL_UNCERTAINTY_ASSIGNED_CONTEXT ( ( #6222 ) ) GLOBAL_UNIT_ASSIGNED_CONTEXT ( ( #1753, #1093, #1592 ) ) REPRESENTATION_CONTEXT ( 'NONE', 'WORKASPACE' ) );
#2990 = AXIS2_PLACEMENT_3D ( 'NONE', #1019, #6797, #1564 ) ;
#2991 = PRESENTATION_LAYER_ASSIGNMENT (  '', '', ( #3114 ) ) ;
#2992 = FILL_AREA_STYLE ('',( #4093 ) ) ;
#2993 = STYLED_ITEM ( 'NONE', ( #2984 ), #5668 ) ;
#2994 = DIRECTION ( 'NONE',  ( -1.644517855226009970E-15, 1.000000000000000000, 2.890435660536364970E-30 ) ) ;
#2995 = LINE ( 'NONE', #6953, #2433 ) ;
#2996 = CARTESIAN_POINT ( 'NONE',  ( -0.1999999927999855098, 4.200000000000000178, 1.439999994600055899 ) ) ;
#2997 = EDGE_CURVE ( 'NONE', #6564, #6539, #4103, .T. ) ;
#2998 =( NAMED_UNIT ( * ) PLANE_ANGLE_UNIT ( ) SI_UNIT ( $, .RADIAN. ) );
#2999 = CARTESIAN_POINT ( 'NONE',  ( 8.800000000000000711, 7.144714285714319324, -4.649999999999999467 ) ) ;
#3000 = VECTOR ( 'NONE', #2230, 999.9999999999998863 ) ;
#3001 = FILL_AREA_STYLE_COLOUR ( '', #166 ) ;
#3002 = EDGE_LOOP ( 'NONE', ( #6491, #2920, #3607, #4526 ) ) ;
#3003 = CIRCLE ( 'NONE', #1567, 2.950000000000001510 ) ;
#3004 = ORIENTED_EDGE ( 'NONE', *, *, #426, .T. ) ;
#3005 =( NAMED_UNIT ( * ) PLANE_ANGLE_UNIT ( ) SI_UNIT ( $, .RADIAN. ) );
#3006 = COLOUR_RGB ( '',0.2862745098039215508, 0.6431372549019607199, 0.8666666666666666963 ) ;
#3007 =( NAMED_UNIT ( * ) SI_UNIT ( $, .STERADIAN. ) SOLID_ANGLE_UNIT ( ) );
#3008 =( NAMED_UNIT ( * ) SI_UNIT ( $, .STERADIAN. ) SOLID_ANGLE_UNIT ( ) );
#3009 = SURFACE_STYLE_FILL_AREA ( #4170 ) ;
#3010 =( GEOMETRIC_REPRESENTATION_CONTEXT ( 3 ) GLOBAL_UNCERTAINTY_ASSIGNED_CONTEXT ( ( #3512 ) ) GLOBAL_UNIT_ASSIGNED_CONTEXT ( ( #6958, #1778, #4726 ) ) REPRESENTATION_CONTEXT ( 'NONE', 'WORKASPACE' ) );
#3011 = STYLED_ITEM ( 'NONE', ( #5636 ), #6525 ) ;
#3012 = CIRCLE ( 'NONE', #609, 1.399999999999999023 ) ;
#3013 = CARTESIAN_POINT ( 'NONE',  ( 10.33454256816960104, 5.302378066438029336, -1.312474729231960069 ) ) ;
#3014 = EDGE_CURVE ( 'NONE', #738, #5769, #83, .T. ) ;
#3015 = VECTOR ( 'NONE', #1218, 1000.000000000000000 ) ;
#3016 = FILL_AREA_STYLE_COLOUR ( '', #3248 ) ;
#3017 = CARTESIAN_POINT ( 'NONE',  ( 11.00000000000000000, 7.649999999999999467, 1.315000000000037916 ) ) ;
#3018 = ADVANCED_FACE ( 'NONE', ( #651 ), #6822, .T. ) ;
#3019 = ADVANCED_FACE ( 'NONE', ( #4672 ), #686, .F. ) ;
#3020 = FILL_AREA_STYLE_COLOUR ( '', #6175 ) ;
#3021 = ORIENTED_EDGE ( 'NONE', *, *, #411, .T. ) ;
#3022 = SURFACE_STYLE_USAGE ( .BOTH. , #2589 ) ;
#3023 = CARTESIAN_POINT ( 'NONE',  ( 9.699999995709008616, 5.400000000655020393, -1.271320343274960019 ) ) ;
#3024 = CARTESIAN_POINT ( 'NONE',  ( 8.000000000000000000, 12.25000000000000000, 3.350000000000055156 ) ) ;
#3025 = FILL_AREA_STYLE_COLOUR ( '', #713 ) ;
#3026 = COLOUR_RGB ( '',0.2862745098039215508, 0.6431372549019607199, 0.8666666666666666963 ) ;
#3027 = PRESENTATION_STYLE_ASSIGNMENT (( #264 ) ) ;
#3028 = AXIS2_PLACEMENT_3D ( 'NONE', #6863, #2359, #1833 ) ;
#3029 = ORIENTED_EDGE ( 'NONE', *, *, #5527, .F. ) ;
#3030 = SURFACE_STYLE_USAGE ( .BOTH. , #1416 ) ;
#3031 = PRESENTATION_STYLE_ASSIGNMENT (( #6365 ) ) ;
#3032 =( NAMED_UNIT ( * ) PLANE_ANGLE_UNIT ( ) SI_UNIT ( $, .RADIAN. ) );
#3033 = ORIENTED_EDGE ( 'NONE', *, *, #4582, .F. ) ;
#3034 = VERTEX_POINT ( 'NONE', #3037 ) ;
#3035 = PRESENTATION_LAYER_ASSIGNMENT (  '', '', ( #6219 ) ) ;
#3036 = EDGE_CURVE ( 'NONE', #7060, #3756, #3694, .T. ) ;
#3037 = CARTESIAN_POINT ( 'NONE',  ( -0.1999999993500030104, 8.599999999630808745, -4.739999997784940966 ) ) ;
#3038 = PLANE ( 'NONE',  #5029 ) ;
#3039 = ORIENTED_EDGE ( 'NONE', *, *, #5457, .T. ) ;
#3040 = UNCERTAINTY_MEASURE_WITH_UNIT (LENGTH_MEASURE( 1.000000000000000082E-05 ), #6024, 'distance_accuracy_value', 'NONE');
#3041 = CARTESIAN_POINT ( 'NONE',  ( 1.399999999999999911, 10.59999999999999964, 1.350000000000052047 ) ) ;
#3042 = FACE_OUTER_BOUND ( 'NONE', #4319, .T. ) ;
#3043 = DIRECTION ( 'NONE',  ( -2.022962590123418439E-15, 0.9697997732720541331, -0.2439024390232135964 ) ) ;
#3044 = PRESENTATION_STYLE_ASSIGNMENT (( #5751 ) ) ;
#3045 = COLOUR_RGB ( '',0.2862745098039215508, 0.6431372549019607199, 0.8666666666666666963 ) ;
#3046 = DIRECTION ( 'NONE',  ( 1.644517855226009970E-15, -1.000000000000000000, -2.890435660536364970E-30 ) ) ;
#3047 = CIRCLE ( 'NONE', #7061, 1.300000000000000044 ) ;
#3048 = DIRECTION ( 'NONE',  ( 1.748601263784619973E-15, 0.000000000000000000, 1.000000000000000000 ) ) ;
#3049 = EDGE_CURVE ( 'NONE', #4200, #4355, #1256, .T. ) ;
#3050 = UNCERTAINTY_MEASURE_WITH_UNIT (LENGTH_MEASURE( 1.000000000000000082E-05 ), #4975, 'distance_accuracy_value', 'NONE');
#3051 = DIRECTION ( 'NONE',  ( -0.8076923076923187006, 0.5896042198752116104, 1.334402673828312649E-15 ) ) ;
#3052 = UNCERTAINTY_MEASURE_WITH_UNIT (LENGTH_MEASURE( 1.000000000000000082E-05 ), #3384, 'distance_accuracy_value', 'NONE');
#3053 = CARTESIAN_POINT ( 'NONE',  ( 0.000000000000000000, 0.000000000000000000, 0.000000000000000000 ) ) ;
#3054 = COLOUR_RGB ( '',0.2862745098039215508, 0.6431372549019607199, 0.8666666666666666963 ) ;
#3055 = EDGE_CURVE ( 'NONE', #649, #4581, #1930, .T. ) ;
#3056 = VERTEX_POINT ( 'NONE', #5984 ) ;
#3057 = VERTEX_POINT ( 'NONE', #5951 ) ;
#3058 = VECTOR ( 'NONE', #1128, 999.9999999999998863 ) ;
#3059 = PLANE ( 'NONE',  #1129 ) ;
#3060 = LINE ( 'NONE', #3177, #1921 ) ;
#3061 = EDGE_CURVE ( 'NONE', #1648, #930, #759, .T. ) ;
#3062 = CARTESIAN_POINT ( 'NONE',  ( 9.299999999999998934, 7.644714285714299784, 0.4750000000000410005 ) ) ;
#3063 = EDGE_LOOP ( 'NONE', ( #610, #6125, #6688, #424, #5176 ) ) ;
#3064 = ORIENTED_EDGE ( 'NONE', *, *, #1428, .F. ) ;
#3065 = FILL_AREA_STYLE ('',( #5277 ) ) ;
#3066 = DIRECTION ( 'NONE',  ( -1.748601263784619973E-15, 0.000000000000000000, -1.000000000000000000 ) ) ;
#3067 = SURFACE_STYLE_USAGE ( .BOTH. , #780 ) ;
#3068 = SURFACE_STYLE_USAGE ( .BOTH. , #4725 ) ;
#3069 = DIRECTION ( 'NONE',  ( -1.000000000000000000, -1.610862132432484866E-15, 1.669819989543990066E-15 ) ) ;
#3070 = ORIENTED_EDGE ( 'NONE', *, *, #1749, .F. ) ;
#3071 = ORIENTED_EDGE ( 'NONE', *, *, #2534, .T. ) ;
#3072 = CARTESIAN_POINT ( 'NONE',  ( 0.5000000000000210942, 0.7500000000000089928, 1.350000000000054046 ) ) ;
#3073 = EDGE_CURVE ( 'NONE', #7102, #7269, #5362, .T. ) ;
#3074 = PLANE ( 'NONE',  #4557 ) ;
#3075 = ORIENTED_EDGE ( 'NONE', *, *, #7214, .T. ) ;
#3076 = CARTESIAN_POINT ( 'NONE',  ( 8.000000000000000000, 11.54999999999999893, 3.350000000000055156 ) ) ;
#3077 = CARTESIAN_POINT ( 'NONE',  ( 0.7500000000000089928, 7.611199771552090709, 1.340000000000056035 ) ) ;
#3078 = EDGE_CURVE ( 'NONE', #1492, #4654, #7032, .T. ) ;
#3079 =( NAMED_UNIT ( * ) SI_UNIT ( $, .STERADIAN. ) SOLID_ANGLE_UNIT ( ) );
#3080 =( GEOMETRIC_REPRESENTATION_CONTEXT ( 3 ) GLOBAL_UNCERTAINTY_ASSIGNED_CONTEXT ( ( #540 ) ) GLOBAL_UNIT_ASSIGNED_CONTEXT ( ( #1859, #2998, #5102 ) ) REPRESENTATION_CONTEXT ( 'NONE', 'WORKASPACE' ) );
#3081 = FILL_AREA_STYLE ('',( #791 ) ) ;
#3082 = FILL_AREA_STYLE ('',( #5433 ) ) ;
#3083 = LINE ( 'NONE', #793, #2063 ) ;
#3084 = FACE_OUTER_BOUND ( 'NONE', #3839, .T. ) ;
#3085 =( NAMED_UNIT ( * ) PLANE_ANGLE_UNIT ( ) SI_UNIT ( $, .RADIAN. ) );
#3086 = CONICAL_SURFACE ( 'NONE', #806, 1.724999996680999459, 0.4636476090007538020 ) ;
#3087 =( GEOMETRIC_REPRESENTATION_CONTEXT ( 3 ) GLOBAL_UNCERTAINTY_ASSIGNED_CONTEXT ( ( #2786 ) ) GLOBAL_UNIT_ASSIGNED_CONTEXT ( ( #4540, #6245, #3523 ) ) REPRESENTATION_CONTEXT ( 'NONE', 'WORKASPACE' ) );
#3088 = ORIENTED_EDGE ( 'NONE', *, *, #1177, .F. ) ;
#3089 = ORIENTED_EDGE ( 'NONE', *, *, #1157, .F. ) ;
#3090 = DIRECTION ( 'NONE',  ( -1.000000000000000000, -1.644517855226009970E-15, 1.748601263784619973E-15 ) ) ;
#3091 = PRESENTATION_LAYER_ASSIGNMENT (  '', '', ( #4379 ) ) ;
#3092 = FACE_OUTER_BOUND ( 'NONE', #5862, .T. ) ;
#3093 = LINE ( 'NONE', #3551, #6987 ) ;
#3094 = CARTESIAN_POINT ( 'NONE',  ( 0.1000000000000150074, 5.400000000000000355, 2.850000000000055156 ) ) ;
#3095 = COLOUR_RGB ( '',1.000000000000000000, 1.000000000000000000, 1.000000000000000000 ) ;
#3096 = VECTOR ( 'NONE', #6288, 1000.000000000000000 ) ;
#3097 =( LENGTH_UNIT ( ) NAMED_UNIT ( * ) SI_UNIT ( .MILLI., .METRE. ) );
#3098 = ORIENTED_EDGE ( 'NONE', *, *, #1923, .T. ) ;
#3099 = ORIENTED_EDGE ( 'NONE', *, *, #2385, .F. ) ;
#3100 =( NAMED_UNIT ( * ) SI_UNIT ( $, .STERADIAN. ) SOLID_ANGLE_UNIT ( ) );
#3101 = MECHANICAL_DESIGN_GEOMETRIC_PRESENTATION_REPRESENTATION (  '', ( #6043 ), #3456 ) ;
#3102 = STYLED_ITEM ( 'NONE', ( #5169 ), #2398 ) ;
#3103 = SURFACE_STYLE_USAGE ( .BOTH. , #811 ) ;
#3104 = VECTOR ( 'NONE', #2658, 1000.000000000000000 ) ;
#3105 = DIRECTION ( 'NONE',  ( -1.000000000000000000, 0.000000000000000000, 1.748601263784619973E-15 ) ) ;
#3106 = DIRECTION ( 'NONE',  ( 0.000000000000000000, -1.000000000000000000, -4.111294638064594996E-16 ) ) ;
#3107 = ORIENTED_EDGE ( 'NONE', *, *, #1251, .F. ) ;
#3108 = LINE ( 'NONE', #7028, #1086 ) ;
#3109 = VERTEX_POINT ( 'NONE', #6994 ) ;
#3110 = VERTEX_POINT ( 'NONE', #2490 ) ;
#3111 =( GEOMETRIC_REPRESENTATION_CONTEXT ( 3 ) GLOBAL_UNCERTAINTY_ASSIGNED_CONTEXT ( ( #5074 ) ) GLOBAL_UNIT_ASSIGNED_CONTEXT ( ( #35, #1766, #6731 ) ) REPRESENTATION_CONTEXT ( 'NONE', 'WORKASPACE' ) );
#3112 = CARTESIAN_POINT ( 'NONE',  ( 0.5000000000000109912, 0.7500000000000089928, -4.649999999999939959 ) ) ;
#3113 = EDGE_CURVE ( 'NONE', #2618, #1445, #4887, .T. ) ;
#3114 = STYLED_ITEM ( 'NONE', ( #5458 ), #7262 ) ;
#3115 = AXIS2_PLACEMENT_3D ( 'NONE', #5056, #7281, #6664 ) ;
#3116 = CARTESIAN_POINT ( 'NONE',  ( 1.327602303228010205, 8.199999999929909578, 2.176803028823055097 ) ) ;
#3117 = VECTOR ( 'NONE', #1070, 1000.000000000000000 ) ;
#3118 = DIRECTION ( 'NONE',  ( 1.000000000000000000, 1.644517855226009970E-15, 0.000000000000000000 ) ) ;
#3119 = VECTOR ( 'NONE', #287, 1000.000000000000000 ) ;
#3120 = PLANE ( 'NONE',  #6804 ) ;
#3121 = VECTOR ( 'NONE', #4787, 1000.000000000000000 ) ;
#3122 = EDGE_CURVE ( 'NONE', #6473, #685, #3858, .T. ) ;
#3123 = SURFACE_STYLE_USAGE ( .BOTH. , #830 ) ;
#3124 = VECTOR ( 'NONE', #6027, 1000.000000000000000 ) ;
#3125 = LINE ( 'NONE', #1476, #959 ) ;
#3126 = LINE ( 'NONE', #2020, #1719 ) ;
#3127 = VECTOR ( 'NONE', #397, 1000.000000000000000 ) ;
#3128 = ORIENTED_EDGE ( 'NONE', *, *, #2514, .F. ) ;
#3129 =( LENGTH_UNIT ( ) NAMED_UNIT ( * ) SI_UNIT ( .MILLI., .METRE. ) );
#3130 = ORIENTED_EDGE ( 'NONE', *, *, #6464, .F. ) ;
#3131 = PLANE ( 'NONE',  #6789 ) ;
#3132 = LINE ( 'NONE', #4753, #5013 ) ;
#3133 = SURFACE_STYLE_FILL_AREA ( #1956 ) ;
#3134 = DIRECTION ( 'NONE',  ( -1.748601263784619973E-15, 0.000000000000000000, -1.000000000000000000 ) ) ;
#3135 = FACE_OUTER_BOUND ( 'NONE', #434, .T. ) ;
#3136 = AXIS2_PLACEMENT_3D ( 'NONE', #2248, #2461, #4073 ) ;
#3137 = SURFACE_STYLE_FILL_AREA ( #5972 ) ;
#3138 = AXIS2_PLACEMENT_3D ( 'NONE', #3838, #5064, #2739 ) ;
#3139 =( GEOMETRIC_REPRESENTATION_CONTEXT ( 3 ) GLOBAL_UNCERTAINTY_ASSIGNED_CONTEXT ( ( #7039 ) ) GLOBAL_UNIT_ASSIGNED_CONTEXT ( ( #3515, #7338, #1191 ) ) REPRESENTATION_CONTEXT ( 'NONE', 'WORKASPACE' ) );
#3140 =( LENGTH_UNIT ( ) NAMED_UNIT ( * ) SI_UNIT ( .MILLI., .METRE. ) );
#3141 = VERTEX_POINT ( 'NONE', #4813 ) ;
#3142 = ORIENTED_EDGE ( 'NONE', *, *, #1269, .T. ) ;
#3143 = SURFACE_STYLE_FILL_AREA ( #3065 ) ;
#3144 = CARTESIAN_POINT ( 'NONE',  ( 2.399999999999999911, 7.649999999999999467, -4.149999999999949729 ) ) ;
#3145 =( LENGTH_UNIT ( ) NAMED_UNIT ( * ) SI_UNIT ( .MILLI., .METRE. ) );
#3146 = FACE_OUTER_BOUND ( 'NONE', #5604, .T. ) ;
#3147 = EDGE_CURVE ( 'NONE', #948, #6942, #1975, .T. ) ;
#3148 = ORIENTED_EDGE ( 'NONE', *, *, #5238, .F. ) ;
#3149 = ORIENTED_EDGE ( 'NONE', *, *, #76, .F. ) ;
#3150 = EDGE_CURVE ( 'NONE', #7269, #6657, #316, .T. ) ;
#3151 = COLOUR_RGB ( '',0.2862745098039215508, 0.6431372549019607199, 0.8666666666666666963 ) ;
#3152 = DIRECTION ( 'NONE',  ( -1.644517855226009970E-15, 1.000000000000000000, 2.890435660536364970E-30 ) ) ;
#3153 = ORIENTED_EDGE ( 'NONE', *, *, #5442, .F. ) ;
#3154 = SURFACE_STYLE_USAGE ( .BOTH. , #3696 ) ;
#3155 = DIRECTION ( 'NONE',  ( 1.748601263784619973E-15, 0.000000000000000000, 1.000000000000000000 ) ) ;
#3156 = DIRECTION ( 'NONE',  ( -1.748601263784619973E-15, 0.000000000000000000, -1.000000000000000000 ) ) ;
#3157 = COLOUR_RGB ( '',0.2862745098039215508, 0.6431372549019607199, 0.8666666666666666963 ) ;
#3158 = EDGE_CURVE ( 'NONE', #2247, #2213, #5843, .T. ) ;
#3159 = PRODUCT_DEFINITION ( 'UNKNOWN', '', #722, #1186 ) ;
#3160 = DIRECTION ( 'NONE',  ( 1.644517855226009970E-15, -1.000000000000000000, -2.890435660536364970E-30 ) ) ;
#3161 = CARTESIAN_POINT ( 'NONE',  ( 0.6999999999999999556, 4.200000000000000178, -3.609999999999944809 ) ) ;
#3162 = DIRECTION ( 'NONE',  ( -1.000000000000000000, -1.644517855226009970E-15, 1.748601263784619973E-15 ) ) ;
#3163 = ORIENTED_EDGE ( 'NONE', *, *, #6461, .F. ) ;
#3164 = FILL_AREA_STYLE ('',( #4178 ) ) ;
#3165 = VECTOR ( 'NONE', #489, 1000.000000000000000 ) ;
#3166 = AXIS2_PLACEMENT_3D ( 'NONE', #2085, #5320, #5398 ) ;
#3167 = ORIENTED_EDGE ( 'NONE', *, *, #4095, .F. ) ;
#3168 = ORIENTED_EDGE ( 'NONE', *, *, #1606, .F. ) ;
#3169 = SURFACE_SIDE_STYLE ('',( #2132 ) ) ;
#3170 = MECHANICAL_DESIGN_GEOMETRIC_PRESENTATION_REPRESENTATION (  '', ( #2237 ), #1878 ) ;
#3171 = EDGE_CURVE ( 'NONE', #1544, #4065, #3530, .T. ) ;
#3172 = EDGE_LOOP ( 'NONE', ( #5388, #4191, #5405, #3771, #5440, #3800, #5276, #128, #777, #5475 ) ) ;
#3173 = DIRECTION ( 'NONE',  ( 1.644517855226009970E-15, -1.000000000000000000, -2.875605999964574846E-30 ) ) ;
#3174 =( LENGTH_UNIT ( ) NAMED_UNIT ( * ) SI_UNIT ( .MILLI., .METRE. ) );
#3175 = CARTESIAN_POINT ( 'NONE',  ( 8.800000000000000711, 7.144714285714319324, 0.3500000000000415001 ) ) ;
#3176 = SURFACE_STYLE_USAGE ( .BOTH. , #884 ) ;
#3177 = CARTESIAN_POINT ( 'NONE',  ( 9.700000000000001066, 10.59999999999999964, -4.850000000000000533 ) ) ;
#3178 = EDGE_CURVE ( 'NONE', #5552, #3647, #3328, .T. ) ;
#3179 = SURFACE_STYLE_FILL_AREA ( #3678 ) ;
#3180 =( GEOMETRIC_REPRESENTATION_CONTEXT ( 3 ) GLOBAL_UNCERTAINTY_ASSIGNED_CONTEXT ( ( #1867 ) ) GLOBAL_UNIT_ASSIGNED_CONTEXT ( ( #4820, #534, #2814 ) ) REPRESENTATION_CONTEXT ( 'NONE', 'WORKASPACE' ) );
#3181 = LINE ( 'NONE', #4416, #2735 ) ;
#3182 = ORIENTED_EDGE ( 'NONE', *, *, #1159, .T. ) ;
#3183 =( NAMED_UNIT ( * ) PLANE_ANGLE_UNIT ( ) SI_UNIT ( $, .RADIAN. ) );
#3184 =( NAMED_UNIT ( * ) SI_UNIT ( $, .STERADIAN. ) SOLID_ANGLE_UNIT ( ) );
#3185 = CARTESIAN_POINT ( 'NONE',  ( -0.5999999999999928724, 4.200000000000000178, -3.259999999999944720 ) ) ;
#3186 = CARTESIAN_POINT ( 'NONE',  ( 2.399999999999999911, 5.400000000000000355, -1.271320343559946053 ) ) ;
#3187 = ORIENTED_EDGE ( 'NONE', *, *, #2587, .F. ) ;
#3188 = CARTESIAN_POINT ( 'NONE',  ( 1.399999999998999822, 7.649999999998869704, -4.150000000001944578 ) ) ;
#3189 = ORIENTED_EDGE ( 'NONE', *, *, #2826, .F. ) ;
#3190 = CARTESIAN_POINT ( 'NONE',  ( 2.399999999999999911, 10.59999999999999964, 3.350000000000055156 ) ) ;
#3191 = DIRECTION ( 'NONE',  ( -1.748601263784619973E-15, 0.000000000000000000, -1.000000000000000000 ) ) ;
#3192 = LINE ( 'NONE', #354, #637 ) ;
#3193 = EDGE_CURVE ( 'NONE', #6728, #7312, #7136, .T. ) ;
#3194 = LINE ( 'NONE', #246, #4109 ) ;
#3195 = CARTESIAN_POINT ( 'NONE',  ( 11.00000000000000000, 5.200000000000000178, -1.945459231494965024 ) ) ;
#3196 = FACE_OUTER_BOUND ( 'NONE', #5913, .T. ) ;
#3197 = ORIENTED_EDGE ( 'NONE', *, *, #4690, .T. ) ;
#3198 = DIRECTION ( 'NONE',  ( 0.4472135954999963414, 0.8944271909998966485, -7.819982582729574739E-16 ) ) ;
#3199 = CLOSED_SHELL ( 'NONE', ( #1725, #84, #877, #3931, #5429, #4927, #4310, #5036, #5310, #1355, #6303, #1240, #5693, #2896, #2851, #5850, #1023, #3473, #4409, #5818, #1960, #537, #1518, #4538, #5328, #1974, #6316, #6233, #3463, #2610, #2082, #3520, #6930, #6411, #1366, #783, #2546, #385, #3700, #5575, #1987, #6239, #631, #5258, #4702, #3614, #1595, #5812, #6836, #3675, #2032, #3783, #7078, #422, #5384, #7262, #5746, #1997, #833, #3202, #3757, #6525, #1842, #3832, #6116, #7302, #4034, #2093, #3499, #283, #6760, #4106, #47, #2789, #6140, #3019, #2442, #3491, #3018, #5851, #4795, #1854, #4066, #6898, #1091, #1698, #2398, #1279, #7147, #5114, #5668, #6297, #6865, #1628, #871, #1076, #511, #6774, #1596, #5541, #3871, #3572, #3529, #4018, #4917, #1204, #5590, #3458, #2000, #746, #122, #7115, #2497, #1173, #4378, #4128, #337, #5330, #2649, #6791, #2770, #6131, #4990, #5304, #2075, #4883, #1741, #2941, #1020, #1895, #5734, #323, #2933, #2243, #6505, #3927, #6410, #6952, #1769, #7126, #6098, #6659, #2326, #5345, #3613, #4222, #3993, #493, #4967, #6652, #3819, #6224, #6317, #2691, #2701, #93, #7229, #7099, #348 ) ) ;
#3200 = CARTESIAN_POINT ( 'NONE',  ( 1.850000000000000089, 6.250000000000000000, -2.649999999999950173 ) ) ;
#3201 = PRESENTATION_LAYER_ASSIGNMENT (  '', '', ( #3313 ) ) ;
#3202 = ADVANCED_FACE ( 'NONE', ( #6549 ), #1491, .F. ) ;
#3203 = ORIENTED_EDGE ( 'NONE', *, *, #7044, .T. ) ;
#3204 = ORIENTED_EDGE ( 'NONE', *, *, #2578, .F. ) ;
#3205 = SURFACE_SIDE_STYLE ('',( #3418 ) ) ;
#3206 =( GEOMETRIC_REPRESENTATION_CONTEXT ( 3 ) GLOBAL_UNCERTAINTY_ASSIGNED_CONTEXT ( ( #7297 ) ) GLOBAL_UNIT_ASSIGNED_CONTEXT ( ( #3145, #5836, #3184 ) ) REPRESENTATION_CONTEXT ( 'NONE', 'WORKASPACE' ) );
#3207 = DIRECTION ( 'NONE',  ( -1.748601263784619973E-15, 0.000000000000000000, -1.000000000000000000 ) ) ;
#3208 = DIRECTION ( 'NONE',  ( 1.000000000000000000, 1.706285386945155082E-15, -1.748601263784619973E-15 ) ) ;
#3209 =( NAMED_UNIT ( * ) PLANE_ANGLE_UNIT ( ) SI_UNIT ( $, .RADIAN. ) );
#3210 = VECTOR ( 'NONE', #6914, 1000.000000000000000 ) ;
#3211 = AXIS2_PLACEMENT_3D ( 'NONE', #1569, #1611, #478 ) ;
#3212 = LINE ( 'NONE', #1524, #3850 ) ;
#3213 = CARTESIAN_POINT ( 'NONE',  ( 0.9675818828818175676, 9.189123148163455213, 1.350000000000054712 ) ) ;
#3214 = LINE ( 'NONE', #7161, #7331 ) ;
#3215 = ORIENTED_EDGE ( 'NONE', *, *, #6945, .T. ) ;
#3216 = COLOUR_RGB ( '',0.2862745098039215508, 0.6431372549019607199, 0.8666666666666666963 ) ;
#3217 = FILL_AREA_STYLE_COLOUR ( '', #129 ) ;
#3218 = CARTESIAN_POINT ( 'NONE',  ( 0.6999999999999999556, 8.200000000000001066, -4.689999999999939995 ) ) ;
#3219 = ORIENTED_EDGE ( 'NONE', *, *, #501, .T. ) ;
#3220 = CARTESIAN_POINT ( 'NONE',  ( 2.500000000000000000, 3.750000000000000000, -0.9499999999999459988 ) ) ;
#3221 = SURFACE_STYLE_USAGE ( .BOTH. , #3753 ) ;
#3222 = VECTOR ( 'NONE', #2089, 1000.000000000000000 ) ;
#3223 = ORIENTED_EDGE ( 'NONE', *, *, #4371, .T. ) ;
#3224 = PRESENTATION_LAYER_ASSIGNMENT (  '', '', ( #3102 ) ) ;
#3225 = ORIENTED_EDGE ( 'NONE', *, *, #3540, .F. ) ;
#3226 = CARTESIAN_POINT ( 'NONE',  ( 1.500000000000000000, 7.649999999999999467, 0.8500000000000539346 ) ) ;
#3227 = CARTESIAN_POINT ( 'NONE',  ( -0.5999999999999928724, 4.200000000000000178, -3.259999999999944720 ) ) ;
#3228 = SURFACE_STYLE_USAGE ( .BOTH. , #939 ) ;
#3229 = EDGE_LOOP ( 'NONE', ( #7054, #4901, #6386, #235 ) ) ;
#3230 = PRESENTATION_LAYER_ASSIGNMENT (  '', '', ( #1563 ) ) ;
#3231 = DIRECTION ( 'NONE',  ( 1.748601263784619973E-15, 0.000000000000000000, 1.000000000000000000 ) ) ;
#3232 = FILL_AREA_STYLE_COLOUR ( '', #844 ) ;
#3233 = ORIENTED_EDGE ( 'NONE', *, *, #4467, .T. ) ;
#3234 = SURFACE_STYLE_FILL_AREA ( #430 ) ;
#3235 = FILL_AREA_STYLE_COLOUR ( '', #2556 ) ;
#3236 = EDGE_CURVE ( 'NONE', #5399, #3109, #4953, .T. ) ;
#3237 =( GEOMETRIC_REPRESENTATION_CONTEXT ( 3 ) GLOBAL_UNCERTAINTY_ASSIGNED_CONTEXT ( ( #1715 ) ) GLOBAL_UNIT_ASSIGNED_CONTEXT ( ( #2940, #3570, #4638 ) ) REPRESENTATION_CONTEXT ( 'NONE', 'WORKASPACE' ) );
#3238 = EDGE_CURVE ( 'NONE', #3912, #2201, #1002, .T. ) ;
#3239 = EDGE_LOOP ( 'NONE', ( #1387, #1008, #5035, #632 ) ) ;
#3240 = ORIENTED_EDGE ( 'NONE', *, *, #5136, .T. ) ;
#3241 = DIRECTION ( 'NONE',  ( -1.644517855226009970E-15, 1.000000000000000000, 2.890435660536364970E-30 ) ) ;
#3242 =( GEOMETRIC_REPRESENTATION_CONTEXT ( 3 ) GLOBAL_UNCERTAINTY_ASSIGNED_CONTEXT ( ( #3421 ) ) GLOBAL_UNIT_ASSIGNED_CONTEXT ( ( #638, #1192, #2797 ) ) REPRESENTATION_CONTEXT ( 'NONE', 'WORKASPACE' ) );
#3243 = CARTESIAN_POINT ( 'NONE',  ( 11.00000000000000000, 5.200000000000000178, 3.350000000000040057 ) ) ;
#3244 = DIRECTION ( 'NONE',  ( 1.644517855225954947E-15, -1.000000000000000000, 0.000000000000000000 ) ) ;
#3245 = DIRECTION ( 'NONE',  ( -1.644517855226009970E-15, 1.000000000000000000, 2.875605999964574846E-30 ) ) ;
#3246 = FILL_AREA_STYLE ('',( #992 ) ) ;
#3247 = EDGE_CURVE ( 'NONE', #6610, #409, #6095, .T. ) ;
#3248 = COLOUR_RGB ( '',0.2862745098039215508, 0.6431372549019607199, 0.8666666666666666963 ) ;
#3249 = MECHANICAL_DESIGN_GEOMETRIC_PRESENTATION_REPRESENTATION (  '', ( #1581 ), #4172 ) ;
#3250 = CARTESIAN_POINT ( 'NONE',  ( 0.09999999999999069356, 10.59999999999999964, -6.649999999999999467 ) ) ;
#3251 = DIRECTION ( 'NONE',  ( 0.000000000000000000, -0.7142857142856900987, -0.6998542122237899621 ) ) ;
#3252 = CARTESIAN_POINT ( 'NONE',  ( 1.399999999999999911, 9.599999999999999645, 0.3500000000000550449 ) ) ;
#3253 = EDGE_LOOP ( 'NONE', ( #2048, #5435, #2131, #305, #3223, #6984 ) ) ;
#3254 = PRESENTATION_STYLE_ASSIGNMENT (( #6200 ) ) ;
#3255 = PLANE ( 'NONE',  #25 ) ;
#3256 = FACE_OUTER_BOUND ( 'NONE', #1270, .T. ) ;
#3257 = CARTESIAN_POINT ( 'NONE',  ( -1.000000000000000000, 10.75000000000000000, -0.9499999999999400035 ) ) ;
#3258 = ORIENTED_EDGE ( 'NONE', *, *, #5900, .T. ) ;
#3259 = VECTOR ( 'NONE', #5403, 1000.000000000000000 ) ;
#3260 = CARTESIAN_POINT ( 'NONE',  ( 0.1000003392900034038, 8.200000179588007754, -1.124840274747942015 ) ) ;
#3261 = ORIENTED_EDGE ( 'NONE', *, *, #692, .T. ) ;
#3262 = EDGE_CURVE ( 'NONE', #941, #3141, #3755, .T. ) ;
#3263 = CARTESIAN_POINT ( 'NONE',  ( 1.800000000000000044, 6.844714285714309732, -3.684999999999944986 ) ) ;
#3264 = FACE_OUTER_BOUND ( 'NONE', #2603, .T. ) ;
#3265 = PRESENTATION_LAYER_ASSIGNMENT (  '', '', ( #5489 ) ) ;
#3266 = DIRECTION ( 'NONE',  ( 0.8411784753765673139, -0.5407575913134772261, -1.470885745111886609E-15 ) ) ;
#3267 = EDGE_CURVE ( 'NONE', #1238, #3991, #7202, .T. ) ;
#3268 = EDGE_LOOP ( 'NONE', ( #1087, #2140, #7333, #611 ) ) ;
#3269 = ORIENTED_EDGE ( 'NONE', *, *, #4498, .F. ) ;
#3270 = FILL_AREA_STYLE_COLOUR ( '', #3299 ) ;
#3271 = AXIS2_PLACEMENT_3D ( 'NONE', #4878, #1343, #7130 ) ;
#3272 = CARTESIAN_POINT ( 'NONE',  ( -0.9999999999999800160, 3.750000000000000000, 3.350000000000055156 ) ) ;
#3273 = ORIENTED_EDGE ( 'NONE', *, *, #7317, .T. ) ;
#3274 = LINE ( 'NONE', #7074, #4908 ) ;
#3275 = PLANE ( 'NONE',  #2198 ) ;
#3276 = ORIENTED_EDGE ( 'NONE', *, *, #2325, .F. ) ;
#3277 = ORIENTED_EDGE ( 'NONE', *, *, #5299, .F. ) ;
#3278 = EDGE_CURVE ( 'NONE', #930, #6539, #5499, .T. ) ;
#3279 = STYLED_ITEM ( 'NONE', ( #955 ), #1769 ) ;
#3280 = SURFACE_STYLE_USAGE ( .BOTH. , #990 ) ;
#3281 = FILL_AREA_STYLE_COLOUR ( '', #3045 ) ;
#3282 = COLOUR_RGB ( '',0.2862745098039215508, 0.6431372549019607199, 0.8666666666666666963 ) ;
#3283 = EDGE_CURVE ( 'NONE', #6473, #2985, #1077, .T. ) ;
#3284 = DIRECTION ( 'NONE',  ( 1.000000000000000000, 1.644517855226009970E-15, 0.000000000000000000 ) ) ;
#3285 = ORIENTED_EDGE ( 'NONE', *, *, #3371, .T. ) ;
#3286 = DIRECTION ( 'NONE',  ( -1.000000000000000000, 1.134242272754066116E-14, 1.668003342285391452E-15 ) ) ;
#3287 = MECHANICAL_DESIGN_GEOMETRIC_PRESENTATION_REPRESENTATION (  '', ( #2811 ), #1627 ) ;
#3288 =( LENGTH_UNIT ( ) NAMED_UNIT ( * ) SI_UNIT ( .MILLI., .METRE. ) );
#3289 = SURFACE_SIDE_STYLE ('',( #6089 ) ) ;
#3290 = SURFACE_STYLE_FILL_AREA ( #2696 ) ;
#3291 = CARTESIAN_POINT ( 'NONE',  ( 11.00000000000000000, 11.09999999999999964, -0.04999999999996329603 ) ) ;
#3292 = EDGE_CURVE ( 'NONE', #1589, #2646, #7177, .T. ) ;
#3293 = LINE ( 'NONE', #5540, #1756 ) ;
#3294 = VECTOR ( 'NONE', #5944, 1000.000000000000000 ) ;
#3295 = ORIENTED_EDGE ( 'NONE', *, *, #3158, .T. ) ;
#3296 =( LENGTH_UNIT ( ) NAMED_UNIT ( * ) SI_UNIT ( .MILLI., .METRE. ) );
#3297 = CARTESIAN_POINT ( 'NONE',  ( 1.800000000000000044, 6.844714285714309732, 1.350000000000052047 ) ) ;
#3298 = DIRECTION ( 'NONE',  ( -1.748601263784619973E-15, 0.000000000000000000, -1.000000000000000000 ) ) ;
#3299 = COLOUR_RGB ( '',0.2862745098039215508, 0.6431372549019607199, 0.8666666666666666963 ) ;
#3300 = VERTEX_POINT ( 'NONE', #3833 ) ;
#3301 = ORIENTED_EDGE ( 'NONE', *, *, #2919, .F. ) ;
#3302 = EDGE_CURVE ( 'NONE', #4654, #2872, #7283, .T. ) ;
#3303 = EDGE_CURVE ( 'NONE', #3691, #1632, #3293, .T. ) ;
#3304 = DIRECTION ( 'NONE',  ( 1.748601263784619973E-15, 0.000000000000000000, 1.000000000000000000 ) ) ;
#3305 = CARTESIAN_POINT ( 'NONE',  ( -1.000000000000000000, 3.750000000000000000, -2.349999999999945022 ) ) ;
#3306 = EDGE_LOOP ( 'NONE', ( #1785, #5606, #4772, #1598 ) ) ;
#3307 = SURFACE_STYLE_FILL_AREA ( #23 ) ;
#3308 =( NAMED_UNIT ( * ) PLANE_ANGLE_UNIT ( ) SI_UNIT ( $, .RADIAN. ) );
#3309 = EDGE_LOOP ( 'NONE', ( #2677, #4349, #5497, #3690, #4592, #2714, #2338, #778, #1696, #3331, #193, #947, #1665, #1376, #4912, #4447, #1655, #4045, #5691, #3560, #4802, #4435, #2268, #4919 ) ) ;
#3310 = FILL_AREA_STYLE ('',( #2290 ) ) ;
#3311 = DIRECTION ( 'NONE',  ( -1.734723475976810053E-15, 2.407412430484085049E-32, -1.000000000000000000 ) ) ;
#3312 = PLANE ( 'NONE',  #408 ) ;
#3313 = STYLED_ITEM ( 'NONE', ( #6632 ), #4310 ) ;
#3314 = CARTESIAN_POINT ( 'NONE',  ( 1.300000000000000044, 7.100000000000000533, -5.750000000000000000 ) ) ;
#3315 = ORIENTED_EDGE ( 'NONE', *, *, #576, .F. ) ;
#3316 = AXIS2_PLACEMENT_3D ( 'NONE', #7318, #3795, #6056 ) ;
#3317 = ORIENTED_EDGE ( 'NONE', *, *, #2231, .T. ) ;
#3318 = SURFACE_STYLE_USAGE ( .BOTH. , #5450 ) ;
#3319 = CARTESIAN_POINT ( 'NONE',  ( -0.5999999999999928724, 10.75000000000000000, 2.650000000000054978 ) ) ;
#3320 = VERTEX_POINT ( 'NONE', #1035 ) ;
#3321 = CARTESIAN_POINT ( 'NONE',  ( 0.1000000000000000056, 5.400000000000000355, -6.150000000000000355 ) ) ;
#3322 = FACE_OUTER_BOUND ( 'NONE', #6799, .T. ) ;
#3323 = CARTESIAN_POINT ( 'NONE',  ( 2.399999999999999911, 8.200000000000001066, -0.4374393189579465213 ) ) ;
#3324 = FILL_AREA_STYLE_COLOUR ( '', #6628 ) ;
#3325 = DIRECTION ( 'NONE',  ( 0.9238697708742988901, 0.3553345272594015114, 0.1421338109036983655 ) ) ;
#3326 = DIRECTION ( 'NONE',  ( 0.000000000000000000, -0.7142857142856899877, -0.6998542122237899621 ) ) ;
#3327 = VECTOR ( 'NONE', #1409, 1000.000000000000000 ) ;
#3328 = B_SPLINE_CURVE_WITH_KNOTS ( 'NONE', 3,
 ( #6584, #4774, #5423, #2635 ),
 .UNSPECIFIED., .F., .F.,
 ( 4, 4 ),
 ( 0.000000000000000000, 1.000000000000000000 ),
 .UNSPECIFIED. ) ;
#3329 = PRESENTATION_LAYER_ASSIGNMENT (  '', '', ( #2146 ) ) ;
#3330 = CARTESIAN_POINT ( 'NONE',  ( 1.398548747335005782, 8.959230384172011341, 0.3500000000000550449 ) ) ;
#3331 = ORIENTED_EDGE ( 'NONE', *, *, #852, .T. ) ;
#3332 = PRESENTATION_STYLE_ASSIGNMENT (( #7204 ) ) ;
#3333 = CARTESIAN_POINT ( 'NONE',  ( 1.250000000000011990, -0.2499999999999890088, -4.399999999999945288 ) ) ;
#3334 =( LENGTH_UNIT ( ) NAMED_UNIT ( * ) SI_UNIT ( .MILLI., .METRE. ) );
#3335 = FILL_AREA_STYLE ('',( #458 ) ) ;
#3336 = ORIENTED_EDGE ( 'NONE', *, *, #1471, .T. ) ;
#3338 = VERTEX_POINT ( 'NONE', #5615 ) ;
#3337 = EDGE_CURVE ( 'NONE', #3034, #4685, #452, .T. ) ;
#3339 = VECTOR ( 'NONE', #2918, 1000.000000000000000 ) ;
#3340 = PRESENTATION_LAYER_ASSIGNMENT (  '', '', ( #1680 ) ) ;
#3341 = FACE_OUTER_BOUND ( 'NONE', #3352, .T. ) ;
#3342 =( GEOMETRIC_REPRESENTATION_CONTEXT ( 3 ) GLOBAL_UNCERTAINTY_ASSIGNED_CONTEXT ( ( #3816 ) ) GLOBAL_UNIT_ASSIGNED_CONTEXT ( ( #2533, #2120, #4780 ) ) REPRESENTATION_CONTEXT ( 'NONE', 'WORKASPACE' ) );
#3343 = VERTEX_POINT ( 'NONE', #522 ) ;
#3344 = CARTESIAN_POINT ( 'NONE',  ( 0.1000000000000079992, 7.649999999998869704, 0.8499999999980559773 ) ) ;
#3345 =( LENGTH_UNIT ( ) NAMED_UNIT ( * ) SI_UNIT ( .MILLI., .METRE. ) );
#3346 = DIRECTION ( 'NONE',  ( -1.644517855226009970E-15, 1.000000000000000000, 2.890435660536364970E-30 ) ) ;
#3347 = VECTOR ( 'NONE', #7024, 1000.000000000000000 ) ;
#3348 = DIRECTION ( 'NONE',  ( -1.644517855226009970E-15, 1.000000000000000000, 0.000000000000000000 ) ) ;
#3349 = EDGE_CURVE ( 'NONE', #6620, #2313, #2625, .T. ) ;
#3350 = VECTOR ( 'NONE', #3325, 999.9999999999998863 ) ;
#3351 = FILL_AREA_STYLE ('',( #433 ) ) ;
#3352 = EDGE_LOOP ( 'NONE', ( #3528, #2582, #6280, #4426 ) ) ;
#3353 = VECTOR ( 'NONE', #3725, 1000.000000000000227 ) ;
#3354 = CARTESIAN_POINT ( 'NONE',  ( 3.950000000000000178, 8.144714285714320212, -3.649999999999950173 ) ) ;
#3355 =( NAMED_UNIT ( * ) SI_UNIT ( $, .STERADIAN. ) SOLID_ANGLE_UNIT ( ) );
#3356 = FILL_AREA_STYLE ('',( #4450 ) ) ;
#3357 = COLOUR_RGB ( '',1.000000000000000000, 1.000000000000000000, 1.000000000000000000 ) ;
#3358 = ORIENTED_EDGE ( 'NONE', *, *, #6398, .T. ) ;
#3359 = LINE ( 'NONE', #6039, #6721 ) ;
#3360 = SURFACE_STYLE_FILL_AREA ( #1729 ) ;
#3361 = EDGE_LOOP ( 'NONE', ( #6873, #7129, #292, #2059, #92, #6138, #7314, #7042, #6142, #7287, #6028, #2220, #4859, #3380 ) ) ;
#3362 = CARTESIAN_POINT ( 'NONE',  ( 0.7399999999999999911, 4.200000000000000178, -4.649999999999939959 ) ) ;
#3363 = LINE ( 'NONE', #4983, #6292 ) ;
#3364 = CARTESIAN_POINT ( 'NONE',  ( 1.500000000000000000, 8.200000000000001066, -3.684999999999944986 ) ) ;
#3365 = AXIS2_PLACEMENT_3D ( 'NONE', #1652, #6240, #6842 ) ;
#3366 = VECTOR ( 'NONE', #2447, 1000.000000000000114 ) ;
#3367 =( GEOMETRIC_REPRESENTATION_CONTEXT ( 3 ) GLOBAL_UNCERTAINTY_ASSIGNED_CONTEXT ( ( #2821 ) ) GLOBAL_UNIT_ASSIGNED_CONTEXT ( ( #2808, #5063, #12 ) ) REPRESENTATION_CONTEXT ( 'NONE', 'WORKASPACE' ) );
#3368 = EDGE_LOOP ( 'NONE', ( #2383, #6747, #894, #2064, #4149 ) ) ;
#3369 = DIRECTION ( 'NONE',  ( -2.168404344971009657E-15, 0.3928571428571052682, -0.9195995135417112110 ) ) ;
#3370 = VERTEX_POINT ( 'NONE', #2732 ) ;
#3371 = EDGE_CURVE ( 'NONE', #2650, #6657, #3047, .T. ) ;
#3372 = SURFACE_STYLE_USAGE ( .BOTH. , #6778 ) ;
#3373 = FILL_AREA_STYLE ('',( #6055 ) ) ;
#3374 = DIRECTION ( 'NONE',  ( 0.9333456062030537348, 0.3589790793088838972, -1.632049306554484425E-15 ) ) ;
#3375 = FILL_AREA_STYLE ('',( #3411 ) ) ;
#3376 = PRESENTATION_STYLE_ASSIGNMENT (( #2889 ) ) ;
#3377 = CIRCLE ( 'NONE', #3136, 2.050000000002000000 ) ;
#3378 = ORIENTED_EDGE ( 'NONE', *, *, #614, .T. ) ;
#3379 = ORIENTED_EDGE ( 'NONE', *, *, #2180, .F. ) ;
#3380 = ORIENTED_EDGE ( 'NONE', *, *, #5007, .F. ) ;
#3381 = MECHANICAL_DESIGN_GEOMETRIC_PRESENTATION_REPRESENTATION (  '', ( #2203 ), #7267 ) ;
#3382 = CARTESIAN_POINT ( 'NONE',  ( 0.09999999999999770184, 7.100000000000000533, -6.150000000000000355 ) ) ;
#3383 = VERTEX_POINT ( 'NONE', #2802 ) ;
#3384 =( LENGTH_UNIT ( ) NAMED_UNIT ( * ) SI_UNIT ( .MILLI., .METRE. ) );
#3385 = CARTESIAN_POINT ( 'NONE',  ( 2.399999999999999911, 8.200000000000001066, -2.862560681041949717 ) ) ;
#3386 = EDGE_CURVE ( 'NONE', #4964, #3109, #5059, .T. ) ;
#3387 = PRESENTATION_LAYER_ASSIGNMENT (  '', '', ( #1728 ) ) ;
#3388 = UNCERTAINTY_MEASURE_WITH_UNIT (LENGTH_MEASURE( 1.000000000000000082E-05 ), #3140, 'distance_accuracy_value', 'NONE');
#3389 = CARTESIAN_POINT ( 'NONE',  ( 1.500000000000000000, 0.7500000000000109912, -4.649999999999939959 ) ) ;
#3390 = COLOUR_RGB ( '',0.2862745098039215508, 0.6431372549019607199, 0.8666666666666666963 ) ;
#3391 = SURFACE_STYLE_USAGE ( .BOTH. , #5077 ) ;
#3392 = FILL_AREA_STYLE_COLOUR ( '', #5243 ) ;
#3393 = LINE ( 'NONE', #472, #4570 ) ;
#3394 = EDGE_LOOP ( 'NONE', ( #3750, #1016, #3, #5309 ) ) ;
#3395 = EDGE_CURVE ( 'NONE', #5661, #749, #1642, .T. ) ;
#3396 = DIRECTION ( 'NONE',  ( -0.2357022603954924411, -0.9428090415820747916, -0.2357022603954934403 ) ) ;
#3397 = PRESENTATION_LAYER_ASSIGNMENT (  '', '', ( #3735 ) ) ;
#3398 = VERTEX_POINT ( 'NONE', #4389 ) ;
#3399 = DIRECTION ( 'NONE',  ( -1.748601263784619973E-15, 1.482966057179082177E-32, -1.000000000000000000 ) ) ;
#3400 = EDGE_CURVE ( 'NONE', #2184, #3110, #6273, .T. ) ;
#3401 =( LENGTH_UNIT ( ) NAMED_UNIT ( * ) SI_UNIT ( .MILLI., .METRE. ) );
#3402 = CARTESIAN_POINT ( 'NONE',  ( 0.5000000000000000000, 6.844714285714309732, -3.649999999999944844 ) ) ;
#3403 =( NAMED_UNIT ( * ) SI_UNIT ( $, .STERADIAN. ) SOLID_ANGLE_UNIT ( ) );
#3404 = LINE ( 'NONE', #2799, #2168 ) ;
#3405 = CARTESIAN_POINT ( 'NONE',  ( 0.5000000000000109912, 0.7500000000000089928, -4.649999999999939959 ) ) ;
#3406 = ORIENTED_EDGE ( 'NONE', *, *, #7296, .T. ) ;
#3407 = VECTOR ( 'NONE', #5270, 1000.000000000000000 ) ;
#3408 = VECTOR ( 'NONE', #6250, 1000.000000000000114 ) ;
#3409 = FACE_OUTER_BOUND ( 'NONE', #2812, .T. ) ;
#3410 = DIRECTION ( 'NONE',  ( 0.9333456062030537348, 0.3589790793088838972, 0.000000000000000000 ) ) ;
#3411 = FILL_AREA_STYLE_COLOUR ( '', #4386 ) ;
#3412 = PLANE ( 'NONE',  #1933 ) ;
#3413 = FILL_AREA_STYLE_COLOUR ( '', #4309 ) ;
#3414 = VERTEX_POINT ( 'NONE', #1699 ) ;
#3415 = ORIENTED_EDGE ( 'NONE', *, *, #4781, .T. ) ;
#3416 = ORIENTED_EDGE ( 'NONE', *, *, #112, .T. ) ;
#3417 = PRESENTATION_STYLE_ASSIGNMENT (( #4998 ) ) ;
#3418 = SURFACE_STYLE_FILL_AREA ( #436 ) ;
#3419 = CARTESIAN_POINT ( 'NONE',  ( -1.000000000000000000, 3.750000000000000000, -5.950000000000000178 ) ) ;
#3420 = SURFACE_SIDE_STYLE ('',( #569 ) ) ;
#3421 = UNCERTAINTY_MEASURE_WITH_UNIT (LENGTH_MEASURE( 1.000000000000000082E-05 ), #638, 'distance_accuracy_value', 'NONE');
#3422 = UNCERTAINTY_MEASURE_WITH_UNIT (LENGTH_MEASURE( 1.000000000000000082E-05 ), #1905, 'distance_accuracy_value', 'NONE');
#3423 = CARTESIAN_POINT ( 'NONE',  ( 0.1000000000000166034, 7.649999999999999467, 5.850000000000000533 ) ) ;
#3424 = DIRECTION ( 'NONE',  ( -1.734723475976808672E-15, 1.000000000000000000, 0.000000000000000000 ) ) ;
#3425 =( NAMED_UNIT ( * ) PLANE_ANGLE_UNIT ( ) SI_UNIT ( $, .RADIAN. ) );
#3426 = ORIENTED_EDGE ( 'NONE', *, *, #3655, .T. ) ;
#3427 = VECTOR ( 'NONE', #2745, 1000.000000000000114 ) ;
#3428 = ORIENTED_EDGE ( 'NONE', *, *, #4451, .T. ) ;
#3429 = SURFACE_STYLE_FILL_AREA ( #3467 ) ;
#3430 = DIRECTION ( 'NONE',  ( 0.05547001409259337545, 9.122142860490515422E-17, 0.9984603535126307383 ) ) ;
#3431 = ORIENTED_EDGE ( 'NONE', *, *, #71, .F. ) ;
#3432 = CARTESIAN_POINT ( 'NONE',  ( 11.00000000000000000, 7.649999999999999467, 0.3500000000000380029 ) ) ;
#3433 = DIRECTION ( 'NONE',  ( -1.748601263784619973E-15, 1.482966057179082177E-32, -1.000000000000000000 ) ) ;
#3434 = DIRECTION ( 'NONE',  ( -1.809450025711195028E-15, 2.565609073190995079E-16, -1.000000000000000000 ) ) ;
#3435 = VECTOR ( 'NONE', #3346, 1000.000000000000000 ) ;
#3436 = EDGE_LOOP ( 'NONE', ( #4729, #4083, #4647, #5977 ) ) ;
#3437 = MECHANICAL_DESIGN_GEOMETRIC_PRESENTATION_REPRESENTATION (  '', ( #4124 ), #3080 ) ;
#3438 = EDGE_CURVE ( 'NONE', #4241, #521, #1239, .T. ) ;
#3439 = ORIENTED_EDGE ( 'NONE', *, *, #4705, .T. ) ;
#3440 = FILL_AREA_STYLE_COLOUR ( '', #3866 ) ;
#3441 = DIRECTION ( 'NONE',  ( -1.297538235904699706E-15, -0.2425356250363094601, -0.9701425001453377606 ) ) ;
#3442 =( LENGTH_UNIT ( ) NAMED_UNIT ( * ) SI_UNIT ( .MILLI., .METRE. ) );
#3443 = PLANE ( 'NONE',  #1660 ) ;
#3444 =( NAMED_UNIT ( * ) SI_UNIT ( $, .STERADIAN. ) SOLID_ANGLE_UNIT ( ) );
#3445 =( GEOMETRIC_REPRESENTATION_CONTEXT ( 3 ) GLOBAL_UNCERTAINTY_ASSIGNED_CONTEXT ( ( #6188 ) ) GLOBAL_UNIT_ASSIGNED_CONTEXT ( ( #3097, #3646, #4157 ) ) REPRESENTATION_CONTEXT ( 'NONE', 'WORKASPACE' ) );
#3446 = PRESENTATION_STYLE_ASSIGNMENT (( #5027 ) ) ;
#3447 = VERTEX_POINT ( 'NONE', #3478 ) ;
#3448 = ORIENTED_EDGE ( 'NONE', *, *, #3878, .T. ) ;
#3449 = VECTOR ( 'NONE', #4835, 1000.000000000000000 ) ;
#3450 =( NAMED_UNIT ( * ) PLANE_ANGLE_UNIT ( ) SI_UNIT ( $, .RADIAN. ) );
#3451 = DIRECTION ( 'NONE',  ( -1.644517855226009970E-15, 1.000000000000000000, 2.890435660536364970E-30 ) ) ;
#3452 =( NAMED_UNIT ( * ) SI_UNIT ( $, .STERADIAN. ) SOLID_ANGLE_UNIT ( ) );
#3453 =( GEOMETRIC_REPRESENTATION_CONTEXT ( 3 ) GLOBAL_UNCERTAINTY_ASSIGNED_CONTEXT ( ( #5523 ) ) GLOBAL_UNIT_ASSIGNED_CONTEXT ( ( #2196, #3836, #1703 ) ) REPRESENTATION_CONTEXT ( 'NONE', 'WORKASPACE' ) );
#3454 = AXIS2_PLACEMENT_3D ( 'NONE', #2460, #5183, #3043 ) ;
#3455 = UNCERTAINTY_MEASURE_WITH_UNIT (LENGTH_MEASURE( 1.000000000000000082E-05 ), #1574, 'distance_accuracy_value', 'NONE');
#3456 =( GEOMETRIC_REPRESENTATION_CONTEXT ( 3 ) GLOBAL_UNCERTAINTY_ASSIGNED_CONTEXT ( ( #5786 ) ) GLOBAL_UNIT_ASSIGNED_CONTEXT ( ( #2563, #4235, #2079 ) ) REPRESENTATION_CONTEXT ( 'NONE', 'WORKASPACE' ) );
#3457 = PRESENTATION_LAYER_ASSIGNMENT (  '', '', ( #6650 ) ) ;
#3458 = ADVANCED_FACE ( 'NONE', ( #1158 ), #1271, .F. ) ;
#3459 = CARTESIAN_POINT ( 'NONE',  ( 0.7000000000000149436, 4.200000000000000178, 1.390000000000053859 ) ) ;
#3460 = LINE ( 'NONE', #6228, #5046 ) ;
#3461 = UNCERTAINTY_MEASURE_WITH_UNIT (LENGTH_MEASURE( 1.000000000000000082E-05 ), #5995, 'distance_accuracy_value', 'NONE');
#3462 = PRESENTATION_LAYER_ASSIGNMENT (  '', '', ( #5117 ) ) ;
#3463 = ADVANCED_FACE ( 'NONE', ( #2417 ), #5099, .F. ) ;
#3464 = MECHANICAL_DESIGN_GEOMETRIC_PRESENTATION_REPRESENTATION (  '', ( #2171 ), #5937 ) ;
#3465 = VERTEX_POINT ( 'NONE', #4618 ) ;
#3466 = COLOUR_RGB ( '',0.2862745098039215508, 0.6431372549019607199, 0.8666666666666666963 ) ;
#3467 = FILL_AREA_STYLE ('',( #1150 ) ) ;
#3468 = DIRECTION ( 'NONE',  ( -1.000000000000000000, -1.644517855226009970E-15, 1.892425610156519735E-15 ) ) ;
#3469 = ORIENTED_EDGE ( 'NONE', *, *, #2931, .T. ) ;
#3470 = FILL_AREA_STYLE_COLOUR ( '', #4164 ) ;
#3471 = PRESENTATION_STYLE_ASSIGNMENT (( #4576 ) ) ;
#3472 = EDGE_CURVE ( 'NONE', #4413, #7303, #48, .T. ) ;
#3473 = ADVANCED_FACE ( 'NONE', ( #1772 ), #1857, .T. ) ;
#3474 = CARTESIAN_POINT ( 'NONE',  ( 1.399999999999999911, 10.59999999999999964, -3.649999999999944844 ) ) ;
#3475 = AXIS2_PLACEMENT_3D ( 'NONE', #1514, #3198, #4251 ) ;
#3476 = VERTEX_POINT ( 'NONE', #2513 ) ;
#3477 = AXIS2_PLACEMENT_3D ( 'NONE', #3272, #3162, #3765 ) ;
#3478 = CARTESIAN_POINT ( 'NONE',  ( 0.7400000000000149791, 4.200000000000000178, 1.350000000000054046 ) ) ;
#3479 = CARTESIAN_POINT ( 'NONE',  ( 2.500000000000000000, 3.750000000000000000, 2.650000000000050093 ) ) ;
#3480 = LINE ( 'NONE', #6918, #7288 ) ;
#3481 = DIRECTION ( 'NONE',  ( -1.000000000000000000, -1.644517855226009970E-15, 1.892425610156519735E-15 ) ) ;
#3482 = MECHANICAL_DESIGN_GEOMETRIC_PRESENTATION_REPRESENTATION (  '', ( #4410 ), #2542 ) ;
#3483 = FILL_AREA_STYLE ('',( #6275 ) ) ;
#3484 = PLANE ( 'NONE',  #2532 ) ;
#3485 = DIRECTION ( 'NONE',  ( -1.000000000000000000, -1.644517855226009970E-15, 1.748601263784619973E-15 ) ) ;
#3486 = SURFACE_STYLE_USAGE ( .BOTH. , #3558 ) ;
#3487 = ORIENTED_EDGE ( 'NONE', *, *, #56, .T. ) ;
#3488 = CIRCLE ( 'NONE', #5370, 1.300000000000000488 ) ;
#3489 = STYLED_ITEM ( 'NONE', ( #163 ), #2082 ) ;
#3490 = CARTESIAN_POINT ( 'NONE',  ( 1.500000000000000000, 4.200000000000000178, 1.350000000000052047 ) ) ;
#3491 = ADVANCED_FACE ( 'NONE', ( #2034 ), #6360, .T. ) ;
#3492 = FILL_AREA_STYLE ('',( #6405 ) ) ;
#3493 = FACE_OUTER_BOUND ( 'NONE', #1630, .T. ) ;
#3494 = SURFACE_STYLE_USAGE ( .BOTH. , #4274 ) ;
#3495 = ORIENTED_EDGE ( 'NONE', *, *, #3400, .T. ) ;
#3496 = CARTESIAN_POINT ( 'NONE',  ( 1.500000000000000000, 8.200000000000001066, -4.615000000000000213 ) ) ;
#3497 = UNCERTAINTY_MEASURE_WITH_UNIT (LENGTH_MEASURE( 1.000000000000000082E-05 ), #1321, 'distance_accuracy_value', 'NONE');
#3498 = STYLED_ITEM ( 'NONE', ( #64 ), #6836 ) ;
#3499 = ADVANCED_FACE ( 'NONE', ( #7020 ), #1917, .T. ) ;
#3500 = PLANE ( 'NONE',  #2661 ) ;
#3501 = PRESENTATION_STYLE_ASSIGNMENT (( #66 ) ) ;
#3502 = STYLED_ITEM ( 'NONE', ( #1470 ), #6952 ) ;
#3503 = VECTOR ( 'NONE', #1527, 1000.000000000000000 ) ;
#3504 = UNCERTAINTY_MEASURE_WITH_UNIT (LENGTH_MEASURE( 1.000000000000000082E-05 ), #6690, 'distance_accuracy_value', 'NONE');
#3505 = CARTESIAN_POINT ( 'NONE',  ( -1.000000000000000000, 10.75000000000000000, -2.349999999999945022 ) ) ;
#3506 = LINE ( 'NONE', #1721, #739 ) ;
#3507 =( NAMED_UNIT ( * ) SI_UNIT ( $, .STERADIAN. ) SOLID_ANGLE_UNIT ( ) );
#3508 = CARTESIAN_POINT ( 'NONE',  ( 3.950000000000000178, 8.144714285714320212, 0.3500000000000499933 ) ) ;
#3509 = PRESENTATION_LAYER_ASSIGNMENT (  '', '', ( #2909 ) ) ;
#3510 = EDGE_CURVE ( 'NONE', #5584, #6679, #3359, .T. ) ;
#3511 = VERTEX_POINT ( 'NONE', #1022 ) ;
#3512 = UNCERTAINTY_MEASURE_WITH_UNIT (LENGTH_MEASURE( 1.000000000000000082E-05 ), #6958, 'distance_accuracy_value', 'NONE');
#3513 = ORIENTED_EDGE ( 'NONE', *, *, #5612, .T. ) ;
#3514 = VERTEX_POINT ( 'NONE', #2656 ) ;
#3515 =( LENGTH_UNIT ( ) NAMED_UNIT ( * ) SI_UNIT ( .MILLI., .METRE. ) );
#3516 = SURFACE_STYLE_USAGE ( .BOTH. , #1692 ) ;
#3517 = CARTESIAN_POINT ( 'NONE',  ( 2.399999999999999911, 8.200000000000001066, 3.350000000000055156 ) ) ;
#3518 = SURFACE_STYLE_USAGE ( .BOTH. , #4577 ) ;
#3519 = AXIS2_PLACEMENT_3D ( 'NONE', #1230, #3430, #5129 ) ;
#3520 = ADVANCED_FACE ( 'NONE', ( #2138 ), #7232, .T. ) ;
#3521 = DIRECTION ( 'NONE',  ( 1.644517855226009970E-15, -1.000000000000000000, -2.890435660536364970E-30 ) ) ;
#3522 =( GEOMETRIC_REPRESENTATION_CONTEXT ( 3 ) GLOBAL_UNCERTAINTY_ASSIGNED_CONTEXT ( ( #6900 ) ) GLOBAL_UNIT_ASSIGNED_CONTEXT ( ( #3823, #3899, #1488 ) ) REPRESENTATION_CONTEXT ( 'NONE', 'WORKASPACE' ) );
#3523 =( NAMED_UNIT ( * ) SI_UNIT ( $, .STERADIAN. ) SOLID_ANGLE_UNIT ( ) );
#3524 = DIRECTION ( 'NONE',  ( -1.644517855226009970E-15, 1.000000000000000000, 2.890435660536364970E-30 ) ) ;
#3525 = CARTESIAN_POINT ( 'NONE',  ( -0.3999999999999905298, 6.450000000000000178, 0.1100000000000562056 ) ) ;
#3526 =( LENGTH_UNIT ( ) NAMED_UNIT ( * ) SI_UNIT ( .MILLI., .METRE. ) );
#3527 = PRESENTATION_STYLE_ASSIGNMENT (( #6887 ) ) ;
#3528 = ORIENTED_EDGE ( 'NONE', *, *, #6963, .F. ) ;
#3529 = ADVANCED_FACE ( 'NONE', ( #1649 ), #6571, .F. ) ;
#3530 = CIRCLE ( 'NONE', #306, 1.400000000002000311 ) ;
#3531 =( GEOMETRIC_REPRESENTATION_CONTEXT ( 3 ) GLOBAL_UNCERTAINTY_ASSIGNED_CONTEXT ( ( #4003 ) ) GLOBAL_UNIT_ASSIGNED_CONTEXT ( ( #1258, #2823, #4681 ) ) REPRESENTATION_CONTEXT ( 'NONE', 'WORKASPACE' ) );
#3532 = DIRECTION ( 'NONE',  ( 1.000000000000000000, 0.000000000000000000, -1.748601263784619973E-15 ) ) ;
#3533 =( NAMED_UNIT ( * ) PLANE_ANGLE_UNIT ( ) SI_UNIT ( $, .RADIAN. ) );
#3534 = DIRECTION ( 'NONE',  ( 1.000000000000000000, 1.706285386945155082E-15, -1.748601263784619973E-15 ) ) ;
#3535 = CARTESIAN_POINT ( 'NONE',  ( 1.955294117647009999, 8.144714285714309554, 0.3850000000000534661 ) ) ;
#3536 = MECHANICAL_DESIGN_GEOMETRIC_PRESENTATION_REPRESENTATION (  '', ( #5521 ), #5525 ) ;
#3537 = EDGE_CURVE ( 'NONE', #6467, #2772, #4943, .T. ) ;
#3538 = LINE ( 'NONE', #5714, #6337 ) ;
#3539 = STYLED_ITEM ( 'NONE', ( #5329 ), #2851 ) ;
#3540 = EDGE_CURVE ( 'NONE', #331, #167, #923, .T. ) ;
#3541 =( NAMED_UNIT ( * ) PLANE_ANGLE_UNIT ( ) SI_UNIT ( $, .RADIAN. ) );
#3542 =( NAMED_UNIT ( * ) SI_UNIT ( $, .STERADIAN. ) SOLID_ANGLE_UNIT ( ) );
#3543 = PRESENTATION_LAYER_ASSIGNMENT (  '', '', ( #5180 ) ) ;
#3544 = ORIENTED_EDGE ( 'NONE', *, *, #5211, .F. ) ;
#3545 = EDGE_CURVE ( 'NONE', #3343, #6855, #3212, .T. ) ;
#3546 = SURFACE_SIDE_STYLE ('',( #1228 ) ) ;
#3547 = ORIENTED_EDGE ( 'NONE', *, *, #3055, .T. ) ;
#3548 = ORIENTED_EDGE ( 'NONE', *, *, #2200, .F. ) ;
#3549 = CARTESIAN_POINT ( 'NONE',  ( 1.400000004427010003, 8.199999999929909578, 2.137439316581055238 ) ) ;
#3550 = CARTESIAN_POINT ( 'NONE',  ( 0.5000000000000129896, 0.7500000000000089928, -3.649999999999944844 ) ) ;
#3551 = CARTESIAN_POINT ( 'NONE',  ( 0.1000000000000113992, 10.59999999999999964, 5.350000000000059153 ) ) ;
#3552 = CARTESIAN_POINT ( 'NONE',  ( 9.799999999999998934, 8.144714285714329094, -3.649999999999999911 ) ) ;
#3553 = VERTEX_POINT ( 'NONE', #3250 ) ;
#3554 = SURFACE_SIDE_STYLE ('',( #6954 ) ) ;
#3555 =( NAMED_UNIT ( * ) SI_UNIT ( $, .STERADIAN. ) SOLID_ANGLE_UNIT ( ) );
#3556 = PLANE ( 'NONE',  #368 ) ;
#3557 = CARTESIAN_POINT ( 'NONE',  ( 2.399999999999999911, 5.400000000000000355, -0.5499999999999460876 ) ) ;
#3558 = SURFACE_SIDE_STYLE ('',( #5581 ) ) ;
#3559 = MECHANICAL_DESIGN_GEOMETRIC_PRESENTATION_REPRESENTATION (  '', ( #5898 ), #2266 ) ;
#3560 = ORIENTED_EDGE ( 'NONE', *, *, #6178, .T. ) ;
#3561 = ORIENTED_EDGE ( 'NONE', *, *, #2632, .F. ) ;
#3562 = FILL_AREA_STYLE_COLOUR ( '', #4228 ) ;
#3563 = UNCERTAINTY_MEASURE_WITH_UNIT (LENGTH_MEASURE( 1.000000000000000082E-05 ), #6369, 'distance_accuracy_value', 'NONE');
#3564 = SURFACE_STYLE_FILL_AREA ( #5213 ) ;
#3565 = CARTESIAN_POINT ( 'NONE',  ( 11.00000000000000000, 11.09999999999999964, -0.04999999999996149885 ) ) ;
#3566 =( NAMED_UNIT ( * ) SI_UNIT ( $, .STERADIAN. ) SOLID_ANGLE_UNIT ( ) );
#3567 = EDGE_CURVE ( 'NONE', #6539, #4507, #5488, .T. ) ;
#3568 = PRESENTATION_LAYER_ASSIGNMENT (  '', '', ( #5916 ) ) ;
#3569 = PRESENTATION_STYLE_ASSIGNMENT (( #6256 ) ) ;
#3570 =( NAMED_UNIT ( * ) PLANE_ANGLE_UNIT ( ) SI_UNIT ( $, .RADIAN. ) );
#3571 =( LENGTH_UNIT ( ) NAMED_UNIT ( * ) SI_UNIT ( .MILLI., .METRE. ) );
#3572 = ADVANCED_FACE ( 'NONE', ( #5760 ), #4043, .T. ) ;
#3573 = SHAPE_DEFINITION_REPRESENTATION ( #2314, #5187 ) ;
#3574 = VERTEX_POINT ( 'NONE', #584 ) ;
#3575 = VECTOR ( 'NONE', #5865, 1000.000000000000000 ) ;
#3576 = AXIS2_PLACEMENT_3D ( 'NONE', #557, #3481, #3988 ) ;
#3577 = SURFACE_SIDE_STYLE ('',( #701 ) ) ;
#3578 = FACE_OUTER_BOUND ( 'NONE', #5098, .T. ) ;
#3579 = ORIENTED_EDGE ( 'NONE', *, *, #4872, .T. ) ;
#3580 = PLANE ( 'NONE',  #6545 ) ;
#3581 = LINE ( 'NONE', #4053, #1487 ) ;
#3582 = DIRECTION ( 'NONE',  ( -1.748601263784619973E-15, 0.000000000000000000, -1.000000000000000000 ) ) ;
#3583 = STYLED_ITEM ( 'NONE', ( #5297 ), #2701 ) ;
#3584 = SURFACE_STYLE_USAGE ( .BOTH. , #1299 ) ;
#3585 = ORIENTED_EDGE ( 'NONE', *, *, #3801, .T. ) ;
#3586 = DIRECTION ( 'NONE',  ( 0.9486832980505244262, 1.560126622598785884E-15, 0.3162277660168061888 ) ) ;
#3587 = CARTESIAN_POINT ( 'NONE',  ( 0.5000000000000199840, 0.7500000000000089928, 0.3500000000000569877 ) ) ;
#3588 = DIRECTION ( 'NONE',  ( -0.1520571842539049368, -2.500607545209353990E-16, -0.9883716976506227159 ) ) ;
#3589 = ORIENTED_EDGE ( 'NONE', *, *, #2946, .T. ) ;
#3590 = PRESENTATION_LAYER_ASSIGNMENT (  '', '', ( #4286 ) ) ;
#3591 = VERTEX_POINT ( 'NONE', #5722 ) ;
#3592 = EDGE_CURVE ( 'NONE', #4829, #3991, #2873, .T. ) ;
#3593 = CARTESIAN_POINT ( 'NONE',  ( 11.00000000000000000, 11.75000000000000000, -0.04999999999996149885 ) ) ;
#3594 = CARTESIAN_POINT ( 'NONE',  ( 0.3996450882000104898, 8.199999999999310063, 2.669010516797055033 ) ) ;
#3595 = SURFACE_STYLE_USAGE ( .BOTH. , #205 ) ;
#3596 = DIRECTION ( 'NONE',  ( 0.9486832980505230939, 1.560126622598785489E-15, -0.3162277660168100746 ) ) ;
#3597 = SURFACE_STYLE_USAGE ( .BOTH. , #5885 ) ;
#3598 = PRESENTATION_LAYER_ASSIGNMENT (  '', '', ( #1520 ) ) ;
#3599 = PRESENTATION_LAYER_ASSIGNMENT (  '', '', ( #2655 ) ) ;
#3600 = FILL_AREA_STYLE_COLOUR ( '', #1864 ) ;
#3601 = PRESENTATION_LAYER_ASSIGNMENT (  '', '', ( #3498 ) ) ;
#3602 = DIRECTION ( 'NONE',  ( 0.000000000000000000, -0.6949152542373064900, -0.7190916418846067248 ) ) ;
#3603 = EDGE_CURVE ( 'NONE', #6819, #899, #2911, .T. ) ;
#3604 =( LENGTH_UNIT ( ) NAMED_UNIT ( * ) SI_UNIT ( .MILLI., .METRE. ) );
#3605 =( LENGTH_UNIT ( ) NAMED_UNIT ( * ) SI_UNIT ( .MILLI., .METRE. ) );
#3606 = VECTOR ( 'NONE', #5990, 1000.000000000000000 ) ;
#3607 = ORIENTED_EDGE ( 'NONE', *, *, #6574, .F. ) ;
#3608 = LINE ( 'NONE', #6938, #5866 ) ;
#3609 = FILL_AREA_STYLE ('',( #3020 ) ) ;
#3610 =( LENGTH_UNIT ( ) NAMED_UNIT ( * ) SI_UNIT ( .MILLI., .METRE. ) );
#3611 = DIRECTION ( 'NONE',  ( 1.000000000000000000, 1.656467862367375191E-15, -1.753106346500909902E-15 ) ) ;
#3612 = DIRECTION ( 'NONE',  ( 0.8411784753765673139, -0.5407575913134772261, -1.470885745111886609E-15 ) ) ;
#3613 = ADVANCED_FACE ( 'NONE', ( #2369 ), #5639, .F. ) ;
#3614 = ADVANCED_FACE ( 'NONE', ( #1845 ), #7304, .T. ) ;
#3615 = ORIENTED_EDGE ( 'NONE', *, *, #4593, .F. ) ;
#3616 = SURFACE_SIDE_STYLE ('',( #6394 ) ) ;
#3617 = PLANE ( 'NONE',  #6395 ) ;
#3618 =( NAMED_UNIT ( * ) SI_UNIT ( $, .STERADIAN. ) SOLID_ANGLE_UNIT ( ) );
#3619 = ORIENTED_EDGE ( 'NONE', *, *, #2729, .F. ) ;
#3620 = FILL_AREA_STYLE_COLOUR ( '', #3831 ) ;
#3621 = VERTEX_POINT ( 'NONE', #255 ) ;
#3622 = EDGE_LOOP ( 'NONE', ( #3548, #4523, #2265, #7203, #1608 ) ) ;
#3623 = DIRECTION ( 'NONE',  ( 0.2357022603954955497, -0.9428090415820741255, 0.2357022603954930517 ) ) ;
#3624 = DIRECTION ( 'NONE',  ( 1.748601263784619973E-15, 0.000000000000000000, 1.000000000000000000 ) ) ;
#3625 =( GEOMETRIC_REPRESENTATION_CONTEXT ( 3 ) GLOBAL_UNCERTAINTY_ASSIGNED_CONTEXT ( ( #7330 ) ) GLOBAL_UNIT_ASSIGNED_CONTEXT ( ( #439, #3856, #5562 ) ) REPRESENTATION_CONTEXT ( 'NONE', 'WORKASPACE' ) );
#3626 = CARTESIAN_POINT ( 'NONE',  ( 0.6999999999999999556, 4.200000000000000178, -3.609999999999944809 ) ) ;
#3627 = COLOUR_RGB ( '',0.2862745098039215508, 0.6431372549019607199, 0.8666666666666666963 ) ;
#3628 = LINE ( 'NONE', #4735, #451 ) ;
#3629 = SURFACE_STYLE_FILL_AREA ( #6965 ) ;
#3630 = DIRECTION ( 'NONE',  ( 1.489513996486855983E-09, -1.000000000000000000, 7.237765942743970498E-10 ) ) ;
#3631 = COLOUR_RGB ( '',1.000000000000000000, 1.000000000000000000, 1.000000000000000000 ) ;
#3632 = CARTESIAN_POINT ( 'NONE',  ( 0.1000000000000000056, 7.649999999999999467, -4.149999999999945288 ) ) ;
#3633 = CARTESIAN_POINT ( 'NONE',  ( 1.400000004427000011, 8.199999999929909578, -2.862560683418944762 ) ) ;
#3634 = UNCERTAINTY_MEASURE_WITH_UNIT (LENGTH_MEASURE( 1.000000000000000082E-05 ), #6391, 'distance_accuracy_value', 'NONE');
#3635 = FILL_AREA_STYLE ('',( #1904 ) ) ;
#3636 = SURFACE_STYLE_USAGE ( .BOTH. , #5408 ) ;
#3637 = UNCERTAINTY_MEASURE_WITH_UNIT (LENGTH_MEASURE( 1.000000000000000082E-05 ), #6516, 'distance_accuracy_value', 'NONE');
#3638 = STYLED_ITEM ( 'NONE', ( #1374 ), #3491 ) ;
#3639 = VERTEX_POINT ( 'NONE', #1405 ) ;
#3640 = MECHANICAL_DESIGN_GEOMETRIC_PRESENTATION_REPRESENTATION (  '', ( #6846 ), #4594 ) ;
#3641 = LINE ( 'NONE', #6526, #4092 ) ;
#3642 = AXIS2_PLACEMENT_3D ( 'NONE', #5069, #6217, #423 ) ;
#3643 = DIRECTION ( 'NONE',  ( 1.748601263784619973E-15, 0.000000000000000000, 1.000000000000000000 ) ) ;
#3644 = CARTESIAN_POINT ( 'NONE',  ( 11.00000000000000000, 11.75000000000000000, -0.04999999999996149885 ) ) ;
#3645 =( LENGTH_UNIT ( ) NAMED_UNIT ( * ) SI_UNIT ( .MILLI., .METRE. ) );
#3646 =( NAMED_UNIT ( * ) PLANE_ANGLE_UNIT ( ) SI_UNIT ( $, .RADIAN. ) );
#3647 = VERTEX_POINT ( 'NONE', #1292 ) ;
#3648 = ORIENTED_EDGE ( 'NONE', *, *, #44, .F. ) ;
#3649 = PRESENTATION_STYLE_ASSIGNMENT (( #1378 ) ) ;
#3650 = CARTESIAN_POINT ( 'NONE',  ( 2.399999999999999911, 7.649999999999999467, 2.250000000000055067 ) ) ;
#3651 = FILL_AREA_STYLE_COLOUR ( '', #1902 ) ;
#3652 = DIRECTION ( 'NONE',  ( 1.644517855226009970E-15, -1.000000000000000000, -2.890435660536364970E-30 ) ) ;
#3653 = DIRECTION ( 'NONE',  ( 1.000000000000000000, 1.644517855226009970E-15, -1.748601263784619973E-15 ) ) ;
#3654 = CYLINDRICAL_SURFACE ( 'NONE', #6666, 0.9999999999999991118 ) ;
#3655 = EDGE_CURVE ( 'NONE', #5319, #7222, #3608, .T. ) ;
#3656 = ORIENTED_EDGE ( 'NONE', *, *, #6336, .T. ) ;
#3657 = ORIENTED_EDGE ( 'NONE', *, *, #1522, .F. ) ;
#3658 = VECTOR ( 'NONE', #353, 1000.000000000000000 ) ;
#3659 = DIRECTION ( 'NONE',  ( -1.000000000000000000, -1.644517855226009970E-15, 0.000000000000000000 ) ) ;
#3660 = DIRECTION ( 'NONE',  ( -0.9486832980505232049, 0.000000000000000000, 0.3162277660168096305 ) ) ;
#3661 = CARTESIAN_POINT ( 'NONE',  ( 1.800000000000000044, 8.144714285714309554, -3.649999999999944844 ) ) ;
#3662 = CARTESIAN_POINT ( 'NONE',  ( 1.250000000000021982, -0.2499999999999890088, 1.100000000000054046 ) ) ;
#3663 = COLOUR_RGB ( '',0.2862745098039215508, 0.6431372549019607199, 0.8666666666666666963 ) ;
#3664 = SURFACE_SIDE_STYLE ('',( #1396 ) ) ;
#3665 = DIRECTION ( 'NONE',  ( 1.748601263784619973E-15, 0.000000000000000000, 1.000000000000000000 ) ) ;
#3666 = AXIS2_PLACEMENT_3D ( 'NONE', #1118, #3441, #4619 ) ;
#3667 = ORIENTED_EDGE ( 'NONE', *, *, #2759, .F. ) ;
#3668 = ORIENTED_EDGE ( 'NONE', *, *, #4239, .T. ) ;
#3669 = EDGE_CURVE ( 'NONE', #4629, #3756, #1883, .T. ) ;
#3670 = FACE_OUTER_BOUND ( 'NONE', #5088, .T. ) ;
#3671 = CARTESIAN_POINT ( 'NONE',  ( 10.77585252445680020, 5.234484227007030199, -1.959537358218965242 ) ) ;
#3672 = DIRECTION ( 'NONE',  ( 1.644517855226009970E-15, -1.000000000000000000, -2.890435660536364970E-30 ) ) ;
#3673 =( NAMED_UNIT ( * ) SI_UNIT ( $, .STERADIAN. ) SOLID_ANGLE_UNIT ( ) );
#3674 =( LENGTH_UNIT ( ) NAMED_UNIT ( * ) SI_UNIT ( .MILLI., .METRE. ) );
#3675 = ADVANCED_FACE ( 'NONE', ( #3670 ), #841, .F. ) ;
#3676 = LINE ( 'NONE', #4232, #6037 ) ;
#3677 = AXIS2_PLACEMENT_3D ( 'NONE', #6513, #7067, #3759 ) ;
#3678 = FILL_AREA_STYLE ('',( #1298 ) ) ;
#3679 = SURFACE_STYLE_USAGE ( .BOTH. , #1272 ) ;
#3680 = EDGE_CURVE ( 'NONE', #6764, #342, #2471, .T. ) ;
#3681 = ORIENTED_EDGE ( 'NONE', *, *, #3267, .T. ) ;
#3682 = EDGE_CURVE ( 'NONE', #5584, #4928, #3641, .T. ) ;
#3683 = EDGE_LOOP ( 'NONE', ( #3225, #6616, #2305, #5507, #1227 ) ) ;
#3684 = LINE ( 'NONE', #2038, #3294 ) ;
#3685 = COLOUR_RGB ( '',0.2862745098039215508, 0.6431372549019607199, 0.8666666666666666963 ) ;
#3686 = STYLED_ITEM ( 'NONE', ( #299 ), #2442 ) ;
#3687 = PRESENTATION_STYLE_ASSIGNMENT (( #5392 ) ) ;
#3688 = CARTESIAN_POINT ( 'NONE',  ( 9.799999999999998934, 7.394714285714319324, 1.100000000000040057 ) ) ;
#3689 =( NAMED_UNIT ( * ) SI_UNIT ( $, .STERADIAN. ) SOLID_ANGLE_UNIT ( ) );
#3690 = ORIENTED_EDGE ( 'NONE', *, *, #44, .T. ) ;
#3691 = VERTEX_POINT ( 'NONE', #293 ) ;
#3692 = COLOUR_RGB ( '',1.000000000000000000, 1.000000000000000000, 1.000000000000000000 ) ;
#3693 = AXIS2_PLACEMENT_3D ( 'NONE', #7015, #5228, #1370 ) ;
#3694 = LINE ( 'NONE', #3112, #2012 ) ;
#3695 = PRESENTATION_LAYER_ASSIGNMENT (  '', '', ( #1073 ) ) ;
#3696 = SURFACE_SIDE_STYLE ('',( #4778 ) ) ;
#3697 =( NAMED_UNIT ( * ) PLANE_ANGLE_UNIT ( ) SI_UNIT ( $, .RADIAN. ) );
#3698 =( GEOMETRIC_REPRESENTATION_CONTEXT ( 3 ) GLOBAL_UNCERTAINTY_ASSIGNED_CONTEXT ( ( #3890 ) ) GLOBAL_UNIT_ASSIGNED_CONTEXT ( ( #2790, #626, #4448 ) ) REPRESENTATION_CONTEXT ( 'NONE', 'WORKASPACE' ) );
#3699 = LINE ( 'NONE', #2672, #3259 ) ;
#3700 = ADVANCED_FACE ( 'NONE', ( #2584 ), #7043, .F. ) ;
#3701 = DIRECTION ( 'NONE',  ( -1.748601263784619973E-15, 0.000000000000000000, -1.000000000000000000 ) ) ;
#3702 = ORIENTED_EDGE ( 'NONE', *, *, #5043, .F. ) ;
#3703 = CARTESIAN_POINT ( 'NONE',  ( 1.800000000000000044, 8.144714285714309554, -3.684999999999944986 ) ) ;
#3704 = AXIS2_PLACEMENT_3D ( 'NONE', #1561, #3311, #3818 ) ;
#3705 = PRESENTATION_STYLE_ASSIGNMENT (( #1439 ) ) ;
#3706 = DIRECTION ( 'NONE',  ( -1.000000000000000000, 0.000000000000000000, 1.748601263784619973E-15 ) ) ;
#3707 = AXIS2_PLACEMENT_3D ( 'NONE', #5174, #5282, #1307 ) ;
#3708 = ORIENTED_EDGE ( 'NONE', *, *, #5092, .F. ) ;
#3709 = EDGE_LOOP ( 'NONE', ( #4487, #277, #4244, #1797, #4728, #2333 ) ) ;
#3710 =( GEOMETRIC_REPRESENTATION_CONTEXT ( 3 ) GLOBAL_UNCERTAINTY_ASSIGNED_CONTEXT ( ( #2817 ) ) GLOBAL_UNIT_ASSIGNED_CONTEXT ( ( #3174, #6692, #3855 ) ) REPRESENTATION_CONTEXT ( 'NONE', 'WORKASPACE' ) );
#3711 = LINE ( 'NONE', #2688, #5597 ) ;
#3712 = CARTESIAN_POINT ( 'NONE',  ( 9.299999999999998934, 7.269714285714319324, -4.150000000000000355 ) ) ;
#3713 = FILL_AREA_STYLE_COLOUR ( '', #702 ) ;
#3714 = DIRECTION ( 'NONE',  ( 1.595945597898459947E-14, 2.337000431716910321E-29, 1.000000000000000000 ) ) ;
#3715 = MECHANICAL_DESIGN_GEOMETRIC_PRESENTATION_REPRESENTATION (  '', ( #7031 ), #1226 ) ;
#3716 = CIRCLE ( 'NONE', #5614, 1.000000000000000000 ) ;
#3717 = VECTOR ( 'NONE', #5607, 1000.000000000000000 ) ;
#3718 = CARTESIAN_POINT ( 'NONE',  ( 0.5000000000000129896, 0.7500000000000089928, -3.649999999999944844 ) ) ;
#3719 = EDGE_CURVE ( 'NONE', #2891, #1544, #1908, .T. ) ;
#3720 = CARTESIAN_POINT ( 'NONE',  ( 1.399516249111673938, 9.386410128057333324, 0.3500000000000547118 ) ) ;
#3721 = ORIENTED_EDGE ( 'NONE', *, *, #7317, .F. ) ;
#3722 = SURFACE_SIDE_STYLE ('',( #3143 ) ) ;
#3723 = SURFACE_STYLE_FILL_AREA ( #6735 ) ;
#3724 = SURFACE_STYLE_FILL_AREA ( #6501 ) ;
#3725 = DIRECTION ( 'NONE',  ( -0.7427813513546135393, 0.3713906757630057731, 0.5570860167300126786 ) ) ;
#3726 = CARTESIAN_POINT ( 'NONE',  ( 2.399999999999999911, 10.59999999999999964, 0.3500000000000534905 ) ) ;
#3727 = ORIENTED_EDGE ( 'NONE', *, *, #175, .T. ) ;
#3728 = VECTOR ( 'NONE', #5745, 1000.000000000000000 ) ;
#3729 = CARTESIAN_POINT ( 'NONE',  ( 9.799999999999998934, 7.894714285714319324, 0.6000000000000389466 ) ) ;
#3730 =( NAMED_UNIT ( * ) SI_UNIT ( $, .STERADIAN. ) SOLID_ANGLE_UNIT ( ) );
#3731 = CARTESIAN_POINT ( 'NONE',  ( -0.9999999999999820144, 3.750000000000000000, 2.650000000000059863 ) ) ;
#3732 = SURFACE_STYLE_FILL_AREA ( #2017 ) ;
#3733 = EDGE_CURVE ( 'NONE', #1768, #5399, #6075, .T. ) ;
#3734 = FACE_OUTER_BOUND ( 'NONE', #911, .T. ) ;
#3735 = STYLED_ITEM ( 'NONE', ( #1909 ), #3700 ) ;
#3736 = CARTESIAN_POINT ( 'NONE',  ( 1.955294117647000007, 8.144714285714309554, -3.684999999999949871 ) ) ;
#3737 = ORIENTED_EDGE ( 'NONE', *, *, #6376, .F. ) ;
#3738 = VECTOR ( 'NONE', #6274, 1000.000000000000000 ) ;
#3739 = MECHANICAL_DESIGN_GEOMETRIC_PRESENTATION_REPRESENTATION (  '', ( #5509 ), #6462 ) ;
#3740 =( GEOMETRIC_REPRESENTATION_CONTEXT ( 3 ) GLOBAL_UNCERTAINTY_ASSIGNED_CONTEXT ( ( #3563 ) ) GLOBAL_UNIT_ASSIGNED_CONTEXT ( ( #6369, #3005, #1897 ) ) REPRESENTATION_CONTEXT ( 'NONE', 'WORKASPACE' ) );
#3741 = ORIENTED_EDGE ( 'NONE', *, *, #3829, .F. ) ;
#3742 = ORIENTED_EDGE ( 'NONE', *, *, #6794, .T. ) ;
#3743 =( NAMED_UNIT ( * ) PLANE_ANGLE_UNIT ( ) SI_UNIT ( $, .RADIAN. ) );
#3744 = CARTESIAN_POINT ( 'NONE',  ( 0.09999999999999589773, 10.59999999999999964, -3.649999999999944844 ) ) ;
#3745 =( LENGTH_UNIT ( ) NAMED_UNIT ( * ) SI_UNIT ( .MILLI., .METRE. ) );
#3746 = PRESENTATION_LAYER_ASSIGNMENT (  '', '', ( #315 ) ) ;
#3747 = EDGE_CURVE ( 'NONE', #4877, #2872, #208, .T. ) ;
#3748 = DIRECTION ( 'NONE',  ( 0.9838699100999037661, 1.617991634378899823E-15, -0.1788854382000029664 ) ) ;
#3749 =( LENGTH_UNIT ( ) NAMED_UNIT ( * ) SI_UNIT ( .MILLI., .METRE. ) );
#3750 = ORIENTED_EDGE ( 'NONE', *, *, #3283, .T. ) ;
#3751 = CARTESIAN_POINT ( 'NONE',  ( 11.00000000000000000, 11.75000000000000000, 1.750000000000034861 ) ) ;
#3752 = CARTESIAN_POINT ( 'NONE',  ( 1.955294117647009999, 8.144714285714309554, 1.315000000000052127 ) ) ;
#3753 = SURFACE_SIDE_STYLE ('',( #1499 ) ) ;
#3754 = ORIENTED_EDGE ( 'NONE', *, *, #6439, .F. ) ;
#3755 = LINE ( 'NONE', #3874, #775 ) ;
#3756 = VERTEX_POINT ( 'NONE', #3773 ) ;
#3757 = ADVANCED_FACE ( 'NONE', ( #2172 ), #4339, .F. ) ;
#3758 = DIRECTION ( 'NONE',  ( -0.7071067811865960895, -1.162849727212750109E-15, 0.7071067811864990560 ) ) ;
#3759 = DIRECTION ( 'NONE',  ( -1.748601263784619973E-15, 0.000000000000000000, -1.000000000000000000 ) ) ;
#3760 = DIRECTION ( 'NONE',  ( -1.734723475976808672E-15, 1.000000000000000000, 0.000000000000000000 ) ) ;
#3761 = EDGE_CURVE ( 'NONE', #5997, #1108, #1483, .T. ) ;
#3762 = ORIENTED_EDGE ( 'NONE', *, *, #849, .T. ) ;
#3763 =( NAMED_UNIT ( * ) SI_UNIT ( $, .STERADIAN. ) SOLID_ANGLE_UNIT ( ) );
#3764 = VECTOR ( 'NONE', #5366, 1000.000000000000000 ) ;
#3765 = DIRECTION ( 'NONE',  ( -1.644517855226009970E-15, 1.000000000000000000, 0.000000000000000000 ) ) ;
#3766 = ORIENTED_EDGE ( 'NONE', *, *, #6367, .F. ) ;
#3767 = DIRECTION ( 'NONE',  ( -1.644517855226009970E-15, 1.000000000000000000, 2.890435660536364970E-30 ) ) ;
#3768 = EDGE_CURVE ( 'NONE', #1152, #7222, #951, .T. ) ;
#3769 = PRESENTATION_LAYER_ASSIGNMENT (  '', '', ( #5312 ) ) ;
#3770 = VECTOR ( 'NONE', #4275, 1000.000000000000000 ) ;
#3771 = ORIENTED_EDGE ( 'NONE', *, *, #7005, .T. ) ;
#3772 = EDGE_LOOP ( 'NONE', ( #3021, #5928, #3495, #5000 ) ) ;
#3773 = CARTESIAN_POINT ( 'NONE',  ( 0.7500000000000109912, -0.2499999999999905076, -4.399999999999945288 ) ) ;
#3774 = STYLED_ITEM ( 'NONE', ( #5314 ), #4917 ) ;
#3775 = CARTESIAN_POINT ( 'NONE',  ( 1.399999999999999911, 8.959999999999999076, -4.643862328994940114 ) ) ;
#3776 = PLANE ( 'NONE',  #2990 ) ;
#3777 = VECTOR ( 'NONE', #223, 1000.000000000000000 ) ;
#3778 = STYLED_ITEM ( 'NONE', ( #5019 ), #5429 ) ;
#3779 = DIRECTION ( 'NONE',  ( -1.801095893066400286E-14, -1.000000000000000000, 3.147915588756020553E-29 ) ) ;
#3780 = LINE ( 'NONE', #4910, #5097 ) ;
#3781 = PRESENTATION_STYLE_ASSIGNMENT (( #891 ) ) ;
#3782 = ORIENTED_EDGE ( 'NONE', *, *, #6979, .T. ) ;
#3783 = ADVANCED_FACE ( 'NONE', ( #7187 ), #4551, .F. ) ;
#3784 = CARTESIAN_POINT ( 'NONE',  ( 8.000000000000000000, 12.25000000000000000, -6.649999999999999467 ) ) ;
#3785 = FACE_OUTER_BOUND ( 'NONE', #5826, .T. ) ;
#3786 = CARTESIAN_POINT ( 'NONE',  ( 9.700000000000001066, 10.59999999999999964, -6.649999999999999467 ) ) ;
#3787 = SURFACE_SIDE_STYLE ('',( #5357 ) ) ;
#3788 =( LENGTH_UNIT ( ) NAMED_UNIT ( * ) SI_UNIT ( .MILLI., .METRE. ) );
#3789 = PRESENTATION_LAYER_ASSIGNMENT (  '', '', ( #7335 ) ) ;
#3790 = COLOUR_RGB ( '',0.2862745098039215508, 0.6431372549019607199, 0.8666666666666666963 ) ;
#3791 = VERTEX_POINT ( 'NONE', #4732 ) ;
#3792 = CARTESIAN_POINT ( 'NONE',  ( -0.1999999993500030104, 8.599999999630808745, -4.739999997784940966 ) ) ;
#3793 = VECTOR ( 'NONE', #5015, 1000.000000000000000 ) ;
#3794 = EDGE_LOOP ( 'NONE', ( #2633, #6381, #2711, #6401 ) ) ;
#3795 = DIRECTION ( 'NONE',  ( -1.000000000000000000, -1.679596676000170044E-15, 1.714231179114525165E-15 ) ) ;
#3796 = PLANE ( 'NONE',  #6165 ) ;
#3797 = CARTESIAN_POINT ( 'NONE',  ( 0.7250000000000119682, 6.200000000000000178, 1.365000000000055946 ) ) ;
#3798 = AXIS2_PLACEMENT_3D ( 'NONE', #4841, #2391, #5905 ) ;
#3799 = VECTOR ( 'NONE', #7266, 1000.000000000000000 ) ;
#3800 = ORIENTED_EDGE ( 'NONE', *, *, #1269, .F. ) ;
#3801 = EDGE_CURVE ( 'NONE', #7064, #1513, #1250, .T. ) ;
#3802 = EDGE_LOOP ( 'NONE', ( #184, #864, #2092, #1461 ) ) ;
#3803 = DIRECTION ( 'NONE',  ( 1.000000000000000000, 1.644517855226009970E-15, -1.764125568789975075E-15 ) ) ;
#3804 = PRESENTATION_LAYER_ASSIGNMENT (  '', '', ( #5729 ) ) ;
#3805 = STYLED_ITEM ( 'NONE', ( #7166 ), #1279 ) ;
#3806 = MECHANICAL_DESIGN_GEOMETRIC_PRESENTATION_REPRESENTATION (  '', ( #2993 ), #1691 ) ;
#3807 =( NAMED_UNIT ( * ) PLANE_ANGLE_UNIT ( ) SI_UNIT ( $, .RADIAN. ) );
#3808 = LINE ( 'NONE', #3736, #5002 ) ;
#3809 = ORIENTED_EDGE ( 'NONE', *, *, #1403, .T. ) ;
#3810 = EDGE_CURVE ( 'NONE', #5480, #4241, #6284, .T. ) ;
#3811 = DIRECTION ( 'NONE',  ( 1.748601263784619973E-15, 0.000000000000000000, 1.000000000000000000 ) ) ;
#3812 = DIRECTION ( 'NONE',  ( 1.000000000000000000, 1.644517855226009970E-15, -1.748601263784619973E-15 ) ) ;
#3813 = ORIENTED_EDGE ( 'NONE', *, *, #1656, .T. ) ;
#3814 = ORIENTED_EDGE ( 'NONE', *, *, #3349, .T. ) ;
#3815 = DIRECTION ( 'NONE',  ( 0.05547001409258989213, 9.122142860490535144E-17, -0.9984603535126309604 ) ) ;
#3816 = UNCERTAINTY_MEASURE_WITH_UNIT (LENGTH_MEASURE( 1.000000000000000082E-05 ), #2533, 'distance_accuracy_value', 'NONE');
#3817 = STYLED_ITEM ( 'NONE', ( #591 ), #6316 ) ;
#3818 = DIRECTION ( 'NONE',  ( -1.000000000000000000, -1.734723475976807094E-15, 1.734723475976807094E-15 ) ) ;
#3819 = ADVANCED_FACE ( 'NONE', ( #6332 ), #3038, .F. ) ;
#3820 = FACE_OUTER_BOUND ( 'NONE', #4162, .T. ) ;
#3821 = VECTOR ( 'NONE', #5332, 1000.000000000000000 ) ;
#3822 =( GEOMETRIC_REPRESENTATION_CONTEXT ( 3 ) GLOBAL_UNCERTAINTY_ASSIGNED_CONTEXT ( ( #5633 ) ) GLOBAL_UNIT_ASSIGNED_CONTEXT ( ( #3879, #2197, #5144 ) ) REPRESENTATION_CONTEXT ( 'NONE', 'WORKASPACE' ) );
#3823 =( LENGTH_UNIT ( ) NAMED_UNIT ( * ) SI_UNIT ( .MILLI., .METRE. ) );
#3824 = ORIENTED_EDGE ( 'NONE', *, *, #4781, .F. ) ;
#3825 =( LENGTH_UNIT ( ) NAMED_UNIT ( * ) SI_UNIT ( .MILLI., .METRE. ) );
#3826 = CARTESIAN_POINT ( 'NONE',  ( 0.1000000000000124123, 7.649999999999999467, 3.350000000000055156 ) ) ;
#3827 = FILL_AREA_STYLE_COLOUR ( '', #956 ) ;
#3828 = CARTESIAN_POINT ( 'NONE',  ( -1.000000000000000000, 11.54999999999999893, 3.350000000000055156 ) ) ;
#3829 = EDGE_CURVE ( 'NONE', #6350, #1090, #2456, .T. ) ;
#3830 = DIRECTION ( 'NONE',  ( 1.748601263784619973E-15, 0.000000000000000000, 1.000000000000000000 ) ) ;
#3831 = COLOUR_RGB ( '',0.2862745098039215508, 0.6431372549019607199, 0.8666666666666666963 ) ;
#3832 = ADVANCED_FACE ( 'NONE', ( #687 ), #4105, .F. ) ;
#3833 = CARTESIAN_POINT ( 'NONE',  ( 8.000000000000000000, 12.25000000000000000, -6.649999999999999467 ) ) ;
#3834 = ORIENTED_EDGE ( 'NONE', *, *, #906, .F. ) ;
#3835 = SURFACE_STYLE_FILL_AREA ( #3373 ) ;
#3836 =( NAMED_UNIT ( * ) PLANE_ANGLE_UNIT ( ) SI_UNIT ( $, .RADIAN. ) );
#3837 = PLANE ( 'NONE',  #2548 ) ;
#3838 = CARTESIAN_POINT ( 'NONE',  ( 9.700000000000001066, 10.59999999999999964, 1.550000000000039790 ) ) ;
#3839 = EDGE_LOOP ( 'NONE', ( #5559, #2520, #3901, #4792 ) ) ;
#3840 =( GEOMETRIC_REPRESENTATION_CONTEXT ( 3 ) GLOBAL_UNCERTAINTY_ASSIGNED_CONTEXT ( ( #2397 ) ) GLOBAL_UNIT_ASSIGNED_CONTEXT ( ( #2427, #6370, #5322 ) ) REPRESENTATION_CONTEXT ( 'NONE', 'WORKASPACE' ) );
#3841 = ORIENTED_EDGE ( 'NONE', *, *, #3768, .T. ) ;
#3842 = CYLINDRICAL_SURFACE ( 'NONE', #68, 2.950000000000000178 ) ;
#3843 =( GEOMETRIC_REPRESENTATION_CONTEXT ( 3 ) GLOBAL_UNCERTAINTY_ASSIGNED_CONTEXT ( ( #103 ) ) GLOBAL_UNIT_ASSIGNED_CONTEXT ( ( #4636, #6157, #668 ) ) REPRESENTATION_CONTEXT ( 'NONE', 'WORKASPACE' ) );
#3844 = LINE ( 'NONE', #4962, #560 ) ;
#3845 =( NAMED_UNIT ( * ) PLANE_ANGLE_UNIT ( ) SI_UNIT ( $, .RADIAN. ) );
#3846 = ORIENTED_EDGE ( 'NONE', *, *, #4297, .T. ) ;
#3847 = SURFACE_SIDE_STYLE ('',( #3307 ) ) ;
#3848 = FILL_AREA_STYLE ('',( #5593 ) ) ;
#3849 = UNCERTAINTY_MEASURE_WITH_UNIT (LENGTH_MEASURE( 1.000000000000000082E-05 ), #4584, 'distance_accuracy_value', 'NONE');
#3850 = VECTOR ( 'NONE', #3779, 1000.000000000000000 ) ;
#3851 = VERTEX_POINT ( 'NONE', #4165 ) ;
#3852 = CARTESIAN_POINT ( 'NONE',  ( 2.399999999999999911, 5.400000000000000355, -6.271320343559949606 ) ) ;
#3853 = PRESENTATION_STYLE_ASSIGNMENT (( #5014 ) ) ;
#3854 = COLOUR_RGB ( '',0.2862745098039215508, 0.6431372549019607199, 0.8666666666666666963 ) ;
#3855 =( NAMED_UNIT ( * ) SI_UNIT ( $, .STERADIAN. ) SOLID_ANGLE_UNIT ( ) );
#3856 =( NAMED_UNIT ( * ) PLANE_ANGLE_UNIT ( ) SI_UNIT ( $, .RADIAN. ) );
#3857 = CARTESIAN_POINT ( 'NONE',  ( 11.00000000000000000, 11.75000000000000000, -6.649999999999999467 ) ) ;
#3858 = CIRCLE ( 'NONE', #3166, 1.300000000000000266 ) ;
#3859 = VERTEX_POINT ( 'NONE', #2527 ) ;
#3860 = STYLED_ITEM ( 'NONE', ( #1838 ), #1854 ) ;
#3861 = CARTESIAN_POINT ( 'NONE',  ( 1.800000000000000044, 6.844714285714309732, 1.350000000000052047 ) ) ;
#3862 =( NAMED_UNIT ( * ) SI_UNIT ( $, .STERADIAN. ) SOLID_ANGLE_UNIT ( ) );
#3863 = FILL_AREA_STYLE ('',( #6656 ) ) ;
#3864 = ORIENTED_EDGE ( 'NONE', *, *, #3303, .F. ) ;
#3865 =( LENGTH_UNIT ( ) NAMED_UNIT ( * ) SI_UNIT ( .MILLI., .METRE. ) );
#3866 = COLOUR_RGB ( '',0.2862745098039215508, 0.6431372549019607199, 0.8666666666666666963 ) ;
#3867 =( NAMED_UNIT ( * ) SI_UNIT ( $, .STERADIAN. ) SOLID_ANGLE_UNIT ( ) );
#3868 = CARTESIAN_POINT ( 'NONE',  ( 2.500000000000000000, 3.750000000000000000, -2.349999999999950351 ) ) ;
#3869 =( NAMED_UNIT ( * ) SI_UNIT ( $, .STERADIAN. ) SOLID_ANGLE_UNIT ( ) );
#3870 = SURFACE_STYLE_FILL_AREA ( #2767 ) ;
#3871 = ADVANCED_FACE ( 'NONE', ( #4776 ), #3074, .T. ) ;
#3872 = PLANE ( 'NONE',  #3115 ) ;
#3873 = COLOUR_RGB ( '',0.2862745098039215508, 0.6431372549019607199, 0.8666666666666666963 ) ;
#3874 = CARTESIAN_POINT ( 'NONE',  ( 0.1000000000000045991, 7.100000000000000533, -2.149999999999944844 ) ) ;
#3875 = COLOUR_RGB ( '',0.2862745098039215508, 0.6431372549019607199, 0.8666666666666666963 ) ;
#3876 = ORIENTED_EDGE ( 'NONE', *, *, #3349, .F. ) ;
#3877 = CARTESIAN_POINT ( 'NONE',  ( 1.500000000000000000, 4.200000000000000178, -4.649999999999939959 ) ) ;
#3878 = EDGE_CURVE ( 'NONE', #1445, #2650, #5038, .T. ) ;
#3879 =( LENGTH_UNIT ( ) NAMED_UNIT ( * ) SI_UNIT ( .MILLI., .METRE. ) );
#3880 = VECTOR ( 'NONE', #236, 1000.000000000000000 ) ;
#3881 = CARTESIAN_POINT ( 'NONE',  ( 0.7500000000000000000, 8.200000000000001066, -4.639999999999999680 ) ) ;
#3882 = ORIENTED_EDGE ( 'NONE', *, *, #5780, .T. ) ;
#3883 = EDGE_LOOP ( 'NONE', ( #266, #934, #6477, #7087, #5893 ) ) ;
#3884 = VERTEX_POINT ( 'NONE', #27 ) ;
#3885 = DIRECTION ( 'NONE',  ( -2.323290369613454866E-15, 0.3928571428582997016, -0.9195995135412010635 ) ) ;
#3886 = PRESENTATION_STYLE_ASSIGNMENT (( #2206 ) ) ;
#3887 = CARTESIAN_POINT ( 'NONE',  ( -0.5999999999999999778, 10.75000000000000000, -0.9499999999999400035 ) ) ;
#3888 = LINE ( 'NONE', #5073, #4289 ) ;
#3889 = DIRECTION ( 'NONE',  ( -1.000000000000000000, -1.644517855226009970E-15, 1.748601263784619973E-15 ) ) ;
#3890 = UNCERTAINTY_MEASURE_WITH_UNIT (LENGTH_MEASURE( 1.000000000000000082E-05 ), #2790, 'distance_accuracy_value', 'NONE');
#3891 =( LENGTH_UNIT ( ) NAMED_UNIT ( * ) SI_UNIT ( .MILLI., .METRE. ) );
#3892 = VERTEX_POINT ( 'NONE', #3389 ) ;
#3893 = FILL_AREA_STYLE ('',( #4004 ) ) ;
#3894 = DIRECTION ( 'NONE',  ( 6.930567231222539704E-14, 1.168500215858619925E-28, -1.000000000000000000 ) ) ;
#3895 = VECTOR ( 'NONE', #5783, 1000.000000000000000 ) ;
#3896 = EDGE_CURVE ( 'NONE', #2878, #4481, #985, .T. ) ;
#3897 = ORIENTED_EDGE ( 'NONE', *, *, #2946, .F. ) ;
#3898 = STYLED_ITEM ( 'NONE', ( #4695 ), #4883 ) ;
#3899 =( NAMED_UNIT ( * ) PLANE_ANGLE_UNIT ( ) SI_UNIT ( $, .RADIAN. ) );
#3900 = SURFACE_STYLE_FILL_AREA ( #4458 ) ;
#3901 = ORIENTED_EDGE ( 'NONE', *, *, #582, .F. ) ;
#3902 =( NAMED_UNIT ( * ) PLANE_ANGLE_UNIT ( ) SI_UNIT ( $, .RADIAN. ) );
#3903 = FACE_OUTER_BOUND ( 'NONE', #3172, .T. ) ;
#3904 = CARTESIAN_POINT ( 'NONE',  ( 1.399999999999999911, 9.599999999999999645, -4.649999999999939959 ) ) ;
#3905 =( NAMED_UNIT ( * ) SI_UNIT ( $, .STERADIAN. ) SOLID_ANGLE_UNIT ( ) );
#3906 = DIRECTION ( 'NONE',  ( -1.748601263784619973E-15, 0.000000000000000000, -1.000000000000000000 ) ) ;
#3907 = MECHANICAL_DESIGN_GEOMETRIC_PRESENTATION_REPRESENTATION (  '', ( #5094 ), #1777 ) ;
#3908 = AXIS2_PLACEMENT_3D ( 'NONE', #6662, #5536, #448 ) ;
#3909 = ORIENTED_EDGE ( 'NONE', *, *, #6383, .T. ) ;
#3910 = VECTOR ( 'NONE', #5733, 1000.000000000000000 ) ;
#3911 = DIRECTION ( 'NONE',  ( -0.9994801143396996324, -1.639714474223878959E-15, -0.03224129401095723185 ) ) ;
#3912 = VERTEX_POINT ( 'NONE', #4480 ) ;
#3913 =( NAMED_UNIT ( * ) PLANE_ANGLE_UNIT ( ) SI_UNIT ( $, .RADIAN. ) );
#3914 = DIRECTION ( 'NONE',  ( -1.748601263784619973E-15, 1.482966057179082177E-32, -1.000000000000000000 ) ) ;
#3915 = CARTESIAN_POINT ( 'NONE',  ( 9.799999999999998934, 7.394714285714319324, -4.400000000000000355 ) ) ;
#3916 = ORIENTED_EDGE ( 'NONE', *, *, #5375, .F. ) ;
#3917 = VERTEX_POINT ( 'NONE', #1139 ) ;
#3918 = PRESENTATION_LAYER_ASSIGNMENT (  '', '', ( #6164 ) ) ;
#3919 =( NAMED_UNIT ( * ) PLANE_ANGLE_UNIT ( ) SI_UNIT ( $, .RADIAN. ) );
#3920 = ORIENTED_EDGE ( 'NONE', *, *, #3810, .F. ) ;
#3921 = CARTESIAN_POINT ( 'NONE',  ( 3.950000000000000178, 7.649999999999999467, 2.200000000000049916 ) ) ;
#3922 = LINE ( 'NONE', #3419, #7324 ) ;
#3923 = CYLINDRICAL_SURFACE ( 'NONE', #2327, 2.949999999999999734 ) ;
#3924 = AXIS2_PLACEMENT_3D ( 'NONE', #3305, #5004, #4963 ) ;
#3925 = PRESENTATION_LAYER_ASSIGNMENT (  '', '', ( #5709 ) ) ;
#3926 = FILL_AREA_STYLE_COLOUR ( '', #2901 ) ;
#3927 = ADVANCED_FACE ( 'NONE', ( #6114 ), #6071, .T. ) ;
#3928 = AXIS2_PLACEMENT_3D ( 'NONE', #7280, #2836, #1575 ) ;
#3929 = FACE_OUTER_BOUND ( 'NONE', #6049, .T. ) ;
#3930 = COLOUR_RGB ( '',0.2862745098039215508, 0.6431372549019607199, 0.8666666666666666963 ) ;
#3931 = ADVANCED_FACE ( 'NONE', ( #3929 ), #4968, .F. ) ;
#3932 = CARTESIAN_POINT ( 'NONE',  ( 1.398548747334995790, 8.959230384172011341, -4.649999999999939959 ) ) ;
#3933 = CARTESIAN_POINT ( 'NONE',  ( 2.399999999999999911, 5.400000000000000355, -2.028679656439949852 ) ) ;
#3934 =( GEOMETRIC_REPRESENTATION_CONTEXT ( 3 ) GLOBAL_UNCERTAINTY_ASSIGNED_CONTEXT ( ( #4560 ) ) GLOBAL_UNIT_ASSIGNED_CONTEXT ( ( #2015, #318, #5425 ) ) REPRESENTATION_CONTEXT ( 'NONE', 'WORKASPACE' ) );
#3935 =( LENGTH_UNIT ( ) NAMED_UNIT ( * ) SI_UNIT ( .MILLI., .METRE. ) );
#3936 = VECTOR ( 'NONE', #3665, 1000.000000000000000 ) ;
#3937 = ORIENTED_EDGE ( 'NONE', *, *, #6963, .T. ) ;
#3938 =( NAMED_UNIT ( * ) SI_UNIT ( $, .STERADIAN. ) SOLID_ANGLE_UNIT ( ) );
#3939 = DIRECTION ( 'NONE',  ( 0.000000000000000000, -1.000000000000000000, -1.644517855225774890E-15 ) ) ;
#3940 = ORIENTED_EDGE ( 'NONE', *, *, #4603, .T. ) ;
#3941 = SURFACE_STYLE_FILL_AREA ( #5567 ) ;
#3942 = DIRECTION ( 'NONE',  ( 1.644517855226009970E-15, -1.000000000000000000, -2.890435660536364970E-30 ) ) ;
#3943 = SURFACE_SIDE_STYLE ('',( #1693 ) ) ;
#3944 = CARTESIAN_POINT ( 'NONE',  ( 9.700000000000001066, 10.59999999999999964, 1.550000000000039790 ) ) ;
#3945 = DIRECTION ( 'NONE',  ( -1.748601263784619973E-15, 0.000000000000000000, -1.000000000000000000 ) ) ;
#3946 = AXIS2_PLACEMENT_3D ( 'NONE', #4861, #878, #6601 ) ;
#3947 = MECHANICAL_DESIGN_GEOMETRIC_PRESENTATION_REPRESENTATION (  '', ( #2893 ), #5244 ) ;
#3948 = ORIENTED_EDGE ( 'NONE', *, *, #6859, .T. ) ;
#3949 = EDGE_CURVE ( 'NONE', #4413, #2376, #3538, .T. ) ;
#3950 = MECHANICAL_DESIGN_GEOMETRIC_PRESENTATION_REPRESENTATION (  '', ( #4175 ), #1716 ) ;
#3951 =( LENGTH_UNIT ( ) NAMED_UNIT ( * ) SI_UNIT ( .MILLI., .METRE. ) );
#3952 =( NAMED_UNIT ( * ) SI_UNIT ( $, .STERADIAN. ) SOLID_ANGLE_UNIT ( ) );
#3953 = ORIENTED_EDGE ( 'NONE', *, *, #2470, .T. ) ;
#3954 =( GEOMETRIC_REPRESENTATION_CONTEXT ( 3 ) GLOBAL_UNCERTAINTY_ASSIGNED_CONTEXT ( ( #1800 ) ) GLOBAL_UNIT_ASSIGNED_CONTEXT ( ( #755, #5740, #6991 ) ) REPRESENTATION_CONTEXT ( 'NONE', 'WORKASPACE' ) );
#3955 = VERTEX_POINT ( 'NONE', #138 ) ;
#3956 =( GEOMETRIC_REPRESENTATION_CONTEXT ( 3 ) GLOBAL_UNCERTAINTY_ASSIGNED_CONTEXT ( ( #3052 ) ) GLOBAL_UNIT_ASSIGNED_CONTEXT ( ( #3384, #4555, #1714 ) ) REPRESENTATION_CONTEXT ( 'NONE', 'WORKASPACE' ) );
#3957 = FACE_OUTER_BOUND ( 'NONE', #499, .T. ) ;
#3958 = EDGE_CURVE ( 'NONE', #463, #6166, #765, .T. ) ;
#3959 = CIRCLE ( 'NONE', #2070, 1.399999999999999023 ) ;
#3960 = SURFACE_STYLE_FILL_AREA ( #498 ) ;
#3961 = FACE_OUTER_BOUND ( 'NONE', #4360, .T. ) ;
#3962 = ORIENTED_EDGE ( 'NONE', *, *, #5136, .F. ) ;
#3963 =( NAMED_UNIT ( * ) PLANE_ANGLE_UNIT ( ) SI_UNIT ( $, .RADIAN. ) );
#3964 = B_SPLINE_CURVE_WITH_KNOTS ( 'NONE', 3,
 ( #6004, #5382, #4307, #262 ),
 .UNSPECIFIED., .F., .F.,
 ( 4, 4 ),
 ( 0.000000000000000000, 1.000000000000000000 ),
 .UNSPECIFIED. ) ;
#3965 =( GEOMETRIC_REPRESENTATION_CONTEXT ( 3 ) GLOBAL_UNCERTAINTY_ASSIGNED_CONTEXT ( ( #4219 ) ) GLOBAL_UNIT_ASSIGNED_CONTEXT ( ( #5904, #1493, #3100 ) ) REPRESENTATION_CONTEXT ( 'NONE', 'WORKASPACE' ) );
#3966 = UNCERTAINTY_MEASURE_WITH_UNIT (LENGTH_MEASURE( 1.000000000000000082E-05 ), #2298, 'distance_accuracy_value', 'NONE');
#3967 =( LENGTH_UNIT ( ) NAMED_UNIT ( * ) SI_UNIT ( .MILLI., .METRE. ) );
#3968 = VECTOR ( 'NONE', #3046, 1000.000000000000000 ) ;
#3969 = UNCERTAINTY_MEASURE_WITH_UNIT (LENGTH_MEASURE( 1.000000000000000082E-05 ), #2007, 'distance_accuracy_value', 'NONE');
#3970 = LINE ( 'NONE', #3354, #4671 ) ;
#3971 = CARTESIAN_POINT ( 'NONE',  ( 1.399999999999999911, 9.599999999999999645, 0.3500000000000550449 ) ) ;
#3972 = MECHANICAL_DESIGN_GEOMETRIC_PRESENTATION_REPRESENTATION (  '', ( #1480 ), #3843 ) ;
#3973 = ORIENTED_EDGE ( 'NONE', *, *, #1647, .F. ) ;
#3974 = CARTESIAN_POINT ( 'NONE',  ( 1.800000000000000044, 6.844714285714309732, -3.649999999999944844 ) ) ;
#3975 = DIRECTION ( 'NONE',  ( 0.7071067811864966135, 1.162849727212586223E-15, -0.7071067811865984210 ) ) ;
#3976 = SURFACE_STYLE_USAGE ( .BOTH. , #6310 ) ;
#3977 = ORIENTED_EDGE ( 'NONE', *, *, #4658, .F. ) ;
#3978 = LINE ( 'NONE', #5725, #5717 ) ;
#3979 =( NAMED_UNIT ( * ) SI_UNIT ( $, .STERADIAN. ) SOLID_ANGLE_UNIT ( ) );
#3980 = SURFACE_STYLE_FILL_AREA ( #593 ) ;
#3981 = FACE_OUTER_BOUND ( 'NONE', #1748, .T. ) ;
#3982 = ORIENTED_EDGE ( 'NONE', *, *, #3236, .T. ) ;
#3983 = COLOUR_RGB ( '',0.2862745098039215508, 0.6431372549019607199, 0.8666666666666666963 ) ;
#3984 = VERTEX_POINT ( 'NONE', #5256 ) ;
#3985 = FILL_AREA_STYLE ('',( #599 ) ) ;
#3986 = VECTOR ( 'NONE', #5024, 1000.000000000000000 ) ;
#3987 = FACE_OUTER_BOUND ( 'NONE', #2076, .T. ) ;
#3988 = DIRECTION ( 'NONE',  ( 1.892425610156516974E-15, 0.000000000000000000, 1.000000000000000000 ) ) ;
#3989 = SURFACE_SIDE_STYLE ('',( #2807 ) ) ;
#3990 = SURFACE_SIDE_STYLE ('',( #1586 ) ) ;
#3991 = VERTEX_POINT ( 'NONE', #1322 ) ;
#3992 =( GEOMETRIC_REPRESENTATION_CONTEXT ( 3 ) GLOBAL_UNCERTAINTY_ASSIGNED_CONTEXT ( ( #723 ) ) GLOBAL_UNIT_ASSIGNED_CONTEXT ( ( #2307, #4539, #4059 ) ) REPRESENTATION_CONTEXT ( 'NONE', 'WORKASPACE' ) );
#3993 = ADVANCED_FACE ( 'NONE', ( #2396 ), #4075, .F. ) ;
#3994 = SURFACE_STYLE_FILL_AREA ( #1249 ) ;
#3995 = DIRECTION ( 'NONE',  ( 1.644517855226009970E-15, -1.000000000000000000, -2.890435660536364970E-30 ) ) ;
#3996 = EDGE_CURVE ( 'NONE', #2452, #4500, #729, .T. ) ;
#3997 = ORIENTED_EDGE ( 'NONE', *, *, #1051, .T. ) ;
#3998 = CARTESIAN_POINT ( 'NONE',  ( 11.00000000000000000, 7.450000000000000178, 0.8500000000000369482 ) ) ;
#3999 = UNCERTAINTY_MEASURE_WITH_UNIT (LENGTH_MEASURE( 1.000000000000000082E-05 ), #1528, 'distance_accuracy_value', 'NONE');
#4000 = CARTESIAN_POINT ( 'NONE',  ( 11.00000000000000000, 5.200000000000000178, -1.354540768504961967 ) ) ;
#4001 = PRODUCT ( 'TBP04R1-500-02BE', 'TBP04R1-500-02BE', '', ( #770 ) ) ;
#4002 = EDGE_CURVE ( 'NONE', #2692, #7244, #117, .T. ) ;
#4003 = UNCERTAINTY_MEASURE_WITH_UNIT (LENGTH_MEASURE( 1.000000000000000082E-05 ), #1258, 'distance_accuracy_value', 'NONE');
#4004 = FILL_AREA_STYLE_COLOUR ( '', #5591 ) ;
#4005 =( NAMED_UNIT ( * ) SI_UNIT ( $, .STERADIAN. ) SOLID_ANGLE_UNIT ( ) );
#4006 = CYLINDRICAL_SURFACE ( 'NONE', #70, 1.400000000000000133 ) ;
#4007 = SURFACE_STYLE_USAGE ( .BOTH. , #1146 ) ;
#4008 = ORIENTED_EDGE ( 'NONE', *, *, #3247, .T. ) ;
#4009 = PRESENTATION_LAYER_ASSIGNMENT (  '', '', ( #4484 ) ) ;
#4010 = UNCERTAINTY_MEASURE_WITH_UNIT (LENGTH_MEASURE( 1.000000000000000082E-05 ), #2929, 'distance_accuracy_value', 'NONE');
#4011 = LINE ( 'NONE', #633, #5461 ) ;
#4012 = PLANE ( 'NONE',  #173 ) ;
#4013 = ORIENTED_EDGE ( 'NONE', *, *, #2462, .F. ) ;
#4014 = CARTESIAN_POINT ( 'NONE',  ( 11.00000000000000000, 11.09999999999999964, 4.950000000000000178 ) ) ;
#4015 = PRESENTATION_STYLE_ASSIGNMENT (( #5418 ) ) ;
#4016 = CARTESIAN_POINT ( 'NONE',  ( 8.800000000000000711, 8.144714285714329094, -3.649999999999999911 ) ) ;
#4017 = DIRECTION ( 'NONE',  ( -0.9994801143396995213, -1.643662893974968971E-15, 0.03224129401096067354 ) ) ;
#4018 = ADVANCED_FACE ( 'NONE', ( #6931 ), #4048, .F. ) ;
#4019 = LINE ( 'NONE', #3479, #3910 ) ;
#4020 = CARTESIAN_POINT ( 'NONE',  ( 0.5000000000000199840, 0.7500000000000089928, 0.3500000000000569877 ) ) ;
#4021 =( LENGTH_UNIT ( ) NAMED_UNIT ( * ) SI_UNIT ( .MILLI., .METRE. ) );
#4022 = FILL_AREA_STYLE ('',( #4697 ) ) ;
#4023 = AXIS2_PLACEMENT_3D ( 'NONE', #119, #2419, #6917 ) ;
#4024 = ORIENTED_EDGE ( 'NONE', *, *, #6705, .F. ) ;
#4025 = VECTOR ( 'NONE', #1801, 1000.000000000000000 ) ;
#4026 = DIRECTION ( 'NONE',  ( -0.8933250006747831540, 0.4466625002858895521, 0.04962916489078050830 ) ) ;
#4027 = CARTESIAN_POINT ( 'NONE',  ( 2.399999999999999911, 5.400000000000000355, -2.028679656439949852 ) ) ;
#4028 = LINE ( 'NONE', #1217, #3435 ) ;
#4029 = PRESENTATION_STYLE_ASSIGNMENT (( #2430 ) ) ;
#4030 = FACE_BOUND ( 'NONE', #1771, .T. ) ;
#4031 = EDGE_CURVE ( 'NONE', #2156, #6674, #588, .T. ) ;
#4032 = VECTOR ( 'NONE', #320, 1000.000000000000000 ) ;
#4033 = STYLED_ITEM ( 'NONE', ( #6827 ), #877 ) ;
#4034 = ADVANCED_FACE ( 'NONE', ( #6732 ), #4012, .F. ) ;
#4035 = AXIS2_PLACEMENT_3D ( 'NONE', #3552, #1916, #3582 ) ;
#4036 = STYLED_ITEM ( 'NONE', ( #6529 ), #5258 ) ;
#4037 = CARTESIAN_POINT ( 'NONE',  ( 0.7400000000000129807, 4.200000000000000178, 0.3500000000000550449 ) ) ;
#4038 = UNCERTAINTY_MEASURE_WITH_UNIT (LENGTH_MEASURE( 1.000000000000000082E-05 ), #2856, 'distance_accuracy_value', 'NONE');
#4039 = LINE ( 'NONE', #6094, #2874 ) ;
#4040 = FACE_OUTER_BOUND ( 'NONE', #4042, .T. ) ;
#4041 = MECHANICAL_DESIGN_GEOMETRIC_PRESENTATION_REPRESENTATION (  '', ( #5823 ), #3111 ) ;
#4042 = EDGE_LOOP ( 'NONE', ( #5510, #5012, #6847, #3315, #6993, #2787 ) ) ;
#4043 = CYLINDRICAL_SURFACE ( 'NONE', #994, 1.300000000000000711 ) ;
#4044 = VECTOR ( 'NONE', #5420, 1000.000000000000000 ) ;
#4045 = ORIENTED_EDGE ( 'NONE', *, *, #3680, .F. ) ;
#4046 = PRESENTATION_LAYER_ASSIGNMENT (  '', '', ( #2175 ) ) ;
#4047 = CARTESIAN_POINT ( 'NONE',  ( 2.399999999999999911, 10.59999999999999964, 0.3500000000000534905 ) ) ;
#4048 = PLANE ( 'NONE',  #3519 ) ;
#4049 = ORIENTED_EDGE ( 'NONE', *, *, #4182, .T. ) ;
#4050 = EDGE_CURVE ( 'NONE', #4720, #2044, #7274, .T. ) ;
#4051 = DIRECTION ( 'NONE',  ( -1.000000000000000000, 0.000000000000000000, 1.748601263784619973E-15 ) ) ;
#4052 = MECHANICAL_DESIGN_GEOMETRIC_PRESENTATION_REPRESENTATION (  '', ( #4286 ), #252 ) ;
#4053 = CARTESIAN_POINT ( 'NONE',  ( 9.799999999999998934, 7.394714285714319324, 0.6000000000000389466 ) ) ;
#4054 = CARTESIAN_POINT ( 'NONE',  ( 0.1000000000000061950, 5.400000000000000355, -2.149999999999944844 ) ) ;
#4055 = LINE ( 'NONE', #42, #3339 ) ;
#4056 = STYLED_ITEM ( 'NONE', ( #1478 ), #783 ) ;
#4057 = EDGE_LOOP ( 'NONE', ( #4087, #2813, #476, #666 ) ) ;
#4058 =( GEOMETRIC_REPRESENTATION_CONTEXT ( 3 ) GLOBAL_UNCERTAINTY_ASSIGNED_CONTEXT ( ( #5184 ) ) GLOBAL_UNIT_ASSIGNED_CONTEXT ( ( #1635, #3845, #567 ) ) REPRESENTATION_CONTEXT ( 'NONE', 'WORKASPACE' ) );
#4059 =( NAMED_UNIT ( * ) SI_UNIT ( $, .STERADIAN. ) SOLID_ANGLE_UNIT ( ) );
#4060 = DIRECTION ( 'NONE',  ( -1.748601263784619973E-15, 0.000000000000000000, -1.000000000000000000 ) ) ;
#4061 = CARTESIAN_POINT ( 'NONE',  ( 2.399999999999999911, 7.100000000000000533, -6.649999999999999467 ) ) ;
#4062 = FILL_AREA_STYLE ('',( #712 ) ) ;
#4063 = VECTOR ( 'NONE', #6646, 1000.000000000000000 ) ;
#4064 = SURFACE_SIDE_STYLE ('',( #6816 ) ) ;
#4065 = VERTEX_POINT ( 'NONE', #2259 ) ;
#4066 = ADVANCED_FACE ( 'NONE', ( #6763 ), #2101, .T. ) ;
#4067 = CARTESIAN_POINT ( 'NONE',  ( 0.1000000000000098033, 8.200000000000001066, 2.824841765813054906 ) ) ;
#4068 =( LENGTH_UNIT ( ) NAMED_UNIT ( * ) SI_UNIT ( .MILLI., .METRE. ) );
#4069 = PRESENTATION_STYLE_ASSIGNMENT (( #3103 ) ) ;
#4070 =( NAMED_UNIT ( * ) PLANE_ANGLE_UNIT ( ) SI_UNIT ( $, .RADIAN. ) );
#4071 = FILL_AREA_STYLE ('',( #5750 ) ) ;
#4072 = UNCERTAINTY_MEASURE_WITH_UNIT (LENGTH_MEASURE( 1.000000000000000082E-05 ), #873, 'distance_accuracy_value', 'NONE');
#4073 = DIRECTION ( 'NONE',  ( 1.242865905043146123E-15, 0.2682926829271117253, 0.9633374467380431128 ) ) ;
#4074 = EDGE_CURVE ( 'NONE', #1526, #7172, #5682, .T. ) ;
#4075 = PLANE ( 'NONE',  #5858 ) ;
#4076 = COLOUR_RGB ( '',1.000000000000000000, 1.000000000000000000, 1.000000000000000000 ) ;
#4077 = VECTOR ( 'NONE', #1153, 1000.000000000000114 ) ;
#4078 = UNCERTAINTY_MEASURE_WITH_UNIT (LENGTH_MEASURE( 1.000000000000000082E-05 ), #4130, 'distance_accuracy_value', 'NONE');
#4079 = LINE ( 'NONE', #4037, #6536 ) ;
#4080 =( LENGTH_UNIT ( ) NAMED_UNIT ( * ) SI_UNIT ( .MILLI., .METRE. ) );
#4081 = FILL_AREA_STYLE ('',( #4710 ) ) ;
#4082 = STYLED_ITEM ( 'NONE', ( #5179 ), #3819 ) ;
#4083 = ORIENTED_EDGE ( 'NONE', *, *, #4031, .T. ) ;
#4084 = SURFACE_STYLE_USAGE ( .BOTH. , #4569 ) ;
#4085 = LINE ( 'NONE', #5197, #6290 ) ;
#4086 =( NAMED_UNIT ( * ) PLANE_ANGLE_UNIT ( ) SI_UNIT ( $, .RADIAN. ) );
#4087 = ORIENTED_EDGE ( 'NONE', *, *, #2477, .T. ) ;
#4088 = LINE ( 'NONE', #4686, #6061 ) ;
#4089 = SURFACE_STYLE_USAGE ( .BOTH. , #6389 ) ;
#4090 = DIRECTION ( 'NONE',  ( -1.000000000000000000, -1.644517855226009970E-15, 1.748601263784619973E-15 ) ) ;
#4091 = SURFACE_STYLE_FILL_AREA ( #1808 ) ;
#4092 = VECTOR ( 'NONE', #1368, 1000.000000000000000 ) ;
#4093 = FILL_AREA_STYLE_COLOUR ( '', #2357 ) ;
#4094 = PRESENTATION_STYLE_ASSIGNMENT (( #3584 ) ) ;
#4095 = EDGE_CURVE ( 'NONE', #532, #7244, #6515, .T. ) ;
#4096 = LINE ( 'NONE', #5205, #180 ) ;
#4097 = DIRECTION ( 'NONE',  ( 0.5999999999999999778, 9.867107131356032605E-16, -0.8000000000000000444 ) ) ;
#4098 = DIRECTION ( 'NONE',  ( 1.748601263784619973E-15, 0.000000000000000000, 1.000000000000000000 ) ) ;
#4099 = B_SPLINE_CURVE_WITH_KNOTS ( 'NONE', 3,
 ( #5324, #3116, #2640, #5401, #319, #3594, #7066, #2531 ),
 .UNSPECIFIED., .F., .F.,
 ( 4, 1, 1, 1, 1, 4 ),
 ( 0.000000000000000000, 0.2000000000000000111, 0.4000000000000000222, 0.5999999999999999778, 0.8000000000000000444, 1.000000000000000000 ),
 .UNSPECIFIED. ) ;
#4100 = ORIENTED_EDGE ( 'NONE', *, *, #1364, .T. ) ;
#4101 = ORIENTED_EDGE ( 'NONE', *, *, #5992, .F. ) ;
#4102 = AXIS2_PLACEMENT_3D ( 'NONE', #2606, #1421, #2045 ) ;
#4103 = LINE ( 'NONE', #4550, #4210 ) ;
#4104 = VECTOR ( 'NONE', #7113, 1000.000000000000000 ) ;
#4105 = PLANE ( 'NONE',  #1474 ) ;
#4106 = ADVANCED_FACE ( 'NONE', ( #4893 ), #5373, .F. ) ;
#4107 = CARTESIAN_POINT ( 'NONE',  ( 1.500000000000000000, 4.200000000000000178, -3.649999999999944844 ) ) ;
#4108 = FACE_OUTER_BOUND ( 'NONE', #1346, .T. ) ;
#4109 = VECTOR ( 'NONE', #4892, 1000.000000000000000 ) ;
#4110 = LINE ( 'NONE', #5294, #616 ) ;
#4111 = CARTESIAN_POINT ( 'NONE',  ( 2.399999999999999911, 8.200000000000001066, 2.137439318958050283 ) ) ;
#4112 = ORIENTED_EDGE ( 'NONE', *, *, #300, .F. ) ;
#4113 = DIRECTION ( 'NONE',  ( -1.644517855226009970E-15, 1.000000000000000000, 2.875605999964574846E-30 ) ) ;
#4114 = DIRECTION ( 'NONE',  ( 1.000000000000000000, 1.644517855226009970E-15, -1.748601263784619973E-15 ) ) ;
#4115 = ORIENTED_EDGE ( 'NONE', *, *, #2716, .T. ) ;
#4116 =( NAMED_UNIT ( * ) PLANE_ANGLE_UNIT ( ) SI_UNIT ( $, .RADIAN. ) );
#4117 =( NAMED_UNIT ( * ) PLANE_ANGLE_UNIT ( ) SI_UNIT ( $, .RADIAN. ) );
#4118 = EDGE_CURVE ( 'NONE', #5066, #3465, #7108, .T. ) ;
#4119 = COLOUR_RGB ( '',1.000000000000000000, 1.000000000000000000, 1.000000000000000000 ) ;
#4120 = FILL_AREA_STYLE ('',( #4694 ) ) ;
#4121 = CIRCLE ( 'NONE', #2838, 1.399999999999999467 ) ;
#4122 = CARTESIAN_POINT ( 'NONE',  ( 9.299999999999998934, 7.644714285714299784, 1.225000000000039835 ) ) ;
#4123 = SURFACE_STYLE_FILL_AREA ( #5808 ) ;
#4124 = STYLED_ITEM ( 'NONE', ( #2961 ), #4795 ) ;
#4125 = VERTEX_POINT ( 'NONE', #4857 ) ;
#4126 = ORIENTED_EDGE ( 'NONE', *, *, #3400, .F. ) ;
#4127 = CARTESIAN_POINT ( 'NONE',  ( 9.799999999999998934, 7.394714285714319324, -3.899999999999999911 ) ) ;
#4128 = ADVANCED_FACE ( 'NONE', ( #7072 ), #286, .T. ) ;
#4129 = VECTOR ( 'NONE', #5025, 1000.000000000000000 ) ;
#4130 =( LENGTH_UNIT ( ) NAMED_UNIT ( * ) SI_UNIT ( .MILLI., .METRE. ) );
#4131 = UNCERTAINTY_MEASURE_WITH_UNIT (LENGTH_MEASURE( 1.000000000000000082E-05 ), #3645, 'distance_accuracy_value', 'NONE');
#4132 = CARTESIAN_POINT ( 'NONE',  ( 1.500000000000000000, 4.200000000000000178, 1.350000000000052047 ) ) ;
#4133 = FILL_AREA_STYLE ('',( #4736 ) ) ;
#4134 = LINE ( 'NONE', #1319, #2512 ) ;
#4135 = FILL_AREA_STYLE_COLOUR ( '', #2323 ) ;
#4136 = PRESENTATION_LAYER_ASSIGNMENT (  '', '', ( #3778 ) ) ;
#4137 = CARTESIAN_POINT ( 'NONE',  ( 9.908938232858011119, 5.367855656478020876, -1.284958033527960009 ) ) ;
#4138 = CARTESIAN_POINT ( 'NONE',  ( 11.00000000000000000, 11.75000000000000000, -3.249999999999964917 ) ) ;
#4139 = UNCERTAINTY_MEASURE_WITH_UNIT (LENGTH_MEASURE( 1.000000000000000082E-05 ), #4718, 'distance_accuracy_value', 'NONE');
#4140 = EDGE_CURVE ( 'NONE', #6582, #523, #4249, .T. ) ;
#4141 = CARTESIAN_POINT ( 'NONE',  ( -1.000000000000000000, 10.75000000000000000, -5.950000000000000178 ) ) ;
#4142 = CARTESIAN_POINT ( 'NONE',  ( 9.700000000000001066, 12.25000000000000000, -3.449999999999960210 ) ) ;
#4143 = STYLED_ITEM ( 'NONE', ( #5062 ), #1091 ) ;
#4144 = EDGE_CURVE ( 'NONE', #3300, #6279, #325, .T. ) ;
#4145 = ORIENTED_EDGE ( 'NONE', *, *, #3238, .T. ) ;
#4146 = AXIS2_PLACEMENT_3D ( 'NONE', #5573, #1000, #3326 ) ;
#4147 =( NAMED_UNIT ( * ) SI_UNIT ( $, .STERADIAN. ) SOLID_ANGLE_UNIT ( ) );
#4148 = CARTESIAN_POINT ( 'NONE',  ( 0.7000000000000130562, 4.200000000000000178, 0.3100000000000550093 ) ) ;
#4149 = ORIENTED_EDGE ( 'NONE', *, *, #6540, .T. ) ;
#4150 = CARTESIAN_POINT ( 'NONE',  ( 9.700000000000001066, 12.25000000000000000, 0.1500000000000384637 ) ) ;
#4151 = FACE_OUTER_BOUND ( 'NONE', #3229, .T. ) ;
#4152 = LINE ( 'NONE', #6427, #1678 ) ;
#4153 = COLOUR_RGB ( '',1.000000000000000000, 1.000000000000000000, 1.000000000000000000 ) ;
#4154 =( GEOMETRIC_REPRESENTATION_CONTEXT ( 3 ) GLOBAL_UNCERTAINTY_ASSIGNED_CONTEXT ( ( #2465 ) ) GLOBAL_UNIT_ASSIGNED_CONTEXT ( ( #754, #2450, #1275 ) ) REPRESENTATION_CONTEXT ( 'NONE', 'WORKASPACE' ) );
#4155 = VECTOR ( 'NONE', #1694, 1000.000000000000000 ) ;
#4156 = AXIS2_PLACEMENT_3D ( 'NONE', #513, #3975, #3939 ) ;
#4157 =( NAMED_UNIT ( * ) SI_UNIT ( $, .STERADIAN. ) SOLID_ANGLE_UNIT ( ) );
#4158 = PLANE ( 'NONE',  #7328 ) ;
#4159 = CARTESIAN_POINT ( 'NONE',  ( 1.000000000000000000, 0.2500000000000099920, -4.525000000000000355 ) ) ;
#4160 = EDGE_LOOP ( 'NONE', ( #3358, #867, #4568, #3416 ) ) ;
#4161 = VECTOR ( 'NONE', #5331, 1000.000000000000000 ) ;
#4162 = EDGE_LOOP ( 'NONE', ( #4337, #265, #1277, #3982, #127, #4399, #810, #3301 ) ) ;
#4163 = DIRECTION ( 'NONE',  ( 0.9984603535126308493, 1.641985879086794733E-15, 0.05547001409258998927 ) ) ;
#4164 = COLOUR_RGB ( '',0.2862745098039215508, 0.6431372549019607199, 0.8666666666666666963 ) ;
#4165 = CARTESIAN_POINT ( 'NONE',  ( 11.00000000000000000, 11.75000000000000000, 1.750000000000034861 ) ) ;
#4166 = ORIENTED_EDGE ( 'NONE', *, *, #4741, .F. ) ;
#4167 = DIRECTION ( 'NONE',  ( -1.748601263784619973E-15, 0.000000000000000000, -1.000000000000000000 ) ) ;
#4168 = LINE ( 'NONE', #1936, #5835 ) ;
#4169 = LINE ( 'NONE', #170, #6645 ) ;
#4170 = FILL_AREA_STYLE ('',( #4135 ) ) ;
#4171 = VECTOR ( 'NONE', #1222, 1000.000000000000000 ) ;
#4172 =( GEOMETRIC_REPRESENTATION_CONTEXT ( 3 ) GLOBAL_UNCERTAINTY_ASSIGNED_CONTEXT ( ( #6450 ) ) GLOBAL_UNIT_ASSIGNED_CONTEXT ( ( #715, #3032, #1245 ) ) REPRESENTATION_CONTEXT ( 'NONE', 'WORKASPACE' ) );
#4173 = LINE ( 'NONE', #6556, #4346 ) ;
#4174 = ORIENTED_EDGE ( 'NONE', *, *, #274, .T. ) ;
#4175 = STYLED_ITEM ( 'NONE', ( #4706 ), #6930 ) ;
#4176 = CARTESIAN_POINT ( 'NONE',  ( 0.1000000000000000056, 8.200000000000001066, -2.175158234186945094 ) ) ;
#4177 = CARTESIAN_POINT ( 'NONE',  ( 0.7500000000000000000, 8.200000000000001066, -4.639999999999999680 ) ) ;
#4178 = FILL_AREA_STYLE_COLOUR ( '', #2297 ) ;
#4179 = VECTOR ( 'NONE', #2777, 1000.000000000000000 ) ;
#4180 = ORIENTED_EDGE ( 'NONE', *, *, #2578, .T. ) ;
#4181 =( NAMED_UNIT ( * ) SI_UNIT ( $, .STERADIAN. ) SOLID_ANGLE_UNIT ( ) );
#4182 = EDGE_CURVE ( 'NONE', #5689, #899, #109, .T. ) ;
#4183 = PLANE ( 'NONE',  #1201 ) ;
#4184 = AXIS2_PLACEMENT_3D ( 'NONE', #7134, #6615, #2083 ) ;
#4185 = DIRECTION ( 'NONE',  ( -1.748601263784619973E-15, 0.000000000000000000, -1.000000000000000000 ) ) ;
#4186 = CARTESIAN_POINT ( 'NONE',  ( 11.00000000000000000, 3.750000000000000000, 3.350000000000055156 ) ) ;
#4187 = MECHANICAL_DESIGN_GEOMETRIC_PRESENTATION_REPRESENTATION (  '', ( #1726 ), #1599 ) ;
#4188 = DIRECTION ( 'NONE',  ( -1.748601263784619973E-15, 0.000000000000000000, -1.000000000000000000 ) ) ;
#4189 = COLOUR_RGB ( '',0.2862745098039215508, 0.6431372549019607199, 0.8666666666666666963 ) ;
#4190 = FILL_AREA_STYLE_COLOUR ( '', #1811 ) ;
#4191 = ORIENTED_EDGE ( 'NONE', *, *, #5502, .T. ) ;
#4192 = ORIENTED_EDGE ( 'NONE', *, *, #6864, .F. ) ;
#4193 = DIRECTION ( 'NONE',  ( 1.000000000000000000, 1.644517855226009970E-15, -1.748601263784619973E-15 ) ) ;
#4194 = DIRECTION ( 'NONE',  ( -2.168404344971010446E-15, 0.3928571428571054347, -0.9195995135417112110 ) ) ;
#4195 = FILL_AREA_STYLE_COLOUR ( '', #1406 ) ;
#4196 = FACE_OUTER_BOUND ( 'NONE', #5700, .T. ) ;
#4197 = LINE ( 'NONE', #6471, #4283 ) ;
#4198 = FILL_AREA_STYLE_COLOUR ( '', #757 ) ;
#4199 = ORIENTED_EDGE ( 'NONE', *, *, #3337, .T. ) ;
#4200 = VERTEX_POINT ( 'NONE', #3921 ) ;
#4201 = MECHANICAL_DESIGN_GEOMETRIC_PRESENTATION_REPRESENTATION (  '', ( #1485 ), #298 ) ;
#4202 = DIRECTION ( 'NONE',  ( 1.000000000000000000, 1.651397032329129883E-15, -1.746007854299335063E-15 ) ) ;
#4203 = ORIENTED_EDGE ( 'NONE', *, *, #1923, .F. ) ;
#4204 = COLOUR_RGB ( '',0.2862745098039215508, 0.6431372549019607199, 0.8666666666666666963 ) ;
#4205 = DIRECTION ( 'NONE',  ( 1.000000000000000000, 1.671710213541675110E-15, -1.812253102458569861E-15 ) ) ;
#4206 = VECTOR ( 'NONE', #3241, 1000.000000000000000 ) ;
#4207 = CARTESIAN_POINT ( 'NONE',  ( 1.955294117647009999, 8.144714285714309554, 1.315000000000052127 ) ) ;
#4208 = CARTESIAN_POINT ( 'NONE',  ( 11.00000000000000000, 11.75000000000000000, -3.249999999999964917 ) ) ;
#4209 = FILL_AREA_STYLE ('',( #6592 ) ) ;
#4210 = VECTOR ( 'NONE', #2853, 1000.000000000000000 ) ;
#4211 = EDGE_CURVE ( 'NONE', #2036, #3639, #2678, .T. ) ;
#4212 =( GEOMETRIC_REPRESENTATION_CONTEXT ( 3 ) GLOBAL_UNCERTAINTY_ASSIGNED_CONTEXT ( ( #4519 ) ) GLOBAL_UNIT_ASSIGNED_CONTEXT ( ( #4080, #1223, #5157 ) ) REPRESENTATION_CONTEXT ( 'NONE', 'WORKASPACE' ) );
#4213 = FILL_AREA_STYLE ('',( #2054 ) ) ;
#4214 = EDGE_CURVE ( 'NONE', #5028, #3912, #4439, .T. ) ;
#4215 = VECTOR ( 'NONE', #2192, 1000.000000000000000 ) ;
#4216 = DIRECTION ( 'NONE',  ( -0.9984603535126307383, -1.641985879086794536E-15, 0.05547001409259337545 ) ) ;
#4217 = LINE ( 'NONE', #4932, #7127 ) ;
#4218 = LINE ( 'NONE', #5200, #6298 ) ;
#4219 = UNCERTAINTY_MEASURE_WITH_UNIT (LENGTH_MEASURE( 1.000000000000000082E-05 ), #5904, 'distance_accuracy_value', 'NONE');
#4220 = MECHANICAL_DESIGN_GEOMETRIC_PRESENTATION_REPRESENTATION (  '', ( #5529 ), #2474 ) ;
#4221 = ORIENTED_EDGE ( 'NONE', *, *, #6779, .T. ) ;
#4222 = ADVANCED_FACE ( 'NONE', ( #5033 ), #6790, .F. ) ;
#4223 = EDGE_CURVE ( 'NONE', #3851, #649, #6110, .T. ) ;
#4224 = ORIENTED_EDGE ( 'NONE', *, *, #6143, .F. ) ;
#4225 = VECTOR ( 'NONE', #161, 999.9999999999998863 ) ;
#4226 =( NAMED_UNIT ( * ) PLANE_ANGLE_UNIT ( ) SI_UNIT ( $, .RADIAN. ) );
#4227 = SURFACE_SIDE_STYLE ('',( #1954 ) ) ;
#4228 = COLOUR_RGB ( '',0.2862745098039215508, 0.6431372549019607199, 0.8666666666666666963 ) ;
#4229 = LINE ( 'NONE', #222, #1577 ) ;
#4230 = FILL_AREA_STYLE ('',( #260 ) ) ;
#4231 = LINE ( 'NONE', #2590, #3449 ) ;
#4232 = CARTESIAN_POINT ( 'NONE',  ( 1.500000000000000000, 8.200000000000001066, 1.340000000000054037 ) ) ;
#4233 = CARTESIAN_POINT ( 'NONE',  ( 11.00000000000000000, 12.25000000000000000, 8.349999999999999645 ) ) ;
#4234 = EDGE_LOOP ( 'NONE', ( #969, #4847, #5479, #5273, #1612 ) ) ;
#4235 =( NAMED_UNIT ( * ) PLANE_ANGLE_UNIT ( ) SI_UNIT ( $, .RADIAN. ) );
#4236 = DIRECTION ( 'NONE',  ( 1.748601263784619973E-15, 3.033339662409899972E-30, 1.000000000000000000 ) ) ;
#4237 = ORIENTED_EDGE ( 'NONE', *, *, #5530, .T. ) ;
#4238 = LINE ( 'NONE', #5948, #2061 ) ;
#4239 = EDGE_CURVE ( 'NONE', #5319, #598, #2783, .T. ) ;
#4240 = PRESENTATION_STYLE_ASSIGNMENT (( #7058 ) ) ;
#4241 = VERTEX_POINT ( 'NONE', #3382 ) ;
#4242 = ORIENTED_EDGE ( 'NONE', *, *, #1251, .T. ) ;
#4243 = DIRECTION ( 'NONE',  ( -1.748601263784619973E-15, 0.000000000000000000, -1.000000000000000000 ) ) ;
#4244 = ORIENTED_EDGE ( 'NONE', *, *, #641, .T. ) ;
#4245 = AXIS2_PLACEMENT_3D ( 'NONE', #1012, #5551, #3885 ) ;
#4246 = CARTESIAN_POINT ( 'NONE',  ( 8.000000000000000000, 11.54999999999999893, -6.649999999999999467 ) ) ;
#4247 = DIRECTION ( 'NONE',  ( -1.734723475976810053E-15, 2.407412430484085049E-32, -1.000000000000000000 ) ) ;
#4248 = VECTOR ( 'NONE', #231, 1000.000000000000000 ) ;
#4249 = LINE ( 'NONE', #2644, #5754 ) ;
#4250 = EDGE_CURVE ( 'NONE', #3884, #2702, #3844, .T. ) ;
#4251 = DIRECTION ( 'NONE',  ( -1.748601263784619973E-15, 0.000000000000000000, -1.000000000000000000 ) ) ;
#4252 = FACE_OUTER_BOUND ( 'NONE', #5311, .T. ) ;
#4253 = DIRECTION ( 'NONE',  ( -1.644517855226009970E-15, 1.000000000000000000, 2.890435660536364970E-30 ) ) ;
#4254 = STYLED_ITEM ( 'NONE', ( #2881 ), #4990 ) ;
#4255 = EDGE_CURVE ( 'NONE', #7178, #5584, #1548, .T. ) ;
#4256 = EDGE_LOOP ( 'NONE', ( #3579, #5351, #5869, #4336, #5145, #2523 ) ) ;
#4257 = ORIENTED_EDGE ( 'NONE', *, *, #2155, .T. ) ;
#4258 = CARTESIAN_POINT ( 'NONE',  ( 10.34999999999999964, 5.299999999999999822, 3.350000000000040057 ) ) ;
#4259 = FACE_OUTER_BOUND ( 'NONE', #2839, .T. ) ;
#4260 = DIRECTION ( 'NONE',  ( 0.000000000000000000, 0.000000000000000000, 1.000000000000000000 ) ) ;
#4261 = LINE ( 'NONE', #3024, #6638 ) ;
#4262 = CARTESIAN_POINT ( 'NONE',  ( 11.00000000000000000, 7.649999999999999467, -4.649999999999999467 ) ) ;
#4263 = VECTOR ( 'NONE', #1995, 1000.000000000000000 ) ;
#4264 =( GEOMETRIC_REPRESENTATION_CONTEXT ( 3 ) GLOBAL_UNCERTAINTY_ASSIGNED_CONTEXT ( ( #1015 ) ) GLOBAL_UNIT_ASSIGNED_CONTEXT ( ( #3296, #5101, #2118 ) ) REPRESENTATION_CONTEXT ( 'NONE', 'WORKASPACE' ) );
#4265 = VECTOR ( 'NONE', #2847, 1000.000000000000000 ) ;
#4266 = DIRECTION ( 'NONE',  ( 0.2425356250363080723, 3.988541659006109431E-16, -0.9701425001453382047 ) ) ;
#4267 = EDGE_CURVE ( 'NONE', #5950, #1658, #7215, .T. ) ;
#4268 = DIRECTION ( 'NONE',  ( -1.644517855226014900E-15, 1.000000000000000000, 0.000000000000000000 ) ) ;
#4269 = ORIENTED_EDGE ( 'NONE', *, *, #5078, .F. ) ;
#4270 = EDGE_LOOP ( 'NONE', ( #2850, #6812, #2586, #6105, #5171, #5577, #6802, #3977, #1593, #980, #5616, #6232 ) ) ;
#4271 = CARTESIAN_POINT ( 'NONE',  ( 9.700000000000001066, 10.59999999999999964, 0.1500000000000389910 ) ) ;
#4272 = CIRCLE ( 'NONE', #601, 1.399999999999999023 ) ;
#4273 =( GEOMETRIC_REPRESENTATION_CONTEXT ( 3 ) GLOBAL_UNCERTAINTY_ASSIGNED_CONTEXT ( ( #4744 ) ) GLOBAL_UNIT_ASSIGNED_CONTEXT ( ( #3935, #6759, #1103 ) ) REPRESENTATION_CONTEXT ( 'NONE', 'WORKASPACE' ) );
#4274 = SURFACE_SIDE_STYLE ('',( #2039 ) ) ;
#4275 = DIRECTION ( 'NONE',  ( 0.9486832980505230939, 1.560126622598785489E-15, -0.3162277660168100746 ) ) ;
#4276 = SURFACE_STYLE_USAGE ( .BOTH. , #3787 ) ;
#4277 = CARTESIAN_POINT ( 'NONE',  ( 1.500000000000000000, 8.109625349781609316, -4.639999999999999680 ) ) ;
#4278 = ORIENTED_EDGE ( 'NONE', *, *, #2819, .T. ) ;
#4279 = ORIENTED_EDGE ( 'NONE', *, *, #4836, .T. ) ;
#4280 = PRESENTATION_LAYER_ASSIGNMENT (  '', '', ( #131 ) ) ;
#4281 = CARTESIAN_POINT ( 'NONE',  ( -0.1999999927999960014, 4.200000000000000178, -4.739999994599940258 ) ) ;
#4282 = EDGE_CURVE ( 'NONE', #4454, #2236, #7270, .T. ) ;
#4283 = VECTOR ( 'NONE', #1383, 1000.000000000000000 ) ;
#4284 = LINE ( 'NONE', #6551, #4851 ) ;
#4285 = MECHANICAL_DESIGN_GEOMETRIC_PRESENTATION_REPRESENTATION (  '', ( #486 ), #3934 ) ;
#4286 = STYLED_ITEM ( 'NONE', ( #3853 ), #5818 ) ;
#4287 =( NAMED_UNIT ( * ) PLANE_ANGLE_UNIT ( ) SI_UNIT ( $, .RADIAN. ) );
#4288 = VECTOR ( 'NONE', #801, 1000.000000000000000 ) ;
#4289 = VECTOR ( 'NONE', #3451, 1000.000000000000000 ) ;
#4290 = CARTESIAN_POINT ( 'NONE',  ( 0.1000000000000045991, 10.59999999999999964, 1.350000000000056044 ) ) ;
#4291 = VERTEX_POINT ( 'NONE', #6680 ) ;
#4292 = PRESENTATION_STYLE_ASSIGNMENT (( #1475 ) ) ;
#4293 = ORIENTED_EDGE ( 'NONE', *, *, #829, .T. ) ;
#4294 = SURFACE_STYLE_FILL_AREA ( #6066 ) ;
#4295 =( GEOMETRIC_REPRESENTATION_CONTEXT ( 3 ) GLOBAL_UNCERTAINTY_ASSIGNED_CONTEXT ( ( #657 ) ) GLOBAL_UNIT_ASSIGNED_CONTEXT ( ( #3571, #2466, #5223 ) ) REPRESENTATION_CONTEXT ( 'NONE', 'WORKASPACE' ) );
#4296 =( GEOMETRIC_REPRESENTATION_CONTEXT ( 3 ) GLOBAL_UNCERTAINTY_ASSIGNED_CONTEXT ( ( #6686 ) ) GLOBAL_UNIT_ASSIGNED_CONTEXT ( ( #1870, #97, #6334 ) ) REPRESENTATION_CONTEXT ( 'NONE', 'WORKASPACE' ) );
#4297 = EDGE_CURVE ( 'NONE', #3056, #6620, #2493, .T. ) ;
#4298 = SURFACE_STYLE_FILL_AREA ( #328 ) ;
#4299 = FACE_OUTER_BOUND ( 'NONE', #3394, .T. ) ;
#4300 = AXIS2_PLACEMENT_3D ( 'NONE', #1663, #2738, #2273 ) ;
#4301 = VERTEX_POINT ( 'NONE', #6182 ) ;
#4302 = ORIENTED_EDGE ( 'NONE', *, *, #5915, .T. ) ;
#4303 = VECTOR ( 'NONE', #2252, 1000.000000000000000 ) ;
#4304 = CARTESIAN_POINT ( 'NONE',  ( 1.177367964970996050, 8.200000000001310241, -5.557930201026950456 ) ) ;
#4305 = FILL_AREA_STYLE_COLOUR ( '', #726 ) ;
#4306 =( NAMED_UNIT ( * ) SI_UNIT ( $, .STERADIAN. ) SOLID_ANGLE_UNIT ( ) );
#4307 = CARTESIAN_POINT ( 'NONE',  ( 0.7466439969400100463, 7.606602420031610023, 1.343356003061055848 ) ) ;
#4308 = MECHANICAL_DESIGN_GEOMETRIC_PRESENTATION_REPRESENTATION (  '', ( #3498 ), #5608 ) ;
#4309 = COLOUR_RGB ( '',0.2862745098039215508, 0.6431372549019607199, 0.8666666666666666963 ) ;
#4310 = ADVANCED_FACE ( 'NONE', ( #1046 ), #98, .T. ) ;
#4311 = FACE_OUTER_BOUND ( 'NONE', #3306, .T. ) ;
#4312 = SURFACE_SIDE_STYLE ('',( #4977 ) ) ;
#4313 = ORIENTED_EDGE ( 'NONE', *, *, #201, .T. ) ;
#4314 = DIRECTION ( 'NONE',  ( -1.644517855226009970E-15, 1.000000000000000000, 2.875605999964574846E-30 ) ) ;
#4315 = VERTEX_POINT ( 'NONE', #2354 ) ;
#4316 = FILL_AREA_STYLE ('',( #4918 ) ) ;
#4317 = FILL_AREA_STYLE_COLOUR ( '', #6447 ) ;
#4318 = VECTOR ( 'NONE', #6431, 1000.000000000000000 ) ;
#4319 = EDGE_LOOP ( 'NONE', ( #238, #1026, #4537, #4733 ) ) ;
#4320 = EDGE_CURVE ( 'NONE', #6657, #6166, #1074, .T. ) ;
#4321 = PRESENTATION_LAYER_ASSIGNMENT (  '', '', ( #5752 ) ) ;
#4322 = CARTESIAN_POINT ( 'NONE',  ( 1.300000000000000044, 7.100000000000000533, -0.7499999999999450440 ) ) ;
#4323 = EDGE_CURVE ( 'NONE', #4629, #3892, #1167, .T. ) ;
#4324 = EDGE_LOOP ( 'NONE', ( #2043, #7013, #2224, #5045 ) ) ;
#4325 = CARTESIAN_POINT ( 'NONE',  ( 9.700000000000001066, 10.59999999999999964, 0.1500000000000389910 ) ) ;
#4326 = CARTESIAN_POINT ( 'NONE',  ( -1.000000000000000000, 10.75000000000000000, -5.950000000000000178 ) ) ;
#4327 =( NAMED_UNIT ( * ) SI_UNIT ( $, .STERADIAN. ) SOLID_ANGLE_UNIT ( ) );
#4328 = MECHANICAL_DESIGN_GEOMETRIC_PRESENTATION_REPRESENTATION (  '', ( #6821 ), #6339 ) ;
#4329 = VERTEX_POINT ( 'NONE', #20 ) ;
#4330 = DIRECTION ( 'NONE',  ( 1.644517855226009970E-15, -1.000000000000000000, -2.890435660536364970E-30 ) ) ;
#4331 = STYLED_ITEM ( 'NONE', ( #4489 ), #3614 ) ;
#4332 = ORIENTED_EDGE ( 'NONE', *, *, #1114, .F. ) ;
#4333 =( NAMED_UNIT ( * ) SI_UNIT ( $, .STERADIAN. ) SOLID_ANGLE_UNIT ( ) );
#4334 =( GEOMETRIC_REPRESENTATION_CONTEXT ( 3 ) GLOBAL_UNCERTAINTY_ASSIGNED_CONTEXT ( ( #2328 ) ) GLOBAL_UNIT_ASSIGNED_CONTEXT ( ( #3610, #4754, #4834 ) ) REPRESENTATION_CONTEXT ( 'NONE', 'WORKASPACE' ) );
#4335 = VECTOR ( 'NONE', #2267, 1000.000000000000000 ) ;
#4336 = ORIENTED_EDGE ( 'NONE', *, *, #5152, .T. ) ;
#4337 = ORIENTED_EDGE ( 'NONE', *, *, #1388, .F. ) ;
#4338 = EDGE_CURVE ( 'NONE', #3338, #5028, #1783, .T. ) ;
#4339 = PLANE ( 'NONE',  #1363 ) ;
#4340 = PLANE ( 'NONE',  #134 ) ;
#4341 = CARTESIAN_POINT ( 'NONE',  ( 0.6500000000000120126, 6.200000000000000178, 1.392777777500053826 ) ) ;
#4342 = FILL_AREA_STYLE_COLOUR ( '', #4204 ) ;
#4343 = LINE ( 'NONE', #5415, #4263 ) ;
#4344 = COLOUR_RGB ( '',0.2862745098039215508, 0.6431372549019607199, 0.8666666666666666963 ) ;
#4345 = CARTESIAN_POINT ( 'NONE',  ( 1.500000000000000000, 8.109625349781609316, -3.684999999999944986 ) ) ;
#4346 = VECTOR ( 'NONE', #4742, 1000.000000000000000 ) ;
#4347 =( NAMED_UNIT ( * ) PLANE_ANGLE_UNIT ( ) SI_UNIT ( $, .RADIAN. ) );
#4348 = FACE_OUTER_BOUND ( 'NONE', #4895, .T. ) ;
#4349 = ORIENTED_EDGE ( 'NONE', *, *, #3292, .T. ) ;
#4350 = CARTESIAN_POINT ( 'NONE',  ( 1.800000000000000044, 6.844714285714309732, -3.649999999999944844 ) ) ;
#4351 = EDGE_CURVE ( 'NONE', #3984, #3447, #688, .T. ) ;
#4352 = CARTESIAN_POINT ( 'NONE',  ( 0.5999999999999999778, 8.200000000000001066, -3.604444444999944874 ) ) ;
#4353 = ORIENTED_EDGE ( 'NONE', *, *, #3247, .F. ) ;
#4354 = DIRECTION ( 'NONE',  ( -1.748601263784619973E-15, 0.000000000000000000, -1.000000000000000000 ) ) ;
#4355 = VERTEX_POINT ( 'NONE', #1280 ) ;
#4356 = CARTESIAN_POINT ( 'NONE',  ( 9.700000000000001066, 10.59999999999999964, 0.1500000000000389910 ) ) ;
#4357 = FILL_AREA_STYLE_COLOUR ( '', #5075 ) ;
#4358 = SURFACE_STYLE_FILL_AREA ( #1394 ) ;
#4359 = CARTESIAN_POINT ( 'NONE',  ( 2.399999999999999911, 9.599999999999999645, -3.649999999999950173 ) ) ;
#4360 = EDGE_LOOP ( 'NONE', ( #2084, #6924, #5841, #5020, #1547, #6617 ) ) ;
#4361 = EDGE_CURVE ( 'NONE', #3320, #6819, #4553, .T. ) ;
#4362 = AXIS2_PLACEMENT_3D ( 'NONE', #2389, #566, #1215 ) ;
#4363 = ORIENTED_EDGE ( 'NONE', *, *, #6621, .F. ) ;
#4364 = CARTESIAN_POINT ( 'NONE',  ( 10.77585252445682151, 5.234484227007030199, 3.040462641781034758 ) ) ;
#4365 = FILL_AREA_STYLE_COLOUR ( '', #5124 ) ;
#4366 = EDGE_LOOP ( 'NONE', ( #5130, #6634, #6368, #2426 ) ) ;
#4367 = DIRECTION ( 'NONE',  ( 1.595945597898459947E-14, 2.337000431716910321E-29, 1.000000000000000000 ) ) ;
#4368 = AXIS2_PLACEMENT_3D ( 'NONE', #3263, #1505, #417 ) ;
#4369 = EDGE_LOOP ( 'NONE', ( #22, #1847, #16, #6713, #5564 ) ) ;
#4370 = PRESENTATION_STYLE_ASSIGNMENT (( #2619 ) ) ;
#4371 = EDGE_CURVE ( 'NONE', #4507, #4408, #1253, .T. ) ;
#4372 = MECHANICAL_DESIGN_GEOMETRIC_PRESENTATION_REPRESENTATION (  '', ( #4254 ), #1410 ) ;
#4373 = CARTESIAN_POINT ( 'NONE',  ( 1.500000000000000000, 0.7500000000000109912, -4.649999999999939959 ) ) ;
#4374 = STYLED_ITEM ( 'NONE', ( #4762 ), #5345 ) ;
#4375 = CARTESIAN_POINT ( 'NONE',  ( 0.7500000000000089928, 7.611199771552090709, 1.340000000000056035 ) ) ;
#4376 = DIRECTION ( 'NONE',  ( -0.3589790793088808996, -0.9333456062030549560, 6.277112717517498174E-16 ) ) ;
#4377 = DIRECTION ( 'NONE',  ( -0.9701425001453374275, -0.2425356250363111255, 1.696392401805310846E-15 ) ) ;
#4378 = ADVANCED_FACE ( 'NONE', ( #2897 ), #5664, .T. ) ;
#4379 = STYLED_ITEM ( 'NONE', ( #372 ), #5541 ) ;
#4380 = DIRECTION ( 'NONE',  ( 1.801095893066395237E-14, 1.000000000000000000, -1.965547678589005069E-14 ) ) ;
#4381 = DIRECTION ( 'NONE',  ( -0.3162277660168066329, -5.200422075328728817E-16, 0.9486832980505243151 ) ) ;
#4382 = CARTESIAN_POINT ( 'NONE',  ( -1.000000000000000000, 12.25000000000000000, 3.350000000000055156 ) ) ;
#4383 = ORIENTED_EDGE ( 'NONE', *, *, #5599, .F. ) ;
#4384 = SURFACE_STYLE_USAGE ( .BOTH. , #2141 ) ;
#4385 = CARTESIAN_POINT ( 'NONE',  ( -0.1999999927999960014, 4.200000000000000178, -4.739999994599940258 ) ) ;
#4386 = COLOUR_RGB ( '',1.000000000000000000, 1.000000000000000000, 1.000000000000000000 ) ;
#4387 = COLOUR_RGB ( '',0.2862745098039215508, 0.6431372549019607199, 0.8666666666666666963 ) ;
#4388 = ORIENTED_EDGE ( 'NONE', *, *, #5043, .T. ) ;
#4389 = CARTESIAN_POINT ( 'NONE',  ( 1.500000000000000000, 0.7500000000000109912, 0.3500000000000550449 ) ) ;
#4390 = PRESENTATION_LAYER_ASSIGNMENT (  '', '', ( #5929 ) ) ;
#4391 =( GEOMETRIC_REPRESENTATION_CONTEXT ( 3 ) GLOBAL_UNCERTAINTY_ASSIGNED_CONTEXT ( ( #3388 ) ) GLOBAL_UNIT_ASSIGNED_CONTEXT ( ( #3140, #2594, #1918 ) ) REPRESENTATION_CONTEXT ( 'NONE', 'WORKASPACE' ) );
#4392 = ORIENTED_EDGE ( 'NONE', *, *, #5626, .T. ) ;
#4393 = SURFACE_SIDE_STYLE ('',( #1583 ) ) ;
#4394 = SURFACE_STYLE_FILL_AREA ( #456 ) ;
#4395 = CARTESIAN_POINT ( 'NONE',  ( 2.399999999999999911, 5.400000000000000355, -6.271320343559949606 ) ) ;
#4396 = LINE ( 'NONE', #3881, #5486 ) ;
#4397 = VECTOR ( 'NONE', #7310, 1000.000000000000000 ) ;
#4398 = ORIENTED_EDGE ( 'NONE', *, *, #3303, .T. ) ;
#4399 = ORIENTED_EDGE ( 'NONE', *, *, #2163, .T. ) ;
#4400 = SURFACE_STYLE_FILL_AREA ( #5508 ) ;
#4401 = ORIENTED_EDGE ( 'NONE', *, *, #2231, .F. ) ;
#4402 =( GEOMETRIC_REPRESENTATION_CONTEXT ( 3 ) GLOBAL_UNCERTAINTY_ASSIGNED_CONTEXT ( ( #2864 ) ) GLOBAL_UNIT_ASSIGNED_CONTEXT ( ( #4850, #937, #3730 ) ) REPRESENTATION_CONTEXT ( 'NONE', 'WORKASPACE' ) );
#4403 = CARTESIAN_POINT ( 'NONE',  ( 10.33503886471861932, 5.302301713120030513, 3.012506501421035043 ) ) ;
#4404 = ORIENTED_EDGE ( 'NONE', *, *, #3603, .T. ) ;
#4405 = CARTESIAN_POINT ( 'NONE',  ( 0.1000000000000045991, 7.100000000000000533, -2.149999999999944844 ) ) ;
#4406 = COLOUR_RGB ( '',0.2862745098039215508, 0.6431372549019607199, 0.8666666666666666963 ) ;
#4407 = SURFACE_STYLE_FILL_AREA ( #7221 ) ;
#4408 = VERTEX_POINT ( 'NONE', #2971 ) ;
#4409 = ADVANCED_FACE ( 'NONE', ( #3493 ), #2459, .T. ) ;
#4410 = STYLED_ITEM ( 'NONE', ( #295 ), #6410 ) ;
#4411 = SURFACE_STYLE_FILL_AREA ( #1448 ) ;
#4412 = LINE ( 'NONE', #3314, #2293 ) ;
#4413 = VERTEX_POINT ( 'NONE', #4246 ) ;
#4414 = EDGE_CURVE ( 'NONE', #6840, #6837, #5289, .T. ) ;
#4415 = PRESENTATION_STYLE_ASSIGNMENT (( #6729 ) ) ;
#4416 = CARTESIAN_POINT ( 'NONE',  ( 1.300000000000000044, 5.400000000000000355, -2.549999999999944755 ) ) ;
#4417 = DIRECTION ( 'NONE',  ( 1.000000000000000000, 1.644517855226009970E-15, 0.000000000000000000 ) ) ;
#4418 = ORIENTED_EDGE ( 'NONE', *, *, #1866, .T. ) ;
#4419 = CARTESIAN_POINT ( 'NONE',  ( 1.500000000000000000, 7.649999999999999467, 0.8500000000000539346 ) ) ;
#4420 = COLOUR_RGB ( '',0.2862745098039215508, 0.6431372549019607199, 0.8666666666666666963 ) ;
#4421 = FACE_OUTER_BOUND ( 'NONE', #313, .T. ) ;
#4422 = PRESENTATION_STYLE_ASSIGNMENT (( #2188 ) ) ;
#4423 = SURFACE_SIDE_STYLE ('',( #1615 ) ) ;
#4424 = CARTESIAN_POINT ( 'NONE',  ( 2.399999999999999911, 8.200000000000001066, -6.649999999999999467 ) ) ;
#4425 = LINE ( 'NONE', #2698, #4999 ) ;
#4426 = ORIENTED_EDGE ( 'NONE', *, *, #4768, .T. ) ;
#4427 = STYLED_ITEM ( 'NONE', ( #1862 ), #7115 ) ;
#4428 = MECHANICAL_DESIGN_GEOMETRIC_PRESENTATION_REPRESENTATION (  '', ( #1469 ), #3139 ) ;
#4429 = CARTESIAN_POINT ( 'NONE',  ( 2.399999999999999911, 7.649999999999999467, 0.8500000000000520473 ) ) ;
#4430 = ORIENTED_EDGE ( 'NONE', *, *, #2162, .T. ) ;
#4431 = DIRECTION ( 'NONE',  ( 1.489513996486855983E-09, -1.000000000000000000, 7.237765942743970498E-10 ) ) ;
#4432 = FACE_OUTER_BOUND ( 'NONE', #2111, .T. ) ;
#4433 = ORIENTED_EDGE ( 'NONE', *, *, #4282, .T. ) ;
#4434 = MECHANICAL_DESIGN_GEOMETRIC_PRESENTATION_REPRESENTATION (  '', ( #5971 ), #172 ) ;
#4435 = ORIENTED_EDGE ( 'NONE', *, *, #1980, .T. ) ;
#4436 = B_SPLINE_CURVE_WITH_KNOTS ( 'NONE', 3,
 ( #6097, #5061, #1539, #6622 ),
 .UNSPECIFIED., .F., .F.,
 ( 4, 4 ),
 ( 1.245027674810733990E-16, 0.001465284729897746050 ),
 .UNSPECIFIED. ) ;
#4437 =( NAMED_UNIT ( * ) SI_UNIT ( $, .STERADIAN. ) SOLID_ANGLE_UNIT ( ) );
#4438 = ORIENTED_EDGE ( 'NONE', *, *, #6682, .F. ) ;
#4439 = CIRCLE ( 'NONE', #2382, 2.050000000002000444 ) ;
#4440 = SURFACE_STYLE_USAGE ( .BOTH. , #5003 ) ;
#4441 = PRESENTATION_STYLE_ASSIGNMENT (( #2284 ) ) ;
#4442 = UNCERTAINTY_MEASURE_WITH_UNIT (LENGTH_MEASURE( 1.000000000000000082E-05 ), #6373, 'distance_accuracy_value', 'NONE');
#4443 = EDGE_CURVE ( 'NONE', #2376, #2275, #242, .T. ) ;
#4444 = MECHANICAL_DESIGN_GEOMETRIC_PRESENTATION_REPRESENTATION (  '', ( #6344 ), #4811 ) ;
#4445 = EDGE_CURVE ( 'NONE', #6216, #5030, #1316, .T. ) ;
#4446 = PRESENTATION_STYLE_ASSIGNMENT (( #2212 ) ) ;
#4447 = ORIENTED_EDGE ( 'NONE', *, *, #2982, .T. ) ;
#4448 =( NAMED_UNIT ( * ) SI_UNIT ( $, .STERADIAN. ) SOLID_ANGLE_UNIT ( ) );
#4449 = CARTESIAN_POINT ( 'NONE',  ( 8.800000000000000711, 7.144714285714319324, -3.649999999999999911 ) ) ;
#4450 = FILL_AREA_STYLE_COLOUR ( '', #4153 ) ;
#4451 = EDGE_CURVE ( 'NONE', #2184, #6942, #3628, .T. ) ;
#4452 = VECTOR ( 'NONE', #58, 1000.000000000000000 ) ;
#4453 = EDGE_CURVE ( 'NONE', #718, #2949, #4099, .T. ) ;
#4454 = VERTEX_POINT ( 'NONE', #7034 ) ;
#4455 = COLOUR_RGB ( '',0.2862745098039215508, 0.6431372549019607199, 0.8666666666666666963 ) ;
#4456 = VERTEX_POINT ( 'NONE', #4207 ) ;
#4457 = DIRECTION ( 'NONE',  ( 1.748601263784619973E-15, 0.000000000000000000, 1.000000000000000000 ) ) ;
#4458 = FILL_AREA_STYLE ('',( #634 ) ) ;
#4459 = ORIENTED_EDGE ( 'NONE', *, *, #2931, .F. ) ;
#4460 = DIRECTION ( 'NONE',  ( -1.000000000000000000, -1.644517855226009970E-15, 1.748601263784619973E-15 ) ) ;
#4461 = CARTESIAN_POINT ( 'NONE',  ( 1.125000000000000000, 8.200000000000001066, 0.8500000000000549338 ) ) ;
#4462 = SURFACE_SIDE_STYLE ('',( #3870 ) ) ;
#4463 = SURFACE_STYLE_FILL_AREA ( #5611 ) ;
#4464 = PRESENTATION_LAYER_ASSIGNMENT (  '', '', ( #5529 ) ) ;
#4465 = VERTEX_POINT ( 'NONE', #5845 ) ;
#4466 = LINE ( 'NONE', #3877, #3165 ) ;
#4467 = EDGE_CURVE ( 'NONE', #4500, #7321, #1392, .T. ) ;
#4468 = LINE ( 'NONE', #6099, #2840 ) ;
#4469 = CARTESIAN_POINT ( 'NONE',  ( -0.5999999999999859890, 4.200000000000000178, -0.03999999999994109656 ) ) ;
#4470 = CARTESIAN_POINT ( 'NONE',  ( 0.6500000000000000222, 6.200000000000000178, -4.692777777499950176 ) ) ;
#4471 =( NAMED_UNIT ( * ) PLANE_ANGLE_UNIT ( ) SI_UNIT ( $, .RADIAN. ) );
#4472 = EDGE_CURVE ( 'NONE', #1894, #389, #2608, .T. ) ;
#4473 = ORIENTED_EDGE ( 'NONE', *, *, #5084, .T. ) ;
#4474 = EDGE_LOOP ( 'NONE', ( #503, #3071, #4433, #14 ) ) ;
#4475 = FILL_AREA_STYLE ('',( #1631 ) ) ;
#4476 = CARTESIAN_POINT ( 'NONE',  ( 11.00000000000000000, 11.75000000000000000, -3.249999999999964917 ) ) ;
#4477 = ORIENTED_EDGE ( 'NONE', *, *, #6859, .F. ) ;
#4478 = DIRECTION ( 'NONE',  ( 1.000000000000000000, 1.644517855226009970E-15, 0.000000000000000000 ) ) ;
#4479 = UNCERTAINTY_MEASURE_WITH_UNIT (LENGTH_MEASURE( 1.000000000000000082E-05 ), #115, 'distance_accuracy_value', 'NONE');
#4480 = CARTESIAN_POINT ( 'NONE',  ( 0.1000000000000030032, 8.199999999999310063, -1.124841765812942151 ) ) ;
#4481 = VERTEX_POINT ( 'NONE', #2572 ) ;
#4482 = CARTESIAN_POINT ( 'NONE',  ( 0.9675818828474216371, 9.189123148182780199, -4.649999999999998579 ) ) ;
#4483 = LINE ( 'NONE', #6118, #65 ) ;
#4484 = STYLED_ITEM ( 'NONE', ( #6825 ), #4378 ) ;
#4485 = SURFACE_STYLE_FILL_AREA ( #3246 ) ;
#4486 = EDGE_CURVE ( 'NONE', #7102, #3398, #4816, .T. ) ;
#4487 = ORIENTED_EDGE ( 'NONE', *, *, #4320, .T. ) ;
#4488 = CIRCLE ( 'NONE', #3316, 3.150000000000000799 ) ;
#4489 = PRESENTATION_STYLE_ASSIGNMENT (( #6264 ) ) ;
#4490 = PLANE ( 'NONE',  #4156 ) ;
#4491 = PRESENTATION_STYLE_ASSIGNMENT (( #2913 ) ) ;
#4492 = ORIENTED_EDGE ( 'NONE', *, *, #5793, .T. ) ;
#4493 =( NAMED_UNIT ( * ) PLANE_ANGLE_UNIT ( ) SI_UNIT ( $, .RADIAN. ) );
#4494 = LINE ( 'NONE', #2834, #1507 ) ;
#4495 = FILL_AREA_STYLE_COLOUR ( '', #827 ) ;
#4496 = EDGE_LOOP ( 'NONE', ( #1500, #1053, #6715, #814 ) ) ;
#4497 = VECTOR ( 'NONE', #7128, 999.9999999999998863 ) ;
#4498 = EDGE_CURVE ( 'NONE', #6139, #4964, #4284, .T. ) ;
#4499 = DIRECTION ( 'NONE',  ( -1.751403509399660068E-15, 3.178425435217139855E-32, -1.000000000000000000 ) ) ;
#4500 = VERTEX_POINT ( 'NONE', #3731 ) ;
#4501 = FACE_OUTER_BOUND ( 'NONE', #5096, .T. ) ;
#4502 = CARTESIAN_POINT ( 'NONE',  ( 11.00000000000000000, 11.75000000000000000, -6.649999999999999467 ) ) ;
#4503 = DIRECTION ( 'NONE',  ( 0.05547001409258989213, 9.122142860490535144E-17, -0.9984603535126309604 ) ) ;
#4504 = SURFACE_SIDE_STYLE ('',( #6783 ) ) ;
#4505 = VERTEX_POINT ( 'NONE', #5988 ) ;
#4506 = VERTEX_POINT ( 'NONE', #904 ) ;
#4507 = VERTEX_POINT ( 'NONE', #4889 ) ;
#4508 =( GEOMETRIC_REPRESENTATION_CONTEXT ( 3 ) GLOBAL_UNCERTAINTY_ASSIGNED_CONTEXT ( ( #1946 ) ) GLOBAL_UNIT_ASSIGNED_CONTEXT ( ( #7124, #369, #920 ) ) REPRESENTATION_CONTEXT ( 'NONE', 'WORKASPACE' ) );
#4509 = PRESENTATION_LAYER_ASSIGNMENT (  '', '', ( #6771 ) ) ;
#4510 = SURFACE_STYLE_FILL_AREA ( #2816 ) ;
#4511 = CARTESIAN_POINT ( 'NONE',  ( 2.399999999999999911, 7.450000000000000178, 0.8500000000000520473 ) ) ;
#4512 = UNCERTAINTY_MEASURE_WITH_UNIT (LENGTH_MEASURE( 1.000000000000000082E-05 ), #3401, 'distance_accuracy_value', 'NONE');
#4513 = AXIS2_PLACEMENT_3D ( 'NONE', #5871, #61, #3066 ) ;
#4514 = AXIS2_PLACEMENT_3D ( 'NONE', #7190, #4377, #6648 ) ;
#4515 = CARTESIAN_POINT ( 'NONE',  ( 1.500000000000000000, 0.7500000000000109912, -3.649999999999944844 ) ) ;
#4516 = MECHANICAL_DESIGN_GEOMETRIC_PRESENTATION_REPRESENTATION (  '', ( #1688 ), #4994 ) ;
#4517 = FILL_AREA_STYLE_COLOUR ( '', #1735 ) ;
#4518 = VECTOR ( 'NONE', #4114, 1000.000000000000000 ) ;
#4519 = UNCERTAINTY_MEASURE_WITH_UNIT (LENGTH_MEASURE( 1.000000000000000082E-05 ), #4080, 'distance_accuracy_value', 'NONE');
#4520 =( LENGTH_UNIT ( ) NAMED_UNIT ( * ) SI_UNIT ( .MILLI., .METRE. ) );
#4521 = CARTESIAN_POINT ( 'NONE',  ( 11.00000000000000000, 11.09999999999999964, -3.249999999999964917 ) ) ;
#4522 = CARTESIAN_POINT ( 'NONE',  ( 0.1000000000000150074, 5.400000000000000355, 2.850000000000055156 ) ) ;
#4523 = ORIENTED_EDGE ( 'NONE', *, *, #852, .F. ) ;
#4524 = VECTOR ( 'NONE', #1913, 1000.000000000000000 ) ;
#4525 = DIRECTION ( 'NONE',  ( -1.000000000000000000, -1.644517855226009970E-15, 1.748601263784619973E-15 ) ) ;
#4526 = ORIENTED_EDGE ( 'NONE', *, *, #4741, .T. ) ;
#4527 = DIRECTION ( 'NONE',  ( 1.644517855226009970E-15, -1.000000000000000000, -2.890435660536364970E-30 ) ) ;
#4528 =( NAMED_UNIT ( * ) SI_UNIT ( $, .STERADIAN. ) SOLID_ANGLE_UNIT ( ) );
#4529 = CARTESIAN_POINT ( 'NONE',  ( 1.125000000000000000, 6.200000000000000178, -4.639999999999999680 ) ) ;
#4530 = LINE ( 'NONE', #1734, #6509 ) ;
#4531 = SURFACE_SIDE_STYLE ('',( #41 ) ) ;
#4532 = VECTOR ( 'NONE', #3894, 1000.000000000000000 ) ;
#4533 =( GEOMETRIC_REPRESENTATION_CONTEXT ( 3 ) GLOBAL_UNCERTAINTY_ASSIGNED_CONTEXT ( ( #5555 ) ) GLOBAL_UNIT_ASSIGNED_CONTEXT ( ( #2392, #5367, #824 ) ) REPRESENTATION_CONTEXT ( 'NONE', 'WORKASPACE' ) );
#4534 = COLOUR_RGB ( '',0.2862745098039215508, 0.6431372549019607199, 0.8666666666666666963 ) ;
#4535 = EDGE_CURVE ( 'NONE', #6787, #5661, #7140, .T. ) ;
#4536 = ORIENTED_EDGE ( 'NONE', *, *, #3682, .F. ) ;
#4537 = ORIENTED_EDGE ( 'NONE', *, *, #913, .F. ) ;
#4538 = ADVANCED_FACE ( 'NONE', ( #6999 ), #6021, .F. ) ;
#4539 =( NAMED_UNIT ( * ) PLANE_ANGLE_UNIT ( ) SI_UNIT ( $, .RADIAN. ) );
#4540 =( LENGTH_UNIT ( ) NAMED_UNIT ( * ) SI_UNIT ( .MILLI., .METRE. ) );
#4541 = DIRECTION ( 'NONE',  ( 1.595945597898459947E-14, 2.337000431716910321E-29, 1.000000000000000000 ) ) ;
#4542 = CARTESIAN_POINT ( 'NONE',  ( 11.00000000000000000, 4.299999999999830180, 0.8500000000000369482 ) ) ;
#4543 = CARTESIAN_POINT ( 'NONE',  ( 11.00000000000000000, 5.200000000000000178, -6.354540768504960191 ) ) ;
#4544 = DIRECTION ( 'NONE',  ( 1.000000000000000000, 1.644517855226009970E-15, -1.748601263784619973E-15 ) ) ;
#4545 = FACE_OUTER_BOUND ( 'NONE', #2255, .T. ) ;
#4546 = ORIENTED_EDGE ( 'NONE', *, *, #99, .T. ) ;
#4548 = ORIENTED_EDGE ( 'NONE', *, *, #1034, .F. ) ;
#4547 = EDGE_CURVE ( 'NONE', #926, #6402, #6672, .T. ) ;
#4549 = COLOUR_RGB ( '',0.2862745098039215508, 0.6431372549019607199, 0.8666666666666666963 ) ;
#4550 = CARTESIAN_POINT ( 'NONE',  ( 0.7000000000000149436, 4.200000000000000178, 1.390000000000053859 ) ) ;
#4551 = PLANE ( 'NONE',  #1973 ) ;
#4552 = ORIENTED_EDGE ( 'NONE', *, *, #3267, .F. ) ;
#4553 = LINE ( 'NONE', #4107, #3895 ) ;
#4554 = SURFACE_STYLE_FILL_AREA ( #1754 ) ;
#4555 =( NAMED_UNIT ( * ) PLANE_ANGLE_UNIT ( ) SI_UNIT ( $, .RADIAN. ) );
#4556 = SURFACE_STYLE_USAGE ( .BOTH. , #571 ) ;
#4557 = AXIS2_PLACEMENT_3D ( 'NONE', #6793, #1677, #1717 ) ;
#4558 = STYLED_ITEM ( 'NONE', ( #3254 ), #537 ) ;
#4559 = UNCERTAINTY_MEASURE_WITH_UNIT (LENGTH_MEASURE( 1.000000000000000082E-05 ), #6983, 'distance_accuracy_value', 'NONE');
#4560 = UNCERTAINTY_MEASURE_WITH_UNIT (LENGTH_MEASURE( 1.000000000000000082E-05 ), #2015, 'distance_accuracy_value', 'NONE');
#4561 =( NAMED_UNIT ( * ) SI_UNIT ( $, .STERADIAN. ) SOLID_ANGLE_UNIT ( ) );
#4562 = EDGE_CURVE ( 'NONE', #3447, #6564, #1006, .T. ) ;
#4563 = LINE ( 'NONE', #5079, #4303 ) ;
#4564 = DIRECTION ( 'NONE',  ( 1.000000000000000000, 1.644517855226009970E-15, -1.858632295689434820E-15 ) ) ;
#4565 = CARTESIAN_POINT ( 'NONE',  ( 2.399999999999999911, 7.649999999999999467, -0.5499999999999479749 ) ) ;
#4566 =( GEOMETRIC_REPRESENTATION_CONTEXT ( 3 ) GLOBAL_UNCERTAINTY_ASSIGNED_CONTEXT ( ( #67 ) ) GLOBAL_UNIT_ASSIGNED_CONTEXT ( ( #3129, #4226, #4181 ) ) REPRESENTATION_CONTEXT ( 'NONE', 'WORKASPACE' ) );
#4567 = EDGE_CURVE ( 'NONE', #6786, #6060, #4488, .T. ) ;
#4568 = ORIENTED_EDGE ( 'NONE', *, *, #2543, .F. ) ;
#4569 = SURFACE_SIDE_STYLE ('',( #1687 ) ) ;
#4570 = VECTOR ( 'NONE', #6647, 1000.000000000000114 ) ;
#4571 = VECTOR ( 'NONE', #2686, 1000.000000000000000 ) ;
#4572 = CARTESIAN_POINT ( 'NONE',  ( -0.5999999999999999778, 7.649999999999999467, -4.149999999999945288 ) ) ;
#4573 = ORIENTED_EDGE ( 'NONE', *, *, #5767, .T. ) ;
#4574 = CARTESIAN_POINT ( 'NONE',  ( -1.000000000000000000, 3.750000000000000000, -2.349999999999945022 ) ) ;
#4575 = FILL_AREA_STYLE ('',( #2340 ) ) ;
#4576 = SURFACE_STYLE_USAGE ( .BOTH. , #1733 ) ;
#4577 = SURFACE_SIDE_STYLE ('',( #3980 ) ) ;
#4578 = MECHANICAL_DESIGN_GEOMETRIC_PRESENTATION_REPRESENTATION (  '', ( #6356 ), #1877 ) ;
#4579 = CARTESIAN_POINT ( 'NONE',  ( 8.000000000000000000, 12.25000000000000000, -16.65000000000000213 ) ) ;
#4580 = VECTOR ( 'NONE', #697, 1000.000000000000000 ) ;
#4581 = VERTEX_POINT ( 'NONE', #6171 ) ;
#4582 = EDGE_CURVE ( 'NONE', #1963, #4581, #976, .T. ) ;
#4583 = PRESENTATION_STYLE_ASSIGNMENT (( #2378 ) ) ;
#4584 =( LENGTH_UNIT ( ) NAMED_UNIT ( * ) SI_UNIT ( .MILLI., .METRE. ) );
#4585 = LINE ( 'NONE', #2996, #1638 ) ;
#4586 = DIRECTION ( 'NONE',  ( 1.748601263784619973E-15, 0.000000000000000000, 1.000000000000000000 ) ) ;
#4587 = LINE ( 'NONE', #6921, #6892 ) ;
#4588 = CYLINDRICAL_SURFACE ( 'NONE', #4300, 1.399999999999999911 ) ;
#4589 = PLANE ( 'NONE',  #5239 ) ;
#4590 = ORIENTED_EDGE ( 'NONE', *, *, #5192, .T. ) ;
#4591 = AXIS2_PLACEMENT_3D ( 'NONE', #4233, #1340, #4188 ) ;
#4592 = ORIENTED_EDGE ( 'NONE', *, *, #2690, .T. ) ;
#4593 = EDGE_CURVE ( 'NONE', #6467, #361, #5204, .T. ) ;
#4594 =( GEOMETRIC_REPRESENTATION_CONTEXT ( 3 ) GLOBAL_UNCERTAINTY_ASSIGNED_CONTEXT ( ( #5334 ) ) GLOBAL_UNIT_ASSIGNED_CONTEXT ( ( #6542, #3183, #6577 ) ) REPRESENTATION_CONTEXT ( 'NONE', 'WORKASPACE' ) );
#4595 = SURFACE_STYLE_FILL_AREA ( #2386 ) ;
#4596 = DIRECTION ( 'NONE',  ( -0.7071067811864961694, -1.162849727212584251E-15, 0.7071067811865989761 ) ) ;
#4597 =( GEOMETRIC_REPRESENTATION_CONTEXT ( 3 ) GLOBAL_UNCERTAINTY_ASSIGNED_CONTEXT ( ( #6371 ) ) GLOBAL_UNIT_ASSIGNED_CONTEXT ( ( #1669, #3919, #6629 ) ) REPRESENTATION_CONTEXT ( 'NONE', 'WORKASPACE' ) );
#4598 =( NAMED_UNIT ( * ) PLANE_ANGLE_UNIT ( ) SI_UNIT ( $, .RADIAN. ) );
#4599 = DIRECTION ( 'NONE',  ( -1.644517855226014900E-15, 1.000000000000000000, 0.000000000000000000 ) ) ;
#4600 = PLANE ( 'NONE',  #3677 ) ;
#4601 = UNCERTAINTY_MEASURE_WITH_UNIT (LENGTH_MEASURE( 1.000000000000000082E-05 ), #1985, 'distance_accuracy_value', 'NONE');
#4602 = DIRECTION ( 'NONE',  ( -1.000000000000000000, -7.011711381465519170E-11, -2.377355239868735164E-09 ) ) ;
#4603 = EDGE_CURVE ( 'NONE', #2810, #253, #4468, .T. ) ;
#4604 = UNCERTAINTY_MEASURE_WITH_UNIT (LENGTH_MEASURE( 1.000000000000000082E-05 ), #2296, 'distance_accuracy_value', 'NONE');
#4605 = LINE ( 'NONE', #6904, #4580 ) ;
#4606 =( LENGTH_UNIT ( ) NAMED_UNIT ( * ) SI_UNIT ( .MILLI., .METRE. ) );
#4607 = FACE_OUTER_BOUND ( 'NONE', #5300, .T. ) ;
#4608 = VERTEX_POINT ( 'NONE', #3227 ) ;
#4609 = FILL_AREA_STYLE_COLOUR ( '', #5397 ) ;
#4610 = AXIS2_PLACEMENT_3D ( 'NONE', #1351, #869, #4167 ) ;
#4611 = SURFACE_SIDE_STYLE ('',( #1229 ) ) ;
#4612 =( NAMED_UNIT ( * ) PLANE_ANGLE_UNIT ( ) SI_UNIT ( $, .RADIAN. ) );
#4613 = ORIENTED_EDGE ( 'NONE', *, *, #411, .F. ) ;
#4614 = EDGE_CURVE ( 'NONE', #5500, #5997, #5466, .T. ) ;
#4615 = DIRECTION ( 'NONE',  ( 1.634159799354254388E-15, -1.000000000000000000, 0.000000000000000000 ) ) ;
#4616 = VECTOR ( 'NONE', #859, 1000.000000000000000 ) ;
#4617 = ORIENTED_EDGE ( 'NONE', *, *, #4798, .F. ) ;
#4618 = CARTESIAN_POINT ( 'NONE',  ( 1.500000000000000000, 8.109625349781609316, 0.3600000000000544986 ) ) ;
#4619 = DIRECTION ( 'NONE',  ( 0.000000000000000000, -0.9701425001453377606, 0.2425356250363094601 ) ) ;
#4620 = LINE ( 'NONE', #2959, #6586 ) ;
#4621 = AXIS2_PLACEMENT_3D ( 'NONE', #6493, #5897, #5381 ) ;
#4622 = PLANE ( 'NONE',  #4966 ) ;
#4623 =( LENGTH_UNIT ( ) NAMED_UNIT ( * ) SI_UNIT ( .MILLI., .METRE. ) );
#4624 = DIRECTION ( 'NONE',  ( -1.644517855226009970E-15, 1.000000000000000000, 0.000000000000000000 ) ) ;
#4625 = PRESENTATION_LAYER_ASSIGNMENT (  '', '', ( #5323 ) ) ;
#4626 =( NAMED_UNIT ( * ) SI_UNIT ( $, .STERADIAN. ) SOLID_ANGLE_UNIT ( ) );
#4627 = ORIENTED_EDGE ( 'NONE', *, *, #6209, .F. ) ;
#4628 = ORIENTED_EDGE ( 'NONE', *, *, #614, .F. ) ;
#4629 = VERTEX_POINT ( 'NONE', #3333 ) ;
#4630 = LINE ( 'NONE', #4127, #3408 ) ;
#4631 = FILL_AREA_STYLE_COLOUR ( '', #919 ) ;
#4632 = FILL_AREA_STYLE ('',( #229 ) ) ;
#4633 = CARTESIAN_POINT ( 'NONE',  ( 9.799999999999998934, 7.894714285714319324, 0.6000000000000389466 ) ) ;
#4634 = DIRECTION ( 'NONE',  ( 1.644517855225974866E-15, -1.000000000000000000, -1.965547678589000336E-14 ) ) ;
#4635 = VECTOR ( 'NONE', #6552, 1000.000000000000000 ) ;
#4636 =( LENGTH_UNIT ( ) NAMED_UNIT ( * ) SI_UNIT ( .MILLI., .METRE. ) );
#4637 =( GEOMETRIC_REPRESENTATION_CONTEXT ( 3 ) GLOBAL_UNCERTAINTY_ASSIGNED_CONTEXT ( ( #2900 ) ) GLOBAL_UNIT_ASSIGNED_CONTEXT ( ( #3288, #1494, #3867 ) ) REPRESENTATION_CONTEXT ( 'NONE', 'WORKASPACE' ) );
#4638 =( NAMED_UNIT ( * ) SI_UNIT ( $, .STERADIAN. ) SOLID_ANGLE_UNIT ( ) );
#4639 = CARTESIAN_POINT ( 'NONE',  ( -0.1999999927999945026, 4.200000000000000178, -3.560000005399944545 ) ) ;
#4640 = SURFACE_STYLE_FILL_AREA ( #5191 ) ;
#4641 = UNCERTAINTY_MEASURE_WITH_UNIT (LENGTH_MEASURE( 1.000000000000000082E-05 ), #3967, 'distance_accuracy_value', 'NONE');
#4642 = SURFACE_STYLE_USAGE ( .BOTH. , #2868 ) ;
#4643 = VECTOR ( 'NONE', #3830, 1000.000000000000000 ) ;
#4644 = VECTOR ( 'NONE', #4767, 1000.000000000000000 ) ;
#4645 = STYLED_ITEM ( 'NONE', ( #2027 ), #5734 ) ;
#4646 = EDGE_CURVE ( 'NONE', #1513, #4465, #7206, .T. ) ;
#4647 = ORIENTED_EDGE ( 'NONE', *, *, #7071, .T. ) ;
#4648 = FILL_AREA_STYLE ('',( #5162 ) ) ;
#4649 = MECHANICAL_DESIGN_GEOMETRIC_PRESENTATION_REPRESENTATION (  '', ( #3114 ), #485 ) ;
#4650 =( GEOMETRIC_REPRESENTATION_CONTEXT ( 3 ) GLOBAL_UNCERTAINTY_ASSIGNED_CONTEXT ( ( #6966 ) ) GLOBAL_UNIT_ASSIGNED_CONTEXT ( ( #5839, #196, #966 ) ) REPRESENTATION_CONTEXT ( 'NONE', 'WORKASPACE' ) );
#4651 = MECHANICAL_DESIGN_GEOMETRIC_PRESENTATION_REPRESENTATION (  '', ( #1824 ), #4402 ) ;
#4652 = FACE_OUTER_BOUND ( 'NONE', #6889, .T. ) ;
#4653 = SURFACE_STYLE_USAGE ( .BOTH. , #7144 ) ;
#4654 = VERTEX_POINT ( 'NONE', #7175 ) ;
#4655 = FILL_AREA_STYLE ('',( #2986 ) ) ;
#4656 = SURFACE_STYLE_FILL_AREA ( #2409 ) ;
#4657 = CARTESIAN_POINT ( 'NONE',  ( 1.800000000000000044, 4.200000000000000178, 2.650000000000054978 ) ) ;
#4658 = EDGE_CURVE ( 'NONE', #563, #7194, #6504, .T. ) ;
#4659 = ORIENTED_EDGE ( 'NONE', *, *, #1290, .T. ) ;
#4660 =( NAMED_UNIT ( * ) SI_UNIT ( $, .STERADIAN. ) SOLID_ANGLE_UNIT ( ) );
#4661 =( NAMED_UNIT ( * ) SI_UNIT ( $, .STERADIAN. ) SOLID_ANGLE_UNIT ( ) );
#4662 = LINE ( 'NONE', #5735, #5279 ) ;
#4663 = DIRECTION ( 'NONE',  ( -1.644517855226009970E-15, 1.000000000000000000, 2.890435660536364970E-30 ) ) ;
#4664 = PRESENTATION_LAYER_ASSIGNMENT (  '', '', ( #2893 ) ) ;
#4665 = DIRECTION ( 'NONE',  ( -1.297538235904699706E-15, -0.2425356250363094601, -0.9701425001453377606 ) ) ;
#4666 = SURFACE_SIDE_STYLE ('',( #125 ) ) ;
#4667 = SURFACE_STYLE_USAGE ( .BOTH. , #2964 ) ;
#4668 = ORIENTED_EDGE ( 'NONE', *, *, #5502, .F. ) ;
#4669 = ORIENTED_EDGE ( 'NONE', *, *, #2997, .T. ) ;
#4670 = ORIENTED_EDGE ( 'NONE', *, *, #330, .T. ) ;
#4671 = VECTOR ( 'NONE', #2216, 1000.000000000000000 ) ;
#4672 = FACE_OUTER_BOUND ( 'NONE', #1021, .T. ) ;
#4673 = UNCERTAINTY_MEASURE_WITH_UNIT (LENGTH_MEASURE( 1.000000000000000082E-05 ), #3825, 'distance_accuracy_value', 'NONE');
#4674 = SURFACE_STYLE_USAGE ( .BOTH. , #654 ) ;
#4675 =( LENGTH_UNIT ( ) NAMED_UNIT ( * ) SI_UNIT ( .MILLI., .METRE. ) );
#4676 = DIRECTION ( 'NONE',  ( -1.748601263784619973E-15, 0.000000000000000000, -1.000000000000000000 ) ) ;
#4677 = COLOUR_RGB ( '',0.2862745098039215508, 0.6431372549019607199, 0.8666666666666666963 ) ;
#4678 = DIRECTION ( 'NONE',  ( 1.000000000000000000, 1.644517855226009970E-15, -1.748601263784619973E-15 ) ) ;
#4679 = EDGE_CURVE ( 'NONE', #1445, #1477, #2026, .T. ) ;
#4680 = DIRECTION ( 'NONE',  ( -1.644517855226009970E-15, 1.000000000000000000, 2.890435660536364970E-30 ) ) ;
#4681 =( NAMED_UNIT ( * ) SI_UNIT ( $, .STERADIAN. ) SOLID_ANGLE_UNIT ( ) );
#4682 = PLANE ( 'NONE',  #5820 ) ;
#4683 = ORIENTED_EDGE ( 'NONE', *, *, #1323, .F. ) ;
#4684 = LINE ( 'NONE', #6941, #4518 ) ;
#4685 = VERTEX_POINT ( 'NONE', #2153 ) ;
#4686 = CARTESIAN_POINT ( 'NONE',  ( 0.6999999999999999556, 4.200000000000000178, -3.609999999999944809 ) ) ;
#4687 = PLANE ( 'NONE',  #2348 ) ;
#4688 = CARTESIAN_POINT ( 'NONE',  ( 0.7399999999999999911, 4.200000000000000178, -3.649999999999944844 ) ) ;
#4689 =( GEOMETRIC_REPRESENTATION_CONTEXT ( 3 ) GLOBAL_UNCERTAINTY_ASSIGNED_CONTEXT ( ( #1224 ) ) GLOBAL_UNIT_ASSIGNED_CONTEXT ( ( #2976, #6830, #5817 ) ) REPRESENTATION_CONTEXT ( 'NONE', 'WORKASPACE' ) );
#4690 = EDGE_CURVE ( 'NONE', #3955, #3884, #2774, .T. ) ;
#4691 = EDGE_CURVE ( 'NONE', #3955, #892, #5579, .T. ) ;
#4692 = SURFACE_STYLE_FILL_AREA ( #2992 ) ;
#4693 = FILL_AREA_STYLE_COLOUR ( '', #225 ) ;
#4694 = FILL_AREA_STYLE_COLOUR ( '', #2598 ) ;
#4695 = PRESENTATION_STYLE_ASSIGNMENT (( #3030 ) ) ;
#4696 = COLOUR_RGB ( '',0.2862745098039215508, 0.6431372549019607199, 0.8666666666666666963 ) ;
#4697 = FILL_AREA_STYLE_COLOUR ( '', #725 ) ;
#4698 = DIRECTION ( 'NONE',  ( -1.748601263784619973E-15, 0.000000000000000000, -1.000000000000000000 ) ) ;
#4699 = ORIENTED_EDGE ( 'NONE', *, *, #3178, .F. ) ;
#4700 = ORIENTED_EDGE ( 'NONE', *, *, #2263, .F. ) ;
#4701 = VECTOR ( 'NONE', #4354, 1000.000000000000000 ) ;
#4702 = ADVANCED_FACE ( 'NONE', ( #7285 ), #3443, .T. ) ;
#4703 = PLANE ( 'NONE',  #2829 ) ;
#4704 = LINE ( 'NONE', #3077, #2743 ) ;
#4705 = EDGE_CURVE ( 'NONE', #4125, #253, #6885, .T. ) ;
#4706 = PRESENTATION_STYLE_ASSIGNMENT (( #1354 ) ) ;
#4707 = PRESENTATION_LAYER_ASSIGNMENT (  '', '', ( #3583 ) ) ;
#4708 = CARTESIAN_POINT ( 'NONE',  ( 9.799999999999998934, 7.894714285714319324, -4.400000000000000355 ) ) ;
#4709 = SURFACE_SIDE_STYLE ('',( #5333 ) ) ;
#4710 = FILL_AREA_STYLE_COLOUR ( '', #8 ) ;
#4711 = ORIENTED_EDGE ( 'NONE', *, *, #582, .T. ) ;
#4712 = FILL_AREA_STYLE_COLOUR ( '', #3627 ) ;
#4713 = PLANE ( 'NONE',  #2535 ) ;
#4714 = VERTEX_POINT ( 'NONE', #4542 ) ;
#4715 =( LENGTH_UNIT ( ) NAMED_UNIT ( * ) SI_UNIT ( .MILLI., .METRE. ) );
#4716 = DIRECTION ( 'NONE',  ( 1.748601263784619973E-15, 0.000000000000000000, 1.000000000000000000 ) ) ;
#4717 = CARTESIAN_POINT ( 'NONE',  ( 1.500000000000000000, 4.200000000000000178, -4.649999999999939959 ) ) ;
#4718 =( LENGTH_UNIT ( ) NAMED_UNIT ( * ) SI_UNIT ( .MILLI., .METRE. ) );
#4719 = VECTOR ( 'NONE', #2320, 1000.000000000000000 ) ;
#4720 = VERTEX_POINT ( 'NONE', #5806 ) ;
#4721 =( NAMED_UNIT ( * ) SI_UNIT ( $, .STERADIAN. ) SOLID_ANGLE_UNIT ( ) );
#4722 =( GEOMETRIC_REPRESENTATION_CONTEXT ( 3 ) GLOBAL_UNCERTAINTY_ASSIGNED_CONTEXT ( ( #2167 ) ) GLOBAL_UNIT_ASSIGNED_CONTEXT ( ( #5705, #618, #5150 ) ) REPRESENTATION_CONTEXT ( 'NONE', 'WORKASPACE' ) );
#4723 = DIRECTION ( 'NONE',  ( -0.9883716976506227159, 0.000000000000000000, 0.1520571842539049368 ) ) ;
#4724 = DIRECTION ( 'NONE',  ( -7.280287483979460227E-14, -1.168500215858619925E-28, -1.000000000000000000 ) ) ;
#4725 = SURFACE_SIDE_STYLE ('',( #1206 ) ) ;
#4726 =( NAMED_UNIT ( * ) SI_UNIT ( $, .STERADIAN. ) SOLID_ANGLE_UNIT ( ) );
#4727 = AXIS2_PLACEMENT_3D ( 'NONE', #3297, #4955, #4991 ) ;
#4728 = ORIENTED_EDGE ( 'NONE', *, *, #5879, .F. ) ;
#4729 = ORIENTED_EDGE ( 'NONE', *, *, #6883, .F. ) ;
#4730 = DIRECTION ( 'NONE',  ( 1.000000000000000000, 1.644517855226009970E-15, -1.927470528863120133E-15 ) ) ;
#4731 = PRESENTATION_LAYER_ASSIGNMENT (  '', '', ( #3774 ) ) ;
#4732 = CARTESIAN_POINT ( 'NONE',  ( -0.5999999999999909850, 8.800000000000000711, 1.740000000000055058 ) ) ;
#4733 = ORIENTED_EDGE ( 'NONE', *, *, #2511, .F. ) ;
#4734 = PRESENTATION_LAYER_ASSIGNMENT (  '', '', ( #6981 ) ) ;
#4735 = CARTESIAN_POINT ( 'NONE',  ( 9.799999999999998934, 7.394714285714319324, 1.100000000000040057 ) ) ;
#4736 = FILL_AREA_STYLE_COLOUR ( '', #2072 ) ;
#4737 = CARTESIAN_POINT ( 'NONE',  ( 3.950000000000000178, 7.649999999999999467, -4.149999999999949729 ) ) ;
#4738 = LINE ( 'NONE', #1873, #33 ) ;
#4739 = CIRCLE ( 'NONE', #2504, 1.399999999999999689 ) ;
#4740 =( GEOMETRIC_REPRESENTATION_CONTEXT ( 3 ) GLOBAL_UNCERTAINTY_ASSIGNED_CONTEXT ( ( #6255 ) ) GLOBAL_UNIT_ASSIGNED_CONTEXT ( ( #402, #4347, #5531 ) ) REPRESENTATION_CONTEXT ( 'NONE', 'WORKASPACE' ) );
#4741 = EDGE_CURVE ( 'NONE', #3639, #1632, #5694, .T. ) ;
#4742 = DIRECTION ( 'NONE',  ( 1.644517855226009970E-15, -1.000000000000000000, -2.890435660536364970E-30 ) ) ;
#4743 = CARTESIAN_POINT ( 'NONE',  ( 0.3996450882000014415, 8.199999999999310063, -2.330989483202944967 ) ) ;
#4744 = UNCERTAINTY_MEASURE_WITH_UNIT (LENGTH_MEASURE( 1.000000000000000082E-05 ), #3935, 'distance_accuracy_value', 'NONE');
#4745 =( NAMED_UNIT ( * ) PLANE_ANGLE_UNIT ( ) SI_UNIT ( $, .RADIAN. ) );
#4746 = UNCERTAINTY_MEASURE_WITH_UNIT (LENGTH_MEASURE( 1.000000000000000082E-05 ), #4675, 'distance_accuracy_value', 'NONE');
#4747 = MECHANICAL_DESIGN_GEOMETRIC_PRESENTATION_REPRESENTATION (  '', ( #1057 ), #3342 ) ;
#4748 = ORIENTED_EDGE ( 'NONE', *, *, #4691, .T. ) ;
#4749 = MECHANICAL_DESIGN_GEOMETRIC_PRESENTATION_REPRESENTATION (  '', ( #4987 ), #2870 ) ;
#4750 = CARTESIAN_POINT ( 'NONE',  ( 1.375000000000019762, 0.2500000000000105471, 0.8500000000000539346 ) ) ;
#4751 = VERTEX_POINT ( 'NONE', #2846 ) ;
#4752 = DIRECTION ( 'NONE',  ( -1.748601263784619973E-15, 1.482966057179082177E-32, -1.000000000000000000 ) ) ;
#4753 = CARTESIAN_POINT ( 'NONE',  ( 0.6000000000000089706, 8.200000000000001066, 1.395555555000054015 ) ) ;
#4754 =( NAMED_UNIT ( * ) PLANE_ANGLE_UNIT ( ) SI_UNIT ( $, .RADIAN. ) );
#4755 = DIRECTION ( 'NONE',  ( -1.000000000000000000, -1.634159799354254979E-15, 1.748601263784619973E-15 ) ) ;
#4756 = MECHANICAL_DESIGN_GEOMETRIC_PRESENTATION_REPRESENTATION (  '', ( #1557 ), #6649 ) ;
#4757 =( GEOMETRIC_REPRESENTATION_CONTEXT ( 3 ) GLOBAL_UNCERTAINTY_ASSIGNED_CONTEXT ( ( #734 ) ) GLOBAL_UNIT_ASSIGNED_CONTEXT ( ( #6301, #3425, #3542 ) ) REPRESENTATION_CONTEXT ( 'NONE', 'WORKASPACE' ) );
#4758 = COLOUR_RGB ( '',0.2862745098039215508, 0.6431372549019607199, 0.8666666666666666963 ) ;
#4759 = VECTOR ( 'NONE', #4098, 1000.000000000000000 ) ;
#4760 = SURFACE_SIDE_STYLE ('',( #3137 ) ) ;
#4761 = VECTOR ( 'NONE', #4903, 1000.000000000000000 ) ;
#4762 = PRESENTATION_STYLE_ASSIGNMENT (( #3679 ) ) ;
#4763 = EDGE_LOOP ( 'NONE', ( #3089, #4659, #3762, #7213, #2804, #1988, #549, #4363 ) ) ;
#4764 = EDGE_LOOP ( 'NONE', ( #6681, #6811, #2481, #2199 ) ) ;
#4765 = DIRECTION ( 'NONE',  ( 1.748601263784619973E-15, 0.000000000000000000, 1.000000000000000000 ) ) ;
#4766 = CARTESIAN_POINT ( 'NONE',  ( 0.1000000000000150074, 5.400000000000000355, 2.850000000000055156 ) ) ;
#4767 = DIRECTION ( 'NONE',  ( 1.748601263784619973E-15, 0.000000000000000000, 1.000000000000000000 ) ) ;
#4768 = EDGE_CURVE ( 'NONE', #2751, #7182, #558, .T. ) ;
#4769 = DIRECTION ( 'NONE',  ( -1.000000000000000000, -1.644517855226009970E-15, 1.748601263784619973E-15 ) ) ;
#4770 = CARTESIAN_POINT ( 'NONE',  ( 9.700000000000001066, 10.59999999999999964, -4.850000000000000533 ) ) ;
#4771 = ORIENTED_EDGE ( 'NONE', *, *, #6555, .T. ) ;
#4772 = ORIENTED_EDGE ( 'NONE', *, *, #719, .T. ) ;
#4773 = EDGE_CURVE ( 'NONE', #7014, #1247, #2421, .T. ) ;
#4774 = CARTESIAN_POINT ( 'NONE',  ( 0.7433105578600019969, 7.601972579975210031, -3.653310557857945007 ) ) ;
#4775 = PRESENTATION_LAYER_ASSIGNMENT (  '', '', ( #3817 ) ) ;
#4776 = FACE_OUTER_BOUND ( 'NONE', #1826, .T. ) ;
#4777 = ORIENTED_EDGE ( 'NONE', *, *, #886, .F. ) ;
#4778 = SURFACE_STYLE_FILL_AREA ( #6891 ) ;
#4779 = FILL_AREA_STYLE_COLOUR ( '', #3216 ) ;
#4780 =( NAMED_UNIT ( * ) SI_UNIT ( $, .STERADIAN. ) SOLID_ANGLE_UNIT ( ) );
#4781 = EDGE_CURVE ( 'NONE', #6837, #6221, #606, .T. ) ;
#4782 = EDGE_CURVE ( 'NONE', #2025, #2515, #52, .T. ) ;
#4783 = STYLED_ITEM ( 'NONE', ( #4788 ), #6760 ) ;
#4784 = MECHANICAL_DESIGN_GEOMETRIC_PRESENTATION_REPRESENTATION (  '', ( #6419 ), #7026 ) ;
#4785 = DIRECTION ( 'NONE',  ( 1.644517855225974866E-15, -1.000000000000000000, -1.965547678589000336E-14 ) ) ;
#4786 = DIRECTION ( 'NONE',  ( 0.2357022603954914697, 0.9428090415820749026, -0.2357022603954939677 ) ) ;
#4787 = DIRECTION ( 'NONE',  ( 1.000000000000000000, 1.644517855226009970E-15, -1.748601263784619973E-15 ) ) ;
#4788 = PRESENTATION_STYLE_ASSIGNMENT (( #2400 ) ) ;
#4789 = FILL_AREA_STYLE_COLOUR ( '', #4899 ) ;
#4790 = AXIS2_PLACEMENT_3D ( 'NONE', #6923, #164, #6888 ) ;
#4791 = CIRCLE ( 'NONE', #2204, 1.400000000002000311 ) ;
#4792 = ORIENTED_EDGE ( 'NONE', *, *, #5527, .T. ) ;
#4793 = ORIENTED_EDGE ( 'NONE', *, *, #7271, .F. ) ;
#4794 = DIRECTION ( 'NONE',  ( -1.133068471788873805E-08, 1.729492617887979882E-09, 0.9999999999999998890 ) ) ;
#4795 = ADVANCED_FACE ( 'NONE', ( #6780 ), #4622, .F. ) ;
#4796 = CARTESIAN_POINT ( 'NONE',  ( 1.800000000000000044, 8.144714285714309554, 0.3850000000000534661 ) ) ;
#4797 = LINE ( 'NONE', #4688, #1537 ) ;
#4798 = EDGE_CURVE ( 'NONE', #7132, #4839, #310, .T. ) ;
#4799 = FILL_AREA_STYLE_COLOUR ( '', #5172 ) ;
#4800 =( GEOMETRIC_REPRESENTATION_CONTEXT ( 3 ) GLOBAL_UNCERTAINTY_ASSIGNED_CONTEXT ( ( #629 ) ) GLOBAL_UNIT_ASSIGNED_CONTEXT ( ( #6597, #909, #1262 ) ) REPRESENTATION_CONTEXT ( 'NONE', 'WORKASPACE' ) );
#4801 = FACE_OUTER_BOUND ( 'NONE', #6751, .T. ) ;
#4802 = ORIENTED_EDGE ( 'NONE', *, *, #3078, .T. ) ;
#4803 = FACE_OUTER_BOUND ( 'NONE', #4764, .T. ) ;
#4804 = FACE_OUTER_BOUND ( 'NONE', #1882, .T. ) ;
#4805 = CARTESIAN_POINT ( 'NONE',  ( -0.9999999999999820144, 3.750000000000000000, 2.650000000000059863 ) ) ;
#4806 = SURFACE_SIDE_STYLE ('',( #1417 ) ) ;
#4807 = LINE ( 'NONE', #1969, #3353 ) ;
#4808 = SURFACE_STYLE_FILL_AREA ( #6472 ) ;
#4809 = ORIENTED_EDGE ( 'NONE', *, *, #1036, .F. ) ;
#4810 = ORIENTED_EDGE ( 'NONE', *, *, #3949, .F. ) ;
#4811 =( GEOMETRIC_REPRESENTATION_CONTEXT ( 3 ) GLOBAL_UNCERTAINTY_ASSIGNED_CONTEXT ( ( #5716 ) ) GLOBAL_UNIT_ASSIGNED_CONTEXT ( ( #2828, #2405, #3938 ) ) REPRESENTATION_CONTEXT ( 'NONE', 'WORKASPACE' ) );
#4812 = EDGE_CURVE ( 'NONE', #3621, #2561, #1304, .T. ) ;
#4813 = CARTESIAN_POINT ( 'NONE',  ( 0.1000000000000061950, 7.100000000000000533, -1.149999999999942180 ) ) ;
#4814 = ORIENTED_EDGE ( 'NONE', *, *, #3545, .T. ) ;
#4815 = SURFACE_STYLE_USAGE ( .BOTH. , #1504 ) ;
#4816 = LINE ( 'NONE', #2016, #338 ) ;
#4817 = EDGE_CURVE ( 'NONE', #6959, #649, #5391, .T. ) ;
#4818 = MECHANICAL_DESIGN_GEOMETRIC_PRESENTATION_REPRESENTATION (  '', ( #5782 ), #1365 ) ;
#4819 = PRESENTATION_LAYER_ASSIGNMENT (  '', '', ( #3860 ) ) ;
#4820 =( LENGTH_UNIT ( ) NAMED_UNIT ( * ) SI_UNIT ( .MILLI., .METRE. ) );
#4821 = VECTOR ( 'NONE', #6849, 1000.000000000000000 ) ;
#4822 = SURFACE_STYLE_FILL_AREA ( #3082 ) ;
#4823 = DIRECTION ( 'NONE',  ( -1.748601263784619973E-15, 0.000000000000000000, -1.000000000000000000 ) ) ;
#4824 =( NAMED_UNIT ( * ) PLANE_ANGLE_UNIT ( ) SI_UNIT ( $, .RADIAN. ) );
#4825 = CARTESIAN_POINT ( 'NONE',  ( 11.00000000000000000, 5.200000000000000178, -6.354540768504960191 ) ) ;
#4826 = PRESENTATION_STYLE_ASSIGNMENT (( #5924 ) ) ;
#4827 = EDGE_CURVE ( 'NONE', #2247, #5965, #812, .T. ) ;
#4828 =( GEOMETRIC_REPRESENTATION_CONTEXT ( 3 ) GLOBAL_UNCERTAINTY_ASSIGNED_CONTEXT ( ( #6964 ) ) GLOBAL_UNIT_ASSIGNED_CONTEXT ( ( #3605, #215, #6418 ) ) REPRESENTATION_CONTEXT ( 'NONE', 'WORKASPACE' ) );
#4829 = VERTEX_POINT ( 'NONE', #7055 ) ;
#4830 = EDGE_LOOP ( 'NONE', ( #6000, #5464, #3431, #4700, #4430, #5361 ) ) ;
#4831 = STYLED_ITEM ( 'NONE', ( #2925 ), #385 ) ;
#4832 = VECTOR ( 'NONE', #3152, 1000.000000000000000 ) ;
#4833 = CARTESIAN_POINT ( 'NONE',  ( 1.398548747334995790, 8.959230384172011341, -4.649999999999939959 ) ) ;
#4834 =( NAMED_UNIT ( * ) SI_UNIT ( $, .STERADIAN. ) SOLID_ANGLE_UNIT ( ) );
#4835 = DIRECTION ( 'NONE',  ( -1.748601263784619973E-15, 0.000000000000000000, -1.000000000000000000 ) ) ;
#4836 = EDGE_CURVE ( 'NONE', #2966, #110, #6396, .T. ) ;
#4837 = EDGE_CURVE ( 'NONE', #6521, #1894, #752, .T. ) ;
#4838 = DIRECTION ( 'NONE',  ( -1.000000000000000000, -1.679596676000170044E-15, 1.714231179114525165E-15 ) ) ;
#4839 = VERTEX_POINT ( 'NONE', #7025 ) ;
#4840 = DIRECTION ( 'NONE',  ( -0.9984603535126304052, -1.641985879086795719E-15, -0.05547001409260001598 ) ) ;
#4841 = CARTESIAN_POINT ( 'NONE',  ( 9.700000000000001066, 7.450000000000000178, -4.150000000000000355 ) ) ;
#4842 = FACE_OUTER_BOUND ( 'NONE', #6009, .T. ) ;
#4843 = CARTESIAN_POINT ( 'NONE',  ( 9.299999999999998934, 7.644714285714299784, -4.525000000000000355 ) ) ;
#4844 = CARTESIAN_POINT ( 'NONE',  ( 2.399999999999999911, 8.200000000000001066, 3.350000000000055156 ) ) ;
#4845 = DIRECTION ( 'NONE',  ( -1.748601263784619973E-15, 0.000000000000000000, -1.000000000000000000 ) ) ;
#4846 = ORIENTED_EDGE ( 'NONE', *, *, #3810, .T. ) ;
#4847 = ORIENTED_EDGE ( 'NONE', *, *, #6104, .F. ) ;
#4848 = CARTESIAN_POINT ( 'NONE',  ( 0.7400000000000129807, 4.200000000000000178, 0.3500000000000550449 ) ) ;
#4849 = VERTEX_POINT ( 'NONE', #2484 ) ;
#4850 =( LENGTH_UNIT ( ) NAMED_UNIT ( * ) SI_UNIT ( .MILLI., .METRE. ) );
#4851 = VECTOR ( 'NONE', #1467, 1000.000000000000000 ) ;
#4852 = DIRECTION ( 'NONE',  ( 1.000000000000000000, 1.644517855226009970E-15, -1.748601263784619973E-15 ) ) ;
#4853 = SURFACE_SIDE_STYLE ('',( #3732 ) ) ;
#4854 = VECTOR ( 'NONE', #3758, 999.9999999999998863 ) ;
#4855 = DIRECTION ( 'NONE',  ( 1.000000000000000000, 1.610862132432484866E-15, -1.669819989543990066E-15 ) ) ;
#4856 = ORIENTED_EDGE ( 'NONE', *, *, #2819, .F. ) ;
#4857 = CARTESIAN_POINT ( 'NONE',  ( 11.00000000000000000, 11.75000000000000000, -6.649999999999999467 ) ) ;
#4858 = SURFACE_STYLE_USAGE ( .BOTH. , #2612 ) ;
#4859 = ORIENTED_EDGE ( 'NONE', *, *, #5874, .F. ) ;
#4860 =( LENGTH_UNIT ( ) NAMED_UNIT ( * ) SI_UNIT ( .MILLI., .METRE. ) );
#4861 = CARTESIAN_POINT ( 'NONE',  ( 1.125000000000000000, 8.200000000000001066, -4.149999999999945288 ) ) ;
#4862 = VECTOR ( 'NONE', #4090, 1000.000000000000000 ) ;
#4863 = MECHANICAL_DESIGN_GEOMETRIC_PRESENTATION_REPRESENTATION (  '', ( #6511 ), #3445 ) ;
#4864 = ORIENTED_EDGE ( 'NONE', *, *, #5368, .F. ) ;
#4865 = ORIENTED_EDGE ( 'NONE', *, *, #4614, .T. ) ;
#4866 =( NAMED_UNIT ( * ) SI_UNIT ( $, .STERADIAN. ) SOLID_ANGLE_UNIT ( ) );
#4867 = CARTESIAN_POINT ( 'NONE',  ( 2.399999999999999911, 8.200000000000001066, -2.862560681041949717 ) ) ;
#4868 = FILL_AREA_STYLE ('',( #6077 ) ) ;
#4869 = SURFACE_SIDE_STYLE ('',( #2553 ) ) ;
#4870 =( LENGTH_UNIT ( ) NAMED_UNIT ( * ) SI_UNIT ( .MILLI., .METRE. ) );
#4871 = FILL_AREA_STYLE ('',( #2031 ) ) ;
#4872 = EDGE_CURVE ( 'NONE', #4500, #6139, #2564, .T. ) ;
#4873 = VECTOR ( 'NONE', #3906, 1000.000000000000000 ) ;
#4874 = B_SPLINE_CURVE_WITH_KNOTS ( 'NONE', 3,
 ( #4992, #1040, #2311, #1120, #4543 ),
 .UNSPECIFIED., .F., .F.,
 ( 4, 1, 4 ),
 ( 0.000000000000000000, 0.5000000000000000000, 1.000000000000000000 ),
 .UNSPECIFIED. ) ;
#4875 = FILL_AREA_STYLE_COLOUR ( '', #6950 ) ;
#4876 = CARTESIAN_POINT ( 'NONE',  ( 0.09999999999999770184, 7.100000000000000533, -6.649999999999999467 ) ) ;
#4877 = VERTEX_POINT ( 'NONE', #2006 ) ;
#4878 = CARTESIAN_POINT ( 'NONE',  ( 0.1000000000000079992, 7.649999999999999467, 0.8500000000000560441 ) ) ;
#4879 = CARTESIAN_POINT ( 'NONE',  ( 11.00000000000000000, 7.649999999999999467, 0.3500000000000380029 ) ) ;
#4880 = DIRECTION ( 'NONE',  ( -1.748601263784619973E-15, 0.000000000000000000, -1.000000000000000000 ) ) ;
#4881 = PRESENTATION_STYLE_ASSIGNMENT (( #4276 ) ) ;
#4882 = CARTESIAN_POINT ( 'NONE',  ( -0.1999999927999945026, 4.200000000000000178, -3.560000005399944545 ) ) ;
#4883 = ADVANCED_FACE ( 'NONE', ( #4842 ), #4158, .F. ) ;
#4884 = ORIENTED_EDGE ( 'NONE', *, *, #1036, .T. ) ;
#4885 = AXIS2_PLACEMENT_3D ( 'NONE', #4159, #4665, #5738 ) ;
#4886 = PRESENTATION_LAYER_ASSIGNMENT (  '', '', ( #1938 ) ) ;
#4887 = LINE ( 'NONE', #3072, #4832 ) ;
#4888 = ORIENTED_EDGE ( 'NONE', *, *, #2587, .T. ) ;
#4889 = CARTESIAN_POINT ( 'NONE',  ( 0.6000000000000089706, 8.200000000000001066, 1.395555555000054015 ) ) ;
#4890 = AXIS2_PLACEMENT_3D ( 'NONE', #2049, #1466, #7065 ) ;
#4891 = LINE ( 'NONE', #1506, #4032 ) ;
#4892 = DIRECTION ( 'NONE',  ( -1.748601263784619973E-15, 0.000000000000000000, -1.000000000000000000 ) ) ;
#4893 = FACE_OUTER_BOUND ( 'NONE', #5126, .T. ) ;
#4894 = CARTESIAN_POINT ( 'NONE',  ( 9.799999999999998934, 7.894714285714319324, 0.6000000000000389466 ) ) ;
#4895 = EDGE_LOOP ( 'NONE', ( #4392, #635, #453, #3033 ) ) ;
#4896 = DIRECTION ( 'NONE',  ( -1.748601263784619973E-15, 0.000000000000000000, -1.000000000000000000 ) ) ;
#4897 = CONICAL_SURFACE ( 'NONE', #2071, 3.049999998679999269, 0.1526493283952321811 ) ;
#4898 =( NAMED_UNIT ( * ) PLANE_ANGLE_UNIT ( ) SI_UNIT ( $, .RADIAN. ) );
#4899 = COLOUR_RGB ( '',1.000000000000000000, 1.000000000000000000, 1.000000000000000000 ) ;
#4900 = EDGE_LOOP ( 'NONE', ( #742, #6547, #3973, #2056 ) ) ;
#4901 = ORIENTED_EDGE ( 'NONE', *, *, #6002, .F. ) ;
#4902 = EDGE_CURVE ( 'NONE', #2751, #2283, #922, .T. ) ;
#4903 = DIRECTION ( 'NONE',  ( 0.9883716976506232710, -0.1520571842539020224, 0.000000000000000000 ) ) ;
#4904 = SURFACE_STYLE_USAGE ( .BOTH. , #6527 ) ;
#4905 = SURFACE_STYLE_FILL_AREA ( #6724 ) ;
#4906 =( NAMED_UNIT ( * ) SI_UNIT ( $, .STERADIAN. ) SOLID_ANGLE_UNIT ( ) );
#4907 = AXIS2_PLACEMENT_3D ( 'NONE', #5809, #5283, #4698 ) ;
#4908 = VECTOR ( 'NONE', #3767, 1000.000000000000000 ) ;
#4909 = MECHANICAL_DESIGN_GEOMETRIC_PRESENTATION_REPRESENTATION (  '', ( #5489 ), #2331 ) ;
#4910 = CARTESIAN_POINT ( 'NONE',  ( -0.1999999927999945026, 4.200000000000000178, -3.560000005399944545 ) ) ;
#4911 = SURFACE_SIDE_STYLE ('',( #443 ) ) ;
#4912 = ORIENTED_EDGE ( 'NONE', *, *, #4445, .F. ) ;
#4913 = DIRECTION ( 'NONE',  ( -1.644517855226009970E-15, 1.000000000000000000, 0.000000000000000000 ) ) ;
#4914 = DIRECTION ( 'NONE',  ( 1.000000000000000000, 1.644517855226009970E-15, 0.000000000000000000 ) ) ;
#4915 = AXIS2_PLACEMENT_3D ( 'NONE', #2288, #2249, #5518 ) ;
#4916 = FILL_AREA_STYLE_COLOUR ( '', #3692 ) ;
#4917 = ADVANCED_FACE ( 'NONE', ( #1967 ), #3617, .F. ) ;
#4918 = FILL_AREA_STYLE_COLOUR ( '', #5587 ) ;
#4919 = ORIENTED_EDGE ( 'NONE', *, *, #3014, .T. ) ;
#4920 = COLOUR_RGB ( '',1.000000000000000000, 1.000000000000000000, 1.000000000000000000 ) ;
#4921 = CARTESIAN_POINT ( 'NONE',  ( 1.400000000000002576, 8.959486922696665800, 1.347954109665052247 ) ) ;
#4922 = EDGE_LOOP ( 'NONE', ( #5225, #3962, #4192, #4115 ) ) ;
#4923 = CARTESIAN_POINT ( 'NONE',  ( 1.399999999999999911, 7.649999999999999467, 0.8500000000000539346 ) ) ;
#4924 =( NAMED_UNIT ( * ) PLANE_ANGLE_UNIT ( ) SI_UNIT ( $, .RADIAN. ) );
#4925 = FILL_AREA_STYLE_COLOUR ( '', #3095 ) ;
#4926 = ORIENTED_EDGE ( 'NONE', *, *, #4414, .F. ) ;
#4927 = ADVANCED_FACE ( 'NONE', ( #6161 ), #6701, .F. ) ;
#4928 = VERTEX_POINT ( 'NONE', #6579 ) ;
#4929 = AXIS2_PLACEMENT_3D ( 'NONE', #958, #2108, #6006 ) ;
#4930 = EDGE_CURVE ( 'NONE', #6840, #704, #6736, .T. ) ;
#4931 = DIRECTION ( 'NONE',  ( -0.8000000000000000444, -1.315614284180805925E-15, -0.5999999999999999778 ) ) ;
#4932 = CARTESIAN_POINT ( 'NONE',  ( 1.250000000000019984, -0.2499999999999890088, 0.6000000000000549338 ) ) ;
#4933 = EDGE_LOOP ( 'NONE', ( #3727, #3561, #7168, #3920, #7063 ) ) ;
#4934 = DIRECTION ( 'NONE',  ( 1.748601263784619973E-15, 0.000000000000000000, 1.000000000000000000 ) ) ;
#4935 = CARTESIAN_POINT ( 'NONE',  ( 2.399999999999999911, 7.100000000000000533, -5.549999999999999822 ) ) ;
#4936 = VECTOR ( 'NONE', #1618, 1000.000000000000114 ) ;
#4937 = VERTEX_POINT ( 'NONE', #1030 ) ;
#4938 = ORIENTED_EDGE ( 'NONE', *, *, #2792, .F. ) ;
#4939 = CARTESIAN_POINT ( 'NONE',  ( 11.00000000000000000, 3.750000000000000000, -6.649999999999999467 ) ) ;
#4940 = CARTESIAN_POINT ( 'NONE',  ( 2.399999999999999911, 8.200000000000001066, -6.124841765812949923 ) ) ;
#4941 = LINE ( 'NONE', #438, #6907 ) ;
#4942 = FACE_OUTER_BOUND ( 'NONE', #2065, .T. ) ;
#4943 = LINE ( 'NONE', #4345, #7048 ) ;
#4944 = MECHANICAL_DESIGN_GEOMETRIC_PRESENTATION_REPRESENTATION (  '', ( #3583 ), #4828 ) ;
#4945 = PLANE ( 'NONE',  #816 ) ;
#4946 = FILL_AREA_STYLE ('',( #961 ) ) ;
#4947 = ORIENTED_EDGE ( 'NONE', *, *, #6559, .F. ) ;
#4948 = DIRECTION ( 'NONE',  ( -1.748601263784619973E-15, 0.000000000000000000, -1.000000000000000000 ) ) ;
#4949 = FILL_AREA_STYLE_COLOUR ( '', #2501 ) ;
#4950 = LINE ( 'NONE', #5648, #4397 ) ;
#4951 = FACE_OUTER_BOUND ( 'NONE', #7292, .T. ) ;
#4952 = ORIENTED_EDGE ( 'NONE', *, *, #5412, .F. ) ;
#4953 = LINE ( 'NONE', #6740, #4701 ) ;
#4954 = EDGE_LOOP ( 'NONE', ( #6456, #6041, #5451, #4418 ) ) ;
#4955 = DIRECTION ( 'NONE',  ( -1.668003342285390072E-15, -9.141756966054089327E-31, -1.000000000000000000 ) ) ;
#4956 = PLANE ( 'NONE',  #4885 ) ;
#4957 = FACE_OUTER_BOUND ( 'NONE', #5470, .T. ) ;
#4958 = ORIENTED_EDGE ( 'NONE', *, *, #2716, .F. ) ;
#4959 = ORIENTED_EDGE ( 'NONE', *, *, #748, .F. ) ;
#4960 = DIRECTION ( 'NONE',  ( -1.644517855226009970E-15, 1.000000000000000000, 2.890435660536364970E-30 ) ) ;
#4961 = EDGE_LOOP ( 'NONE', ( #4884, #4279, #3809, #2415 ) ) ;
#4962 = CARTESIAN_POINT ( 'NONE',  ( -0.1999999927999875082, 4.200000000000000178, 0.2600000054000585203 ) ) ;
#4963 = DIRECTION ( 'NONE',  ( 1.000000000000000000, 0.000000000000000000, -1.748601263784619973E-15 ) ) ;
#4964 = VERTEX_POINT ( 'NONE', #3257 ) ;
#4965 = SURFACE_SIDE_STYLE ('',( #2165 ) ) ;
#4966 = AXIS2_PLACEMENT_3D ( 'NONE', #5655, #2600, #3105 ) ;
#4967 = ADVANCED_FACE ( 'NONE', ( #3785 ), #2080, .F. ) ;
#4968 = PLANE ( 'NONE',  #3028 ) ;
#4969 = ORIENTED_EDGE ( 'NONE', *, *, #2414, .T. ) ;
#4970 = ORIENTED_EDGE ( 'NONE', *, *, #7077, .T. ) ;
#4971 = CARTESIAN_POINT ( 'NONE',  ( 0.3996711088699954617, 8.200000000000311928, -5.968996968366940159 ) ) ;
#4972 = COLOUR_RGB ( '',0.2862745098039215508, 0.6431372549019607199, 0.8666666666666666963 ) ;
#4973 = CARTESIAN_POINT ( 'NONE',  ( 10.33503886471859978, 5.302301713120030513, -1.987493498578964957 ) ) ;
#4974 = DIRECTION ( 'NONE',  ( 1.000000000000000000, 1.644517855226009970E-15, 0.000000000000000000 ) ) ;
#4975 =( LENGTH_UNIT ( ) NAMED_UNIT ( * ) SI_UNIT ( .MILLI., .METRE. ) );
#4976 =( NAMED_UNIT ( * ) SI_UNIT ( $, .STERADIAN. ) SOLID_ANGLE_UNIT ( ) );
#4977 = SURFACE_STYLE_FILL_AREA ( #4946 ) ;
#4978 = ORIENTED_EDGE ( 'NONE', *, *, #5874, .T. ) ;
#4979 = FACE_OUTER_BOUND ( 'NONE', #798, .T. ) ;
#4980 =( NAMED_UNIT ( * ) SI_UNIT ( $, .STERADIAN. ) SOLID_ANGLE_UNIT ( ) );
#4981 = CARTESIAN_POINT ( 'NONE',  ( 1.500000000000000000, 8.200000000000001066, -3.684999999999944986 ) ) ;
#4982 = DIRECTION ( 'NONE',  ( -1.000000000000000000, 0.000000000000000000, 1.748601263784619973E-15 ) ) ;
#4983 = CARTESIAN_POINT ( 'NONE',  ( 9.799999999999998934, 7.894714285714319324, 1.100000000000040057 ) ) ;
#4984 = FILL_AREA_STYLE_COLOUR ( '', #4758 ) ;
#4985 = AXIS2_PLACEMENT_3D ( 'NONE', #1871, #6408, #6894 ) ;
#4986 = CARTESIAN_POINT ( 'NONE',  ( 1.800000000000000044, 6.844714285714309732, 0.3500000000000534905 ) ) ;
#4987 = STYLED_ITEM ( 'NONE', ( #3886 ), #6140 ) ;
#4988 = PRESENTATION_LAYER_ASSIGNMENT (  '', '', ( #4036 ) ) ;
#4989 = ORIENTED_EDGE ( 'NONE', *, *, #3537, .T. ) ;
#4990 = ADVANCED_FACE ( 'NONE', ( #1111 ), #5168, .F. ) ;
#4991 = DIRECTION ( 'NONE',  ( -1.000000000000000000, 1.134242272754066116E-14, 1.668003342285391452E-15 ) ) ;
#4992 = CARTESIAN_POINT ( 'NONE',  ( 9.700000000000001066, 5.400000000000000355, -6.271320343559959376 ) ) ;
#4993 = CARTESIAN_POINT ( 'NONE',  ( 0.6999999999999999556, 8.200000000000001066, -4.689999999999939995 ) ) ;
#4994 =( GEOMETRIC_REPRESENTATION_CONTEXT ( 3 ) GLOBAL_UNCERTAINTY_ASSIGNED_CONTEXT ( ( #6642 ) ) GLOBAL_UNIT_ASSIGNED_CONTEXT ( ( #4623, #753, #3444 ) ) REPRESENTATION_CONTEXT ( 'NONE', 'WORKASPACE' ) );
#4995 = EDGE_CURVE ( 'NONE', #5030, #2890, #4530, .T. ) ;
#4996 = ORIENTED_EDGE ( 'NONE', *, *, #907, .F. ) ;
#4997 = ORIENTED_EDGE ( 'NONE', *, *, #2066, .F. ) ;
#4998 = SURFACE_STYLE_USAGE ( .BOTH. , #982 ) ;
#4999 = VECTOR ( 'NONE', #3945, 1000.000000000000000 ) ;
#5000 = ORIENTED_EDGE ( 'NONE', *, *, #2414, .F. ) ;
#5001 = VECTOR ( 'NONE', #6046, 1000.000000000000000 ) ;
#5002 = VECTOR ( 'NONE', #3701, 1000.000000000000000 ) ;
#5003 = SURFACE_SIDE_STYLE ('',( #3960 ) ) ;
#5004 = DIRECTION ( 'NONE',  ( 1.748601263784619973E-15, -1.482966057179082177E-32, 1.000000000000000000 ) ) ;
#5005 = DIRECTION ( 'NONE',  ( -0.3162277660168066329, -5.200422075328728817E-16, 0.9486832980505243151 ) ) ;
#5006 =( LENGTH_UNIT ( ) NAMED_UNIT ( * ) SI_UNIT ( .MILLI., .METRE. ) );
#5007 = EDGE_CURVE ( 'NONE', #3320, #5318, #640, .T. ) ;
#5008 = PLANE ( 'NONE',  #5249 ) ;
#5009 = UNCERTAINTY_MEASURE_WITH_UNIT (LENGTH_MEASURE( 1.000000000000000082E-05 ), #30, 'distance_accuracy_value', 'NONE');
#5010 = AXIS2_PLACEMENT_3D ( 'NONE', #5034, #5110, #1013 ) ;
#5011 = DIRECTION ( 'NONE',  ( -1.748601263784619973E-15, 0.000000000000000000, -1.000000000000000000 ) ) ;
#5012 = ORIENTED_EDGE ( 'NONE', *, *, #5007, .T. ) ;
#5013 = VECTOR ( 'NONE', #7016, 1000.000000000000000 ) ;
#5014 = SURFACE_STYLE_USAGE ( .BOTH. , #6722 ) ;
#5015 = DIRECTION ( 'NONE',  ( 1.748601263784619973E-15, 0.000000000000000000, 1.000000000000000000 ) ) ;
#5016 = STYLED_ITEM ( 'NONE', ( #2614 ), #6774 ) ;
#5017 = EDGE_LOOP ( 'NONE', ( #6499, #254, #1989, #5976 ) ) ;
#5018 = EDGE_CURVE ( 'NONE', #2751, #2914, #6807, .T. ) ;
#5019 = PRESENTATION_STYLE_ASSIGNMENT (( #6575 ) ) ;
#5020 = ORIENTED_EDGE ( 'NONE', *, *, #6331, .T. ) ;
#5021 = DIRECTION ( 'NONE',  ( 0.000000000000000000, 2.890435660536364970E-30, -1.000000000000000000 ) ) ;
#5022 = DIRECTION ( 'NONE',  ( -0.9428090415820746806, 0.2357022603954919138, 0.2357022603954949114 ) ) ;
#5023 = DIRECTION ( 'NONE',  ( 1.748601263784619973E-15, 0.000000000000000000, 1.000000000000000000 ) ) ;
#5024 = DIRECTION ( 'NONE',  ( 1.801095893066395237E-14, 1.000000000000000000, -1.965547678589005069E-14 ) ) ;
#5025 = DIRECTION ( 'NONE',  ( -0.7427813513546573931, 0.3713906757630267008, -0.5570860167299402921 ) ) ;
#5026 = CARTESIAN_POINT ( 'NONE',  ( 9.700000000000001066, 5.400000000000000355, 3.350000000000055156 ) ) ;
#5027 = SURFACE_STYLE_USAGE ( .BOTH. , #3990 ) ;
#5028 = VERTEX_POINT ( 'NONE', #6354 ) ;
#5029 = AXIS2_PLACEMENT_3D ( 'NONE', #721, #3995, #6962 ) ;
#5030 = VERTEX_POINT ( 'NONE', #2261 ) ;
#5031 = PRESENTATION_STYLE_ASSIGNMENT (( #7254 ) ) ;
#5032 = AXIS2_PLACEMENT_3D ( 'NONE', #2299, #3468, #1151 ) ;
#5033 = FACE_OUTER_BOUND ( 'NONE', #6237, .T. ) ;
#5034 = CARTESIAN_POINT ( 'NONE',  ( 0.1000000000000166034, 7.649999999999999467, 5.850000000000000533 ) ) ;
#5035 = ORIENTED_EDGE ( 'NONE', *, *, #3537, .F. ) ;
#5036 = ADVANCED_FACE ( 'NONE', ( #5055 ), #3086, .T. ) ;
#5037 = CARTESIAN_POINT ( 'NONE',  ( 0.1000000000000000056, 10.59999999999999964, 3.350000000000055156 ) ) ;
#5038 = LINE ( 'NONE', #6147, #49 ) ;
#5039 = ORIENTED_EDGE ( 'NONE', *, *, #3073, .T. ) ;
#5040 = CIRCLE ( 'NONE', #1874, 1.350000000000000089 ) ;
#5041 = AXIS2_PLACEMENT_3D ( 'NONE', #3712, #5446, #2029 ) ;
#5042 =( LENGTH_UNIT ( ) NAMED_UNIT ( * ) SI_UNIT ( .MILLI., .METRE. ) );
#5043 = EDGE_CURVE ( 'NONE', #7014, #2740, #1807, .T. ) ;
#5044 = CIRCLE ( 'NONE', #2932, 2.950000000000001510 ) ;
#5045 = ORIENTED_EDGE ( 'NONE', *, *, #1358, .F. ) ;
#5046 = VECTOR ( 'NONE', #5719, 1000.000000000000000 ) ;
#5047 =( NAMED_UNIT ( * ) PLANE_ANGLE_UNIT ( ) SI_UNIT ( $, .RADIAN. ) );
#5048 = SURFACE_STYLE_USAGE ( .BOTH. , #1187 ) ;
#5049 = CARTESIAN_POINT ( 'NONE',  ( 1.500000000000000000, 8.200000000000001066, -4.639999999999999680 ) ) ;
#5050 = ORIENTED_EDGE ( 'NONE', *, *, #2477, .F. ) ;
#5051 = CARTESIAN_POINT ( 'NONE',  ( 0.1000000000000000056, 5.400000000000000355, -6.649999999999999467 ) ) ;
#5052 = COLOUR_RGB ( '',1.000000000000000000, 1.000000000000000000, 1.000000000000000000 ) ;
#5053 = CARTESIAN_POINT ( 'NONE',  ( 0.09999999999999420464, 8.200000000000001066, -6.649999999999999467 ) ) ;
#5054 = CARTESIAN_POINT ( 'NONE',  ( 2.149999999999999911, 3.975000000000000089, -4.149999999999945288 ) ) ;
#5055 = FACE_OUTER_BOUND ( 'NONE', #6065, .T. ) ;
#5056 = CARTESIAN_POINT ( 'NONE',  ( 11.00000000000000000, 5.400000000000000355, -16.65000000000000213 ) ) ;
#5057 = ORIENTED_EDGE ( 'NONE', *, *, #6104, .T. ) ;
#5058 = MECHANICAL_DESIGN_GEOMETRIC_PRESENTATION_REPRESENTATION (  '', ( #7068 ), #1633 ) ;
#5059 = LINE ( 'NONE', #6773, #4215 ) ;
#5060 = ORIENTED_EDGE ( 'NONE', *, *, #692, .F. ) ;
#5061 = CARTESIAN_POINT ( 'NONE',  ( 0.5341344524222254586, 9.414262687446186106, 0.3500000000000562106 ) ) ;
#5062 = PRESENTATION_STYLE_ASSIGNMENT (( #11 ) ) ;
#5063 =( NAMED_UNIT ( * ) PLANE_ANGLE_UNIT ( ) SI_UNIT ( $, .RADIAN. ) );
#5064 = DIRECTION ( 'NONE',  ( -0.1520571842539020224, -2.500607545209354483E-16, 0.9883716976506232710 ) ) ;
#5065 = ORIENTED_EDGE ( 'NONE', *, *, #4414, .T. ) ;
#5066 = VERTEX_POINT ( 'NONE', #673 ) ;
#5067 = ORIENTED_EDGE ( 'NONE', *, *, #3540, .T. ) ;
#5068 = EDGE_CURVE ( 'NONE', #5533, #1658, #2955, .T. ) ;
#5069 = CARTESIAN_POINT ( 'NONE',  ( 3.950000000000000178, 7.649999999999999467, 0.8500000000000499378 ) ) ;
#5070 = SURFACE_SIDE_STYLE ('',( #4510 ) ) ;
#5071 = SURFACE_SIDE_STYLE ('',( #6252 ) ) ;
#5072 = DIRECTION ( 'NONE',  ( -1.000000000000000000, -1.610862132432484866E-15, 1.669819989543990066E-15 ) ) ;
#5073 = CARTESIAN_POINT ( 'NONE',  ( -0.5999999999999909850, 4.200000000000000178, -2.349999999999945022 ) ) ;
#5074 = UNCERTAINTY_MEASURE_WITH_UNIT (LENGTH_MEASURE( 1.000000000000000082E-05 ), #35, 'distance_accuracy_value', 'NONE');
#5075 = COLOUR_RGB ( '',0.2862745098039215508, 0.6431372549019607199, 0.8666666666666666963 ) ;
#5076 =( NAMED_UNIT ( * ) PLANE_ANGLE_UNIT ( ) SI_UNIT ( $, .RADIAN. ) );
#5077 = SURFACE_SIDE_STYLE ('',( #1760 ) ) ;
#5078 = EDGE_CURVE ( 'NONE', #331, #6120, #1853, .T. ) ;
#5079 = CARTESIAN_POINT ( 'NONE',  ( -0.5999999999999999778, 8.800000000000000711, -3.259999999999944720 ) ) ;
#5080 = DIRECTION ( 'NONE',  ( -1.858632295689436004E-15, 0.000000000000000000, -1.000000000000000000 ) ) ;
#5081 = AXIS2_PLACEMENT_3D ( 'NONE', #6988, #4236, #1922 ) ;
#5082 = LINE ( 'NONE', #630, #5116 ) ;
#5083 = CARTESIAN_POINT ( 'NONE',  ( 0.1000000000000061950, 7.100000000000000533, -1.149999999999942180 ) ) ;
#5084 = EDGE_CURVE ( 'NONE', #2781, #7200, #6390, .T. ) ;
#5085 = ORIENTED_EDGE ( 'NONE', *, *, #7271, .T. ) ;
#5086 =( GEOMETRIC_REPRESENTATION_CONTEXT ( 3 ) GLOBAL_UNCERTAINTY_ASSIGNED_CONTEXT ( ( #4479 ) ) GLOBAL_UNIT_ASSIGNED_CONTEXT ( ( #115, #6768, #40 ) ) REPRESENTATION_CONTEXT ( 'NONE', 'WORKASPACE' ) );
#5087 = CARTESIAN_POINT ( 'NONE',  ( -1.000000000000000000, 10.75000000000000000, -2.349999999999945022 ) ) ;
#5088 = EDGE_LOOP ( 'NONE', ( #82, #5039, #53, #1473, #6936, #1419, #3273, #5876, #6940, #4947, #1509, #4383, #6961, #709 ) ) ;
#5089 = CARTESIAN_POINT ( 'NONE',  ( 0.2019956826000045003, 8.199999999999310063, -1.071903056252941910 ) ) ;
#5090 = CARTESIAN_POINT ( 'NONE',  ( -0.5999999999999859890, 4.200000000000000178, -0.03999999999994109656 ) ) ;
#5091 = LINE ( 'NONE', #7341, #6667 ) ;
#5092 = EDGE_CURVE ( 'NONE', #6434, #1231, #297, .T. ) ;
#5093 = DIRECTION ( 'NONE',  ( 1.644517855226009970E-15, -1.000000000000000000, 0.000000000000000000 ) ) ;
#5094 = STYLED_ITEM ( 'NONE', ( #2429 ), #84 ) ;
#5095 = PRESENTATION_LAYER_ASSIGNMENT (  '', '', ( #935 ) ) ;
#5096 = EDGE_LOOP ( 'NONE', ( #2487, #3203, #6018, #4278, #3648, #881 ) ) ;
#5097 = VECTOR ( 'NONE', #6007, 1000.000000000000000 ) ;
#5098 = EDGE_LOOP ( 'NONE', ( #2605, #2124, #7252, #6096, #1950 ) ) ;
#5099 = PLANE ( 'NONE',  #6475 ) ;
#5100 = SURFACE_STYLE_FILL_AREA ( #2843 ) ;
#5101 =( NAMED_UNIT ( * ) PLANE_ANGLE_UNIT ( ) SI_UNIT ( $, .RADIAN. ) );
#5102 =( NAMED_UNIT ( * ) SI_UNIT ( $, .STERADIAN. ) SOLID_ANGLE_UNIT ( ) );
#5103 = ORIENTED_EDGE ( 'NONE', *, *, #595, .F. ) ;
#5104 = VERTEX_POINT ( 'NONE', #4186 ) ;
#5105 = EDGE_LOOP ( 'NONE', ( #5065, #3415, #4401, #2718, #7272, #3240, #1674, #420, #6785, #3754, #5268, #4771, #4269, #5067, #6699, #6561, #179 ) ) ;
#5106 =( GEOMETRIC_REPRESENTATION_CONTEXT ( 3 ) GLOBAL_UNCERTAINTY_ASSIGNED_CONTEXT ( ( #1326 ) ) GLOBAL_UNIT_ASSIGNED_CONTEXT ( ( #5970, #7049, #4906 ) ) REPRESENTATION_CONTEXT ( 'NONE', 'WORKASPACE' ) );
#5107 = DIRECTION ( 'NONE',  ( -1.000000000000000000, -1.610862132432484866E-15, 1.669819989543990066E-15 ) ) ;
#5108 =( NAMED_UNIT ( * ) PLANE_ANGLE_UNIT ( ) SI_UNIT ( $, .RADIAN. ) );
#5109 = ORIENTED_EDGE ( 'NONE', *, *, #4282, .F. ) ;
#5110 = DIRECTION ( 'NONE',  ( 1.000000000000000000, 1.644517855226009970E-15, -1.748601263784619973E-15 ) ) ;
#5111 = ORIENTED_EDGE ( 'NONE', *, *, #6081, .T. ) ;
#5112 = UNCERTAINTY_MEASURE_WITH_UNIT (LENGTH_MEASURE( 1.000000000000000082E-05 ), #5374, 'distance_accuracy_value', 'NONE');
#5113 = AXIS2_PLACEMENT_3D ( 'NONE', #2979, #32, #5264 ) ;
#5114 = ADVANCED_FACE ( 'NONE', ( #4151 ), #1957, .F. ) ;
#5115 = SURFACE_STYLE_USAGE ( .BOTH. , #1096 ) ;
#5116 = VECTOR ( 'NONE', #2366, 1000.000000000000000 ) ;
#5117 = STYLED_ITEM ( 'NONE', ( #3687 ), #1355 ) ;
#5118 = STYLED_ITEM ( 'NONE', ( #2551 ), #5693 ) ;
#5119 = UNCERTAINTY_MEASURE_WITH_UNIT (LENGTH_MEASURE( 1.000000000000000082E-05 ), #153, 'distance_accuracy_value', 'NONE');
#5120 = STYLED_ITEM ( 'NONE', ( #2099 ), #746 ) ;
#5121 = PRESENTATION_STYLE_ASSIGNMENT (( #5756 ) ) ;
#5122 = SURFACE_STYLE_USAGE ( .BOTH. , #2978 ) ;
#5123 =( NAMED_UNIT ( * ) PLANE_ANGLE_UNIT ( ) SI_UNIT ( $, .RADIAN. ) );
#5124 = COLOUR_RGB ( '',0.2862745098039215508, 0.6431372549019607199, 0.8666666666666666963 ) ;
#5125 = EDGE_CURVE ( 'NONE', #2646, #6197, #6030, .T. ) ;
#5126 = EDGE_LOOP ( 'NONE', ( #6741, #2547, #7323, #7290 ) ) ;
#5127 = SURFACE_STYLE_USAGE ( .BOTH. , #3546 ) ;
#5128 = FILL_AREA_STYLE ('',( #2222 ) ) ;
#5129 = DIRECTION ( 'NONE',  ( 1.644517855225954947E-15, -1.000000000000000000, 0.000000000000000000 ) ) ;
#5130 = ORIENTED_EDGE ( 'NONE', *, *, #2922, .T. ) ;
#5131 = SURFACE_SIDE_STYLE ('',( #5166 ) ) ;
#5132 = SURFACE_STYLE_USAGE ( .BOTH. , #2302 ) ;
#5133 = CARTESIAN_POINT ( 'NONE',  ( 9.700000000000001066, 12.25000000000000000, -3.449999999999960210 ) ) ;
#5134 = CARTESIAN_POINT ( 'NONE',  ( 2.399999999999999911, 10.59999999999999964, -4.649999999999999467 ) ) ;
#5135 = PLANE ( 'NONE',  #1208 ) ;
#5136 = EDGE_CURVE ( 'NONE', #7041, #2376, #4261, .T. ) ;
#5137 = DIRECTION ( 'NONE',  ( 1.000000000000000000, 1.644517855226009970E-15, -1.748601263784619973E-15 ) ) ;
#5138 = COLOUR_RGB ( '',1.000000000000000000, 1.000000000000000000, 1.000000000000000000 ) ;
#5139 = ORIENTED_EDGE ( 'NONE', *, *, #4547, .F. ) ;
#5140 = MECHANICAL_DESIGN_GEOMETRIC_PRESENTATION_REPRESENTATION (  '', ( #6798 ), #6689 ) ;
#5141 = CARTESIAN_POINT ( 'NONE',  ( 1.398548747334995790, 8.959230384172011341, -4.649999999999939959 ) ) ;
#5142 = PLANE ( 'NONE',  #2463 ) ;
#5143 = SURFACE_STYLE_USAGE ( .BOTH. , #4064 ) ;
#5144 =( NAMED_UNIT ( * ) SI_UNIT ( $, .STERADIAN. ) SOLID_ANGLE_UNIT ( ) );
#5145 = ORIENTED_EDGE ( 'NONE', *, *, #2365, .T. ) ;
#5146 = EDGE_CURVE ( 'NONE', #6840, #2878, #3093, .T. ) ;
#5147 = DIRECTION ( 'NONE',  ( -1.748601263784619973E-15, 0.000000000000000000, -1.000000000000000000 ) ) ;
#5148 = FILL_AREA_STYLE_COLOUR ( '', #4119 ) ;
#5149 = DIRECTION ( 'NONE',  ( 1.000000000000000000, 1.644517855226009970E-15, -1.748601263784619973E-15 ) ) ;
#5150 =( NAMED_UNIT ( * ) SI_UNIT ( $, .STERADIAN. ) SOLID_ANGLE_UNIT ( ) );
#5151 = FACE_OUTER_BOUND ( 'NONE', #3622, .T. ) ;
#5152 = EDGE_CURVE ( 'NONE', #1768, #6826, #2476, .T. ) ;
#5153 = UNCERTAINTY_MEASURE_WITH_UNIT (LENGTH_MEASURE( 1.000000000000000082E-05 ), #1681, 'distance_accuracy_value', 'NONE');
#5154 = SURFACE_SIDE_STYLE ('',( #1790 ) ) ;
#5155 = EDGE_CURVE ( 'NONE', #2966, #4581, #5799, .T. ) ;
#5156 = FACE_OUTER_BOUND ( 'NONE', #3309, .T. ) ;
#5157 =( NAMED_UNIT ( * ) SI_UNIT ( $, .STERADIAN. ) SOLID_ANGLE_UNIT ( ) );
#5158 = UNCERTAINTY_MEASURE_WITH_UNIT (LENGTH_MEASURE( 1.000000000000000082E-05 ), #3891, 'distance_accuracy_value', 'NONE');
#5159 = CARTESIAN_POINT ( 'NONE',  ( 1.399999999999999911, 9.599999999999999645, 0.3500000000000550449 ) ) ;
#5160 = MECHANICAL_DESIGN_GEOMETRIC_PRESENTATION_REPRESENTATION (  '', ( #1983 ), #3522 ) ;
#5161 = ORIENTED_EDGE ( 'NONE', *, *, #1054, .T. ) ;
#5162 = FILL_AREA_STYLE_COLOUR ( '', #2107 ) ;
#5163 = PRESENTATION_LAYER_ASSIGNMENT (  '', '', ( #1001 ) ) ;
#5164 = VECTOR ( 'NONE', #6605, 1000.000000000000000 ) ;
#5165 = ORIENTED_EDGE ( 'NONE', *, *, #3371, .F. ) ;
#5166 = SURFACE_STYLE_FILL_AREA ( #4655 ) ;
#5167 = FACE_OUTER_BOUND ( 'NONE', #1037, .T. ) ;
#5168 = PLANE ( 'NONE',  #1788 ) ;
#5169 = PRESENTATION_STYLE_ASSIGNMENT (( #1338 ) ) ;
#5170 = VECTOR ( 'NONE', #795, 1000.000000000000000 ) ;
#5171 = ORIENTED_EDGE ( 'NONE', *, *, #799, .T. ) ;
#5172 = COLOUR_RGB ( '',0.2862745098039215508, 0.6431372549019607199, 0.8666666666666666963 ) ;
#5173 = CARTESIAN_POINT ( 'NONE',  ( 2.399999999999999911, 7.100000000000000533, 3.350000000000055156 ) ) ;
#5174 = CARTESIAN_POINT ( 'NONE',  ( 1.800000000000000044, 6.844714285714309732, 0.3600000000000530553 ) ) ;
#5175 = ORIENTED_EDGE ( 'NONE', *, *, #4140, .T. ) ;
#5176 = ORIENTED_EDGE ( 'NONE', *, *, #2844, .F. ) ;
#5177 = CIRCLE ( 'NONE', #5781, 2.950000000000001510 ) ;
#5178 = CARTESIAN_POINT ( 'NONE',  ( 2.399999999999999911, 7.649999999999999467, -4.149999999999949729 ) ) ;
#5179 = PRESENTATION_STYLE_ASSIGNMENT (( #615 ) ) ;
#5180 = STYLED_ITEM ( 'NONE', ( #6857 ), #3019 ) ;
#5181 = PLANE ( 'NONE',  #4513 ) ;
#5182 = FILL_AREA_STYLE ('',( #4779 ) ) ;
#5183 = DIRECTION ( 'NONE',  ( -1.000000000000000000, -1.646090321422840048E-15, 1.748996735459560010E-15 ) ) ;
#5184 = UNCERTAINTY_MEASURE_WITH_UNIT (LENGTH_MEASURE( 1.000000000000000082E-05 ), #1635, 'distance_accuracy_value', 'NONE');
#5185 = LINE ( 'NONE', #764, #158 ) ;
#5186 = EDGE_CURVE ( 'NONE', #2127, #3892, #7083, .T. ) ;
#5187 = ADVANCED_BREP_SHAPE_REPRESENTATION ( 'TBP04R1-500-02BE', ( #6872, #6173 ), #7009 ) ;
#5188 = UNCERTAINTY_MEASURE_WITH_UNIT (LENGTH_MEASURE( 1.000000000000000082E-05 ), #2505, 'distance_accuracy_value', 'NONE');
#5189 = LINE ( 'NONE', #732, #5348 ) ;
#5190 = LINE ( 'NONE', #1286, #3821 ) ;
#5191 = FILL_AREA_STYLE ('',( #1287 ) ) ;
#5192 = EDGE_CURVE ( 'NONE', #1456, #6473, #1915, .T. ) ;
#5193 = CARTESIAN_POINT ( 'NONE',  ( 2.500000000000000000, 3.750000000000000000, 2.650000000000050093 ) ) ;
#5194 = SURFACE_STYLE_FILL_AREA ( #144 ) ;
#5195 = ORIENTED_EDGE ( 'NONE', *, *, #3761, .F. ) ;
#5196 = FILL_AREA_STYLE ('',( #4609 ) ) ;
#5197 = CARTESIAN_POINT ( 'NONE',  ( -0.1999999927999855098, 4.200000000000000178, 1.439999994600055899 ) ) ;
#5198 = DIRECTION ( 'NONE',  ( 1.000000000000000000, 1.644517855226009970E-15, -1.748601263784619973E-15 ) ) ;
#5199 = EDGE_LOOP ( 'NONE', ( #3219, #3317, #7251, #1048 ) ) ;
#5200 = CARTESIAN_POINT ( 'NONE',  ( 0.7500000000000129896, -0.2499999999999905076, -3.899999999999944844 ) ) ;
#5201 = FACE_OUTER_BOUND ( 'NONE', #4324, .T. ) ;
#5202 = CARTESIAN_POINT ( 'NONE',  ( 9.700000000000001066, 10.59999999999999964, -3.449999999999960210 ) ) ;
#5203 = PRESENTATION_STYLE_ASSIGNMENT (( #1 ) ) ;
#5204 = CIRCLE ( 'NONE', #4368, 1.300000000000000266 ) ;
#5205 = CARTESIAN_POINT ( 'NONE',  ( 0.1000000000000000056, 5.400000000000000355, -6.150000000000000355 ) ) ;
#5206 = DIRECTION ( 'NONE',  ( -0.8000000000000000444, -1.315614284180805925E-15, 0.5999999999999999778 ) ) ;
#5207 =( GEOMETRIC_REPRESENTATION_CONTEXT ( 3 ) GLOBAL_UNCERTAINTY_ASSIGNED_CONTEXT ( ( #1757 ) ) GLOBAL_UNIT_ASSIGNED_CONTEXT ( ( #1381, #7278, #3869 ) ) REPRESENTATION_CONTEXT ( 'NONE', 'WORKASPACE' ) );
#5208 = FACE_OUTER_BOUND ( 'NONE', #4830, .T. ) ;
#5209 = AXIS2_PLACEMENT_3D ( 'NONE', #1413, #304, #6361 ) ;
#5210 = ORIENTED_EDGE ( 'NONE', *, *, #4486, .T. ) ;
#5211 = EDGE_CURVE ( 'NONE', #771, #1544, #4739, .T. ) ;
#5212 = FILL_AREA_STYLE_COLOUR ( '', #519 ) ;
#5213 = FILL_AREA_STYLE ('',( #5148 ) ) ;
#5214 = DIRECTION ( 'NONE',  ( 1.644517855226009970E-15, -1.000000000000000000, -2.890435660536364970E-30 ) ) ;
#5215 = LINE ( 'NONE', #1254, #3096 ) ;
#5216 = DIRECTION ( 'NONE',  ( 1.000000000000000000, 1.644517855226009970E-15, -1.748601263784619973E-15 ) ) ;
#5217 = CONICAL_SURFACE ( 'NONE', #2046, 1.724999996680999459, 0.4636476090007538020 ) ;
#5218 = CIRCLE ( 'NONE', #6997, 1.350000000000000089 ) ;
#5219 = CARTESIAN_POINT ( 'NONE',  ( -0.9999999999999781286, 3.750000000000000000, 4.050000000000059330 ) ) ;
#5220 = PRESENTATION_LAYER_ASSIGNMENT (  '', '', ( #6043 ) ) ;
#5221 = STYLED_ITEM ( 'NONE', ( #1259 ), #2649 ) ;
#5222 = FILL_AREA_STYLE_COLOUR ( '', #2306 ) ;
#5223 =( NAMED_UNIT ( * ) SI_UNIT ( $, .STERADIAN. ) SOLID_ANGLE_UNIT ( ) );
#5224 =( NAMED_UNIT ( * ) SI_UNIT ( $, .STERADIAN. ) SOLID_ANGLE_UNIT ( ) );
#5225 = ORIENTED_EDGE ( 'NONE', *, *, #3949, .T. ) ;
#5226 = CARTESIAN_POINT ( 'NONE',  ( 2.399999999999999911, 7.100000000000000533, -5.549999999999999822 ) ) ;
#5227 = VECTOR ( 'NONE', #6503, 1000.000000000000000 ) ;
#5228 = DIRECTION ( 'NONE',  ( -1.000000000000000000, -1.644517855226009970E-15, 1.892425610156519735E-15 ) ) ;
#5229 = EDGE_LOOP ( 'NONE', ( #3864, #5794, #3075, #1184 ) ) ;
#5230 = AXIS2_PLACEMENT_3D ( 'NONE', #3505, #5755, #1835 ) ;
#5231 = LINE ( 'NONE', #3517, #1875 ) ;
#5232 = CARTESIAN_POINT ( 'NONE',  ( 0.1000000000000124123, 7.649999999999999467, 3.350000000000055156 ) ) ;
#5233 = LINE ( 'NONE', #4657, #1430 ) ;
#5234 = VECTOR ( 'NONE', #3672, 1000.000000000000000 ) ;
#5235 = EDGE_CURVE ( 'NONE', #5318, #5552, #4797, .T. ) ;
#5236 = MECHANICAL_DESIGN_GEOMETRIC_PRESENTATION_REPRESENTATION (  '', ( #751 ), #3956 ) ;
#5237 = SURFACE_SIDE_STYLE ('',( #157 ) ) ;
#5238 = EDGE_CURVE ( 'NONE', #2741, #1238, #4231, .T. ) ;
#5240 = PLANE ( 'NONE',  #2166 ) ;
#5239 = AXIS2_PLACEMENT_3D ( 'NONE', #6853, #1246, #4845 ) ;
#5241 = CARTESIAN_POINT ( 'NONE',  ( 1.500000000000000000, 6.479999999999999538, -3.649999999999944844 ) ) ;
#5242 = PLANE ( 'NONE',  #1379 ) ;
#5243 = COLOUR_RGB ( '',0.2862745098039215508, 0.6431372549019607199, 0.8666666666666666963 ) ;
#5244 =( GEOMETRIC_REPRESENTATION_CONTEXT ( 3 ) GLOBAL_UNCERTAINTY_ASSIGNED_CONTEXT ( ( #6225 ) ) GLOBAL_UNIT_ASSIGNED_CONTEXT ( ( #2776, #6782, #5657 ) ) REPRESENTATION_CONTEXT ( 'NONE', 'WORKASPACE' ) );
#5245 = PRESENTATION_STYLE_ASSIGNMENT (( #1306 ) ) ;
#5246 = FILL_AREA_STYLE ('',( #3001 ) ) ;
#5247 = ORIENTED_EDGE ( 'NONE', *, *, #5235, .F. ) ;
#5248 = ORIENTED_EDGE ( 'NONE', *, *, #2759, .T. ) ;
#5249 = AXIS2_PLACEMENT_3D ( 'NONE', #7260, #3889, #3348 ) ;
#5250 = UNCERTAINTY_MEASURE_WITH_UNIT (LENGTH_MEASURE( 1.000000000000000082E-05 ), #5652, 'distance_accuracy_value', 'NONE');
#5251 =( NAMED_UNIT ( * ) SI_UNIT ( $, .STERADIAN. ) SOLID_ANGLE_UNIT ( ) );
#5252 = CARTESIAN_POINT ( 'NONE',  ( 0.7000000000000130562, 6.250000000000000000, 2.650000000000054978 ) ) ;
#5253 = LINE ( 'NONE', #6861, #1799 ) ;
#5254 = COLOUR_RGB ( '',0.2862745098039215508, 0.6431372549019607199, 0.8666666666666666963 ) ;
#5255 = VECTOR ( 'NONE', #4934, 1000.000000000000000 ) ;
#5256 = CARTESIAN_POINT ( 'NONE',  ( 1.500000000000000000, 4.200000000000000178, 1.350000000000052047 ) ) ;
#5257 = VECTOR ( 'NONE', #322, 1000.000000000000000 ) ;
#5258 = ADVANCED_FACE ( 'NONE', ( #2030 ), #1267, .T. ) ;
#5259 = CARTESIAN_POINT ( 'NONE',  ( 11.00000000000000000, 11.75000000000000000, -5.049999999999999822 ) ) ;
#5260 = UNCERTAINTY_MEASURE_WITH_UNIT (LENGTH_MEASURE( 1.000000000000000082E-05 ), #2869, 'distance_accuracy_value', 'NONE');
#5261 = CARTESIAN_POINT ( 'NONE',  ( 0.7400000000000079847, 7.597309794603360977, 0.3500000000000550449 ) ) ;
#5262 = FILL_AREA_STYLE ('',( #4789 ) ) ;
#5263 = COLOUR_RGB ( '',0.2862745098039215508, 0.6431372549019607199, 0.8666666666666666963 ) ;
#5264 = DIRECTION ( 'NONE',  ( -1.000000000000000000, 0.000000000000000000, 1.748601263784619973E-15 ) ) ;
#5265 = ORIENTED_EDGE ( 'NONE', *, *, #5915, .F. ) ;
#5266 = PRESENTATION_STYLE_ASSIGNMENT (( #5825 ) ) ;
#5267 = SURFACE_STYLE_USAGE ( .BOTH. , #4227 ) ;
#5268 = ORIENTED_EDGE ( 'NONE', *, *, #5767, .F. ) ;
#5269 = EDGE_CURVE ( 'NONE', #7321, #1707, #4019, .T. ) ;
#5270 = DIRECTION ( 'NONE',  ( 5.567630161940740277E-09, -8.498344536895909625E-10, -1.000000000000000000 ) ) ;
#5271 = DIRECTION ( 'NONE',  ( -0.9238697708742995562, 0.3553345272593983473, 0.1421338109037015296 ) ) ;
#5272 = COLOUR_RGB ( '',1.000000000000000000, 1.000000000000000000, 1.000000000000000000 ) ;
#5273 = ORIENTED_EDGE ( 'NONE', *, *, #4902, .T. ) ;
#5274 = MECHANICAL_DESIGN_GEOMETRIC_PRESENTATION_REPRESENTATION (  '', ( #4331 ), #6583 ) ;
#5275 = DIRECTION ( 'NONE',  ( 0.000000000000000000, -1.000000000000000000, -4.111294638064594996E-16 ) ) ;
#5276 = ORIENTED_EDGE ( 'NONE', *, *, #4614, .F. ) ;
#5277 = FILL_AREA_STYLE_COLOUR ( '', #5263 ) ;
#5278 = DIRECTION ( 'NONE',  ( 0.9927080914950846546, -0.1205431253957961746, -1.735850623357524424E-15 ) ) ;
#5279 = VECTOR ( 'NONE', #6393, 1000.000000000000000 ) ;
#5280 = DIRECTION ( 'NONE',  ( -1.748601263784619973E-15, 0.000000000000000000, -1.000000000000000000 ) ) ;
#5281 = PRESENTATION_LAYER_ASSIGNMENT (  '', '', ( #6833 ) ) ;
#5282 = DIRECTION ( 'NONE',  ( -1.753020189562170168E-15, 3.225754734746094759E-18, -1.000000000000000000 ) ) ;
#5283 = DIRECTION ( 'NONE',  ( 1.000000000000000000, 1.644517855226009970E-15, -1.748601263784619973E-15 ) ) ;
#5284 = VERTEX_POINT ( 'NONE', #5141 ) ;
#5285 = ORIENTED_EDGE ( 'NONE', *, *, #3193, .F. ) ;
#5286 = VECTOR ( 'NONE', #6618, 1000.000000000000000 ) ;
#5287 = FILL_AREA_STYLE ('',( #6476 ) ) ;
#5288 = EDGE_LOOP ( 'NONE', ( #392, #1976, #2596, #1404 ) ) ;
#5289 = LINE ( 'NONE', #3190, #7085 ) ;
#5290 = FILL_AREA_STYLE_COLOUR ( '', #6969 ) ;
#5291 =( NAMED_UNIT ( * ) PLANE_ANGLE_UNIT ( ) SI_UNIT ( $, .RADIAN. ) );
#5292 = PLANE ( 'NONE',  #6074 ) ;
#5293 = FILL_AREA_STYLE ('',( #3600 ) ) ;
#5294 = CARTESIAN_POINT ( 'NONE',  ( 0.7399999999999999911, 4.200000000000000178, -3.649999999999944844 ) ) ;
#5295 = SURFACE_SIDE_STYLE ('',( #1399 ) ) ;
#5296 = CARTESIAN_POINT ( 'NONE',  ( 9.799999999999998934, 7.894714285714319324, 0.6000000000000389466 ) ) ;
#5297 = PRESENTATION_STYLE_ASSIGNMENT (( #5856 ) ) ;
#5298 = ORIENTED_EDGE ( 'NONE', *, *, #5192, .F. ) ;
#5299 = EDGE_CURVE ( 'NONE', #6506, #7194, #1817, .T. ) ;
#5300 = EDGE_LOOP ( 'NONE', ( #3142, #1377, #2103, #3233, #2827, #2980, #2638, #1629, #2709, #6199, #819, #5195 ) ) ;
#5301 =( NAMED_UNIT ( * ) PLANE_ANGLE_UNIT ( ) SI_UNIT ( $, .RADIAN. ) );
#5302 = FACE_OUTER_BOUND ( 'NONE', #5759, .T. ) ;
#5303 = DIRECTION ( 'NONE',  ( -1.000000000000000000, -1.610862132432484866E-15, 1.669819989543990066E-15 ) ) ;
#5304 = ADVANCED_FACE ( 'NONE', ( #3409 ), #1202, .F. ) ;
#5305 = CARTESIAN_POINT ( 'NONE',  ( 0.09999999999999420464, 8.200000000000001066, -6.649999999999999467 ) ) ;
#5306 = PRESENTATION_LAYER_ASSIGNMENT (  '', '', ( #5898 ) ) ;
#5307 = SURFACE_SIDE_STYLE ('',( #4692 ) ) ;
#5308 =( NAMED_UNIT ( * ) SI_UNIT ( $, .STERADIAN. ) SOLID_ANGLE_UNIT ( ) );
#5309 = ORIENTED_EDGE ( 'NONE', *, *, #3122, .F. ) ;
#5310 = ADVANCED_FACE ( 'NONE', ( #3987 ), #85, .T. ) ;
#5311 = EDGE_LOOP ( 'NONE', ( #5723, #784, #3585, #6875, #6565, #2178, #3070, #5887, #5432, #3276 ) ) ;
#5312 = STYLED_ITEM ( 'NONE', ( #6253 ), #47 ) ;
#5313 = PRESENTATION_STYLE_ASSIGNMENT (( #3494 ) ) ;
#5314 = PRESENTATION_STYLE_ASSIGNMENT (( #3067 ) ) ;
#5315 = SURFACE_SIDE_STYLE ('',( #860 ) ) ;
#5316 = CARTESIAN_POINT ( 'NONE',  ( 9.700000000000001066, 5.400000000000000355, -6.271320343559959376 ) ) ;
#5317 = VECTOR ( 'NONE', #4431, 1000.000000000000000 ) ;
#5318 = VERTEX_POINT ( 'NONE', #5617 ) ;
#5319 = VERTEX_POINT ( 'NONE', #2269 ) ;
#5320 = DIRECTION ( 'NONE',  ( -1.732465256067260167E-15, -6.803538230522719582E-17, -1.000000000000000000 ) ) ;
#5321 = STYLED_ITEM ( 'NONE', ( #7196 ), #4967 ) ;
#5322 =( NAMED_UNIT ( * ) SI_UNIT ( $, .STERADIAN. ) SOLID_ANGLE_UNIT ( ) );
#5323 = STYLED_ITEM ( 'NONE', ( #4583 ), #5310 ) ;
#5324 = CARTESIAN_POINT ( 'NONE',  ( 1.400000004427010003, 8.199999999929909578, 2.137439316581055238 ) ) ;
#5325 = FACE_OUTER_BOUND ( 'NONE', #1134, .T. ) ;
#5326 = FILL_AREA_STYLE ('',( #243 ) ) ;
#5327 = VECTOR ( 'NONE', #2073, 1000.000000000000000 ) ;
#5328 = ADVANCED_FACE ( 'NONE', ( #2446 ), #1962, .T. ) ;
#5329 = PRESENTATION_STYLE_ASSIGNMENT (( #7003 ) ) ;
#5330 = ADVANCED_FACE ( 'NONE', ( #2480 ), #5901, .F. ) ;
#5331 = DIRECTION ( 'NONE',  ( -1.000000000000000000, -1.644517855226009970E-15, 1.748601263784619973E-15 ) ) ;
#5332 = DIRECTION ( 'NONE',  ( -1.748601263784619973E-15, 0.000000000000000000, -1.000000000000000000 ) ) ;
#5333 = SURFACE_STYLE_FILL_AREA ( #6488 ) ;
#5334 = UNCERTAINTY_MEASURE_WITH_UNIT (LENGTH_MEASURE( 1.000000000000000082E-05 ), #6542, 'distance_accuracy_value', 'NONE');
#5335 = VECTOR ( 'NONE', #1353, 1000.000000000000000 ) ;
#5336 = DIRECTION ( 'NONE',  ( 1.000000000000000000, 0.000000000000000000, 0.000000000000000000 ) ) ;
#5337 = ORIENTED_EDGE ( 'NONE', *, *, #5599, .T. ) ;
#5338 = ORIENTED_EDGE ( 'NONE', *, *, #4705, .F. ) ;
#5339 = MECHANICAL_DESIGN_GEOMETRIC_PRESENTATION_REPRESENTATION (  '', ( #6168 ), #1809 ) ;
#5340 = CARTESIAN_POINT ( 'NONE',  ( 2.500000000000000000, 3.750000000000000000, -0.9499999999999459988 ) ) ;
#5341 = PRESENTATION_STYLE_ASSIGNMENT (( #708 ) ) ;
#5342 = AXIS2_PLACEMENT_3D ( 'NONE', #4843, #269, #3106 ) ;
#5343 = DIRECTION ( 'NONE',  ( -1.644517855226009970E-15, 1.000000000000000000, 2.890435660536364970E-30 ) ) ;
#5344 = PRESENTATION_LAYER_ASSIGNMENT (  '', '', ( #5823 ) ) ;
#5345 = ADVANCED_FACE ( 'NONE', ( #4801 ), #5240, .T. ) ;
#5346 = AXIS2_PLACEMENT_3D ( 'NONE', #406, #2041, #7167 ) ;
#5347 = AXIS2_PLACEMENT_3D ( 'NONE', #4923, #903, #868 ) ;
#5348 = VECTOR ( 'NONE', #3048, 1000.000000000000000 ) ;
#5349 = EDGE_CURVE ( 'NONE', #7186, #5389, #6008, .T. ) ;
#5350 =( NAMED_UNIT ( * ) PLANE_ANGLE_UNIT ( ) SI_UNIT ( $, .RADIAN. ) );
#5351 = ORIENTED_EDGE ( 'NONE', *, *, #5699, .T. ) ;
#5352 = EDGE_LOOP ( 'NONE', ( #6881, #2149, #6207, #4683 ) ) ;
#5353 = CARTESIAN_POINT ( 'NONE',  ( 0.5000000000000109912, 0.7500000000000089928, -4.649999999999939959 ) ) ;
#5354 = CARTESIAN_POINT ( 'NONE',  ( -0.1999999927999960014, 4.200000000000000178, -4.739999994599940258 ) ) ;
#5355 =( NAMED_UNIT ( * ) PLANE_ANGLE_UNIT ( ) SI_UNIT ( $, .RADIAN. ) );
#5356 = AXIS2_PLACEMENT_3D ( 'NONE', #7218, #2647, #1437 ) ;
#5357 = SURFACE_STYLE_FILL_AREA ( #4316 ) ;
#5358 = CARTESIAN_POINT ( 'NONE',  ( 2.399999999999999911, 7.649999999999999467, -4.149999999999949729 ) ) ;
#5359 = ORIENTED_EDGE ( 'NONE', *, *, #7223, .F. ) ;
#5360 = MECHANICAL_DESIGN_GEOMETRIC_PRESENTATION_REPRESENTATION (  '', ( #6302 ), #4058 ) ;
#5361 = ORIENTED_EDGE ( 'NONE', *, *, #3829, .T. ) ;
#5362 = LINE ( 'NONE', #7100, #7070 ) ;
#5363 = AXIS2_PLACEMENT_3D ( 'NONE', #2953, #6805, #1235 ) ;
#5364 = B_SPLINE_CURVE_WITH_KNOTS ( 'NONE', 3,
 ( #6537, #3213, #1489, #1453 ),
 .UNSPECIFIED., .F., .F.,
 ( 4, 4 ),
 ( 1.704404888119904864E-11, 0.001465284747000489968 ),
 .UNSPECIFIED. ) ;
#5365 = CARTESIAN_POINT ( 'NONE',  ( 1.399999999999999911, 8.959999999999999076, -3.656137671004945133 ) ) ;
#5366 = DIRECTION ( 'NONE',  ( -1.000000000000000000, -1.644517855226009970E-15, 1.748601263784619973E-15 ) ) ;
#5367 =( NAMED_UNIT ( * ) PLANE_ANGLE_UNIT ( ) SI_UNIT ( $, .RADIAN. ) );
#5368 = EDGE_CURVE ( 'NONE', #1926, #2313, #2380, .T. ) ;
#5369 =( LENGTH_UNIT ( ) NAMED_UNIT ( * ) SI_UNIT ( .MILLI., .METRE. ) );
#5370 = AXIS2_PLACEMENT_3D ( 'NONE', #6934, #249, #3051 ) ;
#5371 = PRESENTATION_STYLE_ASSIGNMENT (( #3123 ) ) ;
#5372 = PRESENTATION_LAYER_ASSIGNMENT (  '', '', ( #2078 ) ) ;
#5373 = PLANE ( 'NONE',  #1739 ) ;
#5374 =( LENGTH_UNIT ( ) NAMED_UNIT ( * ) SI_UNIT ( .MILLI., .METRE. ) );
#5375 = EDGE_CURVE ( 'NONE', #1550, #2561, #2628, .T. ) ;
#5376 = MECHANICAL_DESIGN_GEOMETRIC_PRESENTATION_REPRESENTATION (  '', ( #4427 ), #3954 ) ;
#5377 = EDGE_CURVE ( 'NONE', #1456, #1648, #1525, .T. ) ;
#5378 = ORIENTED_EDGE ( 'NONE', *, *, #5092, .T. ) ;
#5379 = SURFACE_STYLE_FILL_AREA ( #845 ) ;
#5380 = PRESENTATION_STYLE_ASSIGNMENT (( #6492 ) ) ;
#5381 = DIRECTION ( 'NONE',  ( 1.000000000000000000, 0.000000000000000000, -1.748601263784619973E-15 ) ) ;
#5382 = CARTESIAN_POINT ( 'NONE',  ( 0.7433105578600099905, 7.601972579975210031, 1.346689442142056103 ) ) ;
#5383 = PRESENTATION_LAYER_ASSIGNMENT (  '', '', ( #4082 ) ) ;
#5384 = ADVANCED_FACE ( 'NONE', ( #4348 ), #2725, .F. ) ;
#5385 = CARTESIAN_POINT ( 'NONE',  ( 0.7500000066399999943, 7.649999999998869704, -4.150000000001944578 ) ) ;
#5386 = MECHANICAL_DESIGN_GEOMETRIC_PRESENTATION_REPRESENTATION (  '', ( #7040 ), #7282 ) ;
#5387 = DIRECTION ( 'NONE',  ( 1.000000000000000000, 1.644517855226009970E-15, 0.000000000000000000 ) ) ;
#5388 = ORIENTED_EDGE ( 'NONE', *, *, #4095, .T. ) ;
#5389 = VERTEX_POINT ( 'NONE', #996 ) ;
#5390 = DIRECTION ( 'NONE',  ( 1.000000000000000000, 1.610862132432484866E-15, -1.669819989543990066E-15 ) ) ;
#5391 = LINE ( 'NONE', #5906, #4248 ) ;
#5392 = SURFACE_STYLE_USAGE ( .BOTH. , #4806 ) ;
#5393 = LINE ( 'NONE', #5909, #6533 ) ;
#5394 = CARTESIAN_POINT ( 'NONE',  ( 0.5000000000000199840, 0.7500000000000089928, 0.3500000000000569877 ) ) ;
#5395 = ORIENTED_EDGE ( 'NONE', *, *, #6383, .F. ) ;
#5396 = VERTEX_POINT ( 'NONE', #6124 ) ;
#5397 = COLOUR_RGB ( '',1.000000000000000000, 1.000000000000000000, 1.000000000000000000 ) ;
#5398 = DIRECTION ( 'NONE',  ( -0.2307692307692119638, 0.9730085108210442257, 3.336006684570782115E-16 ) ) ;
#5399 = VERTEX_POINT ( 'NONE', #3319 ) ;
#5400 =( NAMED_UNIT ( * ) SI_UNIT ( $, .STERADIAN. ) SOLID_ANGLE_UNIT ( ) );
#5401 = CARTESIAN_POINT ( 'NONE',  ( 0.9356642613500080197, 8.199999999991309352, 2.386924819241055040 ) ) ;
#5402 = LINE ( 'NONE', #6022, #3222 ) ;
#5403 = DIRECTION ( 'NONE',  ( 1.748601263784619973E-15, 0.000000000000000000, 1.000000000000000000 ) ) ;
#5404 = CARTESIAN_POINT ( 'NONE',  ( 0.09999999999999420464, 10.59999999999999964, -4.649999999999939959 ) ) ;
#5405 = ORIENTED_EDGE ( 'NONE', *, *, #145, .T. ) ;
#5406 = EDGE_CURVE ( 'NONE', #7200, #3476, #5690, .T. ) ;
#5407 = DIRECTION ( 'NONE',  ( -0.9838699100999037661, 0.000000000000000000, 0.1788854382000029664 ) ) ;
#5408 = SURFACE_SIDE_STYLE ('',( #1361 ) ) ;
#5409 = ORIENTED_EDGE ( 'NONE', *, *, #4472, .T. ) ;
#5410 = ORIENTED_EDGE ( 'NONE', *, *, #6187, .T. ) ;
#5411 = CARTESIAN_POINT ( 'NONE',  ( 1.400000000137995970, 8.199999999997110933, -5.437439318884949913 ) ) ;
#5412 = EDGE_CURVE ( 'NONE', #7210, #4849, #3214, .T. ) ;
#5413 = SURFACE_STYLE_FILL_AREA ( #883 ) ;
#5414 = CARTESIAN_POINT ( 'NONE',  ( 1.500000000000000000, 8.109625349781609316, -3.684999999999944986 ) ) ;
#5415 = CARTESIAN_POINT ( 'NONE',  ( 3.950000000000000178, 7.144714285714309554, -3.649999999999950173 ) ) ;
#5416 =( NAMED_UNIT ( * ) PLANE_ANGLE_UNIT ( ) SI_UNIT ( $, .RADIAN. ) );
#5417 = ORIENTED_EDGE ( 'NONE', *, *, #5556, .F. ) ;
#5418 = SURFACE_STYLE_USAGE ( .BOTH. , #5978 ) ;
#5419 =( NAMED_UNIT ( * ) SI_UNIT ( $, .STERADIAN. ) SOLID_ANGLE_UNIT ( ) );
#5420 = DIRECTION ( 'NONE',  ( 1.000000000000000000, 8.971727675415520097E-11, 3.904768481932620080E-11 ) ) ;
#5421 =( NAMED_UNIT ( * ) PLANE_ANGLE_UNIT ( ) SI_UNIT ( $, .RADIAN. ) );
#5422 = ORIENTED_EDGE ( 'NONE', *, *, #3510, .T. ) ;
#5423 = CARTESIAN_POINT ( 'NONE',  ( 0.7466439969400009424, 7.606602420031610023, -3.656643996938945040 ) ) ;
#5424 = AXIS2_PLACEMENT_3D ( 'NONE', #2355, #5005, #4599 ) ;
#5425 =( NAMED_UNIT ( * ) SI_UNIT ( $, .STERADIAN. ) SOLID_ANGLE_UNIT ( ) );
#5426 = VECTOR ( 'NONE', #1634, 1000.000000000000000 ) ;
#5427 = DIRECTION ( 'NONE',  ( 1.000000000000000000, 1.644517855226009970E-15, 0.000000000000000000 ) ) ;
#5428 = SURFACE_STYLE_USAGE ( .BOTH. , #4853 ) ;
#5429 = ADVANCED_FACE ( 'NONE', ( #6085 ), #5974, .F. ) ;
#5430 = VECTOR ( 'NONE', #2346, 1000.000000000000000 ) ;
#5431 = CARTESIAN_POINT ( 'NONE',  ( 9.700000000000001066, 10.59999999999999964, -6.649999999999999467 ) ) ;
#5432 = ORIENTED_EDGE ( 'NONE', *, *, #917, .F. ) ;
#5433 = FILL_AREA_STYLE_COLOUR ( '', #3157 ) ;
#5434 = CARTESIAN_POINT ( 'NONE',  ( 0.7433105578599999985, 7.601972579975210031, -4.646689442141940241 ) ) ;
#5435 = ORIENTED_EDGE ( 'NONE', *, *, #4691, .F. ) ;
#5436 = DIRECTION ( 'NONE',  ( -1.751711448478245066E-15, 1.311369010085455869E-17, -1.000000000000000000 ) ) ;
#5437 =( NAMED_UNIT ( * ) PLANE_ANGLE_UNIT ( ) SI_UNIT ( $, .RADIAN. ) );
#5438 = PRESENTATION_LAYER_ASSIGNMENT (  '', '', ( #4254 ) ) ;
#5439 = EDGE_CURVE ( 'NONE', #3591, #4829, #6655, .T. ) ;
#5440 = ORIENTED_EDGE ( 'NONE', *, *, #6439, .T. ) ;
#5441 = PRESENTATION_STYLE_ASSIGNMENT (( #364 ) ) ;
#5442 = EDGE_CURVE ( 'NONE', #2740, #6304, #6123, .T. ) ;
#5443 =( NAMED_UNIT ( * ) SI_UNIT ( $, .STERADIAN. ) SOLID_ANGLE_UNIT ( ) );
#5444 = VECTOR ( 'NONE', #1662, 1000.000000000000114 ) ;
#5445 = PRESENTATION_STYLE_ASSIGNMENT (( #3280 ) ) ;
#5446 = DIRECTION ( 'NONE',  ( 0.2425356250363111255, -0.9701425001453374275, -4.240981004512867401E-16 ) ) ;
#5447 = SURFACE_SIDE_STYLE ('',( #2555 ) ) ;
#5448 = CONICAL_SURFACE ( 'NONE', #3576, 1.375000000000000000, 0.03224688243525594689 ) ;
#5449 = DIRECTION ( 'NONE',  ( -1.748601263784619973E-15, 0.000000000000000000, -1.000000000000000000 ) ) ;
#5450 = SURFACE_SIDE_STYLE ('',( #924 ) ) ;
#5451 = ORIENTED_EDGE ( 'NONE', *, *, #6454, .T. ) ;
#5452 = VECTOR ( 'NONE', #5149, 1000.000000000000000 ) ;
#5453 = MECHANICAL_DESIGN_GEOMETRIC_PRESENTATION_REPRESENTATION (  '', ( #7119 ), #1685 ) ;
#5454 = DIRECTION ( 'NONE',  ( 1.644517855226009970E-15, -1.000000000000000000, 0.000000000000000000 ) ) ;
#5455 = LINE ( 'NONE', #6013, #7123 ) ;
#5456 = DIRECTION ( 'NONE',  ( -1.644517855226009970E-15, 1.000000000000000000, 0.000000000000000000 ) ) ;
#5457 = EDGE_CURVE ( 'NONE', #5661, #4291, #5364, .T. ) ;
#5458 = PRESENTATION_STYLE_ASSIGNMENT (( #3221 ) ) ;
#5459 = CIRCLE ( 'NONE', #3707, 1.300000000000000488 ) ;
#5460 = VERTEX_POINT ( 'NONE', #7086 ) ;
#5461 = VECTOR ( 'NONE', #2912, 1000.000000000000114 ) ;
#5462 = EDGE_CURVE ( 'NONE', #3917, #6819, #340, .T. ) ;
#5463 = CARTESIAN_POINT ( 'NONE',  ( 1.500000000000000000, 8.109625349781609316, 1.315000000000053904 ) ) ;
#5464 = ORIENTED_EDGE ( 'NONE', *, *, #3337, .F. ) ;
#5465 = PLANE ( 'NONE',  #4890 ) ;
#5466 = LINE ( 'NONE', #938, #1166 ) ;
#5467 = PRESENTATION_STYLE_ASSIGNMENT (( #3228 ) ) ;
#5468 = AXIS2_PLACEMENT_3D ( 'NONE', #767, #6933, #1284 ) ;
#5469 = FACE_OUTER_BOUND ( 'NONE', #444, .T. ) ;
#5470 = EDGE_LOOP ( 'NONE', ( #6244, #5490, #4668, #5698 ) ) ;
#5471 = STYLED_ITEM ( 'NONE', ( #5445 ), #6505 ) ;
#5472 = LINE ( 'NONE', #6514, #785 ) ;
#5473 = FILL_AREA_STYLE_COLOUR ( '', #1033 ) ;
#5474 = FILL_AREA_STYLE ('',( #3232 ) ) ;
#5475 = ORIENTED_EDGE ( 'NONE', *, *, #2271, .T. ) ;
#5476 = PRESENTATION_LAYER_ASSIGNMENT (  '', '', ( #1221 ) ) ;
#5477 = AXIS2_PLACEMENT_3D ( 'NONE', #1774, #2420, #679 ) ;
#5478 = FILL_AREA_STYLE ('',( #2579 ) ) ;
#5479 = ORIENTED_EDGE ( 'NONE', *, *, #5018, .F. ) ;
#5480 = VERTEX_POINT ( 'NONE', #4876 ) ;
#5481 =( GEOMETRIC_REPRESENTATION_CONTEXT ( 3 ) GLOBAL_UNCERTAINTY_ASSIGNED_CONTEXT ( ( #2394 ) ) GLOBAL_UNIT_ASSIGNED_CONTEXT ( ( #658, #2974, #3079 ) ) REPRESENTATION_CONTEXT ( 'NONE', 'WORKASPACE' ) );
#5482 = CARTESIAN_POINT ( 'NONE',  ( 1.399999999999999911, 8.959999999999999076, -3.656137671004945133 ) ) ;
#5483 = LINE ( 'NONE', #4373, #2525 ) ;
#5484 = CARTESIAN_POINT ( 'NONE',  ( 11.00000000000000000, 12.25000000000000000, 3.350000000000055156 ) ) ;
#5485 = CARTESIAN_POINT ( 'NONE',  ( 0.6999999999999999556, 7.100000000000000533, -1.299999999999944089 ) ) ;
#5486 = VECTOR ( 'NONE', #2809, 1000.000000000000000 ) ;
#5487 =( GEOMETRIC_REPRESENTATION_CONTEXT ( 3 ) GLOBAL_UNCERTAINTY_ASSIGNED_CONTEXT ( ( #5925 ) ) GLOBAL_UNIT_ASSIGNED_CONTEXT ( ( #5006, #2209, #7293 ) ) REPRESENTATION_CONTEXT ( 'NONE', 'WORKASPACE' ) );
#5488 = LINE ( 'NONE', #7191, #2921 ) ;
#5489 = STYLED_ITEM ( 'NONE', ( #4240 ), #7229 ) ;
#5490 = ORIENTED_EDGE ( 'NONE', *, *, #1812, .T. ) ;
#5491 = CARTESIAN_POINT ( 'NONE',  ( 1.500000000000000000, 7.649999999999999467, -4.149999999999945288 ) ) ;
#5492 = FACE_OUTER_BOUND ( 'NONE', #808, .T. ) ;
#5493 =( GEOMETRIC_REPRESENTATION_CONTEXT ( 3 ) GLOBAL_UNCERTAINTY_ASSIGNED_CONTEXT ( ( #4641 ) ) GLOBAL_UNIT_ASSIGNED_CONTEXT ( ( #3967, #5076, #6189 ) ) REPRESENTATION_CONTEXT ( 'NONE', 'WORKASPACE' ) );
#5494 = CARTESIAN_POINT ( 'NONE',  ( -0.1999999927999855098, 4.200000000000000178, 1.439999994600055899 ) ) ;
#5495 = LINE ( 'NONE', #5159, #4643 ) ;
#5496 = MECHANICAL_DESIGN_GEOMETRIC_PRESENTATION_REPRESENTATION (  '', ( #4558 ), #2558 ) ;
#5497 = ORIENTED_EDGE ( 'NONE', *, *, #5125, .T. ) ;
#5498 = VECTOR ( 'NONE', #4216, 1000.000000000000114 ) ;
#5499 = LINE ( 'NONE', #6132, #1136 ) ;
#5500 = VERTEX_POINT ( 'NONE', #2035 ) ;
#5501 = DIRECTION ( 'NONE',  ( -1.000000000000000000, 0.000000000000000000, 1.748601263784619973E-15 ) ) ;
#5502 = EDGE_CURVE ( 'NONE', #7244, #4714, #1179, .T. ) ;
#5503 = LINE ( 'NONE', #7247, #239 ) ;
#5504 = DIRECTION ( 'NONE',  ( 0.7071067811864990560, 1.162849727212585434E-15, 0.7071067811865960895 ) ) ;
#5505 = AXIS2_PLACEMENT_3D ( 'NONE', #565, #3815, #7120 ) ;
#5506 = ORIENTED_EDGE ( 'NONE', *, *, #2365, .F. ) ;
#5507 = ORIENTED_EDGE ( 'NONE', *, *, #2731, .T. ) ;
#5508 = FILL_AREA_STYLE ('',( #3270 ) ) ;
#5509 = STYLED_ITEM ( 'NONE', ( #5380 ), #1741 ) ;
#5510 = ORIENTED_EDGE ( 'NONE', *, *, #4361, .F. ) ;
#5511 = PRESENTATION_LAYER_ASSIGNMENT (  '', '', ( #410 ) ) ;
#5512 = DIRECTION ( 'NONE',  ( -1.000000000000000000, -1.646090321422840048E-15, 1.748996735459560010E-15 ) ) ;
#5513 = PLANE ( 'NONE',  #5010 ) ;
#5514 = ORIENTED_EDGE ( 'NONE', *, *, #7223, .T. ) ;
#5515 = CARTESIAN_POINT ( 'NONE',  ( 9.700000000000001066, 10.59999999999999964, -3.449999999999960210 ) ) ;
#5516 = CARTESIAN_POINT ( 'NONE',  ( -1.000000000000000000, 4.200000000000000178, -2.349999999999945022 ) ) ;
#5517 = PRESENTATION_LAYER_ASSIGNMENT (  '', '', ( #2237 ) ) ;
#5518 = DIRECTION ( 'NONE',  ( -1.748601263784619973E-15, 0.000000000000000000, -1.000000000000000000 ) ) ;
#5519 = ORIENTED_EDGE ( 'NONE', *, *, #3603, .F. ) ;
#5520 = VERTEX_POINT ( 'NONE', #1610 ) ;
#5521 = STYLED_ITEM ( 'NONE', ( #5731 ), #3463 ) ;
#5522 = CARTESIAN_POINT ( 'NONE',  ( 0.9357739703999959913, 8.199999999999709743, -5.686866607916949867 ) ) ;
#5523 = UNCERTAINTY_MEASURE_WITH_UNIT (LENGTH_MEASURE( 1.000000000000000082E-05 ), #2196, 'distance_accuracy_value', 'NONE');
#5524 = SURFACE_SIDE_STYLE ('',( #1562 ) ) ;
#5525 =( GEOMETRIC_REPRESENTATION_CONTEXT ( 3 ) GLOBAL_UNCERTAINTY_ASSIGNED_CONTEXT ( ( #5250 ) ) GLOBAL_UNIT_ASSIGNED_CONTEXT ( ( #5652, #2842, #4660 ) ) REPRESENTATION_CONTEXT ( 'NONE', 'WORKASPACE' ) );
#5526 =( GEOMETRIC_REPRESENTATION_CONTEXT ( 3 ) GLOBAL_UNCERTAINTY_ASSIGNED_CONTEXT ( ( #1949 ) ) GLOBAL_UNIT_ASSIGNED_CONTEXT ( ( #3442, #5833, #1775 ) ) REPRESENTATION_CONTEXT ( 'NONE', 'WORKASPACE' ) );
#5527 = EDGE_CURVE ( 'NONE', #1247, #5030, #3181, .T. ) ;
#5528 = DIRECTION ( 'NONE',  ( -0.9984603535126312934, -1.641985879086795522E-15, 0.05547001409258351529 ) ) ;
#5529 = STYLED_ITEM ( 'NONE', ( #4422 ), #2789 ) ;
#5530 = EDGE_CURVE ( 'NONE', #7172, #4608, #3780, .T. ) ;
#5531 =( NAMED_UNIT ( * ) SI_UNIT ( $, .STERADIAN. ) SOLID_ANGLE_UNIT ( ) );
#5532 = DIRECTION ( 'NONE',  ( 0.9238697708742982240, 0.3553345272594016224, -0.1421338109037015851 ) ) ;
#5533 = VERTEX_POINT ( 'NONE', #995 ) ;
#5534 = FILL_AREA_STYLE_COLOUR ( '', #3026 ) ;
#5535 = SURFACE_STYLE_USAGE ( .BOTH. , #3289 ) ;
#5536 = DIRECTION ( 'NONE',  ( 1.644517855226009970E-15, -1.000000000000000000, -2.875605999964574846E-30 ) ) ;
#5537 =( LENGTH_UNIT ( ) NAMED_UNIT ( * ) SI_UNIT ( .MILLI., .METRE. ) );
#5538 = CARTESIAN_POINT ( 'NONE',  ( 3.950000000000000178, 7.144714285714309554, -3.649999999999950173 ) ) ;
#5539 = EDGE_CURVE ( 'NONE', #4506, #2213, #2657, .T. ) ;
#5540 = CARTESIAN_POINT ( 'NONE',  ( 9.799999999999998934, 7.894714285714319324, -3.899999999999999911 ) ) ;
#5541 = ADVANCED_FACE ( 'NONE', ( #4311 ), #4945, .T. ) ;
#5542 = EDGE_LOOP ( 'NONE', ( #3766, #7138, #4809, #6739 ) ) ;
#5543 = SURFACE_STYLE_USAGE ( .BOTH. , #4393 ) ;
#5544 = CARTESIAN_POINT ( 'NONE',  ( 1.300000000000000044, 5.400000000000000355, -5.750000000000000000 ) ) ;
#5545 = PLANE ( 'NONE',  #4790 ) ;
#5546 = ORIENTED_EDGE ( 'NONE', *, *, #270, .F. ) ;
#5547 = ORIENTED_EDGE ( 'NONE', *, *, #6911, .F. ) ;
#5548 =( NAMED_UNIT ( * ) PLANE_ANGLE_UNIT ( ) SI_UNIT ( $, .RADIAN. ) );
#5549 = VECTOR ( 'NONE', #2281, 1000.000000000000000 ) ;
#5550 = ORIENTED_EDGE ( 'NONE', *, *, #6069, .F. ) ;
#5551 = DIRECTION ( 'NONE',  ( 1.000000000000000000, 1.671710213541675110E-15, -1.812253102458569861E-15 ) ) ;
#5552 = VERTEX_POINT ( 'NONE', #2182 ) ;
#5553 = DIRECTION ( 'NONE',  ( -1.644517855226009970E-15, 1.000000000000000000, 2.890435660536364970E-30 ) ) ;
#5554 = CARTESIAN_POINT ( 'NONE',  ( 1.500000000000000000, 8.109625349781609316, 0.3850000000000554645 ) ) ;
#5555 = UNCERTAINTY_MEASURE_WITH_UNIT (LENGTH_MEASURE( 1.000000000000000082E-05 ), #2392, 'distance_accuracy_value', 'NONE');
#5556 = EDGE_CURVE ( 'NONE', #3110, #1189, #2593, .T. ) ;
#5557 = AXIS2_PLACEMENT_3D ( 'NONE', #1541, #3914, #5501 ) ;
#5558 = SURFACE_SIDE_STYLE ('',( #4407 ) ) ;
#5559 = ORIENTED_EDGE ( 'NONE', *, *, #4995, .T. ) ;
#5560 = EDGE_CURVE ( 'NONE', #3414, #4481, #2876, .T. ) ;
#5561 = PRESENTATION_LAYER_ASSIGNMENT (  '', '', ( #5321 ) ) ;
#5562 =( NAMED_UNIT ( * ) SI_UNIT ( $, .STERADIAN. ) SOLID_ANGLE_UNIT ( ) );
#5563 = CARTESIAN_POINT ( 'NONE',  ( 1.399999999999999911, 9.599999999999999645, -3.649999999999944844 ) ) ;
#5564 = ORIENTED_EDGE ( 'NONE', *, *, #6355, .F. ) ;
#5565 = FILL_AREA_STYLE ('',( #4875 ) ) ;
#5566 = VERTEX_POINT ( 'NONE', #6800 ) ;
#5567 = FILL_AREA_STYLE ('',( #5534 ) ) ;
#5568 = CARTESIAN_POINT ( 'NONE',  ( 0.1000000000000030032, 10.59999999999999964, 0.3500000000000554889 ) ) ;
#5569 = DIRECTION ( 'NONE',  ( 1.644517855226009970E-15, -1.000000000000000000, -2.890435660536364970E-30 ) ) ;
#5570 =( LENGTH_UNIT ( ) NAMED_UNIT ( * ) SI_UNIT ( .MILLI., .METRE. ) );
#5571 = DIRECTION ( 'NONE',  ( -1.000000000000000000, -1.644629213933645051E-15, 1.748201416826750042E-15 ) ) ;
#5572 = EDGE_CURVE ( 'NONE', #598, #5480, #6235, .T. ) ;
#5573 = CARTESIAN_POINT ( 'NONE',  ( 11.00000000000000000, 7.450000000000000178, -4.150000000000000355 ) ) ;
#5574 = COLOUR_RGB ( '',1.000000000000000000, 1.000000000000000000, 1.000000000000000000 ) ;
#5575 = ADVANCED_FACE ( 'NONE', ( #7273 ), #4490, .F. ) ;
#5576 =( NAMED_UNIT ( * ) PLANE_ANGLE_UNIT ( ) SI_UNIT ( $, .RADIAN. ) );
#5577 = ORIENTED_EDGE ( 'NONE', *, *, #2208, .F. ) ;
#5578 =( LENGTH_UNIT ( ) NAMED_UNIT ( * ) SI_UNIT ( .MILLI., .METRE. ) );
#5579 = LINE ( 'NONE', #490, #4129 ) ;
#5580 = CARTESIAN_POINT ( 'NONE',  ( 1.500000000000000000, 6.479999999999999538, 1.350000000000052047 ) ) ;
#5581 = SURFACE_STYLE_FILL_AREA ( #3335 ) ;
#5582 = VECTOR ( 'NONE', #3652, 1000.000000000000000 ) ;
#5583 = PRESENTATION_LAYER_ASSIGNMENT (  '', '', ( #4645 ) ) ;
#5584 = VERTEX_POINT ( 'NONE', #5087 ) ;
#5585 = ORIENTED_EDGE ( 'NONE', *, *, #18, .F. ) ;
#5586 = SURFACE_SIDE_STYLE ('',( #4400 ) ) ;
#5587 = COLOUR_RGB ( '',0.2862745098039215508, 0.6431372549019607199, 0.8666666666666666963 ) ;
#5588 = ORIENTED_EDGE ( 'NONE', *, *, #1211, .F. ) ;
#5589 = COLOUR_RGB ( '',0.2862745098039215508, 0.6431372549019607199, 0.8666666666666666963 ) ;
#5590 = ADVANCED_FACE ( 'NONE', ( #2795 ), #7336, .T. ) ;
#5591 = COLOUR_RGB ( '',1.000000000000000000, 1.000000000000000000, 1.000000000000000000 ) ;
#5592 = DIRECTION ( 'NONE',  ( -2.022962590123418439E-15, 0.9697997732720541331, -0.2439024390232134853 ) ) ;
#5593 = FILL_AREA_STYLE_COLOUR ( '', #6438 ) ;
#5594 = UNCERTAINTY_MEASURE_WITH_UNIT (LENGTH_MEASURE( 1.000000000000000082E-05 ), #6203, 'distance_accuracy_value', 'NONE');
#5595 = SURFACE_STYLE_USAGE ( .BOTH. , #5631 ) ;
#5596 = ORIENTED_EDGE ( 'NONE', *, *, #5572, .T. ) ;
#5597 = VECTOR ( 'NONE', #2622, 1000.000000000000000 ) ;
#5598 = AXIS2_PLACEMENT_3D ( 'NONE', #689, #3534, #2972 ) ;
#5599 = EDGE_CURVE ( 'NONE', #6564, #1367, #4011, .T. ) ;
#5600 = COLOUR_RGB ( '',0.2862745098039215508, 0.6431372549019607199, 0.8666666666666666963 ) ;
#5601 = CARTESIAN_POINT ( 'NONE',  ( 11.00000000000000000, 7.649999999999999467, 1.350000000000036060 ) ) ;
#5602 = SURFACE_SIDE_STYLE ('',( #6153 ) ) ;
#5603 = VECTOR ( 'NONE', #6379, 1000.000000000000000 ) ;
#5604 = EDGE_LOOP ( 'NONE', ( #6423, #1906, #2570, #1481 ) ) ;
#5605 = SURFACE_SIDE_STYLE ('',( #2181 ) ) ;
#5606 = ORIENTED_EDGE ( 'NONE', *, *, #2478, .T. ) ;
#5607 = DIRECTION ( 'NONE',  ( -1.644517855226009970E-15, 1.000000000000000000, 2.890435660536364970E-30 ) ) ;
#5608 =( GEOMETRIC_REPRESENTATION_CONTEXT ( 3 ) GLOBAL_UNCERTAINTY_ASSIGNED_CONTEXT ( ( #5707 ) ) GLOBAL_UNIT_ASSIGNED_CONTEXT ( ( #2902, #3963, #3452 ) ) REPRESENTATION_CONTEXT ( 'NONE', 'WORKASPACE' ) );
#5609 = FILL_AREA_STYLE_COLOUR ( '', #6263 ) ;
#5610 = FACE_OUTER_BOUND ( 'NONE', #2407, .T. ) ;
#5611 = FILL_AREA_STYLE ('',( #4984 ) ) ;
#5612 = EDGE_CURVE ( 'NONE', #1707, #5460, #6874, .T. ) ;
#5613 = EDGE_LOOP ( 'NONE', ( #373, #146 ) ) ;
#5614 = AXIS2_PLACEMENT_3D ( 'NONE', #4359, #4247, #2707 ) ;
#5615 = CARTESIAN_POINT ( 'NONE',  ( 0.1000000000000030032, 10.59999999999999964, 0.3500000000000569877 ) ) ;
#5616 = ORIENTED_EDGE ( 'NONE', *, *, #5084, .F. ) ;
#5617 = CARTESIAN_POINT ( 'NONE',  ( 0.7399999999999999911, 4.200000000000000178, -3.649999999999944844 ) ) ;
#5618 = CARTESIAN_POINT ( 'NONE',  ( 1.955294117647009999, 8.144714285714309554, 0.3850000000000534661 ) ) ;
#5619 = DIRECTION ( 'NONE',  ( 1.927470528863118950E-15, 0.000000000000000000, 1.000000000000000000 ) ) ;
#5620 = ORIENTED_EDGE ( 'NONE', *, *, #3545, .F. ) ;
#5621 = ORIENTED_EDGE ( 'NONE', *, *, #6070, .T. ) ;
#5622 = STYLED_ITEM ( 'NONE', ( #1597 ), #3871 ) ;
#5623 = ORIENTED_EDGE ( 'NONE', *, *, #4239, .F. ) ;
#5624 = PRESENTATION_LAYER_ASSIGNMENT (  '', '', ( #6821 ) ) ;
#5625 = CARTESIAN_POINT ( 'NONE',  ( 0.7500000066400089871, 7.649999999998869704, 0.8499999999980549781 ) ) ;
#5626 = EDGE_CURVE ( 'NONE', #1963, #110, #7305, .T. ) ;
#5627 = FILL_AREA_STYLE_COLOUR ( '', #6619 ) ;
#5628 = FACE_OUTER_BOUND ( 'NONE', #4366, .T. ) ;
#5629 = DIRECTION ( 'NONE',  ( 1.748601263784619973E-15, 0.000000000000000000, 1.000000000000000000 ) ) ;
#5630 = STYLED_ITEM ( 'NONE', ( #5266 ), #3675 ) ;
#5631 = SURFACE_SIDE_STYLE ('',( #2862 ) ) ;
#5632 = EDGE_CURVE ( 'NONE', #3859, #5389, #6387, .T. ) ;
#5633 = UNCERTAINTY_MEASURE_WITH_UNIT (LENGTH_MEASURE( 1.000000000000000082E-05 ), #3879, 'distance_accuracy_value', 'NONE');
#5634 = PRESENTATION_LAYER_ASSIGNMENT (  '', '', ( #1126 ) ) ;
#5635 = VECTOR ( 'NONE', #1101, 1000.000000000000114 ) ;
#5636 = PRESENTATION_STYLE_ASSIGNMENT (( #4904 ) ) ;
#5637 = AXIS2_PLACEMENT_3D ( 'NONE', #2569, #6707, #6669 ) ;
#5638 = ORIENTED_EDGE ( 'NONE', *, *, #245, .T. ) ;
#5639 = PLANE ( 'NONE',  #1252 ) ;
#5640 = UNCERTAINTY_MEASURE_WITH_UNIT (LENGTH_MEASURE( 1.000000000000000082E-05 ), #3788, 'distance_accuracy_value', 'NONE');
#5641 =( NAMED_UNIT ( * ) PLANE_ANGLE_UNIT ( ) SI_UNIT ( $, .RADIAN. ) );
#5642 =( LENGTH_UNIT ( ) NAMED_UNIT ( * ) SI_UNIT ( .MILLI., .METRE. ) );
#5643 = VERTEX_POINT ( 'NONE', #5762 ) ;
#5644 = CARTESIAN_POINT ( 'NONE',  ( 1.800000000000000044, 8.144714285714309554, 1.315000000000053904 ) ) ;
#5645 = AXIS2_PLACEMENT_3D ( 'NONE', #3861, #401, #6121 ) ;
#5646 = FILL_AREA_STYLE_COLOUR ( '', #6481 ) ;
#5647 =( NAMED_UNIT ( * ) PLANE_ANGLE_UNIT ( ) SI_UNIT ( $, .RADIAN. ) );
#5648 = CARTESIAN_POINT ( 'NONE',  ( -0.5999999999999838796, 4.200000000000000178, 1.740000000000055058 ) ) ;
#5649 = CARTESIAN_POINT ( 'NONE',  ( 1.398548747335005782, 8.959230384172011341, 0.3500000000000550449 ) ) ;
#5650 = ORIENTED_EDGE ( 'NONE', *, *, #1866, .F. ) ;
#5651 = COLOUR_RGB ( '',0.2862745098039215508, 0.6431372549019607199, 0.8666666666666666963 ) ;
#5652 =( LENGTH_UNIT ( ) NAMED_UNIT ( * ) SI_UNIT ( .MILLI., .METRE. ) );
#5653 =( NAMED_UNIT ( * ) PLANE_ANGLE_UNIT ( ) SI_UNIT ( $, .RADIAN. ) );
#5654 = FILL_AREA_STYLE ('',( #1005 ) ) ;
#5655 = CARTESIAN_POINT ( 'NONE',  ( -1.000000000000000000, 10.75000000000000000, -5.950000000000000178 ) ) ;
#5656 = LINE ( 'NONE', #4469, #4265 ) ;
#5657 =( NAMED_UNIT ( * ) SI_UNIT ( $, .STERADIAN. ) SOLID_ANGLE_UNIT ( ) );
#5658 = PRESENTATION_STYLE_ASSIGNMENT (( #6102 ) ) ;
#5659 = ORIENTED_EDGE ( 'NONE', *, *, #1749, .T. ) ;
#5660 = VERTEX_POINT ( 'NONE', #4148 ) ;
#5661 = VERTEX_POINT ( 'NONE', #1334 ) ;
#5662 = CARTESIAN_POINT ( 'NONE',  ( 0.09999999999999420464, 10.59999999999999964, -4.649999999999939959 ) ) ;
#5663 =( NAMED_UNIT ( * ) PLANE_ANGLE_UNIT ( ) SI_UNIT ( $, .RADIAN. ) );
#5664 = PLANE ( 'NONE',  #4362 ) ;
#5665 = SURFACE_STYLE_FILL_AREA ( #1673 ) ;
#5666 = DIRECTION ( 'NONE',  ( -2.168404344971009657E-15, 0.3928571428571052682, -0.9195995135417112110 ) ) ;
#5667 = DIRECTION ( 'NONE',  ( -1.000000000000000000, -1.644517855226009970E-15, 1.748601263784619973E-15 ) ) ;
#5668 = ADVANCED_FACE ( 'NONE', ( #1992 ), #4183, .T. ) ;
#5669 = UNCERTAINTY_MEASURE_WITH_UNIT (LENGTH_MEASURE( 1.000000000000000082E-05 ), #183, 'distance_accuracy_value', 'NONE');
#5670 = PRESENTATION_LAYER_ASSIGNMENT (  '', '', ( #1402 ) ) ;
#5671 = VECTOR ( 'NONE', #6860, 1000.000000000000000 ) ;
#5672 = UNCERTAINTY_MEASURE_WITH_UNIT (LENGTH_MEASURE( 1.000000000000000082E-05 ), #5537, 'distance_accuracy_value', 'NONE');
#5673 = DIRECTION ( 'NONE',  ( 1.000000000000000000, 0.000000000000000000, -1.748601263784619973E-15 ) ) ;
#5674 = CARTESIAN_POINT ( 'NONE',  ( 1.500000000000000000, 8.200000000000001066, 1.315000000000053904 ) ) ;
#5675 = PRESENTATION_LAYER_ASSIGNMENT (  '', '', ( #4124 ) ) ;
#5676 = PRESENTATION_STYLE_ASSIGNMENT (( #4007 ) ) ;
#5677 = EDGE_CURVE ( 'NONE', #1367, #4408, #4085, .T. ) ;
#5678 = ORIENTED_EDGE ( 'NONE', *, *, #3472, .T. ) ;
#5679 = VECTOR ( 'NONE', #5454, 1000.000000000000000 ) ;
#5680 = FILL_AREA_STYLE ('',( #6306 ) ) ;
#5681 = VERTEX_POINT ( 'NONE', #257 ) ;
#5682 = LINE ( 'NONE', #3161, #5498 ) ;
#5683 = ORIENTED_EDGE ( 'NONE', *, *, #6979, .F. ) ;
#5684 = LINE ( 'NONE', #550, #4077 ) ;
#5685 = CARTESIAN_POINT ( 'NONE',  ( 1.500000000000000000, 8.200000000000001066, -3.684999999999944986 ) ) ;
#5686 = CARTESIAN_POINT ( 'NONE',  ( 0.6999999999999999556, 8.200000000000001066, -3.609999999999944809 ) ) ;
#5687 = LINE ( 'NONE', #2190, #836 ) ;
#5688 = VECTOR ( 'NONE', #5271, 1000.000000000000000 ) ;
#5689 = VERTEX_POINT ( 'NONE', #108 ) ;
#5690 = CIRCLE ( 'NONE', #352, 1.300000000000000044 ) ;
#5691 = ORIENTED_EDGE ( 'NONE', *, *, #175, .F. ) ;
#5692 = DIRECTION ( 'NONE',  ( 0.000000000000000000, -1.000000000000000000, -1.233388391419503928E-15 ) ) ;
#5693 = ADVANCED_FACE ( 'NONE', ( #4652 ), #5715, .T. ) ;
#5694 = LINE ( 'NONE', #2926, #1039 ) ;
#5695 = STYLED_ITEM ( 'NONE', ( #280 ), #1023 ) ;
#5696 =( GEOMETRIC_REPRESENTATION_CONTEXT ( 3 ) GLOBAL_UNCERTAINTY_ASSIGNED_CONTEXT ( ( #214 ) ) GLOBAL_UNIT_ASSIGNED_CONTEXT ( ( #2858, #5291, #3566 ) ) REPRESENTATION_CONTEXT ( 'NONE', 'WORKASPACE' ) );
#5697 =( NAMED_UNIT ( * ) SI_UNIT ( $, .STERADIAN. ) SOLID_ANGLE_UNIT ( ) );
#5698 = ORIENTED_EDGE ( 'NONE', *, *, #4002, .F. ) ;
#5699 = EDGE_CURVE ( 'NONE', #6139, #5399, #4684, .T. ) ;
#5700 = EDGE_LOOP ( 'NONE', ( #2595, #2617, #191, #1730 ) ) ;
#5701 = STYLED_ITEM ( 'NONE', ( #343 ), #6239 ) ;
#5702 = DIRECTION ( 'NONE',  ( -2.168404344971010446E-15, 0.3928571428571054347, -0.9195995135417112110 ) ) ;
#5703 = CARTESIAN_POINT ( 'NONE',  ( 0.1000000000000030032, 10.59999999999999964, 0.3500000000000569877 ) ) ;
#5704 =( NAMED_UNIT ( * ) SI_UNIT ( $, .STERADIAN. ) SOLID_ANGLE_UNIT ( ) );
#5705 =( LENGTH_UNIT ( ) NAMED_UNIT ( * ) SI_UNIT ( .MILLI., .METRE. ) );
#5706 = FACE_OUTER_BOUND ( 'NONE', #5840, .T. ) ;
#5707 = UNCERTAINTY_MEASURE_WITH_UNIT (LENGTH_MEASURE( 1.000000000000000082E-05 ), #2902, 'distance_accuracy_value', 'NONE');
#5708 = VECTOR ( 'NONE', #5966, 1000.000000000000000 ) ;
#5709 = STYLED_ITEM ( 'NONE', ( #399 ), #2610 ) ;
#5710 = LINE ( 'NONE', #1137, #275 ) ;
#5711 = STYLED_ITEM ( 'NONE', ( #1145 ), #7302 ) ;
#5712 = PRESENTATION_LAYER_ASSIGNMENT (  '', '', ( #1560 ) ) ;
#5713 = PRESENTATION_LAYER_ASSIGNMENT (  '', '', ( #1688 ) ) ;
#5714 = CARTESIAN_POINT ( 'NONE',  ( 8.000000000000000000, 11.54999999999999893, -6.649999999999999467 ) ) ;
#5715 = CONICAL_SURFACE ( 'NONE', #3693, 1.375000000000000000, 0.03224688243525594689 ) ;
#5716 = UNCERTAINTY_MEASURE_WITH_UNIT (LENGTH_MEASURE( 1.000000000000000082E-05 ), #2828, 'distance_accuracy_value', 'NONE');
#5717 = VECTOR ( 'NONE', #151, 1000.000000000000000 ) ;
#5718 = CARTESIAN_POINT ( 'NONE',  ( 2.399999999999999911, 5.400000000000000355, 2.971320343560055033 ) ) ;
#5719 = DIRECTION ( 'NONE',  ( -1.748601263784619973E-15, 0.000000000000000000, -1.000000000000000000 ) ) ;
#5720 = FACE_OUTER_BOUND ( 'NONE', #4961, .T. ) ;
#5721 = ORIENTED_EDGE ( 'NONE', *, *, #809, .F. ) ;
#5722 = CARTESIAN_POINT ( 'NONE',  ( -0.6000000000000069722, 10.75000000000000000, -5.950000000000000178 ) ) ;
#5723 = ORIENTED_EDGE ( 'NONE', *, *, #6626, .F. ) ;
#5724 = ORIENTED_EDGE ( 'NONE', *, *, #7158, .T. ) ;
#5725 = CARTESIAN_POINT ( 'NONE',  ( 9.700000000000001066, 10.59999999999999964, 1.550000000000039790 ) ) ;
#5726 = PRESENTATION_STYLE_ASSIGNMENT (( #3518 ) ) ;
#5727 = LINE ( 'NONE', #6915, #6281 ) ;
#5728 = AXIS2_PLACEMENT_3D ( 'NONE', #696, #2499, #5791 ) ;
#5729 = STYLED_ITEM ( 'NONE', ( #3527 ), #2032 ) ;
#5730 = VERTEX_POINT ( 'NONE', #1294 ) ;
#5731 = PRESENTATION_STYLE_ASSIGNMENT (( #678 ) ) ;
#5732 =( GEOMETRIC_REPRESENTATION_CONTEXT ( 3 ) GLOBAL_UNCERTAINTY_ASSIGNED_CONTEXT ( ( #3497 ) ) GLOBAL_UNIT_ASSIGNED_CONTEXT ( ( #1321, #6409, #6375 ) ) REPRESENTATION_CONTEXT ( 'NONE', 'WORKASPACE' ) );
#5733 = DIRECTION ( 'NONE',  ( -1.748601263784619973E-15, 0.000000000000000000, -1.000000000000000000 ) ) ;
#5734 = ADVANCED_FACE ( 'NONE', ( #3578 ), #4713, .F. ) ;
#5735 = CARTESIAN_POINT ( 'NONE',  ( 8.800000000000000711, 8.144714285714329094, -4.649999999999999467 ) ) ;
#5736 = CARTESIAN_POINT ( 'NONE',  ( 1.800000000000000044, 8.144714285714309554, -3.684999999999944986 ) ) ;
#5737 = FILL_AREA_STYLE_COLOUR ( '', #219 ) ;
#5738 = DIRECTION ( 'NONE',  ( 0.000000000000000000, -0.9701425001453377606, 0.2425356250363094601 ) ) ;
#5739 = DIRECTION ( 'NONE',  ( -0.8411784753765674250, 0.5407575913134772261, 0.000000000000000000 ) ) ;
#5740 =( NAMED_UNIT ( * ) PLANE_ANGLE_UNIT ( ) SI_UNIT ( $, .RADIAN. ) );
#5741 = ORIENTED_EDGE ( 'NONE', *, *, #1836, .F. ) ;
#5742 =( GEOMETRIC_REPRESENTATION_CONTEXT ( 3 ) GLOBAL_UNCERTAINTY_ASSIGNED_CONTEXT ( ( #1255 ) ) GLOBAL_UNIT_ASSIGNED_CONTEXT ( ( #1084, #4471, #528 ) ) REPRESENTATION_CONTEXT ( 'NONE', 'WORKASPACE' ) );
#5743 = CIRCLE ( 'NONE', #6328, 1.300000000000000044 ) ;
#5744 = DIRECTION ( 'NONE',  ( 1.000000000000000000, 1.611135744046419970E-15, -1.714057775220610174E-15 ) ) ;
#5745 = DIRECTION ( 'NONE',  ( 1.748601263784619973E-15, 0.000000000000000000, 1.000000000000000000 ) ) ;
#5746 = ADVANCED_FACE ( 'NONE', ( #6033 ), #4340, .T. ) ;
#5747 = DIRECTION ( 'NONE',  ( -1.000000000000000000, -1.634159799354254979E-15, 1.748601263784619973E-15 ) ) ;
#5748 =( NAMED_UNIT ( * ) PLANE_ANGLE_UNIT ( ) SI_UNIT ( $, .RADIAN. ) );
#5749 = CARTESIAN_POINT ( 'NONE',  ( 3.950000000000000178, 7.144714285714309554, -4.649999999999999467 ) ) ;
#5750 = FILL_AREA_STYLE_COLOUR ( '', #4387 ) ;
#5751 = SURFACE_STYLE_USAGE ( .BOTH. , #1282 ) ;
#5752 = STYLED_ITEM ( 'NONE', ( #4446 ), #3931 ) ;
#5753 = FILL_AREA_STYLE ('',( #623 ) ) ;
#5754 = VECTOR ( 'NONE', #2096, 1000.000000000000000 ) ;
#5755 = DIRECTION ( 'NONE',  ( -1.644517855226009970E-15, 1.000000000000000000, 2.875605999964574846E-30 ) ) ;
#5756 = SURFACE_STYLE_USAGE ( .BOTH. , #5602 ) ;
#5757 = DIRECTION ( 'NONE',  ( 0.2425356250363111255, 3.988541659006104994E-16, 0.9701425001453374275 ) ) ;
#5758 = UNCERTAINTY_MEASURE_WITH_UNIT (LENGTH_MEASURE( 1.000000000000000082E-05 ), #1131, 'distance_accuracy_value', 'NONE');
#5759 = EDGE_LOOP ( 'NONE', ( #6641, #5959, #4958, #378, #6510, #3439, #6466, #5265, #1300, #362, #6996, #2699, #1390, #5623, #5547, #4865, #1309 ) ) ;
#5760 = FACE_OUTER_BOUND ( 'NONE', #4270, .T. ) ;
#5761 = PRESENTATION_LAYER_ASSIGNMENT (  '', '', ( #6714 ) ) ;
#5762 = CARTESIAN_POINT ( 'NONE',  ( 1.300000000000011813, 7.100000000000000533, 2.450000000000054801 ) ) ;
#5763 = ORIENTED_EDGE ( 'NONE', *, *, #4182, .F. ) ;
#5764 = CARTESIAN_POINT ( 'NONE',  ( 1.177367964971004044, 8.200000000001310241, -0.5579302010269450163 ) ) ;
#5765 = CARTESIAN_POINT ( 'NONE',  ( 0.09999999999988450072, 9.638089535208059999, -4.649999999999939959 ) ) ;
#5766 = FILL_AREA_STYLE ('',( #1237 ) ) ;
#5767 = EDGE_CURVE ( 'NONE', #1123, #5778, #2588, .T. ) ;
#5768 = VECTOR ( 'NONE', #1761, 1000.000000000000000 ) ;
#5769 = VERTEX_POINT ( 'NONE', #4867 ) ;
#5770 =( GEOMETRIC_REPRESENTATION_CONTEXT ( 3 ) GLOBAL_UNCERTAINTY_ASSIGNED_CONTEXT ( ( #6295 ) ) GLOBAL_UNIT_ASSIGNED_CONTEXT ( ( #5899, #6535, #889 ) ) REPRESENTATION_CONTEXT ( 'NONE', 'WORKASPACE' ) );
#5771 = DIRECTION ( 'NONE',  ( 1.000000000000000000, 1.644517855226009970E-15, -1.748601263784619973E-15 ) ) ;
#5772 = SURFACE_STYLE_USAGE ( .BOTH. , #1622 ) ;
#5773 = DIRECTION ( 'NONE',  ( 0.000000000000000000, 2.890435660536364970E-30, -1.000000000000000000 ) ) ;
#5774 = FACE_OUTER_BOUND ( 'NONE', #6975, .T. ) ;
#5775 = FILL_AREA_STYLE_COLOUR ( '', #5138 ) ;
#5776 = ORIENTED_EDGE ( 'NONE', *, *, #3147, .F. ) ;
#5777 = AXIS2_PLACEMENT_3D ( 'NONE', #6045, #5569, #5021 ) ;
#5778 = VERTEX_POINT ( 'NONE', #3243 ) ;
#5779 = EDGE_CURVE ( 'NONE', #479, #6467, #1519, .T. ) ;
#5780 = EDGE_CURVE ( 'NONE', #3892, #6819, #5483, .T. ) ;
#5781 = AXIS2_PLACEMENT_3D ( 'NONE', #5805, #2960, #1274 ) ;
#5782 = STYLED_ITEM ( 'NONE', ( #5031 ), #2941 ) ;
#5783 = DIRECTION ( 'NONE',  ( 1.644517855226009970E-15, -1.000000000000000000, -2.890435660536364970E-30 ) ) ;
#5784 = PRESENTATION_STYLE_ASSIGNMENT (( #7000 ) ) ;
#5785 = LINE ( 'NONE', #206, #240 ) ;
#5786 = UNCERTAINTY_MEASURE_WITH_UNIT (LENGTH_MEASURE( 1.000000000000000082E-05 ), #2563, 'distance_accuracy_value', 'NONE');
#5787 = CARTESIAN_POINT ( 'NONE',  ( 3.950000000000000178, 7.649999999999999467, -4.149999999999949729 ) ) ;
#5788 =( NAMED_UNIT ( * ) PLANE_ANGLE_UNIT ( ) SI_UNIT ( $, .RADIAN. ) );
#5789 = PLANE ( 'NONE',  #5230 ) ;
#5790 = EDGE_CURVE ( 'NONE', #1813, #7178, #395, .T. ) ;
#5791 = DIRECTION ( 'NONE',  ( -1.644517855226009970E-15, 1.000000000000000000, 0.000000000000000000 ) ) ;
#5792 = CARTESIAN_POINT ( 'NONE',  ( 9.299999999999998934, 7.644714285714299784, -3.775000000000000355 ) ) ;
#5793 = EDGE_CURVE ( 'NONE', #3370, #532, #142, .T. ) ;
#5794 = ORIENTED_EDGE ( 'NONE', *, *, #7077, .F. ) ;
#5795 = VECTOR ( 'NONE', #3659, 1000.000000000000000 ) ;
#5796 = ORIENTED_EDGE ( 'NONE', *, *, #1606, .T. ) ;
#5797 = PLANE ( 'NONE',  #7268 ) ;
#5798 = DIRECTION ( 'NONE',  ( -1.644517855226009970E-15, 1.000000000000000000, 2.890435660536364970E-30 ) ) ;
#5799 = LINE ( 'NONE', #3644, #5688 ) ;
#5800 = PRESENTATION_LAYER_ASSIGNMENT (  '', '', ( #3898 ) ) ;
#5801 = ORIENTED_EDGE ( 'NONE', *, *, #467, .F. ) ;
#5802 = SURFACE_STYLE_FILL_AREA ( #3985 ) ;
#5803 = FILL_AREA_STYLE ('',( #4693 ) ) ;
#5804 = CARTESIAN_POINT ( 'NONE',  ( 3.950000000000000178, 7.649999999999999467, 0.8500000000000499378 ) ) ;
#5805 = CARTESIAN_POINT ( 'NONE',  ( 9.700000000000001066, 7.450000000000000178, -4.150000000000000355 ) ) ;
#5806 = CARTESIAN_POINT ( 'NONE',  ( 2.399999999999999911, 5.400000000000000355, -1.271320343559946053 ) ) ;
#5807 = SURFACE_STYLE_FILL_AREA ( #6276 ) ;
#5808 = FILL_AREA_STYLE ('',( #6278 ) ) ;
#5809 = CARTESIAN_POINT ( 'NONE',  ( 0.1000000000000079992, 7.649999999999999467, 0.8500000000000560441 ) ) ;
#5810 = EDGE_LOOP ( 'NONE', ( #902, #2796, #6712, #36 ) ) ;
#5811 = ORIENTED_EDGE ( 'NONE', *, *, #4002, .T. ) ;
#5812 = ADVANCED_FACE ( 'NONE', ( #843 ), #3131, .F. ) ;
#5813 =( NAMED_UNIT ( * ) PLANE_ANGLE_UNIT ( ) SI_UNIT ( $, .RADIAN. ) );
#5814 = DIRECTION ( 'NONE',  ( 1.927470528863118950E-15, 0.000000000000000000, 1.000000000000000000 ) ) ;
#5815 = COLOUR_RGB ( '',1.000000000000000000, 1.000000000000000000, 1.000000000000000000 ) ;
#5816 =( GEOMETRIC_REPRESENTATION_CONTEXT ( 3 ) GLOBAL_UNCERTAINTY_ASSIGNED_CONTEXT ( ( #796 ) ) GLOBAL_UNIT_ASSIGNED_CONTEXT ( ( #4021, #6851, #1743 ) ) REPRESENTATION_CONTEXT ( 'NONE', 'WORKASPACE' ) );
#5817 =( NAMED_UNIT ( * ) SI_UNIT ( $, .STERADIAN. ) SOLID_ANGLE_UNIT ( ) );
#5818 = ADVANCED_FACE ( 'NONE', ( #69 ), #2215, .F. ) ;
#5819 = AXIS2_PLACEMENT_3D ( 'NONE', #4879, #6578, #6011 ) ;
#5820 = AXIS2_PLACEMENT_3D ( 'NONE', #1841, #2945, #74 ) ;
#5821 = SURFACE_STYLE_FILL_AREA ( #2399 ) ;
#5822 = MECHANICAL_DESIGN_GEOMETRIC_PRESENTATION_REPRESENTATION (  '', ( #1563 ), #6784 ) ;
#5823 = STYLED_ITEM ( 'NONE', ( #6265 ), #5575 ) ;
#5824 = ORIENTED_EDGE ( 'NONE', *, *, #1890, .T. ) ;
#5825 = SURFACE_STYLE_USAGE ( .BOTH. , #3577 ) ;
#5826 = EDGE_LOOP ( 'NONE', ( #5902, #820, #3667, #6697, #5912, #2801 ) ) ;
#5827 = AXIS2_PLACEMENT_3D ( 'NONE', #1143, #1643, #5673 ) ;
#5828 = CARTESIAN_POINT ( 'NONE',  ( 13.06047742470299866, -3.899999999999999911, -6.649999999999999467 ) ) ;
#5829 = DIRECTION ( 'NONE',  ( -1.000000000000000000, -1.644517855226009970E-15, 0.000000000000000000 ) ) ;
#5830 =( NAMED_UNIT ( * ) PLANE_ANGLE_UNIT ( ) SI_UNIT ( $, .RADIAN. ) );
#5831 = VECTOR ( 'NONE', #4185, 1000.000000000000000 ) ;
#5832 = CARTESIAN_POINT ( 'NONE',  ( 0.6999999999999999556, 6.250000000000000000, -2.349999999999945022 ) ) ;
#5833 =( NAMED_UNIT ( * ) PLANE_ANGLE_UNIT ( ) SI_UNIT ( $, .RADIAN. ) );
#5834 = VECTOR ( 'NONE', #627, 1000.000000000000000 ) ;
#5835 = VECTOR ( 'NONE', #5882, 1000.000000000000114 ) ;
#5836 =( NAMED_UNIT ( * ) PLANE_ANGLE_UNIT ( ) SI_UNIT ( $, .RADIAN. ) );
#5837 = AXIS2_PLACEMENT_3D ( 'NONE', #5580, #4544, #3298 ) ;
#5838 = DIRECTION ( 'NONE',  ( 1.644517855225994982E-15, -1.000000000000000000, 0.000000000000000000 ) ) ;
#5839 =( LENGTH_UNIT ( ) NAMED_UNIT ( * ) SI_UNIT ( .MILLI., .METRE. ) );
#5840 = EDGE_LOOP ( 'NONE', ( #1045, #6388, #1198, #5801 ) ) ;
#5841 = ORIENTED_EDGE ( 'NONE', *, *, #849, .F. ) ;
#5842 = MECHANICAL_DESIGN_GEOMETRIC_PRESENTATION_REPRESENTATION (  '', ( #2078 ), #5732 ) ;
#5843 = LINE ( 'NONE', #4281, #2604 ) ;
#5844 = UNCERTAINTY_MEASURE_WITH_UNIT (LENGTH_MEASURE( 1.000000000000000082E-05 ), #6107, 'distance_accuracy_value', 'NONE');
#5845 = CARTESIAN_POINT ( 'NONE',  ( 0.5999999999999999778, 8.200000000000001066, -3.604444444999944874 ) ) ;
#5846 = SURFACE_STYLE_USAGE ( .BOTH. , #1318 ) ;
#5847 = LINE ( 'NONE', #3496, #5335 ) ;
#5848 = PRESENTATION_LAYER_ASSIGNMENT (  '', '', ( #1718 ) ) ;
#5849 = VECTOR ( 'NONE', #3811, 1000.000000000000000 ) ;
#5850 = ADVANCED_FACE ( 'NONE', ( #2753 ), #2251, .T. ) ;
#5851 = ADVANCED_FACE ( 'NONE', ( #1903 ), #5789, .F. ) ;
#5852 = PRESENTATION_LAYER_ASSIGNMENT (  '', '', ( #5971 ) ) ;
#5853 = LINE ( 'NONE', #174, #4161 ) ;
#5854 = UNCERTAINTY_MEASURE_WITH_UNIT (LENGTH_MEASURE( 1.000000000000000082E-05 ), #2565, 'distance_accuracy_value', 'NONE');
#5855 = DIRECTION ( 'NONE',  ( 1.644517855226009970E-15, -1.000000000000000000, -2.890435660536364970E-30 ) ) ;
#5856 = SURFACE_STYLE_USAGE ( .BOTH. , #2402 ) ;
#5857 = EDGE_CURVE ( 'NONE', #4829, #5965, #5189, .T. ) ;
#5858 = AXIS2_PLACEMENT_3D ( 'NONE', #6293, #1758, #2939 ) ;
#5859 = EDGE_CURVE ( 'NONE', #6023, #6870, #6378, .T. ) ;
#5860 = ORIENTED_EDGE ( 'NONE', *, *, #5889, .T. ) ;
#5861 = FILL_AREA_STYLE ('',( #1447 ) ) ;
#5862 = EDGE_LOOP ( 'NONE', ( #3189, #1260, #1570, #3940 ) ) ;
#5863 = FILL_AREA_STYLE_COLOUR ( '', #481 ) ;
#5864 =( NAMED_UNIT ( * ) PLANE_ANGLE_UNIT ( ) SI_UNIT ( $, .RADIAN. ) );
#5865 = DIRECTION ( 'NONE',  ( -1.644517855226009970E-15, 1.000000000000000000, 2.890435660536364970E-30 ) ) ;
#5866 = VECTOR ( 'NONE', #4794, 1000.000000000000114 ) ;
#5867 = SURFACE_SIDE_STYLE ('',( #6392 ) ) ;
#5868 = ORIENTED_EDGE ( 'NONE', *, *, #1940, .T. ) ;
#5869 = ORIENTED_EDGE ( 'NONE', *, *, #3733, .F. ) ;
#5870 = DIRECTION ( 'NONE',  ( -1.000000000000000000, -1.644517855226009970E-15, 1.748601263784619973E-15 ) ) ;
#5871 = CARTESIAN_POINT ( 'NONE',  ( 10.34999999999999964, 5.299999999999999822, -1.649999999999960165 ) ) ;
#5872 = SURFACE_STYLE_FILL_AREA ( #1345 ) ;
#5873 =( GEOMETRIC_REPRESENTATION_CONTEXT ( 3 ) GLOBAL_UNCERTAINTY_ASSIGNED_CONTEXT ( ( #574 ) ) GLOBAL_UNIT_ASSIGNED_CONTEXT ( ( #3745, #6976, #3673 ) ) REPRESENTATION_CONTEXT ( 'NONE', 'WORKASPACE' ) );
#5874 = EDGE_CURVE ( 'NONE', #5318, #1526, #4110, .T. ) ;
#5875 = SURFACE_SIDE_STYLE ('',( #1308 ) ) ;
#5876 = ORIENTED_EDGE ( 'NONE', *, *, #1051, .F. ) ;
#5877 = ORIENTED_EDGE ( 'NONE', *, *, #799, .F. ) ;
#5878 = VECTOR ( 'NONE', #3911, 1000.000000000000000 ) ;
#5879 = EDGE_CURVE ( 'NONE', #7269, #5660, #4079, .T. ) ;
#5880 = CARTESIAN_POINT ( 'NONE',  ( 2.399999999999999911, 8.200000000000001066, -0.4374393189579465213 ) ) ;
#5881 =( LENGTH_UNIT ( ) NAMED_UNIT ( * ) SI_UNIT ( .MILLI., .METRE. ) );
#5882 = DIRECTION ( 'NONE',  ( -0.9333456062030549560, 0.3589790793088808996, 1.632049306554484819E-15 ) ) ;
#5883 = CARTESIAN_POINT ( 'NONE',  ( 1.250000000000011990, -0.2499999999999890088, -3.899999999999944844 ) ) ;
#5884 = PRESENTATION_LAYER_ASSIGNMENT (  '', '', ( #2811 ) ) ;
#5885 = SURFACE_SIDE_STYLE ('',( #6897 ) ) ;
#5886 = PLANE ( 'NONE',  #3642 ) ;
#5887 = ORIENTED_EDGE ( 'NONE', *, *, #4031, .F. ) ;
#5888 = CARTESIAN_POINT ( 'NONE',  ( -0.5999999999999999778, 4.200000000000000178, -5.039999999999940528 ) ) ;
#5889 = EDGE_CURVE ( 'NONE', #3859, #3514, #6340, .T. ) ;
#5890 = DIRECTION ( 'NONE',  ( 0.000000000000000000, 2.890435660536364970E-30, -1.000000000000000000 ) ) ;
#5891 = PRESENTATION_STYLE_ASSIGNMENT (( #3636 ) ) ;
#5892 = EDGE_CURVE ( 'NONE', #4839, #523, #3083, .T. ) ;
#5893 = ORIENTED_EDGE ( 'NONE', *, *, #2180, .T. ) ;
#5894 = SURFACE_STYLE_FILL_AREA ( #2472 ) ;
#5895 = CARTESIAN_POINT ( 'NONE',  ( 9.700000000000001066, 12.25000000000000000, -6.649999999999999467 ) ) ;
#5896 = CARTESIAN_POINT ( 'NONE',  ( 8.673617379884019695E-15, 0.000000000000000000, 3.350000000000055156 ) ) ;
#5897 = DIRECTION ( 'NONE',  ( 1.748601263784619973E-15, -1.482966057179082177E-32, 1.000000000000000000 ) ) ;
#5898 = STYLED_ITEM ( 'NONE', ( #1978 ), #4409 ) ;
#5899 =( LENGTH_UNIT ( ) NAMED_UNIT ( * ) SI_UNIT ( .MILLI., .METRE. ) );
#5900 = EDGE_CURVE ( 'NONE', #3398, #403, #5853, .T. ) ;
#5901 = PLANE ( 'NONE',  #5209 ) ;
#5902 = ORIENTED_EDGE ( 'NONE', *, *, #3238, .F. ) ;
#5903 = ORIENTED_EDGE ( 'NONE', *, *, #1398, .T. ) ;
#5904 =( LENGTH_UNIT ( ) NAMED_UNIT ( * ) SI_UNIT ( .MILLI., .METRE. ) );
#5905 = DIRECTION ( 'NONE',  ( 0.000000000000000000, -0.6949152542373064900, -0.7190916418846067248 ) ) ;
#5906 = CARTESIAN_POINT ( 'NONE',  ( 9.700000000000001066, 10.59999999999999964, 1.550000000000039790 ) ) ;
#5907 = FILL_AREA_STYLE ('',( #6470 ) ) ;
#5908 = ORIENTED_EDGE ( 'NONE', *, *, #3278, .T. ) ;
#5909 = CARTESIAN_POINT ( 'NONE',  ( 2.399999999999999911, 5.400000000000000355, 3.350000000000055156 ) ) ;
#5910 = LINE ( 'NONE', #5394, #7148 ) ;
#5911 = VECTOR ( 'NONE', #5946, 1000.000000000000000 ) ;
#5912 = ORIENTED_EDGE ( 'NONE', *, *, #6856, .T. ) ;
#5913 = EDGE_LOOP ( 'NONE', ( #2368, #2760, #3269, #1212, #327, #5161, #5824, #6436, #307, #6640, #1115, #226 ) ) ;
#5914 =( LENGTH_UNIT ( ) NAMED_UNIT ( * ) SI_UNIT ( .MILLI., .METRE. ) );
#5915 = EDGE_CURVE ( 'NONE', #3553, #2810, #210, .T. ) ;
#5916 = STYLED_ITEM ( 'NONE', ( #5341 ), #5114 ) ;
#5917 = ORIENTED_EDGE ( 'NONE', *, *, #1190, .T. ) ;
#5918 = MECHANICAL_DESIGN_GEOMETRIC_PRESENTATION_REPRESENTATION (  '', ( #4036 ), #6756 ) ;
#5919 = CARTESIAN_POINT ( 'NONE',  ( 9.799999999999998934, 8.144714285714329094, 1.350000000000040057 ) ) ;
#5920 = EDGE_CURVE ( 'NONE', #2692, #5520, #3003, .T. ) ;
#5921 = DIRECTION ( 'NONE',  ( 1.748601263784619973E-15, 3.033339662409899972E-30, 1.000000000000000000 ) ) ;
#5922 = SURFACE_STYLE_FILL_AREA ( #3081 ) ;
#5923 = FACE_OUTER_BOUND ( 'NONE', #3063, .T. ) ;
#5924 = SURFACE_STYLE_USAGE ( .BOTH. , #177 ) ;
#5925 = UNCERTAINTY_MEASURE_WITH_UNIT (LENGTH_MEASURE( 1.000000000000000082E-05 ), #5006, 'distance_accuracy_value', 'NONE');
#5926 = VECTOR ( 'NONE', #6247, 1000.000000000000000 ) ;
#5927 = CIRCLE ( 'NONE', #3454, 2.050000000002000444 ) ;
#5928 = ORIENTED_EDGE ( 'NONE', *, *, #1647, .T. ) ;
#5929 = STYLED_ITEM ( 'NONE', ( #2746 ), #6131 ) ;
#5930 = VECTOR ( 'NONE', #6845, 1000.000000000000000 ) ;
#5931 = CARTESIAN_POINT ( 'NONE',  ( 11.00000000000000000, 5.200000000000000178, -1.945459231494965024 ) ) ;
#5932 = UNCERTAINTY_MEASURE_WITH_UNIT (LENGTH_MEASURE( 1.000000000000000082E-05 ), #5578, 'distance_accuracy_value', 'NONE');
#5933 = FACE_OUTER_BOUND ( 'NONE', #5105, .T. ) ;
#5934 = DIRECTION ( 'NONE',  ( -2.168404344971009657E-15, 0.3928571428571052682, -0.9195995135417112110 ) ) ;
#5935 = MECHANICAL_DESIGN_GEOMETRIC_PRESENTATION_REPRESENTATION (  '', ( #3805 ), #2416 ) ;
#5936 = DIRECTION ( 'NONE',  ( -1.000000000000000000, 0.000000000000000000, 1.748601263784619973E-15 ) ) ;
#5937 =( GEOMETRIC_REPRESENTATION_CONTEXT ( 3 ) GLOBAL_UNCERTAINTY_ASSIGNED_CONTEXT ( ( #3966 ) ) GLOBAL_UNIT_ASSIGNED_CONTEXT ( ( #2298, #5641, #2337 ) ) REPRESENTATION_CONTEXT ( 'NONE', 'WORKASPACE' ) );
#5938 =( GEOMETRIC_REPRESENTATION_CONTEXT ( 3 ) GLOBAL_UNCERTAINTY_ASSIGNED_CONTEXT ( ( #5854 ) ) GLOBAL_UNIT_ASSIGNED_CONTEXT ( ( #2565, #6581, #861 ) ) REPRESENTATION_CONTEXT ( 'NONE', 'WORKASPACE' ) );
#5939 = CIRCLE ( 'NONE', #137, 1.399999999998999822 ) ;
#5940 = SURFACE_SIDE_STYLE ('',( #3179 ) ) ;
#5941 = PRESENTATION_LAYER_ASSIGNMENT (  '', '', ( #730 ) ) ;
#5942 = EDGE_LOOP ( 'NONE', ( #3876, #1517, #357, #6594, #914 ) ) ;
#5943 = ORIENTED_EDGE ( 'NONE', *, *, #4837, .F. ) ;
#5944 = DIRECTION ( 'NONE',  ( 1.748601263784619973E-15, 0.000000000000000000, 1.000000000000000000 ) ) ;
#5945 = LINE ( 'NONE', #309, #7118 ) ;
#5946 = DIRECTION ( 'NONE',  ( -0.8000000000000000444, -1.315614284180805925E-15, -0.5999999999999999778 ) ) ;
#5947 = DIRECTION ( 'NONE',  ( 1.748601263784619973E-15, 0.000000000000000000, 1.000000000000000000 ) ) ;
#5948 = CARTESIAN_POINT ( 'NONE',  ( 0.09999999999999420464, 8.200000000000001066, -6.649999999999999467 ) ) ;
#5949 = VERTEX_POINT ( 'NONE', #4708 ) ;
#5950 = VERTEX_POINT ( 'NONE', #4138 ) ;
#5951 = CARTESIAN_POINT ( 'NONE',  ( 1.500000000000000000, 0.7500000000000109912, 1.350000000000052047 ) ) ;
#5952 = EDGE_CURVE ( 'NONE', #4065, #2201, #7133, .T. ) ;
#5953 = ORIENTED_EDGE ( 'NONE', *, *, #270, .T. ) ;
#5954 =( NAMED_UNIT ( * ) SI_UNIT ( $, .STERADIAN. ) SOLID_ANGLE_UNIT ( ) );
#5955 = CARTESIAN_POINT ( 'NONE',  ( 2.399999999999999911, 9.599999999999999645, 0.3500000000000534905 ) ) ;
#5956 = MECHANICAL_DESIGN_GEOMETRIC_PRESENTATION_REPRESENTATION (  '', ( #5016 ), #155 ) ;
#5957 = FILL_AREA_STYLE_COLOUR ( '', #5272 ) ;
#5958 = CARTESIAN_POINT ( 'NONE',  ( 11.00000000000000000, 11.75000000000000000, 3.350000000000055156 ) ) ;
#5959 = ORIENTED_EDGE ( 'NONE', *, *, #3472, .F. ) ;
#5960 = DIRECTION ( 'NONE',  ( -0.1788854382000029941, -2.941802971598305317E-16, -0.9838699100999038771 ) ) ;
#5961 = PLANE ( 'NONE',  #6192 ) ;
#5962 = MECHANICAL_DESIGN_GEOMETRIC_PRESENTATION_REPRESENTATION (  '', ( #2903 ), #6327 ) ;
#5963 = VECTOR ( 'NONE', #1848, 1000.000000000000000 ) ;
#5964 = EDGE_LOOP ( 'NONE', ( #5337, #6345, #1972, #2947, #1844 ) ) ;
#5965 = VERTEX_POINT ( 'NONE', #5888 ) ;
#5966 = DIRECTION ( 'NONE',  ( -1.748601263784619973E-15, 0.000000000000000000, -1.000000000000000000 ) ) ;
#5967 = CARTESIAN_POINT ( 'NONE',  ( 2.399999999999999911, 5.400000000000000355, -6.271320343559949606 ) ) ;
#5968 =( LENGTH_UNIT ( ) NAMED_UNIT ( * ) SI_UNIT ( .MILLI., .METRE. ) );
#5969 = SURFACE_STYLE_FILL_AREA ( #335 ) ;
#5970 =( LENGTH_UNIT ( ) NAMED_UNIT ( * ) SI_UNIT ( .MILLI., .METRE. ) );
#5971 = STYLED_ITEM ( 'NONE', ( #4370 ), #3783 ) ;
#5972 = FILL_AREA_STYLE ('',( #4799 ) ) ;
#5973 = VECTOR ( 'NONE', #6839, 1000.000000000000000 ) ;
#5974 = PLANE ( 'NONE',  #2854 ) ;
#5975 = CARTESIAN_POINT ( 'NONE',  ( 1.500000000000000000, 8.109625349781609316, 1.340000000000054037 ) ) ;
#5976 = ORIENTED_EDGE ( 'NONE', *, *, #5412, .T. ) ;
#5977 = ORIENTED_EDGE ( 'NONE', *, *, #4658, .T. ) ;
#5978 = SURFACE_SIDE_STYLE ('',( #3723 ) ) ;
#5979 = EDGE_CURVE ( 'NONE', #3476, #563, #7038, .T. ) ;
#5980 = CARTESIAN_POINT ( 'NONE',  ( 1.398548747333999920, 8.959230384045010709, -3.649999999999944844 ) ) ;
#5981 = DIRECTION ( 'NONE',  ( -1.000000000000000000, -1.644517855226009970E-15, 1.748601263784619973E-15 ) ) ;
#5982 = ORIENTED_EDGE ( 'NONE', *, *, #2271, .F. ) ;
#5983 = VECTOR ( 'NONE', #6457, 1000.000000000000000 ) ;
#5984 = CARTESIAN_POINT ( 'NONE',  ( 1.400000000138003964, 8.199999999997110933, -0.4374393188849459713 ) ) ;
#5985 = MECHANICAL_DESIGN_GEOMETRIC_PRESENTATION_REPRESENTATION (  '', ( #887 ), #6937 ) ;
#5986 = COLOUR_RGB ( '',0.2862745098039215508, 0.6431372549019607199, 0.8666666666666666963 ) ;
#5987 = SURFACE_SIDE_STYLE ('',( #241 ) ) ;
#5988 = CARTESIAN_POINT ( 'NONE',  ( 0.7500000000000219824, -0.2499999999999905076, 1.100000000000054046 ) ) ;
#5989 = DIRECTION ( 'NONE',  ( 1.000000000000000000, 1.644517855226009970E-15, -1.748601263784619973E-15 ) ) ;
#5990 = DIRECTION ( 'NONE',  ( 1.748601263784619973E-15, 0.000000000000000000, 1.000000000000000000 ) ) ;
#5991 = VECTOR ( 'NONE', #4243, 1000.000000000000000 ) ;
#5992 = EDGE_CURVE ( 'NONE', #2515, #3691, #2679, .T. ) ;
#5993 =( GEOMETRIC_REPRESENTATION_CONTEXT ( 3 ) GLOBAL_UNCERTAINTY_ASSIGNED_CONTEXT ( ( #6831 ) ) GLOBAL_UNIT_ASSIGNED_CONTEXT ( ( #2106, #1059, #3355 ) ) REPRESENTATION_CONTEXT ( 'NONE', 'WORKASPACE' ) );
#5994 = CARTESIAN_POINT ( 'NONE',  ( 2.399999999999999911, 7.649999999999999467, 0.8500000000000520473 ) ) ;
#5995 =( LENGTH_UNIT ( ) NAMED_UNIT ( * ) SI_UNIT ( .MILLI., .METRE. ) );
#5996 = CARTESIAN_POINT ( 'NONE',  ( 0.1000000000000132033, 7.100000000000000533, 2.850000000000055156 ) ) ;
#5997 = VERTEX_POINT ( 'NONE', #2540 ) ;
#5998 = LINE ( 'NONE', #3703, #256 ) ;
#5999 = VECTOR ( 'NONE', #4960, 1000.000000000000000 ) ;
#6000 = ORIENTED_EDGE ( 'NONE', *, *, #6621, .T. ) ;
#6001 = ORIENTED_EDGE ( 'NONE', *, *, #2968, .F. ) ;
#6002 = EDGE_CURVE ( 'NONE', #3383, #7064, #6064, .T. ) ;
#6003 = SURFACE_STYLE_USAGE ( .BOTH. , #2621 ) ;
#6004 = CARTESIAN_POINT ( 'NONE',  ( 0.7400000000000099831, 7.597309794603360977, 1.350000000000054046 ) ) ;
#6005 = EDGE_CURVE ( 'NONE', #3511, #1108, #3125, .T. ) ;
#6006 = DIRECTION ( 'NONE',  ( 1.644517855226004842E-15, -1.000000000000000000, 0.000000000000000000 ) ) ;
#6007 = DIRECTION ( 'NONE',  ( -0.8000000000000000444, -1.315614284180805925E-15, 0.5999999999999999778 ) ) ;
#6008 = LINE ( 'NONE', #2139, #6282 ) ;
#6009 = EDGE_LOOP ( 'NONE', ( #6748, #6720, #5860, #5050 ) ) ;
#6010 = DIRECTION ( 'NONE',  ( 1.748601263784619973E-15, 0.000000000000000000, 1.000000000000000000 ) ) ;
#6011 = DIRECTION ( 'NONE',  ( -1.000000000000000000, 0.000000000000000000, 1.748601263784619973E-15 ) ) ;
#6012 = DIRECTION ( 'NONE',  ( 1.644517855226004842E-15, -1.000000000000000000, 0.000000000000000000 ) ) ;
#6013 = CARTESIAN_POINT ( 'NONE',  ( 11.00000000000000000, 3.750000000000000000, -6.649999999999999467 ) ) ;
#6014 = FACE_OUTER_BOUND ( 'NONE', #7030, .T. ) ;
#6015 = EDGE_LOOP ( 'NONE', ( #4888, #4180, #3153, #2260 ) ) ;
#6016 = MECHANICAL_DESIGN_GEOMETRIC_PRESENTATION_REPRESENTATION (  '', ( #4484 ), #2965 ) ;
#6017 = CARTESIAN_POINT ( 'NONE',  ( 1.398548747334007913, 8.959230384045010709, 1.350000000000052047 ) ) ;
#6018 = ORIENTED_EDGE ( 'NONE', *, *, #3292, .F. ) ;
#6019 = SURFACE_STYLE_FILL_AREA ( #2088 ) ;
#6020 = VECTOR ( 'NONE', #525, 1000.000000000000000 ) ;
#6021 = PLANE ( 'NONE',  #5557 ) ;
#6022 = CARTESIAN_POINT ( 'NONE',  ( 1.800000000000000044, 4.200000000000000178, 2.650000000000054978 ) ) ;
#6023 = VERTEX_POINT ( 'NONE', #1436 ) ;
#6024 =( LENGTH_UNIT ( ) NAMED_UNIT ( * ) SI_UNIT ( .MILLI., .METRE. ) );
#6025 =( GEOMETRIC_REPRESENTATION_CONTEXT ( 3 ) GLOBAL_UNCERTAINTY_ASSIGNED_CONTEXT ( ( #4559 ) ) GLOBAL_UNIT_ASSIGNED_CONTEXT ( ( #6983, #5350, #5308 ) ) REPRESENTATION_CONTEXT ( 'NONE', 'WORKASPACE' ) );
#6026 =( NAMED_UNIT ( * ) SI_UNIT ( $, .STERADIAN. ) SOLID_ANGLE_UNIT ( ) );
#6027 = DIRECTION ( 'NONE',  ( 1.644517855226009970E-15, -1.000000000000000000, -2.890435660536364970E-30 ) ) ;
#6028 = ORIENTED_EDGE ( 'NONE', *, *, #5530, .F. ) ;
#6029 = LINE ( 'NONE', #5515, #5255 ) ;
#6030 = CIRCLE ( 'NONE', #2852, 1.399999999999999467 ) ;
#6031 = EDGE_LOOP ( 'NONE', ( #197, #4174 ) ) ;
#6032 = FILL_AREA_STYLE_COLOUR ( '', #3282 ) ;
#6033 = FACE_OUTER_BOUND ( 'NONE', #494, .T. ) ;
#6034 = PRESENTATION_LAYER_ASSIGNMENT (  '', '', ( #1185 ) ) ;
#6035 = DIRECTION ( 'NONE',  ( -1.644517855226009970E-15, 1.000000000000000000, 2.890435660536364970E-30 ) ) ;
#6036 = PRESENTATION_STYLE_ASSIGNMENT (( #6078 ) ) ;
#6037 = VECTOR ( 'NONE', #848, 1000.000000000000000 ) ;
#6038 = EDGE_CURVE ( 'NONE', #3574, #1894, #3808, .T. ) ;
#6039 = CARTESIAN_POINT ( 'NONE',  ( -1.000000000000000000, 10.75000000000000000, -2.349999999999945022 ) ) ;
#6040 =( LENGTH_UNIT ( ) NAMED_UNIT ( * ) SI_UNIT ( .MILLI., .METRE. ) );
#6041 = ORIENTED_EDGE ( 'NONE', *, *, #907, .T. ) ;
#6042 = LINE ( 'NONE', #3362, #3717 ) ;
#6043 = STYLED_ITEM ( 'NONE', ( #4069 ), #6233 ) ;
#6044 =( GEOMETRIC_REPRESENTATION_CONTEXT ( 3 ) GLOBAL_UNCERTAINTY_ASSIGNED_CONTEXT ( ( #3050 ) ) GLOBAL_UNIT_ASSIGNED_CONTEXT ( ( #4975, #6725, #1604 ) ) REPRESENTATION_CONTEXT ( 'NONE', 'WORKASPACE' ) );
#6045 = CARTESIAN_POINT ( 'NONE',  ( 11.00000000000000000, 3.750000000000000000, 3.350000000000035172 ) ) ;
#6046 = DIRECTION ( 'NONE',  ( 1.748601263784619973E-15, 0.000000000000000000, 1.000000000000000000 ) ) ;
#6047 = LINE ( 'NONE', #4352, #136 ) ;
#6048 = PRESENTATION_LAYER_ASSIGNMENT (  '', '', ( #1581 ) ) ;
#6049 = EDGE_LOOP ( 'NONE', ( #5638, #6820, #3204, #1535 ) ) ;
#6050 = CIRCLE ( 'NONE', #2875, 2.050000000002000000 ) ;
#6051 =( GEOMETRIC_REPRESENTATION_CONTEXT ( 3 ) GLOBAL_UNCERTAINTY_ASSIGNED_CONTEXT ( ( #622 ) ) GLOBAL_UNIT_ASSIGNED_CONTEXT ( ( #2173, #437, #365 ) ) REPRESENTATION_CONTEXT ( 'NONE', 'WORKASPACE' ) );
#6052 = CARTESIAN_POINT ( 'NONE',  ( 1.399999999999999911, 8.959999999999999076, 0.3561376710050564998 ) ) ;
#6053 = ORIENTED_EDGE ( 'NONE', *, *, #5018, .T. ) ;
#6054 = VECTOR ( 'NONE', #2952, 1000.000000000000000 ) ;
#6055 = FILL_AREA_STYLE_COLOUR ( '', #6519 ) ;
#6056 = DIRECTION ( 'NONE',  ( 0.000000000000000000, -0.7142857142856899877, -0.6998542122237899621 ) ) ;
#6057 = STYLED_ITEM ( 'NONE', ( #7145 ), #6098 ) ;
#6058 = CARTESIAN_POINT ( 'NONE',  ( 11.00000000000000000, 5.200000000000000178, 3.054540768505034976 ) ) ;
#6059 = ORIENTED_EDGE ( 'NONE', *, *, #4214, .T. ) ;
#6060 = VERTEX_POINT ( 'NONE', #6486 ) ;
#6061 = VECTOR ( 'NONE', #5798, 1000.000000000000000 ) ;
#6062 = DIRECTION ( 'NONE',  ( -1.764125568789973300E-15, 0.000000000000000000, -1.000000000000000000 ) ) ;
#6063 =( NAMED_UNIT ( * ) SI_UNIT ( $, .STERADIAN. ) SOLID_ANGLE_UNIT ( ) );
#6064 = LINE ( 'NONE', #1549, #839 ) ;
#6065 = EDGE_LOOP ( 'NONE', ( #2147, #6086, #4628, #547, #3039 ) ) ;
#6066 = FILL_AREA_STYLE ('',( #2161 ) ) ;
#6067 = AXIS2_PLACEMENT_3D ( 'NONE', #1947, #5855, #5890 ) ;
#6068 = MECHANICAL_DESIGN_GEOMETRIC_PRESENTATION_REPRESENTATION (  '', ( #3489 ), #4650 ) ;
#6069 = EDGE_CURVE ( 'NONE', #4751, #2841, #2577, .T. ) ;
#6070 = EDGE_CURVE ( 'NONE', #7210, #3398, #4217, .T. ) ;
#6071 = PLANE ( 'NONE',  #4915 ) ;
#6072 = ORIENTED_EDGE ( 'NONE', *, *, #3061, .T. ) ;
#6073 = EDGE_LOOP ( 'NONE', ( #7097, #4293, #2295, #2763 ) ) ;
#6074 = AXIS2_PLACEMENT_3D ( 'NONE', #5787, #5216, #4676 ) ;
#6075 = LINE ( 'NONE', #988, #4206 ) ;
#6076 = CARTESIAN_POINT ( 'NONE',  ( 9.909186366476012253, 5.367817482081020053, -2.015025770445960429 ) ) ;
#6077 = FILL_AREA_STYLE_COLOUR ( '', #3006 ) ;
#6078 = SURFACE_STYLE_USAGE ( .BOTH. , #2757 ) ;
#6079 = PRESENTATION_LAYER_ASSIGNMENT (  '', '', ( #983 ) ) ;
#6080 = EDGE_CURVE ( 'NONE', #2613, #331, #910, .T. ) ;
#6081 = EDGE_CURVE ( 'NONE', #948, #1550, #944, .T. ) ;
#6082 = B_SPLINE_CURVE_WITH_KNOTS ( 'NONE', 3,
 ( #5980, #2601, #815, #2009 ),
 .UNSPECIFIED., .F., .F.,
 ( 4, 4 ),
 ( 1.704404888119904864E-11, 0.001465284747000489968 ),
 .UNSPECIFIED. ) ;
#6083 = SURFACE_STYLE_USAGE ( .BOTH. , #6653 ) ;
#6084 = CARTESIAN_POINT ( 'NONE',  ( 0.7000000000000080602, 6.250000000000000000, -0.9499999999999440004 ) ) ;
#6085 = FACE_OUTER_BOUND ( 'NONE', #6015, .T. ) ;
#6086 = ORIENTED_EDGE ( 'NONE', *, *, #4453, .F. ) ;
#6087 = DIRECTION ( 'NONE',  ( 0.9984603535126308493, 1.641985879086794733E-15, 0.05547001409258998927 ) ) ;
#6088 = FILL_AREA_STYLE_COLOUR ( '', #1196 ) ;
#6089 = SURFACE_STYLE_FILL_AREA ( #6160 ) ;
#6090 =( NAMED_UNIT ( * ) PLANE_ANGLE_UNIT ( ) SI_UNIT ( $, .RADIAN. ) );
#6091 = VECTOR ( 'NONE', #2970, 1000.000000000000227 ) ;
#6092 = LINE ( 'NONE', #2697, #7233 ) ;
#6093 = LINE ( 'NONE', #5538, #4873 ) ;
#6094 = CARTESIAN_POINT ( 'NONE',  ( 1.250000000000019984, -0.2499999999999890088, 0.6000000000000549338 ) ) ;
#6095 = LINE ( 'NONE', #1657, #5878 ) ;
#6096 = ORIENTED_EDGE ( 'NONE', *, *, #3078, .F. ) ;
#6097 = CARTESIAN_POINT ( 'NONE',  ( 0.09999999999989329924, 9.638089535208059999, 0.3500000000000569877 ) ) ;
#6098 = ADVANCED_FACE ( 'NONE', ( #3196 ), #1512, .T. ) ;
#6099 = CARTESIAN_POINT ( 'NONE',  ( 9.700000000000001066, 10.59999999999999964, -6.649999999999999467 ) ) ;
#6100 = SURFACE_STYLE_USAGE ( .BOTH. , #526 ) ;
#6101 = FILL_AREA_STYLE_COLOUR ( '', #4534 ) ;
#6102 = SURFACE_STYLE_USAGE ( .BOTH. , #4504 ) ;
#6103 = VECTOR ( 'NONE', #3284, 1000.000000000000000 ) ;
#6104 = EDGE_CURVE ( 'NONE', #2914, #1620, #388, .T. ) ;
#6105 = ORIENTED_EDGE ( 'NONE', *, *, #4593, .T. ) ;
#6106 = EDGE_LOOP ( 'NONE', ( #4978, #6824, #7261, #6148, #4699, #5247 ) ) ;
#6107 =( LENGTH_UNIT ( ) NAMED_UNIT ( * ) SI_UNIT ( .MILLI., .METRE. ) );
#6108 = MECHANICAL_DESIGN_GEOMETRIC_PRESENTATION_REPRESENTATION (  '', ( #6833 ), #7289 ) ;
#6109 = ORIENTED_EDGE ( 'NONE', *, *, #71, .T. ) ;
#6110 = LINE ( 'NONE', #2712, #3427 ) ;
#6111 = ORIENTED_EDGE ( 'NONE', *, *, #4338, .T. ) ;
#6112 = PRESENTATION_STYLE_ASSIGNMENT (( #4556 ) ) ;
#6113 = MECHANICAL_DESIGN_GEOMETRIC_PRESENTATION_REPRESENTATION (  '', ( #2352 ), #3531 ) ;
#6114 = FACE_OUTER_BOUND ( 'NONE', #1293, .T. ) ;
#6115 = ORIENTED_EDGE ( 'NONE', *, *, #5612, .F. ) ;
#6116 = ADVANCED_FACE ( 'NONE', ( #5923 ), #5513, .T. ) ;
#6117 = FACE_OUTER_BOUND ( 'NONE', #7185, .T. ) ;
#6118 = CARTESIAN_POINT ( 'NONE',  ( 3.950000000000000178, 7.144714285714309554, 1.350000000000050271 ) ) ;
#6119 = EDGE_CURVE ( 'NONE', #4329, #3955, #2713, .T. ) ;
#6120 = VERTEX_POINT ( 'NONE', #1168 ) ;
#6121 = DIRECTION ( 'NONE',  ( -1.668003342285390466E-15, 1.000000000000000000, 0.000000000000000000 ) ) ;
#6122 = AXIS2_PLACEMENT_3D ( 'NONE', #347, #4730, #6508 ) ;
#6123 = LINE ( 'NONE', #6698, #2280 ) ;
#6124 = CARTESIAN_POINT ( 'NONE',  ( 1.300000000000000044, 5.400000000000000355, -5.750000000000000000 ) ) ;
#6125 = ORIENTED_EDGE ( 'NONE', *, *, #4930, .T. ) ;
#6126 =( NAMED_UNIT ( * ) SI_UNIT ( $, .STERADIAN. ) SOLID_ANGLE_UNIT ( ) );
#6127 = LINE ( 'NONE', #5568, #2292 ) ;
#6128 = DIRECTION ( 'NONE',  ( -0.5407575913134772261, -0.8411784753765674250, 9.455694075718747027E-16 ) ) ;
#6129 =( NAMED_UNIT ( * ) PLANE_ANGLE_UNIT ( ) SI_UNIT ( $, .RADIAN. ) );
#6130 = CARTESIAN_POINT ( 'NONE',  ( 0.1000000000000000056, 8.200000000000001066, -2.175158234186945094 ) ) ;
#6131 = ADVANCED_FACE ( 'NONE', ( #3961 ), #2282, .F. ) ;
#6132 = CARTESIAN_POINT ( 'NONE',  ( 0.7500000000000000000, 8.200000000000001066, 1.340000000000056035 ) ) ;
#6133 = ORIENTED_EDGE ( 'NONE', *, *, #1412, .T. ) ;
#6134 =( LENGTH_UNIT ( ) NAMED_UNIT ( * ) SI_UNIT ( .MILLI., .METRE. ) );
#6135 = FILL_AREA_STYLE_COLOUR ( '', #2286 ) ;
#6136 = FILL_AREA_STYLE ('',( #6101 ) ) ;
#6137 = LINE ( 'NONE', #6711, #7143 ) ;
#6138 = ORIENTED_EDGE ( 'NONE', *, *, #5857, .F. ) ;
#6139 = VERTEX_POINT ( 'NONE', #7257 ) ;
#6140 = ADVANCED_FACE ( 'NONE', ( #21 ), #2857, .F. ) ;
#6141 = VECTOR ( 'NONE', #1899, 1000.000000000000114 ) ;
#6142 = ORIENTED_EDGE ( 'NONE', *, *, #6331, .F. ) ;
#6143 = EDGE_CURVE ( 'NONE', #7222, #2087, #2643, .T. ) ;
#6144 =( LENGTH_UNIT ( ) NAMED_UNIT ( * ) SI_UNIT ( .MILLI., .METRE. ) );
#6145 = CARTESIAN_POINT ( 'NONE',  ( 2.399999999999999911, 7.649999999999999467, 0.8500000000000520473 ) ) ;
#6146 = FILL_AREA_STYLE_COLOUR ( '', #4420 ) ;
#6147 = CARTESIAN_POINT ( 'NONE',  ( 0.5000000000000109912, 6.844714285714309732, 1.350000000000054046 ) ) ;
#6148 = ORIENTED_EDGE ( 'NONE', *, *, #7069, .F. ) ;
#6149 = EDGE_CURVE ( 'NONE', #6434, #7182, #5945, .T. ) ;
#6150 =( GEOMETRIC_REPRESENTATION_CONTEXT ( 3 ) GLOBAL_UNCERTAINTY_ASSIGNED_CONTEXT ( ( #26 ) ) GLOBAL_UNIT_ASSIGNED_CONTEXT ( ( #5570, #405, #2113 ) ) REPRESENTATION_CONTEXT ( 'NONE', 'WORKASPACE' ) );
#6151 = SURFACE_STYLE_FILL_AREA ( #3893 ) ;
#6152 =( GEOMETRIC_REPRESENTATION_CONTEXT ( 3 ) GLOBAL_UNCERTAINTY_ASSIGNED_CONTEXT ( ( #1676 ) ) GLOBAL_UNIT_ASSIGNED_CONTEXT ( ( #3951, #5653, #50 ) ) REPRESENTATION_CONTEXT ( 'NONE', 'WORKASPACE' ) );
#6153 = SURFACE_STYLE_FILL_AREA ( #1058 ) ;
#6154 = LINE ( 'NONE', #473, #3799 ) ;
#6155 = ORIENTED_EDGE ( 'NONE', *, *, #6555, .F. ) ;
#6156 = DIRECTION ( 'NONE',  ( -1.644517855226009970E-15, 1.000000000000000000, 2.890435660536364970E-30 ) ) ;
#6157 =( NAMED_UNIT ( * ) PLANE_ANGLE_UNIT ( ) SI_UNIT ( $, .RADIAN. ) );
#6158 = ORIENTED_EDGE ( 'NONE', *, *, #4812, .T. ) ;
#6159 = LINE ( 'NONE', #2693, #6925 ) ;
#6160 = FILL_AREA_STYLE ('',( #1573 ) ) ;
#6161 = FACE_OUTER_BOUND ( 'NONE', #2492, .T. ) ;
#6162 = LINE ( 'NONE', #1653, #3117 ) ;
#6163 = LINE ( 'NONE', #1654, #1822 ) ;
#6164 = STYLED_ITEM ( 'NONE', ( #336 ), #2497 ) ;
#6166 = VERTEX_POINT ( 'NONE', #7090 ) ;
#6165 = AXIS2_PLACEMENT_3D ( 'NONE', #3661, #825, #3118 ) ;
#6167 = CARTESIAN_POINT ( 'NONE',  ( 2.500000000000000000, 3.750000000000000000, -5.950000000000000178 ) ) ;
#6168 = STYLED_ITEM ( 'NONE', ( #2630 ), #6297 ) ;
#6169 = ORIENTED_EDGE ( 'NONE', *, *, #6187, .F. ) ;
#6170 = PLANE ( 'NONE',  #2637 ) ;
#6171 = CARTESIAN_POINT ( 'NONE',  ( 9.700000000000001066, 12.25000000000000000, 0.1500000000000389910 ) ) ;
#6172 = FACE_OUTER_BOUND ( 'NONE', #6474, .T. ) ;
#6173 = AXIS2_PLACEMENT_3D ( 'NONE', #3053, #7008, #5336 ) ;
#6174 = COLOUR_RGB ( '',0.2862745098039215508, 0.6431372549019607199, 0.8666666666666666963 ) ;
#6175 = COLOUR_RGB ( '',0.2862745098039215508, 0.6431372549019607199, 0.8666666666666666963 ) ;
#6176 = ORIENTED_EDGE ( 'NONE', *, *, #4118, .T. ) ;
#6177 = EDGE_CURVE ( 'NONE', #2283, #2567, #858, .T. ) ;
#6179 = ORIENTED_EDGE ( 'NONE', *, *, #4679, .T. ) ;
#6178 = EDGE_CURVE ( 'NONE', #6522, #1492, #2599, .T. ) ;
#6180 = CIRCLE ( 'NONE', #2754, 1.300000000000000266 ) ;
#6181 = MECHANICAL_DESIGN_GEOMETRIC_PRESENTATION_REPRESENTATION (  '', ( #1210 ), #3237 ) ;
#6182 = CARTESIAN_POINT ( 'NONE',  ( 0.5999999999999999778, 8.200000000000001066, -4.695555554999939929 ) ) ;
#6183 = SURFACE_SIDE_STYLE ('',( #5665 ) ) ;
#6184 = DIRECTION ( 'NONE',  ( -1.644517855226009970E-15, 1.000000000000000000, 2.890435660536364970E-30 ) ) ;
#6185 = SURFACE_STYLE_USAGE ( .BOTH. , #3847 ) ;
#6186 = FILL_AREA_STYLE ('',( #3926 ) ) ;
#6187 = EDGE_CURVE ( 'NONE', #4654, #5769, #4272, .T. ) ;
#6188 = UNCERTAINTY_MEASURE_WITH_UNIT (LENGTH_MEASURE( 1.000000000000000082E-05 ), #3097, 'distance_accuracy_value', 'NONE');
#6189 =( NAMED_UNIT ( * ) SI_UNIT ( $, .STERADIAN. ) SOLID_ANGLE_UNIT ( ) );
#6190 = VECTOR ( 'NONE', #5981, 1000.000000000000000 ) ;
#6191 = VECTOR ( 'NONE', #5214, 1000.000000000000000 ) ;
#6192 = AXIS2_PLACEMENT_3D ( 'NONE', #7076, #4253, #2500 ) ;
#6193 = SURFACE_STYLE_USAGE ( .BOTH. , #7263 ) ;
#6194 = CARTESIAN_POINT ( 'NONE',  ( 1.399999999999999911, 8.959999999999999076, 0.3561376710050564998 ) ) ;
#6195 = FILL_AREA_STYLE ('',( #3281 ) ) ;
#6196 = SURFACE_STYLE_FILL_AREA ( #3356 ) ;
#6197 = VERTEX_POINT ( 'NONE', #3650 ) ;
#6198 = CARTESIAN_POINT ( 'NONE',  ( 0.1000000000000000056, 5.400000000000000355, -6.649999999999999467 ) ) ;
#6199 = ORIENTED_EDGE ( 'NONE', *, *, #1384, .T. ) ;
#6200 = SURFACE_STYLE_USAGE ( .BOTH. , #6765 ) ;
#6201 =( NAMED_UNIT ( * ) SI_UNIT ( $, .STERADIAN. ) SOLID_ANGLE_UNIT ( ) );
#6202 = DIRECTION ( 'NONE',  ( -0.8411784753765674250, 0.5407575913134772261, 0.000000000000000000 ) ) ;
#6203 =( LENGTH_UNIT ( ) NAMED_UNIT ( * ) SI_UNIT ( .MILLI., .METRE. ) );
#6204 = DIRECTION ( 'NONE',  ( 1.242865905043146123E-15, 0.2682926829271117253, 0.9633374467380431128 ) ) ;
#6205 = CARTESIAN_POINT ( 'NONE',  ( 11.00000000000000000, 5.200000000000000178, 3.054540768505034976 ) ) ;
#6206 = COLOUR_RGB ( '',1.000000000000000000, 1.000000000000000000, 1.000000000000000000 ) ;
#6207 = ORIENTED_EDGE ( 'NONE', *, *, #5377, .F. ) ;
#6208 = DIRECTION ( 'NONE',  ( 1.644517855226009970E-15, -1.000000000000000000, -2.890435660536364970E-30 ) ) ;
#6209 = EDGE_CURVE ( 'NONE', #4505, #6971, #6469, .T. ) ;
#6210 = PLANE ( 'NONE',  #359 ) ;
#6211 = PLANE ( 'NONE',  #1798 ) ;
#6212 = AXIS2_PLACEMENT_3D ( 'NONE', #1651, #445, #2185 ) ;
#6213 = SURFACE_SIDE_STYLE ('',( #6710 ) ) ;
#6214 =( NAMED_UNIT ( * ) PLANE_ANGLE_UNIT ( ) SI_UNIT ( $, .RADIAN. ) );
#6215 = ORIENTED_EDGE ( 'NONE', *, *, #2478, .F. ) ;
#6216 = VERTEX_POINT ( 'NONE', #4027 ) ;
#6217 = DIRECTION ( 'NONE',  ( 1.000000000000000000, 1.644517855226009970E-15, -1.748601263784619973E-15 ) ) ;
#6218 = CARTESIAN_POINT ( 'NONE',  ( 1.400000000000002576, 8.959743461348331550, -3.654091780669944001 ) ) ;
#6219 = STYLED_ITEM ( 'NONE', ( #2057 ), #4128 ) ;
#6220 = SURFACE_STYLE_USAGE ( .BOTH. , #5070 ) ;
#6221 = VERTEX_POINT ( 'NONE', #6286 ) ;
#6222 = UNCERTAINTY_MEASURE_WITH_UNIT (LENGTH_MEASURE( 1.000000000000000082E-05 ), #1753, 'distance_accuracy_value', 'NONE');
#6223 = CARTESIAN_POINT ( 'NONE',  ( 11.00000000000000000, 7.649999999999999467, 1.350000000000036060 ) ) ;
#6224 = ADVANCED_FACE ( 'NONE', ( #4804 ), #5181, .T. ) ;
#6225 = UNCERTAINTY_MEASURE_WITH_UNIT (LENGTH_MEASURE( 1.000000000000000082E-05 ), #2776, 'distance_accuracy_value', 'NONE');
#6226 =( NAMED_UNIT ( * ) PLANE_ANGLE_UNIT ( ) SI_UNIT ( $, .RADIAN. ) );
#6227 = VECTOR ( 'NONE', #7265, 1000.000000000000000 ) ;
#6228 = CARTESIAN_POINT ( 'NONE',  ( 3.950000000000000178, 7.144714285714309554, 1.350000000000050271 ) ) ;
#6229 = FACE_OUTER_BOUND ( 'NONE', #6430, .T. ) ;
#6230 = LINE ( 'NONE', #581, #7004 ) ;
#6231 = AXIS2_PLACEMENT_3D ( 'NONE', #4429, #7243, #3369 ) ;
#6232 = ORIENTED_EDGE ( 'NONE', *, *, #576, .T. ) ;
#6233 = ADVANCED_FACE ( 'NONE', ( #1784 ), #96, .F. ) ;
#6234 = DIRECTION ( 'NONE',  ( -0.3589790793088808996, -0.9333456062030549560, 6.277112717517498174E-16 ) ) ;
#6235 = LINE ( 'NONE', #6198, #1540 ) ;
#6236 =( NAMED_UNIT ( * ) SI_UNIT ( $, .STERADIAN. ) SOLID_ANGLE_UNIT ( ) );
#6237 = EDGE_LOOP ( 'NONE', ( #6541, #6761, #5721, #3469 ) ) ;
#6238 = CARTESIAN_POINT ( 'NONE',  ( 1.327637489682004013, 8.199999999997110933, -0.4767838973639449973 ) ) ;
#6239 = ADVANCED_FACE ( 'NONE', ( #928 ), #2112, .T. ) ;
#6240 = DIRECTION ( 'NONE',  ( 1.000000000000000000, 1.644517855226009970E-15, -1.748601263784619973E-15 ) ) ;
#6241 = DIRECTION ( 'NONE',  ( -0.9333456062030549560, 0.3589790793088808996, 0.000000000000000000 ) ) ;
#6242 = PRESENTATION_STYLE_ASSIGNMENT (( #6808 ) ) ;
#6243 = CARTESIAN_POINT ( 'NONE',  ( 1.800000000000000044, 6.844714285714309732, -4.615000000000000213 ) ) ;
#6244 = ORIENTED_EDGE ( 'NONE', *, *, #5920, .T. ) ;
#6245 =( NAMED_UNIT ( * ) PLANE_ANGLE_UNIT ( ) SI_UNIT ( $, .RADIAN. ) );
#6246 = LINE ( 'NONE', #87, #1305 ) ;
#6247 = DIRECTION ( 'NONE',  ( -1.644517855226009970E-15, 1.000000000000000000, 2.890435660536364970E-30 ) ) ;
#6248 = DIRECTION ( 'NONE',  ( 1.706285386945153899E-15, -1.000000000000000000, 0.000000000000000000 ) ) ;
#6249 = ORIENTED_EDGE ( 'NONE', *, *, #3655, .F. ) ;
#6250 = DIRECTION ( 'NONE',  ( -0.9428090415820737924, -0.2357022603954949669, 0.2357022603954949669 ) ) ;
#6251 = CARTESIAN_POINT ( 'NONE',  ( -0.1999999993500015116, 8.599999999630808745, -3.560000002214944725 ) ) ;
#6252 = SURFACE_STYLE_FILL_AREA ( #1047 ) ;
#6253 = PRESENTATION_STYLE_ASSIGNMENT (( #1169 ) ) ;
#6254 = DIRECTION ( 'NONE',  ( -1.000000000000000000, 0.000000000000000000, 1.748601263784619973E-15 ) ) ;
#6255 = UNCERTAINTY_MEASURE_WITH_UNIT (LENGTH_MEASURE( 1.000000000000000082E-05 ), #402, 'distance_accuracy_value', 'NONE');
#6256 = SURFACE_STYLE_USAGE ( .BOTH. , #5154 ) ;
#6257 = CARTESIAN_POINT ( 'NONE',  ( 0.7000000000000080602, 8.200000000000001066, 1.390000000000053859 ) ) ;
#6258 = LINE ( 'NONE', #1722, #1004 ) ;
#6259 = UNCERTAINTY_MEASURE_WITH_UNIT (LENGTH_MEASURE( 1.000000000000000082E-05 ), #5642, 'distance_accuracy_value', 'NONE');
#6260 =( NAMED_UNIT ( * ) SI_UNIT ( $, .STERADIAN. ) SOLID_ANGLE_UNIT ( ) );
#6261 = DIRECTION ( 'NONE',  ( -1.000000000000000000, -1.644517855226009970E-15, 1.748601263784619973E-15 ) ) ;
#6262 = ORIENTED_EDGE ( 'NONE', *, *, #1428, .T. ) ;
#6263 = COLOUR_RGB ( '',0.2862745098039215508, 0.6431372549019607199, 0.8666666666666666963 ) ;
#6264 = SURFACE_STYLE_USAGE ( .BOTH. , #2256 ) ;
#6265 = PRESENTATION_STYLE_ASSIGNMENT (( #1064 ) ) ;
#6266 = CARTESIAN_POINT ( 'NONE',  ( 2.399999999999999911, 5.400000000000000355, -1.271320343559946053 ) ) ;
#6267 = ORIENTED_EDGE ( 'NONE', *, *, #3302, .T. ) ;
#6268 = PLANE ( 'NONE',  #5356 ) ;
#6269 = CARTESIAN_POINT ( 'NONE',  ( 1.800000000000000044, 4.200000000000000178, -2.349999999999945022 ) ) ;
#6270 = CARTESIAN_POINT ( 'NONE',  ( 11.00000000000000000, 5.200000000000000178, -6.649999999999999467 ) ) ;
#6271 = EDGE_CURVE ( 'NONE', #3338, #6434, #6127, .T. ) ;
#6272 = ORIENTED_EDGE ( 'NONE', *, *, #2129, .F. ) ;
#6273 = LINE ( 'NONE', #6882, #1375 ) ;
#6274 = DIRECTION ( 'NONE',  ( -1.644517855226009970E-15, 1.000000000000000000, 2.890435660536364970E-30 ) ) ;
#6275 = FILL_AREA_STYLE_COLOUR ( '', #3663 ) ;
#6276 = FILL_AREA_STYLE ('',( #1892 ) ) ;
#6277 = MECHANICAL_DESIGN_GEOMETRIC_PRESENTATION_REPRESENTATION (  '', ( #4143 ), #3453 ) ;
#6278 = FILL_AREA_STYLE_COLOUR ( '', #625 ) ;
#6279 = VERTEX_POINT ( 'NONE', #6660 ) ;
#6280 = ORIENTED_EDGE ( 'NONE', *, *, #4902, .F. ) ;
#6281 = VECTOR ( 'NONE', #6947, 1000.000000000000000 ) ;
#6282 = VECTOR ( 'NONE', #5532, 1000.000000000000227 ) ;
#6283 = FILL_AREA_STYLE_COLOUR ( '', #187 ) ;
#6284 = LINE ( 'NONE', #2895, #3728 ) ;
#6285 = AXIS2_PLACEMENT_3D ( 'NONE', #2519, #1968, #6502 ) ;
#6286 = CARTESIAN_POINT ( 'NONE',  ( 11.00000000000000000, 11.09999999999999964, 3.350000000000055156 ) ) ;
#6287 = FACE_OUTER_BOUND ( 'NONE', #2733, .T. ) ;
#6288 = DIRECTION ( 'NONE',  ( -1.644517855226009970E-15, 1.000000000000000000, 2.890435660536364970E-30 ) ) ;
#6289 = UNCERTAINTY_MEASURE_WITH_UNIT (LENGTH_MEASURE( 1.000000000000000082E-05 ), #1067, 'distance_accuracy_value', 'NONE');
#6290 = VECTOR ( 'NONE', #221, 1000.000000000000000 ) ;
#6291 = DIRECTION ( 'NONE',  ( -1.644517855226009970E-15, 1.000000000000000000, 2.890435660536364970E-30 ) ) ;
#6292 = VECTOR ( 'NONE', #5022, 999.9999999999998863 ) ;
#6293 = CARTESIAN_POINT ( 'NONE',  ( 2.399999999999974598, 10.59999999999999964, -16.65000000000000213 ) ) ;
#6294 = VECTOR ( 'NONE', #4678, 1000.000000000000000 ) ;
#6295 = UNCERTAINTY_MEASURE_WITH_UNIT (LENGTH_MEASURE( 1.000000000000000082E-05 ), #5899, 'distance_accuracy_value', 'NONE');
#6296 = SURFACE_STYLE_USAGE ( .BOTH. , #100 ) ;
#6297 = ADVANCED_FACE ( 'NONE', ( #4421 ), #964, .T. ) ;
#6298 = VECTOR ( 'NONE', #6312, 1000.000000000000114 ) ;
#6299 = CARTESIAN_POINT ( 'NONE',  ( -0.5999999999999838796, 4.200000000000000178, 1.740000000000055058 ) ) ;
#6300 = LINE ( 'NONE', #5674, #2805 ) ;
#6301 =( LENGTH_UNIT ( ) NAMED_UNIT ( * ) SI_UNIT ( .MILLI., .METRE. ) );
#6302 = STYLED_ITEM ( 'NONE', ( #428 ), #6116 ) ;
#6303 = ADVANCED_FACE ( 'NONE', ( #3322 ), #3255, .F. ) ;
#6304 = VERTEX_POINT ( 'NONE', #6877 ) ;
#6305 = MECHANICAL_DESIGN_GEOMETRIC_PRESENTATION_REPRESENTATION (  '', ( #2068 ), #967 ) ;
#6306 = FILL_AREA_STYLE_COLOUR ( '', #653 ) ;
#6307 = UNCERTAINTY_MEASURE_WITH_UNIT (LENGTH_MEASURE( 1.000000000000000082E-05 ), #1007, 'distance_accuracy_value', 'NONE');
#6308 = VERTEX_POINT ( 'NONE', #5053 ) ;
#6309 = CARTESIAN_POINT ( 'NONE',  ( 2.500000000000000000, 3.750000000000000000, -0.9499999999999459988 ) ) ;
#6310 = SURFACE_SIDE_STYLE ('',( #3360 ) ) ;
#6311 = ORIENTED_EDGE ( 'NONE', *, *, #6080, .T. ) ;
#6312 = DIRECTION ( 'NONE',  ( -0.2357022603954950224, 0.9428090415820740144, 0.2357022603954940232 ) ) ;
#6313 = PLANE ( 'NONE',  #5363 ) ;
#6314 = FILL_AREA_STYLE_COLOUR ( '', #3631 ) ;
#6315 = DIRECTION ( 'NONE',  ( 1.748601263784619973E-15, 0.000000000000000000, 1.000000000000000000 ) ) ;
#6316 = ADVANCED_FACE ( 'NONE', ( #5201 ), #6313, .F. ) ;
#6317 = ADVANCED_FACE ( 'NONE', ( #3903 ), #39, .T. ) ;
#6318 = COLOUR_RGB ( '',0.2862745098039215508, 0.6431372549019607199, 0.8666666666666666963 ) ;
#6319 = ORIENTED_EDGE ( 'NONE', *, *, #5269, .F. ) ;
#6320 = CARTESIAN_POINT ( 'NONE',  ( 1.399999999999999911, 8.959999999999999076, 1.343862328995053979 ) ) ;
#6321 = VECTOR ( 'NONE', #2021, 1000.000000000000000 ) ;
#6322 = DIRECTION ( 'NONE',  ( 1.644517855226009970E-15, -1.000000000000000000, -2.890435660536364970E-30 ) ) ;
#6323 = SURFACE_STYLE_USAGE ( .BOTH. , #3554 ) ;
#6324 = CARTESIAN_POINT ( 'NONE',  ( 1.500000000000000000, -0.2499999999999890088, 1.350000000000052047 ) ) ;
#6325 = SURFACE_STYLE_USAGE ( .BOTH. , #5875 ) ;
#6326 = ORIENTED_EDGE ( 'NONE', *, *, #7198, .F. ) ;
#6327 =( GEOMETRIC_REPRESENTATION_CONTEXT ( 3 ) GLOBAL_UNCERTAINTY_ASSIGNED_CONTEXT ( ( #6307 ) ) GLOBAL_UNIT_ASSIGNED_CONTEXT ( ( #1007, #6214, #5697 ) ) REPRESENTATION_CONTEXT ( 'NONE', 'WORKASPACE' ) );
#6328 = AXIS2_PLACEMENT_3D ( 'NONE', #4350, #6611, #3286 ) ;
#6329 = ORIENTED_EDGE ( 'NONE', *, *, #4567, .F. ) ;
#6330 = SURFACE_SIDE_STYLE ('',( #3994 ) ) ;
#6331 = EDGE_CURVE ( 'NONE', #4937, #561, #4229, .T. ) ;
#6332 = FACE_OUTER_BOUND ( 'NONE', #1209, .T. ) ;
#6333 = CARTESIAN_POINT ( 'NONE',  ( 0.7466439969400080479, 7.606602420031610023, 0.3566439969390560183 ) ) ;
#6334 =( NAMED_UNIT ( * ) SI_UNIT ( $, .STERADIAN. ) SOLID_ANGLE_UNIT ( ) );
#6335 = LINE ( 'NONE', #1831, #822 ) ;
#6336 = EDGE_CURVE ( 'NONE', #4507, #4329, #3132, .T. ) ;
#6337 = VECTOR ( 'NONE', #6377, 1000.000000000000000 ) ;
#6338 =( NAMED_UNIT ( * ) SI_UNIT ( $, .STERADIAN. ) SOLID_ANGLE_UNIT ( ) );
#6339 =( GEOMETRIC_REPRESENTATION_CONTEXT ( 3 ) GLOBAL_UNCERTAINTY_ASSIGNED_CONTEXT ( ( #1839 ) ) GLOBAL_UNIT_ASSIGNED_CONTEXT ( ( #1802, #1188, #6801 ) ) REPRESENTATION_CONTEXT ( 'NONE', 'WORKASPACE' ) );
#6340 = LINE ( 'NONE', #5259, #2177 ) ;
#6341 = DIRECTION ( 'NONE',  ( -1.489513996486853915E-09, 1.000000000000000000, 7.237763924156030357E-10 ) ) ;
#6342 = DIRECTION ( 'NONE',  ( 0.9927080914950846546, -0.1205431253957961746, -1.735850623357524424E-15 ) ) ;
#6343 = CARTESIAN_POINT ( 'NONE',  ( 9.700000000000001066, 5.400000000000000355, -1.271320343559960042 ) ) ;
#6344 = STYLED_ITEM ( 'NONE', ( #6871 ), #3572 ) ;
#6345 = ORIENTED_EDGE ( 'NONE', *, *, #5677, .T. ) ;
#6346 = MECHANICAL_DESIGN_GEOMETRIC_PRESENTATION_REPRESENTATION (  '', ( #1126 ), #4264 ) ;
#6347 = CARTESIAN_POINT ( 'NONE',  ( -0.5999999999999999778, 4.200000000000000178, -5.950000000000000178 ) ) ;
#6348 = VECTOR ( 'NONE', #1888, 1000.000000000000000 ) ;
#6349 = SURFACE_SIDE_STYLE ('',( #5894 ) ) ;
#6350 = VERTEX_POINT ( 'NONE', #1955 ) ;
#6351 = CARTESIAN_POINT ( 'NONE',  ( 0.1000001696450110028, 8.200000000000001066, 3.350000000000055156 ) ) ;
#6352 = PRESENTATION_STYLE_ASSIGNMENT (( #3022 ) ) ;
#6353 = PRESENTATION_STYLE_ASSIGNMENT (( #4089 ) ) ;
#6354 = CARTESIAN_POINT ( 'NONE',  ( 0.09999999999989329924, 9.638089535208059999, 0.3500000000000569877 ) ) ;
#6355 = EDGE_CURVE ( 'NONE', #1526, #1513, #4088, .T. ) ;
#6356 = STYLED_ITEM ( 'NONE', ( #1389 ), #3202 ) ;
#6357 =( NAMED_UNIT ( * ) PLANE_ANGLE_UNIT ( ) SI_UNIT ( $, .RADIAN. ) );
#6358 = AXIS2_PLACEMENT_3D ( 'NONE', #2253, #4376, #991 ) ;
#6359 = ORIENTED_EDGE ( 'NONE', *, *, #5211, .T. ) ;
#6360 = CONICAL_SURFACE ( 'NONE', #1501, 1.724999996680999459, 0.4636476090007538020 ) ;
#6361 = DIRECTION ( 'NONE',  ( -1.000000000000000000, 0.000000000000000000, 1.748601263784619973E-15 ) ) ;
#6362 = SURFACE_SIDE_STYLE ('',( #644 ) ) ;
#6363 = FACE_OUTER_BOUND ( 'NONE', #2371, .T. ) ;
#6364 = DIRECTION ( 'NONE',  ( 0.9486832980505230939, 1.560126622598785489E-15, -0.3162277660168100746 ) ) ;
#6365 = SURFACE_STYLE_USAGE ( .BOTH. , #2962 ) ;
#6366 = EDGE_LOOP ( 'NONE', ( #2659, #3882, #4404, #6489 ) ) ;
#6367 = EDGE_CURVE ( 'NONE', #4581, #1658, #6912, .T. ) ;
#6368 = ORIENTED_EDGE ( 'NONE', *, *, #57, .F. ) ;
#6369 =( LENGTH_UNIT ( ) NAMED_UNIT ( * ) SI_UNIT ( .MILLI., .METRE. ) );
#6370 =( NAMED_UNIT ( * ) PLANE_ANGLE_UNIT ( ) SI_UNIT ( $, .RADIAN. ) );
#6371 = UNCERTAINTY_MEASURE_WITH_UNIT (LENGTH_MEASURE( 1.000000000000000082E-05 ), #1669, 'distance_accuracy_value', 'NONE');
#6372 = CARTESIAN_POINT ( 'NONE',  ( 1.250000000000011990, -0.2499999999999890088, -4.399999999999945288 ) ) ;
#6373 =( LENGTH_UNIT ( ) NAMED_UNIT ( * ) SI_UNIT ( .MILLI., .METRE. ) );
#6374 =( NAMED_UNIT ( * ) PLANE_ANGLE_UNIT ( ) SI_UNIT ( $, .RADIAN. ) );
#6375 =( NAMED_UNIT ( * ) SI_UNIT ( $, .STERADIAN. ) SOLID_ANGLE_UNIT ( ) );
#6376 = EDGE_CURVE ( 'NONE', #1538, #5660, #7045, .T. ) ;
#6377 = DIRECTION ( 'NONE',  ( 1.748601263784619973E-15, 0.000000000000000000, 1.000000000000000000 ) ) ;
#6378 = LINE ( 'NONE', #140, #2648 ) ;
#6379 = DIRECTION ( 'NONE',  ( 1.748601263784619973E-15, 0.000000000000000000, 1.000000000000000000 ) ) ;
#6380 = SURFACE_SIDE_STYLE ('',( #7332 ) ) ;
#6381 = ORIENTED_EDGE ( 'NONE', *, *, #5, .T. ) ;
#6382 = VECTOR ( 'NONE', #6443, 1000.000000000000000 ) ;
#6383 = EDGE_CURVE ( 'NONE', #6521, #6506, #1887, .T. ) ;
#6384 = SURFACE_STYLE_FILL_AREA ( #5861 ) ;
#6385 = VECTOR ( 'NONE', #204, 1000.000000000000000 ) ;
#6386 = ORIENTED_EDGE ( 'NONE', *, *, #6920, .F. ) ;
#6387 = LINE ( 'NONE', #1261, #2752 ) ;
#6388 = ORIENTED_EDGE ( 'NONE', *, *, #5859, .F. ) ;
#6389 = SURFACE_SIDE_STYLE ('',( #4656 ) ) ;
#6390 = LINE ( 'NONE', #2510, #6980 ) ;
#6391 =( LENGTH_UNIT ( ) NAMED_UNIT ( * ) SI_UNIT ( .MILLI., .METRE. ) );
#6392 = SURFACE_STYLE_FILL_AREA ( #2001 ) ;
#6393 = DIRECTION ( 'NONE',  ( 1.644517855226009970E-15, -1.000000000000000000, -2.890435660536364970E-30 ) ) ;
#6394 = SURFACE_STYLE_FILL_AREA ( #4120 ) ;
#6395 = AXIS2_PLACEMENT_3D ( 'NONE', #2143, #2228, #6012 ) ;
#6396 = LINE ( 'NONE', #6544, #7096 ) ;
#6397 = DIRECTION ( 'NONE',  ( 0.2425356250363111255, 3.988541659006104994E-16, 0.9701425001453374275 ) ) ;
#6398 = EDGE_CURVE ( 'NONE', #6279, #3514, #1371, .T. ) ;
#6399 = VECTOR ( 'NONE', #4457, 1000.000000000000000 ) ;
#6400 = PLANE ( 'NONE',  #4907 ) ;
#6401 = ORIENTED_EDGE ( 'NONE', *, *, #207, .T. ) ;
#6402 = VERTEX_POINT ( 'NONE', #4796 ) ;
#6403 = EDGE_CURVE ( 'NONE', #350, #5396, #152, .T. ) ;
#6404 = CARTESIAN_POINT ( 'NONE',  ( 1.500000000000000000, 8.200000000000001066, 1.315000000000053904 ) ) ;
#6405 = FILL_AREA_STYLE_COLOUR ( '', #3151 ) ;
#6406 = PRESENTATION_LAYER_ASSIGNMENT (  '', '', ( #1057 ) ) ;
#6407 = SURFACE_STYLE_FILL_AREA ( #4133 ) ;
#6408 = DIRECTION ( 'NONE',  ( -0.1788854382000029941, -2.941802971598305317E-16, -0.9838699100999038771 ) ) ;
#6409 =( NAMED_UNIT ( * ) PLANE_ANGLE_UNIT ( ) SI_UNIT ( $, .RADIAN. ) );
#6410 = ADVANCED_FACE ( 'NONE', ( #5302 ), #3580, .T. ) ;
#6411 = ADVANCED_FACE ( 'NONE', ( #706 ), #1851, .F. ) ;
#6412 = STYLED_ITEM ( 'NONE', ( #5203 ), #2326 ) ;
#6413 = PRESENTATION_LAYER_ASSIGNMENT (  '', '', ( #6168 ) ) ;
#6414 = MECHANICAL_DESIGN_GEOMETRIC_PRESENTATION_REPRESENTATION (  '', ( #5709 ), #4273 ) ;
#6415 = CARTESIAN_POINT ( 'NONE',  ( 1.327602303227999991, 8.199999999929909578, -2.823196971176944903 ) ) ;
#6416 = CARTESIAN_POINT ( 'NONE',  ( -1.000000000000000000, 3.750000000000000000, -6.649999999999999467 ) ) ;
#6417 = APPLICATION_PROTOCOL_DEFINITION ( 'draft international standard', 'automotive_design', 1998, #2479 ) ;
#6418 =( NAMED_UNIT ( * ) SI_UNIT ( $, .STERADIAN. ) SOLID_ANGLE_UNIT ( ) );
#6419 = STYLED_ITEM ( 'NONE', ( #4826 ), #1974 ) ;
#6420 = VECTOR ( 'NONE', #7027, 1000.000000000000000 ) ;
#6421 = ORIENTED_EDGE ( 'NONE', *, *, #3036, .F. ) ;
#6422 = SURFACE_STYLE_USAGE ( .BOTH. , #6349 ) ;
#6423 = ORIENTED_EDGE ( 'NONE', *, *, #2218, .F. ) ;
#6424 = PRESENTATION_LAYER_ASSIGNMENT (  '', '', ( #1210 ) ) ;
#6425 = CARTESIAN_POINT ( 'NONE',  ( 0.6999999999999999556, 8.200000000000001066, 0.3100000000000550093 ) ) ;
#6426 =( NAMED_UNIT ( * ) SI_UNIT ( $, .STERADIAN. ) SOLID_ANGLE_UNIT ( ) );
#6427 = CARTESIAN_POINT ( 'NONE',  ( 3.174999999999999822, 7.649999999999999467, 2.225000000000049827 ) ) ;
#6428 = EDGE_CURVE ( 'NONE', #771, #5284, #838, .T. ) ;
#6429 = MECHANICAL_DESIGN_GEOMETRIC_PRESENTATION_REPRESENTATION (  '', ( #5471 ), #3710 ) ;
#6430 = EDGE_LOOP ( 'NONE', ( #6627, #1671, #6133, #1009, #234 ) ) ;
#6431 = DIRECTION ( 'NONE',  ( -1.644517855226009970E-15, 1.000000000000000000, 2.890435660536364970E-30 ) ) ;
#6432 = CARTESIAN_POINT ( 'NONE',  ( 3.950000000000000178, 8.144714285714320212, 1.350000000000050271 ) ) ;
#6433 = LINE ( 'NONE', #2927, #831 ) ;
#6434 = VERTEX_POINT ( 'NONE', #3744 ) ;
#6435 = SURFACE_STYLE_FILL_AREA ( #5246 ) ;
#6436 = ORIENTED_EDGE ( 'NONE', *, *, #6676, .F. ) ;
#6437 = ORIENTED_EDGE ( 'NONE', *, *, #809, .T. ) ;
#6438 = COLOUR_RGB ( '',1.000000000000000000, 1.000000000000000000, 1.000000000000000000 ) ;
#6439 = EDGE_CURVE ( 'NONE', #5778, #5104, #2174, .T. ) ;
#6440 = DIRECTION ( 'NONE',  ( -9.293161478433903489E-16, 0.9357142857139193470, 0.3527588064257074496 ) ) ;
#6441 = FILL_AREA_STYLE_COLOUR ( '', #4920 ) ;
#6442 = VERTEX_POINT ( 'NONE', #4375 ) ;
#6443 = DIRECTION ( 'NONE',  ( 1.644517855226009970E-15, -1.000000000000000000, -2.890435660536364970E-30 ) ) ;
#6444 = CIRCLE ( 'NONE', #43, 2.950000000000001510 ) ;
#6445 = B_SPLINE_CURVE_WITH_KNOTS ( 'NONE', 3,
 ( #3904, #2142, #1110, #1068 ),
 .UNSPECIFIED., .F., .F.,
 ( 4, 4 ),
 ( 0.000000000000000000, 1.000000000000000000 ),
 .UNSPECIFIED. ) ;
#6446 = FACE_BOUND ( 'NONE', #2098, .T. ) ;
#6447 = COLOUR_RGB ( '',0.2862745098039215508, 0.6431372549019607199, 0.8666666666666666963 ) ;
#6448 = VERTEX_POINT ( 'NONE', #2722 ) ;
#6449 = PRESENTATION_STYLE_ASSIGNMENT (( #6296 ) ) ;
#6450 = UNCERTAINTY_MEASURE_WITH_UNIT (LENGTH_MEASURE( 1.000000000000000082E-05 ), #715, 'distance_accuracy_value', 'NONE');
#6451 = SURFACE_STYLE_USAGE ( .BOTH. , #5295 ) ;
#6452 = DIRECTION ( 'NONE',  ( -1.000000000000000000, -1.610862132432484866E-15, 1.669819989543990066E-15 ) ) ;
#6453 = UNCERTAINTY_MEASURE_WITH_UNIT (LENGTH_MEASURE( 1.000000000000000082E-05 ), #404, 'distance_accuracy_value', 'NONE');
#6454 = EDGE_CURVE ( 'NONE', #2665, #1550, #3711, .T. ) ;
#6455 = PRESENTATION_LAYER_ASSIGNMENT (  '', '', ( #7040 ) ) ;
#6456 = ORIENTED_EDGE ( 'NONE', *, *, #1706, .T. ) ;
#6457 = DIRECTION ( 'NONE',  ( 1.644517855226009970E-15, -1.000000000000000000, -2.890435660536364970E-30 ) ) ;
#6458 = CARTESIAN_POINT ( 'NONE',  ( 11.00000000000000000, 7.649999999999999467, -3.685000000000000053 ) ) ;
#6459 = CARTESIAN_POINT ( 'NONE',  ( 1.500000000000000000, 8.200000000000001066, -4.615000000000000213 ) ) ;
#6460 = DIRECTION ( 'NONE',  ( -1.748601263784619973E-15, 1.482966057179082177E-32, -1.000000000000000000 ) ) ;
#6461 = EDGE_CURVE ( 'NONE', #1152, #342, #6606, .T. ) ;
#6462 =( GEOMETRIC_REPRESENTATION_CONTEXT ( 3 ) GLOBAL_UNCERTAINTY_ASSIGNED_CONTEXT ( ( #1720 ) ) GLOBAL_UNIT_ASSIGNED_CONTEXT ( ( #5968, #3209, #4306 ) ) REPRESENTATION_CONTEXT ( 'NONE', 'WORKASPACE' ) );
#6463 =( GEOMETRIC_REPRESENTATION_CONTEXT ( 3 ) GLOBAL_UNCERTAINTY_ASSIGNED_CONTEXT ( ( #3504 ) ) GLOBAL_UNIT_ASSIGNED_CONTEXT ( ( #6690, #5108, #394 ) ) REPRESENTATION_CONTEXT ( 'NONE', 'WORKASPACE' ) );
#6464 = EDGE_CURVE ( 'NONE', #6855, #3465, #4941, .T. ) ;
#6465 = SURFACE_STYLE_USAGE ( .BOTH. , #5867 ) ;
#6466 = ORIENTED_EDGE ( 'NONE', *, *, #4603, .F. ) ;
#6467 = VERTEX_POINT ( 'NONE', #5414 ) ;
#6468 = LINE ( 'NONE', #5353, #4318 ) ;
#6469 = LINE ( 'NONE', #617, #5452 ) ;
#6470 = FILL_AREA_STYLE_COLOUR ( '', #6174 ) ;
#6471 = CARTESIAN_POINT ( 'NONE',  ( -0.5999999999999878764, 4.200000000000000178, -0.9499999999999400035 ) ) ;
#6472 = FILL_AREA_STYLE ('',( #4198 ) ) ;
#6473 = VERTEX_POINT ( 'NONE', #7188 ) ;
#6474 = EDGE_LOOP ( 'NONE', ( #6115, #6319, #5506, #3997 ) ) ;
#6475 = AXIS2_PLACEMENT_3D ( 'NONE', #2957, #6814, #2377 ) ;
#6476 = FILL_AREA_STYLE_COLOUR ( '', #6730 ) ;
#6477 = ORIENTED_EDGE ( 'NONE', *, *, #3171, .F. ) ;
#6478 = CARTESIAN_POINT ( 'NONE',  ( 8.800000000000000711, 8.144714285714329094, 0.3500000000000415001 ) ) ;
#6479 = CARTESIAN_POINT ( 'NONE',  ( -0.9999999999999820144, 3.750000000000000000, 2.650000000000059863 ) ) ;
#6480 = PLANE ( 'NONE',  #1709 ) ;
#6481 = COLOUR_RGB ( '',0.2862745098039215508, 0.6431372549019607199, 0.8666666666666666963 ) ;
#6482 = LINE ( 'NONE', #978, #1341 ) ;
#6483 = VECTOR ( 'NONE', #4193, 1000.000000000000000 ) ;
#6484 = CARTESIAN_POINT ( 'NONE',  ( 2.399999999999999911, 7.100000000000000533, -2.749999999999949818 ) ) ;
#6485 = CARTESIAN_POINT ( 'NONE',  ( 1.375000000000011768, 0.2500000000000105471, -4.149999999999945288 ) ) ;
#6486 = CARTESIAN_POINT ( 'NONE',  ( 11.00000000000000000, 4.299999999999830180, -4.150000000000000355 ) ) ;
#6487 = SURFACE_SIDE_STYLE ('',( #3234 ) ) ;
#6488 = FILL_AREA_STYLE ('',( #1328 ) ) ;
#6489 = ORIENTED_EDGE ( 'NONE', *, *, #371, .F. ) ;
#6490 = CARTESIAN_POINT ( 'NONE',  ( 1.250000000000011990, -0.2499999999999890088, -4.399999999999945288 ) ) ;
#6491 = ORIENTED_EDGE ( 'NONE', *, *, #6591, .F. ) ;
#6492 = SURFACE_STYLE_USAGE ( .BOTH. , #4869 ) ;
#6493 = CARTESIAN_POINT ( 'NONE',  ( 1.125000000000000000, 6.200000000000000178, -3.659999999999945075 ) ) ;
#6494 = SURFACE_STYLE_USAGE ( .BOTH. , #5447 ) ;
#6495 = EDGE_CURVE ( 'NONE', #6787, #4481, #1327, .T. ) ;
#6496 = VECTOR ( 'NONE', #1672, 1000.000000000000114 ) ;
#6497 = SURFACE_STYLE_FILL_AREA ( #5803 ) ;
#6498 = ORIENTED_EDGE ( 'NONE', *, *, #1141, .F. ) ;
#6499 = ORIENTED_EDGE ( 'NONE', *, *, #156, .F. ) ;
#6500 = CARTESIAN_POINT ( 'NONE',  ( 0.7500000000000000000, 8.200000000000001066, 0.3600000000000544986 ) ) ;
#6501 = FILL_AREA_STYLE ('',( #4195 ) ) ;
#6502 = DIRECTION ( 'NONE',  ( -0.8076923076923187006, 0.5896042198752116104, 1.334402673828312649E-15 ) ) ;
#6503 = DIRECTION ( 'NONE',  ( -1.000000000000000000, -1.644517855226009970E-15, 1.748601263784619973E-15 ) ) ;
#6504 = CIRCLE ( 'NONE', #6623, 1.300000000000000488 ) ;
#6505 = ADVANCED_FACE ( 'NONE', ( #4259 ), #4897, .F. ) ;
#6506 = VERTEX_POINT ( 'NONE', #366 ) ;
#6507 = ORIENTED_EDGE ( 'NONE', *, *, #4817, .T. ) ;
#6508 = DIRECTION ( 'NONE',  ( 1.927470528863118950E-15, 0.000000000000000000, 1.000000000000000000 ) ) ;
#6509 = VECTOR ( 'NONE', #6844, 1000.000000000000000 ) ;
#6510 = ORIENTED_EDGE ( 'NONE', *, *, #112, .F. ) ;
#6511 = STYLED_ITEM ( 'NONE', ( #159 ), #5328 ) ;
#6512 = DIRECTION ( 'NONE',  ( -1.644517855226009970E-15, 1.000000000000000000, 2.890435660536364970E-30 ) ) ;
#6513 = CARTESIAN_POINT ( 'NONE',  ( 1.399999999999999911, 10.59999999999999964, -3.649999999999944844 ) ) ;
#6514 = CARTESIAN_POINT ( 'NONE',  ( 9.799999999999998934, 7.894714285714319324, -4.400000000000000355 ) ) ;
#6515 = LINE ( 'NONE', #3195, #1979 ) ;
#6516 =( LENGTH_UNIT ( ) NAMED_UNIT ( * ) SI_UNIT ( .MILLI., .METRE. ) );
#6517 = MECHANICAL_DESIGN_GEOMETRIC_PRESENTATION_REPRESENTATION (  '', ( #3102 ), #6770 ) ;
#6518 = LINE ( 'NONE', #289, #1088 ) ;
#6519 = COLOUR_RGB ( '',1.000000000000000000, 1.000000000000000000, 1.000000000000000000 ) ;
#6520 = MECHANICAL_DESIGN_GEOMETRIC_PRESENTATION_REPRESENTATION (  '', ( #1185 ), #6886 ) ;
#6521 = VERTEX_POINT ( 'NONE', #954 ) ;
#6522 = VERTEX_POINT ( 'NONE', #1017 ) ;
#6523 = MECHANICAL_DESIGN_GEOMETRIC_PRESENTATION_REPRESENTATION (  '', ( #5929 ), #2989 ) ;
#6524 = MECHANICAL_DESIGN_GEOMETRIC_PRESENTATION_REPRESENTATION (  '', ( #6412 ), #1055 ) ;
#6525 = ADVANCED_FACE ( 'NONE', ( #6117 ), #471, .T. ) ;
#6526 = CARTESIAN_POINT ( 'NONE',  ( -1.000000000000000000, 10.75000000000000000, -2.349999999999945022 ) ) ;
#6527 = SURFACE_SIDE_STYLE ('',( #2653 ) ) ;
#6528 = CARTESIAN_POINT ( 'NONE',  ( 9.700000000000001066, 10.59999999999999964, -16.65000000000000213 ) ) ;
#6529 = PRESENTATION_STYLE_ASSIGNMENT (( #3176 ) ) ;
#6530 = AXIS2_PLACEMENT_3D ( 'NONE', #1382, #4314, #6580 ) ;
#6531 = CARTESIAN_POINT ( 'NONE',  ( 9.799999999999998934, 7.394714285714319324, -3.899999999999999911 ) ) ;
#6532 =( GEOMETRIC_REPRESENTATION_CONTEXT ( 3 ) GLOBAL_UNCERTAINTY_ASSIGNED_CONTEXT ( ( #1052 ) ) GLOBAL_UNIT_ASSIGNED_CONTEXT ( ( #7152, #3743, #5443 ) ) REPRESENTATION_CONTEXT ( 'NONE', 'WORKASPACE' ) );
#6533 = VECTOR ( 'NONE', #1418, 1000.000000000000000 ) ;
#6534 =( GEOMETRIC_REPRESENTATION_CONTEXT ( 3 ) GLOBAL_UNCERTAINTY_ASSIGNED_CONTEXT ( ( #29 ) ) GLOBAL_UNIT_ASSIGNED_CONTEXT ( ( #2639, #351, #5400 ) ) REPRESENTATION_CONTEXT ( 'NONE', 'WORKASPACE' ) );
#6535 =( NAMED_UNIT ( * ) PLANE_ANGLE_UNIT ( ) SI_UNIT ( $, .RADIAN. ) );
#6536 = VECTOR ( 'NONE', #1792, 999.9999999999998863 ) ;
#6537 = CARTESIAN_POINT ( 'NONE',  ( 1.398548747334007913, 8.959230384045010709, 1.350000000000052047 ) ) ;
#6538 = CARTESIAN_POINT ( 'NONE',  ( 8.800000000000000711, 8.144714285714329094, 0.3500000000000415001 ) ) ;
#6539 = VERTEX_POINT ( 'NONE', #6257 ) ;
#6540 = EDGE_CURVE ( 'NONE', #1620, #5284, #1102, .T. ) ;
#6541 = ORIENTED_EDGE ( 'NONE', *, *, #1403, .F. ) ;
#6542 =( LENGTH_UNIT ( ) NAMED_UNIT ( * ) SI_UNIT ( .MILLI., .METRE. ) );
#6543 =( LENGTH_UNIT ( ) NAMED_UNIT ( * ) SI_UNIT ( .MILLI., .METRE. ) );
#6544 = CARTESIAN_POINT ( 'NONE',  ( 11.00000000000000000, 11.75000000000000000, -0.04999999999996149885 ) ) ;
#6545 = AXIS2_PLACEMENT_3D ( 'NONE', #5828, #259, #2552 ) ;
#6546 = CARTESIAN_POINT ( 'NONE',  ( 1.250000000000019984, -0.2499999999999890088, 0.6000000000000549338 ) ) ;
#6547 = ORIENTED_EDGE ( 'NONE', *, *, #4451, .F. ) ;
#6548 = ORIENTED_EDGE ( 'NONE', *, *, #2462, .T. ) ;
#6549 = FACE_OUTER_BOUND ( 'NONE', #4474, .T. ) ;
#6550 = STYLED_ITEM ( 'NONE', ( #762 ), #122 ) ;
#6551 = CARTESIAN_POINT ( 'NONE',  ( -1.000000000000000000, 10.75000000000000000, 2.650000000000059863 ) ) ;
#6552 = DIRECTION ( 'NONE',  ( 1.000000000000000000, 1.644517855226009970E-15, -1.748601263784619973E-15 ) ) ;
#6553 = CARTESIAN_POINT ( 'NONE',  ( 8.000000000000000000, 12.25000000000000000, 3.350000000000055156 ) ) ;
#6554 =( GEOMETRIC_REPRESENTATION_CONTEXT ( 3 ) GLOBAL_UNCERTAINTY_ASSIGNED_CONTEXT ( ( #570 ) ) GLOBAL_UNIT_ASSIGNED_CONTEXT ( ( #4520, #2329, #6866 ) ) REPRESENTATION_CONTEXT ( 'NONE', 'WORKASPACE' ) );
#6555 = EDGE_CURVE ( 'NONE', #1123, #6120, #2362, .T. ) ;
#6556 = CARTESIAN_POINT ( 'NONE',  ( 0.1000000000000045991, 10.59999999999999964, 1.350000000000056044 ) ) ;
#6557 = EDGE_LOOP ( 'NONE', ( #2013, #459, #6169, #6267, #7092, #6359 ) ) ;
#6558 = VECTOR ( 'NONE', #5629, 1000.000000000000000 ) ;
#6559 = EDGE_CURVE ( 'NONE', #7179, #1768, #1180, .T. ) ;
#6560 = CARTESIAN_POINT ( 'NONE',  ( 0.7500000000000000000, 7.611199771552090709, -4.639999999999999680 ) ) ;
#6561 = ORIENTED_EDGE ( 'NONE', *, *, #1607, .T. ) ;
#6562 = SURFACE_SIDE_STYLE ('',( #4294 ) ) ;
#6563 = SURFACE_SIDE_STYLE ('',( #4298 ) ) ;
#6564 = VERTEX_POINT ( 'NONE', #3459 ) ;
#6565 = ORIENTED_EDGE ( 'NONE', *, *, #2263, .T. ) ;
#6566 = PRESENTATION_STYLE_ASSIGNMENT (( #6003 ) ) ;
#6567 = VECTOR ( 'NONE', #6010, 1000.000000000000000 ) ;
#6568 = DIRECTION ( 'NONE',  ( -0.3589790793088838972, 0.9333456062030538458, 6.277112717517536631E-16 ) ) ;
#6569 = SURFACE_STYLE_USAGE ( .BOTH. , #2956 ) ;
#6570 = MECHANICAL_DESIGN_GEOMETRIC_PRESENTATION_REPRESENTATION (  '', ( #5622 ), #5493 ) ;
#6571 = PLANE ( 'NONE',  #4929 ) ;
#6572 = VECTOR ( 'NONE', #209, 1000.000000000000000 ) ;
#6573 = FILL_AREA_STYLE ('',( #303 ) ) ;
#6574 = EDGE_CURVE ( 'NONE', #3639, #2469, #7264, .T. ) ;
#6575 = SURFACE_STYLE_USAGE ( .BOTH. , #4312 ) ;
#6576 = ORIENTED_EDGE ( 'NONE', *, *, #7296, .F. ) ;
#6577 =( NAMED_UNIT ( * ) SI_UNIT ( $, .STERADIAN. ) SOLID_ANGLE_UNIT ( ) );
#6578 = DIRECTION ( 'NONE',  ( -1.748601263784619973E-15, 1.482966057179082177E-32, -1.000000000000000000 ) ) ;
#6579 = CARTESIAN_POINT ( 'NONE',  ( -0.5999999999999999778, 10.75000000000000000, -2.349999999999945022 ) ) ;
#6580 = DIRECTION ( 'NONE',  ( 1.000000000000000000, 1.644517855226009970E-15, 0.000000000000000000 ) ) ;
#6581 =( NAMED_UNIT ( * ) PLANE_ANGLE_UNIT ( ) SI_UNIT ( $, .RADIAN. ) );
#6582 = VERTEX_POINT ( 'NONE', #5718 ) ;
#6583 =( GEOMETRIC_REPRESENTATION_CONTEXT ( 3 ) GLOBAL_UNCERTAINTY_ASSIGNED_CONTEXT ( ( #5188 ) ) GLOBAL_UNIT_ASSIGNED_CONTEXT ( ( #2505, #772, #4147 ) ) REPRESENTATION_CONTEXT ( 'NONE', 'WORKASPACE' ) );
#6584 = CARTESIAN_POINT ( 'NONE',  ( 0.7399999999999999911, 7.597309794603360977, -3.649999999999944844 ) ) ;
#6585 = EDGE_LOOP ( 'NONE', ( #4989, #2011, #3948, #3615 ) ) ;
#6586 = VECTOR ( 'NONE', #3524, 1000.000000000000000 ) ;
#6587 = VECTOR ( 'NONE', #1193, 1000.000000000000114 ) ;
#6588 = CARTESIAN_POINT ( 'NONE',  ( 0.6999999999999999556, 8.200000000000001066, 0.3100000000000550093 ) ) ;
#6589 = CARTESIAN_POINT ( 'NONE',  ( 0.7400000000000149791, 4.200000000000000178, 1.350000000000054046 ) ) ;
#6590 = FILL_AREA_STYLE_COLOUR ( '', #5574 ) ;
#6591 = EDGE_CURVE ( 'NONE', #6023, #1632, #3970, .T. ) ;
#6592 = FILL_AREA_STYLE_COLOUR ( '', #4677 ) ;
#6593 = PRESENTATION_LAYER_ASSIGNMENT (  '', '', ( #1619 ) ) ;
#6594 = ORIENTED_EDGE ( 'NONE', *, *, #4214, .F. ) ;
#6595 = PLANE ( 'NONE',  #198 ) ;
#6596 = PRESENTATION_LAYER_ASSIGNMENT (  '', '', ( #75 ) ) ;
#6597 =( LENGTH_UNIT ( ) NAMED_UNIT ( * ) SI_UNIT ( .MILLI., .METRE. ) );
#6598 =( NAMED_UNIT ( * ) PLANE_ANGLE_UNIT ( ) SI_UNIT ( $, .RADIAN. ) );
#6599 = EDGE_LOOP ( 'NONE', ( #4970, #4101, #1912, #4938 ) ) ;
#6600 = CARTESIAN_POINT ( 'NONE',  ( 9.700000000000001066, 10.59999999999999964, -4.850000000000000533 ) ) ;
#6601 = DIRECTION ( 'NONE',  ( 1.000000000000000000, 1.644517855226009970E-15, 0.000000000000000000 ) ) ;
#6602 = CIRCLE ( 'NONE', #6726, 1.399999999999999467 ) ;
#6603 = ORIENTED_EDGE ( 'NONE', *, *, #6271, .F. ) ;
#6604 = ORIENTED_EDGE ( 'NONE', *, *, #2234, .T. ) ;
#6605 = DIRECTION ( 'NONE',  ( -1.000000000000000000, -1.644517855226009970E-15, 1.748601263784619973E-15 ) ) ;
#6606 = LINE ( 'NONE', #5967, #4063 ) ;
#6607 = SURFACE_STYLE_USAGE ( .BOTH. , #5524 ) ;
#6608 = CARTESIAN_POINT ( 'NONE',  ( 0.7000000000000149436, 7.100000000000000533, 3.350000000000055156 ) ) ;
#6609 = CARTESIAN_POINT ( 'NONE',  ( 1.800000000000000044, 6.844714285714309732, -4.649999999999999467 ) ) ;
#6610 = VERTEX_POINT ( 'NONE', #1100 ) ;
#6611 = DIRECTION ( 'NONE',  ( -1.668003342285390072E-15, -9.141756966054089327E-31, -1.000000000000000000 ) ) ;
#6612 = SURFACE_STYLE_USAGE ( .BOTH. , #7164 ) ;
#6613 = PRESENTATION_STYLE_ASSIGNMENT (( #5535 ) ) ;
#6614 = DIRECTION ( 'NONE',  ( -0.8933250006747831540, 0.4466625002858895521, 0.04962916489078050830 ) ) ;
#6615 = DIRECTION ( 'NONE',  ( -1.000000000000000000, -1.644517855226009970E-15, 1.892425610156519735E-15 ) ) ;
#6616 = ORIENTED_EDGE ( 'NONE', *, *, #6080, .F. ) ;
#6617 = ORIENTED_EDGE ( 'NONE', *, *, #698, .F. ) ;
#6618 = DIRECTION ( 'NONE',  ( -0.8411784753765673139, 0.5407575913134772261, 1.470885745111886609E-15 ) ) ;
#6619 = COLOUR_RGB ( '',0.2862745098039215508, 0.6431372549019607199, 0.8666666666666666963 ) ;
#6620 = VERTEX_POINT ( 'NONE', #6194 ) ;
#6621 = EDGE_CURVE ( 'NONE', #1090, #4685, #4563, .T. ) ;
#6622 = CARTESIAN_POINT ( 'NONE',  ( 1.398548747335005782, 8.959230384172011341, 0.3500000000000550449 ) ) ;
#6623 = AXIS2_PLACEMENT_3D ( 'NONE', #2806, #1624, #2704 ) ;
#6624 = FACE_OUTER_BOUND ( 'NONE', #4900, .T. ) ;
#6625 =( NAMED_UNIT ( * ) PLANE_ANGLE_UNIT ( ) SI_UNIT ( $, .RADIAN. ) );
#6626 = EDGE_CURVE ( 'NONE', #3383, #2772, #1644, .T. ) ;
#6627 = ORIENTED_EDGE ( 'NONE', *, *, #1607, .F. ) ;
#6628 = COLOUR_RGB ( '',0.2862745098039215508, 0.6431372549019607199, 0.8666666666666666963 ) ;
#6629 =( NAMED_UNIT ( * ) SI_UNIT ( $, .STERADIAN. ) SOLID_ANGLE_UNIT ( ) );
#6630 = PRESENTATION_LAYER_ASSIGNMENT (  '', '', ( #1789 ) ) ;
#6631 = ORIENTED_EDGE ( 'NONE', *, *, #620, .F. ) ;
#6632 = PRESENTATION_STYLE_ASSIGNMENT (( #6220 ) ) ;
#6633 = FILL_AREA_STYLE ('',( #4365 ) ) ;
#6634 = ORIENTED_EDGE ( 'NONE', *, *, #2731, .F. ) ;
#6635 = DIRECTION ( 'NONE',  ( -0.2307692307692119638, 0.9730085108210442257, 4.170008355713477644E-16 ) ) ;
#6636 = EDGE_CURVE ( 'NONE', #2087, #6060, #3506, .T. ) ;
#6637 =( NAMED_UNIT ( * ) SI_UNIT ( $, .STERADIAN. ) SOLID_ANGLE_UNIT ( ) );
#6638 = VECTOR ( 'NONE', #847, 1000.000000000000000 ) ;
#6639 =( GEOMETRIC_REPRESENTATION_CONTEXT ( 3 ) GLOBAL_UNCERTAINTY_ASSIGNED_CONTEXT ( ( #2861 ) ) GLOBAL_UNIT_ASSIGNED_CONTEXT ( ( #6040, #5416, #925 ) ) REPRESENTATION_CONTEXT ( 'NONE', 'WORKASPACE' ) );
#6640 = ORIENTED_EDGE ( 'NONE', *, *, #18, .T. ) ;
#6641 = ORIENTED_EDGE ( 'NONE', *, *, #6676, .T. ) ;
#6642 = UNCERTAINTY_MEASURE_WITH_UNIT (LENGTH_MEASURE( 1.000000000000000082E-05 ), #4623, 'distance_accuracy_value', 'NONE');
#6643 = CARTESIAN_POINT ( 'NONE',  ( 9.700000000000001066, 5.400000000000000355, -2.028679656439960066 ) ) ;
#6644 =( GEOMETRIC_REPRESENTATION_CONTEXT ( 3 ) GLOBAL_UNCERTAINTY_ASSIGNED_CONTEXT ( ( #989 ) ) GLOBAL_UNIT_ASSIGNED_CONTEXT ( ( #1427, #3697, #5954 ) ) REPRESENTATION_CONTEXT ( 'NONE', 'WORKASPACE' ) );
#6645 = VECTOR ( 'NONE', #3630, 1000.000000000000000 ) ;
#6646 = DIRECTION ( 'NONE',  ( 1.748601263784619973E-15, 0.000000000000000000, 1.000000000000000000 ) ) ;
#6647 = DIRECTION ( 'NONE',  ( -0.2357022603954950224, 0.9428090415820740144, 0.2357022603954940232 ) ) ;
#6648 = DIRECTION ( 'NONE',  ( -0.2425356250363111255, 0.9701425001453374275, 0.000000000000000000 ) ) ;
#6649 =( GEOMETRIC_REPRESENTATION_CONTEXT ( 3 ) GLOBAL_UNCERTAINTY_ASSIGNED_CONTEXT ( ( #2322 ) ) GLOBAL_UNIT_ASSIGNED_CONTEXT ( ( #6543, #5748, #5704 ) ) REPRESENTATION_CONTEXT ( 'NONE', 'WORKASPACE' ) );
#6650 = STYLED_ITEM ( 'NONE', ( #6036 ), #2546 ) ;
#6651 = MECHANICAL_DESIGN_GEOMETRIC_PRESENTATION_REPRESENTATION (  '', ( #4374 ), #4391 ) ;
#6652 = ADVANCED_FACE ( 'NONE', ( #5156 ), #6834, .F. ) ;
#6653 = SURFACE_SIDE_STYLE ('',( #512 ) ) ;
#6654 = CIRCLE ( 'NONE', #6285, 1.300000000000000488 ) ;
#6655 = LINE ( 'NONE', #890, #232 ) ;
#6656 = FILL_AREA_STYLE_COLOUR ( '', #828 ) ;
#6657 = VERTEX_POINT ( 'NONE', #5261 ) ;
#6658 = COLOUR_RGB ( '',0.2862745098039215508, 0.6431372549019607199, 0.8666666666666666963 ) ;
#6659 = ADVANCED_FACE ( 'NONE', ( #6967 ), #143, .F. ) ;
#6660 = CARTESIAN_POINT ( 'NONE',  ( 9.700000000000001066, 12.25000000000000000, -6.649999999999999467 ) ) ;
#6661 = CARTESIAN_POINT ( 'NONE',  ( 0.1000000000000079992, 5.400000000000000355, -1.149999999999942180 ) ) ;
#6662 = CARTESIAN_POINT ( 'NONE',  ( 2.399999999999999911, 8.200000000000001066, -1.124841765812948147 ) ) ;
#6663 = SURFACE_STYLE_USAGE ( .BOTH. , #4462 ) ;
#6664 = DIRECTION ( 'NONE',  ( 0.000000000000000000, 2.890435660536364970E-30, -1.000000000000000000 ) ) ;
#6665 =( NAMED_UNIT ( * ) PLANE_ANGLE_UNIT ( ) SI_UNIT ( $, .RADIAN. ) );
#6666 = AXIS2_PLACEMENT_3D ( 'NONE', #1723, #1840, #3424 ) ;
#6667 = VECTOR ( 'NONE', #2303, 1000.000000000000000 ) ;
#6668 = MECHANICAL_DESIGN_GEOMETRIC_PRESENTATION_REPRESENTATION (  '', ( #6057 ), #2538 ) ;
#6669 = DIRECTION ( 'NONE',  ( 1.706285386945153899E-15, -1.000000000000000000, 0.000000000000000000 ) ) ;
#6670 = ORIENTED_EDGE ( 'NONE', *, *, #1323, .T. ) ;
#6671 = FILL_AREA_STYLE ('',( #2151 ) ) ;
#6672 = LINE ( 'NONE', #5618, #2387 ) ;
#6673 = DIRECTION ( 'NONE',  ( 1.748601263784619973E-15, 0.000000000000000000, 1.000000000000000000 ) ) ;
#6674 = VERTEX_POINT ( 'NONE', #4177 ) ;
#6675 = ORIENTED_EDGE ( 'NONE', *, *, #4773, .T. ) ;
#6676 = EDGE_CURVE ( 'NONE', #1108, #7303, #794, .T. ) ;
#6677 = ORIENTED_EDGE ( 'NONE', *, *, #5560, .F. ) ;
#6678 = COLOUR_RGB ( '',0.2862745098039215508, 0.6431372549019607199, 0.8666666666666666963 ) ;
#6679 = VERTEX_POINT ( 'NONE', #4141 ) ;
#6680 = CARTESIAN_POINT ( 'NONE',  ( 0.09999999999989349353, 9.638089535207049252, 1.350000000000056044 ) ) ;
#6681 = ORIENTED_EDGE ( 'NONE', *, *, #1623, .F. ) ;
#6682 = EDGE_CURVE ( 'NONE', #7172, #6350, #768, .T. ) ;
#6683 = AXIS2_PLACEMENT_3D ( 'NONE', #3423, #505, #2822 ) ;
#6684 =( LENGTH_UNIT ( ) NAMED_UNIT ( * ) SI_UNIT ( .MILLI., .METRE. ) );
#6685 = MECHANICAL_DESIGN_GEOMETRIC_PRESENTATION_REPRESENTATION (  '', ( #13 ), #3367 ) ;
#6686 = UNCERTAINTY_MEASURE_WITH_UNIT (LENGTH_MEASURE( 1.000000000000000082E-05 ), #1870, 'distance_accuracy_value', 'NONE');
#6687 = SURFACE_STYLE_USAGE ( .BOTH. , #2169 ) ;
#6688 = ORIENTED_EDGE ( 'NONE', *, *, #1667, .T. ) ;
#6689 =( GEOMETRIC_REPRESENTATION_CONTEXT ( 3 ) GLOBAL_UNCERTAINTY_ASSIGNED_CONTEXT ( ( #63 ) ) GLOBAL_UNIT_ASSIGNED_CONTEXT ( ( #1553, #4898, #2682 ) ) REPRESENTATION_CONTEXT ( 'NONE', 'WORKASPACE' ) );
#6690 =( LENGTH_UNIT ( ) NAMED_UNIT ( * ) SI_UNIT ( .MILLI., .METRE. ) );
#6691 =( NAMED_UNIT ( * ) SI_UNIT ( $, .STERADIAN. ) SOLID_ANGLE_UNIT ( ) );
#6692 =( NAMED_UNIT ( * ) PLANE_ANGLE_UNIT ( ) SI_UNIT ( $, .RADIAN. ) );
#6693 = CARTESIAN_POINT ( 'NONE',  ( 10.34999999141860094, 4.400000001320025333, 0.8500000000000379474 ) ) ;
#6694 = EDGE_CURVE ( 'NONE', #3647, #479, #3488, .T. ) ;
#6695 = AXIS2_PLACEMENT_3D ( 'NONE', #5955, #5921, #3760 ) ;
#6696 = VECTOR ( 'NONE', #2372, 1000.000000000000000 ) ;
#6697 = ORIENTED_EDGE ( 'NONE', *, *, #6995, .F. ) ;
#6698 = CARTESIAN_POINT ( 'NONE',  ( 0.1000000000000079992, 5.400000000000000355, -1.149999999999942180 ) ) ;
#6699 = ORIENTED_EDGE ( 'NONE', *, *, #2094, .T. ) ;
#6700 = CARTESIAN_POINT ( 'NONE',  ( 11.00000000000000000, 5.200000000000000178, -1.945459231494965024 ) ) ;
#6701 = PLANE ( 'NONE',  #349 ) ;
#6702 = STYLED_ITEM ( 'NONE', ( #3569 ), #3993 ) ;
#6703 = LINE ( 'NONE', #1616, #1075 ) ;
#6704 =( LENGTH_UNIT ( ) NAMED_UNIT ( * ) SI_UNIT ( .MILLI., .METRE. ) );
#6705 = EDGE_CURVE ( 'NONE', #5965, #4685, #176, .T. ) ;
#6706 = VECTOR ( 'NONE', #1846, 1000.000000000000000 ) ;
#6707 = DIRECTION ( 'NONE',  ( 1.000000000000000000, 1.706285386945155082E-15, -1.748601263784619973E-15 ) ) ;
#6708 = SURFACE_SIDE_STYLE ('',( #4394 ) ) ;
#6709 = LINE ( 'NONE', #1625, #5926 ) ;
#6710 = SURFACE_STYLE_FILL_AREA ( #1083 ) ;
#6711 = CARTESIAN_POINT ( 'NONE',  ( 8.800000000000000711, 7.144714285714319324, 1.350000000000040057 ) ) ;
#6712 = ORIENTED_EDGE ( 'NONE', *, *, #4361, .T. ) ;
#6713 = ORIENTED_EDGE ( 'NONE', *, *, #4646, .F. ) ;
#6714 = STYLED_ITEM ( 'NONE', ( #2509 ), #1725 ) ;
#6715 = ORIENTED_EDGE ( 'NONE', *, *, #3958, .T. ) ;
#6716 = DIRECTION ( 'NONE',  ( -0.8933250006747830430, 0.4466625002858900517, -0.04962916489077739968 ) ) ;
#6717 = AXIS2_PLACEMENT_3D ( 'NONE', #612, #1781, #1750 ) ;
#6718 = CARTESIAN_POINT ( 'NONE',  ( 1.800000000000000044, 4.200000000000000178, 2.650000000000054978 ) ) ;
#6719 = UNCERTAINTY_MEASURE_WITH_UNIT (LENGTH_MEASURE( 1.000000000000000082E-05 ), #4870, 'distance_accuracy_value', 'NONE');
#6720 = ORIENTED_EDGE ( 'NONE', *, *, #5632, .F. ) ;
#6721 = VECTOR ( 'NONE', #5449, 1000.000000000000000 ) ;
#6722 = SURFACE_SIDE_STYLE ('',( #2865 ) ) ;
#6723 = CARTESIAN_POINT ( 'NONE',  ( 1.500000000000000000, 8.200000000000001066, -3.659999999999945075 ) ) ;
#6724 = FILL_AREA_STYLE ('',( #4342 ) ) ;
#6725 =( NAMED_UNIT ( * ) PLANE_ANGLE_UNIT ( ) SI_UNIT ( $, .RADIAN. ) );
#6726 = AXIS2_PLACEMENT_3D ( 'NONE', #5994, #4855, #387 ) ;
#6727 = MECHANICAL_DESIGN_GEOMETRIC_PRESENTATION_REPRESENTATION (  '', ( #4831 ), #5526 ) ;
#6728 = VERTEX_POINT ( 'NONE', #212 ) ;
#6729 = SURFACE_STYLE_USAGE ( .BOTH. , #5605 ) ;
#6730 = COLOUR_RGB ( '',0.2862745098039215508, 0.6431372549019607199, 0.8666666666666666963 ) ;
#6731 =( NAMED_UNIT ( * ) SI_UNIT ( $, .STERADIAN. ) SOLID_ANGLE_UNIT ( ) );
#6732 = FACE_OUTER_BOUND ( 'NONE', #1856, .T. ) ;
#6733 = ORIENTED_EDGE ( 'NONE', *, *, #1765, .T. ) ;
#6734 = CARTESIAN_POINT ( 'NONE',  ( 0.7500000000000000000, 7.611199771552090709, -4.639999999999999680 ) ) ;
#6735 = FILL_AREA_STYLE ('',( #2226 ) ) ;
#6736 = LINE ( 'NONE', #3826, #5679 ) ;
#6737 = EDGE_CURVE ( 'NONE', #7102, #3984, #6903, .T. ) ;
#6738 = PRESENTATION_STYLE_ASSIGNMENT (( #6809 ) ) ;
#6739 = ORIENTED_EDGE ( 'NONE', *, *, #4267, .T. ) ;
#6740 = CARTESIAN_POINT ( 'NONE',  ( -0.5999999999999928724, 10.75000000000000000, 2.650000000000054978 ) ) ;
#6741 = ORIENTED_EDGE ( 'NONE', *, *, #3680, .T. ) ;
#6742 = SURFACE_STYLE_USAGE ( .BOTH. , #6708 ) ;
#6743 = EDGE_CURVE ( 'NONE', #2985, #3343, #5190, .T. ) ;
#6744 = PRESENTATION_STYLE_ASSIGNMENT (( #6100 ) ) ;
#6745 = DIRECTION ( 'NONE',  ( 0.000000000000000000, -1.000000000000000000, -9.136209393190629548E-17 ) ) ;
#6746 = EDGE_LOOP ( 'NONE', ( #2583, #840, #6329, #4332 ) ) ;
#6747 = ORIENTED_EDGE ( 'NONE', *, *, #1566, .F. ) ;
#6748 = ORIENTED_EDGE ( 'NONE', *, *, #5349, .T. ) ;
#6749 = CARTESIAN_POINT ( 'NONE',  ( 11.00000000000000000, 5.200000000000000178, 3.054540768505034976 ) ) ;
#6750 = FILL_AREA_STYLE_COLOUR ( '', #6775 ) ;
#6751 = EDGE_LOOP ( 'NONE', ( #7080, #880, #6604, #3547, #717, #5868, #2832, #786 ) ) ;
#6752 = SURFACE_STYLE_USAGE ( .BOTH. , #3420 ) ;
#6753 = CARTESIAN_POINT ( 'NONE',  ( 9.700000000000001066, 10.59999999999999964, 3.350000000000055156 ) ) ;
#6754 = VECTOR ( 'NONE', #5278, 1000.000000000000114 ) ;
#6755 = VECTOR ( 'NONE', #6315, 1000.000000000000000 ) ;
#6756 =( GEOMETRIC_REPRESENTATION_CONTEXT ( 3 ) GLOBAL_UNCERTAINTY_ASSIGNED_CONTEXT ( ( #6719 ) ) GLOBAL_UNIT_ASSIGNED_CONTEXT ( ( #4870, #1450, #4661 ) ) REPRESENTATION_CONTEXT ( 'NONE', 'WORKASPACE' ) );
#6757 = CARTESIAN_POINT ( 'NONE',  ( 0.09999999999988450072, 9.638089535208059999, -4.649999999999939959 ) ) ;
#6758 = SURFACE_SIDE_STYLE ('',( #4905 ) ) ;
#6759 =( NAMED_UNIT ( * ) PLANE_ANGLE_UNIT ( ) SI_UNIT ( $, .RADIAN. ) );
#6760 = ADVANCED_FACE ( 'NONE', ( #3084 ), #1837, .F. ) ;
#6761 = ORIENTED_EDGE ( 'NONE', *, *, #5626, .F. ) ;
#6762 = CARTESIAN_POINT ( 'NONE',  ( 1.500000000000000000, 0.7500000000000109912, -3.649999999999944844 ) ) ;
#6763 = FACE_OUTER_BOUND ( 'NONE', #6992, .T. ) ;
#6764 = VERTEX_POINT ( 'NONE', #4935 ) ;
#6765 = SURFACE_SIDE_STYLE ('',( #3941 ) ) ;
#6766 = FILL_AREA_STYLE ('',( #3470 ) ) ;
#6767 = DIRECTION ( 'NONE',  ( 1.000000000000000000, 1.644517855226009970E-15, 0.000000000000000000 ) ) ;
#6768 =( NAMED_UNIT ( * ) PLANE_ANGLE_UNIT ( ) SI_UNIT ( $, .RADIAN. ) );
#6769 = FILL_AREA_STYLE ('',( #4495 ) ) ;
#6770 =( GEOMETRIC_REPRESENTATION_CONTEXT ( 3 ) GLOBAL_UNCERTAINTY_ASSIGNED_CONTEXT ( ( #4139 ) ) GLOBAL_UNIT_ASSIGNED_CONTEXT ( ( #4718, #6357, #1268 ) ) REPRESENTATION_CONTEXT ( 'NONE', 'WORKASPACE' ) );
#6771 = STYLED_ITEM ( 'NONE', ( #1302 ), #348 ) ;
#6772 = EDGE_LOOP ( 'NONE', ( #4748, #7150, #421, #1043 ) ) ;
#6773 = CARTESIAN_POINT ( 'NONE',  ( -1.000000000000000000, 10.75000000000000000, -0.9499999999999400035 ) ) ;
#6774 = ADVANCED_FACE ( 'NONE', ( #4252 ), #835, .F. ) ;
#6775 = COLOUR_RGB ( '',0.2862745098039215508, 0.6431372549019607199, 0.8666666666666666963 ) ;
#6776 = COLOUR_RGB ( '',0.2862745098039215508, 0.6431372549019607199, 0.8666666666666666963 ) ;
#6777 = ORIENTED_EDGE ( 'NONE', *, *, #1928, .T. ) ;
#6778 = SURFACE_SIDE_STYLE ('',( #2923 ) ) ;
#6779 = EDGE_CURVE ( 'NONE', #3851, #510, #6518, .T. ) ;
#6780 = FACE_OUTER_BOUND ( 'NONE', #2607, .T. ) ;
#6781 = DIRECTION ( 'NONE',  ( 0.000000000000000000, 2.890435660536364970E-30, -1.000000000000000000 ) ) ;
#6782 =( NAMED_UNIT ( * ) PLANE_ANGLE_UNIT ( ) SI_UNIT ( $, .RADIAN. ) );
#6783 = SURFACE_STYLE_FILL_AREA ( #1704 ) ;
#6784 =( GEOMETRIC_REPRESENTATION_CONTEXT ( 3 ) GLOBAL_UNCERTAINTY_ASSIGNED_CONTEXT ( ( #2133 ) ) GLOBAL_UNIT_ASSIGNED_CONTEXT ( ( #607, #6956, #2347 ) ) REPRESENTATION_CONTEXT ( 'NONE', 'WORKASPACE' ) );
#6785 = ORIENTED_EDGE ( 'NONE', *, *, #1422, .F. ) ;
#6786 = VERTEX_POINT ( 'NONE', #4825 ) ;
#6787 = VERTEX_POINT ( 'NONE', #7075 ) ;
#6788 = LINE ( 'NONE', #1591, #5999 ) ;
#6789 = AXIS2_PLACEMENT_3D ( 'NONE', #5601, #1601, #504 ) ;
#6790 = PLANE ( 'NONE',  #1283 ) ;
#6791 = ADVANCED_FACE ( 'NONE', ( #1515 ), #3275, .F. ) ;
#6792 = UNCERTAINTY_MEASURE_WITH_UNIT (LENGTH_MEASURE( 1.000000000000000082E-05 ), #3674, 'distance_accuracy_value', 'NONE');
#6793 = CARTESIAN_POINT ( 'NONE',  ( 0.5000000000000129896, -0.2499999999999905076, -3.649999999999944844 ) ) ;
#6794 = EDGE_CURVE ( 'NONE', #941, #2910, #7219, .T. ) ;
#6795 = MECHANICAL_DESIGN_GEOMETRIC_PRESENTATION_REPRESENTATION (  '', ( #3011 ), #2316 ) ;
#6796 = DIRECTION ( 'NONE',  ( 1.748601263784619973E-15, 0.000000000000000000, 1.000000000000000000 ) ) ;
#6797 = DIRECTION ( 'NONE',  ( -1.000000000000000000, -1.644517855226009970E-15, 1.748601263784619973E-15 ) ) ;
#6798 = STYLED_ITEM ( 'NONE', ( #3705 ), #6791 ) ;
#6799 = EDGE_LOOP ( 'NONE', ( #3149, #2488, #7029, #6272, #3513, #3721 ) ) ;
#6800 = CARTESIAN_POINT ( 'NONE',  ( 8.800000000000000711, 7.144714285714319324, 0.3500000000000415001 ) ) ;
#6801 =( NAMED_UNIT ( * ) SI_UNIT ( $, .STERADIAN. ) SOLID_ANGLE_UNIT ( ) );
#6802 = ORIENTED_EDGE ( 'NONE', *, *, #5299, .T. ) ;
#6803 = CARTESIAN_POINT ( 'NONE',  ( 0.3996711088700040104, 8.200000000000311928, -0.9689969683669420464 ) ) ;
#6804 = AXIS2_PLACEMENT_3D ( 'NONE', #7176, #2052, #3156 ) ;
#6805 = DIRECTION ( 'NONE',  ( 0.1205431253957961607, 0.9927080914950846546, -2.107818614076370941E-16 ) ) ;
#6806 = SURFACE_STYLE_FILL_AREA ( #185 ) ;
#6807 = LINE ( 'NONE', #5134, #1533 ) ;
#6808 = SURFACE_STYLE_USAGE ( .BOTH. , #4531 ) ;
#6809 = SURFACE_STYLE_USAGE ( .BOTH. , #1576 ) ;
#6810 = PRESENTATION_LAYER_ASSIGNMENT (  '', '', ( #2668 ) ) ;
#6811 = ORIENTED_EDGE ( 'NONE', *, *, #2325, .T. ) ;
#6812 = ORIENTED_EDGE ( 'NONE', *, *, #6694, .T. ) ;
#6813 = VECTOR ( 'NONE', #2042, 1000.000000000000114 ) ;
#6814 = DIRECTION ( 'NONE',  ( -1.748601263784619973E-15, 1.482966057179082177E-32, -1.000000000000000000 ) ) ;
#6815 = COLOUR_RGB ( '',0.2862745098039215508, 0.6431372549019607199, 0.8666666666666666963 ) ;
#6816 = SURFACE_STYLE_FILL_AREA ( #2310 ) ;
#6817 = MECHANICAL_DESIGN_GEOMETRIC_PRESENTATION_REPRESENTATION (  '', ( #1106 ), #396 ) ;
#6818 = PLANE ( 'NONE',  #3138 ) ;
#6819 = VERTEX_POINT ( 'NONE', #4515 ) ;
#6820 = ORIENTED_EDGE ( 'NONE', *, *, #188, .F. ) ;
#6821 = STYLED_ITEM ( 'NONE', ( #1767 ), #4034 ) ;
#6822 = PLANE ( 'NONE',  #7294 ) ;
#6823 = FILL_AREA_STYLE_COLOUR ( '', #6815 ) ;
#6824 = ORIENTED_EDGE ( 'NONE', *, *, #6355, .T. ) ;
#6825 = PRESENTATION_STYLE_ASSIGNMENT (( #4674 ) ) ;
#6826 = VERTEX_POINT ( 'NONE', #6718 ) ;
#6827 = PRESENTATION_STYLE_ASSIGNMENT (( #6752 ) ) ;
#6828 = UNCERTAINTY_MEASURE_WITH_UNIT (LENGTH_MEASURE( 1.000000000000000082E-05 ), #6684, 'distance_accuracy_value', 'NONE');
#6829 = PRESENTATION_LAYER_ASSIGNMENT (  '', '', ( #4331 ) ) ;
#6830 =( NAMED_UNIT ( * ) PLANE_ANGLE_UNIT ( ) SI_UNIT ( $, .RADIAN. ) );
#6831 = UNCERTAINTY_MEASURE_WITH_UNIT (LENGTH_MEASURE( 1.000000000000000082E-05 ), #2106, 'distance_accuracy_value', 'NONE');
#6832 = FILL_AREA_STYLE_COLOUR ( '', #3357 ) ;
#6833 = STYLED_ITEM ( 'NONE', ( #3471 ), #1628 ) ;
#6834 = PLANE ( 'NONE',  #5728 ) ;
#6835 = FILL_AREA_STYLE_COLOUR ( '', #6948 ) ;
#6836 = ADVANCED_FACE ( 'NONE', ( #2285 ), #2818, .F. ) ;
#6837 = VERTEX_POINT ( 'NONE', #6753 ) ;
#6838 = DIRECTION ( 'NONE',  ( -1.644517855226009970E-15, 1.000000000000000000, 0.000000000000000000 ) ) ;
#6839 = DIRECTION ( 'NONE',  ( -1.000000000000000000, -1.644517855226009970E-15, 1.748601263784619973E-15 ) ) ;
#6840 = VERTEX_POINT ( 'NONE', #5037 ) ;
#6841 = LINE ( 'NONE', #4014, #6054 ) ;
#6842 = DIRECTION ( 'NONE',  ( -1.748601263784619973E-15, 0.000000000000000000, -1.000000000000000000 ) ) ;
#6843 = CARTESIAN_POINT ( 'NONE',  ( 0.1000003392900122023, 8.200000179588007754, 3.875159725252054876 ) ) ;
#6844 = DIRECTION ( 'NONE',  ( -1.644517855226009970E-15, 1.000000000000000000, 2.890435660536364970E-30 ) ) ;
#6845 = DIRECTION ( 'NONE',  ( 1.748601263784670066E-15, -3.006094665601000160E-14, 1.000000000000000000 ) ) ;
#6846 = STYLED_ITEM ( 'NONE', ( #308 ), #422 ) ;
#6847 = ORIENTED_EDGE ( 'NONE', *, *, #5235, .T. ) ;
#6848 = VECTOR ( 'NONE', #3942, 1000.000000000000000 ) ;
#6849 = DIRECTION ( 'NONE',  ( -1.000000000000000000, -1.644517855226009970E-15, 1.748601263784619973E-15 ) ) ;
#6850 = LINE ( 'NONE', #4020, #3738 ) ;
#6851 =( NAMED_UNIT ( * ) PLANE_ANGLE_UNIT ( ) SI_UNIT ( $, .RADIAN. ) );
#6852 = CARTESIAN_POINT ( 'NONE',  ( 0.1000000000000061950, 5.400000000000000355, -2.149999999999944844 ) ) ;
#6853 = CARTESIAN_POINT ( 'NONE',  ( 9.299999999999998934, 8.019714285714318436, -4.150000000000000355 ) ) ;
#6854 = ORIENTED_EDGE ( 'NONE', *, *, #7160, .F. ) ;
#6855 = VERTEX_POINT ( 'NONE', #5554 ) ;
#6856 = EDGE_CURVE ( 'NONE', #5769, #4065, #24, .T. ) ;
#6857 = PRESENTATION_STYLE_ASSIGNMENT (( #2934 ) ) ;
#6858 =( NAMED_UNIT ( * ) SI_UNIT ( $, .STERADIAN. ) SOLID_ANGLE_UNIT ( ) );
#6859 = EDGE_CURVE ( 'NONE', #3574, #361, #5710, .T. ) ;
#6860 = DIRECTION ( 'NONE',  ( -1.748601263784619973E-15, 0.000000000000000000, -1.000000000000000000 ) ) ;
#6861 = CARTESIAN_POINT ( 'NONE',  ( -0.5999999999999999778, 10.75000000000000000, -2.349999999999945022 ) ) ;
#6862 = FACE_OUTER_BOUND ( 'NONE', #3239, .T. ) ;
#6863 = CARTESIAN_POINT ( 'NONE',  ( 1.850000000000000089, 6.250000000000000000, -0.6499999999999459543 ) ) ;
#6864 = EDGE_CURVE ( 'NONE', #3300, #7041, #2210, .T. ) ;
#6865 = ADVANCED_FACE ( 'NONE', ( #6862 ), #5008, .T. ) ;
#6866 =( NAMED_UNIT ( * ) SI_UNIT ( $, .STERADIAN. ) SOLID_ANGLE_UNIT ( ) );
#6867 = UNCERTAINTY_MEASURE_WITH_UNIT (LENGTH_MEASURE( 1.000000000000000082E-05 ), #2750, 'distance_accuracy_value', 'NONE');
#6868 =( NAMED_UNIT ( * ) PLANE_ANGLE_UNIT ( ) SI_UNIT ( $, .RADIAN. ) );
#6869 = FILL_AREA_STYLE_COLOUR ( '', #6776 ) ;
#6870 = VERTEX_POINT ( 'NONE', #7295 ) ;
#6871 = PRESENTATION_STYLE_ASSIGNMENT (( #4084 ) ) ;
#6872 = MANIFOLD_SOLID_BREP ( 'NONE', #3199 ) ;
#6873 = ORIENTED_EDGE ( 'NONE', *, *, #360, .F. ) ;
#6874 = LINE ( 'NONE', #6309, #1816 ) ;
#6875 = ORIENTED_EDGE ( 'NONE', *, *, #4646, .T. ) ;
#6876 = CARTESIAN_POINT ( 'NONE',  ( 0.1000000000000061950, 7.100000000000000533, -1.149999999999942180 ) ) ;
#6877 = CARTESIAN_POINT ( 'NONE',  ( 1.300000000000000044, 5.400000000000000355, -0.7499999999999450440 ) ) ;
#6878 = PLANE ( 'NONE',  #5041 ) ;
#6879 = CARTESIAN_POINT ( 'NONE',  ( 0.7500000066399999943, 7.649999999998869704, -4.150000000001944578 ) ) ;
#6880 = EDGE_CURVE ( 'NONE', #2949, #4291, #3377, .T. ) ;
#6881 = ORIENTED_EDGE ( 'NONE', *, *, #906, .T. ) ;
#6882 = CARTESIAN_POINT ( 'NONE',  ( 9.799999999999998934, 7.394714285714319324, 1.100000000000040057 ) ) ;
#6883 = EDGE_CURVE ( 'NONE', #2156, #7194, #5185, .T. ) ;
#6884 = DIRECTION ( 'NONE',  ( 0.2357022603954955497, -0.9428090415820741255, 0.2357022603954930517 ) ) ;
#6885 = LINE ( 'NONE', #4502, #5430 ) ;
#6886 =( GEOMETRIC_REPRESENTATION_CONTEXT ( 3 ) GLOBAL_UNCERTAINTY_ASSIGNED_CONTEXT ( ( #4746 ) ) GLOBAL_UNIT_ASSIGNED_CONTEXT ( ( #4675, #6374, #3008 ) ) REPRESENTATION_CONTEXT ( 'NONE', 'WORKASPACE' ) );
#6887 = SURFACE_STYLE_USAGE ( .BOTH. , #2521 ) ;
#6888 = DIRECTION ( 'NONE',  ( -1.000000000000000000, 0.000000000000000000, 1.748601263784619973E-15 ) ) ;
#6889 = EDGE_LOOP ( 'NONE', ( #984, #2726, #2300, #936 ) ) ;
#6890 = CARTESIAN_POINT ( 'NONE',  ( 0.7500000000000000000, 8.200000000000001066, -3.659999999999945075 ) ) ;
#6891 = FILL_AREA_STYLE ('',( #4631 ) ) ;
#6892 = VECTOR ( 'NONE', #4724, 1000.000000000000000 ) ;
#6893 = SURFACE_SIDE_STYLE ('',( #3629 ) ) ;
#6894 = DIRECTION ( 'NONE',  ( -0.9838699100999037661, 0.000000000000000000, 0.1788854382000029664 ) ) ;
#6895 = UNCERTAINTY_MEASURE_WITH_UNIT (LENGTH_MEASURE( 1.000000000000000082E-05 ), #5369, 'distance_accuracy_value', 'NONE');
#6896 =( GEOMETRIC_REPRESENTATION_CONTEXT ( 3 ) GLOBAL_UNCERTAINTY_ASSIGNED_CONTEXT ( ( #5669 ) ) GLOBAL_UNIT_ASSIGNED_CONTEXT ( ( #183, #774, #800 ) ) REPRESENTATION_CONTEXT ( 'NONE', 'WORKASPACE' ) );
#6897 = SURFACE_STYLE_FILL_AREA ( #6186 ) ;
#6898 = ADVANCED_FACE ( 'NONE', ( #4030, #691 ), #5292, .T. ) ;
#6899 =( GEOMETRIC_REPRESENTATION_CONTEXT ( 3 ) GLOBAL_UNCERTAINTY_ASSIGNED_CONTEXT ( ( #5153 ) ) GLOBAL_UNIT_ASSIGNED_CONTEXT ( ( #1681, #543, #6691 ) ) REPRESENTATION_CONTEXT ( 'NONE', 'WORKASPACE' ) );
#6900 = UNCERTAINTY_MEASURE_WITH_UNIT (LENGTH_MEASURE( 1.000000000000000082E-05 ), #3823, 'distance_accuracy_value', 'NONE');
#6901 = EDGE_CURVE ( 'NONE', #4241, #350, #1901, .T. ) ;
#6902 = DIRECTION ( 'NONE',  ( -1.748601263784619973E-15, 0.000000000000000000, -1.000000000000000000 ) ) ;
#6903 = LINE ( 'NONE', #7006, #5603 ) ;
#6904 = CARTESIAN_POINT ( 'NONE',  ( 8.800000000000000711, 8.144714285714329094, 0.3500000000000415001 ) ) ;
#6905 = CARTESIAN_POINT ( 'NONE',  ( -1.000000000000000000, 11.54999999999999893, -6.649999999999999467 ) ) ;
#6906 = ORIENTED_EDGE ( 'NONE', *, *, #6495, .F. ) ;
#6907 = VECTOR ( 'NONE', #7226, 1000.000000000000000 ) ;
#6908 = DIRECTION ( 'NONE',  ( -0.9333456062030549560, 0.3589790793088808996, 0.000000000000000000 ) ) ;
#6909 = SURFACE_STYLE_FILL_AREA ( #792 ) ;
#6910 = ORIENTED_EDGE ( 'NONE', *, *, #7005, .F. ) ;
#6911 = EDGE_CURVE ( 'NONE', #5500, #5319, #1939, .T. ) ;
#6912 = LINE ( 'NONE', #4150, #5831 ) ;
#6913 = FILL_AREA_STYLE_COLOUR ( '', #3983 ) ;
#6914 = DIRECTION ( 'NONE',  ( -1.644517855226009970E-15, 1.000000000000000000, 2.890435660536364970E-30 ) ) ;
#6915 = CARTESIAN_POINT ( 'NONE',  ( 2.399999999999999911, 7.100000000000000533, -0.5499999999999479749 ) ) ;
#6916 = ORIENTED_EDGE ( 'NONE', *, *, #3438, .T. ) ;
#6917 = DIRECTION ( 'NONE',  ( -1.000000000000000000, 0.000000000000000000, 1.748601263784619973E-15 ) ) ;
#6918 = CARTESIAN_POINT ( 'NONE',  ( 2.399999999999999911, 7.100000000000000533, -0.5499999999999460876 ) ) ;
#6919 = LINE ( 'NONE', #1858, #4225 ) ;
#6920 = EDGE_CURVE ( 'NONE', #479, #3383, #4738, .T. ) ;
#6921 = CARTESIAN_POINT ( 'NONE',  ( 1.500000000000000000, 8.200000000000001066, 0.3850000000000554645 ) ) ;
#6922 = SURFACE_STYLE_USAGE ( .BOTH. , #4666 ) ;
#6923 = CARTESIAN_POINT ( 'NONE',  ( 11.00000000000000000, 7.649999999999999467, -4.649999999999999467 ) ) ;
#6924 = ORIENTED_EDGE ( 'NONE', *, *, #3682, .T. ) ;
#6925 = VECTOR ( 'NONE', #1066, 1000.000000000000000 ) ;
#6926 = CARTESIAN_POINT ( 'NONE',  ( 0.1000000000000000056, 7.649999999999999467, -4.649999999999939959 ) ) ;
#6927 =( NAMED_UNIT ( * ) PLANE_ANGLE_UNIT ( ) SI_UNIT ( $, .RADIAN. ) );
#6928 = DIRECTION ( 'NONE',  ( 1.634159799354254388E-15, -1.000000000000000000, 0.000000000000000000 ) ) ;
#6929 =( GEOMETRIC_REPRESENTATION_CONTEXT ( 3 ) GLOBAL_UNCERTAINTY_ASSIGNED_CONTEXT ( ( #4078 ) ) GLOBAL_UNIT_ASSIGNED_CONTEXT ( ( #4130, #5813, #2491 ) ) REPRESENTATION_CONTEXT ( 'NONE', 'WORKASPACE' ) );
#6930 = ADVANCED_FACE ( 'NONE', ( #4108 ), #3500, .F. ) ;
#6931 = FACE_OUTER_BOUND ( 'NONE', #4369, .T. ) ;
#6932 = VECTOR ( 'NONE', #2223, 1000.000000000000000 ) ;
#6933 = DIRECTION ( 'NONE',  ( 0.2425356250363111255, -0.9701425001453374275, -4.240981004512867401E-16 ) ) ;
#6934 = CARTESIAN_POINT ( 'NONE',  ( 1.800000000000000044, 6.844714285714309732, -3.659999999999945075 ) ) ;
#6935 = COLOUR_RGB ( '',0.2862745098039215508, 0.6431372549019607199, 0.8666666666666666963 ) ;
#6936 = ORIENTED_EDGE ( 'NONE', *, *, #4250, .T. ) ;
#6937 =( GEOMETRIC_REPRESENTATION_CONTEXT ( 3 ) GLOBAL_UNCERTAINTY_ASSIGNED_CONTEXT ( ( #3849 ) ) GLOBAL_UNIT_ASSIGNED_CONTEXT ( ( #4584, #2379, #4721 ) ) REPRESENTATION_CONTEXT ( 'NONE', 'WORKASPACE' ) );
#6938 = CARTESIAN_POINT ( 'NONE',  ( 9.700000000000001066, 5.400000000000000355, -6.649999999999999467 ) ) ;
#6939 = AXIS2_PLACEMENT_3D ( 'NONE', #5896, #4260, #802 ) ;
#6940 = ORIENTED_EDGE ( 'NONE', *, *, #5152, .F. ) ;
#6941 = CARTESIAN_POINT ( 'NONE',  ( -1.000000000000000000, 10.75000000000000000, 2.650000000000059863 ) ) ;
#6942 = VERTEX_POINT ( 'NONE', #1429 ) ;
#6943 = FILL_AREA_STYLE_COLOUR ( '', #6678 ) ;
#6944 = DIRECTION ( 'NONE',  ( 1.644517855226009970E-15, -1.000000000000000000, 0.000000000000000000 ) ) ;
#6945 = EDGE_CURVE ( 'NONE', #3414, #1926, #979, .T. ) ;
#6946 = VECTOR ( 'NONE', #276, 1000.000000000000000 ) ;
#6947 = DIRECTION ( 'NONE',  ( -1.748601263784619973E-15, 0.000000000000000000, -1.000000000000000000 ) ) ;
#6948 = COLOUR_RGB ( '',1.000000000000000000, 1.000000000000000000, 1.000000000000000000 ) ;
#6949 = SURFACE_STYLE_USAGE ( .BOTH. , #5940 ) ;
#6950 = COLOUR_RGB ( '',0.2862745098039215508, 0.6431372549019607199, 0.8666666666666666963 ) ;
#6951 = SURFACE_STYLE_FILL_AREA ( #7051 ) ;
#6952 = ADVANCED_FACE ( 'NONE', ( #5469 ), #3120, .T. ) ;
#6953 = CARTESIAN_POINT ( 'NONE',  ( 0.5000000000000199840, 0.7500000000000089928, 0.3500000000000569877 ) ) ;
#6954 = SURFACE_STYLE_FILL_AREA ( #4062 ) ;
#6955 = DIRECTION ( 'NONE',  ( 1.000000000000000000, 1.644517855226009970E-15, -1.748601263784619973E-15 ) ) ;
#6956 =( NAMED_UNIT ( * ) PLANE_ANGLE_UNIT ( ) SI_UNIT ( $, .RADIAN. ) );
#6957 = PRESENTATION_STYLE_ASSIGNMENT (( #3068 ) ) ;
#6958 =( LENGTH_UNIT ( ) NAMED_UNIT ( * ) SI_UNIT ( .MILLI., .METRE. ) );
#6959 = VERTEX_POINT ( 'NONE', #2122 ) ;
#6960 = PRESENTATION_LAYER_ASSIGNMENT (  '', '', ( #905 ) ) ;
#6961 = ORIENTED_EDGE ( 'NONE', *, *, #4562, .F. ) ;
#6962 = DIRECTION ( 'NONE',  ( 0.000000000000000000, 2.890435660536364970E-30, -1.000000000000000000 ) ) ;
#6963 = EDGE_CURVE ( 'NONE', #2567, #7182, #3716, .T. ) ;
#6964 = UNCERTAINTY_MEASURE_WITH_UNIT (LENGTH_MEASURE( 1.000000000000000082E-05 ), #3605, 'distance_accuracy_value', 'NONE');
#6965 = FILL_AREA_STYLE ('',( #5290 ) ) ;
#6966 = UNCERTAINTY_MEASURE_WITH_UNIT (LENGTH_MEASURE( 1.000000000000000082E-05 ), #5839, 'distance_accuracy_value', 'NONE');
#6967 = FACE_OUTER_BOUND ( 'NONE', #2550, .T. ) ;
#6968 = SURFACE_STYLE_FILL_AREA ( #5262 ) ;
#6969 = COLOUR_RGB ( '',0.2862745098039215508, 0.6431372549019607199, 0.8666666666666666963 ) ;
#6970 = MECHANICAL_DESIGN_GEOMETRIC_PRESENTATION_REPRESENTATION (  '', ( #1898 ), #2496 ) ;
#6971 = VERTEX_POINT ( 'NONE', #3662 ) ;
#6972 = FILL_AREA_STYLE ('',( #4712 ) ) ;
#6973 = VECTOR ( 'NONE', #6364, 1000.000000000000000 ) ;
#6974 = FILL_AREA_STYLE_COLOUR ( '', #3930 ) ;
#6975 = EDGE_LOOP ( 'NONE', ( #4126, #3428, #6262, #220 ) ) ;
#6976 =( NAMED_UNIT ( * ) PLANE_ANGLE_UNIT ( ) SI_UNIT ( $, .RADIAN. ) );
#6977 = DIRECTION ( 'NONE',  ( 1.644517855226009970E-15, -1.000000000000000000, -2.890435660536364970E-30 ) ) ;
#6978 = CARTESIAN_POINT ( 'NONE',  ( 8.000000000000000000, 11.54999999999999893, 3.350000000000055156 ) ) ;
#6979 = EDGE_CURVE ( 'NONE', #3553, #2914, #7106, .T. ) ;
#6980 = VECTOR ( 'NONE', #3134, 1000.000000000000000 ) ;
#6981 = STYLED_ITEM ( 'NONE', ( #3781 ), #5384 ) ;
#6982 =( NAMED_UNIT ( * ) SI_UNIT ( $, .STERADIAN. ) SOLID_ANGLE_UNIT ( ) );
#6983 =( LENGTH_UNIT ( ) NAMED_UNIT ( * ) SI_UNIT ( .MILLI., .METRE. ) );
#6984 = ORIENTED_EDGE ( 'NONE', *, *, #2150, .T. ) ;
#6985 = FILL_AREA_STYLE_COLOUR ( '', #2232 ) ;
#6986 = FILL_AREA_STYLE ('',( #2483 ) ) ;
#6987 = VECTOR ( 'NONE', #1337, 1000.000000000000000 ) ;
#6988 = CARTESIAN_POINT ( 'NONE',  ( 2.399999999999999911, 9.599999999999999645, -4.649999999999999467 ) ) ;
#6989 = CARTESIAN_POINT ( 'NONE',  ( 9.700000000000001066, 10.59999999999999964, -4.850000000000000533 ) ) ;
#6990 = COLOUR_RGB ( '',1.000000000000000000, 1.000000000000000000, 1.000000000000000000 ) ;
#6991 =( NAMED_UNIT ( * ) SI_UNIT ( $, .STERADIAN. ) SOLID_ANGLE_UNIT ( ) );
#6992 = EDGE_LOOP ( 'NONE', ( #4353, #332, #3098, #6854 ) ) ;
#6993 = ORIENTED_EDGE ( 'NONE', *, *, #1656, .F. ) ;
#6994 = CARTESIAN_POINT ( 'NONE',  ( -0.5999999999999999778, 10.75000000000000000, -0.9499999999999400035 ) ) ;
#6995 = EDGE_CURVE ( 'NONE', #5769, #1589, #3699, .T. ) ;
#6996 = ORIENTED_EDGE ( 'NONE', *, *, #6178, .F. ) ;
#6997 = AXIS2_PLACEMENT_3D ( 'NONE', #1744, #1081, #5619 ) ;
#6998 = CIRCLE ( 'NONE', #2860, 1.350000000000000089 ) ;
#6999 = FACE_OUTER_BOUND ( 'NONE', #126, .T. ) ;
#7000 = SURFACE_STYLE_USAGE ( .BOTH. , #6893 ) ;
#7001 = DIRECTION ( 'NONE',  ( -1.748601263784619973E-15, 0.000000000000000000, -1.000000000000000000 ) ) ;
#7002 = AXIS2_PLACEMENT_3D ( 'NONE', #2254, #1646, #1683 ) ;
#7003 = SURFACE_STYLE_USAGE ( .BOTH. , #3664 ) ;
#7004 = VECTOR ( 'NONE', #6261, 1000.000000000000000 ) ;
#7005 = EDGE_CURVE ( 'NONE', #2236, #5778, #2573, .T. ) ;
#7006 = CARTESIAN_POINT ( 'NONE',  ( 1.500000000000000000, 4.200000000000000178, 0.3500000000000550449 ) ) ;
#7007 = CARTESIAN_POINT ( 'NONE',  ( 2.399999999999999911, 7.649999999999999467, -4.149999999999949729 ) ) ;
#7008 = DIRECTION ( 'NONE',  ( 0.000000000000000000, 0.000000000000000000, 1.000000000000000000 ) ) ;
#7009 =( GEOMETRIC_REPRESENTATION_CONTEXT ( 3 ) GLOBAL_UNCERTAINTY_ASSIGNED_CONTEXT ( ( #587 ) ) GLOBAL_UNIT_ASSIGNED_CONTEXT ( ( #4606, #6868, #6260 ) ) REPRESENTATION_CONTEXT ( 'NONE', 'WORKASPACE' ) );
#7010 = MECHANICAL_DESIGN_GEOMETRIC_PRESENTATION_REPRESENTATION (  '', ( #5729 ), #4154 ) ;
#7011 = VECTOR ( 'NONE', #553, 1000.000000000000000 ) ;
#7012 = EDGE_CURVE ( 'NONE', #561, #2741, #6482, .T. ) ;
#7013 = ORIENTED_EDGE ( 'NONE', *, *, #6743, .T. ) ;
#7014 = VERTEX_POINT ( 'NONE', #1395 ) ;
#7015 = CARTESIAN_POINT ( 'NONE',  ( 3.174999999999999822, 7.649999999999999467, 0.8500000000000509370 ) ) ;
#7016 = DIRECTION ( 'NONE',  ( -1.748601263784619973E-15, 0.000000000000000000, -1.000000000000000000 ) ) ;
#7017 = CARTESIAN_POINT ( 'NONE',  ( 1.399999999999999911, 7.649999999999999467, -4.149999999999945288 ) ) ;
#7018 = LINE ( 'NONE', #5305, #3575 ) ;
#7019 = PRESENTATION_LAYER_ASSIGNMENT (  '', '', ( #949 ) ) ;
#7020 = FACE_OUTER_BOUND ( 'NONE', #5199, .T. ) ;
#7021 = ORIENTED_EDGE ( 'NONE', *, *, #3113, .F. ) ;
#7022 = ORIENTED_EDGE ( 'NONE', *, *, #2308, .F. ) ;
#7023 = VECTOR ( 'NONE', #6341, 1000.000000000000000 ) ;
#7024 = DIRECTION ( 'NONE',  ( -1.644517855226009970E-15, 1.000000000000000000, 2.890435660536364970E-30 ) ) ;
#7025 = CARTESIAN_POINT ( 'NONE',  ( 1.300000000000014033, 5.400000000000000355, 2.450000000000054801 ) ) ;
#7026 =( GEOMETRIC_REPRESENTATION_CONTEXT ( 3 ) GLOBAL_UNCERTAINTY_ASSIGNED_CONTEXT ( ( #1099 ) ) GLOBAL_UNIT_ASSIGNED_CONTEXT ( ( #3604, #4745, #769 ) ) REPRESENTATION_CONTEXT ( 'NONE', 'WORKASPACE' ) );
#7027 = DIRECTION ( 'NONE',  ( -1.000000000000000000, -1.644517855226009970E-15, 1.748601263784619973E-15 ) ) ;
#7028 = CARTESIAN_POINT ( 'NONE',  ( 9.799999999999998934, 7.894714285714319324, -4.400000000000000355 ) ) ;
#7029 = ORIENTED_EDGE ( 'NONE', *, *, #807, .F. ) ;
#7030 = EDGE_LOOP ( 'NONE', ( #1650, #4008, #760, #5410, #2791, #4203 ) ) ;
#7031 = STYLED_ITEM ( 'NONE', ( #6112 ), #6865 ) ;
#7032 = LINE ( 'NONE', #2526, #6946 ) ;
#7033 = FACE_OUTER_BOUND ( 'NONE', #3436, .T. ) ;
#7034 = CARTESIAN_POINT ( 'NONE',  ( 9.700000000000001066, 5.400000000000000355, 2.971320343560039934 ) ) ;
#7035 = SURFACE_STYLE_FILL_AREA ( #4209 ) ;
#7036 = CARTESIAN_POINT ( 'NONE',  ( 0.7399999999999999911, 7.597309794603360977, -4.649999999999939959 ) ) ;
#7037 = FACE_OUTER_BOUND ( 'NONE', #855, .T. ) ;
#7038 = B_SPLINE_CURVE_WITH_KNOTS ( 'NONE', 3,
 ( #7036, #5434, #1397, #6560 ),
 .UNSPECIFIED., .F., .F.,
 ( 4, 4 ),
 ( 0.000000000000000000, 1.000000000000000000 ),
 .UNSPECIFIED. ) ;
#7039 = UNCERTAINTY_MEASURE_WITH_UNIT (LENGTH_MEASURE( 1.000000000000000082E-05 ), #3515, 'distance_accuracy_value', 'NONE');
#7040 = STYLED_ITEM ( 'NONE', ( #4292 ), #4106 ) ;
#7041 = VERTEX_POINT ( 'NONE', #6553 ) ;
#7042 = ORIENTED_EDGE ( 'NONE', *, *, #1679, .F. ) ;
#7043 = PLANE ( 'NONE',  #5505 ) ;
#7044 = EDGE_CURVE ( 'NONE', #4355, #2646, #3192, .T. ) ;
#7045 = LINE ( 'NONE', #6425, #5234 ) ;
#7046 = SURFACE_SIDE_STYLE ('',( #3133 ) ) ;
#7047 = CARTESIAN_POINT ( 'NONE',  ( -0.5999999999999828804, 4.200000000000000178, 2.650000000000054978 ) ) ;
#7048 = VECTOR ( 'NONE', #4380, 1000.000000000000000 ) ;
#7049 =( NAMED_UNIT ( * ) PLANE_ANGLE_UNIT ( ) SI_UNIT ( $, .RADIAN. ) );
#7050 = MECHANICAL_DESIGN_GEOMETRIC_PRESENTATION_REPRESENTATION (  '', ( #301 ), #5873 ) ;
#7051 = FILL_AREA_STYLE ('',( #853 ) ) ;
#7052 = ORIENTED_EDGE ( 'NONE', *, *, #3262, .T. ) ;
#7053 = MECHANICAL_DESIGN_GEOMETRIC_PRESENTATION_REPRESENTATION (  '', ( #1619 ), #677 ) ;
#7054 = ORIENTED_EDGE ( 'NONE', *, *, #7069, .T. ) ;
#7055 = CARTESIAN_POINT ( 'NONE',  ( -0.5999999999999999778, 4.200000000000000178, -5.950000000000000178 ) ) ;
#7056 = PLANE ( 'NONE',  #5342 ) ;
#7057 = CARTESIAN_POINT ( 'NONE',  ( 1.300000000000000044, 7.100000000000000533, -2.549999999999944755 ) ) ;
#7058 = SURFACE_STYLE_USAGE ( .BOTH. , #345 ) ;
#7059 = ORIENTED_EDGE ( 'NONE', *, *, #488, .F. ) ;
#7060 = VERTEX_POINT ( 'NONE', #2642 ) ;
#7061 = AXIS2_PLACEMENT_3D ( 'NONE', #4986, #4499, #971 ) ;
#7062 = DIRECTION ( 'NONE',  ( 1.748601263784619973E-15, 0.000000000000000000, 1.000000000000000000 ) ) ;
#7063 = ORIENTED_EDGE ( 'NONE', *, *, #460, .T. ) ;
#7064 = VERTEX_POINT ( 'NONE', #7141 ) ;
#7065 = DIRECTION ( 'NONE',  ( -1.000000000000000000, -8.638922910365221927E-15, 0.000000000000000000 ) ) ;
#7066 = CARTESIAN_POINT ( 'NONE',  ( 0.2019880736300104784, 8.200000000000001066, 2.771907005528055024 ) ) ;
#7067 = DIRECTION ( 'NONE',  ( 1.000000000000000000, 1.644517855226009970E-15, -1.748601263784619973E-15 ) ) ;
#7068 = STYLED_ITEM ( 'NONE', ( #6613 ), #2770 ) ;
#7069 = EDGE_CURVE ( 'NONE', #3647, #7064, #1746, .T. ) ;
#7070 = VECTOR ( 'NONE', #901, 1000.000000000000000 ) ;
#7071 = EDGE_CURVE ( 'NONE', #6674, #563, #4396, .T. ) ;
#7072 = FACE_OUTER_BOUND ( 'NONE', #6366, .T. ) ;
#7073 = DIRECTION ( 'NONE',  ( -0.9428090415820753467, 0.2357022603954920803, -0.2357022603954920803 ) ) ;
#7074 = CARTESIAN_POINT ( 'NONE',  ( -0.9999999999999870104, 3.750000000000000000, -0.9499999999999400035 ) ) ;
#7075 = CARTESIAN_POINT ( 'NONE',  ( 1.399999999999999911, 9.599999999999999645, 1.350000000000052047 ) ) ;
#7076 = CARTESIAN_POINT ( 'NONE',  ( 1.800000000000000044, 8.144714285714309554, 1.350000000000052047 ) ) ;
#7077 = EDGE_CURVE ( 'NONE', #5949, #3691, #1664, .T. ) ;
#7078 = ADVANCED_FACE ( 'NONE', ( #4545 ), #6818, .F. ) ;
#7079 = ORIENTED_EDGE ( 'NONE', *, *, #5146, .T. ) ;
#7080 = ORIENTED_EDGE ( 'NONE', *, *, #6864, .T. ) ;
#7081 = DIRECTION ( 'NONE',  ( 1.000000000000000000, 1.644517855226009970E-15, -1.748601263784619973E-15 ) ) ;
#7082 = FILL_AREA_STYLE ('',( #1449 ) ) ;
#7083 = LINE ( 'NONE', #4717, #573 ) ;
#7084 = DIRECTION ( 'NONE',  ( -1.644517855226009970E-15, 1.000000000000000000, 2.890435660536364970E-30 ) ) ;
#7085 = VECTOR ( 'NONE', #5427, 1000.000000000000000 ) ;
#7086 = CARTESIAN_POINT ( 'NONE',  ( 1.800000000000000044, 4.200000000000000178, -0.9499999999999459988 ) ) ;
#7087 = ORIENTED_EDGE ( 'NONE', *, *, #3719, .F. ) ;
#7088 = ORIENTED_EDGE ( 'NONE', *, *, #5368, .T. ) ;
#7089 = LINE ( 'NONE', #228, #6483 ) ;
#7090 = CARTESIAN_POINT ( 'NONE',  ( 0.7500000000000000000, 7.611199771552090709, 0.3600000000000544986 ) ) ;
#7091 =( LENGTH_UNIT ( ) NAMED_UNIT ( * ) SI_UNIT ( .MILLI., .METRE. ) );
#7092 = ORIENTED_EDGE ( 'NONE', *, *, #1566, .T. ) ;
#7093 = LINE ( 'NONE', #3186, #4044 ) ;
#7094 = EDGE_CURVE ( 'NONE', #3110, #2561, #6137, .T. ) ;
#7095 = DIRECTION ( 'NONE',  ( -2.168404344971010446E-15, 0.3928571428571054347, -0.9195995135417112110 ) ) ;
#7096 = VECTOR ( 'NONE', #1459, 1000.000000000000000 ) ;
#7097 = ORIENTED_EDGE ( 'NONE', *, *, #156, .T. ) ;
#7098 = VERTEX_POINT ( 'NONE', #4993 ) ;
#7099 = ADVANCED_FACE ( 'NONE', ( #4957 ), #281, .F. ) ;
#7100 = CARTESIAN_POINT ( 'NONE',  ( 1.500000000000000000, 4.200000000000000178, 0.3500000000000550449 ) ) ;
#7101 = ORIENTED_EDGE ( 'NONE', *, *, #1679, .T. ) ;
#7102 = VERTEX_POINT ( 'NONE', #1161 ) ;
#7103 = FILL_AREA_STYLE_COLOUR ( '', #2062 ) ;
#7104 = COLOUR_RGB ( '',0.2862745098039215508, 0.6431372549019607199, 0.8666666666666666963 ) ;
#7105 = CARTESIAN_POINT ( 'NONE',  ( 1.955294117647000007, 8.144714285714309554, -4.615000000000000213 ) ) ;
#7106 = LINE ( 'NONE', #1542, #3606 ) ;
#7107 = CARTESIAN_POINT ( 'NONE',  ( 1.400000000137995970, 8.199999999997110933, -5.437439318884949913 ) ) ;
#7108 = LINE ( 'NONE', #874, #2454 ) ;
#7109 = SURFACE_STYLE_USAGE ( .BOTH. , #1984 ) ;
#7110 = ORIENTED_EDGE ( 'NONE', *, *, #2234, .F. ) ;
#7111 = CARTESIAN_POINT ( 'NONE',  ( 1.399999999999999911, 8.959999999999999076, 1.343862328995053979 ) ) ;
#7112 = COLOUR_RGB ( '',0.2862745098039215508, 0.6431372549019607199, 0.8666666666666666963 ) ;
#7113 = DIRECTION ( 'NONE',  ( -1.748601263784619973E-15, 0.000000000000000000, -1.000000000000000000 ) ) ;
#7114 = MECHANICAL_DESIGN_GEOMETRIC_PRESENTATION_REPRESENTATION (  '', ( #6771 ), #5816 ) ;
#7115 = ADVANCED_FACE ( 'NONE', ( #1626 ), #5545, .T. ) ;
#7116 = EDGE_LOOP ( 'NONE', ( #3824, #5060, #4100, #1503 ) ) ;
#7117 = ORIENTED_EDGE ( 'NONE', *, *, #1497, .F. ) ;
#7118 = VECTOR ( 'NONE', #2518, 1000.000000000000000 ) ;
#7119 = STYLED_ITEM ( 'NONE', ( #5676 ), #2691 ) ;
#7120 = DIRECTION ( 'NONE',  ( 0.000000000000000000, -1.000000000000000000, -9.136209393190629548E-17 ) ) ;
#7121 = CARTESIAN_POINT ( 'NONE',  ( 1.500000000000000000, 8.109625349781609316, -3.659999999999945075 ) ) ;
#7122 = FILL_AREA_STYLE_COLOUR ( '', #5986 ) ;
#7123 = VECTOR ( 'NONE', #5947, 1000.000000000000000 ) ;
#7124 =( LENGTH_UNIT ( ) NAMED_UNIT ( * ) SI_UNIT ( .MILLI., .METRE. ) );
#7125 = VECTOR ( 'NONE', #376, 1000.000000000000227 ) ;
#7126 = ADVANCED_FACE ( 'NONE', ( #648 ), #6400, .T. ) ;
#7127 = VECTOR ( 'NONE', #4786, 1000.000000000000114 ) ;
#7128 = DIRECTION ( 'NONE',  ( -0.7071067811864990560, -1.162849727212584251E-15, -0.7071067811865960895 ) ) ;
#7129 = ORIENTED_EDGE ( 'NONE', *, *, #300, .T. ) ;
#7130 = DIRECTION ( 'NONE',  ( -1.748601263784619973E-15, 0.000000000000000000, -1.000000000000000000 ) ) ;
#7131 = PLANE ( 'NONE',  #6530 ) ;
#7132 = VERTEX_POINT ( 'NONE', #1207 ) ;
#7133 = B_SPLINE_CURVE_WITH_KNOTS ( 'NONE', 3,
 ( #3633, #6415, #248, #1325, #2498, #4743, #1945, #4176 ),
 .UNSPECIFIED., .F., .F.,
 ( 4, 1, 1, 1, 1, 4 ),
 ( 0.000000000000000000, 0.2000000000000000111, 0.4000000000000000222, 0.5999999999999999778, 0.8000000000000000444, 1.000000000000000000 ),
 .UNSPECIFIED. ) ;
#7134 = CARTESIAN_POINT ( 'NONE',  ( 3.174999999999999822, 7.649999999999999467, -4.149999999999949729 ) ) ;
#7135 = ORIENTED_EDGE ( 'NONE', *, *, #284, .T. ) ;
#7136 = LINE ( 'NONE', #4322, #2235 ) ;
#7137 = PRESENTATION_LAYER_ASSIGNMENT (  '', '', ( #6419 ) ) ;
#7138 = ORIENTED_EDGE ( 'NONE', *, *, #5155, .F. ) ;
#7139 =( NAMED_UNIT ( * ) PLANE_ANGLE_UNIT ( ) SI_UNIT ( $, .RADIAN. ) );
#7140 = LINE ( 'NONE', #3041, #6385 ) ;
#7141 = CARTESIAN_POINT ( 'NONE',  ( 0.7500000000000000000, 8.200000000000001066, -3.659999999999945075 ) ) ;
#7142 = VECTOR ( 'NONE', #727, 1000.000000000000000 ) ;
#7143 = VECTOR ( 'NONE', #7250, 1000.000000000000000 ) ;
#7144 = SURFACE_SIDE_STYLE ('',( #6909 ) ) ;
#7145 = PRESENTATION_STYLE_ASSIGNMENT (( #7109 ) ) ;
#7146 = ORIENTED_EDGE ( 'NONE', *, *, #6119, .T. ) ;
#7147 = ADVANCED_FACE ( 'NONE', ( #716 ), #4589, .T. ) ;
#7148 = VECTOR ( 'NONE', #1462, 1000.000000000000000 ) ;
#7149 = ORIENTED_EDGE ( 'NONE', *, *, #3896, .F. ) ;
#7150 = ORIENTED_EDGE ( 'NONE', *, *, #1127, .F. ) ;
#7151 = CARTESIAN_POINT ( 'NONE',  ( 0.09999999999999420464, 8.199999999999310063, -6.124841765812941041 ) ) ;
#7152 =( LENGTH_UNIT ( ) NAMED_UNIT ( * ) SI_UNIT ( .MILLI., .METRE. ) );
#7153 = VECTOR ( 'NONE', #6087, 1000.000000000000227 ) ;
#7154 = DIRECTION ( 'NONE',  ( 1.706285386945153899E-15, -1.000000000000000000, 0.000000000000000000 ) ) ;
#7155 = PRESENTATION_STYLE_ASSIGNMENT (( #7189 ) ) ;
#7156 = LINE ( 'NONE', #2591, #2289 ) ;
#7157 = PRESENTATION_LAYER_ASSIGNMENT (  '', '', ( #5622 ) ) ;
#7158 = EDGE_CURVE ( 'NONE', #598, #521, #782, .T. ) ;
#7159 = MECHANICAL_DESIGN_GEOMETRIC_PRESENTATION_REPRESENTATION (  '', ( #6219 ), #4800 ) ;
#7160 = EDGE_CURVE ( 'NONE', #409, #738, #3959, .T. ) ;
#7161 = CARTESIAN_POINT ( 'NONE',  ( 1.250000000000019984, -0.2499999999999890088, 0.6000000000000549338 ) ) ;
#7162 = ORIENTED_EDGE ( 'NONE', *, *, #6883, .T. ) ;
#7163 =( NAMED_UNIT ( * ) SI_UNIT ( $, .STERADIAN. ) SOLID_ANGLE_UNIT ( ) );
#7164 = SURFACE_SIDE_STYLE ('',( #1613 ) ) ;
#7165 = SURFACE_STYLE_USAGE ( .BOTH. , #4423 ) ;
#7166 = PRESENTATION_STYLE_ASSIGNMENT (( #896 ) ) ;
#7167 = DIRECTION ( 'NONE',  ( -1.748601263784619973E-15, 0.000000000000000000, -1.000000000000000000 ) ) ;
#7168 = ORIENTED_EDGE ( 'NONE', *, *, #6901, .F. ) ;
#7169 = MECHANICAL_DESIGN_GEOMETRIC_PRESENTATION_REPRESENTATION (  '', ( #3735 ), #1357 ) ;
#7170 = CARTESIAN_POINT ( 'NONE',  ( 1.400000000000002576, 8.959743461348331550, 1.345908219330052447 ) ) ;
#7171 = EDGE_CURVE ( 'NONE', #403, #2618, #5910, .T. ) ;
#7172 = VERTEX_POINT ( 'NONE', #4882 ) ;
#7173 = PRESENTATION_LAYER_ASSIGNMENT (  '', '', ( #3279 ) ) ;
#7174 = SURFACE_STYLE_USAGE ( .BOTH. , #5987 ) ;
#7175 = CARTESIAN_POINT ( 'NONE',  ( 2.399999999999999911, 8.200000000000001066, -5.437439318957950185 ) ) ;
#7176 = CARTESIAN_POINT ( 'NONE',  ( 11.00000000000000000, 12.25000000000000000, 3.350000000000035172 ) ) ;
#7177 = CIRCLE ( 'NONE', #6231, 1.399999999999999467 ) ;
#7178 = VERTEX_POINT ( 'NONE', #233 ) ;
#7179 = VERTEX_POINT ( 'NONE', #2522 ) ;
#7180 = PRESENTATION_LAYER_ASSIGNMENT (  '', '', ( #900 ) ) ;
#7181 = CARTESIAN_POINT ( 'NONE',  ( 9.909186366476012253, 5.367817482081020053, 2.984974229554040015 ) ) ;
#7182 = VERTEX_POINT ( 'NONE', #2602 ) ;
#7183 = FACE_OUTER_BOUND ( 'NONE', #3253, .T. ) ;
#7184 = EDGE_CURVE ( 'NONE', #7098, #4301, #271, .T. ) ;
#7185 = EDGE_LOOP ( 'NONE', ( #6311, #217, #1078, #1689 ) ) ;
#7186 = VERTEX_POINT ( 'NONE', #4770 ) ;
#7187 = FACE_OUTER_BOUND ( 'NONE', #4256, .T. ) ;
#7188 = CARTESIAN_POINT ( 'NONE',  ( 1.500000000000000000, 8.109625349781609316, 1.315000000000053904 ) ) ;
#7189 = SURFACE_STYLE_USAGE ( .BOTH. , #6758 ) ;
#7190 = CARTESIAN_POINT ( 'NONE',  ( 0.6250000000000199840, 0.2500000000000089928, 0.8500000000000560441 ) ) ;
#7191 = CARTESIAN_POINT ( 'NONE',  ( 0.7000000000000080602, 8.200000000000001066, 1.390000000000053859 ) ) ;
#7192 = DIRECTION ( 'NONE',  ( 0.9486832980505244262, 1.560126622598785884E-15, 0.3162277660168061888 ) ) ;
#7193 = DIRECTION ( 'NONE',  ( -1.644517855226009970E-15, 1.000000000000000000, 2.890435660536364970E-30 ) ) ;
#7194 = VERTEX_POINT ( 'NONE', #4277 ) ;
#7195 = CARTESIAN_POINT ( 'NONE',  ( 1.800000000000000044, 4.200000000000000178, -2.349999999999945022 ) ) ;
#7196 = PRESENTATION_STYLE_ASSIGNMENT (( #344 ) ) ;
#7197 = CARTESIAN_POINT ( 'NONE',  ( 0.1000000000000000056, 7.649999999998869704, -4.150000000001944578 ) ) ;
#7198 = EDGE_CURVE ( 'NONE', #3621, #2665, #898, .T. ) ;
#7199 =( NAMED_UNIT ( * ) SI_UNIT ( $, .STERADIAN. ) SOLID_ANGLE_UNIT ( ) );
#7200 = VERTEX_POINT ( 'NONE', #817 ) ;
#7201 =( GEOMETRIC_REPRESENTATION_CONTEXT ( 3 ) GLOBAL_UNCERTAINTY_ASSIGNED_CONTEXT ( ( #2364 ) ) GLOBAL_UNIT_ASSIGNED_CONTEXT ( ( #6144, #3807, #6063 ) ) REPRESENTATION_CONTEXT ( 'NONE', 'WORKASPACE' ) );
#7202 = LINE ( 'NONE', #6167, #5286 ) ;
#7203 = ORIENTED_EDGE ( 'NONE', *, *, #2534, .F. ) ;
#7204 = SURFACE_STYLE_USAGE ( .BOTH. , #975 ) ;
#7205 = VECTOR ( 'NONE', #3410, 1000.000000000000114 ) ;
#7206 = LINE ( 'NONE', #2670, #6020 ) ;
#7207 = FILL_AREA_STYLE ('',( #6135 ) ) ;
#7208 = CARTESIAN_POINT ( 'NONE',  ( 9.799999999999998934, 7.894714285714319324, -4.400000000000000355 ) ) ;
#7209 = ORIENTED_EDGE ( 'NONE', *, *, #1952, .T. ) ;
#7210 = VERTEX_POINT ( 'NONE', #6546 ) ;
#7211 = VECTOR ( 'NONE', #6944, 1000.000000000000000 ) ;
#7212 = PRESENTATION_LAYER_ASSIGNMENT (  '', '', ( #6511 ) ) ;
#7213 = ORIENTED_EDGE ( 'NONE', *, *, #886, .T. ) ;
#7214 = EDGE_CURVE ( 'NONE', #5949, #531, #3108, .T. ) ;
#7215 = LINE ( 'NONE', #4476, #6496 ) ;
#7216 = CARTESIAN_POINT ( 'NONE',  ( 0.6000000000000069722, 8.200000000000001066, 0.3044444450000550750 ) ) ;
#7217 = ORIENTED_EDGE ( 'NONE', *, *, #3592, .F. ) ;
#7218 = CARTESIAN_POINT ( 'NONE',  ( 0.7249999999999999778, 6.200000000000000178, -4.664999999999939639 ) ) ;
#7219 = LINE ( 'NONE', #4405, #6321 ) ;
#7220 = MECHANICAL_DESIGN_GEOMETRIC_PRESENTATION_REPRESENTATION (  '', ( #4379 ), #4740 ) ;
#7221 = FILL_AREA_STYLE ('',( #4517 ) ) ;
#7222 = VERTEX_POINT ( 'NONE', #5316 ) ;
#7223 = EDGE_CURVE ( 'NONE', #3414, #3338, #1532, .T. ) ;
#7224 = DIRECTION ( 'NONE',  ( 0.000000000000000000, 2.875605999964574846E-30, -1.000000000000000000 ) ) ;
#7225 = AXIS2_PLACEMENT_3D ( 'NONE', #1135, #5553, #4478 ) ;
#7226 = DIRECTION ( 'NONE',  ( -1.748601263784619973E-15, 0.000000000000000000, -1.000000000000000000 ) ) ;
#7227 = CARTESIAN_POINT ( 'NONE',  ( -0.5999999999999828804, 4.200000000000000178, 2.650000000000054978 ) ) ;
#7228 = SURFACE_SIDE_STYLE ('',( #6196 ) ) ;
#7229 = ADVANCED_FACE ( 'NONE', ( #6014 ), #46, .T. ) ;
#7230 = AXIS2_PLACEMENT_3D ( 'NONE', #655, #1344, #1458 ) ;
#7231 = VECTOR ( 'NONE', #1025, 1000.000000000000000 ) ;
#7232 = CYLINDRICAL_SURFACE ( 'NONE', #5645, 1.300000000000000711 ) ;
#7233 = VECTOR ( 'NONE', #999, 1000.000000000000000 ) ;
#7234 = DIRECTION ( 'NONE',  ( -0.2425356250363111255, 0.9701425001453374275, 0.000000000000000000 ) ) ;
#7235 = ORIENTED_EDGE ( 'NONE', *, *, #942, .F. ) ;
#7236 = PRESENTATION_LAYER_ASSIGNMENT (  '', '', ( #2171 ) ) ;
#7237 = DIRECTION ( 'NONE',  ( -1.644517855226009970E-15, 1.000000000000000000, 0.000000000000000000 ) ) ;
#7238 = SURFACE_SIDE_STYLE ('',( #2695 ) ) ;
#7239 = CARTESIAN_POINT ( 'NONE',  ( 8.800000000000000711, 7.144714285714319324, -4.649999999999999467 ) ) ;
#7240 =( GEOMETRIC_REPRESENTATION_CONTEXT ( 3 ) GLOBAL_UNCERTAINTY_ASSIGNED_CONTEXT ( ( #211 ) ) GLOBAL_UNIT_ASSIGNED_CONTEXT ( ( #6704, #2837, #2800 ) ) REPRESENTATION_CONTEXT ( 'NONE', 'WORKASPACE' ) );
#7241 = VECTOR ( 'NONE', #2262, 1000.000000000000000 ) ;
#7242 = COLOUR_RGB ( '',0.2862745098039215508, 0.6431372549019607199, 0.8666666666666666963 ) ;
#7243 = DIRECTION ( 'NONE',  ( -1.000000000000000000, -1.610862132432484866E-15, 1.669819989543990066E-15 ) ) ;
#7244 = VERTEX_POINT ( 'NONE', #862 ) ;
#7245 = COLOUR_RGB ( '',0.2862745098039215508, 0.6431372549019607199, 0.8666666666666666963 ) ;
#7246 = SURFACE_STYLE_FILL_AREA ( #6671 ) ;
#7247 = CARTESIAN_POINT ( 'NONE',  ( 0.09999999999999420464, 8.200000000000001066, -6.649999999999999467 ) ) ;
#7248 = FACE_OUTER_BOUND ( 'NONE', #1927, .T. ) ;
#7249 = PRESENTATION_LAYER_ASSIGNMENT (  '', '', ( #6302 ) ) ;
#7250 = DIRECTION ( 'NONE',  ( -1.644517855226009970E-15, 1.000000000000000000, 2.890435660536364970E-30 ) ) ;
#7251 = ORIENTED_EDGE ( 'NONE', *, *, #733, .T. ) ;
#7252 = ORIENTED_EDGE ( 'NONE', *, *, #3302, .F. ) ;
#7253 = PRESENTATION_LAYER_ASSIGNMENT (  '', '', ( #4410 ) ) ;
#7254 = SURFACE_STYLE_USAGE ( .BOTH. , #5586 ) ;
#7255 = ORIENTED_EDGE ( 'NONE', *, *, #400, .T. ) ;
#7256 = DIRECTION ( 'NONE',  ( -0.3589790793088838972, 0.9333456062030538458, 6.277112717517536631E-16 ) ) ;
#7257 = CARTESIAN_POINT ( 'NONE',  ( -1.000000000000000000, 10.75000000000000000, 2.650000000000059863 ) ) ;
#7258 = CARTESIAN_POINT ( 'NONE',  ( 1.800000000000000044, 8.144714285714309554, 1.315000000000053904 ) ) ;
#7259 = COLOUR_RGB ( '',0.2862745098039215508, 0.6431372549019607199, 0.8666666666666666963 ) ;
#7260 = CARTESIAN_POINT ( 'NONE',  ( 1.500000000000000000, 7.649999999999999467, -4.149999999999945288 ) ) ;
#7261 = ORIENTED_EDGE ( 'NONE', *, *, #3801, .F. ) ;
#7262 = ADVANCED_FACE ( 'NONE', ( #932 ), #3654, .F. ) ;
#7263 = SURFACE_SIDE_STYLE ('',( #6151 ) ) ;
#7264 = LINE ( 'NONE', #4449, #4171 ) ;
#7265 = DIRECTION ( 'NONE',  ( 1.000000000000000000, 1.549021660576225027E-12, -6.743308347092849632E-13 ) ) ;
#7266 = DIRECTION ( 'NONE',  ( 1.644517855226009970E-15, -1.000000000000000000, -2.890435660536364970E-30 ) ) ;
#7267 =( GEOMETRIC_REPRESENTATION_CONTEXT ( 3 ) GLOBAL_UNCERTAINTY_ASSIGNED_CONTEXT ( ( #4010 ) ) GLOBAL_UNIT_ASSIGNED_CONTEXT ( ( #2929, #1276, #4626 ) ) REPRESENTATION_CONTEXT ( 'NONE', 'WORKASPACE' ) );
#7268 = AXIS2_PLACEMENT_3D ( 'NONE', #3432, #3399, #4051 ) ;
#7269 = VERTEX_POINT ( 'NONE', #2907 ) ;
#7270 = B_SPLINE_CURVE_WITH_KNOTS ( 'NONE', 3,
 ( #2245, #7181, #4403, #4364, #6749 ),
 .UNSPECIFIED., .F., .F.,
 ( 4, 1, 4 ),
 ( 0.000000000000000000, 0.5000000000000000000, 1.000000000000000000 ),
 .UNSPECIFIED. ) ;
#7271 = EDGE_CURVE ( 'NONE', #7210, #6971, #4039, .T. ) ;
#7272 = ORIENTED_EDGE ( 'NONE', *, *, #2719, .F. ) ;
#7273 = FACE_OUTER_BOUND ( 'NONE', #3709, .T. ) ;
#7274 = LINE ( 'NONE', #6266, #6932 ) ;
#7275 = ORIENTED_EDGE ( 'NONE', *, *, #3113, .T. ) ;
#7276 = DIRECTION ( 'NONE',  ( -1.000000000000000000, -1.644517855226009970E-15, 1.748601263784619973E-15 ) ) ;
#7277 = CARTESIAN_POINT ( 'NONE',  ( 2.399999999999999911, 10.59999999999999964, -4.649999999999999467 ) ) ;
#7278 =( NAMED_UNIT ( * ) PLANE_ANGLE_UNIT ( ) SI_UNIT ( $, .RADIAN. ) );
#7279 = VECTOR ( 'NONE', #4596, 999.9999999999998863 ) ;
#7280 = CARTESIAN_POINT ( 'NONE',  ( -0.3999999999999890310, 6.450000000000000178, 1.590000000000055147 ) ) ;
#7281 = DIRECTION ( 'NONE',  ( 1.644517855226009970E-15, -1.000000000000000000, -2.890435660536364970E-30 ) ) ;
#7282 =( GEOMETRIC_REPRESENTATION_CONTEXT ( 3 ) GLOBAL_UNCERTAINTY_ASSIGNED_CONTEXT ( ( #3461 ) ) GLOBAL_UNIT_ASSIGNED_CONTEXT ( ( #5995, #4086, #6026 ) ) REPRESENTATION_CONTEXT ( 'NONE', 'WORKASPACE' ) );
#7283 = LINE ( 'NONE', #412, #4335 ) ;
#7284 = ORIENTED_EDGE ( 'NONE', *, *, #1706, .F. ) ;
#7285 = FACE_OUTER_BOUND ( 'NONE', #1896, .T. ) ;
#7286 = ORIENTED_EDGE ( 'NONE', *, *, #5556, .T. ) ;
#7287 = ORIENTED_EDGE ( 'NONE', *, *, #1290, .F. ) ;
#7288 = VECTOR ( 'NONE', #6322, 1000.000000000000000 ) ;
#7289 =( GEOMETRIC_REPRESENTATION_CONTEXT ( 3 ) GLOBAL_UNCERTAINTY_ASSIGNED_CONTEXT ( ( #5119 ) ) GLOBAL_UNIT_ASSIGNED_CONTEXT ( ( #153, #1236, #3979 ) ) REPRESENTATION_CONTEXT ( 'NONE', 'WORKASPACE' ) );
#7290 = ORIENTED_EDGE ( 'NONE', *, *, #2632, .T. ) ;
#7291 =( NAMED_UNIT ( * ) PLANE_ANGLE_UNIT ( ) SI_UNIT ( $, .RADIAN. ) );
#7292 = EDGE_LOOP ( 'NONE', ( #5724, #5953, #3182, #3163, #3841, #6249, #3668 ) ) ;
#7293 =( NAMED_UNIT ( * ) SI_UNIT ( $, .STERADIAN. ) SOLID_ANGLE_UNIT ( ) );
#7294 = AXIS2_PLACEMENT_3D ( 'NONE', #6926, #5147, #2351 ) ;
#7295 = CARTESIAN_POINT ( 'NONE',  ( 3.950000000000000178, 8.144714285714320212, -4.649999999999999467 ) ) ;
#7296 = EDGE_CURVE ( 'NONE', #1926, #6787, #5495, .T. ) ;
#7297 = UNCERTAINTY_MEASURE_WITH_UNIT (LENGTH_MEASURE( 1.000000000000000082E-05 ), #3145, 'distance_accuracy_value', 'NONE');
#7298 = CARTESIAN_POINT ( 'NONE',  ( 0.1000000000000045991, 10.59999999999999964, 1.350000000000056044 ) ) ;
#7299 = ORIENTED_EDGE ( 'NONE', *, *, #7071, .F. ) ;
#7300 = CARTESIAN_POINT ( 'NONE',  ( 8.800000000000000711, 8.144714285714329094, 1.350000000000040057 ) ) ;
#7301 = COLOUR_RGB ( '',0.2862745098039215508, 0.6431372549019607199, 0.8666666666666666963 ) ;
#7302 = ADVANCED_FACE ( 'NONE', ( #6229 ), #2144, .F. ) ;
#7303 = VERTEX_POINT ( 'NONE', #6905 ) ;
#7304 = PLANE ( 'NONE',  #60 ) ;
#7305 = LINE ( 'NONE', #2762, #2301 ) ;
#7306 = ORIENTED_EDGE ( 'NONE', *, *, #201, .F. ) ;
#7307 = CARTESIAN_POINT ( 'NONE',  ( 1.399999999999009814, 7.649999999998869704, 0.8499999999980538679 ) ) ;
#7308 = LINE ( 'NONE', #482, #546 ) ;
#7309 = FILL_AREA_STYLE ('',( #1770 ) ) ;
#7310 = DIRECTION ( 'NONE',  ( -1.644517855226009970E-15, 1.000000000000000000, 2.890435660536364970E-30 ) ) ;
#7311 = FACE_OUTER_BOUND ( 'NONE', #4922, .T. ) ;
#7312 = VERTEX_POINT ( 'NONE', #580 ) ;
#7313 = DIRECTION ( 'NONE',  ( 1.748601263784619973E-15, 0.000000000000000000, 1.000000000000000000 ) ) ;
#7314 = ORIENTED_EDGE ( 'NONE', *, *, #3592, .T. ) ;
#7315 = DIRECTION ( 'NONE',  ( -0.1520571842539020224, -2.500607545209354483E-16, 0.9883716976506232710 ) ) ;
#7316 = CARTESIAN_POINT ( 'NONE',  ( 0.1000000000000140082, 7.100000000000000533, 3.350000000000055156 ) ) ;
#7317 = EDGE_CURVE ( 'NONE', #5730, #5460, #5082, .T. ) ;
#7318 = CARTESIAN_POINT ( 'NONE',  ( 11.00000000000000000, 7.450000000000000178, -4.150000000000000355 ) ) ;
#7319 = FILL_AREA_STYLE_COLOUR ( '', #5600 ) ;
#7320 = VECTOR ( 'NONE', #4026, 1000.000000000000114 ) ;
#7321 = VERTEX_POINT ( 'NONE', #5193 ) ;
#7322 = EDGE_CURVE ( 'NONE', #7132, #6120, #2291, .T. ) ;
#7323 = ORIENTED_EDGE ( 'NONE', *, *, #6403, .F. ) ;
#7324 = VECTOR ( 'NONE', #6184, 1000.000000000000000 ) ;
#7325 = CARTESIAN_POINT ( 'NONE',  ( 1.300000000000000044, 7.100000000000000533, -2.549999999999944755 ) ) ;
#7326 = FILL_AREA_STYLE_COLOUR ( '', #3790 ) ;
#7327 = UNCERTAINTY_MEASURE_WITH_UNIT (LENGTH_MEASURE( 1.000000000000000082E-05 ), #5042, 'distance_accuracy_value', 'NONE');
#7328 = AXIS2_PLACEMENT_3D ( 'NONE', #2449, #3588, #4723 ) ;
#7329 = MECHANICAL_DESIGN_GEOMETRIC_PRESENTATION_REPRESENTATION (  '', ( #2278 ), #5086 ) ;
#7330 = UNCERTAINTY_MEASURE_WITH_UNIT (LENGTH_MEASURE( 1.000000000000000082E-05 ), #439, 'distance_accuracy_value', 'NONE');
#7331 = VECTOR ( 'NONE', #341, 1000.000000000000000 ) ;
#7332 = SURFACE_STYLE_FILL_AREA ( #1794 ) ;
#7333 = ORIENTED_EDGE ( 'NONE', *, *, #1438, .F. ) ;
#7334 = PRESENTATION_STYLE_ASSIGNMENT (( #5127 ) ) ;
#7335 = STYLED_ITEM ( 'NONE', ( #6744 ), #1173 ) ;
#7336 = PLANE ( 'NONE',  #1434 ) ;
#7337 = ORIENTED_EDGE ( 'NONE', *, *, #4351, .T. ) ;
#7338 =( NAMED_UNIT ( * ) PLANE_ANGLE_UNIT ( ) SI_UNIT ( $, .RADIAN. ) );
#7339 =( NAMED_UNIT ( * ) SI_UNIT ( $, .STERADIAN. ) SOLID_ANGLE_UNIT ( ) );
#7340 = DIRECTION ( 'NONE',  ( -0.3589790793088808996, -0.9333456062030549560, 6.277112717517498174E-16 ) ) ;
#7341 = CARTESIAN_POINT ( 'NONE',  ( 2.399999999999999911, 7.100000000000000533, 4.450000000000049916 ) ) ;
ENDSEC;
END-ISO-10303-21;
