ISO-10303-21;
HEADER;
FILE_DESCRIPTION (( 'STEP AP214' ),
    '1' );
FILE_NAME ('CUI_DEVICES_TBP04R1-500-04BE.step',
    '2021-12-15T18:42:10',
    ( '' ),
    ( '' ),
    'SwSTEP 2.0',
    'SolidWorks 2021',
    '' );
FILE_SCHEMA (( 'AUTOMOTIVE_DESIGN' ));
ENDSEC;

DATA;
#1 = CARTESIAN_POINT ( 'NONE',  ( -0.9999999999999626965, 3.750000000000006217, 13.35000000000005471 ) ) ;
#2 = VERTEX_POINT ( 'NONE', #7040 ) ;
#3 = ORIENTED_EDGE ( 'NONE', *, *, #1253, .T. ) ;
#4 = CARTESIAN_POINT ( 'NONE',  ( 9.700000000000022382, 5.400000000000024336, 7.971320343560040378 ) ) ;
#5 = LINE ( 'NONE', #2322, #6747 ) ;
#6 = DIRECTION ( 'NONE',  ( 0.1205431253957962856, 0.9927080914950846546, -2.107818614076375132E-16 ) ) ;
#7 = VERTEX_POINT ( 'NONE', #7740 ) ;
#8 = DIRECTION ( 'NONE',  ( -1.644517855226007801E-15, 1.000000000000000000, 2.890435660536363568E-30 ) ) ;
#9 = PLANE ( 'NONE',  #1791 ) ;
#10 = ADVANCED_FACE ( 'NONE', ( #3776 ), #6132, .F. ) ;
#11 = ADVANCED_FACE ( 'NONE', ( #6933 ), #10176, .T. ) ;
#12 = B_SPLINE_CURVE_WITH_KNOTS ( 'NONE', 3,
 ( #3140, #6291, #9518, #7263 ),
 .UNSPECIFIED., .F., .F.,
 ( 4, 4 ),
 ( 0.0000000000000000000, 1.000000000000000000 ),
 .UNSPECIFIED. ) ;
#13 = EDGE_CURVE ( 'NONE', #967, #7527, #6036, .T. ) ;
#14 = VERTEX_POINT ( 'NONE', #2766 ) ;
#15 = LINE ( 'NONE', #3218, #4850 ) ;
#16 = CARTESIAN_POINT ( 'NONE',  ( 1.500000000000016875, 8.200000000000009948, 6.340000000000054037 ) ) ;
#17 = ORIENTED_EDGE ( 'NONE', *, *, #9027, .F. ) ;
#18 = FACE_OUTER_BOUND ( 'NONE', #4391, .T. ) ;
#19 = CARTESIAN_POINT ( 'NONE',  ( 10.34999999141862403, 7.450000000000024158, 10.85000000000003695 ) ) ;
#20 = SURFACE_SIDE_STYLE ('',( #8671 ) ) ;
#21 = VERTEX_POINT ( 'NONE', #10128 ) ;
#22 = SURFACE_STYLE_USAGE ( .BOTH. , #5817 ) ;
#23 = CARTESIAN_POINT ( 'NONE',  ( 1.499999999999997780, 8.200000000000009948, -4.614999999999944258 ) ) ;
#24 = VECTOR ( 'NONE', #10175, 1000.000000000000000 ) ;
#25 = EDGE_CURVE ( 'NONE', #6621, #8994, #7842, .T. ) ;
#26 = ADVANCED_FACE ( 'NONE', ( #5230 ), #1176, .T. ) ;
#27 = EDGE_CURVE ( 'NONE', #1885, #797, #6086, .T. ) ;
#28 = LINE ( 'NONE', #6258, #2287 ) ;
#29 = DIRECTION ( 'NONE',  ( 0.2357022603954916640, 0.9428090415820747916, -0.2357022603954940509 ) ) ;
#30 = CIRCLE ( 'NONE', #9003, 1.399999999999999911 ) ;
#31 = CARTESIAN_POINT ( 'NONE',  ( 0.7000000000000166089, 6.250000000000008882, 4.050000000000055778 ) ) ;
#32 = LINE ( 'NONE', #4907, #9104 ) ;
#33 = ORIENTED_EDGE ( 'NONE', *, *, #7828, .T. ) ;
#34 = PLANE ( 'NONE',  #3436 ) ;
#35 = ORIENTED_EDGE ( 'NONE', *, *, #9341, .T. ) ;
#36 = ORIENTED_EDGE ( 'NONE', *, *, #5746, .T. ) ;
#37 = DIRECTION ( 'NONE',  ( 1.644517855226008195E-15, -1.000000000000000000, -2.890435660536364269E-30 ) ) ;
#38 = EDGE_CURVE ( 'NONE', #2072, #8361, #8574, .T. ) ;
#39 = VECTOR ( 'NONE', #10445, 1000.000000000000000 ) ;
#40 = AXIS2_PLACEMENT_3D ( 'NONE', #8136, #1000, #795 ) ;
#41 = CARTESIAN_POINT ( 'NONE',  ( 2.400000000000027001, 8.200000000000011724, 12.13743931895805162 ) ) ;
#42 = ORIENTED_EDGE ( 'NONE', *, *, #3102, .T. ) ;
#43 = CARTESIAN_POINT ( 'NONE',  ( 2.500000000000009326, 3.750000000000012434, -2.349999999999948574 ) ) ;
#44 =( LENGTH_UNIT ( ) NAMED_UNIT ( * ) SI_UNIT ( .MILLI., .METRE. ) );
#45 = ORIENTED_EDGE ( 'NONE', *, *, #4244, .T. ) ;
#46 = AXIS2_PLACEMENT_3D ( 'NONE', #2501, #8158, #815 ) ;
#47 = ORIENTED_EDGE ( 'NONE', *, *, #8334, .F. ) ;
#48 = DIRECTION ( 'NONE',  ( -1.748601263784621946E-15, 0.0000000000000000000, -1.000000000000000000 ) ) ;
#49 =( NAMED_UNIT ( * ) PLANE_ANGLE_UNIT ( ) SI_UNIT ( $, .RADIAN. ) );
#50 = DIRECTION ( 'NONE',  ( 0.0000000000000000000, 0.0000000000000000000, 1.000000000000000000 ) ) ;
#51 = VERTEX_POINT ( 'NONE', #9200 ) ;
#52 = SURFACE_STYLE_FILL_AREA ( #4876 ) ;
#53 = CARTESIAN_POINT ( 'NONE',  ( -0.5999999999999963141, 4.200000000000007283, -5.949999999999940670 ) ) ;
#54 = VECTOR ( 'NONE', #10463, 1000.000000000000000 ) ;
#55 = DIRECTION ( 'NONE',  ( -1.644517855226007998E-15, 1.000000000000000000, 2.890435660536363919E-30 ) ) ;
#56 = VECTOR ( 'NONE', #1435, 1000.000000000000227 ) ;
#57 = PRESENTATION_LAYER_ASSIGNMENT (  '', '', ( #6324 ) ) ;
#58 = CARTESIAN_POINT ( 'NONE',  ( 0.1000000000000254158, 7.649999999998868816, 10.84999999999805631 ) ) ;
#59 = DIRECTION ( 'NONE',  ( 0.9238697708742987791, 0.3553345272594015669, 0.1421338109036983932 ) ) ;
#60 = PRESENTATION_LAYER_ASSIGNMENT (  '', '', ( #891 ) ) ;
#61 = CARTESIAN_POINT ( 'NONE',  ( 0.7499999999999972244, 8.200000000000009948, -4.639999999999945501 ) ) ;
#62 = ORIENTED_EDGE ( 'NONE', *, *, #7874, .F. ) ;
#63 = CARTESIAN_POINT ( 'NONE',  ( 9.700000000000031264, 5.400000000000024336, 12.97132034356003949 ) ) ;
#64 = FACE_OUTER_BOUND ( 'NONE', #8139, .T. ) ;
#65 = DIRECTION ( 'NONE',  ( 1.644517855226007998E-15, -1.000000000000000000, 0.0000000000000000000 ) ) ;
#66 = ORIENTED_EDGE ( 'NONE', *, *, #5486, .T. ) ;
#67 = LINE ( 'NONE', #9719, #9903 ) ;
#68 = AXIS2_PLACEMENT_3D ( 'NONE', #6861, #2807, #1318 ) ;
#69 = AXIS2_PLACEMENT_3D ( 'NONE', #398, #4326, #10018 ) ;
#70 = CARTESIAN_POINT ( 'NONE',  ( 1.800000000000002931, 6.844714285714310620, -3.649999999999946620 ) ) ;
#71 = VECTOR ( 'NONE', #2991, 1000.000000000000000 ) ;
#72 = AXIS2_PLACEMENT_3D ( 'NONE', #9230, #3083, #7909 ) ;
#73 = VECTOR ( 'NONE', #4370, 1000.000000000000000 ) ;
#74 = EDGE_LOOP ( 'NONE', ( #8797, #9627, #5313, #6034, #4400, #4063, #2320, #1814, #5368, #9088, #8076, #10137, #9839, #215, #4274, #2334, #7281, #8878, #401, #8748 ) ) ;
#75 = ADVANCED_FACE ( 'NONE', ( #5272 ), #8627, .F. ) ;
#76 = CARTESIAN_POINT ( 'NONE',  ( -0.1999999927999943083, 4.200000000000007283, -3.560000005399943213 ) ) ;
#77 = ORIENTED_EDGE ( 'NONE', *, *, #8322, .T. ) ;
#78 = DIRECTION ( 'NONE',  ( -1.748601263784621748E-15, 0.0000000000000000000, -1.000000000000000000 ) ) ;
#79 = EDGE_CURVE ( 'NONE', #353, #5574, #1332, .T. ) ;
#80 = LINE ( 'NONE', #9037, #4641 ) ;
#81 = PLANE ( 'NONE',  #7136 ) ;
#82 = DIRECTION ( 'NONE',  ( -0.7071067811865487940, -1.162849727212667278E-15, -0.7071067811865463515 ) ) ;
#83 = ORIENTED_EDGE ( 'NONE', *, *, #1980, .F. ) ;
#84 = CARTESIAN_POINT ( 'NONE',  ( 1.500000000000022204, 4.200000000000010836, 5.350000000000055600 ) ) ;
#85 = VECTOR ( 'NONE', #4508, 1000.000000000000000 ) ;
#86 = AXIS2_PLACEMENT_3D ( 'NONE', #2500, #2386, #7514 ) ;
#87 = SURFACE_STYLE_FILL_AREA ( #9105 ) ;
#88 =( LENGTH_UNIT ( ) NAMED_UNIT ( * ) SI_UNIT ( .MILLI., .METRE. ) );
#89 = PRESENTATION_LAYER_ASSIGNMENT (  '', '', ( #6524 ) ) ;
#90 = UNCERTAINTY_MEASURE_WITH_UNIT (LENGTH_MEASURE( 1.000000000000000082E-05 ), #4572, 'distance_accuracy_value', 'NONE');
#91 = EDGE_CURVE ( 'NONE', #3179, #5382, #400, .T. ) ;
#92 = CARTESIAN_POINT ( 'NONE',  ( 0.1000000000000271505, 8.200000000000008171, 12.82484176581305491 ) ) ;
#93 = ORIENTED_EDGE ( 'NONE', *, *, #2836, .F. ) ;
#94 = PLANE ( 'NONE',  #1398 ) ;
#95 = VERTEX_POINT ( 'NONE', #9508 ) ;
#96 = VERTEX_POINT ( 'NONE', #1382 ) ;
#97 = DIRECTION ( 'NONE',  ( -1.748601263784621946E-15, 0.0000000000000000000, -1.000000000000000000 ) ) ;
#98 = ADVANCED_FACE ( 'NONE', ( #700 ), #3832, .F. ) ;
#99 = EDGE_CURVE ( 'NONE', #7588, #96, #8724, .T. ) ;
#100 = LINE ( 'NONE', #200, #8214 ) ;
#101 = AXIS2_PLACEMENT_3D ( 'NONE', #2493, #5758, #6488 ) ;
#102 = AXIS2_PLACEMENT_3D ( 'NONE', #6567, #9808, #5276 ) ;
#103 = FACE_OUTER_BOUND ( 'NONE', #420, .T. ) ;
#104 = ORIENTED_EDGE ( 'NONE', *, *, #6643, .T. ) ;
#106 = DIRECTION ( 'NONE',  ( 1.000000000000000000, 1.644517855226007998E-15, -1.748601263784621946E-15 ) ) ;
#105 = VECTOR ( 'NONE', #7566, 1000.000000000000000 ) ;
#107 = DIRECTION ( 'NONE',  ( 1.000000000000000000, 1.644517855226007998E-15, -1.748601263784621946E-15 ) ) ;
#108 = DIRECTION ( 'NONE',  ( 1.748601263784621946E-15, 0.0000000000000000000, 1.000000000000000000 ) ) ;
#109 = ADVANCED_FACE ( 'NONE', ( #4786 ), #3069, .F. ) ;
#110 = VERTEX_POINT ( 'NONE', #4844 ) ;
#111 = LINE ( 'NONE', #7600, #9086 ) ;
#112 = AXIS2_PLACEMENT_3D ( 'NONE', #6023, #5966, #1120 ) ;
#113 = EDGE_LOOP ( 'NONE', ( #7209, #10386, #9682, #7995, #5498, #261 ) ) ;
#114 = DIRECTION ( 'NONE',  ( -1.748601263784621946E-15, 0.0000000000000000000, -1.000000000000000000 ) ) ;
#115 = DIRECTION ( 'NONE',  ( 1.748601263784621946E-15, 0.0000000000000000000, 1.000000000000000000 ) ) ;
#116 = CARTESIAN_POINT ( 'NONE',  ( 11.00000000000001066, 11.75000000000002487, 6.750000000000037303 ) ) ;
#117 = VERTEX_POINT ( 'NONE', #2337 ) ;
#118 = MECHANICAL_DESIGN_GEOMETRIC_PRESENTATION_REPRESENTATION (  '', ( #8581 ), #282 ) ;
#119 = FACE_OUTER_BOUND ( 'NONE', #6489, .T. ) ;
#120 = PRESENTATION_LAYER_ASSIGNMENT (  '', '', ( #613 ) ) ;
#121 = CARTESIAN_POINT ( 'NONE',  ( 9.700000000000020606, 10.60000000000002096, 13.35000000000005471 ) ) ;
#122 = CARTESIAN_POINT ( 'NONE',  ( 9.699999999999995737, 10.60000000000002274, -3.449999999999960210 ) ) ;
#123 = PRODUCT_DEFINITION ( 'UNKNOWN', '', #1069, #8501 ) ;
#124 = LINE ( 'NONE', #8293, #806 ) ;
#125 = EDGE_CURVE ( 'NONE', #3275, #9201, #1798, .T. ) ;
#126 = ORIENTED_EDGE ( 'NONE', *, *, #5000, .F. ) ;
#127 = ORIENTED_EDGE ( 'NONE', *, *, #2200, .F. ) ;
#128 = LINE ( 'NONE', #9020, #2424 ) ;
#129 =( GEOMETRIC_REPRESENTATION_CONTEXT ( 3 ) GLOBAL_UNCERTAINTY_ASSIGNED_CONTEXT ( ( #3786 ) ) GLOBAL_UNIT_ASSIGNED_CONTEXT ( ( #2555, #5929, #10014 ) ) REPRESENTATION_CONTEXT ( 'NONE', 'WORKASPACE' ) );
#130 = CARTESIAN_POINT ( 'NONE',  ( 1.250000000000039302, -0.2499999999999889533, 11.10000000000005471 ) ) ;
#131 = PLANE ( 'NONE',  #7889 ) ;
#132 = ORIENTED_EDGE ( 'NONE', *, *, #10043, .T. ) ;
#133 = CARTESIAN_POINT ( 'NONE',  ( 2.399999999999997691, 7.100000000000012079, -6.649999999999947065 ) ) ;
#134 =( NAMED_UNIT ( * ) PLANE_ANGLE_UNIT ( ) SI_UNIT ( $, .RADIAN. ) );
#135 = AXIS2_PLACEMENT_3D ( 'NONE', #317, #10184, #3629 ) ;
#136 = ORIENTED_EDGE ( 'NONE', *, *, #2673, .T. ) ;
#137 = DIRECTION ( 'NONE',  ( 1.000000000000000000, 1.644517855226007801E-15, -1.748601263784621748E-15 ) ) ;
#138 = DIRECTION ( 'NONE',  ( -1.000000000000000000, -1.644517855226007998E-15, 1.748601263784621946E-15 ) ) ;
#139 = ORIENTED_EDGE ( 'NONE', *, *, #614, .T. ) ;
#140 = CARTESIAN_POINT ( 'NONE',  ( 3.950000000000025491, 7.650000000000014566, 10.85000000000004938 ) ) ;
#141 = DIRECTION ( 'NONE',  ( 2.095246567705921592E-15, -0.2425356250363094601, 0.9701425001453377606 ) ) ;
#142 = VECTOR ( 'NONE', #179, 1000.000000000000000 ) ;
#143 = FACE_OUTER_BOUND ( 'NONE', #3874, .T. ) ;
#144 = DIRECTION ( 'NONE',  ( 1.748601263784621946E-15, 0.0000000000000000000, 1.000000000000000000 ) ) ;
#145 = EDGE_LOOP ( 'NONE', ( #2398, #8556, #4977, #10140 ) ) ;
#146 = DIRECTION ( 'NONE',  ( -1.644517855226007998E-15, 1.000000000000000000, 2.875605999964573094E-30 ) ) ;
#147 = CARTESIAN_POINT ( 'NONE',  ( 0.7400000000000184208, 7.597309794603359201, 6.350000000000055600 ) ) ;
#148 = LINE ( 'NONE', #6608, #268 ) ;
#149 = EDGE_CURVE ( 'NONE', #3689, #7655, #4055, .T. ) ;
#150 = DIRECTION ( 'NONE',  ( 1.000000000000000000, 1.644517855226007998E-15, -1.748601263784621946E-15 ) ) ;
#151 = DIRECTION ( 'NONE',  ( -1.748601263784621946E-15, 0.0000000000000000000, -1.000000000000000000 ) ) ;
#152 = VERTEX_POINT ( 'NONE', #6443 ) ;
#153 = PLANE ( 'NONE',  #1071 ) ;
#154 = ORIENTED_EDGE ( 'NONE', *, *, #5688, .T. ) ;
#155 = VERTEX_POINT ( 'NONE', #9673 ) ;
#156 = CARTESIAN_POINT ( 'NONE',  ( 0.7000000000000166089, 8.200000000000009948, 6.390000000000055635 ) ) ;
#157 = CARTESIAN_POINT ( 'NONE',  ( 2.400000000000011458, 10.60000000000001030, 5.350000000000053824 ) ) ;
#158 = EDGE_CURVE ( 'NONE', #2193, #1300, #7670, .T. ) ;
#159 = CARTESIAN_POINT ( 'NONE',  ( 1.800000000000008260, 4.200000000000010836, -2.349999999999946798 ) ) ;
#160 = EDGE_CURVE ( 'NONE', #1088, #5570, #5349, .T. ) ;
#161 = CARTESIAN_POINT ( 'NONE',  ( 8.800000000000025580, 7.144714285714321989, 10.35000000000004050 ) ) ;
#162 = SURFACE_STYLE_FILL_AREA ( #9867 ) ;
#163 = VERTEX_POINT ( 'NONE', #7994 ) ;
#164 = CARTESIAN_POINT ( 'NONE',  ( 0.2019956826000129380, 8.199999999999308287, 3.928096943747057868 ) ) ;
#165 = VERTEX_POINT ( 'NONE', #8882 ) ;
#166 = PLANE ( 'NONE',  #5445 ) ;
#167 = PLANE ( 'NONE',  #3621 ) ;
#168 = DIRECTION ( 'NONE',  ( -1.801095893066399655E-14, -1.000000000000000000, 3.147915588756019432E-29 ) ) ;
#169 = ORIENTED_EDGE ( 'NONE', *, *, #7765, .F. ) ;
#170 = LINE ( 'NONE', #3376, #1913 ) ;
#171 = EDGE_CURVE ( 'NONE', #7722, #3465, #8114, .T. ) ;
#172 = EDGE_CURVE ( 'NONE', #9583, #176, #5483, .T. ) ;
#173 = SURFACE_SIDE_STYLE ('',( #8919 ) ) ;
#174 = LINE ( 'NONE', #2585, #5892 ) ;
#175 = FILL_AREA_STYLE ('',( #4146 ) ) ;
#176 = VERTEX_POINT ( 'NONE', #4318 ) ;
#177 = CARTESIAN_POINT ( 'NONE',  ( 0.1000000000000080685, 5.400000000000009237, -1.149999999999942624 ) ) ;
#178 = APPLICATION_CONTEXT ( 'automotive_design' ) ;
#179 = DIRECTION ( 'NONE',  ( -1.748601263784621946E-15, 0.0000000000000000000, -1.000000000000000000 ) ) ;
#180 = LINE ( 'NONE', #6384, #256 ) ;
#181 = FACE_OUTER_BOUND ( 'NONE', #4223, .T. ) ;
#182 = EDGE_CURVE ( 'NONE', #10021, #10236, #1656, .T. ) ;
#183 = ADVANCED_FACE ( 'NONE', ( #6604 ), #1821, .F. ) ;
#184 = ORIENTED_EDGE ( 'NONE', *, *, #9519, .T. ) ;
#185 = CARTESIAN_POINT ( 'NONE',  ( 3.949999999999999734, 8.144714285714314883, -3.649999999999951061 ) ) ;
#186 = ORIENTED_EDGE ( 'NONE', *, *, #27, .T. ) ;
#187 = DIRECTION ( 'NONE',  ( 1.644517855226007998E-15, -1.000000000000000000, -2.890435660536363919E-30 ) ) ;
#188 = DIRECTION ( 'NONE',  ( 6.930567231222538441E-14, 1.168500215858619925E-28, -1.000000000000000000 ) ) ;
#189 =( NAMED_UNIT ( * ) PLANE_ANGLE_UNIT ( ) SI_UNIT ( $, .RADIAN. ) );
#190 = DIRECTION ( 'NONE',  ( -0.8933250006747830430, 0.4466625002858897187, 0.04962916489078052912 ) ) ;
#191 = CARTESIAN_POINT ( 'NONE',  ( 0.7000000000000061728, 8.200000000000009948, 0.3100000000000550093 ) ) ;
#192 = DIRECTION ( 'NONE',  ( -1.000000000000000000, -2.859691650543226683E-12, 7.297626393077378907E-11 ) ) ;
#193 = ORIENTED_EDGE ( 'NONE', *, *, #6804, .F. ) ;
#194 =( LENGTH_UNIT ( ) NAMED_UNIT ( * ) SI_UNIT ( .MILLI., .METRE. ) );
#195 = CARTESIAN_POINT ( 'NONE',  ( 0.6000000000000258460, 8.200000000000009948, 11.39555555500005468 ) ) ;
#196 = ORIENTED_EDGE ( 'NONE', *, *, #5985, .T. ) ;
#197 = AXIS2_PLACEMENT_3D ( 'NONE', #2914, #552, #2866 ) ;
#198 = ORIENTED_EDGE ( 'NONE', *, *, #4231, .T. ) ;
#199 = CARTESIAN_POINT ( 'NONE',  ( 1.800000000000020250, 6.844714285714310620, 6.350000000000053824 ) ) ;
#200 = CARTESIAN_POINT ( 'NONE',  ( 7.999999999999988454, 11.55000000000002025, -6.649999999999956835 ) ) ;
#201 =( NAMED_UNIT ( * ) PLANE_ANGLE_UNIT ( ) SI_UNIT ( $, .RADIAN. ) );
#202 = ORIENTED_EDGE ( 'NONE', *, *, #1784, .T. ) ;
#203 = DIRECTION ( 'NONE',  ( 1.000000000000000000, 1.644517855226007801E-15, -1.748601263784621748E-15 ) ) ;
#204 = EDGE_CURVE ( 'NONE', #5495, #9194, #8306, .T. ) ;
#205 = ORIENTED_EDGE ( 'NONE', *, *, #5314, .T. ) ;
#206 = FACE_OUTER_BOUND ( 'NONE', #6297, .T. ) ;
#207 = ORIENTED_EDGE ( 'NONE', *, *, #2703, .F. ) ;
#208 = CARTESIAN_POINT ( 'NONE',  ( 9.300000000000023803, 7.644714285714304225, 10.47500000000004050 ) ) ;
#209 = EDGE_CURVE ( 'NONE', #1370, #4770, #5112, .T. ) ;
#210 = VERTEX_POINT ( 'NONE', #4900 ) ;
#211 = CIRCLE ( 'NONE', #1886, 1.299999999999999378 ) ;
#212 = AXIS2_PLACEMENT_3D ( 'NONE', #308, #3522, #7196 ) ;
#213 = CARTESIAN_POINT ( 'NONE',  ( 2.400000000000007905, 5.400000000000012790, -1.271320343559945609 ) ) ;
#214 =( LENGTH_UNIT ( ) NAMED_UNIT ( * ) SI_UNIT ( .MILLI., .METRE. ) );
#215 = ORIENTED_EDGE ( 'NONE', *, *, #6960, .T. ) ;
#216 = DIRECTION ( 'NONE',  ( -1.748601263784621946E-15, 0.0000000000000000000, -1.000000000000000000 ) ) ;
#217 = EDGE_LOOP ( 'NONE', ( #3526, #5607, #8356, #7145 ) ) ;
#218 = CARTESIAN_POINT ( 'NONE',  ( -0.9999999999999817923, 10.75000000000000533, 9.050000000000057554 ) ) ;
#219 = EDGE_CURVE ( 'NONE', #8095, #8514, #8942, .T. ) ;
#220 = VECTOR ( 'NONE', #7232, 1000.000000000000000 ) ;
#221 = PRESENTATION_STYLE_ASSIGNMENT (( #333 ) ) ;
#222 = EDGE_CURVE ( 'NONE', #8031, #6358, #1765, .T. ) ;
#223 = AXIS2_PLACEMENT_3D ( 'NONE', #1962, #5218, #3504 ) ;
#224 = EDGE_CURVE ( 'NONE', #3689, #1244, #6547, .T. ) ;
#225 = VECTOR ( 'NONE', #942, 1000.000000000000000 ) ;
#226 = AXIS2_PLACEMENT_3D ( 'NONE', #3010, #2212, #7026 ) ;
#227 = ORIENTED_EDGE ( 'NONE', *, *, #7319, .F. ) ;
#228 = DIRECTION ( 'NONE',  ( 1.000000000000000000, 1.644517855226007998E-15, -1.748601263784621946E-15 ) ) ;
#229 = SURFACE_SIDE_STYLE ('',( #6762 ) ) ;
#230 = ORIENTED_EDGE ( 'NONE', *, *, #750, .F. ) ;
#231 = CIRCLE ( 'NONE', #2907, 1.399999999999000044 ) ;
#232 = VECTOR ( 'NONE', #4435, 1000.000000000000000 ) ;
#233 = DIRECTION ( 'NONE',  ( -0.1520571842539051866, -2.500607545209353004E-16, -0.9883716976506227159 ) ) ;
#234 =( NAMED_UNIT ( * ) SI_UNIT ( $, .STERADIAN. ) SOLID_ANGLE_UNIT ( ) );
#235 = EDGE_CURVE ( 'NONE', #9237, #1825, #1016, .T. ) ;
#236 = DIRECTION ( 'NONE',  ( -1.000000000000000000, -1.644517855226007801E-15, 1.748601263784621748E-15 ) ) ;
#237 = PLANE ( 'NONE',  #9416 ) ;
#238 = ORIENTED_EDGE ( 'NONE', *, *, #10163, .F. ) ;
#239 = SURFACE_STYLE_FILL_AREA ( #1823 ) ;
#240 = VECTOR ( 'NONE', #4798, 1000.000000000000114 ) ;
#241 = VECTOR ( 'NONE', #5354, 1000.000000000000114 ) ;
#242 = CARTESIAN_POINT ( 'NONE',  ( 11.00000000000002309, 5.200000000000025935, 8.054540768505036752 ) ) ;
#243 = ORIENTED_EDGE ( 'NONE', *, *, #7778, .F. ) ;
#244 = DIRECTION ( 'NONE',  ( -1.644517855226007801E-15, 1.000000000000000000, 2.890435660536363568E-30 ) ) ;
#245 = DIRECTION ( 'NONE',  ( 1.892425610156517368E-15, 0.0000000000000000000, 1.000000000000000000 ) ) ;
#246 = ADVANCED_FACE ( 'NONE', ( #7416 ), #237, .F. ) ;
#247 = ORIENTED_EDGE ( 'NONE', *, *, #10357, .T. ) ;
#248 = LINE ( 'NONE', #8425, #1870 ) ;
#249 = ORIENTED_EDGE ( 'NONE', *, *, #10030, .T. ) ;
#250 =( GEOMETRIC_REPRESENTATION_CONTEXT ( 3 ) GLOBAL_UNCERTAINTY_ASSIGNED_CONTEXT ( ( #3138 ) ) GLOBAL_UNIT_ASSIGNED_CONTEXT ( ( #3286, #1654, #4897 ) ) REPRESENTATION_CONTEXT ( 'NONE', 'WORKASPACE' ) );
#251 = ORIENTED_EDGE ( 'NONE', *, *, #1412, .F. ) ;
#252 = DIRECTION ( 'NONE',  ( -1.644517855226007801E-15, 1.000000000000000000, 2.890435660536363568E-30 ) ) ;
#253 = STYLED_ITEM ( 'NONE', ( #10498 ), #1671 ) ;
#254 = DIRECTION ( 'NONE',  ( 1.000000000000000000, 1.644517855226007998E-15, -1.748601263784621946E-15 ) ) ;
#255 = VECTOR ( 'NONE', #2917, 1000.000000000000000 ) ;
#256 = VECTOR ( 'NONE', #7458, 1000.000000000000114 ) ;
#257 = DIRECTION ( 'NONE',  ( 1.644517855226008195E-15, -1.000000000000000000, -2.890435660536364269E-30 ) ) ;
#258 = ORIENTED_EDGE ( 'NONE', *, *, #1879, .F. ) ;
#259 = FACE_OUTER_BOUND ( 'NONE', #4711, .T. ) ;
#260 = CYLINDRICAL_SURFACE ( 'NONE', #2811, 1.399999999999999689 ) ;
#261 = ORIENTED_EDGE ( 'NONE', *, *, #4483, .F. ) ;
#262 = CARTESIAN_POINT ( 'NONE',  ( 9.700000000000015277, 12.25000000000002309, 10.15000000000003766 ) ) ;
#263 = EDGE_LOOP ( 'NONE', ( #9271, #1745, #6687, #9443 ) ) ;
#264 = DIRECTION ( 'NONE',  ( 0.05547001409258993376, 9.122142860490531446E-17, -0.9984603535126309604 ) ) ;
#265 = VERTEX_POINT ( 'NONE', #4262 ) ;
#266 = VECTOR ( 'NONE', #7687, 1000.000000000000114 ) ;
#267 = CARTESIAN_POINT ( 'NONE',  ( -0.1999999927999873695, 4.200000000000007283, 0.2600000054000586869 ) ) ;
#268 = VECTOR ( 'NONE', #2553, 1000.000000000000114 ) ;
#269 = ADVANCED_FACE ( 'NONE', ( #2498 ), #3347, .F. ) ;
#270 = AXIS2_PLACEMENT_3D ( 'NONE', #5588, #7888, #8814 ) ;
#271 = VECTOR ( 'NONE', #9841, 1000.000000000000000 ) ;
#272 = CARTESIAN_POINT ( 'NONE',  ( 9.700000000000015277, 5.400000000000024336, 3.728679656440040624 ) ) ;
#273 = FACE_OUTER_BOUND ( 'NONE', #5340, .T. ) ;
#274 = ORIENTED_EDGE ( 'NONE', *, *, #9391, .F. ) ;
#275 = DIRECTION ( 'NONE',  ( -1.644517855226008195E-15, 1.000000000000000000, 2.890435660536364269E-30 ) ) ;
#276 = VERTEX_POINT ( 'NONE', #5013 ) ;
#277 = DIRECTION ( 'NONE',  ( -1.748601263784621946E-15, 0.0000000000000000000, -1.000000000000000000 ) ) ;
#278 = PRESENTATION_LAYER_ASSIGNMENT (  '', '', ( #7744 ) ) ;
#279 = LINE ( 'NONE', #7557, #6696 ) ;
#280 = PRESENTATION_STYLE_ASSIGNMENT (( #4253 ) ) ;
#281 = CONICAL_SURFACE ( 'NONE', #2461, 3.049999998679999269, 0.1526493283952326530 ) ;
#282 =( GEOMETRIC_REPRESENTATION_CONTEXT ( 3 ) GLOBAL_UNCERTAINTY_ASSIGNED_CONTEXT ( ( #412 ) ) GLOBAL_UNIT_ASSIGNED_CONTEXT ( ( #7090, #6238, #2177 ) ) REPRESENTATION_CONTEXT ( 'NONE', 'WORKASPACE' ) );
#283 = EDGE_CURVE ( 'NONE', #10403, #2193, #8261, .T. ) ;
#284 = VERTEX_POINT ( 'NONE', #3224 ) ;
#285 = STYLED_ITEM ( 'NONE', ( #5809 ), #6005 ) ;
#286 = DIRECTION ( 'NONE',  ( -1.748601263784621748E-15, 1.482966057179082451E-32, -1.000000000000000000 ) ) ;
#287 = EDGE_CURVE ( 'NONE', #5263, #1621, #3450, .T. ) ;
#288 = DIRECTION ( 'NONE',  ( -1.748601263784621748E-15, 0.0000000000000000000, -1.000000000000000000 ) ) ;
#289 = ORIENTED_EDGE ( 'NONE', *, *, #4809, .T. ) ;
#290 = EDGE_CURVE ( 'NONE', #7052, #7125, #3338, .T. ) ;
#291 = CARTESIAN_POINT ( 'NONE',  ( 2.400000000000032330, 5.400000000000012790, 12.25000000000005151 ) ) ;
#292 = CARTESIAN_POINT ( 'NONE',  ( 0.6999999999999975131, 8.200000000000009948, -4.689999999999945324 ) ) ;
#293 = FACE_OUTER_BOUND ( 'NONE', #5729, .T. ) ;
#294 = SURFACE_SIDE_STYLE ('',( #5970 ) ) ;
#295 = VECTOR ( 'NONE', #4073, 1000.000000000000000 ) ;
#296 = ORIENTED_EDGE ( 'NONE', *, *, #1770, .F. ) ;
#297 = CARTESIAN_POINT ( 'NONE',  ( -0.5999999999999685585, 4.200000000000007283, 9.960000000000059472 ) ) ;
#298 = EDGE_CURVE ( 'NONE', #512, #6874, #9959, .T. ) ;
#299 = VECTOR ( 'NONE', #644, 1000.000000000000000 ) ;
#300 = CARTESIAN_POINT ( 'NONE',  ( 0.09999999999999592548, 9.638089535208006708, -4.649999999999943512 ) ) ;
#301 = CARTESIAN_POINT ( 'NONE',  ( -0.5999999999999912070, 4.200000000000007283, -2.349999999999943245 ) ) ;
#302 = ORIENTED_EDGE ( 'NONE', *, *, #3512, .T. ) ;
#303 = PRESENTATION_STYLE_ASSIGNMENT (( #6726 ) ) ;
#304 = ORIENTED_EDGE ( 'NONE', *, *, #10094, .F. ) ;
#305 = DIRECTION ( 'NONE',  ( -2.168404344971010446E-15, 0.3928571428571054347, -0.9195995135417112110 ) ) ;
#306 = EDGE_LOOP ( 'NONE', ( #1190, #4813, #7921, #842 ) ) ;
#307 = ORIENTED_EDGE ( 'NONE', *, *, #10151, .T. ) ;
#308 = CARTESIAN_POINT ( 'NONE',  ( 3.175000000000007816, 7.650000000000012790, 0.8500000000000512701 ) ) ;
#309 = DIRECTION ( 'NONE',  ( 1.748601263784621946E-15, 0.0000000000000000000, 1.000000000000000000 ) ) ;
#310 = PRESENTATION_LAYER_ASSIGNMENT (  '', '', ( #7583 ) ) ;
#311 = EDGE_CURVE ( 'NONE', #1365, #6454, #3393, .T. ) ;
#312 = CARTESIAN_POINT ( 'NONE',  ( 0.1000000000000150074, 9.638089535207008396, 6.350000000000056488 ) ) ;
#313 = ADVANCED_FACE ( 'NONE', ( #5710 ), #2659, .F. ) ;
#314 = EDGE_LOOP ( 'NONE', ( #7403, #877, #623, #5108 ) ) ;
#315 = FACE_OUTER_BOUND ( 'NONE', #6684, .T. ) ;
#316 = DIRECTION ( 'NONE',  ( 1.000000000000000000, 1.644517855226007998E-15, -1.748601263784621946E-15 ) ) ;
#317 = CARTESIAN_POINT ( 'NONE',  ( 2.150000000000021672, 3.975000000000011635, 5.850000000000052935 ) ) ;
#318 = ORIENTED_EDGE ( 'NONE', *, *, #1511, .T. ) ;
#319 = PLANE ( 'NONE',  #5882 ) ;
#320 = EDGE_LOOP ( 'NONE', ( #550, #2669, #6234, #10070, #8381, #6486, #1657, #5614, #9470, #535, #5948, #5391 ) ) ;
#321 = DIRECTION ( 'NONE',  ( 1.000000000000000000, 1.644517855226007998E-15, -1.748601263784621946E-15 ) ) ;
#322 = LINE ( 'NONE', #8384, #599 ) ;
#323 = B_SPLINE_CURVE_WITH_KNOTS ( 'NONE', 3,
 ( #9158, #164, #9066, #1794, #5042, #1934, #2032, #466 ),
 .UNSPECIFIED., .F., .F.,
 ( 4, 1, 1, 1, 1, 4 ),
 ( 0.0000000000000000000, 0.2000000000000000111, 0.4000000000000000222, 0.5999999999999999778, 0.8000000000000000444, 1.000000000000000000 ),
 .UNSPECIFIED. ) ;
#324 = ORIENTED_EDGE ( 'NONE', *, *, #1541, .F. ) ;
#325 =( NAMED_UNIT ( * ) PLANE_ANGLE_UNIT ( ) SI_UNIT ( $, .RADIAN. ) );
#326 = DIRECTION ( 'NONE',  ( 1.644517855226007998E-15, -1.000000000000000000, -2.890435660536363919E-30 ) ) ;
#327 = SURFACE_STYLE_USAGE ( .BOTH. , #7608 ) ;
#328 = PLANE ( 'NONE',  #10288 ) ;
#329 = ORIENTED_EDGE ( 'NONE', *, *, #1634, .F. ) ;
#330 = FACE_OUTER_BOUND ( 'NONE', #4407, .T. ) ;
#331 = ORIENTED_EDGE ( 'NONE', *, *, #9177, .F. ) ;
#332 = CARTESIAN_POINT ( 'NONE',  ( 3.950000000000028155, 7.650000000000014566, 12.20000000000004903 ) ) ;
#333 = SURFACE_STYLE_USAGE ( .BOTH. , #9284 ) ;
#334 = CARTESIAN_POINT ( 'NONE',  ( 2.400000000000016787, 5.400000000000012790, 3.728679656440054391 ) ) ;
#335 = DIRECTION ( 'NONE',  ( -1.748601263784621748E-15, 1.482966057179082451E-32, -1.000000000000000000 ) ) ;
#336 = ORIENTED_EDGE ( 'NONE', *, *, #1980, .T. ) ;
#337 = CARTESIAN_POINT ( 'NONE',  ( 1.500000000000023981, 4.200000000000010836, 6.350000000000053824 ) ) ;
#338 = UNCERTAINTY_MEASURE_WITH_UNIT (LENGTH_MEASURE( 1.000000000000000082E-05 ), #1265, 'distance_accuracy_value', 'NONE');
#339 = ORIENTED_EDGE ( 'NONE', *, *, #6531, .F. ) ;
#340 = FACE_OUTER_BOUND ( 'NONE', #6080, .T. ) ;
#341 = ADVANCED_FACE ( 'NONE', ( #3508 ), #6768, .F. ) ;
#342 = LINE ( 'NONE', #3551, #4991 ) ;
#343 = DIRECTION ( 'NONE',  ( 1.000000000000000000, 1.644517855226007801E-15, -1.748601263784621748E-15 ) ) ;
#344 = ADVANCED_FACE ( 'NONE', ( #2632 ), #8438, .F. ) ;
#345 = EDGE_CURVE ( 'NONE', #5869, #4120, #111, .T. ) ;
#346 = DIRECTION ( 'NONE',  ( -0.3589790793088810106, -0.9333456062030549560, 6.277112717517495216E-16 ) ) ;
#347 = PLANE ( 'NONE',  #9752 ) ;
#348 = ORIENTED_EDGE ( 'NONE', *, *, #4236, .F. ) ;
#349 = SURFACE_STYLE_USAGE ( .BOTH. , #7633 ) ;
#350 = ORIENTED_EDGE ( 'NONE', *, *, #6175, .F. ) ;
#351 = DIRECTION ( 'NONE',  ( -1.748601263784621946E-15, 0.0000000000000000000, -1.000000000000000000 ) ) ;
#352 = SURFACE_SIDE_STYLE ('',( #1921 ) ) ;
#353 = VERTEX_POINT ( 'NONE', #4392 ) ;
#354 = LINE ( 'NONE', #3724, #2932 ) ;
#355 = EDGE_CURVE ( 'NONE', #7913, #5935, #3319, .T. ) ;
#356 = DIRECTION ( 'NONE',  ( -2.323290369613454078E-15, 0.3928571428583002012, -0.9195995135412007304 ) ) ;
#357 = CARTESIAN_POINT ( 'NONE',  ( 1.400000004427000677, 8.199999999929909578, -2.862560683418946539 ) ) ;
#358 = ORIENTED_EDGE ( 'NONE', *, *, #4751, .F. ) ;
#359 = DIRECTION ( 'NONE',  ( -1.000000000000000000, -2.859691650543226683E-12, 7.297626393077378907E-11 ) ) ;
#360 = CARTESIAN_POINT ( 'NONE',  ( -0.5999999999999703348, 4.200000000000007283, 9.050000000000057554 ) ) ;
#361 = CARTESIAN_POINT ( 'NONE',  ( 1.250000000000037526, -0.2499999999999889533, 10.60000000000005471 ) ) ;
#362 = ORIENTED_EDGE ( 'NONE', *, *, #788, .F. ) ;
#363 = LINE ( 'NONE', #1393, #7417 ) ;
#364 = ORIENTED_EDGE ( 'NONE', *, *, #414, .F. ) ;
#365 = LINE ( 'NONE', #10143, #1197 ) ;
#366 = ADVANCED_FACE ( 'NONE', ( #206 ), #319, .F. ) ;
#367 = VERTEX_POINT ( 'NONE', #262 ) ;
#368 = VECTOR ( 'NONE', #7841, 1000.000000000000000 ) ;
#369 = CARTESIAN_POINT ( 'NONE',  ( 1.300000000000012923, 7.100000000000010303, 2.450000000000054357 ) ) ;
#370 = CARTESIAN_POINT ( 'NONE',  ( -0.9999999999999817923, 3.750000000000006217, 2.650000000000057643 ) ) ;
#371 = ORIENTED_EDGE ( 'NONE', *, *, #7890, .F. ) ;
#372 = PRESENTATION_LAYER_ASSIGNMENT (  '', '', ( #2203 ) ) ;
#373 = ORIENTED_EDGE ( 'NONE', *, *, #4066, .F. ) ;
#374 = CARTESIAN_POINT ( 'NONE',  ( 1.400000000000007239, 8.960000000000009734, 0.3561376710050564998 ) ) ;
#375 = LINE ( 'NONE', #10002, #751 ) ;
#376 = CARTESIAN_POINT ( 'NONE',  ( 0.6767269503200005198, 8.200000000002308553, -2.476229571090944326 ) ) ;
#377 = ADVANCED_FACE ( 'NONE', ( #3477 ), #6578, .F. ) ;
#378 = PLANE ( 'NONE',  #3282 ) ;
#379 = AXIS2_PLACEMENT_3D ( 'NONE', #4393, #7648, #8535 ) ;
#380 = EDGE_LOOP ( 'NONE', ( #4198, #6275, #933, #8046, #8367, #7325 ) ) ;
#381 = VECTOR ( 'NONE', #2292, 1000.000000000000000 ) ;
#382 = DIRECTION ( 'NONE',  ( -1.000000000000000000, -7.011711381465521755E-11, -2.377355239868735991E-09 ) ) ;
#383 = SURFACE_STYLE_FILL_AREA ( #7507 ) ;
#384 = ORIENTED_EDGE ( 'NONE', *, *, #391, .F. ) ;
#385 = DIRECTION ( 'NONE',  ( -0.2307692307692121303, 0.9730085108210442257, 6.672013369141569161E-16 ) ) ;
#386 = DIRECTION ( 'NONE',  ( 1.644517855226007998E-15, -1.000000000000000000, -2.890435660536363919E-30 ) ) ;
#387 =( LENGTH_UNIT ( ) NAMED_UNIT ( * ) SI_UNIT ( .MILLI., .METRE. ) );
#388 = VECTOR ( 'NONE', #4426, 1000.000000000000000 ) ;
#389 = LINE ( 'NONE', #2057, #2938 ) ;
#390 = COLOUR_RGB ( '',1.000000000000000000, 1.000000000000000000, 1.000000000000000000 ) ;
#391 = EDGE_CURVE ( 'NONE', #9818, #5414, #6268, .T. ) ;
#392 = CIRCLE ( 'NONE', #5292, 2.950000000000001510 ) ;
#393 = AXIS2_PLACEMENT_3D ( 'NONE', #4133, #9007, #9064 ) ;
#394 = EDGE_LOOP ( 'NONE', ( #3813, #4250, #2457, #9648 ) ) ;
#395 = DIRECTION ( 'NONE',  ( 2.352167425053297207E-15, -0.6949152542373067121, 0.7190916418846066138 ) ) ;
#396 = DIRECTION ( 'NONE',  ( -1.000000000000000000, -1.644517855226007998E-15, 1.748601263784621946E-15 ) ) ;
#397 =( GEOMETRIC_REPRESENTATION_CONTEXT ( 3 ) GLOBAL_UNCERTAINTY_ASSIGNED_CONTEXT ( ( #4113 ) ) GLOBAL_UNIT_ASSIGNED_CONTEXT ( ( #387, #6075, #5111 ) ) REPRESENTATION_CONTEXT ( 'NONE', 'WORKASPACE' ) );
#398 = CARTESIAN_POINT ( 'NONE',  ( 1.800000000000020250, 6.844714285714310620, 6.350000000000053824 ) ) ;
#399 = ORIENTED_EDGE ( 'NONE', *, *, #8210, .F. ) ;
#400 = LINE ( 'NONE', #6982, #7233 ) ;
#401 = ORIENTED_EDGE ( 'NONE', *, *, #8918, .T. ) ;
#402 = CARTESIAN_POINT ( 'NONE',  ( 1.300000000000018252, 5.400000000000011013, 4.250000000000055067 ) ) ;
#403 = DIRECTION ( 'NONE',  ( -0.9984603535126307383, -1.641985879086793353E-15, 0.05547001409259343097 ) ) ;
#404 = CIRCLE ( 'NONE', #8370, 1.299999999999999822 ) ;
#405 = CIRCLE ( 'NONE', #8371, 1.299999999999999378 ) ;
#406 = DIRECTION ( 'NONE',  ( 1.706285386945153899E-15, -1.000000000000000000, 0.0000000000000000000 ) ) ;
#407 = COLOUR_RGB ( '',0.2862745098039215508, 0.6431372549019607199, 0.8666666666666666963 ) ;
#408 = EDGE_CURVE ( 'NONE', #7772, #8682, #5359, .T. ) ;
#409 = CARTESIAN_POINT ( 'NONE',  ( 1.500000000000013545, 4.200000000000010836, 0.3500000000000551559 ) ) ;
#410 = COLOUR_RGB ( '',1.000000000000000000, 1.000000000000000000, 1.000000000000000000 ) ;
#411 = PLANE ( 'NONE',  #9884 ) ;
#412 = UNCERTAINTY_MEASURE_WITH_UNIT (LENGTH_MEASURE( 1.000000000000000082E-05 ), #7090, 'distance_accuracy_value', 'NONE');
#413 = LINE ( 'NONE', #1241, #4455 ) ;
#414 = EDGE_CURVE ( 'NONE', #7409, #1404, #2576, .T. ) ;
#415 = ORIENTED_EDGE ( 'NONE', *, *, #8026, .T. ) ;
#416 = EDGE_CURVE ( 'NONE', #9160, #3803, #323, .T. ) ;
#417 = EDGE_LOOP ( 'NONE', ( #2885, #869, #2655, #5134 ) ) ;
#418 = LINE ( 'NONE', #9161, #4601 ) ;
#419 = VECTOR ( 'NONE', #1981, 1000.000000000000000 ) ;
#420 = EDGE_LOOP ( 'NONE', ( #715, #10324 ) ) ;
#421 = EDGE_CURVE ( 'NONE', #2163, #9323, #363, .T. ) ;
#422 = CARTESIAN_POINT ( 'NONE',  ( 11.00000000000003020, 12.25000000000002487, 18.35000000000003695 ) ) ;
#423 =( NAMED_UNIT ( * ) PLANE_ANGLE_UNIT ( ) SI_UNIT ( $, .RADIAN. ) );
#424 = AXIS2_PLACEMENT_3D ( 'NONE', #4057, #859, #1604 ) ;
#425 = CARTESIAN_POINT ( 'NONE',  ( 0.1000003392900034732, 8.200000179588007754, -1.124840274747943347 ) ) ;
#426 = ORIENTED_EDGE ( 'NONE', *, *, #10202, .T. ) ;
#427 = ORIENTED_EDGE ( 'NONE', *, *, #4804, .F. ) ;
#428 = DIRECTION ( 'NONE',  ( 1.644517855226007998E-15, -1.000000000000000000, -2.890435660536363919E-30 ) ) ;
#429 = LINE ( 'NONE', #8496, #1089 ) ;
#430 = VECTOR ( 'NONE', #5265, 1000.000000000000114 ) ;
#431 = EDGE_CURVE ( 'NONE', #5175, #6523, #7646, .T. ) ;
#432 = ORIENTED_EDGE ( 'NONE', *, *, #935, .T. ) ;
#433 = DIRECTION ( 'NONE',  ( 0.9838699100999038771, 1.617991634378899823E-15, -0.1788854382000027443 ) ) ;
#434 = FILL_AREA_STYLE ('',( #5676 ) ) ;
#435 = ORIENTED_EDGE ( 'NONE', *, *, #2539, .F. ) ;
#436 =( GEOMETRIC_REPRESENTATION_CONTEXT ( 3 ) GLOBAL_UNCERTAINTY_ASSIGNED_CONTEXT ( ( #9240 ) ) GLOBAL_UNIT_ASSIGNED_CONTEXT ( ( #836, #49, #3261 ) ) REPRESENTATION_CONTEXT ( 'NONE', 'WORKASPACE' ) );
#437 = CARTESIAN_POINT ( 'NONE',  ( 1.800000000000034239, 4.200000000000010836, 12.65000000000005365 ) ) ;
#438 = COLOUR_RGB ( '',1.000000000000000000, 1.000000000000000000, 1.000000000000000000 ) ;
#439 = DIRECTION ( 'NONE',  ( -1.748601263784621946E-15, 0.0000000000000000000, -1.000000000000000000 ) ) ;
#440 = ORIENTED_EDGE ( 'NONE', *, *, #5143, .F. ) ;
#441 = DIRECTION ( 'NONE',  ( 1.595945597898462472E-14, 2.337000431716910882E-29, 1.000000000000000000 ) ) ;
#442 = CARTESIAN_POINT ( 'NONE',  ( 9.700000000000008171, 12.25000000000002309, 6.550000000000039790 ) ) ;
#443 = AXIS2_PLACEMENT_3D ( 'NONE', #8051, #2383, #4735 ) ;
#444 = VECTOR ( 'NONE', #7651, 1000.000000000000000 ) ;
#445 = ORIENTED_EDGE ( 'NONE', *, *, #4732, .T. ) ;
#446 = CARTESIAN_POINT ( 'NONE',  ( 10.99999999999999645, 11.75000000000002487, -1.649999999999960609 ) ) ;
#447 = CARTESIAN_POINT ( 'NONE',  ( 0.09999999999999939493, 7.649999999998868816, -4.150000000001943690 ) ) ;
#448 = ORIENTED_EDGE ( 'NONE', *, *, #5746, .F. ) ;
#449 = ORIENTED_EDGE ( 'NONE', *, *, #91, .T. ) ;
#450 = DIRECTION ( 'NONE',  ( 1.000000000000000000, 1.644517855226007998E-15, -1.748601263784621946E-15 ) ) ;
#451 = VECTOR ( 'NONE', #8956, 1000.000000000000114 ) ;
#452 = AXIS2_PLACEMENT_3D ( 'NONE', #4177, #151, #8948 ) ;
#453 = CARTESIAN_POINT ( 'NONE',  ( 0.7400000000000218625, 4.200000000000009059, 5.350000000000055600 ) ) ;
#454 = FILL_AREA_STYLE ('',( #1976 ) ) ;
#455 = EDGE_LOOP ( 'NONE', ( #5596, #1760, #6477, #7268, #7757, #1567 ) ) ;
#456 =( NAMED_UNIT ( * ) PLANE_ANGLE_UNIT ( ) SI_UNIT ( $, .RADIAN. ) );
#457 = DIRECTION ( 'NONE',  ( 1.644517855225973880E-15, -1.000000000000000000, -1.965547678589000652E-14 ) ) ;
#458 = VECTOR ( 'NONE', #1431, 1000.000000000000000 ) ;
#459 = EDGE_CURVE ( 'NONE', #3465, #5425, #8591, .T. ) ;
#460 = DIRECTION ( 'NONE',  ( -1.748601263784621946E-15, 0.0000000000000000000, -1.000000000000000000 ) ) ;
#461 = AXIS2_PLACEMENT_3D ( 'NONE', #1828, #6225, #5934 ) ;
#462 = CARTESIAN_POINT ( 'NONE',  ( 0.09999999999999939493, 5.400000000000009237, -6.649999999999943512 ) ) ;
#463 = CARTESIAN_POINT ( 'NONE',  ( 10.99999999999998757, 11.75000000000002487, -6.649999999999959499 ) ) ;
#464 =( NAMED_UNIT ( * ) PLANE_ANGLE_UNIT ( ) SI_UNIT ( $, .RADIAN. ) );
#465 = ORIENTED_EDGE ( 'NONE', *, *, #4364, .F. ) ;
#466 = CARTESIAN_POINT ( 'NONE',  ( 1.400000000138013068, 8.199999999997109157, 4.562560681115054528 ) ) ;
#467 = ORIENTED_EDGE ( 'NONE', *, *, #5517, .T. ) ;
#468 = CARTESIAN_POINT ( 'NONE',  ( 2.400000000000011458, 10.60000000000001030, 5.350000000000053824 ) ) ;
#469 = EDGE_CURVE ( 'NONE', #9110, #6451, #9320, .T. ) ;
#470 = VECTOR ( 'NONE', #7556, 1000.000000000000000 ) ;
#471 = ORIENTED_EDGE ( 'NONE', *, *, #4563, .F. ) ;
#472 = EDGE_CURVE ( 'NONE', #8897, #8498, #10087, .T. ) ;
#473 = ADVANCED_FACE ( 'NONE', ( #8683 ), #10300, .F. ) ;
#474 = EDGE_CURVE ( 'NONE', #1365, #3744, #5440, .T. ) ;
#475 = DIRECTION ( 'NONE',  ( 1.000000000000000000, 8.971727675415522682E-11, 3.904768481932621372E-11 ) ) ;
#476 = CARTESIAN_POINT ( 'NONE',  ( -0.1999999927999856486, 4.200000000000007283, 1.439999994600056787 ) ) ;
#477 = CARTESIAN_POINT ( 'NONE',  ( 11.00000000000001954, 11.10000000000002451, 11.75000000000003730 ) ) ;
#478 = ORIENTED_EDGE ( 'NONE', *, *, #6518, .T. ) ;
#479 = ORIENTED_EDGE ( 'NONE', *, *, #6002, .T. ) ;
#480 =( LENGTH_UNIT ( ) NAMED_UNIT ( * ) SI_UNIT ( .MILLI., .METRE. ) );
#481 = CARTESIAN_POINT ( 'NONE',  ( 0.7000000000000252687, 8.200000000000009948, 11.39000000000005386 ) ) ;
#482 = CARTESIAN_POINT ( 'NONE',  ( 0.7500000066400086540, 7.649999999998869704, 0.8499999999980554222 ) ) ;
#483 = VERTEX_POINT ( 'NONE', #3734 ) ;
#484 = EDGE_CURVE ( 'NONE', #6897, #2390, #6734, .T. ) ;
#485 = DIRECTION ( 'NONE',  ( -1.000000000000000000, -1.644517855226007998E-15, 1.748601263784621946E-15 ) ) ;
#486 = EDGE_CURVE ( 'NONE', #6216, #883, #4546, .T. ) ;
#487 = ORIENTED_EDGE ( 'NONE', *, *, #8642, .F. ) ;
#488 = CARTESIAN_POINT ( 'NONE',  ( 8.800000000000007816, 7.144714285714321989, 0.3500000000000412781 ) ) ;
#489 = ORIENTED_EDGE ( 'NONE', *, *, #6063, .T. ) ;
#490 = CARTESIAN_POINT ( 'NONE',  ( 1.800000000000018696, 6.844714285714310620, 5.385000000000053966 ) ) ;
#491 = CARTESIAN_POINT ( 'NONE',  ( 1.400000000000000133, 8.960000000000009734, -3.656137671004946466 ) ) ;
#492 = EDGE_LOOP ( 'NONE', ( #5185, #7529, #3541, #5076, #3153, #9835 ) ) ;
#493 = LINE ( 'NONE', #2660, #3294 ) ;
#494 = EDGE_CURVE ( 'NONE', #8280, #1840, #7806, .T. ) ;
#495 = ADVANCED_FACE ( 'NONE', ( #514 ), #4025, .T. ) ;
#496 = EDGE_LOOP ( 'NONE', ( #9638, #4528, #772, #6468 ) ) ;
#497 = CARTESIAN_POINT ( 'NONE',  ( -0.5999999999999825473, 8.800000000000006040, 6.740000000000057057 ) ) ;
#498 = LINE ( 'NONE', #9402, #1785 ) ;
#499 = ORIENTED_EDGE ( 'NONE', *, *, #4364, .T. ) ;
#500 = ORIENTED_EDGE ( 'NONE', *, *, #8526, .T. ) ;
#501 = DIRECTION ( 'NONE',  ( 0.0000000000000000000, -0.6949152542373067121, -0.7190916418846066138 ) ) ;
#502 = CARTESIAN_POINT ( 'NONE',  ( -0.9999999999999817923, 10.75000000000000533, 9.050000000000057554 ) ) ;
#503 = FACE_OUTER_BOUND ( 'NONE', #3184, .T. ) ;
#504 = DIRECTION ( 'NONE',  ( -1.748601263784621748E-15, 0.0000000000000000000, -1.000000000000000000 ) ) ;
#505 = ORIENTED_EDGE ( 'NONE', *, *, #7243, .F. ) ;
#506 = LINE ( 'NONE', #402, #5499 ) ;
#507 = PLANE ( 'NONE',  #5288 ) ;
#508 = FACE_OUTER_BOUND ( 'NONE', #3064, .T. ) ;
#509 = UNCERTAINTY_MEASURE_WITH_UNIT (LENGTH_MEASURE( 1.000000000000000082E-05 ), #5933, 'distance_accuracy_value', 'NONE');
#510 = LINE ( 'NONE', #4342, #10229 ) ;
#511 = CARTESIAN_POINT ( 'NONE',  ( 2.400000000000027889, 7.650000000000011902, 12.25000000000005329 ) ) ;
#512 = VERTEX_POINT ( 'NONE', #8906 ) ;
#513 = CARTESIAN_POINT ( 'NONE',  ( 0.1000000000000132727, 7.100000000000008527, 2.850000000000056488 ) ) ;
#514 = FACE_OUTER_BOUND ( 'NONE', #8302, .T. ) ;
#515 = ORIENTED_EDGE ( 'NONE', *, *, #2836, .T. ) ;
#516 = DIRECTION ( 'NONE',  ( -0.3162277660168062998, -5.200422075328729803E-16, 0.9486832980505244262 ) ) ;
#517 = ORIENTED_EDGE ( 'NONE', *, *, #7708, .T. ) ;
#518 = DIRECTION ( 'NONE',  ( 1.644517855226007998E-15, -1.000000000000000000, -2.890435660536363919E-30 ) ) ;
#519 = EDGE_CURVE ( 'NONE', #1893, #8132, #1622, .T. ) ;
#520 = FACE_OUTER_BOUND ( 'NONE', #8843, .T. ) ;
#521 = ORIENTED_EDGE ( 'NONE', *, *, #8985, .F. ) ;
#522 = EDGE_LOOP ( 'NONE', ( #193, #2688, #5759, #5976 ) ) ;
#523 =( NAMED_UNIT ( * ) SI_UNIT ( $, .STERADIAN. ) SOLID_ANGLE_UNIT ( ) );
#524 = DIRECTION ( 'NONE',  ( 1.748601263784621946E-15, 0.0000000000000000000, 1.000000000000000000 ) ) ;
#525 = CARTESIAN_POINT ( 'NONE',  ( 9.699999999999999289, 7.450000000000023270, -4.149999999999960387 ) ) ;
#526 = ORIENTED_EDGE ( 'NONE', *, *, #5068, .F. ) ;
#527 = AXIS2_PLACEMENT_3D ( 'NONE', #8366, #6875, #305 ) ;
#528 = DIRECTION ( 'NONE',  ( 1.748601263784621748E-15, -1.482966057179082451E-32, 1.000000000000000000 ) ) ;
#529 = B_SPLINE_CURVE_WITH_KNOTS ( 'NONE', 3,
 ( #4208, #7558, #1007, #6016, #4403, #7461, #9836, #7658 ),
 .UNSPECIFIED., .F., .F.,
 ( 4, 1, 1, 1, 1, 4 ),
 ( 0.0000000000000000000, 0.2000000000000000111, 0.4000000000000000222, 0.5999999999999999778, 0.8000000000000000444, 1.000000000000000000 ),
 .UNSPECIFIED. ) ;
#530 = AXIS2_PLACEMENT_3D ( 'NONE', #10400, #4031, #787 ) ;
#531 = CARTESIAN_POINT ( 'NONE',  ( 9.700000000000033040, 5.400000000000024336, 13.35000000000005471 ) ) ;
#532 = CARTESIAN_POINT ( 'NONE',  ( 1.125000000000028866, 6.200000000000009059, 11.34000000000005492 ) ) ;
#533 = EDGE_CURVE ( 'NONE', #5627, #5890, #7274, .T. ) ;
#534 = DIRECTION ( 'NONE',  ( -1.000000000000000000, -1.644517855226007998E-15, 1.748601263784621946E-15 ) ) ;
#535 = ORIENTED_EDGE ( 'NONE', *, *, #1380, .T. ) ;
#536 = FACE_OUTER_BOUND ( 'NONE', #9764, .T. ) ;
#537 = DIRECTION ( 'NONE',  ( -1.748601263784621946E-15, 0.0000000000000000000, -1.000000000000000000 ) ) ;
#538 = LINE ( 'NONE', #1319, #6345 ) ;
#539 = EDGE_CURVE ( 'NONE', #2878, #5967, #7322, .T. ) ;
#540 = ORIENTED_EDGE ( 'NONE', *, *, #7319, .T. ) ;
#541 = EDGE_CURVE ( 'NONE', #10369, #682, #8844, .T. ) ;
#542 = FACE_OUTER_BOUND ( 'NONE', #6597, .T. ) ;
#543 = AXIS2_PLACEMENT_3D ( 'NONE', #208, #8179, #881 ) ;
#544 = ORIENTED_EDGE ( 'NONE', *, *, #986, .F. ) ;
#545 = EDGE_CURVE ( 'NONE', #8361, #8062, #8016, .T. ) ;
#546 = CARTESIAN_POINT ( 'NONE',  ( 8.000000000000021316, 12.25000000000001954, 13.35000000000005471 ) ) ;
#547 = CARTESIAN_POINT ( 'NONE',  ( -0.5999999999999773292, 4.200000000000007283, 4.960000000000058584 ) ) ;
#548 = VERTEX_POINT ( 'NONE', #7440 ) ;
#549 = VECTOR ( 'NONE', #5891, 1000.000000000000000 ) ;
#550 = ORIENTED_EDGE ( 'NONE', *, *, #2859, .T. ) ;
#551 = CARTESIAN_POINT ( 'NONE',  ( 0.7000000000000148326, 8.200000000000009948, 5.310000000000055564 ) ) ;
#552 = DIRECTION ( 'NONE',  ( -1.748601263784621748E-15, 0.0000000000000000000, -1.000000000000000000 ) ) ;
#553 = DIRECTION ( 'NONE',  ( 1.000000000000000000, 1.644517855226007998E-15, -1.748601263784621946E-15 ) ) ;
#554 = EDGE_LOOP ( 'NONE', ( #1677, #6160, #5722, #1297 ) ) ;
#555 = FACE_OUTER_BOUND ( 'NONE', #2442, .T. ) ;
#556 = VECTOR ( 'NONE', #7878, 1000.000000000000000 ) ;
#557 = VECTOR ( 'NONE', #5268, 1000.000000000000114 ) ;
#558 = PRESENTATION_LAYER_ASSIGNMENT (  '', '', ( #4124 ) ) ;
#559 = B_SPLINE_CURVE_WITH_KNOTS ( 'NONE', 3,
 ( #147, #4789, #3350, #9676 ),
 .UNSPECIFIED., .F., .F.,
 ( 4, 4 ),
 ( 0.0000000000000000000, 1.000000000000000000 ),
 .UNSPECIFIED. ) ;
#560 = STYLED_ITEM ( 'NONE', ( #9296 ), #9993 ) ;
#561 = EDGE_CURVE ( 'NONE', #3031, #2344, #1674, .T. ) ;
#562 = CARTESIAN_POINT ( 'NONE',  ( 1.400000000000007905, 8.959289480517522719, 1.345734842346006044 ) ) ;
#563 =( NAMED_UNIT ( * ) PLANE_ANGLE_UNIT ( ) SI_UNIT ( $, .RADIAN. ) );
#564 = ORIENTED_EDGE ( 'NONE', *, *, #5088, .T. ) ;
#565 = VECTOR ( 'NONE', #3708, 1000.000000000000000 ) ;
#566 = AXIS2_PLACEMENT_3D ( 'NONE', #710, #664, #5435 ) ;
#567 = ORIENTED_EDGE ( 'NONE', *, *, #8631, .F. ) ;
#568 = CARTESIAN_POINT ( 'NONE',  ( -0.5999999999999928724, 4.200000000000007283, -3.259999999999943388 ) ) ;
#569 = VERTEX_POINT ( 'NONE', #9758 ) ;
#570 = VECTOR ( 'NONE', #6803, 1000.000000000000000 ) ;
#571 = VECTOR ( 'NONE', #5204, 1000.000000000000000 ) ;
#572 = VECTOR ( 'NONE', #5110, 1000.000000000000000 ) ;
#573 = DIRECTION ( 'NONE',  ( -1.000000000000000000, -1.644517855226007998E-15, 1.748601263784621946E-15 ) ) ;
#574 = LINE ( 'NONE', #4596, #7059 ) ;
#575 = LINE ( 'NONE', #4712, #2060 ) ;
#576 = SURFACE_STYLE_USAGE ( .BOTH. , #2151 ) ;
#577 = VERTEX_POINT ( 'NONE', #161 ) ;
#578 = VERTEX_POINT ( 'NONE', #2572 ) ;
#579 = PRESENTATION_STYLE_ASSIGNMENT (( #2154 ) ) ;
#580 = DIRECTION ( 'NONE',  ( -1.644517855226008195E-15, 1.000000000000000000, 2.890435660536364269E-30 ) ) ;
#581 = CARTESIAN_POINT ( 'NONE',  ( 0.1000000000000011297, 8.200000000000008171, -2.175158234186943318 ) ) ;
#582 = VERTEX_POINT ( 'NONE', #7215 ) ;
#583 = AXIS2_PLACEMENT_3D ( 'NONE', #1271, #5417, #1368 ) ;
#584 = EDGE_CURVE ( 'NONE', #5560, #2236, #725, .T. ) ;
#585 = VECTOR ( 'NONE', #9465, 1000.000000000000114 ) ;
#586 = COLOUR_RGB ( '',1.000000000000000000, 1.000000000000000000, 1.000000000000000000 ) ;
#587 = SURFACE_SIDE_STYLE ('',( #7977 ) ) ;
#588 = DIRECTION ( 'NONE',  ( -0.7071067811865487940, -1.162849727212667278E-15, -0.7071067811865463515 ) ) ;
#589 = CARTESIAN_POINT ( 'NONE',  ( 1.053312813956216454, 9.143302832356381415, -4.649794681576499222 ) ) ;
#590 = ORIENTED_EDGE ( 'NONE', *, *, #6975, .F. ) ;
#591 = CARTESIAN_POINT ( 'NONE',  ( 2.399999999999999467, 10.60000000000001030, 13.35000000000005471 ) ) ;
#592 = DIRECTION ( 'NONE',  ( -0.8411784753765673139, 0.5407575913134772261, 1.470885745111887003E-15 ) ) ;
#593 = AXIS2_PLACEMENT_3D ( 'NONE', #9651, #2361, #3156 ) ;
#594 = ORIENTED_EDGE ( 'NONE', *, *, #3212, .F. ) ;
#595 = DIRECTION ( 'NONE',  ( -1.748601263784621946E-15, 0.0000000000000000000, -1.000000000000000000 ) ) ;
#596 =( NAMED_UNIT ( * ) PLANE_ANGLE_UNIT ( ) SI_UNIT ( $, .RADIAN. ) );
#597 = VECTOR ( 'NONE', #5880, 1000.000000000000000 ) ;
#598 = ADVANCED_FACE ( 'NONE', ( #4189 ), #9096, .T. ) ;
#599 = VECTOR ( 'NONE', #1036, 1000.000000000000000 ) ;
#600 = EDGE_CURVE ( 'NONE', #1344, #5773, #5838, .T. ) ;
#601 = EDGE_CURVE ( 'NONE', #155, #5557, #6464, .T. ) ;
#602 = ORIENTED_EDGE ( 'NONE', *, *, #7299, .F. ) ;
#603 =( NAMED_UNIT ( * ) PLANE_ANGLE_UNIT ( ) SI_UNIT ( $, .RADIAN. ) );
#604 = FACE_OUTER_BOUND ( 'NONE', #6428, .T. ) ;
#605 = ORIENTED_EDGE ( 'NONE', *, *, #4414, .F. ) ;
#606 = VECTOR ( 'NONE', #7664, 1000.000000000000000 ) ;
#607 = LINE ( 'NONE', #7129, #4783 ) ;
#608 = SURFACE_SIDE_STYLE ('',( #3719 ) ) ;
#609 = CARTESIAN_POINT ( 'NONE',  ( 1.500000000000004885, 4.200000000000010836, -4.649999999999945288 ) ) ;
#610 = ORIENTED_EDGE ( 'NONE', *, *, #4126, .F. ) ;
#611 = CARTESIAN_POINT ( 'NONE',  ( 10.99999999999998757, 11.75000000000002487, -6.649999999999962164 ) ) ;
#612 = CARTESIAN_POINT ( 'NONE',  ( 1.400000000138004408, 8.199999999997109157, -0.4374393188849457492 ) ) ;
#613 = STYLED_ITEM ( 'NONE', ( #9376 ), #5732 ) ;
#614 = EDGE_CURVE ( 'NONE', #9857, #1850, #2468, .T. ) ;
#615 = EDGE_CURVE ( 'NONE', #5889, #4140, #10079, .T. ) ;
#616 =( GEOMETRIC_REPRESENTATION_CONTEXT ( 3 ) GLOBAL_UNCERTAINTY_ASSIGNED_CONTEXT ( ( #6787 ) ) GLOBAL_UNIT_ASSIGNED_CONTEXT ( ( #2521, #8286, #10035 ) ) REPRESENTATION_CONTEXT ( 'NONE', 'WORKASPACE' ) );
#617 = CARTESIAN_POINT ( 'NONE',  ( 3.950000000000017053, 8.144714285714314883, 6.350000000000049383 ) ) ;
#618 = UNCERTAINTY_MEASURE_WITH_UNIT (LENGTH_MEASURE( 1.000000000000000082E-05 ), #4649, 'distance_accuracy_value', 'NONE');
#619 = DIRECTION ( 'NONE',  ( -1.000000000000000000, -1.644517855226007998E-15, 1.748601263784621946E-15 ) ) ;
#620 = DIRECTION ( 'NONE',  ( 1.644517855226007801E-15, -1.000000000000000000, -2.890435660536363568E-30 ) ) ;
#621 = ORIENTED_EDGE ( 'NONE', *, *, #7874, .T. ) ;
#622 =( NAMED_UNIT ( * ) SI_UNIT ( $, .STERADIAN. ) SOLID_ANGLE_UNIT ( ) );
#623 = ORIENTED_EDGE ( 'NONE', *, *, #9499, .F. ) ;
#624 = ORIENTED_EDGE ( 'NONE', *, *, #8276, .T. ) ;
#625 = PRESENTATION_STYLE_ASSIGNMENT (( #9474 ) ) ;
#626 = ORIENTED_EDGE ( 'NONE', *, *, #10075, .T. ) ;
#627 = COLOUR_RGB ( '',1.000000000000000000, 1.000000000000000000, 1.000000000000000000 ) ;
#628 = EDGE_CURVE ( 'NONE', #4120, #6300, #2412, .T. ) ;
#629 = VECTOR ( 'NONE', #3547, 1000.000000000000114 ) ;
#630 = CARTESIAN_POINT ( 'NONE',  ( 3.950000000000025491, 8.144714285714314883, 11.35000000000004761 ) ) ;
#631 = CARTESIAN_POINT ( 'NONE',  ( 0.09999999999999419076, 10.60000000000000675, -4.649999999999943512 ) ) ;
#632 = MECHANICAL_DESIGN_GEOMETRIC_PRESENTATION_REPRESENTATION (  '', ( #1461 ), #4863 ) ;
#633 = CARTESIAN_POINT ( 'NONE',  ( 10.33454256816961525, 5.302378066438024895, 3.687525270768039487 ) ) ;
#634 = ORIENTED_EDGE ( 'NONE', *, *, #4684, .T. ) ;
#635 = VERTEX_POINT ( 'NONE', #6417 ) ;
#636 = DIRECTION ( 'NONE',  ( 1.644517855225973880E-15, -1.000000000000000000, -1.965547678589000652E-14 ) ) ;
#637 = CARTESIAN_POINT ( 'NONE',  ( 1.400000000138004408, 8.199999999997109157, -0.4374393188849457492 ) ) ;
#638 = VERTEX_POINT ( 'NONE', #3365 ) ;
#639 = SURFACE_SIDE_STYLE ('',( #1359 ) ) ;
#640 = CARTESIAN_POINT ( 'NONE',  ( -0.6000000000000067502, 10.75000000000000533, -5.949999999999940670 ) ) ;
#641 = CARTESIAN_POINT ( 'NONE',  ( 10.35000000000001563, 5.300000000000025580, 3.350000000000037836 ) ) ;
#642 = ORIENTED_EDGE ( 'NONE', *, *, #8902, .F. ) ;
#643 = LINE ( 'NONE', #689, #1394 ) ;
#644 = DIRECTION ( 'NONE',  ( 1.748601263784621946E-15, 0.0000000000000000000, 1.000000000000000000 ) ) ;
#645 = SURFACE_STYLE_FILL_AREA ( #10416 ) ;
#646 = ORIENTED_EDGE ( 'NONE', *, *, #5397, .F. ) ;
#647 = CARTESIAN_POINT ( 'NONE',  ( -0.9999999999999765743, 10.75000000000000533, 12.65000000000005720 ) ) ;
#648 = SURFACE_SIDE_STYLE ('',( #7080 ) ) ;
#649 = ORIENTED_EDGE ( 'NONE', *, *, #6924, .F. ) ;
#650 = EDGE_CURVE ( 'NONE', #9663, #7722, #9814, .T. ) ;
#651 = DIRECTION ( 'NONE',  ( 0.0000000000000000000, -0.6949152542373066010, -0.7190916418846066138 ) ) ;
#652 = DIRECTION ( 'NONE',  ( 1.748601263784621748E-15, 0.0000000000000000000, 1.000000000000000000 ) ) ;
#653 = VERTEX_POINT ( 'NONE', #8129 ) ;
#654 = DIRECTION ( 'NONE',  ( -1.000000000000000000, -1.644517855226007801E-15, 1.748601263784621748E-15 ) ) ;
#655 = EDGE_CURVE ( 'NONE', #1528, #1223, #4010, .T. ) ;
#656 = CARTESIAN_POINT ( 'NONE',  ( 1.300000000000000711, 5.400000000000011013, -5.749999999999944933 ) ) ;
#657 = CARTESIAN_POINT ( 'NONE',  ( 1.398548747335005782, 8.959230384172009565, 0.3500000000000551559 ) ) ;
#658 = ORIENTED_EDGE ( 'NONE', *, *, #7766, .F. ) ;
#659 = CARTESIAN_POINT ( 'NONE',  ( 2.400000000000027001, 8.200000000000011724, 12.13743931895805162 ) ) ;
#660 = PLANE ( 'NONE',  #9187 ) ;
#661 = FILL_AREA_STYLE_COLOUR ( '', #4482 ) ;
#662 = DIRECTION ( 'NONE',  ( 1.644517855226007998E-15, -1.000000000000000000, -2.890435660536363919E-30 ) ) ;
#663 = EDGE_CURVE ( 'NONE', #6753, #9859, #7643, .T. ) ;
#664 = DIRECTION ( 'NONE',  ( -0.3589790793088810106, -0.9333456062030549560, 6.277112717517495216E-16 ) ) ;
#665 = CARTESIAN_POINT ( 'NONE',  ( 0.1000000000000334094, 5.400000000000009237, 13.35000000000005471 ) ) ;
#666 = ORIENTED_EDGE ( 'NONE', *, *, #5524, .F. ) ;
#667 = EDGE_LOOP ( 'NONE', ( #8590, #8245, #9150, #5285 ) ) ;
#668 = ORIENTED_EDGE ( 'NONE', *, *, #7753, .T. ) ;
#669 = EDGE_CURVE ( 'NONE', #6416, #7052, #7483, .T. ) ;
#670 = ORIENTED_EDGE ( 'NONE', *, *, #10094, .T. ) ;
#671 = ADVANCED_FACE ( 'NONE', ( #315 ), #10456, .F. ) ;
#672 = DIRECTION ( 'NONE',  ( 2.095246567705921592E-15, -0.2425356250363094601, 0.9701425001453377606 ) ) ;
#673 = EDGE_LOOP ( 'NONE', ( #8307, #8673, #9713, #1701 ) ) ;
#674 = DIRECTION ( 'NONE',  ( 1.000000000000000000, 1.644517855226007998E-15, -1.748601263784621748E-15 ) ) ;
#675 = SURFACE_SIDE_STYLE ('',( #7968 ) ) ;
#676 = LINE ( 'NONE', #10397, #3132 ) ;
#677 = EDGE_CURVE ( 'NONE', #728, #2911, #1030, .T. ) ;
#678 = ORIENTED_EDGE ( 'NONE', *, *, #9500, .F. ) ;
#679 = VERTEX_POINT ( 'NONE', #6786 ) ;
#680 = CARTESIAN_POINT ( 'NONE',  ( 1.400000000000014122, 9.600000000000010303, 5.350000000000055600 ) ) ;
#681 = CARTESIAN_POINT ( 'NONE',  ( 1.955294117647027319, 8.144714285714311330, 11.31500000000005279 ) ) ;
#682 = VERTEX_POINT ( 'NONE', #3527 ) ;
#683 = CARTESIAN_POINT ( 'NONE',  ( 9.699999999999992184, 12.25000000000002309, -3.449999999999960210 ) ) ;
#684 = DIRECTION ( 'NONE',  ( 1.748601263784621946E-15, 0.0000000000000000000, 1.000000000000000000 ) ) ;
#685 = CARTESIAN_POINT ( 'NONE',  ( 2.400000000000025224, 5.400000000000012790, 7.971320343560052812 ) ) ;
#686 = ADVANCED_FACE ( 'NONE', ( #259 ), #2676, .F. ) ;
#687 = EDGE_LOOP ( 'NONE', ( #358, #5757, #868, #4722 ) ) ;
#688 = VECTOR ( 'NONE', #1175, 1000.000000000000000 ) ;
#689 = CARTESIAN_POINT ( 'NONE',  ( 1.500000000000015099, 4.200000000000010836, 1.350000000000053380 ) ) ;
#690 = CARTESIAN_POINT ( 'NONE',  ( -0.5999999999999842126, 4.200000000000007283, 1.740000000000056612 ) ) ;
#691 = ORIENTED_EDGE ( 'NONE', *, *, #874, .F. ) ;
#692 =( GEOMETRIC_REPRESENTATION_CONTEXT ( 3 ) GLOBAL_UNCERTAINTY_ASSIGNED_CONTEXT ( ( #7308 ) ) GLOBAL_UNIT_ASSIGNED_CONTEXT ( ( #3966, #5619, #5509 ) ) REPRESENTATION_CONTEXT ( 'NONE', 'WORKASPACE' ) );
#693 = ORIENTED_EDGE ( 'NONE', *, *, #9753, .T. ) ;
#694 = CARTESIAN_POINT ( 'NONE',  ( 1.500000000000016875, 7.650000000000010125, 5.850000000000053824 ) ) ;
#695 = DIRECTION ( 'NONE',  ( 1.000000000000000000, 1.644517855226007998E-15, -1.748601263784621946E-15 ) ) ;
#696 = ORIENTED_EDGE ( 'NONE', *, *, #484, .T. ) ;
#697 = CARTESIAN_POINT ( 'NONE',  ( 0.7500000000000058842, 8.200000000000009948, 0.3600000000000547207 ) ) ;
#698 = CARTESIAN_POINT ( 'NONE',  ( -0.1999999927999873695, 4.200000000000007283, 0.2600000054000586869 ) ) ;
#699 = LINE ( 'NONE', #7415, #1358 ) ;
#700 = FACE_OUTER_BOUND ( 'NONE', #6329, .T. ) ;
#701 = VECTOR ( 'NONE', #2472, 1000.000000000000000 ) ;
#702 = ORIENTED_EDGE ( 'NONE', *, *, #2003, .F. ) ;
#703 = CARTESIAN_POINT ( 'NONE',  ( 9.800000000000016698, 7.394714285714323765, 6.100000000000038725 ) ) ;
#704 = CARTESIAN_POINT ( 'NONE',  ( 0.7000000000000321521, 7.100000000000009415, 13.70000000000005613 ) ) ;
#705 = CIRCLE ( 'NONE', #9699, 1.299999999999999822 ) ;
#706 = CARTESIAN_POINT ( 'NONE',  ( 9.799999999999998934, 7.144714285714323765, -3.649999999999961275 ) ) ;
#707 = EDGE_LOOP ( 'NONE', ( #2005, #7101, #9813, #5299, #9122 ) ) ;
#708 = UNCERTAINTY_MEASURE_WITH_UNIT (LENGTH_MEASURE( 1.000000000000000082E-05 ), #3355, 'distance_accuracy_value', 'NONE');
#709 = VECTOR ( 'NONE', #10409, 1000.000000000000000 ) ;
#710 = CARTESIAN_POINT ( 'NONE',  ( 10.99999999999996980, 11.75000000000002487, -16.64999999999995950 ) ) ;
#711 = CARTESIAN_POINT ( 'NONE',  ( 1.500000000000030864, -0.2499999999999889533, 6.350000000000053824 ) ) ;
#712 = ORIENTED_EDGE ( 'NONE', *, *, #1710, .F. ) ;
#713 = DIRECTION ( 'NONE',  ( 0.2425356250363079058, 0.9701425001453382047, -4.240981004512811688E-16 ) ) ;
#714 = ORIENTED_EDGE ( 'NONE', *, *, #5599, .T. ) ;
#715 = ORIENTED_EDGE ( 'NONE', *, *, #1354, .T. ) ;
#716 = FILL_AREA_STYLE ('',( #7854 ) ) ;
#717 = ORIENTED_EDGE ( 'NONE', *, *, #5421, .T. ) ;
#718 = AXIS2_PLACEMENT_3D ( 'NONE', #7623, #6025, #8260 ) ;
#719 = EDGE_CURVE ( 'NONE', #7418, #5627, #8480, .T. ) ;
#720 = AXIS2_PLACEMENT_3D ( 'NONE', #1194, #4352, #2790 ) ;
#721 = ADVANCED_FACE ( 'NONE', ( #4340 ), #5992, .T. ) ;
#722 = VECTOR ( 'NONE', #6591, 1000.000000000000000 ) ;
#723 = ORIENTED_EDGE ( 'NONE', *, *, #7708, .F. ) ;
#724 = EDGE_CURVE ( 'NONE', #8505, #9950, #5186, .T. ) ;
#725 = LINE ( 'NONE', #4916, #9960 ) ;
#726 =( NAMED_UNIT ( * ) SI_UNIT ( $, .STERADIAN. ) SOLID_ANGLE_UNIT ( ) );
#727 = CARTESIAN_POINT ( 'NONE',  ( -0.5999999999999894307, 10.75000000000000533, 4.050000000000059330 ) ) ;
#728 = VERTEX_POINT ( 'NONE', #4388 ) ;
#729 = ORIENTED_EDGE ( 'NONE', *, *, #3035, .F. ) ;
#730 = CIRCLE ( 'NONE', #7523, 1.300000000000000266 ) ;
#731 = VECTOR ( 'NONE', #8688, 1000.000000000000114 ) ;
#732 = CARTESIAN_POINT ( 'NONE',  ( 9.699999999999999289, 12.25000000000002309, 0.1500000000000389910 ) ) ;
#733 = VERTEX_POINT ( 'NONE', #8376 ) ;
#734 = FILL_AREA_STYLE_COLOUR ( '', #8861 ) ;
#735 = VECTOR ( 'NONE', #9426, 1000.000000000000000 ) ;
#736 = EDGE_CURVE ( 'NONE', #6358, #8312, #1143, .T. ) ;
#737 = DIRECTION ( 'NONE',  ( -1.748601263784621946E-15, 0.0000000000000000000, -1.000000000000000000 ) ) ;
#738 = CARTESIAN_POINT ( 'NONE',  ( -0.5999999999999703348, 4.200000000000007283, 9.050000000000057554 ) ) ;
#739 = PLANE ( 'NONE',  #8419 ) ;
#740 = VERTEX_POINT ( 'NONE', #3571 ) ;
#741 = VECTOR ( 'NONE', #10484, 1000.000000000000000 ) ;
#742 = DIRECTION ( 'NONE',  ( -1.644517855226007998E-15, 1.000000000000000000, 2.890435660536363919E-30 ) ) ;
#743 = DIRECTION ( 'NONE',  ( -2.168404344971009262E-15, 0.9357142857142992654, -0.3527588064246994781 ) ) ;
#744 = CARTESIAN_POINT ( 'NONE',  ( 2.400000000000016787, 7.100000000000012079, 4.450000000000053468 ) ) ;
#745 = ORIENTED_EDGE ( 'NONE', *, *, #4007, .F. ) ;
#746 = DIRECTION ( 'NONE',  ( -1.644517855226008195E-15, 1.000000000000000000, 2.890435660536364269E-30 ) ) ;
#747 = CARTESIAN_POINT ( 'NONE',  ( 1.000000000000037303, 0.2500000000000097700, 10.47500000000005294 ) ) ;
#748 = VECTOR ( 'NONE', #8430, 1000.000000000000000 ) ;
#749 = VECTOR ( 'NONE', #4694, 1000.000000000000000 ) ;
#750 = EDGE_CURVE ( 'NONE', #2396, #1893, #9355, .T. ) ;
#751 = VECTOR ( 'NONE', #6852, 1000.000000000000114 ) ;
#752 = ORIENTED_EDGE ( 'NONE', *, *, #8729, .T. ) ;
#753 = VECTOR ( 'NONE', #8523, 1000.000000000000000 ) ;
#754 = DIRECTION ( 'NONE',  ( -1.748601263784621946E-15, 0.0000000000000000000, -1.000000000000000000 ) ) ;
#755 = PLANE ( 'NONE',  #112 ) ;
#756 = EDGE_LOOP ( 'NONE', ( #8949, #4556, #3122, #3562 ) ) ;
#757 = DIRECTION ( 'NONE',  ( 0.9927080914950846546, -0.1205431253957962856, -1.735850623357525016E-15 ) ) ;
#758 = DIRECTION ( 'NONE',  ( 0.1520571842539018281, 0.9883716976506232710, -2.658873845539038370E-16 ) ) ;
#759 = CARTESIAN_POINT ( 'NONE',  ( 11.00000000000002487, 7.450000000000025935, 10.85000000000003695 ) ) ;
#760 = AXIS2_PLACEMENT_3D ( 'NONE', #7095, #10232, #7047 ) ;
#761 = ORIENTED_EDGE ( 'NONE', *, *, #4093, .F. ) ;
#762 = CARTESIAN_POINT ( 'NONE',  ( 2.400000000000006128, 5.400000000000012790, -2.749999999999948486 ) ) ;
#763 = DIRECTION ( 'NONE',  ( -1.000000000000000000, -1.644517855226007801E-15, 1.748601263784621748E-15 ) ) ;
#764 = CONICAL_SURFACE ( 'NONE', #1262, 1.724999996680999459, 0.4636476090007538020 ) ;
#765 = CARTESIAN_POINT ( 'NONE',  ( -0.1999999927999700222, 4.200000000000007283, 10.26000000540005708 ) ) ;
#766 = ORIENTED_EDGE ( 'NONE', *, *, #2596, .F. ) ;
#767 = FACE_OUTER_BOUND ( 'NONE', #74, .T. ) ;
#768 = SURFACE_STYLE_USAGE ( .BOTH. , #10492 ) ;
#769 = ADVANCED_FACE ( 'NONE', ( #8281 ), #411, .T. ) ;
#770 = VERTEX_POINT ( 'NONE', #9118 ) ;
#771 = ORIENTED_EDGE ( 'NONE', *, *, #650, .T. ) ;
#772 = ORIENTED_EDGE ( 'NONE', *, *, #4928, .T. ) ;
#773 = CARTESIAN_POINT ( 'NONE',  ( 10.77560435693832375, 5.234522406625025326, 8.659552944982037204 ) ) ;
#774 = VECTOR ( 'NONE', #2685, 1000.000000000000000 ) ;
#775 = FACE_OUTER_BOUND ( 'NONE', #263, .T. ) ;
#776 = VECTOR ( 'NONE', #144, 1000.000000000000000 ) ;
#777 = AXIS2_PLACEMENT_3D ( 'NONE', #4753, #573, #7858 ) ;
#778 = VECTOR ( 'NONE', #4838, 1000.000000000000000 ) ;
#779 = CARTESIAN_POINT ( 'NONE',  ( 1.300000000000007816, 7.100000000000010303, -0.7499999999999451550 ) ) ;
#780 = ORIENTED_EDGE ( 'NONE', *, *, #8149, .F. ) ;
#781 = CARTESIAN_POINT ( 'NONE',  ( 0.7400000000000097611, 7.597309794603359201, 1.350000000000055156 ) ) ;
#782 = EDGE_CURVE ( 'NONE', #2536, #9033, #10289, .T. ) ;
#783 = DIRECTION ( 'NONE',  ( 0.2425356250363110699, -0.9701425001453374275, -4.240981004512866908E-16 ) ) ;
#784 = CARTESIAN_POINT ( 'NONE',  ( 1.500000000000020428, 0.7500000000000111022, 0.3500000000000551559 ) ) ;
#785 = AXIS2_PLACEMENT_3D ( 'NONE', #5996, #1730, #4984 ) ;
#786 = ORIENTED_EDGE ( 'NONE', *, *, #6187, .T. ) ;
#787 = DIRECTION ( 'NONE',  ( -0.9701425001453380936, 0.2425356250363078781, 1.696392401805310846E-15 ) ) ;
#788 = EDGE_CURVE ( 'NONE', #1046, #6925, #2302, .T. ) ;
#789 = CARTESIAN_POINT ( 'NONE',  ( 1.955294117647009999, 8.144714285714311330, 1.315000000000053015 ) ) ;
#790 =( GEOMETRIC_REPRESENTATION_CONTEXT ( 3 ) GLOBAL_UNCERTAINTY_ASSIGNED_CONTEXT ( ( #6245 ) ) GLOBAL_UNIT_ASSIGNED_CONTEXT ( ( #6247, #4647, #2235 ) ) REPRESENTATION_CONTEXT ( 'NONE', 'WORKASPACE' ) );
#791 = AXIS2_PLACEMENT_3D ( 'NONE', #9390, #1906, #1264 ) ;
#792 = CARTESIAN_POINT ( 'NONE',  ( 9.700000000000015277, 7.450000000000023270, 5.850000000000040501 ) ) ;
#793 = STYLED_ITEM ( 'NONE', ( #303 ), #7057 ) ;
#794 = DIRECTION ( 'NONE',  ( -1.000000000000000000, -1.644517855226007998E-15, 1.748601263784621946E-15 ) ) ;
#795 = DIRECTION ( 'NONE',  ( 1.644517855226007998E-15, -1.000000000000000000, -2.890435660536363919E-30 ) ) ;
#796 =( LENGTH_UNIT ( ) NAMED_UNIT ( * ) SI_UNIT ( .MILLI., .METRE. ) );
#797 = VERTEX_POINT ( 'NONE', #6989 ) ;
#798 = VERTEX_POINT ( 'NONE', #7140 ) ;
#799 = DIRECTION ( 'NONE',  ( -1.000000000000000000, -1.644517855226007998E-15, 1.748601263784621946E-15 ) ) ;
#800 = FACE_OUTER_BOUND ( 'NONE', #8351, .T. ) ;
#801 = EDGE_CURVE ( 'NONE', #2510, #7913, #7096, .T. ) ;
#802 = CARTESIAN_POINT ( 'NONE',  ( 1.500000000000037748, 0.7500000000000111022, 10.35000000000005294 ) ) ;
#803 = ADVANCED_FACE ( 'NONE', ( #5387 ), #2982, .T. ) ;
#804 = VERTEX_POINT ( 'NONE', #6093 ) ;
#805 = SURFACE_SIDE_STYLE ('',( #8100 ) ) ;
#806 = VECTOR ( 'NONE', #1001, 1000.000000000000000 ) ;
#807 = ORIENTED_EDGE ( 'NONE', *, *, #8716, .F. ) ;
#808 = CARTESIAN_POINT ( 'NONE',  ( 2.399999999999994138, 8.200000000000011724, -6.649999999999947065 ) ) ;
#809 = DIRECTION ( 'NONE',  ( 1.000000000000000000, 8.971727675415522682E-11, 3.904768481932621372E-11 ) ) ;
#810 = DIRECTION ( 'NONE',  ( -0.9984603535126304052, -1.641985879086792367E-15, -0.05547001409259996046 ) ) ;
#811 = ADVANCED_FACE ( 'NONE', ( #9315 ), #2029, .F. ) ;
#812 = CARTESIAN_POINT ( 'NONE',  ( 10.99999999999999112, 11.75000000000002487, -5.049999999999961631 ) ) ;
#813 = VERTEX_POINT ( 'NONE', #6192 ) ;
#814 =( LENGTH_UNIT ( ) NAMED_UNIT ( * ) SI_UNIT ( .MILLI., .METRE. ) );
#815 = DIRECTION ( 'NONE',  ( 1.644517855226007998E-15, -1.000000000000000000, -2.890435660536363919E-30 ) ) ;
#816 = B_SPLINE_CURVE_WITH_KNOTS ( 'NONE', 3,
 ( #10058, #4314, #6811, #1122, #2546 ),
 .UNSPECIFIED., .F., .F.,
 ( 4, 1, 4 ),
 ( 0.0000000000000000000, 0.5000000000000000000, 1.000000000000000000 ),
 .UNSPECIFIED. ) ;
#817 = EDGE_CURVE ( 'NONE', #2636, #4763, #9190, .T. ) ;
#818 = CARTESIAN_POINT ( 'NONE',  ( -0.5999999999999876543, 4.200000000000007283, -0.9499999999999404476 ) ) ;
#819 = DIRECTION ( 'NONE',  ( -1.644517855226008195E-15, 1.000000000000000000, 2.890435660536364269E-30 ) ) ;
#820 = UNCERTAINTY_MEASURE_WITH_UNIT (LENGTH_MEASURE( 1.000000000000000082E-05 ), #480, 'distance_accuracy_value', 'NONE');
#821 = CARTESIAN_POINT ( 'NONE',  ( -0.5999999999999928724, 4.200000000000007283, -3.259999999999943388 ) ) ;
#822 = ORIENTED_EDGE ( 'NONE', *, *, #3781, .F. ) ;
#823 = LINE ( 'NONE', #4227, #6168 ) ;
#824 = ORIENTED_EDGE ( 'NONE', *, *, #10203, .F. ) ;
#825 = ORIENTED_EDGE ( 'NONE', *, *, #2812, .T. ) ;
#826 = CARTESIAN_POINT ( 'NONE',  ( 1.800000000000010036, 8.144714285714311330, 1.315000000000053904 ) ) ;
#827 = PRESENTATION_STYLE_ASSIGNMENT (( #4235 ) ) ;
#828 = VERTEX_POINT ( 'NONE', #9467 ) ;
#829 = CARTESIAN_POINT ( 'NONE',  ( 2.400000000000025224, 7.650000000000011902, 10.85000000000005116 ) ) ;
#830 = UNCERTAINTY_MEASURE_WITH_UNIT (LENGTH_MEASURE( 1.000000000000000082E-05 ), #8127, 'distance_accuracy_value', 'NONE');
#831 = DIRECTION ( 'NONE',  ( -1.000000000000000000, -1.644517855226007998E-15, 1.748601263784621946E-15 ) ) ;
#832 = CARTESIAN_POINT ( 'NONE',  ( 3.175000000000027800, 7.650000000000012790, 12.22500000000004938 ) ) ;
#833 = VERTEX_POINT ( 'NONE', #5434 ) ;
#834 = EDGE_LOOP ( 'NONE', ( #3144, #5836, #5240, #1971 ) ) ;
#835 = CARTESIAN_POINT ( 'NONE',  ( 1.800000000000010036, 6.844714285714310620, 0.3500000000000533795 ) ) ;
#836 =( LENGTH_UNIT ( ) NAMED_UNIT ( * ) SI_UNIT ( .MILLI., .METRE. ) );
#837 = CARTESIAN_POINT ( 'NONE',  ( 3.949999999999999734, 8.144714285714314883, -3.649999999999951061 ) ) ;
#838 = EDGE_CURVE ( 'NONE', #2723, #8062, #3681, .T. ) ;
#839 = DIRECTION ( 'NONE',  ( -1.000000000000000000, -1.644517855226007998E-15, 1.748601263784621946E-15 ) ) ;
#840 = CARTESIAN_POINT ( 'NONE',  ( 0.1000000000000202116, 8.199999999999308287, 8.875158234187056294 ) ) ;
#841 = CARTESIAN_POINT ( 'NONE',  ( 9.700000000000017053, 12.25000000000002309, 11.55000000000003979 ) ) ;
#842 = ORIENTED_EDGE ( 'NONE', *, *, #25, .T. ) ;
#843 = ORIENTED_EDGE ( 'NONE', *, *, #9093, .F. ) ;
#844 = CARTESIAN_POINT ( 'NONE',  ( 9.909186366476022911, 5.367817482081024494, 7.984974229554038239 ) ) ;
#845 = CARTESIAN_POINT ( 'NONE',  ( 8.800000000000023803, 8.144714285714321989, 10.35000000000004050 ) ) ;
#846 = DIRECTION ( 'NONE',  ( 1.748601263784621946E-15, 0.0000000000000000000, 1.000000000000000000 ) ) ;
#847 = VERTEX_POINT ( 'NONE', #8677 ) ;
#848 = FACE_OUTER_BOUND ( 'NONE', #7792, .T. ) ;
#849 = EDGE_CURVE ( 'NONE', #5750, #2987, #10182, .T. ) ;
#850 = ORIENTED_EDGE ( 'NONE', *, *, #2277, .T. ) ;
#851 = DIRECTION ( 'NONE',  ( 1.644517855226007998E-15, -1.000000000000000000, -2.890435660536363919E-30 ) ) ;
#852 = EDGE_CURVE ( 'NONE', #265, #8513, #5335, .T. ) ;
#853 = CARTESIAN_POINT ( 'NONE',  ( 2.400000000000025224, 5.400000000000012790, 8.728679656440053947 ) ) ;
#854 = ORIENTED_EDGE ( 'NONE', *, *, #9300, .T. ) ;
#855 = EDGE_CURVE ( 'NONE', #577, #5750, #9579, .T. ) ;
#856 = LINE ( 'NONE', #2380, #3074 ) ;
#857 = CARTESIAN_POINT ( 'NONE',  ( -0.9999999999999731326, 3.750000000000006217, 7.650000000000058087 ) ) ;
#858 = ORIENTED_EDGE ( 'NONE', *, *, #1008, .F. ) ;
#859 = DIRECTION ( 'NONE',  ( -1.000000000000000000, -1.644517855226007998E-15, 1.748601263784621946E-15 ) ) ;
#860 = FACE_OUTER_BOUND ( 'NONE', #5463, .T. ) ;
#861 =( GEOMETRIC_REPRESENTATION_CONTEXT ( 3 ) GLOBAL_UNCERTAINTY_ASSIGNED_CONTEXT ( ( #7955 ) ) GLOBAL_UNIT_ASSIGNED_CONTEXT ( ( #3125, #5647, #9625 ) ) REPRESENTATION_CONTEXT ( 'NONE', 'WORKASPACE' ) );
#862 = EDGE_CURVE ( 'NONE', #3772, #3360, #6349, .T. ) ;
#863 = DIRECTION ( 'NONE',  ( 1.000000000000000000, 1.644517855226007801E-15, -1.748601263784621748E-15 ) ) ;
#864 = AXIS2_PLACEMENT_3D ( 'NONE', #3383, #1049, #5916 ) ;
#865 = DIRECTION ( 'NONE',  ( -1.644517855226008195E-15, 1.000000000000000000, 2.890435660536364269E-30 ) ) ;
#866 = LINE ( 'NONE', #3356, #1805 ) ;
#867 = ORIENTED_EDGE ( 'NONE', *, *, #4049, .F. ) ;
#868 = ORIENTED_EDGE ( 'NONE', *, *, #5000, .T. ) ;
#869 = ORIENTED_EDGE ( 'NONE', *, *, #2341, .T. ) ;
#870 = DIRECTION ( 'NONE',  ( -1.000000000000000000, -1.644517855226008195E-15, 0.0000000000000000000 ) ) ;
#871 = FACE_OUTER_BOUND ( 'NONE', #5669, .T. ) ;
#872 = DIRECTION ( 'NONE',  ( -1.748601263784621946E-15, 0.0000000000000000000, -1.000000000000000000 ) ) ;
#873 = VECTOR ( 'NONE', #10298, 1000.000000000000000 ) ;
#874 = EDGE_CURVE ( 'NONE', #110, #4033, #8702, .T. ) ;
#875 = AXIS2_PLACEMENT_3D ( 'NONE', #532, #7978, #9491 ) ;
#876 = DIRECTION ( 'NONE',  ( -1.000000000000000000, -1.644517855226007801E-15, 1.748601263784621748E-15 ) ) ;
#877 = ORIENTED_EDGE ( 'NONE', *, *, #3726, .T. ) ;
#878 = CARTESIAN_POINT ( 'NONE',  ( 0.09999999999999939493, 5.400000000000009237, -6.149999999999942624 ) ) ;
#879 = VECTOR ( 'NONE', #403, 1000.000000000000114 ) ;
#880 = ORIENTED_EDGE ( 'NONE', *, *, #10213, .T. ) ;
#881 = DIRECTION ( 'NONE',  ( 0.9701425001453382047, 1.595416663602607856E-15, 0.2425356250363077670 ) ) ;
#882 = CARTESIAN_POINT ( 'NONE',  ( 1.500000000000006439, 8.200000000000009948, 0.3850000000000554090 ) ) ;
#883 = VERTEX_POINT ( 'NONE', #3050 ) ;
#884 = FACE_OUTER_BOUND ( 'NONE', #9327, .T. ) ;
#885 = AXIS2_PLACEMENT_3D ( 'NONE', #7812, #4553, #6259 ) ;
#886 = SURFACE_STYLE_USAGE ( .BOTH. , #3265 ) ;
#887 = AXIS2_PLACEMENT_3D ( 'NONE', #2340, #3292, #5598 ) ;
#888 = MECHANICAL_DESIGN_GEOMETRIC_PRESENTATION_REPRESENTATION (  '', ( #3422 ), #9532 ) ;
#889 = DIRECTION ( 'NONE',  ( 1.748601263784621946E-15, 0.0000000000000000000, 1.000000000000000000 ) ) ;
#890 = CARTESIAN_POINT ( 'NONE',  ( 1.400000000004024692, 7.649999999998870592, 10.84999999999805276 ) ) ;
#891 = STYLED_ITEM ( 'NONE', ( #7985 ), #10268 ) ;
#892 = DIRECTION ( 'NONE',  ( 1.644517855226007998E-15, -1.000000000000000000, -2.890435660536363919E-30 ) ) ;
#893 = ORIENTED_EDGE ( 'NONE', *, *, #7228, .F. ) ;
#894 = ORIENTED_EDGE ( 'NONE', *, *, #9099, .T. ) ;
#895 = LINE ( 'NONE', #5855, #722 ) ;
#896 = SURFACE_STYLE_FILL_AREA ( #9781 ) ;
#897 = CARTESIAN_POINT ( 'NONE',  ( 0.7000000000000252687, 6.250000000000008882, 9.050000000000054001 ) ) ;
#898 = EDGE_CURVE ( 'NONE', #847, #4652, #8657, .T. ) ;
#899 = ORIENTED_EDGE ( 'NONE', *, *, #2596, .T. ) ;
#900 =( NAMED_UNIT ( * ) SI_UNIT ( $, .STERADIAN. ) SOLID_ANGLE_UNIT ( ) );
#901 = AXIS2_PLACEMENT_3D ( 'NONE', #2698, #3344, #6601 ) ;
#902 =( GEOMETRIC_REPRESENTATION_CONTEXT ( 3 ) GLOBAL_UNCERTAINTY_ASSIGNED_CONTEXT ( ( #6809 ) ) GLOBAL_UNIT_ASSIGNED_CONTEXT ( ( #2069, #6725, #6773 ) ) REPRESENTATION_CONTEXT ( 'NONE', 'WORKASPACE' ) );
#903 =( LENGTH_UNIT ( ) NAMED_UNIT ( * ) SI_UNIT ( .MILLI., .METRE. ) );
#904 = CIRCLE ( 'NONE', #8048, 1.299999999999999378 ) ;
#905 = COLOUR_RGB ( '',1.000000000000000000, 1.000000000000000000, 1.000000000000000000 ) ;
#906 = ORIENTED_EDGE ( 'NONE', *, *, #2159, .T. ) ;
#907 = FACE_OUTER_BOUND ( 'NONE', #9439, .T. ) ;
#908 = CARTESIAN_POINT ( 'NONE',  ( 8.800000000000025580, 7.144714285714321989, 10.35000000000004050 ) ) ;
#909 = ORIENTED_EDGE ( 'NONE', *, *, #5564, .T. ) ;
#910 = EDGE_CURVE ( 'NONE', #2123, #9593, #10359, .T. ) ;
#911 = DIRECTION ( 'NONE',  ( -1.748601263784621748E-15, 0.0000000000000000000, -1.000000000000000000 ) ) ;
#912 = AXIS2_PLACEMENT_3D ( 'NONE', #8126, #2462, #8372 ) ;
#913 = CARTESIAN_POINT ( 'NONE',  ( 11.00000000000003375, 5.200000000000051692, 13.35000000000003695 ) ) ;
#914 = DIRECTION ( 'NONE',  ( -1.748601263784621748E-15, 0.0000000000000000000, -1.000000000000000000 ) ) ;
#915 = ORIENTED_EDGE ( 'NONE', *, *, #4413, .F. ) ;
#916 = CARTESIAN_POINT ( 'NONE',  ( -0.5999999999999859890, 4.200000000000007283, -0.03999999999994112432 ) ) ;
#917 = ADVANCED_FACE ( 'NONE', ( #8609 ), #3753, .F. ) ;
#918 = DIRECTION ( 'NONE',  ( -1.644517855226008195E-15, 1.000000000000000000, 2.890435660536364269E-30 ) ) ;
#919 = AXIS2_PLACEMENT_3D ( 'NONE', #1424, #8661, #6320 ) ;
#920 = EDGE_CURVE ( 'NONE', #8569, #4378, #6221, .T. ) ;
#921 = ADVANCED_FACE ( 'NONE', ( #1471 ), #4721, .T. ) ;
#922 = VECTOR ( 'NONE', #460, 1000.000000000000000 ) ;
#923 = VECTOR ( 'NONE', #6240, 1000.000000000000114 ) ;
#924 = DIRECTION ( 'NONE',  ( -1.644517855226007998E-15, 1.000000000000000000, 2.890435660536363919E-30 ) ) ;
#925 = LINE ( 'NONE', #4173, #7220 ) ;
#926 = ORIENTED_EDGE ( 'NONE', *, *, #1501, .T. ) ;
#927 = VECTOR ( 'NONE', #10027, 1000.000000000000000 ) ;
#928 = UNCERTAINTY_MEASURE_WITH_UNIT (LENGTH_MEASURE( 1.000000000000000082E-05 ), #3276, 'distance_accuracy_value', 'NONE');
#929 = DIRECTION ( 'NONE',  ( -1.801095893066399655E-14, -1.000000000000000000, 3.147915588756019432E-29 ) ) ;
#930 = ORIENTED_EDGE ( 'NONE', *, *, #3378, .T. ) ;
#931 = CARTESIAN_POINT ( 'NONE',  ( -0.3999999999999993006, 6.450000000000008171, -4.889999999999943725 ) ) ;
#932 = ORIENTED_EDGE ( 'NONE', *, *, #1635, .T. ) ;
#933 = ORIENTED_EDGE ( 'NONE', *, *, #5945, .T. ) ;
#934 = CARTESIAN_POINT ( 'NONE',  ( 0.5000000000000299760, 0.7500000000000093259, 6.350000000000055600 ) ) ;
#935 = EDGE_CURVE ( 'NONE', #2086, #1807, #7072, .T. ) ;
#936 = MECHANICAL_DESIGN_GEOMETRIC_PRESENTATION_REPRESENTATION (  '', ( #10434 ), #4486 ) ;
#937 = EDGE_CURVE ( 'NONE', #8234, #4614, #10259, .T. ) ;
#938 = ORIENTED_EDGE ( 'NONE', *, *, #6643, .F. ) ;
#940 = DIRECTION ( 'NONE',  ( 1.748601263784621946E-15, 0.0000000000000000000, 1.000000000000000000 ) ) ;
#939 = AXIS2_PLACEMENT_3D ( 'NONE', #1734, #6581, #5787 ) ;
#941 = UNCERTAINTY_MEASURE_WITH_UNIT (LENGTH_MEASURE( 1.000000000000000082E-05 ), #9654, 'distance_accuracy_value', 'NONE');
#942 = DIRECTION ( 'NONE',  ( -1.000000000000000000, -2.859691650543226683E-12, 7.297626393077378907E-11 ) ) ;
#943 = CARTESIAN_POINT ( 'NONE',  ( 3.950000000000009948, 7.144714285714313995, 1.350000000000049161 ) ) ;
#944 = VERTEX_POINT ( 'NONE', #2317 ) ;
#945 = DIRECTION ( 'NONE',  ( -0.2357022603954947726, 0.9428090415820741255, 0.2357022603954940509 ) ) ;
#946 = ORIENTED_EDGE ( 'NONE', *, *, #9967, .T. ) ;
#947 = FILL_AREA_STYLE_COLOUR ( '', #3568 ) ;
#948 = CARTESIAN_POINT ( 'NONE',  ( 1.500000000000015099, 8.200000000000009948, 5.360000000000054499 ) ) ;
#949 = EDGE_CURVE ( 'NONE', #2976, #2878, #6269, .T. ) ;
#950 = ORIENTED_EDGE ( 'NONE', *, *, #2138, .T. ) ;
#951 = MECHANICAL_DESIGN_GEOMETRIC_PRESENTATION_REPRESENTATION (  '', ( #5194 ), #616 ) ;
#952 = AXIS2_PLACEMENT_3D ( 'NONE', #1503, #8791, #7394 ) ;
#953 = DIRECTION ( 'NONE',  ( -1.000000000000000000, -1.644517855226007801E-15, 1.748601263784621748E-15 ) ) ;
#954 = VECTOR ( 'NONE', #5769, 1000.000000000000000 ) ;
#955 = DIRECTION ( 'NONE',  ( -0.9333456062030549560, 0.3589790793088810106, 1.632049306554485805E-15 ) ) ;
#956 = DIRECTION ( 'NONE',  ( -1.000000000000000000, -1.644517855226007998E-15, 1.748601263784621946E-15 ) ) ;
#957 = VECTOR ( 'NONE', #9006, 1000.000000000000000 ) ;
#958 = VECTOR ( 'NONE', #5673, 1000.000000000000000 ) ;
#959 = LINE ( 'NONE', #4202, #1276 ) ;
#960 = ORIENTED_EDGE ( 'NONE', *, *, #8780, .T. ) ;
#961 = CARTESIAN_POINT ( 'NONE',  ( 3.950000000000008171, 7.144714285714313995, 0.3500000000000499378 ) ) ;
#962 = LINE ( 'NONE', #3432, #7496 ) ;
#963 = DIRECTION ( 'NONE',  ( -1.734723475976808672E-15, 1.000000000000000000, 0.0000000000000000000 ) ) ;
#964 = ORIENTED_EDGE ( 'NONE', *, *, #1661, .F. ) ;
#965 = LINE ( 'NONE', #7506, #10301 ) ;
#966 = CARTESIAN_POINT ( 'NONE',  ( 1.500000000000001332, 8.109625349781611092, -3.684999999999946318 ) ) ;
#967 = VERTEX_POINT ( 'NONE', #3105 ) ;
#968 = CARTESIAN_POINT ( 'NONE',  ( 7.999999999999996447, 11.55000000000002025, 13.35000000000005471 ) ) ;
#969 =( LENGTH_UNIT ( ) NAMED_UNIT ( * ) SI_UNIT ( .MILLI., .METRE. ) );
#970 = FACE_OUTER_BOUND ( 'NONE', #4969, .T. ) ;
#971 = CARTESIAN_POINT ( 'NONE',  ( 9.700000000000013500, 5.400000000000024336, 2.971320343560040378 ) ) ;
#972 = ORIENTED_EDGE ( 'NONE', *, *, #9630, .F. ) ;
#973 = PRESENTATION_STYLE_ASSIGNMENT (( #22 ) ) ;
#974 = EDGE_CURVE ( 'NONE', #9663, #5130, #8760, .T. ) ;
#975 = EDGE_CURVE ( 'NONE', #9574, #6471, #1417, .T. ) ;
#976 = DIRECTION ( 'NONE',  ( 0.2425356250363079058, 0.9701425001453382047, -4.240981004512811688E-16 ) ) ;
#977 = LINE ( 'NONE', #3183, #10099 ) ;
#978 = ORIENTED_EDGE ( 'NONE', *, *, #7362, .F. ) ;
#979 = CARTESIAN_POINT ( 'NONE',  ( 0.9356642613500085748, 8.199999999991309352, 2.386924819241054596 ) ) ;
#980 = DIRECTION ( 'NONE',  ( 0.2425356250363077670, 3.988541659006108938E-16, -0.9701425001453382047 ) ) ;
#981 = ORIENTED_EDGE ( 'NONE', *, *, #6309, .T. ) ;
#982 = CARTESIAN_POINT ( 'NONE',  ( 11.00000000000002309, 11.10000000000002451, 13.35000000000005471 ) ) ;
#983 = ORIENTED_EDGE ( 'NONE', *, *, #283, .T. ) ;
#984 = CARTESIAN_POINT ( 'NONE',  ( 9.700000000000024158, 5.400000000000024336, 8.728679656440041512 ) ) ;
#985 = CARTESIAN_POINT ( 'NONE',  ( 2.400000000000003020, 10.60000000000001030, 0.3500000000000533795 ) ) ;
#986 = EDGE_CURVE ( 'NONE', #7647, #1528, #9447, .T. ) ;
#987 = SURFACE_STYLE_FILL_AREA ( #2465 ) ;
#988 = CARTESIAN_POINT ( 'NONE',  ( 0.1000000000000167422, 7.650000000000007461, 5.850000000000055600 ) ) ;
#989 = SURFACE_STYLE_FILL_AREA ( #5900 ) ;
#990 = FILL_AREA_STYLE_COLOUR ( '', #4006 ) ;
#991 = ADVANCED_FACE ( 'NONE', ( #5412 ), #4768, .F. ) ;
#992 = ORIENTED_EDGE ( 'NONE', *, *, #9400, .F. ) ;
#993 = EDGE_CURVE ( 'NONE', #6456, #4156, #7929, .T. ) ;
#994 = ORIENTED_EDGE ( 'NONE', *, *, #9838, .F. ) ;
#995 = LINE ( 'NONE', #1796, #2714 ) ;
#996 = DIRECTION ( 'NONE',  ( 1.748601263784621946E-15, 0.0000000000000000000, 1.000000000000000000 ) ) ;
#997 = EDGE_LOOP ( 'NONE', ( #5287, #8391, #10504, #487, #6277 ) ) ;
#998 = ADVANCED_FACE ( 'NONE', ( #7171 ), #6374, .F. ) ;
#999 = CARTESIAN_POINT ( 'NONE',  ( -1.000000000000011324, 11.55000000000000426, -6.649999999999941735 ) ) ;
#1000 = DIRECTION ( 'NONE',  ( 0.05547001409258993376, 9.122142860490531446E-17, -0.9984603535126309604 ) ) ;
#1001 = DIRECTION ( 'NONE',  ( -0.9994801143396996324, -1.639714474223878565E-15, -0.03224129401095722491 ) ) ;
#1002 = EDGE_LOOP ( 'NONE', ( #5606, #3793, #3610, #230 ) ) ;
#1003 = CARTESIAN_POINT ( 'NONE',  ( 1.800000000000018696, 6.844714285714310620, 5.350000000000053824 ) ) ;
#1004 = EDGE_LOOP ( 'NONE', ( #6579, #7581, #1346, #5802 ) ) ;
#1005 = CARTESIAN_POINT ( 'NONE',  ( 0.7000000000000148326, 4.200000000000009059, 1.390000000000055191 ) ) ;
#1006 = CARTESIAN_POINT ( 'NONE',  ( 0.6250000000000283107, 0.2500000000000088818, 5.850000000000055600 ) ) ;
#1007 = CARTESIAN_POINT ( 'NONE',  ( 0.3996711088699953507, 8.200000000000308376, -5.968996968366941935 ) ) ;
#1008 = EDGE_CURVE ( 'NONE', #3481, #5161, #1515, .T. ) ;
#1009 = ORIENTED_EDGE ( 'NONE', *, *, #2610, .T. ) ;
#1010 = CARTESIAN_POINT ( 'NONE',  ( 3.950000000000008171, 7.650000000000014566, 0.8500000000000494937 ) ) ;
#1011 = FACE_OUTER_BOUND ( 'NONE', #2840, .T. ) ;
#1012 = VERTEX_POINT ( 'NONE', #2893 ) ;
#1013 = CARTESIAN_POINT ( 'NONE',  ( -0.1999999993499926854, 8.599999999630806968, 1.439999997785056829 ) ) ;
#1014 = CARTESIAN_POINT ( 'NONE',  ( 0.5000000000000386358, 0.7500000000000093259, 11.35000000000005471 ) ) ;
#1015 = PLANE ( 'NONE',  #2744 ) ;
#1016 = LINE ( 'NONE', #3288, #3482 ) ;
#1017 = DIRECTION ( 'NONE',  ( -1.748601263784621748E-15, 0.0000000000000000000, -1.000000000000000000 ) ) ;
#1018 = DIRECTION ( 'NONE',  ( 1.644517855226008195E-15, -1.000000000000000000, -2.890435660536364269E-30 ) ) ;
#1019 = ORIENTED_EDGE ( 'NONE', *, *, #1618, .T. ) ;
#1020 = DIRECTION ( 'NONE',  ( 5.567630161940737795E-09, -8.498344536895908591E-10, -1.000000000000000000 ) ) ;
#1021 = SURFACE_SIDE_STYLE ('',( #9451 ) ) ;
#1022 = EDGE_LOOP ( 'NONE', ( #3331, #6407, #2198, #7115, #6934, #3918 ) ) ;
#1023 = CARTESIAN_POINT ( 'NONE',  ( 11.00000000000000000, 11.10000000000002451, -0.04999999999996153355 ) ) ;
#1024 = EDGE_LOOP ( 'NONE', ( #7538, #9686, #526, #10310, #646, #1666, #4355, #4827, #1506, #3, #1518, #9411, #9778, #3870, #4256, #1844, #4547 ) ) ;
#1025 = CARTESIAN_POINT ( 'NONE',  ( -0.1999999993499857465, 8.599999999630806968, 5.260000002215058146 ) ) ;
#1026 = DIRECTION ( 'NONE',  ( -1.000000000000000000, -1.644517855226007998E-15, 1.748601263784621946E-15 ) ) ;
#1027 = VECTOR ( 'NONE', #4449, 1000.000000000000000 ) ;
#1028 = CARTESIAN_POINT ( 'NONE',  ( -0.5999999999999998668, 8.800000000000006040, -3.259999999999943388 ) ) ;
#1029 = ORIENTED_EDGE ( 'NONE', *, *, #8463, .F. ) ;
#1030 = LINE ( 'NONE', #8434, #4514 ) ;
#1031 = UNCERTAINTY_MEASURE_WITH_UNIT (LENGTH_MEASURE( 1.000000000000000082E-05 ), #4380, 'distance_accuracy_value', 'NONE');
#1032 = CARTESIAN_POINT ( 'NONE',  ( 2.400000000000013234, 8.200000000000011724, 4.562560681042053368 ) ) ;
#1033 = DIRECTION ( 'NONE',  ( -1.000000000000000000, -1.644517855226007998E-15, 1.748601263784621748E-15 ) ) ;
#1034 = ORIENTED_EDGE ( 'NONE', *, *, #6665, .F. ) ;
#1035 = CARTESIAN_POINT ( 'NONE',  ( 2.400000000000006128, 5.400000000000012790, -2.749999999999948486 ) ) ;
#1036 = DIRECTION ( 'NONE',  ( -1.748601263784621946E-15, 0.0000000000000000000, -1.000000000000000000 ) ) ;
#1037 = ORIENTED_EDGE ( 'NONE', *, *, #7565, .F. ) ;
#1038 = VECTOR ( 'NONE', #9819, 1000.000000000000000 ) ;
#1039 = EDGE_CURVE ( 'NONE', #6977, #353, #9389, .T. ) ;
#1040 = EDGE_CURVE ( 'NONE', #4207, #276, #7822, .T. ) ;
#1041 = EDGE_CURVE ( 'NONE', #1012, #5071, #8522, .T. ) ;
#1042 = VECTOR ( 'NONE', #4058, 1000.000000000000000 ) ;
#1043 = CARTESIAN_POINT ( 'NONE',  ( 2.400000000000022116, 10.60000000000001030, 11.35000000000005116 ) ) ;
#1044 = CARTESIAN_POINT ( 'NONE',  ( 2.399999999999995914, 10.60000000000001030, -3.649999999999948397 ) ) ;
#1045 = LINE ( 'NONE', #9777, #1299 ) ;
#1046 = VERTEX_POINT ( 'NONE', #840 ) ;
#1047 = CARTESIAN_POINT ( 'NONE',  ( -1.000000000000002665, 10.75000000000000533, -2.349999999999942357 ) ) ;
#1048 = ORIENTED_EDGE ( 'NONE', *, *, #5068, .T. ) ;
#1049 = DIRECTION ( 'NONE',  ( 1.000000000000000000, 1.644517855226007998E-15, -1.748601263784621946E-15 ) ) ;
#1050 = AXIS2_PLACEMENT_3D ( 'NONE', #9214, #5131, #1930 ) ;
#1051 = FACE_OUTER_BOUND ( 'NONE', #6565, .T. ) ;
#1052 = CARTESIAN_POINT ( 'NONE',  ( 0.7500000000000249800, 7.611199771552088933, 10.36000000000005272 ) ) ;
#1053 = ADVANCED_FACE ( 'NONE', ( #7333 ), #4247, .F. ) ;
#1054 = VECTOR ( 'NONE', #7509, 1000.000000000000000 ) ;
#1055 = B_SPLINE_CURVE_WITH_KNOTS ( 'NONE', 3,
 ( #9354, #6731, #5181, #9310 ),
 .UNSPECIFIED., .F., .F.,
 ( 4, 4 ),
 ( 0.0000000000000000000, 1.000000000000000000 ),
 .UNSPECIFIED. ) ;
#1056 = AXIS2_PLACEMENT_3D ( 'NONE', #3507, #6767, #10009 ) ;
#1057 = VECTOR ( 'NONE', #7967, 1000.000000000000000 ) ;
#1058 = ORIENTED_EDGE ( 'NONE', *, *, #10323, .F. ) ;
#1059 =( LENGTH_UNIT ( ) NAMED_UNIT ( * ) SI_UNIT ( .MILLI., .METRE. ) );
#1060 = ORIENTED_EDGE ( 'NONE', *, *, #7083, .T. ) ;
#1061 = AXIS2_PLACEMENT_3D ( 'NONE', #10362, #4884, #742 ) ;
#1062 = PRESENTATION_LAYER_ASSIGNMENT (  '', '', ( #9375 ) ) ;
#1063 = DIRECTION ( 'NONE',  ( -0.7427813513546137614, 0.3713906757630058286, 0.5570860167300123456 ) ) ;
#1064 = CARTESIAN_POINT ( 'NONE',  ( 1.500000000000011768, 0.7500000000000111022, -4.649999999999945288 ) ) ;
#1065 = DIRECTION ( 'NONE',  ( 1.000000000000000000, 1.644517855226007998E-15, -1.748601263784621946E-15 ) ) ;
#1066 = CARTESIAN_POINT ( 'NONE',  ( 1.500000000000015099, 8.200000000000009948, 5.385000000000055742 ) ) ;
#1067 = VERTEX_POINT ( 'NONE', #9878 ) ;
#1068 = PLANE ( 'NONE',  #2444 ) ;
#1069 = PRODUCT_DEFINITION_FORMATION_WITH_SPECIFIED_SOURCE ( 'ANY', '', #6970, .NOT_KNOWN. ) ;
#1070 = EDGE_CURVE ( 'NONE', #2123, #7586, #5748, .T. ) ;
#1072 = EDGE_CURVE ( 'NONE', #3910, #8287, #1578, .T. ) ;
#1071 = AXIS2_PLACEMENT_3D ( 'NONE', #3188, #9687, #2397 ) ;
#1073 = PLANE ( 'NONE',  #6732 ) ;
#1074 = DIRECTION ( 'NONE',  ( -9.293161478433909405E-16, 0.9357142857139192360, 0.3527588064257076717 ) ) ;
#1075 = ORIENTED_EDGE ( 'NONE', *, *, #9300, .F. ) ;
#1076 = DIRECTION ( 'NONE',  ( 1.644517855226008195E-15, -1.000000000000000000, -2.890435660536364269E-30 ) ) ;
#1077 =( NAMED_UNIT ( * ) SI_UNIT ( $, .STERADIAN. ) SOLID_ANGLE_UNIT ( ) );
#1078 = ORIENTED_EDGE ( 'NONE', *, *, #6312, .F. ) ;
#1079 = FILL_AREA_STYLE_COLOUR ( '', #2758 ) ;
#1080 = ORIENTED_EDGE ( 'NONE', *, *, #3913, .F. ) ;
#1081 = VECTOR ( 'NONE', #580, 1000.000000000000000 ) ;
#1082 = VERTEX_POINT ( 'NONE', #3163 ) ;
#1083 = CARTESIAN_POINT ( 'NONE',  ( 9.699999999999981526, 10.60000000000002274, -11.64999999999995595 ) ) ;
#1084 = VECTOR ( 'NONE', #1180, 1000.000000000000114 ) ;
#1085 = FACE_OUTER_BOUND ( 'NONE', #5825, .T. ) ;
#1086 = MECHANICAL_DESIGN_GEOMETRIC_PRESENTATION_REPRESENTATION (  '', ( #3453 ), #8068 ) ;
#1087 = CARTESIAN_POINT ( 'NONE',  ( 0.5000000000000281997, 6.844714285714308843, 11.35000000000005471 ) ) ;
#1088 = VERTEX_POINT ( 'NONE', #4037 ) ;
#1089 = VECTOR ( 'NONE', #6065, 1000.000000000000227 ) ;
#1090 = LINE ( 'NONE', #2925, #232 ) ;
#1091 = DIRECTION ( 'NONE',  ( 5.567630161940737795E-09, -8.498344536895908591E-10, -1.000000000000000000 ) ) ;
#1092 = ORIENTED_EDGE ( 'NONE', *, *, #8346, .F. ) ;
#1093 = ORIENTED_EDGE ( 'NONE', *, *, #3060, .T. ) ;
#1094 = DIRECTION ( 'NONE',  ( 1.644517855226008195E-15, -1.000000000000000000, -2.890435660536364269E-30 ) ) ;
#1095 = CIRCLE ( 'NONE', #7560, 0.9999999999999991118 ) ;
#1096 = ORIENTED_EDGE ( 'NONE', *, *, #3976, .T. ) ;
#1097 = AXIS2_PLACEMENT_3D ( 'NONE', #2922, #1337, #5386 ) ;
#1098 = EDGE_CURVE ( 'NONE', #6358, #8393, #3411, .T. ) ;
#1099 = VECTOR ( 'NONE', #809, 1000.000000000000000 ) ;
#1100 = CARTESIAN_POINT ( 'NONE',  ( -0.1999999993500031215, 8.599999999630806968, -4.739999997784941854 ) ) ;
#1101 = DIRECTION ( 'NONE',  ( -1.000000000000000000, -1.644517855226007998E-15, 1.748601263784621946E-15 ) ) ;
#1102 = EDGE_CURVE ( 'NONE', #9610, #8095, #8968, .T. ) ;
#1103 = SURFACE_STYLE_FILL_AREA ( #10193 ) ;
#1104 = ORIENTED_EDGE ( 'NONE', *, *, #5564, .F. ) ;
#1105 = CARTESIAN_POINT ( 'NONE',  ( 1.300000000000012923, 7.100000000000010303, 2.450000000000054357 ) ) ;
#1106 = EDGE_LOOP ( 'NONE', ( #7824, #8147, #2039, #3364, #10480, #1136 ) ) ;
#1107 = FILL_AREA_STYLE ('',( #3591 ) ) ;
#1108 = FACE_OUTER_BOUND ( 'NONE', #3519, .T. ) ;
#1109 = DIRECTION ( 'NONE',  ( 1.595945597898462472E-14, 2.337000431716910882E-29, 1.000000000000000000 ) ) ;
#1110 = DIRECTION ( 'NONE',  ( -1.644517855226008195E-15, 1.000000000000000000, 2.890435660536364269E-30 ) ) ;
#1111 = VECTOR ( 'NONE', #5952, 1000.000000000000114 ) ;
#1112 = CARTESIAN_POINT ( 'NONE',  ( 1.500000000000001332, 8.109625349781611092, -3.659999999999946407 ) ) ;
#1113 = VECTOR ( 'NONE', #9141, 1000.000000000000000 ) ;
#1114 = AXIS2_PLACEMENT_3D ( 'NONE', #9829, #3428, #1846 ) ;
#1115 = PRESENTATION_LAYER_ASSIGNMENT (  '', '', ( #5886 ) ) ;
#1116 = STYLED_ITEM ( 'NONE', ( #2704 ), #5756 ) ;
#1117 = ADVANCED_FACE ( 'NONE', ( #3330 ), #2483, .F. ) ;
#1118 = EDGE_CURVE ( 'NONE', #1929, #8031, #8193, .T. ) ;
#1119 = DIRECTION ( 'NONE',  ( 0.0000000000000000000, -0.7142857142856899877, -0.6998542122237899621 ) ) ;
#1120 = DIRECTION ( 'NONE',  ( 0.2425356250363110422, -0.9701425001453373165, -4.240981004512866908E-16 ) ) ;
#1121 = ORIENTED_EDGE ( 'NONE', *, *, #7828, .F. ) ;
#1122 = CARTESIAN_POINT ( 'NONE',  ( 10.77585252445680730, 5.234484227007025758, -1.959537358218963021 ) ) ;
#1123 = CARTESIAN_POINT ( 'NONE',  ( 11.00000000000000533, 12.25000000000002487, 3.350000000000036060 ) ) ;
#1124 = EDGE_CURVE ( 'NONE', #2854, #8144, #9773, .T. ) ;
#1125 = LINE ( 'NONE', #7625, #6155 ) ;
#1126 = DIRECTION ( 'NONE',  ( 1.644517855226007998E-15, -1.000000000000000000, -2.890435660536363919E-30 ) ) ;
#1127 = MECHANICAL_DESIGN_GEOMETRIC_PRESENTATION_REPRESENTATION (  '', ( #5353 ), #10460 ) ;
#1128 = PRESENTATION_LAYER_ASSIGNMENT (  '', '', ( #5724 ) ) ;
#1129 = VECTOR ( 'NONE', #2346, 1000.000000000000000 ) ;
#1130 = EDGE_CURVE ( 'NONE', #6925, #5441, #10054, .T. ) ;
#1131 = PRESENTATION_STYLE_ASSIGNMENT (( #6721 ) ) ;
#1132 = FACE_OUTER_BOUND ( 'NONE', #6098, .T. ) ;
#1133 = ORIENTED_EDGE ( 'NONE', *, *, #2908, .T. ) ;
#1134 = ORIENTED_EDGE ( 'NONE', *, *, #472, .F. ) ;
#1135 = PRESENTATION_STYLE_ASSIGNMENT (( #2668 ) ) ;
#1136 = ORIENTED_EDGE ( 'NONE', *, *, #1459, .T. ) ;
#1137 = ORIENTED_EDGE ( 'NONE', *, *, #6596, .F. ) ;
#1138 = CARTESIAN_POINT ( 'NONE',  ( 0.2019880736300275759, 8.200000000000008171, 12.77190700552805680 ) ) ;
#1139 = LINE ( 'NONE', #6824, #10387 ) ;
#1140 = CARTESIAN_POINT ( 'NONE',  ( 0.5000000000000195399, 0.7500000000000093259, 0.3500000000000568767 ) ) ;
#1141 = DIRECTION ( 'NONE',  ( 1.000000000000000000, 1.644517855226007801E-15, -1.748601263784621748E-15 ) ) ;
#1142 = ORIENTED_EDGE ( 'NONE', *, *, #7629, .T. ) ;
#1143 = LINE ( 'NONE', #7689, #3582 ) ;
#1144 = CARTESIAN_POINT ( 'NONE',  ( 3.950000000000008171, 8.144714285714314883, 1.350000000000049161 ) ) ;
#1145 = ORIENTED_EDGE ( 'NONE', *, *, #2078, .T. ) ;
#1146 = CARTESIAN_POINT ( 'NONE',  ( -1.000000000000002665, 10.75000000000000533, -2.349999999999942357 ) ) ;
#1147 = VERTEX_POINT ( 'NONE', #5852 ) ;
#1148 = DIRECTION ( 'NONE',  ( -2.168404344971009262E-15, 0.9357142857142992654, -0.3527588064246995336 ) ) ;
#1149 = LINE ( 'NONE', #5244, #4837 ) ;
#1150 = CARTESIAN_POINT ( 'NONE',  ( 9.700000000000009948, 10.60000000000002274, 5.150000000000039435 ) ) ;
#1151 = DIRECTION ( 'NONE',  ( -0.9238697708742998893, 0.3553345272593985138, -0.1421338109036983932 ) ) ;
#1152 = PRESENTATION_STYLE_ASSIGNMENT (( #4397 ) ) ;
#1153 = ORIENTED_EDGE ( 'NONE', *, *, #224, .T. ) ;
#1154 = ORIENTED_EDGE ( 'NONE', *, *, #5962, .F. ) ;
#1155 = CARTESIAN_POINT ( 'NONE',  ( 1.500000000000008216, 8.200000000000009948, 1.315000000000053904 ) ) ;
#1156 = FILL_AREA_STYLE_COLOUR ( '', #1440 ) ;
#1157 = LINE ( 'NONE', #9942, #4297 ) ;
#1158 = CARTESIAN_POINT ( 'NONE',  ( 1.955294117647018659, 8.144714285714311330, 6.315000000000052793 ) ) ;
#1159 = ADVANCED_FACE ( 'NONE', ( #4145 ), #2529, .T. ) ;
#1160 = VERTEX_POINT ( 'NONE', #1943 ) ;
#1161 = DIRECTION ( 'NONE',  ( -1.644517855226007998E-15, 1.000000000000000000, 2.890435660536363919E-30 ) ) ;
#1162 = PLANE ( 'NONE',  #3763 ) ;
#1163 = ORIENTED_EDGE ( 'NONE', *, *, #3524, .F. ) ;
#1164 = CARTESIAN_POINT ( 'NONE',  ( 11.00000000000001776, 10.60000000000002629, 9.950000000000038369 ) ) ;
#1165 = DIRECTION ( 'NONE',  ( 0.2425356250363111532, 3.988541659006108938E-16, 0.9701425001453373165 ) ) ;
#1166 =( NAMED_UNIT ( * ) SI_UNIT ( $, .STERADIAN. ) SOLID_ANGLE_UNIT ( ) );
#1167 = CARTESIAN_POINT ( 'NONE',  ( 0.1000003392900121468, 8.200000179588007754, 3.875159725252056653 ) ) ;
#1168 = EDGE_CURVE ( 'NONE', #8121, #7908, #5199, .T. ) ;
#1169 = ADVANCED_FACE ( 'NONE', ( #273 ), #8358, .T. ) ;
#1170 = ORIENTED_EDGE ( 'NONE', *, *, #1303, .T. ) ;
#1171 = CARTESIAN_POINT ( 'NONE',  ( 1.300000000000007816, 7.100000000000010303, -0.7499999999999451550 ) ) ;
#1172 = ORIENTED_EDGE ( 'NONE', *, *, #7778, .T. ) ;
#1173 = CARTESIAN_POINT ( 'NONE',  ( 1.500000000000025535, 7.650000000000010125, 10.85000000000005471 ) ) ;
#1174 = ORIENTED_EDGE ( 'NONE', *, *, #1649, .F. ) ;
#1175 = DIRECTION ( 'NONE',  ( 1.644517855226008195E-15, -1.000000000000000000, -2.890435660536364269E-30 ) ) ;
#1176 = PLANE ( 'NONE',  #2637 ) ;
#1177 = EDGE_LOOP ( 'NONE', ( #7251, #8958, #594, #7697 ) ) ;
#1178 = DIRECTION ( 'NONE',  ( 0.2425356250363077670, 3.988541659006108938E-16, -0.9701425001453382047 ) ) ;
#1179 = LINE ( 'NONE', #7638, #7344 ) ;
#1180 = DIRECTION ( 'NONE',  ( -0.8933250006747832650, 0.4466625002858897187, -0.04962916489077740662 ) ) ;
#1181 = ADVANCED_FACE ( 'NONE', ( #9279 ), #2733, .T. ) ;
#1182 = DIRECTION ( 'NONE',  ( -0.0000000000000000000, 0.0000000000000000000, 1.000000000000000000 ) ) ;
#1183 = EDGE_LOOP ( 'NONE', ( #440, #6831, #10224, #1687, #8946, #8486 ) ) ;
#1184 = STYLED_ITEM ( 'NONE', ( #9958 ), #9992 ) ;
#1185 = CARTESIAN_POINT ( 'NONE',  ( 0.7500000000000249800, 8.200000000000009948, 11.34000000000005492 ) ) ;
#1186 = DIRECTION ( 'NONE',  ( -1.858632295689436398E-15, 0.0000000000000000000, -1.000000000000000000 ) ) ;
#1187 = ORIENTED_EDGE ( 'NONE', *, *, #9879, .T. ) ;
#1188 = DIRECTION ( 'NONE',  ( -1.000000000000000000, -1.644517855226007998E-15, 1.748601263784621946E-15 ) ) ;
#1189 = DIRECTION ( 'NONE',  ( 1.748601263784621946E-15, 0.0000000000000000000, 1.000000000000000000 ) ) ;
#1190 = ORIENTED_EDGE ( 'NONE', *, *, #5017, .T. ) ;
#1191 = EDGE_CURVE ( 'NONE', #3465, #6471, #5911, .T. ) ;
#1192 = AXIS2_PLACEMENT_3D ( 'NONE', #5406, #9596, #3804 ) ;
#1193 = CARTESIAN_POINT ( 'NONE',  ( 9.800000000000025580, 7.394714285714323765, 11.10000000000003695 ) ) ;
#1194 = CARTESIAN_POINT ( 'NONE',  ( 11.00000000000000000, 7.650000000000026112, -3.649999999999963052 ) ) ;
#1195 = SURFACE_SIDE_STYLE ('',( #1103 ) ) ;
#1196 = ORIENTED_EDGE ( 'NONE', *, *, #6243, .F. ) ;
#1197 = VECTOR ( 'NONE', #1298, 1000.000000000000000 ) ;
#1198 = ORIENTED_EDGE ( 'NONE', *, *, #4742, .T. ) ;
#1199 = CARTESIAN_POINT ( 'NONE',  ( 0.7499999999999988898, 7.611199771552088933, -4.639999999999945501 ) ) ;
#1200 = FILL_AREA_STYLE ('',( #2197 ) ) ;
#1201 = DIRECTION ( 'NONE',  ( 1.644517855226007998E-15, -1.000000000000000000, -2.890435660536363919E-30 ) ) ;
#1202 = VECTOR ( 'NONE', #10131, 1000.000000000000227 ) ;
#1203 = DIRECTION ( 'NONE',  ( -0.9428090415820737924, -0.2357022603954949391, 0.2357022603954950224 ) ) ;
#1204 = ORIENTED_EDGE ( 'NONE', *, *, #3626, .T. ) ;
#1205 = AXIS2_PLACEMENT_3D ( 'NONE', #8859, #5691, #10466 ) ;
#1206 = PLANE ( 'NONE',  #7404 ) ;
#1207 = EDGE_CURVE ( 'NONE', #3108, #3818, #5096, .T. ) ;
#1208 = CARTESIAN_POINT ( 'NONE',  ( 0.6500000000000203393, 6.200000000000009059, 6.392777777500055159 ) ) ;
#1209 = EDGE_LOOP ( 'NONE', ( #6427, #6071, #9453, #6944 ) ) ;
#1210 = CARTESIAN_POINT ( 'NONE',  ( 0.7000000000000304867, 4.200000000000009059, 10.31000000000005556 ) ) ;
#1211 = PLANE ( 'NONE',  #6176 ) ;
#1212 = EDGE_LOOP ( 'NONE', ( #2835, #10251, #6295, #1983 ) ) ;
#1213 = DIRECTION ( 'NONE',  ( -1.748601263784621946E-15, 0.0000000000000000000, -1.000000000000000000 ) ) ;
#1214 = CIRCLE ( 'NONE', #1889, 1.299999999999999822 ) ;
#1215 =( NAMED_UNIT ( * ) SI_UNIT ( $, .STERADIAN. ) SOLID_ANGLE_UNIT ( ) );
#1216 = MECHANICAL_DESIGN_GEOMETRIC_PRESENTATION_REPRESENTATION (  '', ( #4624 ), #10390 ) ;
#1217 = VECTOR ( 'NONE', #1329, 1000.000000000000000 ) ;
#1218 = ORIENTED_EDGE ( 'NONE', *, *, #4203, .F. ) ;
#1219 = EDGE_CURVE ( 'NONE', #7460, #1990, #2686, .T. ) ;
#1220 = DIRECTION ( 'NONE',  ( -1.644517855226007998E-15, 1.000000000000000000, 2.890435660536363919E-30 ) ) ;
#1221 = CARTESIAN_POINT ( 'NONE',  ( -0.5999999999999842126, 4.200000000000007283, 1.740000000000056612 ) ) ;
#1222 = VERTEX_POINT ( 'NONE', #3486 ) ;
#1223 = VERTEX_POINT ( 'NONE', #8488 ) ;
#1224 = DIRECTION ( 'NONE',  ( 1.748601263784621946E-15, 0.0000000000000000000, 1.000000000000000000 ) ) ;
#1225 = MECHANICAL_DESIGN_GEOMETRIC_PRESENTATION_REPRESENTATION (  '', ( #891 ), #3249 ) ;
#1226 = ADVANCED_FACE ( 'NONE', ( #7705 ), #9935, .F. ) ;
#1227 = LINE ( 'NONE', #1867, #7533 ) ;
#1228 = VERTEX_POINT ( 'NONE', #6059 ) ;
#1229 = CARTESIAN_POINT ( 'NONE',  ( 9.700000000000011724, 10.60000000000002274, 6.550000000000039790 ) ) ;
#1230 = DIRECTION ( 'NONE',  ( -1.000000000000000000, -1.644517855226007801E-15, 1.748601263784621748E-15 ) ) ;
#1231 = ORIENTED_EDGE ( 'NONE', *, *, #975, .F. ) ;
#1232 = LINE ( 'NONE', #948, #1772 ) ;
#1233 = PLANE ( 'NONE',  #3583 ) ;
#1234 = VECTOR ( 'NONE', #1584, 1000.000000000000227 ) ;
#1235 = EDGE_CURVE ( 'NONE', #10164, #5393, #8336, .T. ) ;
#1236 = AXIS2_PLACEMENT_3D ( 'NONE', #31, #5885, #9107 ) ;
#1237 = CARTESIAN_POINT ( 'NONE',  ( 0.7000000000000234923, 8.200000000000009948, 10.31000000000005556 ) ) ;
#1238 = DIRECTION ( 'NONE',  ( -1.748601263784621946E-15, 0.0000000000000000000, -1.000000000000000000 ) ) ;
#1239 = MECHANICAL_DESIGN_GEOMETRIC_PRESENTATION_REPRESENTATION (  '', ( #7715 ), #250 ) ;
#1240 = EDGE_CURVE ( 'NONE', #1830, #8062, #1993, .T. ) ;
#1241 = CARTESIAN_POINT ( 'NONE',  ( 1.300000000000016476, 7.100000000000010303, 4.250000000000055067 ) ) ;
#1242 = CARTESIAN_POINT ( 'NONE',  ( 0.1000000000000323547, 5.400000000000009237, 12.85000000000005649 ) ) ;
#1243 = EDGE_CURVE ( 'NONE', #4156, #155, #8542, .T. ) ;
#1244 = VERTEX_POINT ( 'NONE', #1044 ) ;
#1245 = ORIENTED_EDGE ( 'NONE', *, *, #7362, .T. ) ;
#1246 = FACE_OUTER_BOUND ( 'NONE', #8106, .T. ) ;
#1247 = MECHANICAL_DESIGN_GEOMETRIC_PRESENTATION_REPRESENTATION (  '', ( #253 ), #1590 ) ;
#1248 = ORIENTED_EDGE ( 'NONE', *, *, #2401, .T. ) ;
#1249 = VECTOR ( 'NONE', #1978, 1000.000000000000114 ) ;
#1250 = VECTOR ( 'NONE', #4090, 1000.000000000000114 ) ;
#1251 = LINE ( 'NONE', #4395, #444 ) ;
#1252 = DIRECTION ( 'NONE',  ( -3.230361199318120148E-07, -1.709844728725060429E-07, -0.9999999999999331646 ) ) ;
#1253 = EDGE_CURVE ( 'NONE', #5589, #5915, #4296, .T. ) ;
#1254 = ORIENTED_EDGE ( 'NONE', *, *, #2353, .T. ) ;
#1255 = VECTOR ( 'NONE', #5835, 1000.000000000000000 ) ;
#1256 = VERTEX_POINT ( 'NONE', #8645 ) ;
#1257 = LINE ( 'NONE', #10150, #5623 ) ;
#1258 = CARTESIAN_POINT ( 'NONE',  ( 0.7000000000000061728, 4.200000000000009059, -3.609999999999944809 ) ) ;
#1259 = ORIENTED_EDGE ( 'NONE', *, *, #8960, .T. ) ;
#1260 = EDGE_CURVE ( 'NONE', #5441, #7007, #9394, .T. ) ;
#1261 = PRESENTATION_LAYER_ASSIGNMENT (  '', '', ( #9085 ) ) ;
#1262 = AXIS2_PLACEMENT_3D ( 'NONE', #9106, #9252, #4375 ) ;
#1263 = ORIENTED_EDGE ( 'NONE', *, *, #782, .F. ) ;
#1264 = DIRECTION ( 'NONE',  ( -0.9883716976506232710, 0.1520571842539018281, 1.728267999600831987E-15 ) ) ;
#1265 =( LENGTH_UNIT ( ) NAMED_UNIT ( * ) SI_UNIT ( .MILLI., .METRE. ) );
#1266 = ORIENTED_EDGE ( 'NONE', *, *, #1948, .F. ) ;
#1267 = STYLED_ITEM ( 'NONE', ( #8800 ), #4758 ) ;
#1268 = DIRECTION ( 'NONE',  ( -1.000000000000000000, -1.644517855226007998E-15, 1.748601263784621946E-15 ) ) ;
#1269 = AXIS2_PLACEMENT_3D ( 'NONE', #6948, #8444, #2789 ) ;
#1270 = LINE ( 'NONE', #6171, #8599 ) ;
#1271 = CARTESIAN_POINT ( 'NONE',  ( 2.400000000000016787, 7.650000000000011902, 5.850000000000052047 ) ) ;
#1272 = ORIENTED_EDGE ( 'NONE', *, *, #1770, .T. ) ;
#1273 = LINE ( 'NONE', #5419, #4793 ) ;
#1274 = FACE_OUTER_BOUND ( 'NONE', #5001, .T. ) ;
#1275 = VECTOR ( 'NONE', #9572, 1000.000000000000000 ) ;
#1276 = VECTOR ( 'NONE', #1806, 1000.000000000000000 ) ;
#1277 = VECTOR ( 'NONE', #3424, 1000.000000000000000 ) ;
#1278 = ORIENTED_EDGE ( 'NONE', *, *, #6459, .T. ) ;
#1279 = FILL_AREA_STYLE ('',( #9251 ) ) ;
#1280 = CARTESIAN_POINT ( 'NONE',  ( 11.00000000000000711, 7.650000000000026112, 0.3850000000000380895 ) ) ;
#1281 = ORIENTED_EDGE ( 'NONE', *, *, #615, .T. ) ;
#1282 = ORIENTED_EDGE ( 'NONE', *, *, #9691, .F. ) ;
#1283 = CARTESIAN_POINT ( 'NONE',  ( 0.1000000000000080685, 7.650000000000007461, 0.3500000000000568767 ) ) ;
#1284 = AXIS2_PLACEMENT_3D ( 'NONE', #6744, #1841, #9987 ) ;
#1285 = LINE ( 'NONE', #7131, #2199 ) ;
#1286 = DIRECTION ( 'NONE',  ( -1.748601263784621748E-15, 0.0000000000000000000, -1.000000000000000000 ) ) ;
#1287 = CARTESIAN_POINT ( 'NONE',  ( 0.7500000000000111022, -0.2499999999999906741, -4.399999999999944400 ) ) ;
#1288 =( NAMED_UNIT ( * ) PLANE_ANGLE_UNIT ( ) SI_UNIT ( $, .RADIAN. ) );
#1289 = AXIS2_PLACEMENT_3D ( 'NONE', #8265, #976, #8415 ) ;
#1290 = ADVANCED_FACE ( 'NONE', ( #10350 ), #1304, .T. ) ;
#1291 = FILL_AREA_STYLE ('',( #8580 ) ) ;
#1292 = EDGE_CURVE ( 'NONE', #2636, #5712, #575, .T. ) ;
#1293 = DIRECTION ( 'NONE',  ( 1.595945597898462472E-14, 2.337000431716910882E-29, 1.000000000000000000 ) ) ;
#1294 = CARTESIAN_POINT ( 'NONE',  ( 9.700000000000020606, 10.60000000000002274, 11.55000000000003979 ) ) ;
#1295 = ORIENTED_EDGE ( 'NONE', *, *, #5985, .F. ) ;
#1296 = DIRECTION ( 'NONE',  ( -1.000000000000000000, -1.644517855226007998E-15, 1.748601263784621946E-15 ) ) ;
#1297 = ORIENTED_EDGE ( 'NONE', *, *, #6123, .T. ) ;
#1298 = DIRECTION ( 'NONE',  ( -0.9238697708742994452, 0.3553345272593985138, 0.1421338109037016129 ) ) ;
#1299 = VECTOR ( 'NONE', #9711, 1000.000000000000000 ) ;
#1300 = VERTEX_POINT ( 'NONE', #5567 ) ;
#1301 = EDGE_CURVE ( 'NONE', #8593, #7128, #4500, .T. ) ;
#1302 = EDGE_CURVE ( 'NONE', #3084, #4901, #6208, .T. ) ;
#1303 = EDGE_CURVE ( 'NONE', #8234, #5776, #10192, .T. ) ;
#1304 = PLANE ( 'NONE',  #885 ) ;
#1305 = DIRECTION ( 'NONE',  ( -0.1788854381999993026, -2.941802971598303344E-16, 0.9838699100999045433 ) ) ;
#1306 = ORIENTED_EDGE ( 'NONE', *, *, #5261, .F. ) ;
#1307 = ORIENTED_EDGE ( 'NONE', *, *, #8090, .T. ) ;
#1308 = DIRECTION ( 'NONE',  ( 0.2357022603954955775, -0.9428090415820740144, 0.2357022603954931905 ) ) ;
#1309 = DIRECTION ( 'NONE',  ( -0.7071067811865487940, -1.162849727212667278E-15, -0.7071067811865463515 ) ) ;
#1310 = DIRECTION ( 'NONE',  ( -1.000000000000000000, -1.644517855226007998E-15, 1.748601263784621946E-15 ) ) ;
#1311 = ORIENTED_EDGE ( 'NONE', *, *, #2272, .F. ) ;
#1312 = DIRECTION ( 'NONE',  ( -0.9428090415820746806, 0.2357022603954918860, 0.2357022603954950779 ) ) ;
#1313 = EDGE_CURVE ( 'NONE', #3451, #3861, #4597, .T. ) ;
#1314 = DIRECTION ( 'NONE',  ( -1.644517855226008195E-15, 1.000000000000000000, 2.890435660536364269E-30 ) ) ;
#1315 = DIRECTION ( 'NONE',  ( 1.644517855226007998E-15, -1.000000000000000000, -2.890435660536363919E-30 ) ) ;
#1316 = CARTESIAN_POINT ( 'NONE',  ( 2.400000000000018563, 8.200000000000011724, 7.137439318958052503 ) ) ;
#1317 = ORIENTED_EDGE ( 'NONE', *, *, #7296, .F. ) ;
#1318 = DIRECTION ( 'NONE',  ( -0.2307692307692121303, 0.9730085108210442257, 4.170008355713480602E-16 ) ) ;
#1319 = CARTESIAN_POINT ( 'NONE',  ( 2.400000000000020339, 10.60000000000001030, 10.35000000000005294 ) ) ;
#1320 = ORIENTED_EDGE ( 'NONE', *, *, #1551, .T. ) ;
#1321 = SURFACE_SIDE_STYLE ('',( #4465 ) ) ;
#1322 = DIRECTION ( 'NONE',  ( -0.3589790793088810106, -0.9333456062030549560, 6.277112717517495216E-16 ) ) ;
#1323 = ADVANCED_FACE ( 'NONE', ( #9590 ), #10302, .F. ) ;
#1324 = ORIENTED_EDGE ( 'NONE', *, *, #5672, .F. ) ;
#1325 = PLANE ( 'NONE',  #3483 ) ;
#1326 = LINE ( 'NONE', #3174, #5873 ) ;
#1327 = EDGE_LOOP ( 'NONE', ( #4135, #7315, #6661, #1464 ) ) ;
#1328 = ORIENTED_EDGE ( 'NONE', *, *, #3161, .T. ) ;
#1329 = DIRECTION ( 'NONE',  ( 0.9486832980505233159, 1.560126622598782925E-15, -0.3162277660168096305 ) ) ;
#1330 = CARTESIAN_POINT ( 'NONE',  ( 2.400000000000007905, 5.400000000000012790, -2.028679656439947632 ) ) ;
#1331 = DIRECTION ( 'NONE',  ( 1.644517855226008195E-15, -1.000000000000000000, -2.890435660536364269E-30 ) ) ;
#1332 = LINE ( 'NONE', #3722, #8922 ) ;
#1333 = ORIENTED_EDGE ( 'NONE', *, *, #5235, .F. ) ;
#1334 = CARTESIAN_POINT ( 'NONE',  ( 2.500000000000021316, 3.750000000000012434, 4.050000000000054001 ) ) ;
#1335 = FACE_OUTER_BOUND ( 'NONE', #6682, .T. ) ;
#1336 = PLANE ( 'NONE',  #7915 ) ;
#1337 = DIRECTION ( 'NONE',  ( 0.1205431253957962856, 0.9927080914950846546, -2.107818614076375132E-16 ) ) ;
#1338 = DIRECTION ( 'NONE',  ( 0.9883716976506232710, 1.625394904386490918E-15, 0.1520571842539017449 ) ) ;
#1339 = UNCERTAINTY_MEASURE_WITH_UNIT (LENGTH_MEASURE( 1.000000000000000082E-05 ), #814, 'distance_accuracy_value', 'NONE');
#1340 = FILL_AREA_STYLE_COLOUR ( '', #2411 ) ;
#1341 = B_SPLINE_CURVE_WITH_KNOTS ( 'NONE', 3,
 ( #1577, #2528, #10510, #7332, #4823 ),
 .UNSPECIFIED., .F., .F.,
 ( 4, 1, 4 ),
 ( 0.0000000000000000000, 0.5000000000000000000, 1.000000000000000000 ),
 .UNSPECIFIED. ) ;
#1342 = ORIENTED_EDGE ( 'NONE', *, *, #4728, .T. ) ;
#1343 = SURFACE_STYLE_FILL_AREA ( #3789 ) ;
#1344 = VERTEX_POINT ( 'NONE', #631 ) ;
#1345 = DIRECTION ( 'NONE',  ( -1.644517855226007998E-15, 1.000000000000000000, 2.875605999964573094E-30 ) ) ;
#1346 = ORIENTED_EDGE ( 'NONE', *, *, #2257, .F. ) ;
#1347 = SURFACE_STYLE_USAGE ( .BOTH. , #9431 ) ;
#1348 = EDGE_CURVE ( 'NONE', #2510, #3340, #7062, .T. ) ;
#1349 = SURFACE_SIDE_STYLE ('',( #5399 ) ) ;
#1350 = SURFACE_STYLE_FILL_AREA ( #5403 ) ;
#1351 = EDGE_LOOP ( 'NONE', ( #9097, #2850, #3005, #9347 ) ) ;
#1352 = EDGE_LOOP ( 'NONE', ( #9395, #1468, #7091, #7605 ) ) ;
#1353 = FACE_OUTER_BOUND ( 'NONE', #9851, .T. ) ;
#1354 = EDGE_CURVE ( 'NONE', #4376, #8569, #7010, .T. ) ;
#1355 = CARTESIAN_POINT ( 'NONE',  ( 11.00000000000001599, 11.10000000000002451, 9.950000000000038369 ) ) ;
#1356 =( NAMED_UNIT ( * ) SI_UNIT ( $, .STERADIAN. ) SOLID_ANGLE_UNIT ( ) );
#1357 = ORIENTED_EDGE ( 'NONE', *, *, #5672, .T. ) ;
#1358 = VECTOR ( 'NONE', #8822, 1000.000000000000000 ) ;
#1359 = SURFACE_STYLE_FILL_AREA ( #7227 ) ;
#1360 = EDGE_CURVE ( 'NONE', #5009, #4846, #7157, .T. ) ;
#1361 = ADVANCED_FACE ( 'NONE', ( #6363 ), #6151, .F. ) ;
#1362 = MECHANICAL_DESIGN_GEOMETRIC_PRESENTATION_REPRESENTATION (  '', ( #2203 ), #692 ) ;
#1363 = CARTESIAN_POINT ( 'NONE',  ( 9.799999999999998934, 7.394714285714323765, -4.399999999999961275 ) ) ;
#1364 = SURFACE_STYLE_USAGE ( .BOTH. , #3981 ) ;
#1365 = VERTEX_POINT ( 'NONE', #10508 ) ;
#1366 = DIRECTION ( 'NONE',  ( -1.858632295689437187E-15, 0.0000000000000000000, -1.000000000000000000 ) ) ;
#1367 = ADVANCED_FACE ( 'NONE', ( #3159 ), #10356, .T. ) ;
#1368 = DIRECTION ( 'NONE',  ( -2.168404344971010446E-15, 0.3928571428571054347, -0.9195995135417112110 ) ) ;
#1369 = ADVANCED_FACE ( 'NONE', ( #2158 ), #4034, .F. ) ;
#1370 = VERTEX_POINT ( 'NONE', #9444 ) ;
#1371 = DIRECTION ( 'NONE',  ( -1.748601263784621946E-15, 0.0000000000000000000, -1.000000000000000000 ) ) ;
#1372 = VECTOR ( 'NONE', #1189, 1000.000000000000000 ) ;
#1373 = VECTOR ( 'NONE', #10084, 999.9999999999998863 ) ;
#1374 = ORIENTED_EDGE ( 'NONE', *, *, #9289, .T. ) ;
#1375 = LINE ( 'NONE', #7085, #7735 ) ;
#1376 = ORIENTED_EDGE ( 'NONE', *, *, #1243, .T. ) ;
#1377 = PRESENTATION_LAYER_ASSIGNMENT (  '', '', ( #7512 ) ) ;
#1378 = LINE ( 'NONE', #6979, #8690 ) ;
#1379 =( NAMED_UNIT ( * ) SI_UNIT ( $, .STERADIAN. ) SOLID_ANGLE_UNIT ( ) );
#1380 = EDGE_CURVE ( 'NONE', #4436, #3472, #6311, .T. ) ;
#1381 = DIRECTION ( 'NONE',  ( 1.927470528863119344E-15, 0.0000000000000000000, 1.000000000000000000 ) ) ;
#1382 = CARTESIAN_POINT ( 'NONE',  ( 8.799999999999997158, 8.144714285714321989, -4.649999999999958611 ) ) ;
#1383 = ORIENTED_EDGE ( 'NONE', *, *, #4898, .F. ) ;
#1384 = CARTESIAN_POINT ( 'NONE',  ( -0.1999999993499857465, 8.599999999630806968, 5.260000002215058146 ) ) ;
#1385 = AXIS2_PLACEMENT_3D ( 'NONE', #5093, #6583, #953 ) ;
#1386 = PRESENTATION_LAYER_ASSIGNMENT (  '', '', ( #6660 ) ) ;
#1387 = PRESENTATION_LAYER_ASSIGNMENT (  '', '', ( #5652 ) ) ;
#1388 = DIRECTION ( 'NONE',  ( -0.8076923076923187006, 0.5896042198752116104, 1.334402673828312846E-15 ) ) ;
#1389 = DIRECTION ( 'NONE',  ( 1.748601263784621946E-15, 0.0000000000000000000, 1.000000000000000000 ) ) ;
#1390 = CARTESIAN_POINT ( 'NONE',  ( 0.09999999999999592548, 10.60000000000000675, -3.649999999999943956 ) ) ;
#1391 = DIRECTION ( 'NONE',  ( 1.644517855226007998E-15, -1.000000000000000000, -2.890435660536363919E-30 ) ) ;
#1392 = FILL_AREA_STYLE_COLOUR ( '', #8220 ) ;
#1393 = CARTESIAN_POINT ( 'NONE',  ( 9.800000000000007816, 7.394714285714323765, 1.100000000000038503 ) ) ;
#1394 = VECTOR ( 'NONE', #7238, 1000.000000000000000 ) ;
#1395 = EDGE_LOOP ( 'NONE', ( #4908, #7649, #9991, #4679, #1858 ) ) ;
#1396 = DIRECTION ( 'NONE',  ( 0.0000000000000000000, -0.6949152542373066010, -0.7190916418846066138 ) ) ;
#1397 = ORIENTED_EDGE ( 'NONE', *, *, #584, .F. ) ;
#1398 = AXIS2_PLACEMENT_3D ( 'NONE', #6563, #1718, #8122 ) ;
#1399 = VECTOR ( 'NONE', #7839, 1000.000000000000000 ) ;
#1400 = PRESENTATION_STYLE_ASSIGNMENT (( #3090 ) ) ;
#1401 = CARTESIAN_POINT ( 'NONE',  ( 0.7000000000000148326, 4.200000000000009059, 1.390000000000055191 ) ) ;
#1402 = CARTESIAN_POINT ( 'NONE',  ( 1.400000000000023670, 8.959743461390676345, 10.35409178067005342 ) ) ;
#1403 = CARTESIAN_POINT ( 'NONE',  ( 9.700000000000015277, 5.400000000000024336, 3.728679656440040624 ) ) ;
#1404 = VERTEX_POINT ( 'NONE', #10311 ) ;
#1405 = ORIENTED_EDGE ( 'NONE', *, *, #4821, .T. ) ;
#1406 = DIRECTION ( 'NONE',  ( -1.000000000000000000, -1.644517855226007801E-15, 1.748601263784621748E-15 ) ) ;
#1407 = DIRECTION ( 'NONE',  ( -1.748601263784621946E-15, 0.0000000000000000000, -1.000000000000000000 ) ) ;
#1408 = LINE ( 'NONE', #6854, #2756 ) ;
#1409 = ORIENTED_EDGE ( 'NONE', *, *, #6376, .T. ) ;
#1410 =( GEOMETRIC_REPRESENTATION_CONTEXT ( 3 ) GLOBAL_UNCERTAINTY_ASSIGNED_CONTEXT ( ( #9852 ) ) GLOBAL_UNIT_ASSIGNED_CONTEXT ( ( #1949, #8493, #9132 ) ) REPRESENTATION_CONTEXT ( 'NONE', 'WORKASPACE' ) );
#1411 = DIRECTION ( 'NONE',  ( -1.000000000000000000, -1.644517855226007801E-15, 1.748601263784621748E-15 ) ) ;
#1412 = EDGE_CURVE ( 'NONE', #6666, #770, #4719, .T. ) ;
#1413 = AXIS2_PLACEMENT_3D ( 'NONE', #4219, #5016, #5765 ) ;
#1414 = EDGE_CURVE ( 'NONE', #8189, #3388, #4291, .T. ) ;
#1415 = AXIS2_PLACEMENT_3D ( 'NONE', #6571, #3363, #6620 ) ;
#1416 = PLANE ( 'NONE',  #7859 ) ;
#1417 = LINE ( 'NONE', #3916, #556 ) ;
#1418 = DIRECTION ( 'NONE',  ( 1.748601263784621946E-15, 0.0000000000000000000, 1.000000000000000000 ) ) ;
#1419 = ORIENTED_EDGE ( 'NONE', *, *, #5067, .T. ) ;
#1420 = EDGE_CURVE ( 'NONE', #7194, #3388, #9488, .T. ) ;
#1421 = LINE ( 'NONE', #3604, #5655 ) ;
#1422 = CARTESIAN_POINT ( 'NONE',  ( 3.950000000000027267, 7.144714285714313995, 11.35000000000004761 ) ) ;
#1423 =( GEOMETRIC_REPRESENTATION_CONTEXT ( 3 ) GLOBAL_UNCERTAINTY_ASSIGNED_CONTEXT ( ( #9316 ) ) GLOBAL_UNIT_ASSIGNED_CONTEXT ( ( #1999, #9331, #2892 ) ) REPRESENTATION_CONTEXT ( 'NONE', 'WORKASPACE' ) );
#1424 = CARTESIAN_POINT ( 'NONE',  ( 9.300000000000014921, 7.644714285714304225, 5.475000000000041389 ) ) ;
#1425 = ORIENTED_EDGE ( 'NONE', *, *, #8006, .F. ) ;
#1426 = LINE ( 'NONE', #9454, #2903 ) ;
#1427 = VECTOR ( 'NONE', #3555, 1000.000000000000000 ) ;
#1428 = EDGE_CURVE ( 'NONE', #6753, #8203, #8024, .T. ) ;
#1429 = VECTOR ( 'NONE', #10432, 1000.000000000000000 ) ;
#1430 = VECTOR ( 'NONE', #382, 1000.000000000000000 ) ;
#1431 = DIRECTION ( 'NONE',  ( 1.748601263784621946E-15, 0.0000000000000000000, 1.000000000000000000 ) ) ;
#1432 =( NAMED_UNIT ( * ) PLANE_ANGLE_UNIT ( ) SI_UNIT ( $, .RADIAN. ) );
#1433 = ORIENTED_EDGE ( 'NONE', *, *, #519, .T. ) ;
#1434 = AXIS2_PLACEMENT_3D ( 'NONE', #1907, #10056, #9953 ) ;
#1435 = DIRECTION ( 'NONE',  ( 0.9838699100999044322, 1.617991634378899626E-15, 0.1788854381999992749 ) ) ;
#1436 = CARTESIAN_POINT ( 'NONE',  ( 3.950000000000025491, 8.144714285714314883, 11.35000000000004761 ) ) ;
#1437 = VECTOR ( 'NONE', #9626, 1000.000000000000114 ) ;
#1438 = VERTEX_POINT ( 'NONE', #1469 ) ;
#1439 = CARTESIAN_POINT ( 'NONE',  ( 0.09999999999999939493, 7.650000000000007461, -4.149999999999943512 ) ) ;
#1440 = COLOUR_RGB ( '',1.000000000000000000, 1.000000000000000000, 1.000000000000000000 ) ;
#1441 = VECTOR ( 'NONE', #3690, 1000.000000000000000 ) ;
#1442 = ADVANCED_FACE ( 'NONE', ( #4765 ), #7976, .F. ) ;
#1443 = VECTOR ( 'NONE', #9864, 1000.000000000000000 ) ;
#1444 = AXIS2_PLACEMENT_3D ( 'NONE', #7005, #9534, #6209 ) ;
#1445 = PLANE ( 'NONE',  #760 ) ;
#1446 = UNCERTAINTY_MEASURE_WITH_UNIT (LENGTH_MEASURE( 1.000000000000000082E-05 ), #969, 'distance_accuracy_value', 'NONE');
#1447 = VECTOR ( 'NONE', #10272, 1000.000000000000000 ) ;
#1448 = CARTESIAN_POINT ( 'NONE',  ( 1.300000000000009592, 5.400000000000011013, -0.7499999999999451550 ) ) ;
#1449 = DIRECTION ( 'NONE',  ( 0.7071067811864963915, 1.162849727212585237E-15, -0.7071067811865986430 ) ) ;
#1450 = ORIENTED_EDGE ( 'NONE', *, *, #290, .T. ) ;
#1451 = SURFACE_STYLE_USAGE ( .BOTH. , #9471 ) ;
#1452 = ORIENTED_EDGE ( 'NONE', *, *, #9809, .T. ) ;
#1453 = ORIENTED_EDGE ( 'NONE', *, *, #7986, .T. ) ;
#1454 = CARTESIAN_POINT ( 'NONE',  ( 1.500000000000018652, 8.109625349781611092, 6.340000000000054037 ) ) ;
#1455 = ORIENTED_EDGE ( 'NONE', *, *, #9313, .T. ) ;
#1456 = DIRECTION ( 'NONE',  ( -1.858632295689436004E-15, 0.0000000000000000000, -1.000000000000000000 ) ) ;
#1457 = CIRCLE ( 'NONE', #5544, 1.400000000001999201 ) ;
#1458 = MECHANICAL_DESIGN_GEOMETRIC_PRESENTATION_REPRESENTATION (  '', ( #285 ), #3808 ) ;
#1459 = EDGE_CURVE ( 'NONE', #4119, #1895, #3912, .T. ) ;
#1460 = ORIENTED_EDGE ( 'NONE', *, *, #6720, .T. ) ;
#1461 = STYLED_ITEM ( 'NONE', ( #4015 ), #7028 ) ;
#1462 = FACE_OUTER_BOUND ( 'NONE', #5931, .T. ) ;
#1463 = DIRECTION ( 'NONE',  ( 2.019514764053892180E-15, -0.9701425001453377606, 0.2425356250363094601 ) ) ;
#1464 = ORIENTED_EDGE ( 'NONE', *, *, #9424, .F. ) ;
#1465 = VERTEX_POINT ( 'NONE', #2314 ) ;
#1466 = LINE ( 'NONE', #2999, #1526 ) ;
#1467 = DIRECTION ( 'NONE',  ( 1.000000000000000000, 1.644517855226007801E-15, -1.748601263784621748E-15 ) ) ;
#1468 = ORIENTED_EDGE ( 'NONE', *, *, #3640, .F. ) ;
#1469 = CARTESIAN_POINT ( 'NONE',  ( 1.500000000000008216, 8.200000000000009948, 1.315000000000053904 ) ) ;
#1470 = CARTESIAN_POINT ( 'NONE',  ( 0.7500000000000301981, -0.2499999999999906741, 6.100000000000054712 ) ) ;
#1471 = FACE_OUTER_BOUND ( 'NONE', #9276, .T. ) ;
#1472 = CARTESIAN_POINT ( 'NONE',  ( 0.7000000000000304867, 6.250000000000008882, 12.65000000000005365 ) ) ;
#1473 = EDGE_LOOP ( 'NONE', ( #7356, #4226, #5742, #7312 ) ) ;
#1474 = CARTESIAN_POINT ( 'NONE',  ( -0.5999999999999980904, 10.75000000000000533, -0.9499999999999404476 ) ) ;
#1475 = CARTESIAN_POINT ( 'NONE',  ( 11.00000000000001421, 5.200000000000025935, 3.054540768505037196 ) ) ;
#1476 = CARTESIAN_POINT ( 'NONE',  ( 9.800000000000006040, 7.894714285714324653, 0.6000000000000388356 ) ) ;
#1477 = ORIENTED_EDGE ( 'NONE', *, *, #311, .F. ) ;
#1478 = CARTESIAN_POINT ( 'NONE',  ( 1.800000000000001155, 6.844714285714310620, -4.639999999999947278 ) ) ;
#1479 =( NAMED_UNIT ( * ) SI_UNIT ( $, .STERADIAN. ) SOLID_ANGLE_UNIT ( ) );
#1480 = CARTESIAN_POINT ( 'NONE',  ( 9.799999999999998934, 7.894714285714324653, -3.899999999999961720 ) ) ;
#1481 = PLANE ( 'NONE',  #4833 ) ;
#1482 = EDGE_LOOP ( 'NONE', ( #5226, #5327 ) ) ;
#1483 = CARTESIAN_POINT ( 'NONE',  ( 1.400000000000016787, 8.959289480517522719, 6.345734842346005600 ) ) ;
#1484 = DIRECTION ( 'NONE',  ( -1.748601263784621748E-15, 1.482966057179082451E-32, -1.000000000000000000 ) ) ;
#1485 = LINE ( 'NONE', #8723, #2028 ) ;
#1486 = ORIENTED_EDGE ( 'NONE', *, *, #6770, .F. ) ;
#1487 = CARTESIAN_POINT ( 'NONE',  ( 10.34999999141861338, 4.400000001320025333, 0.8500000000000382805 ) ) ;
#1488 = CARTESIAN_POINT ( 'NONE',  ( 1.500000000000015099, 8.200000000000009948, 5.360000000000054499 ) ) ;
#1489 = EDGE_CURVE ( 'NONE', #6946, #155, #5576, .T. ) ;
#1490 = ADVANCED_FACE ( 'NONE', ( #8856 ), #8803, .T. ) ;
#1491 = ADVANCED_FACE ( 'NONE', ( #119 ), #7450, .F. ) ;
#1492 = DIRECTION ( 'NONE',  ( -1.748601263784621946E-15, 0.0000000000000000000, -1.000000000000000000 ) ) ;
#1493 = ORIENTED_EDGE ( 'NONE', *, *, #4332, .F. ) ;
#1494 = CARTESIAN_POINT ( 'NONE',  ( 2.400000000000007905, 5.400000000000012790, -2.028679656439947632 ) ) ;
#1495 = DIRECTION ( 'NONE',  ( 4.409168710219787326E-12, -1.383238189413992979E-12, 1.000000000000000000 ) ) ;
#1496 = VERTEX_POINT ( 'NONE', #4292 ) ;
#1497 = FILL_AREA_STYLE ('',( #1392 ) ) ;
#1498 = ORIENTED_EDGE ( 'NONE', *, *, #8294, .T. ) ;
#1499 = ORIENTED_EDGE ( 'NONE', *, *, #2013, .F. ) ;
#1500 = LINE ( 'NONE', #1454, #9513 ) ;
#1501 = EDGE_CURVE ( 'NONE', #6077, #3532, #7546, .T. ) ;
#1502 = ORIENTED_EDGE ( 'NONE', *, *, #8665, .T. ) ;
#1503 = CARTESIAN_POINT ( 'NONE',  ( 11.00000000000002309, 7.650000000000026112, 10.35000000000003695 ) ) ;
#1504 = FILL_AREA_STYLE_COLOUR ( '', #4457 ) ;
#1505 = PLANE ( 'NONE',  #8751 ) ;
#1506 = ORIENTED_EDGE ( 'NONE', *, *, #7821, .F. ) ;
#1507 = CARTESIAN_POINT ( 'NONE',  ( 1.500000000000029088, 6.480000000000010196, 11.35000000000005294 ) ) ;
#1508 = ORIENTED_EDGE ( 'NONE', *, *, #1634, .T. ) ;
#1509 = ORIENTED_EDGE ( 'NONE', *, *, #5336, .T. ) ;
#1510 = DIRECTION ( 'NONE',  ( 1.644517855226007998E-15, -1.000000000000000000, -2.875605999964573094E-30 ) ) ;
#1511 = EDGE_CURVE ( 'NONE', #3901, #8361, #1800, .T. ) ;
#1512 = ORIENTED_EDGE ( 'NONE', *, *, #9165, .F. ) ;
#1513 = CARTESIAN_POINT ( 'NONE',  ( 10.35000000000002451, 5.300000000000025580, 8.350000000000038725 ) ) ;
#1514 = CARTESIAN_POINT ( 'NONE',  ( 2.400000000000027001, 5.400000000000012790, 9.450000000000052580 ) ) ;
#1515 = LINE ( 'NONE', #738, #6310 ) ;
#1516 = CARTESIAN_POINT ( 'NONE',  ( 0.6205608657817325291, 9.369703792022287203, -4.649999999998310152 ) ) ;
#1517 = ORIENTED_EDGE ( 'NONE', *, *, #6326, .F. ) ;
#1518 = ORIENTED_EDGE ( 'NONE', *, *, #10202, .F. ) ;
#1519 = AXIS2_PLACEMENT_3D ( 'NONE', #5482, #3068, #10278 ) ;
#1520 = FACE_OUTER_BOUND ( 'NONE', #6952, .T. ) ;
#1521 = LINE ( 'NONE', #4677, #3499 ) ;
#1522 = FACE_OUTER_BOUND ( 'NONE', #10500, .T. ) ;
#1523 = ORIENTED_EDGE ( 'NONE', *, *, #3512, .F. ) ;
#1524 = DIRECTION ( 'NONE',  ( -0.9333456062030549560, 0.3589790793088810106, 1.632049306554485608E-15 ) ) ;
#1525 = MANIFOLD_SOLID_BREP ( 'Combine1', #10107 ) ;
#1526 = VECTOR ( 'NONE', #636, 1000.000000000000000 ) ;
#1527 = EDGE_CURVE ( 'NONE', #8073, #5495, #170, .T. ) ;
#1528 = VERTEX_POINT ( 'NONE', #5848 ) ;
#1529 = CARTESIAN_POINT ( 'NONE',  ( 3.950000000000017053, 7.144714285714313995, 5.350000000000050271 ) ) ;
#1530 = VERTEX_POINT ( 'NONE', #9072 ) ;
#1531 = CARTESIAN_POINT ( 'NONE',  ( 1.398548747334008358, 8.959230384045008933, 1.350000000000053380 ) ) ;
#1532 = DIRECTION ( 'NONE',  ( 0.9838699100999044322, 1.617991634378899626E-15, 0.1788854381999992749 ) ) ;
#1533 = PLANE ( 'NONE',  #6805 ) ;
#1534 = SURFACE_STYLE_USAGE ( .BOTH. , #20 ) ;
#1535 = AXIS2_PLACEMENT_3D ( 'NONE', #3736, #10241, #7105 ) ;
#1536 = ORIENTED_EDGE ( 'NONE', *, *, #2024, .T. ) ;
#1537 = FACE_OUTER_BOUND ( 'NONE', #3336, .T. ) ;
#1538 = DIRECTION ( 'NONE',  ( 1.644517855226008195E-15, -1.000000000000000000, -2.890435660536364269E-30 ) ) ;
#1539 = ADVANCED_FACE ( 'NONE', ( #5047 ), #8290, .T. ) ;
#1540 = VECTOR ( 'NONE', #3181, 1000.000000000000114 ) ;
#1541 = EDGE_CURVE ( 'NONE', #2396, #8513, #4707, .T. ) ;
#1542 = CARTESIAN_POINT ( 'NONE',  ( 0.5000000000000195399, 6.844714285714308843, 6.350000000000055600 ) ) ;
#1543 = VERTEX_POINT ( 'NONE', #3896 ) ;
#1544 = UNCERTAINTY_MEASURE_WITH_UNIT (LENGTH_MEASURE( 1.000000000000000082E-05 ), #796, 'distance_accuracy_value', 'NONE');
#1545 = AXIS2_PLACEMENT_3D ( 'NONE', #4931, #5051, #6529 ) ;
#1546 = DIRECTION ( 'NONE',  ( -1.000000000000000000, -1.644517855226007801E-15, 1.748601263784621748E-15 ) ) ;
#1547 = LINE ( 'NONE', #5604, #3666 ) ;
#1548 = ORIENTED_EDGE ( 'NONE', *, *, #7094, .F. ) ;
#1549 = FACE_OUTER_BOUND ( 'NONE', #2421, .T. ) ;
#1550 = ORIENTED_EDGE ( 'NONE', *, *, #8294, .F. ) ;
#1551 = EDGE_CURVE ( 'NONE', #5971, #5821, #7150, .T. ) ;
#1552 = ORIENTED_EDGE ( 'NONE', *, *, #3587, .F. ) ;
#1553 = CARTESIAN_POINT ( 'NONE',  ( 0.6999999999999992895, 6.250000000000008882, -5.949999999999944222 ) ) ;
#1554 = AXIS2_PLACEMENT_3D ( 'NONE', #1283, #7896, #654 ) ;
#1555 = VECTOR ( 'NONE', #107, 1000.000000000000000 ) ;
#1556 = LINE ( 'NONE', #7000, #6675 ) ;
#1557 = VECTOR ( 'NONE', #8765, 1000.000000000000000 ) ;
#1558 = AXIS2_PLACEMENT_3D ( 'NONE', #1513, #3046, #4666 ) ;
#1559 = EDGE_CURVE ( 'NONE', #4376, #1929, #1556, .T. ) ;
#1560 = FACE_OUTER_BOUND ( 'NONE', #4779, .T. ) ;
#1561 = CIRCLE ( 'NONE', #2061, 1.399999999999999023 ) ;
#1562 = CONICAL_SURFACE ( 'NONE', #1575, 1.724999996680999459, 0.4636476090007538020 ) ;
#1563 = DIRECTION ( 'NONE',  ( -0.9333456062030549560, 0.3589790793088809551, -0.0000000000000000000 ) ) ;
#1564 = DIRECTION ( 'NONE',  ( 1.644517855226007998E-15, -1.000000000000000000, -2.890435660536363919E-30 ) ) ;
#1565 = CARTESIAN_POINT ( 'NONE',  ( 9.800000000000023803, 7.894714285714324653, 10.60000000000003872 ) ) ;
#1566 = ORIENTED_EDGE ( 'NONE', *, *, #5667, .F. ) ;
#1567 = ORIENTED_EDGE ( 'NONE', *, *, #9391, .T. ) ;
#1568 = DIRECTION ( 'NONE',  ( -0.7071067811864962804, -1.162849727212584842E-15, 0.7071067811865986430 ) ) ;
#1569 = AXIS2_PLACEMENT_3D ( 'NONE', #525, #7775, #8494 ) ;
#1570 = FACE_OUTER_BOUND ( 'NONE', #834, .T. ) ;
#1571 = EDGE_LOOP ( 'NONE', ( #238, #9130, #4229, #5622, #8719, #3570, #10326, #4471, #5580, #6769, #1935, #678, #5856, #6303, #6633, #6656, #4520, #7035, #3264, #2737 ) ) ;
#1572 = LINE ( 'NONE', #9641, #7576 ) ;
#1573 = PRESENTATION_STYLE_ASSIGNMENT (( #5457 ) ) ;
#1574 = AXIS2_PLACEMENT_3D ( 'NONE', #931, #9856, #2563 ) ;
#1575 = AXIS2_PLACEMENT_3D ( 'NONE', #2455, #5771, #5823 ) ;
#1576 = ADVANCED_FACE ( 'NONE', ( #7211 ), #10243, .F. ) ;
#1577 = CARTESIAN_POINT ( 'NONE',  ( 9.700000000000031264, 5.400000000000024336, 12.97132034356003949 ) ) ;
#1578 = LINE ( 'NONE', #122, #8023 ) ;
#1579 = DIRECTION ( 'NONE',  ( -0.3162277660168096305, -5.200422075328728817E-16, -0.9486832980505232049 ) ) ;
#1580 = ORIENTED_EDGE ( 'NONE', *, *, #6665, .T. ) ;
#1581 = ORIENTED_EDGE ( 'NONE', *, *, #3975, .F. ) ;
#1582 = ADVANCED_FACE ( 'NONE', ( #9587 ), #6204, .T. ) ;
#1583 = VECTOR ( 'NONE', #7130, 1000.000000000000000 ) ;
#1584 = DIRECTION ( 'NONE',  ( 0.9428090415820745696, 0.2357022603954949114, 0.2357022603954917195 ) ) ;
#1585 = DIRECTION ( 'NONE',  ( 1.644517855226008195E-15, -1.000000000000000000, -2.890435660536364269E-30 ) ) ;
#1586 = LINE ( 'NONE', #4773, #2934 ) ;
#1587 = ORIENTED_EDGE ( 'NONE', *, *, #3587, .T. ) ;
#1588 = CARTESIAN_POINT ( 'NONE',  ( 0.09999999999999766020, 7.100000000000008527, -6.649999999999943512 ) ) ;
#1589 = PRESENTATION_STYLE_ASSIGNMENT (( #8872 ) ) ;
#1590 =( GEOMETRIC_REPRESENTATION_CONTEXT ( 3 ) GLOBAL_UNCERTAINTY_ASSIGNED_CONTEXT ( ( #5082 ) ) GLOBAL_UNIT_ASSIGNED_CONTEXT ( ( #7271, #2512, #2405 ) ) REPRESENTATION_CONTEXT ( 'NONE', 'WORKASPACE' ) );
#1591 = VECTOR ( 'NONE', #7195, 1000.000000000000000 ) ;
#1592 = AXIS2_PLACEMENT_3D ( 'NONE', #897, #5584, #4151 ) ;
#1593 = STYLED_ITEM ( 'NONE', ( #2948 ), #1833 ) ;
#1594 = LINE ( 'NONE', #6278, #778 ) ;
#1595 = CARTESIAN_POINT ( 'NONE',  ( 7.999999999999986677, 12.25000000000001954, -6.649999999999956835 ) ) ;
#1596 = EDGE_LOOP ( 'NONE', ( #930, #9542, #3240, #3284 ) ) ;
#1597 = CARTESIAN_POINT ( 'NONE',  ( 0.7400000000000079847, 7.597309794603359201, 0.3500000000000551559 ) ) ;
#1598 = AXIS2_PLACEMENT_3D ( 'NONE', #9189, #343, #1863 ) ;
#1599 = PLANE ( 'NONE',  #5487 ) ;
#1600 = DIRECTION ( 'NONE',  ( 1.706285386945153899E-15, -1.000000000000000000, 0.0000000000000000000 ) ) ;
#1601 = PRESENTATION_STYLE_ASSIGNMENT (( #1534 ) ) ;
#1602 = PRESENTATION_LAYER_ASSIGNMENT (  '', '', ( #6191 ) ) ;
#1603 = ORIENTED_EDGE ( 'NONE', *, *, #788, .T. ) ;
#1604 = DIRECTION ( 'NONE',  ( -2.168404344971010446E-15, 0.3928571428571054347, -0.9195995135417112110 ) ) ;
#1605 = CARTESIAN_POINT ( 'NONE',  ( 3.175000000000013589, 7.650000000000012790, 4.475000000000052047 ) ) ;
#1606 = STYLED_ITEM ( 'NONE', ( #5531 ), #5262 ) ;
#1607 = MECHANICAL_DESIGN_GEOMETRIC_PRESENTATION_REPRESENTATION (  '', ( #5507 ), #3991 ) ;
#1608 = LINE ( 'NONE', #8118, #954 ) ;
#1609 = SURFACE_STYLE_USAGE ( .BOTH. , #2556 ) ;
#1610 = VECTOR ( 'NONE', #4989, 1000.000000000000114 ) ;
#1611 = CARTESIAN_POINT ( 'NONE',  ( 11.00000000000001599, 7.450000000000025935, 5.850000000000037836 ) ) ;
#1612 = VERTEX_POINT ( 'NONE', #157 ) ;
#1613 = PLANE ( 'NONE',  #8041 ) ;
#1614 = ORIENTED_EDGE ( 'NONE', *, *, #5988, .T. ) ;
#1615 = ORIENTED_EDGE ( 'NONE', *, *, #474, .F. ) ;
#1616 = DIRECTION ( 'NONE',  ( -0.9238697708742994452, 0.3553345272593985138, 0.1421338109037016129 ) ) ;
#1617 = VECTOR ( 'NONE', #5346, 1000.000000000000000 ) ;
#1618 = EDGE_CURVE ( 'NONE', #5404, #578, #6619, .T. ) ;
#1619 = VECTOR ( 'NONE', #8426, 999.9999999999998863 ) ;
#1620 = COLOUR_RGB ( '',1.000000000000000000, 1.000000000000000000, 1.000000000000000000 ) ;
#1621 = VERTEX_POINT ( 'NONE', #7437 ) ;
#1622 = LINE ( 'NONE', #8174, #1443 ) ;
#1623 = DIRECTION ( 'NONE',  ( -1.297538235904699311E-15, -0.2425356250363094601, -0.9701425001453377606 ) ) ;
#1624 = LINE ( 'NONE', #4918, #5533 ) ;
#1625 = ORIENTED_EDGE ( 'NONE', *, *, #1428, .T. ) ;
#1626 = AXIS2_PLACEMENT_3D ( 'NONE', #1507, #3315, #3255 ) ;
#1627 = ORIENTED_EDGE ( 'NONE', *, *, #3862, .T. ) ;
#1628 = FACE_OUTER_BOUND ( 'NONE', #314, .T. ) ;
#1629 = SURFACE_SIDE_STYLE ('',( #4922 ) ) ;
#1630 = CARTESIAN_POINT ( 'NONE',  ( 1.399999999999998579, 8.960000000000009734, -4.643862328994943667 ) ) ;
#1631 = ORIENTED_EDGE ( 'NONE', *, *, #1697, .F. ) ;
#1632 = FACE_OUTER_BOUND ( 'NONE', #6265, .T. ) ;
#1633 = AXIS2_PLACEMENT_3D ( 'NONE', #2696, #9030, #137 ) ;
#1634 = EDGE_CURVE ( 'NONE', #3771, #8238, #7318, .T. ) ;
#1635 = EDGE_CURVE ( 'NONE', #2430, #5393, #100, .T. ) ;
#1636 = EDGE_CURVE ( 'NONE', #8836, #1256, #6673, .T. ) ;
#1637 = VECTOR ( 'NONE', #3110, 1000.000000000000000 ) ;
#1638 = DIRECTION ( 'NONE',  ( 1.000000000000000000, 1.644517855226007998E-15, -1.748601263784621946E-15 ) ) ;
#1639 = CARTESIAN_POINT ( 'NONE',  ( -1.000000000000007772, 10.75000000000000533, -5.949999999999940670 ) ) ;
#1640 = DIRECTION ( 'NONE',  ( -1.644517855226008195E-15, 1.000000000000000000, 2.890435660536364269E-30 ) ) ;
#1641 = ORIENTED_EDGE ( 'NONE', *, *, #7935, .F. ) ;
#1642 = ORIENTED_EDGE ( 'NONE', *, *, #2783, .F. ) ;
#1643 = DIRECTION ( 'NONE',  ( 1.634159799354254388E-15, -1.000000000000000000, 0.0000000000000000000 ) ) ;
#1644 = LINE ( 'NONE', #3167, #7081 ) ;
#1645 = CARTESIAN_POINT ( 'NONE',  ( 0.7400000000000045430, 4.200000000000009059, -4.649999999999945288 ) ) ;
#1646 = EDGE_LOOP ( 'NONE', ( #2119, #1603, #1317, #544, #8734, #5089 ) ) ;
#1647 = CARTESIAN_POINT ( 'NONE',  ( 8.800000000000007816, 7.144714285714321989, 0.3500000000000412781 ) ) ;
#1648 =( NAMED_UNIT ( * ) PLANE_ANGLE_UNIT ( ) SI_UNIT ( $, .RADIAN. ) );
#1649 = EDGE_CURVE ( 'NONE', #8082, #6917, #7482, .T. ) ;
#1650 = ORIENTED_EDGE ( 'NONE', *, *, #5314, .F. ) ;
#1651 = LINE ( 'NONE', #10482, #8910 ) ;
#1652 = ORIENTED_EDGE ( 'NONE', *, *, #1719, .T. ) ;
#1653 = DIRECTION ( 'NONE',  ( -1.644517855226008195E-15, 1.000000000000000000, 2.890435660536364269E-30 ) ) ;
#1654 =( NAMED_UNIT ( * ) PLANE_ANGLE_UNIT ( ) SI_UNIT ( $, .RADIAN. ) );
#1655 = DIRECTION ( 'NONE',  ( 0.9701425001453373165, 0.2425356250363110422, -1.696392401805309466E-15 ) ) ;
#1656 = LINE ( 'NONE', #1066, #5711 ) ;
#1657 = ORIENTED_EDGE ( 'NONE', *, *, #10078, .T. ) ;
#1658 = CARTESIAN_POINT ( 'NONE',  ( 11.00000000000003197, 5.200000000000025935, 13.05454076850503675 ) ) ;
#1659 = LINE ( 'NONE', #84, #5830 ) ;
#1660 = ADVANCED_FACE ( 'NONE', ( #775 ), #9811, .F. ) ;
#1661 = EDGE_CURVE ( 'NONE', #2986, #6084, #9919, .T. ) ;
#1662 =( NAMED_UNIT ( * ) PLANE_ANGLE_UNIT ( ) SI_UNIT ( $, .RADIAN. ) );
#1663 = UNCERTAINTY_MEASURE_WITH_UNIT (LENGTH_MEASURE( 1.000000000000000082E-05 ), #3143, 'distance_accuracy_value', 'NONE');
#1664 = FILL_AREA_STYLE_COLOUR ( '', #8540 ) ;
#1665 = CARTESIAN_POINT ( 'NONE',  ( 1.398548747335023101, 8.959230384172009565, 10.35000000000005294 ) ) ;
#1666 = ORIENTED_EDGE ( 'NONE', *, *, #5011, .T. ) ;
#1667 = LINE ( 'NONE', #7266, #7021 ) ;
#1668 = EDGE_LOOP ( 'NONE', ( #4330, #10495, #4754, #8156 ) ) ;
#1669 = CARTESIAN_POINT ( 'NONE',  ( 9.800000000000023803, 7.894714285714324653, 10.60000000000003872 ) ) ;
#1670 = DIRECTION ( 'NONE',  ( 0.9883716976506232710, 1.625394904386490918E-15, 0.1520571842539017449 ) ) ;
#1671 = ADVANCED_FACE ( 'NONE', ( #3192 ), #4862, .T. ) ;
#1672 = DIRECTION ( 'NONE',  ( 1.000000000000000000, 1.644517855226007801E-15, -1.748601263784621748E-15 ) ) ;
#1673 = EDGE_LOOP ( 'NONE', ( #6079, #5055, #2170, #2017 ) ) ;
#1674 = LINE ( 'NONE', #3196, #10123 ) ;
#1675 = DIRECTION ( 'NONE',  ( -2.168404344971009657E-15, 0.3928571428571052682, -0.9195995135417112110 ) ) ;
#1676 = DIRECTION ( 'NONE',  ( -1.644517855226007998E-15, 1.000000000000000000, 2.890435660536363919E-30 ) ) ;
#1677 = ORIENTED_EDGE ( 'NONE', *, *, #937, .T. ) ;
#1678 = ORIENTED_EDGE ( 'NONE', *, *, #4685, .F. ) ;
#1679 = PRESENTATION_STYLE_ASSIGNMENT (( #5786 ) ) ;
#1680 = LINE ( 'NONE', #8913, #8578 ) ;
#1681 = DIRECTION ( 'NONE',  ( -2.168404344971010446E-15, 0.3928571428571054347, -0.9195995135417112110 ) ) ;
#1682 = ORIENTED_EDGE ( 'NONE', *, *, #2300, .T. ) ;
#1683 = DIRECTION ( 'NONE',  ( 1.644517855226007998E-15, -1.000000000000000000, -2.890435660536363919E-30 ) ) ;
#1684 = CARTESIAN_POINT ( 'NONE',  ( 0.6000000000000258460, 8.200000000000009948, 11.39555555500005468 ) ) ;
#1685 = ADVANCED_FACE ( 'NONE', ( #1085 ), #4335, .F. ) ;
#1686 = B_SPLINE_CURVE_WITH_KNOTS ( 'NONE', 3,
 ( #8047, #6333, #1483, #9567 ),
 .UNSPECIFIED., .F., .F.,
 ( 4, 4 ),
 ( 0.0000000000000000000, 1.000000000000000000 ),
 .UNSPECIFIED. ) ;
#1687 = ORIENTED_EDGE ( 'NONE', *, *, #10190, .F. ) ;
#1688 = ORIENTED_EDGE ( 'NONE', *, *, #7535, .T. ) ;
#1689 = DIRECTION ( 'NONE',  ( -0.3162277660168062998, -5.200422075328729803E-16, 0.9486832980505244262 ) ) ;
#1690 = DIRECTION ( 'NONE',  ( 0.9486832980505233159, 1.560126622598782925E-15, -0.3162277660168096305 ) ) ;
#1691 = VERTEX_POINT ( 'NONE', #7591 ) ;
#1692 = DIRECTION ( 'NONE',  ( 1.748601263784621946E-15, 0.0000000000000000000, 1.000000000000000000 ) ) ;
#1693 = EDGE_CURVE ( 'NONE', #833, #3866, #7716, .T. ) ;
#1694 = DIRECTION ( 'NONE',  ( -1.748601263784621946E-15, 0.0000000000000000000, -1.000000000000000000 ) ) ;
#1695 = MECHANICAL_DESIGN_GEOMETRIC_PRESENTATION_REPRESENTATION (  '', ( #1184 ), #5791 ) ;
#1696 = ORIENTED_EDGE ( 'NONE', *, *, #182, .F. ) ;
#1697 = EDGE_CURVE ( 'NONE', #2792, #5889, #5986, .T. ) ;
#1698 = EDGE_CURVE ( 'NONE', #6061, #813, #7685, .T. ) ;
#1699 = DIRECTION ( 'NONE',  ( 1.644517855225973880E-15, -1.000000000000000000, -1.965547678589000652E-14 ) ) ;
#1700 = DIRECTION ( 'NONE',  ( -1.644517855226008195E-15, 1.000000000000000000, 2.890435660536364269E-30 ) ) ;
#1701 = ORIENTED_EDGE ( 'NONE', *, *, #5767, .F. ) ;
#1702 = PLANE ( 'NONE',  #4971 ) ;
#1703 = SURFACE_STYLE_USAGE ( .BOTH. , #6441 ) ;
#1704 = CARTESIAN_POINT ( 'NONE',  ( 0.1000000000000306200, 7.100000000000008527, 12.85000000000005649 ) ) ;
#1705 = CARTESIAN_POINT ( 'NONE',  ( 10.77585252445681618, 5.234484227007025758, 3.040462641781036979 ) ) ;
#1706 = ORIENTED_EDGE ( 'NONE', *, *, #1693, .T. ) ;
#1707 = PLANE ( 'NONE',  #5681 ) ;
#1708 = CARTESIAN_POINT ( 'NONE',  ( 1.800000000000001155, 8.144714285714311330, -3.684999999999946318 ) ) ;
#1709 = VECTOR ( 'NONE', #9307, 1000.000000000000000 ) ;
#1710 = EDGE_CURVE ( 'NONE', #10383, #728, #10025, .T. ) ;
#1711 = DIRECTION ( 'NONE',  ( 1.644517855226008195E-15, -1.000000000000000000, -2.890435660536364269E-30 ) ) ;
#1712 = CARTESIAN_POINT ( 'NONE',  ( 8.800000000000006040, 8.144714285714321989, 0.3500000000000412781 ) ) ;
#1713 = ORIENTED_EDGE ( 'NONE', *, *, #2983, .T. ) ;
#1714 = AXIS2_PLACEMENT_3D ( 'NONE', #4998, #2533, #9171 ) ;
#1715 = CARTESIAN_POINT ( 'NONE',  ( 9.699999999999986855, 12.25000000000002309, -6.649999999999960387 ) ) ;
#1716 = DIRECTION ( 'NONE',  ( 1.748601263784621946E-15, 0.0000000000000000000, 1.000000000000000000 ) ) ;
#1717 = ORIENTED_EDGE ( 'NONE', *, *, #7502, .F. ) ;
#1718 = DIRECTION ( 'NONE',  ( 0.1520571842539018281, 0.9883716976506232710, -2.658873845539038370E-16 ) ) ;
#1719 = EDGE_CURVE ( 'NONE', #4148, #4348, #2713, .T. ) ;
#1720 = EDGE_LOOP ( 'NONE', ( #894, #1938, #867, #5217, #1958, #824 ) ) ;
#1721 = DIRECTION ( 'NONE',  ( -1.748601263784621748E-15, 0.0000000000000000000, -1.000000000000000000 ) ) ;
#1722 = AXIS2_PLACEMENT_3D ( 'NONE', #5561, #1345, #8685 ) ;
#1723 = VECTOR ( 'NONE', #4434, 1000.000000000000000 ) ;
#1724 = CARTESIAN_POINT ( 'NONE',  ( 1.400000000000026112, 8.960000000000009734, 11.34386232899505309 ) ) ;
#1725 = ORIENTED_EDGE ( 'NONE', *, *, #1489, .F. ) ;
#1726 = CARTESIAN_POINT ( 'NONE',  ( 0.7500000000000093259, 7.611199771552088933, 1.340000000000055591 ) ) ;
#1727 =( NAMED_UNIT ( * ) PLANE_ANGLE_UNIT ( ) SI_UNIT ( $, .RADIAN. ) );
#1728 = PLANE ( 'NONE',  #9599 ) ;
#1729 = EDGE_LOOP ( 'NONE', ( #10274, #5451, #7936, #3905 ) ) ;
#1730 = DIRECTION ( 'NONE',  ( 1.644517855226007801E-15, -1.000000000000000000, -2.890435660536363568E-30 ) ) ;
#1731 = AXIS2_PLACEMENT_3D ( 'NONE', #5077, #5938, #3564 ) ;
#1732 = ORIENTED_EDGE ( 'NONE', *, *, #2839, .F. ) ;
#1733 = CARTESIAN_POINT ( 'NONE',  ( 2.400000000000018563, 8.200000000000011724, 7.137439318958052503 ) ) ;
#1734 = CARTESIAN_POINT ( 'NONE',  ( 13.06047742470301287, -3.899999999999968381, -6.649999999999965716 ) ) ;
#1735 = ORIENTED_EDGE ( 'NONE', *, *, #9559, .F. ) ;
#1736 = DIRECTION ( 'NONE',  ( 1.644517855226007998E-15, -1.000000000000000000, -2.890435660536363919E-30 ) ) ;
#1737 = MECHANICAL_DESIGN_GEOMETRIC_PRESENTATION_REPRESENTATION (  '', ( #9526 ), #5473 ) ;
#1738 = FILL_AREA_STYLE_COLOUR ( '', #3592 ) ;
#1739 = VECTOR ( 'NONE', #7793, 1000.000000000000000 ) ;
#1740 = VECTOR ( 'NONE', #3256, 1000.000000000000000 ) ;
#1741 = CARTESIAN_POINT ( 'NONE',  ( 11.00000000000001776, 11.75000000000002487, 11.75000000000003730 ) ) ;
#1742 = DIRECTION ( 'NONE',  ( 1.644517855226007998E-15, -1.000000000000000000, -2.890435660536363919E-30 ) ) ;
#1743 = VECTOR ( 'NONE', #6538, 1000.000000000000000 ) ;
#1744 = DIRECTION ( 'NONE',  ( -1.748601263784621748E-15, 1.482966057179082451E-32, -1.000000000000000000 ) ) ;
#1745 = ORIENTED_EDGE ( 'NONE', *, *, #3113, .T. ) ;
#1746 = DIRECTION ( 'NONE',  ( -1.644517855226008195E-15, 1.000000000000000000, 2.890435660536364269E-30 ) ) ;
#1747 = DIRECTION ( 'NONE',  ( 1.748601263784621748E-15, 0.0000000000000000000, 1.000000000000000000 ) ) ;
#1748 = CYLINDRICAL_SURFACE ( 'NONE', #5854, 0.9999999999999991118 ) ;
#1749 = ORIENTED_EDGE ( 'NONE', *, *, #7618, .T. ) ;
#1750 = CARTESIAN_POINT ( 'NONE',  ( 1.399516249111591559, 9.386410128057342206, 5.350000000000054712 ) ) ;
#1751 = VECTOR ( 'NONE', #6799, 1000.000000000000000 ) ;
#1752 = VECTOR ( 'NONE', #3844, 1000.000000000000000 ) ;
#1753 = EDGE_CURVE ( 'NONE', #9535, #3108, #3679, .T. ) ;
#1754 = EDGE_CURVE ( 'NONE', #582, #1496, #8476, .T. ) ;
#1755 = ADVANCED_FACE ( 'NONE', ( #6042 ), #3447, .F. ) ;
#1756 = PRESENTATION_LAYER_ASSIGNMENT (  '', '', ( #8375 ) ) ;
#1757 = ORIENTED_EDGE ( 'NONE', *, *, #5743, .T. ) ;
#1758 = FILL_AREA_STYLE ('',( #8980 ) ) ;
#1759 = CARTESIAN_POINT ( 'NONE',  ( 11.00000000000000178, 11.75000000000002487, 1.750000000000037081 ) ) ;
#1760 = ORIENTED_EDGE ( 'NONE', *, *, #9159, .T. ) ;
#1761 = CARTESIAN_POINT ( 'NONE',  ( 8.800000000000016698, 7.144714285714321989, 5.350000000000041389 ) ) ;
#1762 = VECTOR ( 'NONE', #2871, 1000.000000000000000 ) ;
#1763 = CARTESIAN_POINT ( 'NONE',  ( -0.5999999999999842126, 10.75000000000000533, 7.650000000000057199 ) ) ;
#1764 = DIRECTION ( 'NONE',  ( -0.7071067811864987229, -1.162849727212584842E-15, -0.7071067811865962005 ) ) ;
#1765 = LINE ( 'NONE', #9039, #6724 ) ;
#1766 = ORIENTED_EDGE ( 'NONE', *, *, #7999, .F. ) ;
#1767 =( NAMED_UNIT ( * ) PLANE_ANGLE_UNIT ( ) SI_UNIT ( $, .RADIAN. ) );
#1768 = VECTOR ( 'NONE', #2113, 1000.000000000000227 ) ;
#1769 = ADVANCED_FACE ( 'NONE', ( #9207 ), #8387, .F. ) ;
#1770 = EDGE_CURVE ( 'NONE', #2217, #6455, #5940, .T. ) ;
#1771 = EDGE_CURVE ( 'NONE', #4747, #4436, #10076, .T. ) ;
#1772 = VECTOR ( 'NONE', #3373, 1000.000000000000000 ) ;
#1773 = CARTESIAN_POINT ( 'NONE',  ( 1.398548747335023101, 8.959230384172009565, 10.35000000000005294 ) ) ;
#1774 = ORIENTED_EDGE ( 'NONE', *, *, #9680, .T. ) ;
#1775 = AXIS2_PLACEMENT_3D ( 'NONE', #6886, #1182, #5990 ) ;
#1776 = UNCERTAINTY_MEASURE_WITH_UNIT (LENGTH_MEASURE( 1.000000000000000082E-05 ), #4663, 'distance_accuracy_value', 'NONE');
#1777 = PLANE ( 'NONE',  #2595 ) ;
#1778 = DIRECTION ( 'NONE',  ( -1.748601263784621946E-15, 0.0000000000000000000, -1.000000000000000000 ) ) ;
#1779 = ORIENTED_EDGE ( 'NONE', *, *, #2272, .T. ) ;
#1780 = VERTEX_POINT ( 'NONE', #9264 ) ;
#1781 = ORIENTED_EDGE ( 'NONE', *, *, #355, .F. ) ;
#1782 = CARTESIAN_POINT ( 'NONE',  ( 11.00000000000000000, 11.75000000000002487, -0.04999999999996153355 ) ) ;
#1783 = AXIS2_PLACEMENT_3D ( 'NONE', #8143, #5632, #9717 ) ;
#1784 = EDGE_CURVE ( 'NONE', #5971, #9403, #7639, .T. ) ;
#1785 = VECTOR ( 'NONE', #10273, 1000.000000000000000 ) ;
#1786 = MECHANICAL_DESIGN_GEOMETRIC_PRESENTATION_REPRESENTATION (  '', ( #9414 ), #4835 ) ;
#1787 = DIRECTION ( 'NONE',  ( 1.748601263784621946E-15, 0.0000000000000000000, 1.000000000000000000 ) ) ;
#1788 = ORIENTED_EDGE ( 'NONE', *, *, #4233, .T. ) ;
#1790 = DIRECTION ( 'NONE',  ( -0.8076923076923187006, 0.5896042198752116104, 1.334402673828312846E-15 ) ) ;
#1789 = VECTOR ( 'NONE', #4558, 1000.000000000000114 ) ;
#1791 = AXIS2_PLACEMENT_3D ( 'NONE', #5805, #3170, #3277 ) ;
#1792 = PLANE ( 'NONE',  #8533 ) ;
#1793 = ORIENTED_EDGE ( 'NONE', *, *, #8597, .T. ) ;
#1794 = CARTESIAN_POINT ( 'NONE',  ( 0.6767953592100133253, 8.200000000000009948, 4.176265489322056546 ) ) ;
#1795 = ORIENTED_EDGE ( 'NONE', *, *, #3498, .F. ) ;
#1796 = CARTESIAN_POINT ( 'NONE',  ( 1.800000000000008260, 4.200000000000010836, -2.349999999999946798 ) ) ;
#1797 = ORIENTED_EDGE ( 'NONE', *, *, #2752, .T. ) ;
#1798 = CIRCLE ( 'NONE', #7408, 0.9999999999999997780 ) ;
#1799 =( GEOMETRIC_REPRESENTATION_CONTEXT ( 3 ) GLOBAL_UNCERTAINTY_ASSIGNED_CONTEXT ( ( #3366 ) ) GLOBAL_UNIT_ASSIGNED_CONTEXT ( ( #7965, #2992, #9527 ) ) REPRESENTATION_CONTEXT ( 'NONE', 'WORKASPACE' ) );
#1800 = LINE ( 'NONE', #267, #6829 ) ;
#1801 = EDGE_CURVE ( 'NONE', #3965, #4494, #6346, .T. ) ;
#1802 = VECTOR ( 'NONE', #2640, 1000.000000000000114 ) ;
#1803 = CARTESIAN_POINT ( 'NONE',  ( 2.400000000000019451, 7.650000000000011902, 7.250000000000053291 ) ) ;
#1804 = COLOUR_RGB ( '',1.000000000000000000, 1.000000000000000000, 1.000000000000000000 ) ;
#1805 = VECTOR ( 'NONE', #929, 1000.000000000000000 ) ;
#1806 = DIRECTION ( 'NONE',  ( -0.7999999999999989342, -1.315614284180806122E-15, 0.6000000000000013101 ) ) ;
#1807 = VERTEX_POINT ( 'NONE', #9311 ) ;
#1808 = LINE ( 'NONE', #961, #2409 ) ;
#1809 = ORIENTED_EDGE ( 'NONE', *, *, #1098, .F. ) ;
#1810 = CIRCLE ( 'NONE', #2639, 1.299999999999999822 ) ;
#1811 = CARTESIAN_POINT ( 'NONE',  ( 9.700000000000015277, 7.450000000000023270, 5.850000000000040501 ) ) ;
#1812 = LINE ( 'NONE', #1155, #6857 ) ;
#1813 = PRESENTATION_LAYER_ASSIGNMENT (  '', '', ( #793 ) ) ;
#1814 = ORIENTED_EDGE ( 'NONE', *, *, #13, .T. ) ;
#1815 = CARTESIAN_POINT ( 'NONE',  ( 9.800000000000014921, 7.894714285714324653, 5.600000000000038725 ) ) ;
#1816 = EDGE_CURVE ( 'NONE', #2236, #3910, #3567, .T. ) ;
#1817 = ORIENTED_EDGE ( 'NONE', *, *, #3423, .F. ) ;
#1818 = PLANE ( 'NONE',  #901 ) ;
#1819 = MECHANICAL_DESIGN_GEOMETRIC_PRESENTATION_REPRESENTATION (  '', ( #7583 ), #7066 ) ;
#1820 = DIRECTION ( 'NONE',  ( 0.2425356250363078781, 0.9701425001453380936, -4.240981004512810209E-16 ) ) ;
#1821 = PLANE ( 'NONE',  #2793 ) ;
#1822 = VERTEX_POINT ( 'NONE', #6937 ) ;
#1823 = FILL_AREA_STYLE ('',( #2551 ) ) ;
#1824 = CARTESIAN_POINT ( 'NONE',  ( -0.6000000000000015321, 10.75000000000000533, -2.349999999999943245 ) ) ;
#1825 = VERTEX_POINT ( 'NONE', #1237 ) ;
#1826 = EDGE_CURVE ( 'NONE', #6284, #1621, #4480, .T. ) ;
#1827 = CARTESIAN_POINT ( 'NONE',  ( 1.400000004427009337, 8.199999999929909578, 2.137439316581053461 ) ) ;
#1828 = CARTESIAN_POINT ( 'NONE',  ( 0.7250000000000120792, 6.200000000000009059, 1.365000000000055502 ) ) ;
#1829 = ORIENTED_EDGE ( 'NONE', *, *, #1420, .T. ) ;
#1830 = VERTEX_POINT ( 'NONE', #6137 ) ;
#1831 = LINE ( 'NONE', #3361, #549 ) ;
#1832 = ADVANCED_FACE ( 'NONE', ( #9356 ), #4276, .T. ) ;
#1833 = ADVANCED_FACE ( 'NONE', ( #5332 ), #2077, .T. ) ;
#1834 = SURFACE_STYLE_FILL_AREA ( #9115 ) ;
#1835 = DIRECTION ( 'NONE',  ( -1.748601263784621748E-15, 0.0000000000000000000, -1.000000000000000000 ) ) ;
#1836 = ORIENTED_EDGE ( 'NONE', *, *, #3619, .F. ) ;
#1837 = SURFACE_STYLE_USAGE ( .BOTH. , #8175 ) ;
#1838 = PRESENTATION_STYLE_ASSIGNMENT (( #3529 ) ) ;
#1839 = EDGE_CURVE ( 'NONE', #6841, #7435, #10154, .T. ) ;
#1840 = VERTEX_POINT ( 'NONE', #7819 ) ;
#1841 = DIRECTION ( 'NONE',  ( -1.748601263784621946E-15, 0.0000000000000000000, -1.000000000000000000 ) ) ;
#1842 = DIRECTION ( 'NONE',  ( 1.892425610156517368E-15, 0.0000000000000000000, 1.000000000000000000 ) ) ;
#1843 = CARTESIAN_POINT ( 'NONE',  ( -0.9999999999999765743, 10.75000000000000533, 12.65000000000005720 ) ) ;
#1844 = ORIENTED_EDGE ( 'NONE', *, *, #5210, .T. ) ;
#1845 = DIRECTION ( 'NONE',  ( 1.000000000000000000, 1.644517855226007998E-15, -1.748601263784621748E-15 ) ) ;
#1846 = DIRECTION ( 'NONE',  ( -1.000000000000000000, -1.644517855226007801E-15, 1.748601263784621748E-15 ) ) ;
#1847 = ADVANCED_FACE ( 'NONE', ( #7659 ), #2800, .F. ) ;
#1848 = EDGE_LOOP ( 'NONE', ( #489, #154, #2580, #8955, #7710, #1631 ) ) ;
#1849 = CARTESIAN_POINT ( 'NONE',  ( 11.00000000000000000, 11.75000000000002487, -0.04999999999996153355 ) ) ;
#1850 = VERTEX_POINT ( 'NONE', #1899 ) ;
#1851 = LINE ( 'NONE', #1005, #4594 ) ;
#1852 = DIRECTION ( 'NONE',  ( 0.2425356250363110422, -0.9701425001453373165, -4.240981004512866908E-16 ) ) ;
#1853 = PLANE ( 'NONE',  #4137 ) ;
#1854 = ADVANCED_FACE ( 'NONE', ( #10256 ), #10264, .T. ) ;
#1855 = ORIENTED_EDGE ( 'NONE', *, *, #9545, .F. ) ;
#1856 =( NAMED_UNIT ( * ) SI_UNIT ( $, .STERADIAN. ) SOLID_ANGLE_UNIT ( ) );
#1857 = PRESENTATION_STYLE_ASSIGNMENT (( #9136 ) ) ;
#1858 = ORIENTED_EDGE ( 'NONE', *, *, #4244, .F. ) ;
#1859 = CARTESIAN_POINT ( 'NONE',  ( 2.500000000000017764, 3.750000000000012434, 2.650000000000051426 ) ) ;
#1860 = PLANE ( 'NONE',  #2082 ) ;
#1861 = DIRECTION ( 'NONE',  ( 1.748601263784621946E-15, 0.0000000000000000000, 1.000000000000000000 ) ) ;
#1862 = EDGE_LOOP ( 'NONE', ( #2309, #3732, #10271, #5764 ) ) ;
#1863 = DIRECTION ( 'NONE',  ( -1.748601263784621748E-15, 0.0000000000000000000, -1.000000000000000000 ) ) ;
#1864 = EDGE_CURVE ( 'NONE', #5425, #9574, #429, .T. ) ;
#1865 = DIRECTION ( 'NONE',  ( -1.644517855226008195E-15, 1.000000000000000000, 2.890435660536364269E-30 ) ) ;
#1866 = EDGE_LOOP ( 'NONE', ( #9742, #2418, #5408, #4085 ) ) ;
#1867 = CARTESIAN_POINT ( 'NONE',  ( 8.800000000000027356, 7.144714285714321989, 11.35000000000004050 ) ) ;
#1868 = ORIENTED_EDGE ( 'NONE', *, *, #4007, .T. ) ;
#1869 = CARTESIAN_POINT ( 'NONE',  ( -0.9999999999999991118, 10.75000000000000533, -0.9499999999999404476 ) ) ;
#1870 = VECTOR ( 'NONE', #9109, 1000.000000000000114 ) ;
#1871 = ORIENTED_EDGE ( 'NONE', *, *, #4521, .T. ) ;
#1872 = PLANE ( 'NONE',  #7161 ) ;
#1873 = ADVANCED_FACE ( 'NONE', ( #3653 ), #378, .F. ) ;
#1874 = CARTESIAN_POINT ( 'NONE',  ( 1.955294117647025542, 8.144714285714311330, 10.38500000000005308 ) ) ;
#1875 = ADVANCED_FACE ( 'NONE', ( #2045 ), #8553, .F. ) ;
#1876 = VECTOR ( 'NONE', #4089, 1000.000000000000000 ) ;
#1877 = CARTESIAN_POINT ( 'NONE',  ( 11.00000000000002132, 12.25000000000002487, 13.35000000000005471 ) ) ;
#1878 = ORIENTED_EDGE ( 'NONE', *, *, #849, .T. ) ;
#1879 = EDGE_CURVE ( 'NONE', #8682, #6455, #4453, .T. ) ;
#1880 = CARTESIAN_POINT ( 'NONE',  ( 1.500000000000018652, 8.109625349781611092, 6.340000000000054037 ) ) ;
#1881 = CARTESIAN_POINT ( 'NONE',  ( -0.1999999993500013729, 8.599999999630806968, -3.560000002214943393 ) ) ;
#1882 = ORIENTED_EDGE ( 'NONE', *, *, #7058, .T. ) ;
#1883 = ORIENTED_EDGE ( 'NONE', *, *, #3102, .F. ) ;
#1884 = CARTESIAN_POINT ( 'NONE',  ( 2.400000000000007905, 7.100000000000012079, -0.5499999999999480860 ) ) ;
#1885 = VERTEX_POINT ( 'NONE', #1158 ) ;
#1886 = AXIS2_PLACEMENT_3D ( 'NONE', #6199, #7147, #10384 ) ;
#1887 = EDGE_CURVE ( 'NONE', #5865, #6893, #6109, .T. ) ;
#1888 = EDGE_CURVE ( 'NONE', #10294, #2055, #5172, .T. ) ;
#1889 = AXIS2_PLACEMENT_3D ( 'NONE', #199, #6566, #4230 ) ;
#1890 = CARTESIAN_POINT ( 'NONE',  ( 11.00000000000001599, 11.75000000000002487, 9.950000000000038369 ) ) ;
#1891 = DIRECTION ( 'NONE',  ( 1.000000000000000000, 1.644517855226007801E-15, -1.748601263784621748E-15 ) ) ;
#1892 = SURFACE_SIDE_STYLE ('',( #9997 ) ) ;
#1893 = VERTEX_POINT ( 'NONE', #1112 ) ;
#1894 = CARTESIAN_POINT ( 'NONE',  ( 2.399999999999999467, 7.100000000000012079, -5.549999999999946532 ) ) ;
#1895 = VERTEX_POINT ( 'NONE', #6958 ) ;
#1896 = DIRECTION ( 'NONE',  ( -0.9701425001453374275, -0.2425356250363110699, 1.696392401805309466E-15 ) ) ;
#1897 = AXIS2_PLACEMENT_3D ( 'NONE', #641, #7018, #5461 ) ;
#1898 = FILL_AREA_STYLE_COLOUR ( '', #4321 ) ;
#1899 = CARTESIAN_POINT ( 'NONE',  ( -0.5999999999999946487, 4.200000000000007283, -5.039999999999941416 ) ) ;
#1900 = AXIS2_PLACEMENT_3D ( 'NONE', #10312, #6313, #7116 ) ;
#1901 = CIRCLE ( 'NONE', #7861, 1.399999999999999467 ) ;
#1902 = ADVANCED_FACE ( 'NONE', ( #5358 ), #7617, .F. ) ;
#1903 = PRESENTATION_LAYER_ASSIGNMENT (  '', '', ( #560 ) ) ;
#1904 = VECTOR ( 'NONE', #9325, 1000.000000000000000 ) ;
#1905 = ADVANCED_FACE ( 'NONE', ( #8606 ), #3969, .T. ) ;
#1906 = DIRECTION ( 'NONE',  ( 0.1520571842539018281, 0.9883716976506232710, -2.658873845539038370E-16 ) ) ;
#1907 = CARTESIAN_POINT ( 'NONE',  ( 0.1000000000000080685, 7.650000000000007461, 0.8500000000000556000 ) ) ;
#1908 = VERTEX_POINT ( 'NONE', #5683 ) ;
#1909 = VECTOR ( 'NONE', #8926, 1000.000000000000000 ) ;
#1910 = COLOUR_RGB ( '',1.000000000000000000, 1.000000000000000000, 1.000000000000000000 ) ;
#1911 = DIRECTION ( 'NONE',  ( -0.9883716976506226048, -1.625394904386490523E-15, 0.1520571842539051588 ) ) ;
#1912 = DIRECTION ( 'NONE',  ( 0.9701425001453373165, 1.595416663602607856E-15, -0.2425356250363111532 ) ) ;
#1913 = VECTOR ( 'NONE', #2582, 1000.000000000000000 ) ;
#1914 = MECHANICAL_DESIGN_GEOMETRIC_PRESENTATION_REPRESENTATION (  '', ( #9724 ), #9374 ) ;
#1915 = CARTESIAN_POINT ( 'NONE',  ( -0.5999999999999755529, 8.800000000000006040, 9.960000000000059472 ) ) ;
#1916 = ORIENTED_EDGE ( 'NONE', *, *, #4361, .T. ) ;
#1917 = LINE ( 'NONE', #5978, #5475 ) ;
#1918 = PLANE ( 'NONE',  #461 ) ;
#1919 = ORIENTED_EDGE ( 'NONE', *, *, #5079, .F. ) ;
#1920 = LINE ( 'NONE', #10068, #8495 ) ;
#1921 = SURFACE_STYLE_FILL_AREA ( #454 ) ;
#1922 = VECTOR ( 'NONE', #2100, 1000.000000000000000 ) ;
#1923 = ORIENTED_EDGE ( 'NONE', *, *, #3175, .F. ) ;
#1924 = CARTESIAN_POINT ( 'NONE',  ( 0.7000000000000321521, 4.200000000000009059, 11.39000000000005386 ) ) ;
#1925 = DIRECTION ( 'NONE',  ( 1.644517855226007998E-15, -1.000000000000000000, 0.0000000000000000000 ) ) ;
#1926 = CARTESIAN_POINT ( 'NONE',  ( 3.950000000000008171, 8.144714285714314883, 1.350000000000049161 ) ) ;
#1927 = AXIS2_PLACEMENT_3D ( 'NONE', #9982, #7642, #9210 ) ;
#1928 = CARTESIAN_POINT ( 'NONE',  ( 8.800000000000014921, 8.144714285714321989, 5.350000000000041389 ) ) ;
#1929 = VERTEX_POINT ( 'NONE', #4817 ) ;
#1930 = DIRECTION ( 'NONE',  ( 1.748601263784621748E-15, 0.0000000000000000000, 1.000000000000000000 ) ) ;
#1931 = CARTESIAN_POINT ( 'NONE',  ( 9.908938232858007567, 5.367855656478024429, -1.284958033527960897 ) ) ;
#1932 = FACE_OUTER_BOUND ( 'NONE', #3687, .T. ) ;
#1933 = ORIENTED_EDGE ( 'NONE', *, *, #3697, .F. ) ;
#1934 = CARTESIAN_POINT ( 'NONE',  ( 1.177367964971013148, 8.200000000001308464, 4.442069798973054873 ) ) ;
#1935 = ORIENTED_EDGE ( 'NONE', *, *, #5535, .F. ) ;
#1936 = DIRECTION ( 'NONE',  ( 1.748601263784621946E-15, 0.0000000000000000000, 1.000000000000000000 ) ) ;
#1937 = EDGE_CURVE ( 'NONE', #4494, #8019, #10436, .T. ) ;
#1938 = ORIENTED_EDGE ( 'NONE', *, *, #5667, .T. ) ;
#1939 = AXIS2_PLACEMENT_3D ( 'NONE', #7521, #2016, #4469 ) ;
#1940 = AXIS2_PLACEMENT_3D ( 'NONE', #1843, #5091, #7270 ) ;
#1941 =( GEOMETRIC_REPRESENTATION_CONTEXT ( 3 ) GLOBAL_UNCERTAINTY_ASSIGNED_CONTEXT ( ( #2391 ) ) GLOBAL_UNIT_ASSIGNED_CONTEXT ( ( #4048, #1648, #7293 ) ) REPRESENTATION_CONTEXT ( 'NONE', 'WORKASPACE' ) );
#1942 = CARTESIAN_POINT ( 'NONE',  ( 1.398548747333999698, 8.959230384045008933, -3.649999999999946620 ) ) ;
#1943 = CARTESIAN_POINT ( 'NONE',  ( 0.1000000000000063338, 7.100000000000008527, -1.149999999999942624 ) ) ;
#1944 =( NAMED_UNIT ( * ) PLANE_ANGLE_UNIT ( ) SI_UNIT ( $, .RADIAN. ) );
#1945 = VERTEX_POINT ( 'NONE', #9541 ) ;
#1946 = LINE ( 'NONE', #5558, #571 ) ;
#1947 = EDGE_LOOP ( 'NONE', ( #3964, #3590, #972, #1788 ) ) ;
#1948 = EDGE_CURVE ( 'NONE', #7409, #5553, #9162, .T. ) ;
#1949 =( LENGTH_UNIT ( ) NAMED_UNIT ( * ) SI_UNIT ( .MILLI., .METRE. ) );
#1950 =( NAMED_UNIT ( * ) PLANE_ANGLE_UNIT ( ) SI_UNIT ( $, .RADIAN. ) );
#1951 = VECTOR ( 'NONE', #4144, 1000.000000000000000 ) ;
#1952 = DIRECTION ( 'NONE',  ( -1.644517855226007998E-15, 1.000000000000000000, 2.890435660536363919E-30 ) ) ;
#1953 = EDGE_CURVE ( 'NONE', #6589, #9201, #4139, .T. ) ;
#1954 = EDGE_CURVE ( 'NONE', #7, #4378, #5500, .T. ) ;
#1955 = PRESENTATION_LAYER_ASSIGNMENT (  '', '', ( #8581 ) ) ;
#1956 = VECTOR ( 'NONE', #10468, 1000.000000000000000 ) ;
#1957 = AXIS2_PLACEMENT_3D ( 'NONE', #6625, #4191, #1676 ) ;
#1958 = ORIENTED_EDGE ( 'NONE', *, *, #9545, .T. ) ;
#1959 =( GEOMETRIC_REPRESENTATION_CONTEXT ( 3 ) GLOBAL_UNCERTAINTY_ASSIGNED_CONTEXT ( ( #7428 ) ) GLOBAL_UNIT_ASSIGNED_CONTEXT ( ( #4417, #5224, #2967 ) ) REPRESENTATION_CONTEXT ( 'NONE', 'WORKASPACE' ) );
#1960 = DIRECTION ( 'NONE',  ( 0.05547001409259343097, 9.122142860490530214E-17, 0.9984603535126307383 ) ) ;
#1961 = CARTESIAN_POINT ( 'NONE',  ( 1.800000000000002931, 4.200000000000010836, -5.949999999999945999 ) ) ;
#1962 = CARTESIAN_POINT ( 'NONE',  ( 0.1000000000000340894, 7.650000000000007461, 15.85000000000005471 ) ) ;
#1963 = FILL_AREA_STYLE ('',( #7624 ) ) ;
#1964 = EDGE_CURVE ( 'NONE', #5915, #7, #9990, .T. ) ;
#1965 = FILL_AREA_STYLE ('',( #8411 ) ) ;
#1966 = DIRECTION ( 'NONE',  ( -0.3589790793088841192, 0.9333456062030538458, 6.277112717517546492E-16 ) ) ;
#1967 = MECHANICAL_DESIGN_GEOMETRIC_PRESENTATION_REPRESENTATION (  '', ( #5724 ), #2117 ) ;
#1968 = VECTOR ( 'NONE', #6273, 1000.000000000000000 ) ;
#1969 = CARTESIAN_POINT ( 'NONE',  ( 9.699999999999972644, 10.60000000000002274, -16.64999999999995595 ) ) ;
#1970 = PLANE ( 'NONE',  #8241 ) ;
#1971 = ORIENTED_EDGE ( 'NONE', *, *, #4877, .F. ) ;
#1972 = PRESENTATION_STYLE_ASSIGNMENT (( #349 ) ) ;
#1973 = EDGE_CURVE ( 'NONE', #5865, #9380, #4242, .T. ) ;
#1974 = ORIENTED_EDGE ( 'NONE', *, *, #1348, .F. ) ;
#1975 = FACE_OUTER_BOUND ( 'NONE', #8032, .T. ) ;
#1976 = FILL_AREA_STYLE_COLOUR ( '', #8575 ) ;
#1977 = ORIENTED_EDGE ( 'NONE', *, *, #7492, .T. ) ;
#1978 = DIRECTION ( 'NONE',  ( 0.9486832980505243151, 1.560126622598782728E-15, 0.3162277660168062443 ) ) ;
#1979 = PRESENTATION_STYLE_ASSIGNMENT (( #2712 ) ) ;
#1980 = EDGE_CURVE ( 'NONE', #9762, #5231, #322, .T. ) ;
#1981 = DIRECTION ( 'NONE',  ( 1.748601263784621946E-15, 0.0000000000000000000, 1.000000000000000000 ) ) ;
#1982 = FACE_OUTER_BOUND ( 'NONE', #9212, .T. ) ;
#1983 = ORIENTED_EDGE ( 'NONE', *, *, #6704, .F. ) ;
#1984 = CARTESIAN_POINT ( 'NONE',  ( 10.35000000000003340, 5.300000000000025580, 13.35000000000003695 ) ) ;
#1985 = CARTESIAN_POINT ( 'NONE',  ( 10.33454256816960637, 5.302378066438024895, -1.312474729231960513 ) ) ;
#1986 = LINE ( 'NONE', #1881, #7247 ) ;
#1987 = ORIENTED_EDGE ( 'NONE', *, *, #4044, .T. ) ;
#1988 = ORIENTED_EDGE ( 'NONE', *, *, #7098, .F. ) ;
#1989 = LINE ( 'NONE', #5242, #1372 ) ;
#1990 = VERTEX_POINT ( 'NONE', #4347 ) ;
#1991 = EDGE_CURVE ( 'NONE', #6942, #9241, #4288, .T. ) ;
#1992 = DIRECTION ( 'NONE',  ( -1.644517855226008195E-15, 1.000000000000000000, 2.890435660536364269E-30 ) ) ;
#1993 = LINE ( 'NONE', #2037, #6662 ) ;
#1994 = DIRECTION ( 'NONE',  ( -3.230361199318120148E-07, -1.709844728725060429E-07, -0.9999999999999331646 ) ) ;
#1995 = EDGE_LOOP ( 'NONE', ( #7541, #4040, #1793, #4995, #7818 ) ) ;
#1996 = ORIENTED_EDGE ( 'NONE', *, *, #5955, .T. ) ;
#1997 = CARTESIAN_POINT ( 'NONE',  ( 0.5000000000000281997, 0.7500000000000093259, 5.350000000000057376 ) ) ;
#1998 = PRESENTATION_STYLE_ASSIGNMENT (( #9285 ) ) ;
#1999 =( LENGTH_UNIT ( ) NAMED_UNIT ( * ) SI_UNIT ( .MILLI., .METRE. ) );
#2000 = EDGE_CURVE ( 'NONE', #4614, #635, #4923, .T. ) ;
#2001 = ORIENTED_EDGE ( 'NONE', *, *, #8468, .F. ) ;
#2002 = CARTESIAN_POINT ( 'NONE',  ( 2.400000000000025224, 5.400000000000012790, 8.728679656440053947 ) ) ;
#2003 = EDGE_CURVE ( 'NONE', #6252, #5591, #8181, .T. ) ;
#2004 = FACE_BOUND ( 'NONE', #3314, .T. ) ;
#2005 = ORIENTED_EDGE ( 'NONE', *, *, #9879, .F. ) ;
#2006 = ADVANCED_FACE ( 'NONE', ( #2635 ), #5906, .F. ) ;
#2007 = DIRECTION ( 'NONE',  ( 1.748601263784621946E-15, 0.0000000000000000000, 1.000000000000000000 ) ) ;
#2008 = FACE_OUTER_BOUND ( 'NONE', #2527, .T. ) ;
#2009 = ORIENTED_EDGE ( 'NONE', *, *, #4096, .F. ) ;
#2010 =( NAMED_UNIT ( * ) SI_UNIT ( $, .STERADIAN. ) SOLID_ANGLE_UNIT ( ) );
#2011 = LINE ( 'NONE', #7669, #3799 ) ;
#2012 = EDGE_CURVE ( 'NONE', #6798, #6454, #3850, .T. ) ;
#2013 = EDGE_CURVE ( 'NONE', #5927, #5570, #3894, .T. ) ;
#2014 = ORIENTED_EDGE ( 'NONE', *, *, #9945, .F. ) ;
#2015 = PLANE ( 'NONE',  #7925 ) ;
#2016 = DIRECTION ( 'NONE',  ( -1.000000000000000000, -1.644517855226007998E-15, 1.748601263784621946E-15 ) ) ;
#2017 = ORIENTED_EDGE ( 'NONE', *, *, #7119, .T. ) ;
#2018 = PLANE ( 'NONE',  #1554 ) ;
#2019 = PLANE ( 'NONE',  #10239 ) ;
#2020 = ORIENTED_EDGE ( 'NONE', *, *, #7692, .F. ) ;
#2021 = LINE ( 'NONE', #6776, #4087 ) ;
#2022 = DIRECTION ( 'NONE',  ( -1.644517855226007998E-15, 1.000000000000000000, 2.875605999964573094E-30 ) ) ;
#2023 = CARTESIAN_POINT ( 'NONE',  ( 0.1000000000000236811, 5.400000000000009237, 7.850000000000056488 ) ) ;
#2024 = EDGE_CURVE ( 'NONE', #5927, #9976, #2267, .T. ) ;
#2025 = CARTESIAN_POINT ( 'NONE',  ( 2.400000000000034106, 7.100000000000012079, 14.45000000000005080 ) ) ;
#2026 = ADVANCED_FACE ( 'NONE', ( #7531 ), #3362, .T. ) ;
#2027 = ORIENTED_EDGE ( 'NONE', *, *, #9113, .T. ) ;
#2028 = VECTOR ( 'NONE', #5428, 1000.000000000000000 ) ;
#2029 = PLANE ( 'NONE',  #3230 ) ;
#2030 = FACE_OUTER_BOUND ( 'NONE', #1002, .T. ) ;
#2031 = EDGE_LOOP ( 'NONE', ( #5841, #10240, #1453, #9566 ) ) ;
#2032 = CARTESIAN_POINT ( 'NONE',  ( 1.327637489682013339, 8.199999999997109157, 4.523216102636054892 ) ) ;
#2033 = ORIENTED_EDGE ( 'NONE', *, *, #1041, .T. ) ;
#2034 = CARTESIAN_POINT ( 'NONE',  ( 2.400000000000001243, 8.200000000000011724, -2.862560681041947941 ) ) ;
#2035 = ORIENTED_EDGE ( 'NONE', *, *, #6845, .F. ) ;
#2036 = CARTESIAN_POINT ( 'NONE',  ( 1.955294117647027319, 8.144714285714311330, 11.31500000000005279 ) ) ;
#2037 = CARTESIAN_POINT ( 'NONE',  ( -0.5999999999999912070, 8.800000000000006040, 1.740000000000056612 ) ) ;
#2038 = LINE ( 'NONE', #8543, #8254 ) ;
#2039 = ORIENTED_EDGE ( 'NONE', *, *, #4350, .F. ) ;
#2040 = AXIS2_PLACEMENT_3D ( 'NONE', #2634, #5905, #1842 ) ;
#2041 = ORIENTED_EDGE ( 'NONE', *, *, #9277, .T. ) ;
#2042 = CARTESIAN_POINT ( 'NONE',  ( 9.800000000000025580, 7.144714285714323765, 11.35000000000003695 ) ) ;
#2043 = CARTESIAN_POINT ( 'NONE',  ( 11.00000000000001421, 7.650000000000026112, 5.385000000000037979 ) ) ;
#2044 = ORIENTED_EDGE ( 'NONE', *, *, #2269, .F. ) ;
#2045 = FACE_OUTER_BOUND ( 'NONE', #2891, .T. ) ;
#2046 = PRESENTATION_LAYER_ASSIGNMENT (  '', '', ( #3233 ) ) ;
#2047 = ORIENTED_EDGE ( 'NONE', *, *, #3704, .F. ) ;
#2048 = VECTOR ( 'NONE', #6165, 1000.000000000000000 ) ;
#2049 = LINE ( 'NONE', #2109, #7594 ) ;
#2050 = FILL_AREA_STYLE ('',( #9334 ) ) ;
#2051 = ORIENTED_EDGE ( 'NONE', *, *, #6531, .T. ) ;
#2052 = LINE ( 'NONE', #3661, #4625 ) ;
#2053 = ADVANCED_FACE ( 'NONE', ( #871 ), #4122, .F. ) ;
#2054 = FILL_AREA_STYLE_COLOUR ( '', #5668 ) ;
#2055 = VERTEX_POINT ( 'NONE', #3838 ) ;
#2056 = AXIS2_PLACEMENT_3D ( 'NONE', #2603, #4408, #187 ) ;
#2057 = CARTESIAN_POINT ( 'NONE',  ( 1.955294117647016883, 8.144714285714311330, 5.385000000000053966 ) ) ;
#2058 = ADVANCED_FACE ( 'NONE', ( #3023 ), #6342, .F. ) ;
#2059 = CARTESIAN_POINT ( 'NONE',  ( 0.1000000000000045991, 7.100000000000008527, -2.149999999999943512 ) ) ;
#2060 = VECTOR ( 'NONE', #4658, 1000.000000000000000 ) ;
#2061 = AXIS2_PLACEMENT_3D ( 'NONE', #10007, #8407, #6650 ) ;
#2062 = EDGE_LOOP ( 'NONE', ( #432, #289, #1795, #8951, #1196, #6294 ) ) ;
#2063 = FACE_OUTER_BOUND ( 'NONE', #10082, .T. ) ;
#2064 = DIRECTION ( 'NONE',  ( -1.748601263784621946E-15, 0.0000000000000000000, -1.000000000000000000 ) ) ;
#2065 = ORIENTED_EDGE ( 'NONE', *, *, #9165, .T. ) ;
#2066 = ORIENTED_EDGE ( 'NONE', *, *, #10118, .T. ) ;
#2067 = DIRECTION ( 'NONE',  ( -1.489513996486854122E-09, 1.000000000000000000, 7.237763924156027255E-10 ) ) ;
#2068 = COLOUR_RGB ( '',1.000000000000000000, 1.000000000000000000, 1.000000000000000000 ) ;
#2069 =( LENGTH_UNIT ( ) NAMED_UNIT ( * ) SI_UNIT ( .MILLI., .METRE. ) );
#2070 = DIRECTION ( 'NONE',  ( -1.000000000000000000, -1.644517855226007998E-15, 1.748601263784621946E-15 ) ) ;
#2071 = CARTESIAN_POINT ( 'NONE',  ( 11.00000000000001243, 12.25000000000002487, 8.350000000000036948 ) ) ;
#2072 = VERTEX_POINT ( 'NONE', #9577 ) ;
#2073 = CARTESIAN_POINT ( 'NONE',  ( 1.500000000000016875, 8.200000000000009948, 6.340000000000054037 ) ) ;
#2074 = SURFACE_SIDE_STYLE ('',( #4539 ) ) ;
#2075 = EDGE_CURVE ( 'NONE', #9033, #6216, #2286, .T. ) ;
#2076 = VECTOR ( 'NONE', #3733, 1000.000000000000000 ) ;
#2077 = PLANE ( 'NONE',  #10093 ) ;
#2078 = EDGE_CURVE ( 'NONE', #3803, #4077, #7401, .T. ) ;
#2079 = EDGE_CURVE ( 'NONE', #7961, #10452, #5066, .T. ) ;
#2080 = CONICAL_SURFACE ( 'NONE', #9378, 1.724999996680999459, 0.4636476090007538020 ) ;
#2081 = DIRECTION ( 'NONE',  ( -1.748601263784621946E-15, 0.0000000000000000000, -1.000000000000000000 ) ) ;
#2082 = AXIS2_PLACEMENT_3D ( 'NONE', #6863, #1165, #1912 ) ;
#2083 = DIRECTION ( 'NONE',  ( -1.000000000000000000, -1.644517855226007998E-15, 1.748601263784621946E-15 ) ) ;
#2084 = CARTESIAN_POINT ( 'NONE',  ( 8.799999999999998934, 8.144714285714321989, -3.649999999999959499 ) ) ;
#2085 = CARTESIAN_POINT ( 'NONE',  ( 1.500000000000015099, 8.200000000000009948, 5.385000000000055742 ) ) ;
#2086 = VERTEX_POINT ( 'NONE', #9799 ) ;
#2087 = DIRECTION ( 'NONE',  ( 1.000000000000000000, 1.644517855226007998E-15, -1.748601263784621946E-15 ) ) ;
#2088 = ORIENTED_EDGE ( 'NONE', *, *, #9906, .T. ) ;
#2089 = CARTESIAN_POINT ( 'NONE',  ( 3.950000000000018385, 7.144714285714313995, 6.350000000000049383 ) ) ;
#2090 = EDGE_CURVE ( 'NONE', #8189, #9282, #148, .T. ) ;
#2091 = ORIENTED_EDGE ( 'NONE', *, *, #10408, .F. ) ;
#2092 = VECTOR ( 'NONE', #5874, 1000.000000000000000 ) ;
#2093 = VECTOR ( 'NONE', #2898, 1000.000000000000114 ) ;
#2094 = CARTESIAN_POINT ( 'NONE',  ( 0.09999999999999939493, 5.400000000000009237, -6.149999999999942624 ) ) ;
#2095 = SURFACE_STYLE_USAGE ( .BOTH. , #7769 ) ;
#2096 = ORIENTED_EDGE ( 'NONE', *, *, #9222, .F. ) ;
#2097 = VECTOR ( 'NONE', #2675, 1000.000000000000000 ) ;
#2098 = ORIENTED_EDGE ( 'NONE', *, *, #8146, .T. ) ;
#2099 = CARTESIAN_POINT ( 'NONE',  ( 2.400000000000003020, 8.200000000000011724, -1.124841765812948369 ) ) ;
#2100 = DIRECTION ( 'NONE',  ( 1.644517855226008195E-15, -1.000000000000000000, -2.890435660536364269E-30 ) ) ;
#2101 = EDGE_CURVE ( 'NONE', #5967, #3532, #3701, .T. ) ;
#2102 = CARTESIAN_POINT ( 'NONE',  ( 1.300000000000004263, 7.100000000000010303, -2.549999999999945643 ) ) ;
#2103 = ORIENTED_EDGE ( 'NONE', *, *, #4185, .F. ) ;
#2104 = AXIS2_PLACEMENT_3D ( 'NONE', #6447, #4639, #6287 ) ;
#2105 = DIRECTION ( 'NONE',  ( -2.168404344971009657E-15, 0.3928571428571052682, -0.9195995135417112110 ) ) ;
#2106 = MECHANICAL_DESIGN_GEOMETRIC_PRESENTATION_REPRESENTATION (  '', ( #9399 ), #4497 ) ;
#2107 = VECTOR ( 'NONE', #9565, 1000.000000000000227 ) ;
#2108 = CARTESIAN_POINT ( 'NONE',  ( -0.9999999999999904521, 3.750000000000006217, -2.349999999999942357 ) ) ;
#2109 = CARTESIAN_POINT ( 'NONE',  ( 1.300000000000030242, 7.100000000000010303, 12.45000000000005436 ) ) ;
#2110 = ORIENTED_EDGE ( 'NONE', *, *, #1118, .F. ) ;
#2111 = CARTESIAN_POINT ( 'NONE',  ( 0.7433105578600173180, 7.601972579975209143, 5.353310557858056207 ) ) ;
#2112 = VECTOR ( 'NONE', #1638, 1000.000000000000000 ) ;
#2113 = DIRECTION ( 'NONE',  ( -0.9238697708742998893, 0.3553345272593985138, -0.1421338109036983932 ) ) ;
#2114 = ORIENTED_EDGE ( 'NONE', *, *, #4682, .F. ) ;
#2115 = DIRECTION ( 'NONE',  ( -1.748601263784621946E-15, 0.0000000000000000000, -1.000000000000000000 ) ) ;
#2116 = AXIS2_PLACEMENT_3D ( 'NONE', #9308, #2022, #504 ) ;
#2117 =( GEOMETRIC_REPRESENTATION_CONTEXT ( 3 ) GLOBAL_UNCERTAINTY_ASSIGNED_CONTEXT ( ( #1544 ) ) GLOBAL_UNIT_ASSIGNED_CONTEXT ( ( #796, #7979, #2953 ) ) REPRESENTATION_CONTEXT ( 'NONE', 'WORKASPACE' ) );
#2118 = COLOUR_RGB ( '',1.000000000000000000, 1.000000000000000000, 1.000000000000000000 ) ;
#2119 = ORIENTED_EDGE ( 'NONE', *, *, #4749, .F. ) ;
#2120 = CARTESIAN_POINT ( 'NONE',  ( 11.00000000000000888, 11.75000000000002487, 4.950000000000038369 ) ) ;
#2121 = CARTESIAN_POINT ( 'NONE',  ( 0.7500000000000215383, -0.2499999999999906741, 1.100000000000054934 ) ) ;
#2122 = ORIENTED_EDGE ( 'NONE', *, *, #2277, .F. ) ;
#2123 = VERTEX_POINT ( 'NONE', #9601 ) ;
#2124 = CARTESIAN_POINT ( 'NONE',  ( 2.400000000000007905, 7.650000000000011902, 0.8500000000000520473 ) ) ;
#2125 = PRESENTATION_LAYER_ASSIGNMENT (  '', '', ( #6055 ) ) ;
#2126 = LINE ( 'NONE', #3774, #9213 ) ;
#2127 = VECTOR ( 'NONE', #5738, 1000.000000000000000 ) ;
#2128 = LINE ( 'NONE', #5380, #3897 ) ;
#2129 = DIRECTION ( 'NONE',  ( 1.644517855226007998E-15, -1.000000000000000000, -2.890435660536363919E-30 ) ) ;
#2130 = VERTEX_POINT ( 'NONE', #8083 ) ;
#2131 = PLANE ( 'NONE',  #9348 ) ;
#2132 = CIRCLE ( 'NONE', #9757, 1.349999999999999645 ) ;
#2133 = VECTOR ( 'NONE', #9685, 1000.000000000000000 ) ;
#2134 = ADVANCED_FACE ( 'NONE', ( #1632 ), #4925, .T. ) ;
#2135 = FACE_OUTER_BOUND ( 'NONE', #6001, .T. ) ;
#2136 = CARTESIAN_POINT ( 'NONE',  ( 1.398548747334008358, 8.959230384045008933, 1.350000000000053380 ) ) ;
#2137 = SURFACE_STYLE_USAGE ( .BOTH. , #9423 ) ;
#2138 = EDGE_CURVE ( 'NONE', #9321, #5560, #3274, .T. ) ;
#2139 = VERTEX_POINT ( 'NONE', #7459 ) ;
#2140 = SURFACE_STYLE_USAGE ( .BOTH. , #2237 ) ;
#2141 = SURFACE_STYLE_USAGE ( .BOTH. , #6995 ) ;
#2142 = EDGE_CURVE ( 'NONE', #6917, #3689, #5859, .T. ) ;
#2143 = ORIENTED_EDGE ( 'NONE', *, *, #669, .F. ) ;
#2144 = CARTESIAN_POINT ( 'NONE',  ( 1.499999999999999556, 8.109625349781611092, -4.614999999999944258 ) ) ;
#2145 = MECHANICAL_DESIGN_GEOMETRIC_PRESENTATION_REPRESENTATION (  '', ( #5883 ), #5714 ) ;
#2146 = ORIENTED_EDGE ( 'NONE', *, *, #7952, .F. ) ;
#2147 = EDGE_CURVE ( 'NONE', #4915, #8534, #3496, .T. ) ;
#2148 = LINE ( 'NONE', #5398, #9948 ) ;
#2149 = LINE ( 'NONE', #9435, #8916 ) ;
#2150 = CARTESIAN_POINT ( 'NONE',  ( 11.00000000000000178, 3.750000000000026201, -6.649999999999962164 ) ) ;
#2151 = SURFACE_SIDE_STYLE ('',( #1350 ) ) ;
#2152 = ORIENTED_EDGE ( 'NONE', *, *, #6002, .F. ) ;
#2153 = ORIENTED_EDGE ( 'NONE', *, *, #8197, .T. ) ;
#2154 = SURFACE_STYLE_USAGE ( .BOTH. , #4761 ) ;
#2155 = CARTESIAN_POINT ( 'NONE',  ( -0.9999999999999610312, 3.750000000000006217, 14.05000000000005755 ) ) ;
#2156 =( NAMED_UNIT ( * ) PLANE_ANGLE_UNIT ( ) SI_UNIT ( $, .RADIAN. ) );
#2157 = EDGE_LOOP ( 'NONE', ( #4367, #7864, #6321, #1121 ) ) ;
#2158 = FACE_OUTER_BOUND ( 'NONE', #113, .T. ) ;
#2159 = EDGE_CURVE ( 'NONE', #5404, #5581, #7615, .T. ) ;
#2160 = CARTESIAN_POINT ( 'NONE',  ( 0.7000000000000321521, 4.200000000000009059, 11.39000000000005386 ) ) ;
#2161 = DIRECTION ( 'NONE',  ( 1.748601263784621946E-15, 0.0000000000000000000, 1.000000000000000000 ) ) ;
#2162 = DIRECTION ( 'NONE',  ( -1.000000000000000000, 1.134242272754066274E-14, 1.668003342285391649E-15 ) ) ;
#2163 = VERTEX_POINT ( 'NONE', #7869 ) ;
#2164 = LINE ( 'NONE', #6224, #3950 ) ;
#2165 = DIRECTION ( 'NONE',  ( 1.644517855226008195E-15, -1.000000000000000000, -2.890435660536364269E-30 ) ) ;
#2166 = DIRECTION ( 'NONE',  ( 1.748601263784621946E-15, 0.0000000000000000000, 1.000000000000000000 ) ) ;
#2167 = ORIENTED_EDGE ( 'NONE', *, *, #1489, .T. ) ;
#2168 = CARTESIAN_POINT ( 'NONE',  ( -0.5999999999999998668, 8.800000000000006040, -3.259999999999943388 ) ) ;
#2169 = CARTESIAN_POINT ( 'NONE',  ( 8.799999999999998934, 7.144714285714321989, -4.649999999999958611 ) ) ;
#2170 = ORIENTED_EDGE ( 'NONE', *, *, #5347, .F. ) ;
#2171 = LINE ( 'NONE', #3670, #1447 ) ;
#2172 = LINE ( 'NONE', #2121, #10106 ) ;
#2173 = ORIENTED_EDGE ( 'NONE', *, *, #8693, .T. ) ;
#2174 = CARTESIAN_POINT ( 'NONE',  ( 0.1000000000000080685, 7.649999999998868816, 0.8499999999980563103 ) ) ;
#2175 =( LENGTH_UNIT ( ) NAMED_UNIT ( * ) SI_UNIT ( .MILLI., .METRE. ) );
#2176 = LINE ( 'NONE', #3018, #7491 ) ;
#2177 =( NAMED_UNIT ( * ) SI_UNIT ( $, .STERADIAN. ) SOLID_ANGLE_UNIT ( ) );
#2178 = VERTEX_POINT ( 'NONE', #5208 ) ;
#2179 = CARTESIAN_POINT ( 'NONE',  ( 10.99999999999999467, 11.10000000000002451, -3.249999999999963141 ) ) ;
#2180 = CARTESIAN_POINT ( 'NONE',  ( 0.1000000000000028644, 8.199999999999308287, -1.124841765812942374 ) ) ;
#2181 = DIRECTION ( 'NONE',  ( -0.7427813513546573931, 0.3713906757630266453, -0.5570860167299404031 ) ) ;
#2182 = UNCERTAINTY_MEASURE_WITH_UNIT (LENGTH_MEASURE( 1.000000000000000082E-05 ), #8634, 'distance_accuracy_value', 'NONE');
#2183 = CARTESIAN_POINT ( 'NONE',  ( 1.800000000000027356, 6.844714285714310620, 10.38500000000005308 ) ) ;
#2184 = ORIENTED_EDGE ( 'NONE', *, *, #235, .T. ) ;
#2185 = PLANE ( 'NONE',  #6677 ) ;
#2186 = ORIENTED_EDGE ( 'NONE', *, *, #600, .T. ) ;
#2187 =( LENGTH_UNIT ( ) NAMED_UNIT ( * ) SI_UNIT ( .MILLI., .METRE. ) );
#2188 = EDGE_CURVE ( 'NONE', #2509, #3705, #3956, .T. ) ;
#2189 = ORIENTED_EDGE ( 'NONE', *, *, #6424, .T. ) ;
#2190 = ADVANCED_FACE ( 'NONE', ( #3593 ), #1336, .T. ) ;
#2191 = CARTESIAN_POINT ( 'NONE',  ( 11.00000000000000000, 7.650000000000026112, -3.649999999999963052 ) ) ;
#2192 = PLANE ( 'NONE',  #10119 ) ;
#2193 = VERTEX_POINT ( 'NONE', #8456 ) ;
#2194 = ORIENTED_EDGE ( 'NONE', *, *, #8276, .F. ) ;
#2195 = SURFACE_STYLE_FILL_AREA ( #9441 ) ;
#2196 = DIRECTION ( 'NONE',  ( -1.000000000000000000, 1.134242272754066274E-14, 1.334402673828313241E-15 ) ) ;
#2197 = FILL_AREA_STYLE_COLOUR ( '', #407 ) ;
#2198 = ORIENTED_EDGE ( 'NONE', *, *, #1636, .F. ) ;
#2199 = VECTOR ( 'NONE', #2282, 1000.000000000000114 ) ;
#2200 = EDGE_CURVE ( 'NONE', #2878, #7674, #10052, .T. ) ;
#2201 = DIRECTION ( 'NONE',  ( -1.000000000000000000, -1.644517855226007998E-15, 1.748601263784621946E-15 ) ) ;
#2202 = ADVANCED_FACE ( 'NONE', ( #5687 ), #7149, .T. ) ;
#2203 = STYLED_ITEM ( 'NONE', ( #579 ), #7551 ) ;
#2204 = CARTESIAN_POINT ( 'NONE',  ( 1.398548747334025677, 8.959230384045008933, 11.35000000000005294 ) ) ;
#2205 = CARTESIAN_POINT ( 'NONE',  ( 2.400000000000018563, 8.200000000000011724, 7.137439318958052503 ) ) ;
#2206 = CARTESIAN_POINT ( 'NONE',  ( 2.400000000000004352, 9.600000000000012079, 0.3500000000000533795 ) ) ;
#2207 = ORIENTED_EDGE ( 'NONE', *, *, #3245, .T. ) ;
#2208 = CARTESIAN_POINT ( 'NONE',  ( 9.700000000000029488, 4.500000000000023981, 10.85000000000003695 ) ) ;
#2209 = DIRECTION ( 'NONE',  ( -1.644517855226008195E-15, 1.000000000000000000, 2.890435660536364269E-30 ) ) ;
#2210 =( NAMED_UNIT ( * ) SI_UNIT ( $, .STERADIAN. ) SOLID_ANGLE_UNIT ( ) );
#2211 = ORIENTED_EDGE ( 'NONE', *, *, #4047, .T. ) ;
#2212 = DIRECTION ( 'NONE',  ( -1.644517855226007801E-15, 1.000000000000000000, 2.890435660536363568E-30 ) ) ;
#2213 = FILL_AREA_STYLE ('',( #8714 ) ) ;
#2214 = ADVANCED_FACE ( 'NONE', ( #4080 ), #8802, .F. ) ;
#2215 = VECTOR ( 'NONE', #10089, 1000.000000000000000 ) ;
#2216 = VECTOR ( 'NONE', #8028, 1000.000000000000000 ) ;
#2217 = VERTEX_POINT ( 'NONE', #9768 ) ;
#2218 = LINE ( 'NONE', #10367, #5357 ) ;
#2219 = DIRECTION ( 'NONE',  ( -0.9984603535126304052, -1.641985879086792367E-15, -0.05547001409259996046 ) ) ;
#2220 = ORIENTED_EDGE ( 'NONE', *, *, #3297, .F. ) ;
#2221 = VECTOR ( 'NONE', #9917, 1000.000000000000000 ) ;
#2222 = DIRECTION ( 'NONE',  ( -0.9428090415820746806, 0.2357022603954918860, 0.2357022603954950779 ) ) ;
#2223 = DIRECTION ( 'NONE',  ( 0.9984603535126309604, 1.641985879086793353E-15, 0.05547001409258993376 ) ) ;
#2224 = DIRECTION ( 'NONE',  ( 1.644517855226007998E-15, -1.000000000000000000, -2.890435660536363919E-30 ) ) ;
#2225 = DIRECTION ( 'NONE',  ( 1.748601263784621946E-15, 0.0000000000000000000, 1.000000000000000000 ) ) ;
#2226 = ORIENTED_EDGE ( 'NONE', *, *, #6019, .F. ) ;
#2227 = CARTESIAN_POINT ( 'NONE',  ( 0.5000000000000299760, -0.2499999999999906741, 6.350000000000055600 ) ) ;
#2228 = CARTESIAN_POINT ( 'NONE',  ( 11.00000000000000178, 11.75000000000002487, 1.750000000000037081 ) ) ;
#2229 = VECTOR ( 'NONE', #3204, 1000.000000000000000 ) ;
#2230 = VECTOR ( 'NONE', #3876, 1000.000000000000000 ) ;
#2231 = AXIS2_PLACEMENT_3D ( 'NONE', #3659, #9533, #3962 ) ;
#2232 = VECTOR ( 'NONE', #3819, 1000.000000000000000 ) ;
#2233 = FILL_AREA_STYLE ('',( #661 ) ) ;
#2234 = PLANE ( 'NONE',  #3603 ) ;
#2235 =( NAMED_UNIT ( * ) SI_UNIT ( $, .STERADIAN. ) SOLID_ANGLE_UNIT ( ) );
#2236 = VERTEX_POINT ( 'NONE', #5744 ) ;
#2237 = SURFACE_SIDE_STYLE ('',( #4746 ) ) ;
#2238 = ORIENTED_EDGE ( 'NONE', *, *, #5347, .T. ) ;
#2239 = VECTOR ( 'NONE', #10471, 1000.000000000000000 ) ;
#2240 = MECHANICAL_DESIGN_GEOMETRIC_PRESENTATION_REPRESENTATION (  '', ( #9375 ), #4294 ) ;
#2241 = ORIENTED_EDGE ( 'NONE', *, *, #1303, .F. ) ;
#2242 = CARTESIAN_POINT ( 'NONE',  ( 9.700000000000006395, 7.450000000000023270, 0.8500000000000399458 ) ) ;
#2243 = ORIENTED_EDGE ( 'NONE', *, *, #2602, .T. ) ;
#2244 = VECTOR ( 'NONE', #5035, 1000.000000000000000 ) ;
#2245 = STYLED_ITEM ( 'NONE', ( #5493 ), #9478 ) ;
#2246 = EDGE_CURVE ( 'NONE', #1465, #548, #3325, .T. ) ;
#2247 = VERTEX_POINT ( 'NONE', #53 ) ;
#2248 = EDGE_CURVE ( 'NONE', #8848, #4448, #3973, .T. ) ;
#2249 = SURFACE_STYLE_USAGE ( .BOTH. , #675 ) ;
#2250 = CARTESIAN_POINT ( 'NONE',  ( 9.908938232858016448, 5.367855656478024429, 3.715041966472039103 ) ) ;
#2251 = ORIENTED_EDGE ( 'NONE', *, *, #6923, .F. ) ;
#2252 = FACE_OUTER_BOUND ( 'NONE', #7809, .T. ) ;
#2253 = DIRECTION ( 'NONE',  ( -1.748601263784621946E-15, 0.0000000000000000000, -1.000000000000000000 ) ) ;
#2254 = ORIENTED_EDGE ( 'NONE', *, *, #7766, .T. ) ;
#2255 = DIRECTION ( 'NONE',  ( 0.0000000000000000000, -0.6949152542373066010, -0.7190916418846066138 ) ) ;
#2256 = AXIS2_PLACEMENT_3D ( 'NONE', #2682, #3480, #1681 ) ;
#2257 = EDGE_CURVE ( 'NONE', #6454, #10424, #9653, .T. ) ;
#2258 =( GEOMETRIC_REPRESENTATION_CONTEXT ( 3 ) GLOBAL_UNCERTAINTY_ASSIGNED_CONTEXT ( ( #6350 ) ) GLOBAL_UNIT_ASSIGNED_CONTEXT ( ( #2339, #7948, #10430 ) ) REPRESENTATION_CONTEXT ( 'NONE', 'WORKASPACE' ) );
#2259 = VECTOR ( 'NONE', #1238, 1000.000000000000000 ) ;
#2260 = CARTESIAN_POINT ( 'NONE',  ( 1.400000000000025446, 8.959289480517522719, 11.34573484234600649 ) ) ;
#2261 = DIRECTION ( 'NONE',  ( 0.4472135954999964524, 0.8944271909998966485, -7.819982582729584600E-16 ) ) ;
#2262 = ADVANCED_FACE ( 'NONE', ( #884 ), #4199, .F. ) ;
#2263 = CARTESIAN_POINT ( 'NONE',  ( 1.400000000000000133, 7.650000000000010125, -4.149999999999946176 ) ) ;
#2264 = ORIENTED_EDGE ( 'NONE', *, *, #7360, .F. ) ;
#2265 = DIRECTION ( 'NONE',  ( 1.000000000000000000, 1.644517855226007998E-15, -1.748601263784621748E-15 ) ) ;
#2266 = LINE ( 'NONE', #4772, #9793 ) ;
#2267 = CIRCLE ( 'NONE', #7905, 0.9999999999999991118 ) ;
#2268 = FACE_OUTER_BOUND ( 'NONE', #1212, .T. ) ;
#2269 = EDGE_CURVE ( 'NONE', #5811, #4537, #1572, .T. ) ;
#2270 = ORIENTED_EDGE ( 'NONE', *, *, #9622, .F. ) ;
#2271 = LINE ( 'NONE', #133, #2587 ) ;
#2272 = EDGE_CURVE ( 'NONE', #4760, #5231, #4069, .T. ) ;
#2273 =( NAMED_UNIT ( * ) PLANE_ANGLE_UNIT ( ) SI_UNIT ( $, .RADIAN. ) );
#2274 = VECTOR ( 'NONE', #9970, 1000.000000000000000 ) ;
#2275 =( GEOMETRIC_REPRESENTATION_CONTEXT ( 3 ) GLOBAL_UNCERTAINTY_ASSIGNED_CONTEXT ( ( #2413 ) ) GLOBAL_UNIT_ASSIGNED_CONTEXT ( ( #9994, #3484, #9873 ) ) REPRESENTATION_CONTEXT ( 'NONE', 'WORKASPACE' ) );
#2276 = AXIS2_PLACEMENT_3D ( 'NONE', #4762, #9702, #9598 ) ;
#2277 = EDGE_CURVE ( 'NONE', #8473, #9522, #6090, .T. ) ;
#2278 =( NAMED_UNIT ( * ) SI_UNIT ( $, .STERADIAN. ) SOLID_ANGLE_UNIT ( ) );
#2279 = ORIENTED_EDGE ( 'NONE', *, *, #3626, .F. ) ;
#2280 = CARTESIAN_POINT ( 'NONE',  ( 1.500000000000023981, 8.200000000000009948, 10.38500000000005308 ) ) ;
#2281 = DIRECTION ( 'NONE',  ( 1.748601263784621946E-15, 0.0000000000000000000, 1.000000000000000000 ) ) ;
#2282 = DIRECTION ( 'NONE',  ( 0.9883716976506222718, -0.1520571842539073237, -1.728267999600830212E-15 ) ) ;
#2283 = DIRECTION ( 'NONE',  ( 1.000000000000000000, 1.644517855226007998E-15, -1.748601263784621946E-15 ) ) ;
#2284 = ORIENTED_EDGE ( 'NONE', *, *, #3573, .T. ) ;
#2285 = FILL_AREA_STYLE_COLOUR ( '', #7198 ) ;
#2286 = LINE ( 'NONE', #5550, #1429 ) ;
#2287 = VECTOR ( 'NONE', #3234, 1000.000000000000000 ) ;
#2288 = VECTOR ( 'NONE', #2718, 1000.000000000000000 ) ;
#2289 = MECHANICAL_DESIGN_GEOMETRIC_PRESENTATION_REPRESENTATION (  '', ( #9947 ), #9256 ) ;
#2290 = VECTOR ( 'NONE', #108, 1000.000000000000000 ) ;
#2291 = EDGE_CURVE ( 'NONE', #6252, #5130, #8446, .T. ) ;
#2292 = DIRECTION ( 'NONE',  ( 1.748601263784621946E-15, 0.0000000000000000000, 1.000000000000000000 ) ) ;
#2293 = UNCERTAINTY_MEASURE_WITH_UNIT (LENGTH_MEASURE( 1.000000000000000082E-05 ), #3872, 'distance_accuracy_value', 'NONE');
#2294 = VECTOR ( 'NONE', #6394, 1000.000000000000000 ) ;
#2295 = FACE_OUTER_BOUND ( 'NONE', #9381, .T. ) ;
#2296 = FILL_AREA_STYLE ('',( #7100 ) ) ;
#2297 = ORIENTED_EDGE ( 'NONE', *, *, #2147, .F. ) ;
#2298 = FACE_OUTER_BOUND ( 'NONE', #5484, .T. ) ;
#2299 = ORIENTED_EDGE ( 'NONE', *, *, #3619, .T. ) ;
#2300 = EDGE_CURVE ( 'NONE', #8788, #679, #10180, .T. ) ;
#2301 = ORIENTED_EDGE ( 'NONE', *, *, #3953, .T. ) ;
#2302 = B_SPLINE_CURVE_WITH_KNOTS ( 'NONE', 3,
 ( #2923, #7801, #3785, #4587, #3843, #7954, #9362, #9418 ),
 .UNSPECIFIED., .F., .F.,
 ( 4, 1, 1, 1, 1, 4 ),
 ( 0.0000000000000000000, 0.2000000000000000111, 0.4000000000000000222, 0.5999999999999999778, 0.8000000000000000444, 1.000000000000000000 ),
 .UNSPECIFIED. ) ;
#2303 = ORIENTED_EDGE ( 'NONE', *, *, #2847, .F. ) ;
#2304 = MECHANICAL_DESIGN_GEOMETRIC_PRESENTATION_REPRESENTATION (  '', ( #4691 ), #7927 ) ;
#2305 =( NAMED_UNIT ( * ) SI_UNIT ( $, .STERADIAN. ) SOLID_ANGLE_UNIT ( ) );
#2306 = ORIENTED_EDGE ( 'NONE', *, *, #2291, .T. ) ;
#2307 = VECTOR ( 'NONE', #2209, 1000.000000000000000 ) ;
#2308 = CARTESIAN_POINT ( 'NONE',  ( 10.77560435693831487, 5.234522406625025326, 3.659552944982038092 ) ) ;
#2309 = ORIENTED_EDGE ( 'NONE', *, *, #3750, .T. ) ;
#2310 = ORIENTED_EDGE ( 'NONE', *, *, #9338, .T. ) ;
#2311 = DIRECTION ( 'NONE',  ( 1.595945597898462472E-14, 2.337000431716910882E-29, 1.000000000000000000 ) ) ;
#2312 = DIRECTION ( 'NONE',  ( -1.000000000000000000, -1.644517855226007998E-15, 1.748601263784621946E-15 ) ) ;
#2313 = EDGE_LOOP ( 'NONE', ( #10057, #9228, #8824, #8064 ) ) ;
#2314 = CARTESIAN_POINT ( 'NONE',  ( 0.7500000000000179856, 7.611199771552088933, 6.340000000000055813 ) ) ;
#2315 = EDGE_CURVE ( 'NONE', #176, #1160, #7626, .T. ) ;
#2316 = CARTESIAN_POINT ( 'NONE',  ( 0.5000000000000022204, 6.844714285714308843, -3.649999999999944844 ) ) ;
#2317 = CARTESIAN_POINT ( 'NONE',  ( 11.00000000000000355, 11.10000000000002451, 1.750000000000037081 ) ) ;
#2318 = DIRECTION ( 'NONE',  ( 1.000000000000000000, 1.644517855226007998E-15, -1.748601263784621946E-15 ) ) ;
#2319 = VERTEX_POINT ( 'NONE', #9822 ) ;
#2320 = ORIENTED_EDGE ( 'NONE', *, *, #6388, .T. ) ;
#2321 = CARTESIAN_POINT ( 'NONE',  ( 9.700000000000020606, 10.60000000000002274, 11.55000000000003979 ) ) ;
#2322 = CARTESIAN_POINT ( 'NONE',  ( 1.499999999999997780, 8.200000000000009948, -4.639999999999945501 ) ) ;
#2323 = CARTESIAN_POINT ( 'NONE',  ( 0.1000000000000254158, 7.649999999998868816, 10.84999999999805631 ) ) ;
#2324 = ORIENTED_EDGE ( 'NONE', *, *, #472, .T. ) ;
#2325 = CARTESIAN_POINT ( 'NONE',  ( 7.999999999999988454, 11.55000000000002025, -6.649999999999956835 ) ) ;
#2326 = FACE_OUTER_BOUND ( 'NONE', #1947, .T. ) ;
#2327 = ADVANCED_FACE ( 'NONE', ( #9770 ), #5613, .F. ) ;
#2328 = ADVANCED_FACE ( 'NONE', ( #3959 ), #1505, .T. ) ;
#2329 = EDGE_CURVE ( 'NONE', #5660, #582, #9643, .T. ) ;
#2330 = ADVANCED_FACE ( 'NONE', ( #2354 ), #5024, .T. ) ;
#2331 = ORIENTED_EDGE ( 'NONE', *, *, #6652, .T. ) ;
#2332 = CARTESIAN_POINT ( 'NONE',  ( 11.00000000000001421, 5.200000000000025935, 3.054540768505037196 ) ) ;
#2333 = LINE ( 'NONE', #853, #1099 ) ;
#2334 = ORIENTED_EDGE ( 'NONE', *, *, #10408, .T. ) ;
#2335 = CARTESIAN_POINT ( 'NONE',  ( 3.950000000000005507, 7.650000000000012790, -0.4999999999999505951 ) ) ;
#2336 = CARTESIAN_POINT ( 'NONE',  ( -0.9999999999999765743, 10.75000000000000533, 12.65000000000005720 ) ) ;
#2337 = CARTESIAN_POINT ( 'NONE',  ( 11.00000000000001066, 11.10000000000002451, 6.750000000000037303 ) ) ;
#2338 = ORIENTED_EDGE ( 'NONE', *, *, #9343, .F. ) ;
#2339 =( LENGTH_UNIT ( ) NAMED_UNIT ( * ) SI_UNIT ( .MILLI., .METRE. ) );
#2340 = CARTESIAN_POINT ( 'NONE',  ( 3.950000000000008171, 7.650000000000014566, 0.8500000000000494937 ) ) ;
#2341 = EDGE_CURVE ( 'NONE', #9530, #2163, #9434, .T. ) ;
#2342 = ADVANCED_FACE ( 'NONE', ( #1560 ), #8643, .F. ) ;
#2343 = LINE ( 'NONE', #5601, #7561 ) ;
#2344 = VERTEX_POINT ( 'NONE', #4807 ) ;
#2345 = LINE ( 'NONE', #9422, #5656 ) ;
#2346 = DIRECTION ( 'NONE',  ( 1.644517855226008195E-15, -1.000000000000000000, -2.890435660536364269E-30 ) ) ;
#2347 = EDGE_LOOP ( 'NONE', ( #4774, #10417, #3952, #1566 ) ) ;
#2348 = SURFACE_SIDE_STYLE ('',( #7478 ) ) ;
#2349 = VERTEX_POINT ( 'NONE', #779 ) ;
#2350 = EDGE_LOOP ( 'NONE', ( #6544, #9939 ) ) ;
#2351 = CARTESIAN_POINT ( 'NONE',  ( 11.00000000000000711, 7.650000000000026112, 0.3500000000000377809 ) ) ;
#2352 = EDGE_CURVE ( 'NONE', #5560, #6523, #4023, .T. ) ;
#2353 = EDGE_CURVE ( 'NONE', #2236, #3472, #2148, .T. ) ;
#2354 = FACE_OUTER_BOUND ( 'NONE', #3226, .T. ) ;
#2355 = ORIENTED_EDGE ( 'NONE', *, *, #8934, .F. ) ;
#2356 = CARTESIAN_POINT ( 'NONE',  ( -0.1999999927999960292, 4.200000000000007283, -4.739999994599941147 ) ) ;
#2357 = PLANE ( 'NONE',  #2231 ) ;
#2358 = EDGE_LOOP ( 'NONE', ( #3431, #5649, #2711, #10441 ) ) ;
#2359 = ORIENTED_EDGE ( 'NONE', *, *, #79, .T. ) ;
#2360 = CARTESIAN_POINT ( 'NONE',  ( -0.5999999999999651168, 4.200000000000007283, 12.65000000000005720 ) ) ;
#2361 = DIRECTION ( 'NONE',  ( -0.5407575913134772261, -0.8411784753765673139, 9.455694075718743083E-16 ) ) ;
#2362 = ORIENTED_EDGE ( 'NONE', *, *, #6518, .F. ) ;
#2363 = DIRECTION ( 'NONE',  ( 0.9333456062030537348, 0.3589790793088840637, -1.632049306554483636E-15 ) ) ;
#2364 =( NAMED_UNIT ( * ) PLANE_ANGLE_UNIT ( ) SI_UNIT ( $, .RADIAN. ) );
#2365 = DIRECTION ( 'NONE',  ( -0.2357022603954947726, 0.9428090415820741255, 0.2357022603954940509 ) ) ;
#2366 =( LENGTH_UNIT ( ) NAMED_UNIT ( * ) SI_UNIT ( .MILLI., .METRE. ) );
#2367 = FILL_AREA_STYLE ('',( #7930 ) ) ;
#2368 = ORIENTED_EDGE ( 'NONE', *, *, #3860, .T. ) ;
#2369 = VERTEX_POINT ( 'NONE', #6257 ) ;
#2370 = AXIS2_PLACEMENT_3D ( 'NONE', #4899, #3935, #8941 ) ;
#2371 = CARTESIAN_POINT ( 'NONE',  ( 9.700000000000002842, 10.60000000000002274, 0.1500000000000389910 ) ) ;
#2372 = CARTESIAN_POINT ( 'NONE',  ( -0.6000000000000067502, 10.75000000000000533, -5.949999999999940670 ) ) ;
#2373 = CARTESIAN_POINT ( 'NONE',  ( 2.399999999999995914, 9.600000000000012079, -4.649999999999947065 ) ) ;
#2374 = ORIENTED_EDGE ( 'NONE', *, *, #8460, .T. ) ;
#2375 = FILL_AREA_STYLE_COLOUR ( '', #5834 ) ;
#2376 = STYLED_ITEM ( 'NONE', ( #6014 ), #7446 ) ;
#2377 = ORIENTED_EDGE ( 'NONE', *, *, #4618, .T. ) ;
#2378 = CARTESIAN_POINT ( 'NONE',  ( 0.7400000000000097611, 7.597309794603359201, 1.350000000000055156 ) ) ;
#2379 = LINE ( 'NONE', #4894, #3289 ) ;
#2380 = CARTESIAN_POINT ( 'NONE',  ( 0.7000000000000148326, 8.200000000000009948, 5.310000000000055564 ) ) ;
#2381 = EDGE_CURVE ( 'NONE', #9221, #3269, #3194, .T. ) ;
#2382 = FACE_OUTER_BOUND ( 'NONE', #687, .T. ) ;
#2383 = DIRECTION ( 'NONE',  ( -1.748601263784621946E-15, 0.0000000000000000000, -1.000000000000000000 ) ) ;
#2384 = AXIS2_PLACEMENT_3D ( 'NONE', #8288, #48, #6521 ) ;
#2385 = EDGE_LOOP ( 'NONE', ( #3936, #8115, #9198, #4545 ) ) ;
#2386 = DIRECTION ( 'NONE',  ( -1.748601263784621946E-15, 0.0000000000000000000, -1.000000000000000000 ) ) ;
#2387 = DIRECTION ( 'NONE',  ( -1.644517855226008195E-15, 1.000000000000000000, 2.890435660536364269E-30 ) ) ;
#2388 = AXIS2_PLACEMENT_3D ( 'NONE', #3228, #8990, #7420 ) ;
#2389 = CARTESIAN_POINT ( 'NONE',  ( 2.399999999999995914, 8.200000000000011724, -5.437439318957946632 ) ) ;
#2390 = VERTEX_POINT ( 'NONE', #41 ) ;
#2391 = UNCERTAINTY_MEASURE_WITH_UNIT (LENGTH_MEASURE( 1.000000000000000082E-05 ), #4048, 'distance_accuracy_value', 'NONE');
#2392 = EDGE_CURVE ( 'NONE', #6946, #6729, #8954, .T. ) ;
#2393 = AXIS2_PLACEMENT_3D ( 'NONE', #9996, #1891, #4396 ) ;
#2394 = FACE_OUTER_BOUND ( 'NONE', #6386, .T. ) ;
#2395 = PLANE ( 'NONE',  #7438 ) ;
#2396 = VERTEX_POINT ( 'NONE', #2624 ) ;
#2397 = DIRECTION ( 'NONE',  ( 1.644517855226007998E-15, -1.000000000000000000, -2.890435660536363919E-30 ) ) ;
#2398 = ORIENTED_EDGE ( 'NONE', *, *, #5261, .T. ) ;
#2399 = ORIENTED_EDGE ( 'NONE', *, *, #2101, .F. ) ;
#2400 = CARTESIAN_POINT ( 'NONE',  ( 0.1000000000000150074, 5.400000000000009237, 2.850000000000056488 ) ) ;
#2401 = EDGE_CURVE ( 'NONE', #2515, #9698, #10499, .T. ) ;
#2402 = VECTOR ( 'NONE', #2067, 1000.000000000000000 ) ;
#2403 = ADVANCED_FACE ( 'NONE', ( #103, #2514 ), #4128, .T. ) ;
#2404 = STYLED_ITEM ( 'NONE', ( #4811 ), #3377 ) ;
#2405 =( NAMED_UNIT ( * ) SI_UNIT ( $, .STERADIAN. ) SOLID_ANGLE_UNIT ( ) );
#2406 = VECTOR ( 'NONE', #6969, 1000.000000000000000 ) ;
#2407 = AXIS2_PLACEMENT_3D ( 'NONE', #8087, #3974, #5512 ) ;
#2408 = FACE_OUTER_BOUND ( 'NONE', #1351, .T. ) ;
#2409 = VECTOR ( 'NONE', #5054, 1000.000000000000000 ) ;
#2410 = ORIENTED_EDGE ( 'NONE', *, *, #414, .T. ) ;
#2411 = COLOUR_RGB ( '',1.000000000000000000, 1.000000000000000000, 1.000000000000000000 ) ;
#2412 = LINE ( 'NONE', #3150, #8595 ) ;
#2413 = UNCERTAINTY_MEASURE_WITH_UNIT (LENGTH_MEASURE( 1.000000000000000082E-05 ), #9994, 'distance_accuracy_value', 'NONE');
#2414 = FACE_OUTER_BOUND ( 'NONE', #9748, .T. ) ;
#2415 = SURFACE_SIDE_STYLE ('',( #162 ) ) ;
#2416 = EDGE_CURVE ( 'NONE', #6456, #4524, #3313, .T. ) ;
#2417 = VERTEX_POINT ( 'NONE', #9812 ) ;
#2418 = ORIENTED_EDGE ( 'NONE', *, *, #6114, .F. ) ;
#2419 =( LENGTH_UNIT ( ) NAMED_UNIT ( * ) SI_UNIT ( .MILLI., .METRE. ) );
#2420 = PLANE ( 'NONE',  #2276 ) ;
#2421 = EDGE_LOOP ( 'NONE', ( #5205, #8128, #10220, #5193 ) ) ;
#2422 = DIRECTION ( 'NONE',  ( 1.748601263784621946E-15, 0.0000000000000000000, 1.000000000000000000 ) ) ;
#2423 = DIRECTION ( 'NONE',  ( -0.8000000000000010436, -1.315614284180806122E-15, -0.5999999999999984235 ) ) ;
#2424 = VECTOR ( 'NONE', #7144, 1000.000000000000000 ) ;
#2425 =( GEOMETRIC_REPRESENTATION_CONTEXT ( 3 ) GLOBAL_UNCERTAINTY_ASSIGNED_CONTEXT ( ( #6452 ) ) GLOBAL_UNIT_ASSIGNED_CONTEXT ( ( #7570, #5256, #234 ) ) REPRESENTATION_CONTEXT ( 'NONE', 'WORKASPACE' ) );
#2426 = DIRECTION ( 'NONE',  ( 1.748601263784621946E-15, 0.0000000000000000000, 1.000000000000000000 ) ) ;
#2427 = LINE ( 'NONE', #5692, #10448 ) ;
#2428 = ADVANCED_FACE ( 'NONE', ( #3251 ), #6513, .T. ) ;
#2429 = VERTEX_POINT ( 'NONE', #9004 ) ;
#2430 = VERTEX_POINT ( 'NONE', #8903 ) ;
#2431 = CIRCLE ( 'NONE', #6020, 1.299999999999999822 ) ;
#2432 = DIRECTION ( 'NONE',  ( 1.644517855226008195E-15, -1.000000000000000000, -2.890435660536364269E-30 ) ) ;
#2433 = CARTESIAN_POINT ( 'NONE',  ( 1.300000000000032019, 5.400000000000011013, 12.45000000000005436 ) ) ;
#2434 = DIRECTION ( 'NONE',  ( 1.242865905043146517E-15, 0.2682926829271122249, 0.9633374467380431128 ) ) ;
#2435 = VERTEX_POINT ( 'NONE', #1724 ) ;
#2436 = DIRECTION ( 'NONE',  ( -0.8411784753765673139, 0.5407575913134772261, 1.470885745111887003E-15 ) ) ;
#2437 = ADVANCED_FACE ( 'NONE', ( #2408 ), #8172, .T. ) ;
#2438 = SURFACE_SIDE_STYLE ('',( #5701 ) ) ;
#2439 = VECTOR ( 'NONE', #3180, 1000.000000000000000 ) ;
#2440 = ORIENTED_EDGE ( 'NONE', *, *, #6326, .T. ) ;
#2441 = DIRECTION ( 'NONE',  ( -1.000000000000000000, -1.644517855226007998E-15, 1.748601263784621946E-15 ) ) ;
#2442 = EDGE_LOOP ( 'NONE', ( #77, #6519, #1029, #202 ) ) ;
#2443 = DIRECTION ( 'NONE',  ( 1.000000000000000000, 1.644517855226007801E-15, -1.748601263784621748E-15 ) ) ;
#2444 = AXIS2_PLACEMENT_3D ( 'NONE', #6922, #1966, #5221 ) ;
#2445 = SURFACE_STYLE_USAGE ( .BOTH. , #6442 ) ;
#2446 = CARTESIAN_POINT ( 'NONE',  ( 10.33503886471861577, 5.302301713120025184, 3.012506501421037264 ) ) ;
#2447 = VECTOR ( 'NONE', #138, 1000.000000000000000 ) ;
#2448 = ORIENTED_EDGE ( 'NONE', *, *, #8504, .F. ) ;
#2449 = CARTESIAN_POINT ( 'NONE',  ( 3.950000000000027267, 7.144714285714313995, 11.35000000000004761 ) ) ;
#2450 = CARTESIAN_POINT ( 'NONE',  ( 1.398548747334017017, 8.959230384045008933, 6.350000000000053824 ) ) ;
#2451 = EDGE_CURVE ( 'NONE', #2841, #5303, #8279, .T. ) ;
#2452 = VECTOR ( 'NONE', #3671, 1000.000000000000227 ) ;
#2453 = LINE ( 'NONE', #1401, #3815 ) ;
#2454 = CARTESIAN_POINT ( 'NONE',  ( -0.1999999993499944340, 8.599999999630806968, 0.2600000022150578127 ) ) ;
#2455 = CARTESIAN_POINT ( 'NONE',  ( 0.7500000066399999943, 7.649999999998869704, -4.150000000001944578 ) ) ;
#2456 = CARTESIAN_POINT ( 'NONE',  ( 9.800000000000025580, 7.394714285714323765, 11.10000000000003695 ) ) ;
#2457 = ORIENTED_EDGE ( 'NONE', *, *, #8631, .T. ) ;
#2458 = VERTEX_POINT ( 'NONE', #1028 ) ;
#2459 = ORIENTED_EDGE ( 'NONE', *, *, #600, .F. ) ;
#2460 = CARTESIAN_POINT ( 'NONE',  ( 0.7466439969400009424, 7.606602420031609135, -3.656643996938944596 ) ) ;
#2461 = AXIS2_PLACEMENT_3D ( 'NONE', #7002, #6207, #3854 ) ;
#2462 = DIRECTION ( 'NONE',  ( -1.748601263784621946E-15, 0.0000000000000000000, -1.000000000000000000 ) ) ;
#2463 = EDGE_CURVE ( 'NONE', #9535, #4799, #5735, .T. ) ;
#2464 = ADVANCED_FACE ( 'NONE', ( #5037 ), #3413, .T. ) ;
#2465 = FILL_AREA_STYLE ('',( #5080 ) ) ;
#2466 = ORIENTED_EDGE ( 'NONE', *, *, #484, .F. ) ;
#2467 = ADVANCED_FACE ( 'NONE', ( #5941 ), #4387, .T. ) ;
#2468 = LINE ( 'NONE', #2356, #3134 ) ;
#2469 = PRESENTATION_STYLE_ASSIGNMENT (( #4812 ) ) ;
#2470 = ORIENTED_EDGE ( 'NONE', *, *, #6343, .F. ) ;
#2471 = ORIENTED_EDGE ( 'NONE', *, *, #4303, .T. ) ;
#2472 = DIRECTION ( 'NONE',  ( -1.644517855226008195E-15, 1.000000000000000000, 2.890435660536364269E-30 ) ) ;
#2473 = PLANE ( 'NONE',  #9084 ) ;
#2474 = VECTOR ( 'NONE', #1495, 1000.000000000000000 ) ;
#2475 = ORIENTED_EDGE ( 'NONE', *, *, #9204, .T. ) ;
#2476 = SURFACE_STYLE_USAGE ( .BOTH. , #6525 ) ;
#2477 = VECTOR ( 'NONE', #2543, 1000.000000000000114 ) ;
#2478 = ADVANCED_FACE ( 'NONE', ( #1982 ), #9071, .T. ) ;
#2479 = ADVANCED_FACE ( 'NONE', ( #4338 ), #8432, .F. ) ;
#2480 = SURFACE_STYLE_USAGE ( .BOTH. , #173 ) ;
#2481 = AXIS2_PLACEMENT_3D ( 'NONE', #9495, #4042, #7122 ) ;
#2482 = CARTESIAN_POINT ( 'NONE',  ( -0.3999999999999906408, 6.450000000000008171, 0.1100000000000562334 ) ) ;
#2483 = PLANE ( 'NONE',  #8679 ) ;
#2484 = ORIENTED_EDGE ( 'NONE', *, *, #9338, .F. ) ;
#2485 = ORIENTED_EDGE ( 'NONE', *, *, #3047, .T. ) ;
#2486 = CARTESIAN_POINT ( 'NONE',  ( 0.1000000000000045991, 7.100000000000008527, -2.149999999999943512 ) ) ;
#2487 = SURFACE_SIDE_STYLE ('',( #896 ) ) ;
#2488 = DIRECTION ( 'NONE',  ( 1.748601263784621946E-15, 0.0000000000000000000, 1.000000000000000000 ) ) ;
#2489 = ORIENTED_EDGE ( 'NONE', *, *, #4622, .F. ) ;
#2490 = EDGE_CURVE ( 'NONE', #8406, #7082, #7504, .T. ) ;
#2491 = ORIENTED_EDGE ( 'NONE', *, *, #125, .F. ) ;
#2492 = FACE_OUTER_BOUND ( 'NONE', #2347, .T. ) ;
#2493 = CARTESIAN_POINT ( 'NONE',  ( 0.7250000000000190736, 6.200000000000009059, 5.335000000000055920 ) ) ;
#2494 = ORIENTED_EDGE ( 'NONE', *, *, #6987, .T. ) ;
#2495 = CARTESIAN_POINT ( 'NONE',  ( 0.1000000000000063338, 9.638089535207008396, 1.350000000000056044 ) ) ;
#2496 = CARTESIAN_POINT ( 'NONE',  ( 0.7400000000000184208, 7.597309794603359201, 6.350000000000055600 ) ) ;
#2497 = CARTESIAN_POINT ( 'NONE',  ( -0.9999999999999922284, 4.200000000000005507, -2.349999999999942357 ) ) ;
#2498 = FACE_OUTER_BOUND ( 'NONE', #10339, .T. ) ;
#2499 = ORIENTED_EDGE ( 'NONE', *, *, #408, .T. ) ;
#2500 = CARTESIAN_POINT ( 'NONE',  ( 1.800000000000028910, 6.844714285714310620, 11.35000000000005294 ) ) ;
#2501 = CARTESIAN_POINT ( 'NONE',  ( 0.6500000000000185629, 6.200000000000009059, 5.307222222500054265 ) ) ;
#2502 = FILL_AREA_STYLE_COLOUR ( '', #6890 ) ;
#2503 = PLANE ( 'NONE',  #5176 ) ;
#2504 = UNCERTAINTY_MEASURE_WITH_UNIT (LENGTH_MEASURE( 1.000000000000000082E-05 ), #2419, 'distance_accuracy_value', 'NONE');
#2505 = CARTESIAN_POINT ( 'NONE',  ( 0.1000000000000098033, 8.200000000000008171, 2.824841765813056682 ) ) ;
#2506 = LINE ( 'NONE', #7476, #6060 ) ;
#2507 = ORIENTED_EDGE ( 'NONE', *, *, #1887, .F. ) ;
#2508 = SURFACE_STYLE_USAGE ( .BOTH. , #2348 ) ;
#2509 = VERTEX_POINT ( 'NONE', #357 ) ;
#2510 = VERTEX_POINT ( 'NONE', #409 ) ;
#2511 = LINE ( 'NONE', #9054, #6648 ) ;
#2512 =( NAMED_UNIT ( * ) PLANE_ANGLE_UNIT ( ) SI_UNIT ( $, .RADIAN. ) );
#2513 = B_SPLINE_CURVE_WITH_KNOTS ( 'NONE', 3,
 ( #3605, #9957, #8353, #6812 ),
 .UNSPECIFIED., .F., .F.,
 ( 4, 4 ),
 ( 0.0000000000000000000, 1.000000000000000000 ),
 .UNSPECIFIED. ) ;
#2514 = FACE_BOUND ( 'NONE', #9337, .T. ) ;
#2515 = VERTEX_POINT ( 'NONE', #10080 ) ;
#2516 = DIRECTION ( 'NONE',  ( -1.801095893066399655E-14, -1.000000000000000000, 3.147915588756019432E-29 ) ) ;
#2517 = UNCERTAINTY_MEASURE_WITH_UNIT (LENGTH_MEASURE( 1.000000000000000082E-05 ), #2366, 'distance_accuracy_value', 'NONE');
#2518 = EDGE_CURVE ( 'NONE', #2598, #4871, #5334, .T. ) ;
#2519 = LINE ( 'NONE', #5040, #8596 ) ;
#2520 = ORIENTED_EDGE ( 'NONE', *, *, #5621, .F. ) ;
#2521 =( LENGTH_UNIT ( ) NAMED_UNIT ( * ) SI_UNIT ( .MILLI., .METRE. ) );
#2522 = ORIENTED_EDGE ( 'NONE', *, *, #421, .T. ) ;
#2523 = SURFACE_SIDE_STYLE ('',( #4872 ) ) ;
#2524 = EDGE_CURVE ( 'NONE', #9869, #2968, #3569, .T. ) ;
#2525 = LINE ( 'NONE', #8080, #6881 ) ;
#2526 = CARTESIAN_POINT ( 'NONE',  ( 0.1000000000000045991, 10.60000000000000675, 1.350000000000056044 ) ) ;
#2527 = EDGE_LOOP ( 'NONE', ( #2027, #5847, #9779, #4532, #5492, #5081, #3712, #5727, #2033, #6476, #5478, #5904, #7813, #5983, #2153, #9368 ) ) ;
#2528 = CARTESIAN_POINT ( 'NONE',  ( 9.909186366476031793, 5.367817482081024494, 12.98497422955403913 ) ) ;
#2529 = PLANE ( 'NONE',  #4277 ) ;
#2530 = DIRECTION ( 'NONE',  ( 1.748601263784621946E-15, 0.0000000000000000000, 1.000000000000000000 ) ) ;
#2531 = EDGE_LOOP ( 'NONE', ( #1587, #729, #2909, #6104 ) ) ;
#2532 = LINE ( 'NONE', #8246, #4293 ) ;
#2533 = DIRECTION ( 'NONE',  ( 1.000000000000000000, 1.644517855226007998E-15, -1.748601263784621946E-15 ) ) ;
#2534 = EDGE_CURVE ( 'NONE', #6216, #9001, #6830, .T. ) ;
#2535 = CARTESIAN_POINT ( 'NONE',  ( 0.7000000000000079492, 8.200000000000009948, 1.390000000000055191 ) ) ;
#2536 = VERTEX_POINT ( 'NONE', #9361 ) ;
#2537 = LINE ( 'NONE', #2593, #9547 ) ;
#2538 = LINE ( 'NONE', #7246, #2628 ) ;
#2539 = EDGE_CURVE ( 'NONE', #9496, #4883, #2772, .T. ) ;
#2540 = EDGE_CURVE ( 'NONE', #5828, #7966, #9153, .T. ) ;
#2541 = COLOUR_RGB ( '',1.000000000000000000, 1.000000000000000000, 1.000000000000000000 ) ;
#2542 = ORIENTED_EDGE ( 'NONE', *, *, #4231, .F. ) ;
#2543 = DIRECTION ( 'NONE',  ( -0.7071067811865962005, -1.162849727212749320E-15, 0.7071067811864987229 ) ) ;
#2544 = LINE ( 'NONE', #966, #5702 ) ;
#2545 = ORIENTED_EDGE ( 'NONE', *, *, #209, .F. ) ;
#2546 = CARTESIAN_POINT ( 'NONE',  ( 11.00000000000000711, 5.200000000000025935, -1.945459231494963026 ) ) ;
#2547 = DIRECTION ( 'NONE',  ( -1.644517855226008195E-15, 1.000000000000000000, 2.890435660536364269E-30 ) ) ;
#2548 = EDGE_CURVE ( 'NONE', #7418, #8473, #6045, .T. ) ;
#2549 = DIRECTION ( 'NONE',  ( 1.000000000000000000, 1.644517855226007998E-15, -1.748601263784621946E-15 ) ) ;
#2550 = CARTESIAN_POINT ( 'NONE',  ( 2.400000000000020339, 8.200000000000011724, 8.875158234187052742 ) ) ;
#2551 = FILL_AREA_STYLE_COLOUR ( '', #8056 ) ;
#2552 = CARTESIAN_POINT ( 'NONE',  ( 10.99999999999999822, 5.200000000000025935, -6.649999999999962164 ) ) ;
#2553 = DIRECTION ( 'NONE',  ( 0.9883716976506222718, -0.1520571842539073237, -1.728267999600830212E-15 ) ) ;
#2554 = VECTOR ( 'NONE', #3155, 1000.000000000000000 ) ;
#2555 =( LENGTH_UNIT ( ) NAMED_UNIT ( * ) SI_UNIT ( .MILLI., .METRE. ) );
#2556 = SURFACE_SIDE_STYLE ('',( #2611 ) ) ;
#2557 = ORIENTED_EDGE ( 'NONE', *, *, #7517, .F. ) ;
#2558 = VECTOR ( 'NONE', #6997, 1000.000000000000000 ) ;
#2559 = DIRECTION ( 'NONE',  ( -1.000000000000000000, -1.644517855226007801E-15, 1.748601263784621748E-15 ) ) ;
#2560 = CARTESIAN_POINT ( 'NONE',  ( 0.7000000000000061728, 8.200000000000009948, 0.3100000000000550093 ) ) ;
#2561 = ADVANCED_FACE ( 'NONE', ( #8528 ), #8478, .T. ) ;
#2562 = ORIENTED_EDGE ( 'NONE', *, *, #539, .T. ) ;
#2563 = DIRECTION ( 'NONE',  ( 1.644517855226007998E-15, -1.000000000000000000, -2.890435660536363919E-30 ) ) ;
#2564 = ORIENTED_EDGE ( 'NONE', *, *, #6122, .T. ) ;
#2565 = ORIENTED_EDGE ( 'NONE', *, *, #3437, .F. ) ;
#2566 = CARTESIAN_POINT ( 'NONE',  ( 2.400000000000003020, 10.60000000000001030, 0.3500000000000533795 ) ) ;
#2567 = CARTESIAN_POINT ( 'NONE',  ( 2.400000000000016787, 5.400000000000012790, 3.728679656440054391 ) ) ;
#2568 = CIRCLE ( 'NONE', #1731, 3.149999999999999467 ) ;
#2569 = AXIS2_PLACEMENT_3D ( 'NONE', #8805, #9608, #1315 ) ;
#2570 = CARTESIAN_POINT ( 'NONE',  ( 11.00000000000002309, 5.200000000000025935, 8.054540768505036752 ) ) ;
#2571 = ORIENTED_EDGE ( 'NONE', *, *, #6410, .T. ) ;
#2572 = CARTESIAN_POINT ( 'NONE',  ( 2.400000000000018563, 5.400000000000012790, 4.450000000000053468 ) ) ;
#2573 = FACE_OUTER_BOUND ( 'NONE', #2764, .T. ) ;
#2574 = LINE ( 'NONE', #832, #4509 ) ;
#2575 = ORIENTED_EDGE ( 'NONE', *, *, #7360, .T. ) ;
#2576 = LINE ( 'NONE', #5947, #8749 ) ;
#2577 = AXIS2_PLACEMENT_3D ( 'NONE', #4731, #6545, #10483 ) ;
#2578 = ORIENTED_EDGE ( 'NONE', *, *, #7963, .T. ) ;
#2579 = DIRECTION ( 'NONE',  ( -1.644517855226008195E-15, 1.000000000000000000, 2.890435660536364269E-30 ) ) ;
#2580 = ORIENTED_EDGE ( 'NONE', *, *, #4287, .F. ) ;
#2581 = AXIS2_PLACEMENT_3D ( 'NONE', #7871, #1411, #8653 ) ;
#2582 = DIRECTION ( 'NONE',  ( -0.9984603535126312934, -1.641985879086794142E-15, 0.05547001409258346671 ) ) ;
#2583 = CIRCLE ( 'NONE', #2901, 2.050000000001999556 ) ;
#2584 = VECTOR ( 'NONE', #6047, 1000.000000000000000 ) ;
#2585 = CARTESIAN_POINT ( 'NONE',  ( 1.500000000000001332, 8.109625349781611092, -3.659999999999946407 ) ) ;
#2586 = DIRECTION ( 'NONE',  ( -2.323290369613454078E-15, 0.3928571428583002012, -0.9195995135412007304 ) ) ;
#2587 = VECTOR ( 'NONE', #746, 1000.000000000000000 ) ;
#2588 = DIRECTION ( 'NONE',  ( -1.644517855226007998E-15, 1.000000000000000000, 2.890435660536363919E-30 ) ) ;
#2589 = CARTESIAN_POINT ( 'NONE',  ( 1.500000000000022204, 0.7500000000000111022, 1.350000000000053380 ) ) ;
#2590 = VERTEX_POINT ( 'NONE', #8584 ) ;
#2591 = CARTESIAN_POINT ( 'NONE',  ( -0.9999999999999783507, 3.750000000000006217, 4.050000000000057554 ) ) ;
#2592 = CARTESIAN_POINT ( 'NONE',  ( 0.7000000000000234923, 8.200000000000009948, 10.31000000000005556 ) ) ;
#2593 = CARTESIAN_POINT ( 'NONE',  ( 0.7400000000000063194, 4.200000000000009059, -3.649999999999944844 ) ) ;
#2594 = VECTOR ( 'NONE', #5914, 1000.000000000000227 ) ;
#2595 = AXIS2_PLACEMENT_3D ( 'NONE', #9684, #8947, #8216 ) ;
#2596 = EDGE_CURVE ( 'NONE', #4301, #8647, #4432, .T. ) ;
#2597 = VECTOR ( 'NONE', #2223, 1000.000000000000114 ) ;
#2598 = VERTEX_POINT ( 'NONE', #5280 ) ;
#2599 = LINE ( 'NONE', #9789, #2477 ) ;
#2600 = EDGE_CURVE ( 'NONE', #7913, #8788, #3624, .T. ) ;
#2601 = ORIENTED_EDGE ( 'NONE', *, *, #7046, .T. ) ;
#2602 = EDGE_CURVE ( 'NONE', #9380, #14, #9314, .T. ) ;
#2603 = CARTESIAN_POINT ( 'NONE',  ( 1.850000000000016520, 6.250000000000010658, 4.350000000000054712 ) ) ;
#2604 = PRESENTATION_STYLE_ASSIGNMENT (( #8111 ) ) ;
#2605 = DIRECTION ( 'NONE',  ( -0.7427813513546137614, 0.3713906757630058286, 0.5570860167300123456 ) ) ;
#2606 = VERTEX_POINT ( 'NONE', #7536 ) ;
#2607 = DIRECTION ( 'NONE',  ( -1.748601263784621748E-15, 0.0000000000000000000, -1.000000000000000000 ) ) ;
#2608 = STYLED_ITEM ( 'NONE', ( #3937 ), #4942 ) ;
#2609 = CIRCLE ( 'NONE', #583, 1.399999999999999023 ) ;
#2610 = EDGE_CURVE ( 'NONE', #3742, #798, #2873, .T. ) ;
#2611 = SURFACE_STYLE_FILL_AREA ( #8215 ) ;
#2612 = ORIENTED_EDGE ( 'NONE', *, *, #8664, .T. ) ;
#2613 = VECTOR ( 'NONE', #6092, 1000.000000000000000 ) ;
#2614 = SURFACE_SIDE_STYLE ('',( #7475 ) ) ;
#2615 = DIRECTION ( 'NONE',  ( -1.000000000000000000, -1.644517855226007998E-15, 1.748601263784621946E-15 ) ) ;
#2616 = EDGE_LOOP ( 'NONE', ( #8510, #1550, #7179, #4814 ) ) ;
#2617 = CARTESIAN_POINT ( 'NONE',  ( 0.5000000000000299760, 0.7500000000000093259, 6.350000000000055600 ) ) ;
#2618 = ORIENTED_EDGE ( 'NONE', *, *, #2518, .T. ) ;
#2619 = ORIENTED_EDGE ( 'NONE', *, *, #6924, .T. ) ;
#2620 = FACE_OUTER_BOUND ( 'NONE', #7505, .T. ) ;
#2621 = VECTOR ( 'NONE', #6686, 1000.000000000000000 ) ;
#2622 = VECTOR ( 'NONE', #5975, 1000.000000000000000 ) ;
#2623 = EDGE_CURVE ( 'NONE', #10369, #9574, #6139, .T. ) ;
#2624 = CARTESIAN_POINT ( 'NONE',  ( 0.7500000000000006661, 7.611199771552088933, -3.659999999999944631 ) ) ;
#2625 = ORIENTED_EDGE ( 'NONE', *, *, #5585, .F. ) ;
#2627 = DIRECTION ( 'NONE',  ( -1.748601263784621748E-15, 0.0000000000000000000, -1.000000000000000000 ) ) ;
#2626 = VECTOR ( 'NONE', #5573, 1000.000000000000000 ) ;
#2628 = VECTOR ( 'NONE', #5635, 1000.000000000000000 ) ;
#2629 = LINE ( 'NONE', #1032, #225 ) ;
#2630 = FACE_OUTER_BOUND ( 'NONE', #1571, .T. ) ;
#2631 = ORIENTED_EDGE ( 'NONE', *, *, #9415, .T. ) ;
#2632 = FACE_OUTER_BOUND ( 'NONE', #5041, .T. ) ;
#2633 = EDGE_LOOP ( 'NONE', ( #1104, #9895, #1855, #1882 ) ) ;
#2634 = CARTESIAN_POINT ( 'NONE',  ( 3.175000000000016254, 7.650000000000012790, 5.850000000000051159 ) ) ;
#2635 = FACE_OUTER_BOUND ( 'NONE', #7208, .T. ) ;
#2636 = VERTEX_POINT ( 'NONE', #1087 ) ;
#2637 = AXIS2_PLACEMENT_3D ( 'NONE', #2071, #4423, #7678 ) ;
#2638 = AXIS2_PLACEMENT_3D ( 'NONE', #5505, #3800, #6260 ) ;
#2639 = AXIS2_PLACEMENT_3D ( 'NONE', #7126, #754, #3995 ) ;
#2640 = DIRECTION ( 'NONE',  ( 0.9838699100999038771, 1.617991634378899823E-15, -0.1788854382000027443 ) ) ;
#2641 = DIRECTION ( 'NONE',  ( -1.000000000000000000, -1.644517855226007998E-15, 1.748601263784621946E-15 ) ) ;
#2642 = AXIS2_PLACEMENT_3D ( 'NONE', #10029, #4280, #5942 ) ;
#2643 = CARTESIAN_POINT ( 'NONE',  ( 8.799999999999998934, 7.144714285714321989, -4.649999999999958611 ) ) ;
#2644 = VERTEX_POINT ( 'NONE', #2180 ) ;
#2645 = CARTESIAN_POINT ( 'NONE',  ( 1.250000000000037526, -0.2499999999999889533, 10.60000000000005471 ) ) ;
#2646 = VERTEX_POINT ( 'NONE', #9631 ) ;
#2647 = AXIS2_PLACEMENT_3D ( 'NONE', #694, #8044, #9564 ) ;
#2648 = DIRECTION ( 'NONE',  ( 0.0000000000000000000, -0.6949152542373066010, -0.7190916418846066138 ) ) ;
#2649 = CARTESIAN_POINT ( 'NONE',  ( 1.399999999999998579, 8.960000000000009734, -4.643862328994943667 ) ) ;
#2650 = ADVANCED_FACE ( 'NONE', ( #6289 ), #1445, .T. ) ;
#2651 = VECTOR ( 'NONE', #8164, 1000.000000000000000 ) ;
#2652 = ORIENTED_EDGE ( 'NONE', *, *, #6584, .T. ) ;
#2653 = DIRECTION ( 'NONE',  ( 1.927470528863119344E-15, 0.0000000000000000000, 1.000000000000000000 ) ) ;
#2654 = PLANE ( 'NONE',  #2788 ) ;
#2655 = ORIENTED_EDGE ( 'NONE', *, *, #4622, .T. ) ;
#2656 = DIRECTION ( 'NONE',  ( 1.927470528863118161E-15, 0.0000000000000000000, 1.000000000000000000 ) ) ;
#2657 = ADVANCED_FACE ( 'NONE', ( #2135 ), #10336, .T. ) ;
#2658 = LINE ( 'NONE', #9140, #7882 ) ;
#2659 = PLANE ( 'NONE',  #10447 ) ;
#2660 = CARTESIAN_POINT ( 'NONE',  ( 0.7500000000000127676, -0.2499999999999906741, -3.899999999999945288 ) ) ;
#2661 = EDGE_CURVE ( 'NONE', #10319, #5571, #4656, .T. ) ;
#2662 = FILL_AREA_STYLE ('',( #2502 ) ) ;
#2663 = CARTESIAN_POINT ( 'NONE',  ( 1.500000000000032641, 4.200000000000010836, 11.35000000000005294 ) ) ;
#2664 = ORIENTED_EDGE ( 'NONE', *, *, #7241, .F. ) ;
#2665 = DIRECTION ( 'NONE',  ( 1.000000000000000000, 1.644517855226007801E-15, -1.748601263784621748E-15 ) ) ;
#2666 =( NAMED_UNIT ( * ) PLANE_ANGLE_UNIT ( ) SI_UNIT ( $, .RADIAN. ) );
#2667 = ORIENTED_EDGE ( 'NONE', *, *, #149, .F. ) ;
#2668 = SURFACE_STYLE_USAGE ( .BOTH. , #9975 ) ;
#2669 = ORIENTED_EDGE ( 'NONE', *, *, #8347, .T. ) ;
#2670 = ORIENTED_EDGE ( 'NONE', *, *, #3437, .T. ) ;
#2671 =( NAMED_UNIT ( * ) SI_UNIT ( $, .STERADIAN. ) SOLID_ANGLE_UNIT ( ) );
#2672 = ADVANCED_FACE ( 'NONE', ( #7904 ), #3025, .T. ) ;
#2673 = EDGE_CURVE ( 'NONE', #8433, #2369, #2343, .T. ) ;
#2674 = CARTESIAN_POINT ( 'NONE',  ( 1.400000000003998712, 7.649999999998870592, -4.150000000001946354 ) ) ;
#2675 = DIRECTION ( 'NONE',  ( -1.644517855226008195E-15, 1.000000000000000000, 2.890435660536364269E-30 ) ) ;
#2676 = PLANE ( 'NONE',  #2642 ) ;
#2677 =( NAMED_UNIT ( * ) PLANE_ANGLE_UNIT ( ) SI_UNIT ( $, .RADIAN. ) );
#2678 = DIRECTION ( 'NONE',  ( 1.748601263784621748E-15, 0.0000000000000000000, 1.000000000000000000 ) ) ;
#2679 = ORIENTED_EDGE ( 'NONE', *, *, #9424, .T. ) ;
#2680 = ORIENTED_EDGE ( 'NONE', *, *, #4898, .T. ) ;
#2681 = FACE_OUTER_BOUND ( 'NONE', #9560, .T. ) ;
#2682 = CARTESIAN_POINT ( 'NONE',  ( 2.399999999999999467, 7.650000000000011902, -4.149999999999947953 ) ) ;
#2683 = ADVANCED_FACE ( 'NONE', ( #508 ), #6988, .F. ) ;
#2684 = ORIENTED_EDGE ( 'NONE', *, *, #6057, .T. ) ;
#2685 = DIRECTION ( 'NONE',  ( 1.000000000000000000, 1.644517855226007998E-15, -1.748601263784621946E-15 ) ) ;
#2686 = LINE ( 'NONE', #1150, #7345 ) ;
#2687 = DIRECTION ( 'NONE',  ( -1.644517855226007801E-15, 1.000000000000000000, 2.890435660536363568E-30 ) ) ;
#2688 = ORIENTED_EDGE ( 'NONE', *, *, #10105, .F. ) ;
#2689 = CARTESIAN_POINT ( 'NONE',  ( 1.250000000000037526, -0.2499999999999889533, 10.60000000000005471 ) ) ;
#2690 = ORIENTED_EDGE ( 'NONE', *, *, #7974, .F. ) ;
#2691 = DIRECTION ( 'NONE',  ( -1.000000000000000000, -1.644517855226007998E-15, 1.748601263784621946E-15 ) ) ;
#2692 = CARTESIAN_POINT ( 'NONE',  ( -0.9999999999999940048, 10.75000000000000533, 2.650000000000057643 ) ) ;
#2693 = LINE ( 'NONE', #2740, #9723 ) ;
#2694 = B_SPLINE_CURVE_WITH_KNOTS ( 'NONE', 3,
 ( #5464, #2111, #8503, #5255 ),
 .UNSPECIFIED., .F., .F.,
 ( 4, 4 ),
 ( 0.0000000000000000000, 1.000000000000000000 ),
 .UNSPECIFIED. ) ;
#2695 = ORIENTED_EDGE ( 'NONE', *, *, #7296, .T. ) ;
#2696 = CARTESIAN_POINT ( 'NONE',  ( 1.800000000000027356, 8.144714285714311330, 11.35000000000005294 ) ) ;
#2697 = VERTEX_POINT ( 'NONE', #8890 ) ;
#2698 = CARTESIAN_POINT ( 'NONE',  ( -0.9999999999999904521, 3.750000000000006217, -2.349999999999942357 ) ) ;
#2699 = FACE_OUTER_BOUND ( 'NONE', #2031, .T. ) ;
#2700 = FILL_AREA_STYLE ('',( #10010 ) ) ;
#2701 = ORIENTED_EDGE ( 'NONE', *, *, #408, .F. ) ;
#2702 = PLANE ( 'NONE',  #1598 ) ;
#2703 = EDGE_CURVE ( 'NONE', #8433, #3772, #9850, .T. ) ;
#2704 = PRESENTATION_STYLE_ASSIGNMENT (( #7579 ) ) ;
#2705 = LINE ( 'NONE', #1171, #2452 ) ;
#2706 = EDGE_LOOP ( 'NONE', ( #5296, #4619, #2879, #3944 ) ) ;
#2707 = DIRECTION ( 'NONE',  ( -0.9984603535126312934, -1.641985879086794142E-15, 0.05547001409258346671 ) ) ;
#2708 = VERTEX_POINT ( 'NONE', #8828 ) ;
#2709 = LINE ( 'NONE', #5981, #4586 ) ;
#2710 = ORIENTED_EDGE ( 'NONE', *, *, #5894, .T. ) ;
#2711 = ORIENTED_EDGE ( 'NONE', *, *, #975, .T. ) ;
#2712 = SURFACE_STYLE_USAGE ( .BOTH. , #6936 ) ;
#2713 = LINE ( 'NONE', #1926, #5315 ) ;
#2714 = VECTOR ( 'NONE', #4136, 1000.000000000000114 ) ;
#2715 = EDGE_CURVE ( 'NONE', #5902, #5776, #4794, .T. ) ;
#2716 = CARTESIAN_POINT ( 'NONE',  ( -0.5999999999999825473, 8.800000000000006040, 6.740000000000057057 ) ) ;
#2717 = ORIENTED_EDGE ( 'NONE', *, *, #3175, .T. ) ;
#2718 = DIRECTION ( 'NONE',  ( -1.644517855226008195E-15, 1.000000000000000000, 2.890435660536364269E-30 ) ) ;
#2719 = UNCERTAINTY_MEASURE_WITH_UNIT (LENGTH_MEASURE( 1.000000000000000082E-05 ), #3741, 'distance_accuracy_value', 'NONE');
#2720 = CARTESIAN_POINT ( 'NONE',  ( 1.250000000000020206, -0.2499999999999889533, 0.6000000000000544897 ) ) ;
#2721 = DIRECTION ( 'NONE',  ( -1.000000000000000000, -1.644517855226007998E-15, 1.748601263784621946E-15 ) ) ;
#2722 = EDGE_CURVE ( 'NONE', #5418, #7552, #977, .T. ) ;
#2723 = VERTEX_POINT ( 'NONE', #2454 ) ;
#2724 = CARTESIAN_POINT ( 'NONE',  ( 0.1000000000000184769, 8.200000000000008171, 7.824841765813057570 ) ) ;
#2725 = EDGE_CURVE ( 'NONE', #7960, #9011, #7262, .T. ) ;
#2726 = VERTEX_POINT ( 'NONE', #4854 ) ;
#2727 = DIRECTION ( 'NONE',  ( -1.000000000000000000, -7.011711381465521755E-11, -2.377355239868735991E-09 ) ) ;
#2728 = STYLED_ITEM ( 'NONE', ( #625 ), #7939 ) ;
#2729 = VECTOR ( 'NONE', #4201, 1000.000000000000114 ) ;
#2730 = EDGE_CURVE ( 'NONE', #2435, #6743, #4822, .T. ) ;
#2731 =( GEOMETRIC_REPRESENTATION_CONTEXT ( 3 ) GLOBAL_UNCERTAINTY_ASSIGNED_CONTEXT ( ( #4645 ) ) GLOBAL_UNIT_ASSIGNED_CONTEXT ( ( #10022, #5233, #2671 ) ) REPRESENTATION_CONTEXT ( 'NONE', 'WORKASPACE' ) );
#2732 = LINE ( 'NONE', #369, #1802 ) ;
#2733 = PLANE ( 'NONE',  #2393 ) ;
#2734 = CARTESIAN_POINT ( 'NONE',  ( -0.9999999999999644729, 3.750000000000006217, 12.65000000000005720 ) ) ;
#2735 = VERTEX_POINT ( 'NONE', #1542 ) ;
#2736 = CARTESIAN_POINT ( 'NONE',  ( 0.7000000000000079492, 6.250000000000008882, -0.9499999999999440004 ) ) ;
#2737 = ORIENTED_EDGE ( 'NONE', *, *, #1039, .F. ) ;
#2738 = LINE ( 'NONE', #6212, #1027 ) ;
#2739 = VECTOR ( 'NONE', #6949, 1000.000000000000000 ) ;
#2740 = CARTESIAN_POINT ( 'NONE',  ( -0.5999999999999755529, 4.200000000000007283, 6.740000000000057057 ) ) ;
#2741 = CARTESIAN_POINT ( 'NONE',  ( -0.3999999999999975797, 6.450000000000008171, -3.409999999999943299 ) ) ;
#2742 = VECTOR ( 'NONE', #8572, 1000.000000000000227 ) ;
#2743 = COLOUR_RGB ( '',1.000000000000000000, 1.000000000000000000, 1.000000000000000000 ) ;
#2744 = AXIS2_PLACEMENT_3D ( 'NONE', #9900, #4411, #1820 ) ;
#2745 = ADVANCED_FACE ( 'NONE', ( #3235 ), #4905, .T. ) ;
#2746 = ORIENTED_EDGE ( 'NONE', *, *, #9249, .F. ) ;
#2747 = CARTESIAN_POINT ( 'NONE',  ( 0.7400000000000270806, 7.597309794603359201, 11.35000000000005471 ) ) ;
#2748 = DIRECTION ( 'NONE',  ( 1.000000000000000000, 1.644517855226007801E-15, -1.748601263784621748E-15 ) ) ;
#2749 = UNCERTAINTY_MEASURE_WITH_UNIT (LENGTH_MEASURE( 1.000000000000000082E-05 ), #6172, 'distance_accuracy_value', 'NONE');
#2750 = ORIENTED_EDGE ( 'NONE', *, *, #4867, .F. ) ;
#2752 = EDGE_CURVE ( 'NONE', #210, #653, #4111, .T. ) ;
#2751 = CIRCLE ( 'NONE', #9367, 1.300000000000000266 ) ;
#2753 = PLANE ( 'NONE',  #223 ) ;
#2754 = LINE ( 'NONE', #8465, #8886 ) ;
#2755 = DIRECTION ( 'NONE',  ( -0.7071067811864962804, -1.162849727212584842E-15, 0.7071067811865986430 ) ) ;
#2756 = VECTOR ( 'NONE', #4605, 1000.000000000000000 ) ;
#2757 = VECTOR ( 'NONE', #4070, 1000.000000000000000 ) ;
#2758 = COLOUR_RGB ( '',1.000000000000000000, 1.000000000000000000, 1.000000000000000000 ) ;
#2759 = MECHANICAL_DESIGN_GEOMETRIC_PRESENTATION_REPRESENTATION (  '', ( #9206 ), #4805 ) ;
#2760 = CARTESIAN_POINT ( 'NONE',  ( 0.7500000000000388578, -0.2499999999999906741, 11.10000000000005471 ) ) ;
#2761 = CARTESIAN_POINT ( 'NONE',  ( 1.800000000000028910, 4.200000000000010836, 9.050000000000054001 ) ) ;
#2762 = ORIENTED_EDGE ( 'NONE', *, *, #3511, .F. ) ;
#2763 =( NAMED_UNIT ( * ) SI_UNIT ( $, .STERADIAN. ) SOLID_ANGLE_UNIT ( ) );
#2764 = EDGE_LOOP ( 'NONE', ( #5506, #6800, #207, #9652 ) ) ;
#2765 = DIRECTION ( 'NONE',  ( -1.644517855226007998E-15, 1.000000000000000000, 2.890435660536363919E-30 ) ) ;
#2766 = CARTESIAN_POINT ( 'NONE',  ( 2.400000000000030553, 7.100000000000012079, 12.25000000000005151 ) ) ;
#2767 = VECTOR ( 'NONE', #8603, 1000.000000000000000 ) ;
#2768 = EDGE_LOOP ( 'NONE', ( #1682, #6669, #8222, #36, #1781, #2895 ) ) ;
#2769 = EDGE_CURVE ( 'NONE', #7, #3965, #9681, .T. ) ;
#2770 = CARTESIAN_POINT ( 'NONE',  ( 1.399999999999009592, 7.649999999998870592, 0.8499999999980536458 ) ) ;
#2771 = VECTOR ( 'NONE', #4538, 1000.000000000000114 ) ;
#2772 = LINE ( 'NONE', #10181, #927 ) ;
#2773 = ORIENTED_EDGE ( 'NONE', *, *, #9313, .F. ) ;
#2774 = VECTOR ( 'NONE', #3595, 1000.000000000000000 ) ;
#2775 = FACE_OUTER_BOUND ( 'NONE', #9429, .T. ) ;
#2776 =( LENGTH_UNIT ( ) NAMED_UNIT ( * ) SI_UNIT ( .MILLI., .METRE. ) );
#2777 = EDGE_LOOP ( 'NONE', ( #3931, #540, #7485, #2484 ) ) ;
#2778 = CARTESIAN_POINT ( 'NONE',  ( 10.34999999141861515, 7.450000000000024158, 5.850000000000038725 ) ) ;
#2779 = EDGE_LOOP ( 'NONE', ( #7895, #10111, #7133, #339 ) ) ;
#2780 = DIRECTION ( 'NONE',  ( -1.748601263784621946E-15, 0.0000000000000000000, -1.000000000000000000 ) ) ;
#2781 = VERTEX_POINT ( 'NONE', #3299 ) ;
#2782 = PRESENTATION_LAYER_ASSIGNMENT (  '', '', ( #5507 ) ) ;
#2783 = EDGE_CURVE ( 'NONE', #7265, #7007, #10157, .T. ) ;
#2784 = AXIS2_PLACEMENT_3D ( 'NONE', #8991, #6658, #5654 ) ;
#2785 = ADVANCED_FACE ( 'NONE', ( #6557 ), #2503, .F. ) ;
#2786 = EDGE_CURVE ( 'NONE', #2536, #883, #925, .T. ) ;
#2787 = PRESENTATION_LAYER_ASSIGNMENT (  '', '', ( #1606 ) ) ;
#2788 = AXIS2_PLACEMENT_3D ( 'NONE', #7621, #2748, #288 ) ;
#2789 = DIRECTION ( 'NONE',  ( 1.748601263784621748E-15, 0.0000000000000000000, 1.000000000000000000 ) ) ;
#2790 = DIRECTION ( 'NONE',  ( -1.644517855226007998E-15, 1.000000000000000000, 2.890435660536363919E-30 ) ) ;
#2791 = CARTESIAN_POINT ( 'NONE',  ( 1.375000000000028866, 0.2500000000000106581, 5.850000000000053824 ) ) ;
#2792 = VERTEX_POINT ( 'NONE', #5021 ) ;
#2793 = AXIS2_PLACEMENT_3D ( 'NONE', #2550, #7470, #914 ) ;
#2794 = ORIENTED_EDGE ( 'NONE', *, *, #2539, .T. ) ;
#2795 = SURFACE_STYLE_FILL_AREA ( #1107 ) ;
#2796 = DIRECTION ( 'NONE',  ( -0.3589790793088841192, 0.9333456062030538458, 6.277112717517546492E-16 ) ) ;
#2797 = SURFACE_STYLE_FILL_AREA ( #6853 ) ;
#2798 = APPLICATION_PROTOCOL_DEFINITION ( 'draft international standard', 'automotive_design', 1998, #4699 ) ;
#2799 = EDGE_CURVE ( 'NONE', #5231, #10019, #3399, .T. ) ;
#2800 = PLANE ( 'NONE',  #3455 ) ;
#2801 = EDGE_CURVE ( 'NONE', #10047, #2086, #6722, .T. ) ;
#2802 = VECTOR ( 'NONE', #10501, 1000.000000000000000 ) ;
#2803 = VECTOR ( 'NONE', #6676, 1000.000000000000000 ) ;
#2804 = ORIENTED_EDGE ( 'NONE', *, *, #9605, .F. ) ;
#2805 = VECTOR ( 'NONE', #9192, 1000.000000000000000 ) ;
#2806 = CARTESIAN_POINT ( 'NONE',  ( -0.9999999999999696909, 3.750000000000006217, 9.050000000000057554 ) ) ;
#2807 = DIRECTION ( 'NONE',  ( -1.748601263784621946E-15, 0.0000000000000000000, -1.000000000000000000 ) ) ;
#2808 = DIRECTION ( 'NONE',  ( 6.930567231222538441E-14, 1.168500215858619925E-28, -1.000000000000000000 ) ) ;
#2809 = CARTESIAN_POINT ( 'NONE',  ( 11.00000000000001066, 10.60000000000002629, 4.950000000000038369 ) ) ;
#2810 = FACE_OUTER_BOUND ( 'NONE', #9916, .T. ) ;
#2811 = AXIS2_PLACEMENT_3D ( 'NONE', #7756, #4343, #1186 ) ;
#2812 = EDGE_CURVE ( 'NONE', #8238, #9221, #6771, .T. ) ;
#2813 = AXIS2_PLACEMENT_3D ( 'NONE', #4211, #9893, #7464 ) ;
#2814 = ORIENTED_EDGE ( 'NONE', *, *, #935, .F. ) ;
#2815 = AXIS2_PLACEMENT_3D ( 'NONE', #8314, #3709, #4270 ) ;
#2816 = LINE ( 'NONE', #3554, #9420 ) ;
#2817 = CARTESIAN_POINT ( 'NONE',  ( -0.5999999999999825473, 4.200000000000007283, 2.650000000000056755 ) ) ;
#2818 = ORIENTED_EDGE ( 'NONE', *, *, #10388, .F. ) ;
#2819 = ORIENTED_EDGE ( 'NONE', *, *, #1235, .F. ) ;
#2820 = FILL_AREA_STYLE ('',( #7738 ) ) ;
#2821 = ORIENTED_EDGE ( 'NONE', *, *, #9826, .T. ) ;
#2822 = CARTESIAN_POINT ( 'NONE',  ( 10.99999999999999822, 5.200000000000025935, -6.649999999999962164 ) ) ;
#2823 = ORIENTED_EDGE ( 'NONE', *, *, #5610, .F. ) ;
#2824 = FILL_AREA_STYLE ('',( #7448 ) ) ;
#2825 = CARTESIAN_POINT ( 'NONE',  ( 0.5000000000000091038, 6.844714285714308843, 0.3500000000000568767 ) ) ;
#2826 = DIRECTION ( 'NONE',  ( -1.644517855226008195E-15, 1.000000000000000000, 2.890435660536364269E-30 ) ) ;
#2827 = DIRECTION ( 'NONE',  ( 1.000000000000000000, 1.644517855226007998E-15, -1.748601263784621946E-15 ) ) ;
#2828 = CARTESIAN_POINT ( 'NONE',  ( 0.7400000000000132028, 4.200000000000009059, 0.3500000000000551559 ) ) ;
#2829 = DIRECTION ( 'NONE',  ( 1.000000000000000000, 1.644517855226007998E-15, -1.748601263784621946E-15 ) ) ;
#2830 = LINE ( 'NONE', #9215, #4284 ) ;
#2831 = FILL_AREA_STYLE_COLOUR ( '', #5360 ) ;
#2832 = VERTEX_POINT ( 'NONE', #3612 ) ;
#2833 = ORIENTED_EDGE ( 'NONE', *, *, #8757, .F. ) ;
#2834 = CARTESIAN_POINT ( 'NONE',  ( 1.500000000000016875, 8.200000000000009948, 6.315000000000053682 ) ) ;
#2835 = ORIENTED_EDGE ( 'NONE', *, *, #2329, .F. ) ;
#2836 = EDGE_CURVE ( 'NONE', #1088, #6180, #4323, .T. ) ;
#2837 = DIRECTION ( 'NONE',  ( -0.9883716976506226048, -1.625394904386490523E-15, 0.1520571842539051588 ) ) ;
#2838 = CARTESIAN_POINT ( 'NONE',  ( -0.9999999999999940048, 11.55000000000000426, 3.350000000000056932 ) ) ;
#2839 = EDGE_CURVE ( 'NONE', #3818, #7342, #6870, .T. ) ;
#2840 = EDGE_LOOP ( 'NONE', ( #2254, #247 ) ) ;
#2841 = VERTEX_POINT ( 'NONE', #242 ) ;
#2842 = LINE ( 'NONE', #6107, #3992 ) ;
#2843 = DIRECTION ( 'NONE',  ( 1.000000000000000000, 8.971727675415522682E-11, 3.904768481932621372E-11 ) ) ;
#2844 = CARTESIAN_POINT ( 'NONE',  ( 0.7500000066400259735, 7.649999999998869704, 10.84999999999805631 ) ) ;
#2845 = DIRECTION ( 'NONE',  ( -1.000000000000000000, -1.644517855226007801E-15, 1.748601263784621748E-15 ) ) ;
#2846 = ORIENTED_EDGE ( 'NONE', *, *, #2000, .F. ) ;
#2847 = EDGE_CURVE ( 'NONE', #5574, #8502, #5117, .T. ) ;
#2848 = DIRECTION ( 'NONE',  ( -1.748601263784621946E-15, 0.0000000000000000000, -1.000000000000000000 ) ) ;
#2849 = FILL_AREA_STYLE_COLOUR ( '', #5831 ) ;
#2850 = ORIENTED_EDGE ( 'NONE', *, *, #10474, .T. ) ;
#2851 = DIRECTION ( 'NONE',  ( 0.2357022603954916640, 0.9428090415820747916, -0.2357022603954940509 ) ) ;
#2852 = DIRECTION ( 'NONE',  ( 1.644517855226007998E-15, -1.000000000000000000, -2.890435660536363919E-30 ) ) ;
#2853 = EDGE_CURVE ( 'NONE', #2344, #5571, #6927, .T. ) ;
#2854 = VERTEX_POINT ( 'NONE', #9193 ) ;
#2855 = SURFACE_STYLE_USAGE ( .BOTH. , #1321 ) ;
#2856 = ADVANCED_FACE ( 'NONE', ( #3458 ), #1970, .F. ) ;
#2857 = LINE ( 'NONE', #6120, #9244 ) ;
#2858 = ORIENTED_EDGE ( 'NONE', *, *, #5671, .F. ) ;
#2859 = EDGE_CURVE ( 'NONE', #3165, #5781, #3515, .T. ) ;
#2860 = CARTESIAN_POINT ( 'NONE',  ( 0.7500000000000197620, -0.2499999999999906741, 0.6000000000000553779 ) ) ;
#2861 = LINE ( 'NONE', #547, #7055 ) ;
#2862 = ORIENTED_EDGE ( 'NONE', *, *, #7974, .T. ) ;
#2863 = ORIENTED_EDGE ( 'NONE', *, *, #8905, .F. ) ;
#2864 = DIRECTION ( 'NONE',  ( -2.022962590123419228E-15, 0.9697997732720541331, -0.2439024390232135409 ) ) ;
#2865 = CARTESIAN_POINT ( 'NONE',  ( -0.9999999999999940048, 12.25000000000000355, 3.350000000000056932 ) ) ;
#2866 = DIRECTION ( 'NONE',  ( -1.000000000000000000, -1.644517855226007801E-15, 1.748601263784621748E-15 ) ) ;
#2867 = DIRECTION ( 'NONE',  ( 1.000000000000000000, 1.644517855226007998E-15, -1.748601263784621748E-15 ) ) ;
#2868 = EDGE_LOOP ( 'NONE', ( #4464, #6628, #9231, #1058 ) ) ;
#2869 = CARTESIAN_POINT ( 'NONE',  ( 0.9356642613500258943, 8.199999999991309352, 12.38692481924105415 ) ) ;
#2870 = CARTESIAN_POINT ( 'NONE',  ( 0.7000000000000234923, 4.200000000000009059, 6.390000000000055635 ) ) ;
#2871 = DIRECTION ( 'NONE',  ( -1.000000000000000000, -1.644517855226007998E-15, 1.748601263784621946E-15 ) ) ;
#2872 = EDGE_CURVE ( 'NONE', #2349, #3258, #2705, .T. ) ;
#2873 = LINE ( 'NONE', #4484, #3623 ) ;
#2874 = AXIS2_PLACEMENT_3D ( 'NONE', #7039, #6981, #2224 ) ;
#2875 = CARTESIAN_POINT ( 'NONE',  ( 9.800000000000025580, 7.394714285714323765, 10.60000000000003872 ) ) ;
#2876 = LINE ( 'NONE', #9154, #9546 ) ;
#2877 = CARTESIAN_POINT ( 'NONE',  ( 1.400000004427026656, 8.199999999929909578, 12.13743931658105346 ) ) ;
#2878 = VERTEX_POINT ( 'NONE', #4418 ) ;
#2879 = ORIENTED_EDGE ( 'NONE', *, *, #9224, .F. ) ;
#2880 = CARTESIAN_POINT ( 'NONE',  ( 0.7500000066400259735, 7.649999999998869704, 10.84999999999805631 ) ) ;
#2881 = ORIENTED_EDGE ( 'NONE', *, *, #9642, .F. ) ;
#2882 = STYLED_ITEM ( 'NONE', ( #5752 ), #7391 ) ;
#2883 = FACE_OUTER_BOUND ( 'NONE', #5241, .T. ) ;
#2884 = DIRECTION ( 'NONE',  ( 1.000000000000000000, 1.644517855226007998E-15, -1.748601263784621946E-15 ) ) ;
#2885 = ORIENTED_EDGE ( 'NONE', *, *, #8524, .T. ) ;
#2886 = VECTOR ( 'NONE', #8330, 1000.000000000000000 ) ;
#2887 = ORIENTED_EDGE ( 'NONE', *, *, #8423, .F. ) ;
#2888 = PLANE ( 'NONE',  #10366 ) ;
#2889 = LINE ( 'NONE', #5352, #8715 ) ;
#2890 = CARTESIAN_POINT ( 'NONE',  ( 3.949999999999999734, 7.144714285714313995, -4.649999999999950617 ) ) ;
#2891 = EDGE_LOOP ( 'NONE', ( #3040, #1405, #184, #2066 ) ) ;
#2892 =( NAMED_UNIT ( * ) SI_UNIT ( $, .STERADIAN. ) SOLID_ANGLE_UNIT ( ) );
#2893 = CARTESIAN_POINT ( 'NONE',  ( 11.00000000000003020, 4.299999999999831957, 10.85000000000003517 ) ) ;
#2894 = CARTESIAN_POINT ( 'NONE',  ( -0.9999999999999904521, 10.75000000000000533, 4.050000000000059330 ) ) ;
#2895 = ORIENTED_EDGE ( 'NONE', *, *, #2600, .T. ) ;
#2896 = FACE_BOUND ( 'NONE', #5022, .T. ) ;
#2897 = DIRECTION ( 'NONE',  ( 1.000000000000000000, 1.644517855226007801E-15, -1.748601263784621748E-15 ) ) ;
#2898 = DIRECTION ( 'NONE',  ( 0.9838699100999038771, 1.617991634378899823E-15, -0.1788854382000027443 ) ) ;
#2899 = EDGE_LOOP ( 'NONE', ( #2762, #7042, #8036, #1170 ) ) ;
#2900 = CARTESIAN_POINT ( 'NONE',  ( 1.250000000000037526, -0.2499999999999889533, 10.60000000000005471 ) ) ;
#2901 = AXIS2_PLACEMENT_3D ( 'NONE', #2174, #10172, #2864 ) ;
#2902 = AXIS2_PLACEMENT_3D ( 'NONE', #463, #6788, #5238 ) ;
#2903 = VECTOR ( 'NONE', #1371, 1000.000000000000000 ) ;
#2904 = EDGE_CURVE ( 'NONE', #4238, #2509, #3635, .T. ) ;
#2905 = VECTOR ( 'NONE', #9603, 1000.000000000000000 ) ;
#2906 = EDGE_CURVE ( 'NONE', #7970, #95, #7580, .T. ) ;
#2907 = AXIS2_PLACEMENT_3D ( 'NONE', #9882, #4249, #3491 ) ;
#2908 = EDGE_CURVE ( 'NONE', #4901, #7970, #8416, .T. ) ;
#2909 = ORIENTED_EDGE ( 'NONE', *, *, #6057, .F. ) ;
#2910 = EDGE_LOOP ( 'NONE', ( #9666, #5191, #4714, #7789, #348, #1678 ) ) ;
#2911 = VERTEX_POINT ( 'NONE', #1915 ) ;
#2912 = CARTESIAN_POINT ( 'NONE',  ( 11.00000000000000178, 10.60000000000002629, -0.04999999999996153355 ) ) ;
#2913 = LINE ( 'NONE', #1330, #1399 ) ;
#2914 = CARTESIAN_POINT ( 'NONE',  ( 0.1000000000000184769, 7.650000000000007461, 6.350000000000056488 ) ) ;
#2915 = ORIENTED_EDGE ( 'NONE', *, *, #172, .T. ) ;
#2916 = ORIENTED_EDGE ( 'NONE', *, *, #1973, .T. ) ;
#2917 = DIRECTION ( 'NONE',  ( -1.000000000000000000, -1.644517855226007998E-15, 1.748601263784621946E-15 ) ) ;
#2918 = FILL_AREA_STYLE ('',( #3072 ) ) ;
#2919 =( GEOMETRIC_REPRESENTATION_CONTEXT ( 3 ) GLOBAL_UNCERTAINTY_ASSIGNED_CONTEXT ( ( #618 ) ) GLOBAL_UNIT_ASSIGNED_CONTEXT ( ( #4649, #7207, #7959 ) ) REPRESENTATION_CONTEXT ( 'NONE', 'WORKASPACE' ) );
#2920 = AXIS2_PLACEMENT_3D ( 'NONE', #7667, #4260, #386 ) ;
#2921 = EDGE_CURVE ( 'NONE', #284, #8519, #5174, .T. ) ;
#2922 = CARTESIAN_POINT ( 'NONE',  ( 1.500000000000008216, 8.200000000000009948, 1.315000000000053904 ) ) ;
#2923 = CARTESIAN_POINT ( 'NONE',  ( 0.1000000000000202116, 8.199999999999308287, 8.875158234187056294 ) ) ;
#2924 = UNCERTAINTY_MEASURE_WITH_UNIT (LENGTH_MEASURE( 1.000000000000000082E-05 ), #7892, 'distance_accuracy_value', 'NONE');
#2925 = CARTESIAN_POINT ( 'NONE',  ( 9.699999995709033485, 5.400000000655023946, 13.72867965672504020 ) ) ;
#2926 = SURFACE_STYLE_FILL_AREA ( #2296 ) ;
#2927 = ORIENTED_EDGE ( 'NONE', *, *, #149, .T. ) ;
#2928 = SURFACE_STYLE_USAGE ( .BOTH. , #9955 ) ;
#2929 = EDGE_LOOP ( 'NONE', ( #10171, #6195, #6292, #8914 ) ) ;
#2930 = CARTESIAN_POINT ( 'NONE',  ( 0.7400000000000132028, 4.200000000000009059, 0.3500000000000551559 ) ) ;
#2931 = ORIENTED_EDGE ( 'NONE', *, *, #7424, .T. ) ;
#2932 = VECTOR ( 'NONE', #9353, 1000.000000000000000 ) ;
#2933 = ADVANCED_FACE ( 'NONE', ( #1132 ), #764, .T. ) ;
#2934 = VECTOR ( 'NONE', #1690, 1000.000000000000000 ) ;
#2935 = CARTESIAN_POINT ( 'NONE',  ( 9.699999999999990408, 10.60000000000002274, -6.649999999999960387 ) ) ;
#2936 = LINE ( 'NONE', #630, #6205 ) ;
#2937 = PRESENTATION_STYLE_ASSIGNMENT (( #2095 ) ) ;
#2938 = VECTOR ( 'NONE', #8357, 1000.000000000000000 ) ;
#2939 = CARTESIAN_POINT ( 'NONE',  ( 11.00000000000000888, 7.450000000000025935, 0.8500000000000373923 ) ) ;
#2940 = EDGE_LOOP ( 'NONE', ( #4865, #4968, #1486, #9928 ) ) ;
#2941 = PRESENTATION_LAYER_ASSIGNMENT (  '', '', ( #7212 ) ) ;
#2942 = CARTESIAN_POINT ( 'NONE',  ( 0.6250000000000196509, 0.2500000000000088818, 0.8500000000000556000 ) ) ;
#2943 = LINE ( 'NONE', #9383, #6372 ) ;
#2944 = CARTESIAN_POINT ( 'NONE',  ( 1.177281315329001377, 8.200000000032510172, -2.742023203964946365 ) ) ;
#2945 = CARTESIAN_POINT ( 'NONE',  ( 1.800000000000025580, 4.200000000000010836, 7.650000000000053646 ) ) ;
#2946 = ORIENTED_EDGE ( 'NONE', *, *, #6190, .F. ) ;
#2947 = PRESENTATION_LAYER_ASSIGNMENT (  '', '', ( #10434 ) ) ;
#2948 = PRESENTATION_STYLE_ASSIGNMENT (( #4562 ) ) ;
#2949 = AXIS2_PLACEMENT_3D ( 'NONE', #1280, #7790, #5375 ) ;
#2950 = CARTESIAN_POINT ( 'NONE',  ( -0.5999999999999737765, 4.200000000000007283, 7.650000000000057199 ) ) ;
#2951 = CARTESIAN_POINT ( 'NONE',  ( 8.800000000000009592, 7.144714285714321989, 1.350000000000040501 ) ) ;
#2952 = VECTOR ( 'NONE', #2422, 1000.000000000000000 ) ;
#2953 =( NAMED_UNIT ( * ) SI_UNIT ( $, .STERADIAN. ) SOLID_ANGLE_UNIT ( ) );
#2954 = EDGE_LOOP ( 'NONE', ( #7111, #7487, #7346, #1725, #3521, #3202 ) ) ;
#2955 = LINE ( 'NONE', #3006, #5144 ) ;
#2956 = VECTOR ( 'NONE', #1992, 1000.000000000000000 ) ;
#2957 = FACE_OUTER_BOUND ( 'NONE', #4988, .T. ) ;
#2958 = PLANE ( 'NONE',  #919 ) ;
#2959 = ORIENTED_EDGE ( 'NONE', *, *, #6837, .T. ) ;
#2960 = LINE ( 'NONE', #4620, #3942 ) ;
#2961 = VECTOR ( 'NONE', #9259, 1000.000000000000000 ) ;
#2962 = PRESENTATION_LAYER_ASSIGNMENT (  '', '', ( #5883 ) ) ;
#2963 =( GEOMETRIC_REPRESENTATION_CONTEXT ( 3 ) GLOBAL_UNCERTAINTY_ASSIGNED_CONTEXT ( ( #7441 ) ) GLOBAL_UNIT_ASSIGNED_CONTEXT ( ( #10451, #7154, #2305 ) ) REPRESENTATION_CONTEXT ( 'NONE', 'WORKASPACE' ) );
#2964 = VECTOR ( 'NONE', #5374, 1000.000000000000000 ) ;
#2965 = ORIENTED_EDGE ( 'NONE', *, *, #539, .F. ) ;
#2966 = ADVANCED_FACE ( 'NONE', ( #7631 ), #347, .F. ) ;
#2967 =( NAMED_UNIT ( * ) SI_UNIT ( $, .STERADIAN. ) SOLID_ANGLE_UNIT ( ) );
#2968 = VERTEX_POINT ( 'NONE', #2761 ) ;
#2969 = PLANE ( 'NONE',  #7001 ) ;
#2970 = VECTOR ( 'NONE', #1563, 1000.000000000000114 ) ;
#2971 = EDGE_CURVE ( 'NONE', #7194, #9040, #3469, .T. ) ;
#2972 = CARTESIAN_POINT ( 'NONE',  ( 9.800000000000006040, 7.894714285714324653, 0.6000000000000388356 ) ) ;
#2973 = PRESENTATION_LAYER_ASSIGNMENT (  '', '', ( #5353 ) ) ;
#2974 = PLANE ( 'NONE',  #4752 ) ;
#2975 = DIRECTION ( 'NONE',  ( -1.000000000000000000, -1.644517855226007998E-15, 1.748601263784621946E-15 ) ) ;
#2976 = VERTEX_POINT ( 'NONE', #7733 ) ;
#2977 = LINE ( 'NONE', #1384, #749 ) ;
#2978 = CARTESIAN_POINT ( 'NONE',  ( 2.400000000000025224, 5.400000000000012790, 7.971320343560052812 ) ) ;
#2979 = AXIS2_PLACEMENT_3D ( 'NONE', #4363, #534, #5965 ) ;
#2980 = VECTOR ( 'NONE', #8364, 1000.000000000000000 ) ;
#2981 =( LENGTH_UNIT ( ) NAMED_UNIT ( * ) SI_UNIT ( .MILLI., .METRE. ) );
#2982 = PLANE ( 'NONE',  #5128 ) ;
#2983 = EDGE_CURVE ( 'NONE', #5773, #3577, #5014, .T. ) ;
#2984 = CARTESIAN_POINT ( 'NONE',  ( 11.00000000000001776, 3.750000000000026201, 3.350000000000036060 ) ) ;
#2985 = ADVANCED_FACE ( 'NONE', ( #604 ), #1481, .T. ) ;
#2986 = VERTEX_POINT ( 'NONE', #3930 ) ;
#2987 = VERTEX_POINT ( 'NONE', #6976 ) ;
#2988 = CARTESIAN_POINT ( 'NONE',  ( 0.09999999999999419076, 8.200000000000008171, -6.649999999999943512 ) ) ;
#2989 = CIRCLE ( 'NONE', #4847, 0.9999999999999991118 ) ;
#2990 = ORIENTED_EDGE ( 'NONE', *, *, #6298, .T. ) ;
#2991 = DIRECTION ( 'NONE',  ( -1.644517855226008195E-15, 1.000000000000000000, 2.890435660536364269E-30 ) ) ;
#2992 =( NAMED_UNIT ( * ) PLANE_ANGLE_UNIT ( ) SI_UNIT ( $, .RADIAN. ) );
#2993 = CARTESIAN_POINT ( 'NONE',  ( 0.7000000000000234923, 7.100000000000009415, 8.700000000000054357 ) ) ;
#2994 = CARTESIAN_POINT ( 'NONE',  ( 1.500000000000013545, 4.200000000000010836, 0.3500000000000551559 ) ) ;
#2995 = FACE_OUTER_BOUND ( 'NONE', #2633, .T. ) ;
#2996 = EDGE_CURVE ( 'NONE', #1895, #8324, #498, .T. ) ;
#2997 = EDGE_LOOP ( 'NONE', ( #10250, #5999, #9923, #2915 ) ) ;
#2998 = ORIENTED_EDGE ( 'NONE', *, *, #3557, .F. ) ;
#2999 = CARTESIAN_POINT ( 'NONE',  ( 1.500000000000023981, 8.200000000000009948, 10.36000000000005272 ) ) ;
#3000 = CARTESIAN_POINT ( 'NONE',  ( 0.1000000000000045991, 10.60000000000000675, 1.350000000000056044 ) ) ;
#3001 = VERTEX_POINT ( 'NONE', #3770 ) ;
#3002 = PRESENTATION_STYLE_ASSIGNMENT (( #5411 ) ) ;
#3003 = CARTESIAN_POINT ( 'NONE',  ( 0.7400000000000322986, 4.200000000000009059, 11.35000000000005471 ) ) ;
#3004 = CARTESIAN_POINT ( 'NONE',  ( 0.1000000000000045991, 9.638089535208006708, 0.3500000000000568767 ) ) ;
#3005 = ORIENTED_EDGE ( 'NONE', *, *, #3975, .T. ) ;
#3006 = CARTESIAN_POINT ( 'NONE',  ( 11.00000000000001599, 11.10000000000002451, 9.950000000000036593 ) ) ;
#3007 = CARTESIAN_POINT ( 'NONE',  ( 1.500000000000009992, 8.109625349781611092, 1.315000000000053904 ) ) ;
#3008 = CARTESIAN_POINT ( 'NONE',  ( 1.399032498223178544, 9.172820256114674109, 10.35000000000005471 ) ) ;
#3009 = ORIENTED_EDGE ( 'NONE', *, *, #1551, .F. ) ;
#3010 = CARTESIAN_POINT ( 'NONE',  ( 1.800000000000018696, 8.144714285714311330, 6.350000000000053824 ) ) ;
#3011 = PLANE ( 'NONE',  #3809 ) ;
#3012 = ORIENTED_EDGE ( 'NONE', *, *, #2090, .F. ) ;
#3013 = CARTESIAN_POINT ( 'NONE',  ( 0.09999999999999766020, 7.100000000000008527, -6.149999999999942624 ) ) ;
#3014 = CARTESIAN_POINT ( 'NONE',  ( 9.700000000000011724, 4.500000000000023981, 0.8500000000000382805 ) ) ;
#3015 = VERTEX_POINT ( 'NONE', #9346 ) ;
#3016 = CARTESIAN_POINT ( 'NONE',  ( 11.00000000000000178, 3.750000000000026201, -6.649999999999962164 ) ) ;
#3017 = CARTESIAN_POINT ( 'NONE',  ( -0.9999999999999731326, 3.750000000000006217, 7.650000000000058087 ) ) ;
#3018 = CARTESIAN_POINT ( 'NONE',  ( 1.500000000000015099, 4.200000000000010836, 1.350000000000053380 ) ) ;
#3019 = DIRECTION ( 'NONE',  ( -1.764125568789973694E-15, 0.0000000000000000000, -1.000000000000000000 ) ) ;
#3020 = ORIENTED_EDGE ( 'NONE', *, *, #10467, .F. ) ;
#3021 = FILL_AREA_STYLE ('',( #2285 ) ) ;
#3022 = DIRECTION ( 'NONE',  ( 0.4472135954999964524, 0.8944271909998966485, -7.819982582729584600E-16 ) ) ;
#3023 = FACE_OUTER_BOUND ( 'NONE', #2777, .T. ) ;
#3024 = EDGE_CURVE ( 'NONE', #8439, #7966, #2861, .T. ) ;
#3025 = PLANE ( 'NONE',  #3795 ) ;
#3026 = CARTESIAN_POINT ( 'NONE',  ( 9.700000000000011724, 10.60000000000002274, 6.550000000000039790 ) ) ;
#3027 = UNCERTAINTY_MEASURE_WITH_UNIT (LENGTH_MEASURE( 1.000000000000000082E-05 ), #7432, 'distance_accuracy_value', 'NONE');
#3028 = LINE ( 'NONE', #7099, #1752 ) ;
#3029 = ORIENTED_EDGE ( 'NONE', *, *, #601, .T. ) ;
#3030 = LINE ( 'NONE', #8449, #6017 ) ;
#3031 = VERTEX_POINT ( 'NONE', #7127 ) ;
#3032 = ORIENTED_EDGE ( 'NONE', *, *, #4439, .T. ) ;
#3033 = CARTESIAN_POINT ( 'NONE',  ( 0.7399999999999993250, 7.597309794603359201, -4.649999999999945288 ) ) ;
#3034 = ORIENTED_EDGE ( 'NONE', *, *, #8137, .T. ) ;
#3035 = EDGE_CURVE ( 'NONE', #3149, #7941, #2172, .T. ) ;
#3036 = ADVANCED_FACE ( 'NONE', ( #5424 ), #3826, .T. ) ;
#3037 = ORIENTED_EDGE ( 'NONE', *, *, #7650, .F. ) ;
#3038 = CARTESIAN_POINT ( 'NONE',  ( 1.400000000000023670, 8.959486922781341178, 10.35204589033505229 ) ) ;
#3039 = PLANE ( 'NONE',  #9776 ) ;
#3040 = ORIENTED_EDGE ( 'NONE', *, *, #8102, .F. ) ;
#3041 = ORIENTED_EDGE ( 'NONE', *, *, #125, .T. ) ;
#3042 = CARTESIAN_POINT ( 'NONE',  ( 2.400000000000028777, 8.200000000000011724, 13.87515823418705097 ) ) ;
#3043 = CARTESIAN_POINT ( 'NONE',  ( 0.9357739704000043179, 8.199999999999709743, -0.6868666079169454264 ) ) ;
#3044 = VERTEX_POINT ( 'NONE', #3014 ) ;
#3045 =( GEOMETRIC_REPRESENTATION_CONTEXT ( 3 ) GLOBAL_UNCERTAINTY_ASSIGNED_CONTEXT ( ( #820 ) ) GLOBAL_UNIT_ASSIGNED_CONTEXT ( ( #480, #6851, #3647 ) ) REPRESENTATION_CONTEXT ( 'NONE', 'WORKASPACE' ) );
#3046 = DIRECTION ( 'NONE',  ( 0.1520571842539018281, 0.9883716976506232710, -2.658873845539038370E-16 ) ) ;
#3047 = EDGE_CURVE ( 'NONE', #6532, #3031, #7835, .T. ) ;
#3048 = VECTOR ( 'NONE', #277, 1000.000000000000000 ) ;
#3049 = DIRECTION ( 'NONE',  ( -1.000000000000000000, -1.644517855226007801E-15, 1.748601263784621748E-15 ) ) ;
#3050 = CARTESIAN_POINT ( 'NONE',  ( 8.800000000000016698, 8.144714285714321989, 6.350000000000040501 ) ) ;
#3051 = LINE ( 'NONE', #6316, #5195 ) ;
#3052 = ORIENTED_EDGE ( 'NONE', *, *, #3434, .F. ) ;
#3053 = CARTESIAN_POINT ( 'NONE',  ( 10.99999999999998757, 11.75000000000002487, -6.649999999999962164 ) ) ;
#3054 = LINE ( 'NONE', #7240, #8766 ) ;
#3055 = FACE_OUTER_BOUND ( 'NONE', #5730, .T. ) ;
#3056 = ORIENTED_EDGE ( 'NONE', *, *, #2300, .F. ) ;
#3057 = PLANE ( 'NONE',  #226 ) ;
#3058 = SURFACE_STYLE_FILL_AREA ( #2213 ) ;
#3059 =( GEOMETRIC_REPRESENTATION_CONTEXT ( 3 ) GLOBAL_UNCERTAINTY_ASSIGNED_CONTEXT ( ( #3237 ) ) GLOBAL_UNIT_ASSIGNED_CONTEXT ( ( #2187, #3088, #10344 ) ) REPRESENTATION_CONTEXT ( 'NONE', 'WORKASPACE' ) );
#3060 = EDGE_CURVE ( 'NONE', #1825, #10383, #1375, .T. ) ;
#3061 = AXIS2_PLACEMENT_3D ( 'NONE', #7597, #6679, #1790 ) ;
#3062 = ORIENTED_EDGE ( 'NONE', *, *, #3524, .T. ) ;
#3063 = SURFACE_STYLE_USAGE ( .BOTH. , #4531 ) ;
#3064 = EDGE_LOOP ( 'NONE', ( #1282, #3032, #2410, #2103 ) ) ;
#3065 = AXIS2_PLACEMENT_3D ( 'NONE', #4005, #763, #9798 ) ;
#3066 = DIRECTION ( 'NONE',  ( 2.352167425053296418E-15, -0.6949152542373064900, 0.7190916418846067248 ) ) ;
#3067 = LINE ( 'NONE', #656, #10413 ) ;
#3068 = DIRECTION ( 'NONE',  ( -1.000000000000000000, -1.644517855226007998E-15, 1.748601263784621946E-15 ) ) ;
#3069 = PLANE ( 'NONE',  #8092 ) ;
#3070 = ORIENTED_EDGE ( 'NONE', *, *, #2142, .F. ) ;
#3071 = CYLINDRICAL_SURFACE ( 'NONE', #4155, 0.9999999999999991118 ) ;
#3072 = FILL_AREA_STYLE_COLOUR ( '', #5636 ) ;
#3073 = VECTOR ( 'NONE', #7004, 1000.000000000000000 ) ;
#3074 = VECTOR ( 'NONE', #810, 1000.000000000000114 ) ;
#3075 = CIRCLE ( 'NONE', #9035, 1.350000000000000533 ) ;
#3076 = VECTOR ( 'NONE', #441, 1000.000000000000000 ) ;
#3077 = PRESENTATION_STYLE_ASSIGNMENT (( #3884 ) ) ;
#3078 = DIRECTION ( 'NONE',  ( 0.9428090415820745696, 0.2357022603954949114, 0.2357022603954917195 ) ) ;
#3079 = CARTESIAN_POINT ( 'NONE',  ( 1.400000000000007905, 8.958578961035836841, 1.347607355697262976 ) ) ;
#3080 = SURFACE_STYLE_USAGE ( .BOTH. , #9469 ) ;
#3081 = EDGE_CURVE ( 'NONE', #7674, #6284, #6331, .T. ) ;
#3082 = ORIENTED_EDGE ( 'NONE', *, *, #9886, .F. ) ;
#3083 = DIRECTION ( 'NONE',  ( 2.095246567705921592E-15, -0.2425356250363094601, 0.9701425001453377606 ) ) ;
#3084 = VERTEX_POINT ( 'NONE', #8718 ) ;
#3085 = CONICAL_SURFACE ( 'NONE', #9043, 1.724999996680999459, 0.4636476090007538020 ) ;
#3086 = VECTOR ( 'NONE', #9580, 1000.000000000000000 ) ;
#3087 = ORIENTED_EDGE ( 'NONE', *, *, #3637, .F. ) ;
#3088 =( NAMED_UNIT ( * ) PLANE_ANGLE_UNIT ( ) SI_UNIT ( $, .RADIAN. ) );
#3089 = ORIENTED_EDGE ( 'NONE', *, *, #5305, .F. ) ;
#3090 = SURFACE_STYLE_USAGE ( .BOTH. , #9479 ) ;
#3091 = EDGE_LOOP ( 'NONE', ( #2270, #6411, #6649, #5494 ) ) ;
#3092 = CARTESIAN_POINT ( 'NONE',  ( 3.949999999999999734, 7.650000000000014566, -4.149999999999950617 ) ) ;
#3093 = EDGE_CURVE ( 'NONE', #9194, #5828, #4687, .T. ) ;
#3094 = DIRECTION ( 'NONE',  ( -0.9428090415820746806, 0.2357022603954918860, 0.2357022603954950779 ) ) ;
#3095 = ORIENTED_EDGE ( 'NONE', *, *, #9114, .F. ) ;
#3096 = ORIENTED_EDGE ( 'NONE', *, *, #7628, .F. ) ;
#3097 = CARTESIAN_POINT ( 'NONE',  ( 2.500000000000026645, 3.750000000000012434, 7.650000000000051870 ) ) ;
#3098 = ADVANCED_FACE ( 'NONE', ( #7188 ), #5317, .F. ) ;
#3099 = VERTEX_POINT ( 'NONE', #8620 ) ;
#3100 = VECTOR ( 'NONE', #2253, 1000.000000000000000 ) ;
#3101 = DIRECTION ( 'NONE',  ( 0.9486832980505233159, 1.560126622598782925E-15, -0.3162277660168096305 ) ) ;
#3102 = EDGE_CURVE ( 'NONE', #6819, #1344, #1326, .T. ) ;
#3103 = VECTOR ( 'NONE', #5129, 1000.000000000000000 ) ;
#3104 = CARTESIAN_POINT ( 'NONE',  ( -0.5999999999999773292, 4.200000000000007283, 4.960000000000058584 ) ) ;
#3105 = CARTESIAN_POINT ( 'NONE',  ( -0.9999999999999731326, 3.750000000000006217, 7.650000000000058087 ) ) ;
#3106 = CARTESIAN_POINT ( 'NONE',  ( 0.6205608657817412999, 9.369703792022287203, 0.3500000000016903479 ) ) ;
#3107 = ORIENTED_EDGE ( 'NONE', *, *, #4203, .T. ) ;
#3108 = VERTEX_POINT ( 'NONE', #4212 ) ;
#3109 = CARTESIAN_POINT ( 'NONE',  ( 1.500000000000029088, 0.7500000000000111022, 5.350000000000055600 ) ) ;
#3110 = DIRECTION ( 'NONE',  ( -7.280287483979462752E-14, -1.168500215858619925E-28, -1.000000000000000000 ) ) ;
#3111 = EDGE_CURVE ( 'NONE', #8994, #7418, #6438, .T. ) ;
#3112 = DIRECTION ( 'NONE',  ( -1.644517855226008195E-15, 1.000000000000000000, 2.890435660536364269E-30 ) ) ;
#3113 = EDGE_CURVE ( 'NONE', #8262, #944, #2379, .T. ) ;
#3114 = ORIENTED_EDGE ( 'NONE', *, *, #5807, .T. ) ;
#3115 = LINE ( 'NONE', #3988, #1743 ) ;
#3116 = VECTOR ( 'NONE', #1018, 1000.000000000000000 ) ;
#3117 = VECTOR ( 'NONE', #8183, 1000.000000000000227 ) ;
#3118 = ORIENTED_EDGE ( 'NONE', *, *, #910, .T. ) ;
#3119 = COLOUR_RGB ( '',1.000000000000000000, 1.000000000000000000, 1.000000000000000000 ) ;
#3120 = FILL_AREA_STYLE ('',( #7988 ) ) ;
#3121 = DIRECTION ( 'NONE',  ( 1.595945597898462472E-14, 2.337000431716910882E-29, 1.000000000000000000 ) ) ;
#3122 = ORIENTED_EDGE ( 'NONE', *, *, #2416, .T. ) ;
#3123 = LINE ( 'NONE', #697, #9889 ) ;
#3124 = EDGE_CURVE ( 'NONE', #8519, #3771, #4839, .T. ) ;
#3125 =( LENGTH_UNIT ( ) NAMED_UNIT ( * ) SI_UNIT ( .MILLI., .METRE. ) );
#3126 = DIRECTION ( 'NONE',  ( 1.644517855226008195E-15, -1.000000000000000000, -2.890435660536364269E-30 ) ) ;
#3127 = AXIS2_PLACEMENT_3D ( 'NONE', #8987, #5763, #8354 ) ;
#3128 = ORIENTED_EDGE ( 'NONE', *, *, #949, .F. ) ;
#3129 = DIRECTION ( 'NONE',  ( -1.644517855226007998E-15, 1.000000000000000000, 2.890435660536363919E-30 ) ) ;
#3130 = LINE ( 'NONE', #1488, #9525 ) ;
#3131 = VECTOR ( 'NONE', #9693, 1000.000000000000000 ) ;
#3132 = VECTOR ( 'NONE', #3094, 999.9999999999998863 ) ;
#3133 = VECTOR ( 'NONE', #7395, 1000.000000000000000 ) ;
#3134 = VECTOR ( 'NONE', #4132, 1000.000000000000114 ) ;
#3135 = AXIS2_PLACEMENT_3D ( 'NONE', #8588, #1449, #1391 ) ;
#3136 = SURFACE_SIDE_STYLE ('',( #10437 ) ) ;
#3137 = ORIENTED_EDGE ( 'NONE', *, *, #6596, .T. ) ;
#3138 = UNCERTAINTY_MEASURE_WITH_UNIT (LENGTH_MEASURE( 1.000000000000000082E-05 ), #3286, 'distance_accuracy_value', 'NONE');
#3139 = VECTOR ( 'NONE', #9457, 1000.000000000000227 ) ;
#3140 = CARTESIAN_POINT ( 'NONE',  ( 0.1000000000000132727, 9.638089535208006708, 5.350000000000057376 ) ) ;
#3141 = DIRECTION ( 'NONE',  ( 1.000000000000000000, 1.644517855226007998E-15, -1.748601263784621946E-15 ) ) ;
#3142 = VERTEX_POINT ( 'NONE', #5810 ) ;
#3143 =( LENGTH_UNIT ( ) NAMED_UNIT ( * ) SI_UNIT ( .MILLI., .METRE. ) );
#3144 = ORIENTED_EDGE ( 'NONE', *, *, #9280, .T. ) ;
#3145 = ORIENTED_EDGE ( 'NONE', *, *, #2257, .T. ) ;
#3146 = PLANE ( 'NONE',  #9015 ) ;
#3147 = CARTESIAN_POINT ( 'NONE',  ( 2.400000000000020339, 10.60000000000001030, 10.35000000000005294 ) ) ;
#3148 = FILL_AREA_STYLE ('',( #4710 ) ) ;
#3149 = VERTEX_POINT ( 'NONE', #3996 ) ;
#3150 = CARTESIAN_POINT ( 'NONE',  ( 0.5000000000000386358, 0.7500000000000093259, 11.35000000000005471 ) ) ;
#3151 = CARTESIAN_POINT ( 'NONE',  ( 9.300000000000025580, 7.269714285714322877, 10.85000000000004050 ) ) ;
#3152 = PLANE ( 'NONE',  #9949 ) ;
#3153 = ORIENTED_EDGE ( 'NONE', *, *, #4886, .T. ) ;
#3154 = ORIENTED_EDGE ( 'NONE', *, *, #3124, .F. ) ;
#3155 = DIRECTION ( 'NONE',  ( 1.644517855226008195E-15, -1.000000000000000000, -2.890435660536364269E-30 ) ) ;
#3156 = DIRECTION ( 'NONE',  ( -0.8411784753765673139, 0.5407575913134772261, 1.470885745111887003E-15 ) ) ;
#3157 = EDGE_LOOP ( 'NONE', ( #2819, #5179, #9292, #932 ) ) ;
#3158 = DIRECTION ( 'NONE',  ( -0.3589790793088841192, 0.9333456062030538458, 6.277112717517546492E-16 ) ) ;
#3159 = FACE_OUTER_BOUND ( 'NONE', #4706, .T. ) ;
#3160 = EDGE_CURVE ( 'NONE', #4831, #548, #9032, .T. ) ;
#3161 = EDGE_CURVE ( 'NONE', #9496, #10424, #7412, .T. ) ;
#3162 = LINE ( 'NONE', #2950, #5997 ) ;
#3163 = CARTESIAN_POINT ( 'NONE',  ( 11.00000000000003553, 3.750000000000025757, 13.35000000000005471 ) ) ;
#3164 = VERTEX_POINT ( 'NONE', #5642 ) ;
#3165 = VERTEX_POINT ( 'NONE', #1595 ) ;
#3166 = LINE ( 'NONE', #8866, #1234 ) ;
#3167 = CARTESIAN_POINT ( 'NONE',  ( 9.800000000000016698, 7.894714285714324653, 6.100000000000038725 ) ) ;
#3168 = CARTESIAN_POINT ( 'NONE',  ( 3.950000000000006395, 8.144714285714314883, 0.3500000000000499378 ) ) ;
#3169 = DIRECTION ( 'NONE',  ( 1.748601263784621946E-15, 0.0000000000000000000, 1.000000000000000000 ) ) ;
#3170 = DIRECTION ( 'NONE',  ( -1.748601263784621748E-15, 1.482966057179082451E-32, -1.000000000000000000 ) ) ;
#3171 = EDGE_CURVE ( 'NONE', #10452, #8502, #8981, .T. ) ;
#3172 = PLANE ( 'NONE',  #2647 ) ;
#3173 = ADVANCED_FACE ( 'NONE', ( #8151 ), #5008, .F. ) ;
#3174 = CARTESIAN_POINT ( 'NONE',  ( 2.399999999999994138, 10.60000000000001030, -4.649999999999947065 ) ) ;
#3175 = EDGE_CURVE ( 'NONE', #6740, #4207, #1651, .T. ) ;
#3176 = LINE ( 'NONE', #4161, #8525 ) ;
#3177 = LINE ( 'NONE', #4842, #5849 ) ;
#3178 = FILL_AREA_STYLE ('',( #5594 ) ) ;
#3179 = VERTEX_POINT ( 'NONE', #3283 ) ;
#3180 = DIRECTION ( 'NONE',  ( -1.644517855226008195E-15, 1.000000000000000000, 2.890435660536364269E-30 ) ) ;
#3181 = DIRECTION ( 'NONE',  ( 0.9486832980505243151, 1.560126622598782728E-15, 0.3162277660168062443 ) ) ;
#3182 = EDGE_CURVE ( 'NONE', #8262, #2, #4098, .T. ) ;
#3183 = CARTESIAN_POINT ( 'NONE',  ( 9.700000000000004619, 10.60000000000002274, 1.550000000000040012 ) ) ;
#3184 = EDGE_LOOP ( 'NONE', ( #4362, #8182, #3579, #1037 ) ) ;
#3185 = SURFACE_STYLE_USAGE ( .BOTH. , #2614 ) ;
#3186 = CARTESIAN_POINT ( 'NONE',  ( 1.500000000000013545, 4.200000000000010836, 0.3500000000000551559 ) ) ;
#3187 = ORIENTED_EDGE ( 'NONE', *, *, #9103, .F. ) ;
#3188 = CARTESIAN_POINT ( 'NONE',  ( -0.9999999999999904521, 10.75000000000000533, 4.050000000000059330 ) ) ;
#3189 = ORIENTED_EDGE ( 'NONE', *, *, #6267, .T. ) ;
#3190 = ORIENTED_EDGE ( 'NONE', *, *, #4233, .F. ) ;
#3191 = CARTESIAN_POINT ( 'NONE',  ( 10.33454256816962413, 5.302378066438024895, 8.687525270768038155 ) ) ;
#3192 = FACE_OUTER_BOUND ( 'NONE', #9070, .T. ) ;
#3193 = ADVANCED_FACE ( 'NONE', ( #9790 ), #8108, .F. ) ;
#3194 = LINE ( 'NONE', #159, #2803 ) ;
#3195 = ORIENTED_EDGE ( 'NONE', *, *, #3464, .F. ) ;
#3196 = CARTESIAN_POINT ( 'NONE',  ( 1.500000000000023981, 8.200000000000009948, 10.38500000000005308 ) ) ;
#3197 = PLANE ( 'NONE',  #7425 ) ;
#3198 = VERTEX_POINT ( 'NONE', #9727 ) ;
#3199 = ORIENTED_EDGE ( 'NONE', *, *, #949, .T. ) ;
#3200 = DIRECTION ( 'NONE',  ( -3.230361199318120148E-07, -1.709844728725060429E-07, -0.9999999999999331646 ) ) ;
#3201 =( NAMED_UNIT ( * ) SI_UNIT ( $, .STERADIAN. ) SOLID_ANGLE_UNIT ( ) );
#3202 = ORIENTED_EDGE ( 'NONE', *, *, #6770, .T. ) ;
#3203 = CARTESIAN_POINT ( 'NONE',  ( 0.7500000000000179856, 7.611199771552088933, 6.340000000000055813 ) ) ;
#3204 = DIRECTION ( 'NONE',  ( 5.567630161940737795E-09, -8.498344536895908591E-10, -1.000000000000000000 ) ) ;
#3205 = FACE_OUTER_BOUND ( 'NONE', #7479, .T. ) ;
#3206 = LINE ( 'NONE', #4298, #10479 ) ;
#3207 = ORIENTED_EDGE ( 'NONE', *, *, #3548, .T. ) ;
#3208 = PRESENTATION_LAYER_ASSIGNMENT (  '', '', ( #5260 ) ) ;
#3209 = CARTESIAN_POINT ( 'NONE',  ( 10.77585252445682329, 5.234484227007025758, 8.040462641781036979 ) ) ;
#3210 = DIRECTION ( 'NONE',  ( 1.000000000000000000, 1.644517855226007998E-15, -1.748601263784621946E-15 ) ) ;
#3211 = LINE ( 'NONE', #8929, #1250 ) ;
#3212 = EDGE_CURVE ( 'NONE', #8132, #5660, #2544, .T. ) ;
#3213 = ORIENTED_EDGE ( 'NONE', *, *, #10347, .T. ) ;
#3214 = DIRECTION ( 'NONE',  ( 1.000000000000000000, 1.644517855226007801E-15, -1.748601263784621748E-15 ) ) ;
#3215 = CYLINDRICAL_SURFACE ( 'NONE', #7746, 1.300000000000000044 ) ;
#3216 = CIRCLE ( 'NONE', #1192, 1.300000000000000266 ) ;
#3217 = ORIENTED_EDGE ( 'NONE', *, *, #9481, .F. ) ;
#3218 = CARTESIAN_POINT ( 'NONE',  ( 2.399999999999994138, 10.60000000000001030, -4.649999999999947065 ) ) ;
#3219 = CARTESIAN_POINT ( 'NONE',  ( 9.700000000000018829, 10.60000000000002274, 10.15000000000003766 ) ) ;
#3220 = ORIENTED_EDGE ( 'NONE', *, *, #8333, .T. ) ;
#3221 = CARTESIAN_POINT ( 'NONE',  ( 0.1000000000000254158, 7.650000000000007461, 10.35000000000005649 ) ) ;
#3222 = SURFACE_SIDE_STYLE ('',( #6651 ) ) ;
#3223 = FACE_OUTER_BOUND ( 'NONE', #1866, .T. ) ;
#3224 = CARTESIAN_POINT ( 'NONE',  ( 0.7000000000000061728, 4.200000000000009059, -3.609999999999944809 ) ) ;
#3225 = VECTOR ( 'NONE', #9220, 1000.000000000000000 ) ;
#3226 = EDGE_LOOP ( 'NONE', ( #7036, #384, #2251, #807, #9188 ) ) ;
#3227 = FACE_OUTER_BOUND ( 'NONE', #6727, .T. ) ;
#3228 = CARTESIAN_POINT ( 'NONE',  ( 0.1000000000000167422, 7.650000000000007461, 5.850000000000055600 ) ) ;
#3229 = EDGE_CURVE ( 'NONE', #6211, #7194, #2333, .T. ) ;
#3230 = AXIS2_PLACEMENT_3D ( 'NONE', #3026, #9515, #1338 ) ;
#3231 = EDGE_CURVE ( 'NONE', #577, #4760, #4051, .T. ) ;
#3232 = EDGE_CURVE ( 'NONE', #6380, #4748, #8402, .T. ) ;
#3233 = STYLED_ITEM ( 'NONE', ( #3938 ), #8284 ) ;
#3234 = DIRECTION ( 'NONE',  ( 1.595945597898462472E-14, 2.337000431716910882E-29, 1.000000000000000000 ) ) ;
#3235 = FACE_OUTER_BOUND ( 'NONE', #496, .T. ) ;
#3236 = ORIENTED_EDGE ( 'NONE', *, *, #2996, .F. ) ;
#3237 = UNCERTAINTY_MEASURE_WITH_UNIT (LENGTH_MEASURE( 1.000000000000000082E-05 ), #2187, 'distance_accuracy_value', 'NONE');
#3238 = VECTOR ( 'NONE', #588, 1000.000000000000000 ) ;
#3239 = DIRECTION ( 'NONE',  ( 1.000000000000000000, 1.644517855226007998E-15, -1.748601263784621946E-15 ) ) ;
#3240 = ORIENTED_EDGE ( 'NONE', *, *, #5200, .T. ) ;
#3241 = LINE ( 'NONE', #5728, #240 ) ;
#3242 = ORIENTED_EDGE ( 'NONE', *, *, #3766, .F. ) ;
#3243 = ORIENTED_EDGE ( 'NONE', *, *, #2246, .T. ) ;
#3244 = CARTESIAN_POINT ( 'NONE',  ( 0.1000000000000288852, 10.60000000000000675, 15.35000000000005471 ) ) ;
#3245 = EDGE_CURVE ( 'NONE', #6772, #9033, #10423, .T. ) ;
#3246 = EDGE_CURVE ( 'NONE', #7772, #6532, #4159, .T. ) ;
#3247 = VECTOR ( 'NONE', #8116, 1000.000000000000000 ) ;
#3248 = VECTOR ( 'NONE', #9317, 1000.000000000000227 ) ;
#3249 =( GEOMETRIC_REPRESENTATION_CONTEXT ( 3 ) GLOBAL_UNCERTAINTY_ASSIGNED_CONTEXT ( ( #928 ) ) GLOBAL_UNIT_ASSIGNED_CONTEXT ( ( #3276, #4046, #900 ) ) REPRESENTATION_CONTEXT ( 'NONE', 'WORKASPACE' ) );
#3250 = VECTOR ( 'NONE', #3798, 1000.000000000000000 ) ;
#3251 = FACE_OUTER_BOUND ( 'NONE', #7699, .T. ) ;
#3252 = VECTOR ( 'NONE', #275, 1000.000000000000000 ) ;
#3253 = ORIENTED_EDGE ( 'NONE', *, *, #38, .T. ) ;
#3254 = MECHANICAL_DESIGN_GEOMETRIC_PRESENTATION_REPRESENTATION (  '', ( #4131 ), #6004 ) ;
#3255 = DIRECTION ( 'NONE',  ( 1.644517855226007998E-15, -1.000000000000000000, -2.890435660536363919E-30 ) ) ;
#3256 = DIRECTION ( 'NONE',  ( -1.801095893066399655E-14, -1.000000000000000000, 3.147915588756019432E-29 ) ) ;
#3257 = LINE ( 'NONE', #7442, #2290 ) ;
#3258 = VERTEX_POINT ( 'NONE', #6599 ) ;
#3259 = ORIENTED_EDGE ( 'NONE', *, *, #9771, .F. ) ;
#3260 =( NAMED_UNIT ( * ) SI_UNIT ( $, .STERADIAN. ) SOLID_ANGLE_UNIT ( ) );
#3261 =( NAMED_UNIT ( * ) SI_UNIT ( $, .STERADIAN. ) SOLID_ANGLE_UNIT ( ) );
#3262 = ADVANCED_FACE ( 'NONE', ( #4781 ), #755, .T. ) ;
#3263 = APPLICATION_PROTOCOL_DEFINITION ( 'draft international standard', 'automotive_design', 1998, #178 ) ;
#3264 = ORIENTED_EDGE ( 'NONE', *, *, #9297, .F. ) ;
#3265 = SURFACE_SIDE_STYLE ('',( #4927 ) ) ;
#3266 = MECHANICAL_DESIGN_GEOMETRIC_PRESENTATION_REPRESENTATION (  '', ( #8375 ), #4149 ) ;
#3267 = DIRECTION ( 'NONE',  ( 0.6000000000000014211, 9.867107131356048382E-16, 0.7999999999999990452 ) ) ;
#3268 = CARTESIAN_POINT ( 'NONE',  ( 0.7399999999999993250, 7.597309794603359201, -4.649999999999945288 ) ) ;
#3269 = VERTEX_POINT ( 'NONE', #1961 ) ;
#3270 = VECTOR ( 'NONE', #3495, 1000.000000000000000 ) ;
#3271 = CARTESIAN_POINT ( 'NONE',  ( 0.7500000066400173138, 7.649999999998869704, 5.849999999998055422 ) ) ;
#3272 = DIRECTION ( 'NONE',  ( -1.000000000000000000, -1.644517855226007998E-15, 1.748601263784621946E-15 ) ) ;
#3273 = LINE ( 'NONE', #9614, #10421 ) ;
#3274 = LINE ( 'NONE', #4939, #7730 ) ;
#3275 = VERTEX_POINT ( 'NONE', #4312 ) ;
#3276 =( LENGTH_UNIT ( ) NAMED_UNIT ( * ) SI_UNIT ( .MILLI., .METRE. ) );
#3277 = DIRECTION ( 'NONE',  ( 1.644517855226007998E-15, -1.000000000000000000, -2.890435660536363919E-30 ) ) ;
#3278 = PRESENTATION_LAYER_ASSIGNMENT (  '', '', ( #253 ) ) ;
#3279 = CIRCLE ( 'NONE', #6028, 1.299999999999999378 ) ;
#3280 = VECTOR ( 'NONE', #7595, 1000.000000000000000 ) ;
#3281 = ORIENTED_EDGE ( 'NONE', *, *, #2921, .T. ) ;
#3282 = AXIS2_PLACEMENT_3D ( 'NONE', #5158, #3702, #2845 ) ;
#3283 = CARTESIAN_POINT ( 'NONE',  ( 2.400000000000015010, 5.400000000000012790, 2.250000000000051514 ) ) ;
#3284 = ORIENTED_EDGE ( 'NONE', *, *, #4695, .F. ) ;
#3285 = CARTESIAN_POINT ( 'NONE',  ( 1.053312813816196458, 9.143302832419356818, 1.349794681610418046 ) ) ;
#3286 =( LENGTH_UNIT ( ) NAMED_UNIT ( * ) SI_UNIT ( .MILLI., .METRE. ) );
#3287 = FILL_AREA_STYLE_COLOUR ( '', #4935 ) ;
#3288 = CARTESIAN_POINT ( 'NONE',  ( 0.7500000000000232037, 8.200000000000009948, 10.36000000000005272 ) ) ;
#3289 = VECTOR ( 'NONE', #7250, 1000.000000000000000 ) ;
#3290 = EDGE_LOOP ( 'NONE', ( #2998, #7349, #9077, #5643, #7065 ) ) ;
#3291 = SURFACE_STYLE_USAGE ( .BOTH. , #9797 ) ;
#3292 = DIRECTION ( 'NONE',  ( 1.000000000000000000, 1.644517855226007998E-15, -1.748601263784621946E-15 ) ) ;
#3293 = CIRCLE ( 'NONE', #2979, 2.950000000000001510 ) ;
#3294 = VECTOR ( 'NONE', #8507, 1000.000000000000000 ) ;
#3295 = ADVANCED_FACE ( 'NONE', ( #9182 ), #6808, .T. ) ;
#3296 = MECHANICAL_DESIGN_GEOMETRIC_PRESENTATION_REPRESENTATION (  '', ( #6883 ), #4669 ) ;
#3297 = EDGE_CURVE ( 'NONE', #9456, #828, #10110, .T. ) ;
#3298 = LINE ( 'NONE', #191, #9101 ) ;
#3299 = CARTESIAN_POINT ( 'NONE',  ( 0.7400000000000166445, 7.597309794603359201, 5.350000000000055600 ) ) ;
#3300 = ORIENTED_EDGE ( 'NONE', *, *, #6343, .T. ) ;
#3301 =( GEOMETRIC_REPRESENTATION_CONTEXT ( 3 ) GLOBAL_UNCERTAINTY_ASSIGNED_CONTEXT ( ( #1031 ) ) GLOBAL_UNIT_ASSIGNED_CONTEXT ( ( #4380, #3615, #6821 ) ) REPRESENTATION_CONTEXT ( 'NONE', 'WORKASPACE' ) );
#3302 = CARTESIAN_POINT ( 'NONE',  ( 1.177281315329010036, 8.200000000032510172, 2.257976796035054079 ) ) ;
#3303 = ORIENTED_EDGE ( 'NONE', *, *, #1784, .F. ) ;
#3304 = FILL_AREA_STYLE ('',( #4064 ) ) ;
#3305 = ORIENTED_EDGE ( 'NONE', *, *, #1636, .T. ) ;
#3306 = ADVANCED_FACE ( 'NONE', ( #4365 ), #8500, .F. ) ;
#3307 = ORIENTED_EDGE ( 'NONE', *, *, #355, .T. ) ;
#3308 = LINE ( 'NONE', #9690, #5818 ) ;
#3309 = AXIS2_PLACEMENT_3D ( 'NONE', #2482, #6586, #1683 ) ;
#3310 = SURFACE_SIDE_STYLE ('',( #1834 ) ) ;
#3311 = PRESENTATION_LAYER_ASSIGNMENT (  '', '', ( #5897 ) ) ;
#3312 = ADVANCED_FACE ( 'NONE', ( #1011, #2004 ), #2654, .T. ) ;
#3313 = LINE ( 'NONE', #4914, #3131 ) ;
#3314 = EDGE_LOOP ( 'NONE', ( #5177, #9674, #10044, #8930 ) ) ;
#3315 = DIRECTION ( 'NONE',  ( 1.000000000000000000, 1.644517855226007998E-15, -1.748601263784621748E-15 ) ) ;
#3316 = CARTESIAN_POINT ( 'NONE',  ( 1.500000000000015099, 8.200000000000009948, 5.385000000000055742 ) ) ;
#3317 = DIRECTION ( 'NONE',  ( 1.644517855226008195E-15, -1.000000000000000000, -2.890435660536364269E-30 ) ) ;
#3318 = EDGE_LOOP ( 'NONE', ( #6305, #4012, #6794, #5254, #6928, #9600 ) ) ;
#3319 = LINE ( 'NONE', #7486, #4503 ) ;
#3320 = ORIENTED_EDGE ( 'NONE', *, *, #8504, .T. ) ;
#3321 = DIRECTION ( 'NONE',  ( -1.748601263784621946E-15, 0.0000000000000000000, -1.000000000000000000 ) ) ;
#3322 = CARTESIAN_POINT ( 'NONE',  ( 0.5000000000000108802, 0.7500000000000093259, -4.649999999999943512 ) ) ;
#3323 = AXIS2_PLACEMENT_3D ( 'NONE', #9049, #980, #4225 ) ;
#3324 = ORIENTED_EDGE ( 'NONE', *, *, #533, .F. ) ;
#3325 = LINE ( 'NONE', #3203, #6885 ) ;
#3326 = FILL_AREA_STYLE_COLOUR ( '', #5521 ) ;
#3327 = AXIS2_PLACEMENT_3D ( 'NONE', #5630, #3210, #6479 ) ;
#3328 = EDGE_CURVE ( 'NONE', #3198, #9821, #5921, .T. ) ;
#3329 = CARTESIAN_POINT ( 'NONE',  ( 0.1000000000000132727, 10.60000000000000675, 6.350000000000056488 ) ) ;
#3330 = FACE_OUTER_BOUND ( 'NONE', #492, .T. ) ;
#3331 = ORIENTED_EDGE ( 'NONE', *, *, #2540, .T. ) ;
#3332 = ORIENTED_EDGE ( 'NONE', *, *, #3913, .T. ) ;
#3333 = LINE ( 'NONE', #1894, #7014 ) ;
#3334 = DIRECTION ( 'NONE',  ( -1.644517855226007998E-15, 1.000000000000000000, 2.875605999964573094E-30 ) ) ;
#3335 = LINE ( 'NONE', #8142, #5326 ) ;
#3336 = EDGE_LOOP ( 'NONE', ( #8458, #6858, #8165, #4715 ) ) ;
#3337 = PLANE ( 'NONE',  #3597 ) ;
#3338 = B_SPLINE_CURVE_WITH_KNOTS ( 'NONE', 3,
 ( #971, #6714, #2446, #1705, #4217 ),
 .UNSPECIFIED., .F., .F.,
 ( 4, 1, 4 ),
 ( 0.0000000000000000000, 0.5000000000000000000, 1.000000000000000000 ),
 .UNSPECIFIED. ) ;
#3339 = ADVANCED_FACE ( 'NONE', ( #7465 ), #1162, .T. ) ;
#3340 = VERTEX_POINT ( 'NONE', #4027 ) ;
#3341 = FACE_OUTER_BOUND ( 'NONE', #7807, .T. ) ;
#3342 = DIRECTION ( 'NONE',  ( 1.801095893066396184E-14, 1.000000000000000000, -1.965547678589003492E-14 ) ) ;
#3343 = ORIENTED_EDGE ( 'NONE', *, *, #1693, .F. ) ;
#3344 = DIRECTION ( 'NONE',  ( 1.748601263784621748E-15, -1.482966057179082451E-32, 1.000000000000000000 ) ) ;
#3345 = LINE ( 'NONE', #5761, #3440 ) ;
#3346 = CARTESIAN_POINT ( 'NONE',  ( -0.5999999999999963141, 4.200000000000007283, -5.949999999999940670 ) ) ;
#3347 = PLANE ( 'NONE',  #3127 ) ;
#3348 = ORIENTED_EDGE ( 'NONE', *, *, #3704, .T. ) ;
#3349 = LINE ( 'NONE', #9098, #10420 ) ;
#3350 = CARTESIAN_POINT ( 'NONE',  ( 0.7466439969400183729, 7.606602420031609135, 6.343356003061055404 ) ) ;
#3351 = FILL_AREA_STYLE_COLOUR ( '', #4683 ) ;
#3352 =( NAMED_UNIT ( * ) PLANE_ANGLE_UNIT ( ) SI_UNIT ( $, .RADIAN. ) );
#3353 = EDGE_LOOP ( 'NONE', ( #8005, #2833, #4933, #3041, #6705 ) ) ;
#3354 = UNCERTAINTY_MEASURE_WITH_UNIT (LENGTH_MEASURE( 1.000000000000000082E-05 ), #7616, 'distance_accuracy_value', 'NONE');
#3355 =( LENGTH_UNIT ( ) NAMED_UNIT ( * ) SI_UNIT ( .MILLI., .METRE. ) );
#3356 = CARTESIAN_POINT ( 'NONE',  ( 1.499999999999997780, 8.200000000000009948, -4.614999999999944258 ) ) ;
#3357 = ORIENTED_EDGE ( 'NONE', *, *, #5876, .T. ) ;
#3358 = FACE_OUTER_BOUND ( 'NONE', #6227, .T. ) ;
#3359 = ORIENTED_EDGE ( 'NONE', *, *, #8655, .T. ) ;
#3360 = VERTEX_POINT ( 'NONE', #10396 ) ;
#3361 = CARTESIAN_POINT ( 'NONE',  ( 2.400000000000034106, 5.400000000000012790, 12.97132034356005192 ) ) ;
#3362 = PLANE ( 'NONE',  #6706 ) ;
#3363 = DIRECTION ( 'NONE',  ( -1.748601263784621748E-15, 1.482966057179082451E-32, -1.000000000000000000 ) ) ;
#3364 = ORIENTED_EDGE ( 'NONE', *, *, #5989, .F. ) ;
#3365 = CARTESIAN_POINT ( 'NONE',  ( 1.300000000000030242, 7.100000000000010303, 12.45000000000005436 ) ) ;
#3366 = UNCERTAINTY_MEASURE_WITH_UNIT (LENGTH_MEASURE( 1.000000000000000082E-05 ), #7965, 'distance_accuracy_value', 'NONE');
#3367 = DIRECTION ( 'NONE',  ( 1.644517855226007998E-15, -1.000000000000000000, -2.890435660536363919E-30 ) ) ;
#3368 = DIRECTION ( 'NONE',  ( -1.644517855226007998E-15, 1.000000000000000000, 2.890435660536363919E-30 ) ) ;
#3369 = ORIENTED_EDGE ( 'NONE', *, *, #3246, .F. ) ;
#3370 = DIRECTION ( 'NONE',  ( -1.748601263784621748E-15, 1.482966057179082451E-32, -1.000000000000000000 ) ) ;
#3371 = ORIENTED_EDGE ( 'NONE', *, *, #7261, .F. ) ;
#3372 = LINE ( 'NONE', #7327, #1038 ) ;
#3373 = DIRECTION ( 'NONE',  ( 1.644517855225973880E-15, -1.000000000000000000, -1.965547678589000652E-14 ) ) ;
#3374 = ORIENTED_EDGE ( 'NONE', *, *, #7364, .F. ) ;
#3375 = ADVANCED_FACE ( 'NONE', ( #1462 ), #5504, .T. ) ;
#3376 = CARTESIAN_POINT ( 'NONE',  ( 0.7000000000000166089, 8.200000000000009948, 6.390000000000055635 ) ) ;
#3377 = ADVANCED_FACE ( 'NONE', ( #2414 ), #2357, .T. ) ;
#3378 = EDGE_CURVE ( 'NONE', #1895, #4883, #6916, .T. ) ;
#3379 = CARTESIAN_POINT ( 'NONE',  ( -0.3999999999999715450, 6.450000000000008171, 11.59000000000005492 ) ) ;
#3380 = SURFACE_STYLE_USAGE ( .BOTH. , #8188 ) ;
#3381 = ORIENTED_EDGE ( 'NONE', *, *, #8583, .F. ) ;
#3382 = LINE ( 'NONE', #1047, #8211 ) ;
#3383 = CARTESIAN_POINT ( 'NONE',  ( 11.00000000000000000, 7.450000000000025935, -4.149999999999963052 ) ) ;
#3384 = CARTESIAN_POINT ( 'NONE',  ( 0.7000000000000043965, 4.200000000000009059, -4.689999999999945324 ) ) ;
#3385 = CARTESIAN_POINT ( 'NONE',  ( 1.850000000000025180, 6.250000000000010658, 9.350000000000052935 ) ) ;
#3386 = ADVANCED_FACE ( 'NONE', ( #6115 ), #8746, .T. ) ;
#3387 = CIRCLE ( 'NONE', #3728, 1.349999999999999645 ) ;
#3388 = VERTEX_POINT ( 'NONE', #9866 ) ;
#3389 =( NAMED_UNIT ( * ) PLANE_ANGLE_UNIT ( ) SI_UNIT ( $, .RADIAN. ) );
#3390 = ORIENTED_EDGE ( 'NONE', *, *, #10308, .F. ) ;
#3391 = LINE ( 'NONE', #5923, #6162 ) ;
#3392 = CARTESIAN_POINT ( 'NONE',  ( 0.6205608656263673639, 9.369703792101088169, 11.34999999999911147 ) ) ;
#3393 = LINE ( 'NONE', #6654, #9774 ) ;
#3394 = VERTEX_POINT ( 'NONE', #8282 ) ;
#3395 = PRESENTATION_STYLE_ASSIGNMENT (( #3291 ) ) ;
#3396 = EDGE_CURVE ( 'NONE', #3108, #2832, #9925, .T. ) ;
#3397 = VECTOR ( 'NONE', #1568, 1000.000000000000114 ) ;
#3398 = ADVANCED_FACE ( 'NONE', ( #4981 ), #1792, .F. ) ;
#3399 = LINE ( 'NONE', #8512, #597 ) ;
#3400 = ORIENTED_EDGE ( 'NONE', *, *, #1661, .T. ) ;
#3401 = VECTOR ( 'NONE', #6145, 1000.000000000000000 ) ;
#3402 = CARTESIAN_POINT ( 'NONE',  ( 0.2019880736300102564, 8.200000000000008171, 2.771907005528055912 ) ) ;
#3403 = CARTESIAN_POINT ( 'NONE',  ( 1.800000000000001155, 8.144714285714311330, -3.649999999999946620 ) ) ;
#3404 = ORIENTED_EDGE ( 'NONE', *, *, #9342, .T. ) ;
#3405 = PLANE ( 'NONE',  #10039 ) ;
#3406 = ORIENTED_EDGE ( 'NONE', *, *, #1207, .T. ) ;
#3407 = EDGE_LOOP ( 'NONE', ( #649, #8935, #8022, #4381 ) ) ;
#3408 = CARTESIAN_POINT ( 'NONE',  ( 1.398548747334997122, 8.959230384172009565, -4.649999999999945288 ) ) ;
#3409 = PRESENTATION_STYLE_ASSIGNMENT (( #1347 ) ) ;
#3410 =( GEOMETRIC_REPRESENTATION_CONTEXT ( 3 ) GLOBAL_UNCERTAINTY_ASSIGNED_CONTEXT ( ( #8995 ) ) GLOBAL_UNIT_ASSIGNED_CONTEXT ( ( #8577, #1288, #6286 ) ) REPRESENTATION_CONTEXT ( 'NONE', 'WORKASPACE' ) );
#3411 = CIRCLE ( 'NONE', #9517, 1.399999999999999467 ) ;
#3412 = EDGE_CURVE ( 'NONE', #6210, #3803, #2629, .T. ) ;
#3413 = PLANE ( 'NONE',  #6866 ) ;
#3414 = EDGE_LOOP ( 'NONE', ( #1248, #7292, #10205, #8754 ) ) ;
#3415 = AXIS2_PLACEMENT_3D ( 'NONE', #10370, #9406, #501 ) ;
#3416 = ORIENTED_EDGE ( 'NONE', *, *, #6739, .T. ) ;
#3417 = FACE_OUTER_BOUND ( 'NONE', #4940, .T. ) ;
#3418 = ORIENTED_EDGE ( 'NONE', *, *, #4806, .F. ) ;
#3419 = VECTOR ( 'NONE', #6692, 1000.000000000000114 ) ;
#3420 = CARTESIAN_POINT ( 'NONE',  ( 2.400000000000025224, 7.650000000000011902, 10.85000000000005116 ) ) ;
#3421 = VECTOR ( 'NONE', #7782, 1000.000000000000114 ) ;
#3422 = STYLED_ITEM ( 'NONE', ( #4237 ), #3426 ) ;
#3423 = EDGE_CURVE ( 'NONE', #6416, #3179, #4917, .T. ) ;
#3424 = DIRECTION ( 'NONE',  ( 1.748601263784621946E-15, 0.0000000000000000000, 1.000000000000000000 ) ) ;
#3425 = CARTESIAN_POINT ( 'NONE',  ( 0.6999999999999975131, 8.200000000000009948, -4.689999999999945324 ) ) ;
#3426 = ADVANCED_FACE ( 'NONE', ( #2573 ), #3474, .T. ) ;
#3427 = STYLED_ITEM ( 'NONE', ( #3409 ), #1582 ) ;
#3428 = DIRECTION ( 'NONE',  ( -1.748601263784621748E-15, 0.0000000000000000000, -1.000000000000000000 ) ) ;
#3429 = ORIENTED_EDGE ( 'NONE', *, *, #8395, .F. ) ;
#3430 = CARTESIAN_POINT ( 'NONE',  ( -0.5999999999999651168, 4.200000000000007283, 12.65000000000005720 ) ) ;
#3431 = ORIENTED_EDGE ( 'NONE', *, *, #5330, .T. ) ;
#3432 = CARTESIAN_POINT ( 'NONE',  ( 0.7500000000000127676, -0.2499999999999906741, -3.899999999999945288 ) ) ;
#3433 = CARTESIAN_POINT ( 'NONE',  ( 0.1000000000000028644, 10.60000000000000675, 0.3500000000000555445 ) ) ;
#3434 = EDGE_CURVE ( 'NONE', #8393, #10294, #1901, .T. ) ;
#3435 = DIRECTION ( 'NONE',  ( 1.000000000000000000, 1.644517855226007998E-15, -1.748601263784621748E-15 ) ) ;
#3436 = AXIS2_PLACEMENT_3D ( 'NONE', #4017, #5774, #8835 ) ;
#3437 = EDGE_CURVE ( 'NONE', #8534, #2369, #4074, .T. ) ;
#3438 = STYLED_ITEM ( 'NONE', ( #3517 ), #3840 ) ;
#3439 = AXIS2_PLACEMENT_3D ( 'NONE', #8454, #5860, #9083 ) ;
#3440 = VECTOR ( 'NONE', #2547, 1000.000000000000000 ) ;
#3441 = VERTEX_POINT ( 'NONE', #43 ) ;
#3442 = EDGE_CURVE ( 'NONE', #10021, #5640, #5737, .T. ) ;
#3443 = EDGE_CURVE ( 'NONE', #7104, #5712, #6516, .T. ) ;
#3444 = FACE_OUTER_BOUND ( 'NONE', #4934, .T. ) ;
#3445 = ORIENTED_EDGE ( 'NONE', *, *, #2352, .T. ) ;
#3446 = PLANE ( 'NONE',  #718 ) ;
#3447 = CONICAL_SURFACE ( 'NONE', #4992, 3.049999998679999269, 0.1526493283952326530 ) ;
#3448 = PRESENTATION_STYLE_ASSIGNMENT (( #6766 ) ) ;
#3449 = SURFACE_SIDE_STYLE ('',( #3606 ) ) ;
#3450 = LINE ( 'NONE', #5064, #5520 ) ;
#3451 = VERTEX_POINT ( 'NONE', #3628 ) ;
#3452 = CARTESIAN_POINT ( 'NONE',  ( 11.00000000000003197, 5.200000000000025935, 13.05454076850503675 ) ) ;
#3453 = STYLED_ITEM ( 'NONE', ( #973 ), #5085 ) ;
#3454 = MECHANICAL_DESIGN_GEOMETRIC_PRESENTATION_REPRESENTATION (  '', ( #6348 ), #1410 ) ;
#3455 = AXIS2_PLACEMENT_3D ( 'NONE', #5250, #528, #3749 ) ;
#3456 = VECTOR ( 'NONE', #5972, 1000.000000000000227 ) ;
#3457 = EDGE_CURVE ( 'NONE', #2130, #6380, #3534, .T. ) ;
#3458 = FACE_OUTER_BOUND ( 'NONE', #217, .T. ) ;
#3459 = ORIENTED_EDGE ( 'NONE', *, *, #3919, .F. ) ;
#3460 = VECTOR ( 'NONE', #1787, 1000.000000000000000 ) ;
#3461 = ORIENTED_EDGE ( 'NONE', *, *, #10385, .F. ) ;
#3462 = LINE ( 'NONE', #5936, #688 ) ;
#3463 = EDGE_LOOP ( 'NONE', ( #9552, #9669, #4045, #8576 ) ) ;
#3464 = EDGE_CURVE ( 'NONE', #8545, #7397, #3075, .T. ) ;
#3465 = VERTEX_POINT ( 'NONE', #1294 ) ;
#3466 = CARTESIAN_POINT ( 'NONE',  ( 1.500000000000030864, 0.7500000000000111022, 6.350000000000053824 ) ) ;
#3467 = COLOUR_RGB ( '',1.000000000000000000, 1.000000000000000000, 1.000000000000000000 ) ;
#3468 = CARTESIAN_POINT ( 'NONE',  ( 9.800000000000014921, 7.894714285714324653, 5.600000000000038725 ) ) ;
#3469 = CIRCLE ( 'NONE', #1939, 2.950000000000000622 ) ;
#3470 = VECTOR ( 'NONE', #2843, 1000.000000000000000 ) ;
#3471 = DIRECTION ( 'NONE',  ( -1.748601263784621946E-15, 0.0000000000000000000, -1.000000000000000000 ) ) ;
#3472 = VERTEX_POINT ( 'NONE', #6991 ) ;
#3473 = VECTOR ( 'NONE', #9995, 1000.000000000000000 ) ;
#3474 = PLANE ( 'NONE',  #4972 ) ;
#3475 = CARTESIAN_POINT ( 'NONE',  ( 0.1000000000000150074, 7.100000000000008527, 3.850000000000057376 ) ) ;
#3476 = ORIENTED_EDGE ( 'NONE', *, *, #6647, .T. ) ;
#3477 = FACE_OUTER_BOUND ( 'NONE', #9459, .T. ) ;
#3478 = ORIENTED_EDGE ( 'NONE', *, *, #1243, .F. ) ;
#3479 = DIRECTION ( 'NONE',  ( -1.000000000000000000, -1.644517855226007998E-15, 1.748601263784621946E-15 ) ) ;
#3480 = DIRECTION ( 'NONE',  ( -1.000000000000000000, -1.644517855226007998E-15, 1.748601263784621946E-15 ) ) ;
#3481 = VERTEX_POINT ( 'NONE', #360 ) ;
#3482 = VECTOR ( 'NONE', #82, 1000.000000000000000 ) ;
#3483 = AXIS2_PLACEMENT_3D ( 'NONE', #10168, #6869, #9301 ) ;
#3484 =( NAMED_UNIT ( * ) PLANE_ANGLE_UNIT ( ) SI_UNIT ( $, .RADIAN. ) );
#3485 = LINE ( 'NONE', #6750, #3473 ) ;
#3486 = CARTESIAN_POINT ( 'NONE',  ( 1.399999999999996803, 9.600000000000010303, -4.649999999999945288 ) ) ;
#3487 = VECTOR ( 'NONE', #1188, 1000.000000000000000 ) ;
#3488 = VECTOR ( 'NONE', #6048, 1000.000000000000000 ) ;
#3489 = DIRECTION ( 'NONE',  ( 1.748601263784621748E-15, -1.482966057179082451E-32, 1.000000000000000000 ) ) ;
#3490 = ORIENTED_EDGE ( 'NONE', *, *, #4108, .T. ) ;
#3491 = DIRECTION ( 'NONE',  ( -2.323290369613454472E-15, 0.3928571428583002567, -0.9195995135412007304 ) ) ;
#3492 = ORIENTED_EDGE ( 'NONE', *, *, #3498, .T. ) ;
#3493 = COLOUR_RGB ( '',1.000000000000000000, 1.000000000000000000, 1.000000000000000000 ) ;
#3494 = CARTESIAN_POINT ( 'NONE',  ( 2.400000000000022116, 8.200000000000011724, 9.562560681042054256 ) ) ;
#3495 = DIRECTION ( 'NONE',  ( -1.644517855226008195E-15, 1.000000000000000000, 2.890435660536364269E-30 ) ) ;
#3496 = LINE ( 'NONE', #9173, #4337 ) ;
#3497 = CARTESIAN_POINT ( 'NONE',  ( 1.400000000000015010, 8.959486922781341178, 5.352045890335054068 ) ) ;
#3498 = EDGE_CURVE ( 'NONE', #3015, #5364, #6891, .T. ) ;
#3499 = VECTOR ( 'NONE', #9556, 1000.000000000000000 ) ;
#3500 = VERTEX_POINT ( 'NONE', #1880 ) ;
#3501 = CARTESIAN_POINT ( 'NONE',  ( 1.955294117647009999, 8.144714285714311330, 1.315000000000053015 ) ) ;
#3502 =( NAMED_UNIT ( * ) PLANE_ANGLE_UNIT ( ) SI_UNIT ( $, .RADIAN. ) );
#3503 = EDGE_LOOP ( 'NONE', ( #3217, #8695, #605, #4919, #3960, #8318 ) ) ;
#3504 = DIRECTION ( 'NONE',  ( -1.748601263784621748E-15, 0.0000000000000000000, -1.000000000000000000 ) ) ;
#3505 = FACE_OUTER_BOUND ( 'NONE', #6116, .T. ) ;
#3506 = AXIS2_PLACEMENT_3D ( 'NONE', #2791, #10042, #5202 ) ;
#3507 = CARTESIAN_POINT ( 'NONE',  ( 1.400000000000014122, 10.60000000000000853, 6.350000000000053824 ) ) ;
#3508 = FACE_OUTER_BOUND ( 'NONE', #8448, .T. ) ;
#3509 = ORIENTED_EDGE ( 'NONE', *, *, #2904, .T. ) ;
#3510 = FACE_OUTER_BOUND ( 'NONE', #7431, .T. ) ;
#3511 = EDGE_CURVE ( 'NONE', #4148, #5776, #3528, .T. ) ;
#3512 = EDGE_CURVE ( 'NONE', #5869, #7273, #2830, .T. ) ;
#3513 = EDGE_CURVE ( 'NONE', #2606, #8897, #5281, .T. ) ;
#3514 = CARTESIAN_POINT ( 'NONE',  ( 8.800000000000007816, 8.144714285714321989, 1.350000000000040501 ) ) ;
#3515 = LINE ( 'NONE', #8360, #9933 ) ;
#3516 = ORIENTED_EDGE ( 'NONE', *, *, #6449, .F. ) ;
#3517 = PRESENTATION_STYLE_ASSIGNMENT (( #9197 ) ) ;
#3518 = FILL_AREA_STYLE_COLOUR ( '', #5212 ) ;
#3519 = EDGE_LOOP ( 'NONE', ( #8119, #5508, #7924, #1231 ) ) ;
#3520 = CARTESIAN_POINT ( 'NONE',  ( -0.1999999993499770867, 8.599999999630806968, 10.26000000221505637 ) ) ;
#3521 = ORIENTED_EDGE ( 'NONE', *, *, #2392, .T. ) ;
#3522 = DIRECTION ( 'NONE',  ( -1.000000000000000000, -1.644517855226007998E-15, 1.748601263784621946E-15 ) ) ;
#3523 = CARTESIAN_POINT ( 'NONE',  ( 0.6000000000000240696, 8.200000000000009948, 10.30444444500005297 ) ) ;
#3524 = EDGE_CURVE ( 'NONE', #8505, #9241, #1090, .T. ) ;
#3525 = CARTESIAN_POINT ( 'NONE',  ( 1.800000000000034239, 4.200000000000010836, 12.65000000000005365 ) ) ;
#3526 = ORIENTED_EDGE ( 'NONE', *, *, #8198, .T. ) ;
#3527 = CARTESIAN_POINT ( 'NONE',  ( 9.700000000000029488, 12.25000000000002132, 13.35000000000005471 ) ) ;
#3528 = LINE ( 'NONE', #1144, #6163 ) ;
#3529 = SURFACE_STYLE_USAGE ( .BOTH. , #8482 ) ;
#3530 = ORIENTED_EDGE ( 'NONE', *, *, #2463, .F. ) ;
#3531 = CARTESIAN_POINT ( 'NONE',  ( 1.400000004427017997, 8.199999999929909578, 7.137439316581053461 ) ) ;
#3532 = VERTEX_POINT ( 'NONE', #2084 ) ;
#3533 = CARTESIAN_POINT ( 'NONE',  ( 11.00000000000001599, 7.450000000000025935, 5.850000000000037836 ) ) ;
#3534 = B_SPLINE_CURVE_WITH_KNOTS ( 'NONE', 3,
 ( #5337, #1931, #1985, #3730, #7644 ),
 .UNSPECIFIED., .F., .F.,
 ( 4, 1, 4 ),
 ( 0.0000000000000000000, 0.5000000000000000000, 1.000000000000000000 ),
 .UNSPECIFIED. ) ;
#3535 = ORIENTED_EDGE ( 'NONE', *, *, #1428, .F. ) ;
#3536 = EDGE_CURVE ( 'NONE', #9219, #276, #413, .T. ) ;
#3537 = LINE ( 'NONE', #6006, #1441 ) ;
#3538 = PLANE ( 'NONE',  #10449 ) ;
#3539 = EDGE_LOOP ( 'NONE', ( #2571, #6951, #6777, #1735 ) ) ;
#3540 = PLANE ( 'NONE',  #9211 ) ;
#3541 = ORIENTED_EDGE ( 'NONE', *, *, #2079, .F. ) ;
#3542 = DIRECTION ( 'NONE',  ( -1.748601263784621946E-15, 0.0000000000000000000, -1.000000000000000000 ) ) ;
#3543 = CARTESIAN_POINT ( 'NONE',  ( -0.9999999999999974465, 3.750000000000006217, -6.649999999999941735 ) ) ;
#3544 = DIRECTION ( 'NONE',  ( -1.000000000000000000, -1.644517855226007998E-15, 1.748601263784621946E-15 ) ) ;
#3545 = DIRECTION ( 'NONE',  ( 0.2425356250363078781, 0.9701425001453380936, -4.240981004512810209E-16 ) ) ;
#3546 = ORIENTED_EDGE ( 'NONE', *, *, #6704, .T. ) ;
#3547 = DIRECTION ( 'NONE',  ( 0.9838699100999038771, 1.617991634378899823E-15, -0.1788854382000027443 ) ) ;
#3548 = EDGE_CURVE ( 'NONE', #6666, #10019, #4543, .T. ) ;
#3549 = ORIENTED_EDGE ( 'NONE', *, *, #9407, .T. ) ;
#3550 = FACE_OUTER_BOUND ( 'NONE', #9053, .T. ) ;
#3551 = CARTESIAN_POINT ( 'NONE',  ( 1.499999999999999556, 8.200000000000009948, -3.684999999999946318 ) ) ;
#3552 = CARTESIAN_POINT ( 'NONE',  ( 2.400000000000016787, 7.650000000000011902, 5.850000000000052047 ) ) ;
#3553 = LINE ( 'NONE', #6814, #10426 ) ;
#3554 = CARTESIAN_POINT ( 'NONE',  ( 0.1000000000000115380, 10.60000000000000675, 5.350000000000056488 ) ) ;
#3555 = DIRECTION ( 'NONE',  ( -1.748601263784621946E-15, 0.0000000000000000000, -1.000000000000000000 ) ) ;
#3556 = EDGE_LOOP ( 'NONE', ( #8696, #2310, #8417, #7661 ) ) ;
#3557 = EDGE_CURVE ( 'NONE', #8739, #1067, #7755, .T. ) ;
#3558 = ORIENTED_EDGE ( 'NONE', *, *, #171, .T. ) ;
#3559 = CARTESIAN_POINT ( 'NONE',  ( 1.398548747333999698, 8.959230384045008933, -3.649999999999946620 ) ) ;
#3560 = CARTESIAN_POINT ( 'NONE',  ( 9.800000000000007816, 8.144714285714323765, 1.350000000000038725 ) ) ;
#3561 = VECTOR ( 'NONE', #9672, 1000.000000000000000 ) ;
#3562 = ORIENTED_EDGE ( 'NONE', *, *, #10286, .T. ) ;
#3563 = CARTESIAN_POINT ( 'NONE',  ( 2.500000000000003997, 3.750000000000012434, -5.949999999999945999 ) ) ;
#3564 = DIRECTION ( 'NONE',  ( 0.0000000000000000000, -0.7142857142856899877, -0.6998542122237899621 ) ) ;
#3565 = EDGE_CURVE ( 'NONE', #2708, #5175, #7691, .T. ) ;
#3566 = ADVANCED_FACE ( 'NONE', ( #2030 ), #6832, .F. ) ;
#3567 = LINE ( 'NONE', #5277, #753 ) ;
#3568 = COLOUR_RGB ( '',1.000000000000000000, 1.000000000000000000, 1.000000000000000000 ) ;
#3569 = LINE ( 'NONE', #3525, #8725 ) ;
#3570 = ORIENTED_EDGE ( 'NONE', *, *, #4414, .T. ) ;
#3571 = CARTESIAN_POINT ( 'NONE',  ( 1.398548747334008358, 8.959230384045008933, 1.350000000000053380 ) ) ;
#3572 = UNCERTAINTY_MEASURE_WITH_UNIT (LENGTH_MEASURE( 1.000000000000000082E-05 ), #8184, 'distance_accuracy_value', 'NONE');
#3573 = EDGE_CURVE ( 'NONE', #4800, #3861, #510, .T. ) ;
#3574 = CARTESIAN_POINT ( 'NONE',  ( 9.800000000000023803, 7.894714285714324653, 10.60000000000003872 ) ) ;
#3575 = LINE ( 'NONE', #10139, #4011 ) ;
#3576 = ADVANCED_FACE ( 'NONE', ( #2775 ), #9269, .F. ) ;
#3577 = VERTEX_POINT ( 'NONE', #10234 ) ;
#3578 = DIRECTION ( 'NONE',  ( -1.748601263784621946E-15, 0.0000000000000000000, -1.000000000000000000 ) ) ;
#3579 = ORIENTED_EDGE ( 'NONE', *, *, #7578, .F. ) ;
#3580 = LINE ( 'NONE', #6099, #2215 ) ;
#3581 = ORIENTED_EDGE ( 'NONE', *, *, #7618, .F. ) ;
#3582 = VECTOR ( 'NONE', #359, 1000.000000000000000 ) ;
#3583 = AXIS2_PLACEMENT_3D ( 'NONE', #4331, #252, #6136 ) ;
#3584 = CARTESIAN_POINT ( 'NONE',  ( 1.400000000000000133, 8.960000000000009734, -3.656137671004946466 ) ) ;
#3585 = CARTESIAN_POINT ( 'NONE',  ( 0.7433105578600086583, 7.601972579975209143, 0.3533105578580556516 ) ) ;
#3586 = FACE_OUTER_BOUND ( 'NONE', #6850, .T. ) ;
#3587 = EDGE_CURVE ( 'NONE', #3589, #7941, #3683, .T. ) ;
#3588 = B_SPLINE_CURVE_WITH_KNOTS ( 'NONE', 3,
 ( #2204, #3979, #2260, #4720 ),
 .UNSPECIFIED., .F., .F.,
 ( 4, 4 ),
 ( 0.0000000000000000000, 1.000000000000000000 ),
 .UNSPECIFIED. ) ;
#3589 = VERTEX_POINT ( 'NONE', #10183 ) ;
#3590 = ORIENTED_EDGE ( 'NONE', *, *, #8084, .F. ) ;
#3591 = FILL_AREA_STYLE_COLOUR ( '', #8497 ) ;
#3592 = COLOUR_RGB ( '',0.2862745098039215508, 0.6431372549019607199, 0.8666666666666666963 ) ;
#3593 = FACE_OUTER_BOUND ( 'NONE', #10218, .T. ) ;
#3594 = CARTESIAN_POINT ( 'NONE',  ( 1.250000000000013323, -0.2499999999999889533, -3.899999999999946176 ) ) ;
#3595 = DIRECTION ( 'NONE',  ( -1.748601263784621946E-15, 0.0000000000000000000, -1.000000000000000000 ) ) ;
#3596 = COLOUR_RGB ( '',1.000000000000000000, 1.000000000000000000, 1.000000000000000000 ) ;
#3597 = AXIS2_PLACEMENT_3D ( 'NONE', #4775, #8, #3214 ) ;
#3598 = ORIENTED_EDGE ( 'NONE', *, *, #1313, .T. ) ;
#3599 = LINE ( 'NONE', #2806, #7073 ) ;
#3600 = SURFACE_SIDE_STYLE ('',( #383 ) ) ;
#3601 = EDGE_LOOP ( 'NONE', ( #7069, #8173, #5523, #4039, #7489, #1419, #6613, #7776, #5827, #5274, #6549, #696, #8484, #4193, #2243, #5165, #2146, #3114, #9120, #1134, #1774, #1732, #399, #8168, #1019, #10486, #7731, #3890, #1817, #717, #4104, #2226, #7474, #7653, #8178, #3189, #1204, #5699, #7645, #426, #9501, #6806, #4704, #4808 ) ) ;
#3602 = VECTOR ( 'NONE', #8972, 1000.000000000000000 ) ;
#3603 = AXIS2_PLACEMENT_3D ( 'NONE', #2984, #8832, #1546 ) ;
#3604 = CARTESIAN_POINT ( 'NONE',  ( 9.700000000000011724, 10.60000000000002274, 6.550000000000039790 ) ) ;
#3605 = CARTESIAN_POINT ( 'NONE',  ( 1.399999999999996803, 9.600000000000010303, -4.649999999999945288 ) ) ;
#3606 = SURFACE_STYLE_FILL_AREA ( #1965 ) ;
#3607 = CARTESIAN_POINT ( 'NONE',  ( 9.700000000000018829, 10.60000000000002274, 10.15000000000003766 ) ) ;
#3608 = VECTOR ( 'NONE', #8278, 1000.000000000000114 ) ;
#3609 = VECTOR ( 'NONE', #4523, 1000.000000000000000 ) ;
#3610 = ORIENTED_EDGE ( 'NONE', *, *, #5437, .F. ) ;
#3611 = FACE_OUTER_BOUND ( 'NONE', #3407, .T. ) ;
#3612 = CARTESIAN_POINT ( 'NONE',  ( 1.300000000000021583, 7.100000000000010303, 7.450000000000054357 ) ) ;
#3613 = ORIENTED_EDGE ( 'NONE', *, *, #5779, .T. ) ;
#3614 = CARTESIAN_POINT ( 'NONE',  ( 1.375000000000037748, 0.2500000000000106581, 10.85000000000005471 ) ) ;
#3615 =( NAMED_UNIT ( * ) PLANE_ANGLE_UNIT ( ) SI_UNIT ( $, .RADIAN. ) );
#3616 = EDGE_LOOP ( 'NONE', ( #6564, #7931, #8771, #5267, #8924, #6423 ) ) ;
#3617 = DIRECTION ( 'NONE',  ( 0.9838699100999044322, 1.617991634378899626E-15, 0.1788854381999992749 ) ) ;
#3618 = CARTESIAN_POINT ( 'NONE',  ( 8.800000000000006040, 8.144714285714321989, 0.3500000000000412781 ) ) ;
#3619 = EDGE_CURVE ( 'NONE', #3744, #2417, #2876, .T. ) ;
#3620 = DIRECTION ( 'NONE',  ( 1.000000000000000000, 1.644517855226007998E-15, -1.748601263784621946E-15 ) ) ;
#3621 = AXIS2_PLACEMENT_3D ( 'NONE', #6631, #1178, #9870 ) ;
#3622 = ADVANCED_FACE ( 'NONE', ( #767 ), #2234, .T. ) ;
#3623 = VECTOR ( 'NONE', #7754, 1000.000000000000000 ) ;
#3624 = LINE ( 'NONE', #2828, #2613 ) ;
#3625 = ORIENTED_EDGE ( 'NONE', *, *, #8333, .F. ) ;
#3626 = EDGE_CURVE ( 'NONE', #10403, #4654, #3028, .T. ) ;
#3627 = CARTESIAN_POINT ( 'NONE',  ( 0.1000000000000323547, 5.400000000000009237, 12.85000000000005649 ) ) ;
#3628 = CARTESIAN_POINT ( 'NONE',  ( 1.800000000000025580, 4.200000000000010836, 7.650000000000053646 ) ) ;
#3629 = DIRECTION ( 'NONE',  ( -0.8411784753765673139, 0.5407575913134772261, 1.470885745111887003E-15 ) ) ;
#3630 = ORIENTED_EDGE ( 'NONE', *, *, #5034, .F. ) ;
#3631 =( NAMED_UNIT ( * ) PLANE_ANGLE_UNIT ( ) SI_UNIT ( $, .RADIAN. ) );
#3632 = ORIENTED_EDGE ( 'NONE', *, *, #7434, .T. ) ;
#3633 = CARTESIAN_POINT ( 'NONE',  ( 10.34999999141862403, 7.450000000000024158, 10.85000000000003695 ) ) ;
#3634 = ORIENTED_EDGE ( 'NONE', *, *, #9466, .F. ) ;
#3635 = CIRCLE ( 'NONE', #8728, 1.400000000001999423 ) ;
#3636 = AXIS2_PLACEMENT_3D ( 'NONE', #7796, #1286, #1230 ) ;
#3637 = EDGE_CURVE ( 'NONE', #3001, #10319, #8625, .T. ) ;
#3638 = VECTOR ( 'NONE', #5402, 1000.000000000000000 ) ;
#3639 = VECTOR ( 'NONE', #2312, 1000.000000000000000 ) ;
#3640 = EDGE_CURVE ( 'NONE', #9976, #1088, #10338, .T. ) ;
#3641 = FACE_OUTER_BOUND ( 'NONE', #145, .T. ) ;
#3642 = EDGE_CURVE ( 'NONE', #828, #10209, #12, .T. ) ;
#3643 = CARTESIAN_POINT ( 'NONE',  ( 1.800000000000001155, 8.144714285714311330, -3.649999999999946620 ) ) ;
#3644 = VERTEX_POINT ( 'NONE', #6193 ) ;
#3645 = VECTOR ( 'NONE', #2605, 1000.000000000000227 ) ;
#3646 = ORIENTED_EDGE ( 'NONE', *, *, #1948, .T. ) ;
#3647 =( NAMED_UNIT ( * ) SI_UNIT ( $, .STERADIAN. ) SOLID_ANGLE_UNIT ( ) );
#3648 = MECHANICAL_DESIGN_GEOMETRIC_PRESENTATION_REPRESENTATION (  '', ( #9597 ), #1799 ) ;
#3649 = CARTESIAN_POINT ( 'NONE',  ( 0.3996711088700040104, 8.200000000000308376, -0.9689969683669419354 ) ) ;
#3650 = CARTESIAN_POINT ( 'NONE',  ( 0.3996450882000016636, 8.199999999999308287, -2.330989483202944967 ) ) ;
#3651 = VECTOR ( 'NONE', #5901, 1000.000000000000000 ) ;
#3652 = DIRECTION ( 'NONE',  ( -0.3162277660168096305, -5.200422075328728817E-16, -0.9486832980505232049 ) ) ;
#3653 = FACE_OUTER_BOUND ( 'NONE', #8271, .T. ) ;
#3654 = EDGE_CURVE ( 'NONE', #7298, #4961, #3787, .T. ) ;
#3655 = VECTOR ( 'NONE', #9062, 1000.000000000000000 ) ;
#3656 = ORIENTED_EDGE ( 'NONE', *, *, #8997, .F. ) ;
#3657 = CIRCLE ( 'NONE', #10462, 2.950000000000000622 ) ;
#3658 = LINE ( 'NONE', #2894, #8105 ) ;
#3659 = CARTESIAN_POINT ( 'NONE',  ( 0.6250000000000369704, 0.2500000000000088818, 10.85000000000005471 ) ) ;
#3660 = ORIENTED_EDGE ( 'NONE', *, *, #5688, .F. ) ;
#3661 = CARTESIAN_POINT ( 'NONE',  ( 11.00000000000000711, 5.200000000000025935, -1.945459231494963026 ) ) ;
#3662 = LINE ( 'NONE', #6713, #572 ) ;
#3663 = ORIENTED_EDGE ( 'NONE', *, *, #4708, .F. ) ;
#3664 = PRESENTATION_STYLE_ASSIGNMENT (( #2855 ) ) ;
#3665 = DIRECTION ( 'NONE',  ( 1.748601263784621946E-15, 0.0000000000000000000, 1.000000000000000000 ) ) ;
#3666 = VECTOR ( 'NONE', #1778, 1000.000000000000000 ) ;
#3667 = EDGE_CURVE ( 'NONE', #2344, #6455, #405, .T. ) ;
#3668 = ORIENTED_EDGE ( 'NONE', *, *, #1008, .T. ) ;
#3669 = VECTOR ( 'NONE', #5465, 1000.000000000000000 ) ;
#3670 = CARTESIAN_POINT ( 'NONE',  ( -0.5999999999999685585, 4.200000000000007283, 9.960000000000059472 ) ) ;
#3671 = DIRECTION ( 'NONE',  ( 0.9838699100999044322, 1.617991634378899626E-15, 0.1788854381999992749 ) ) ;
#3672 = ORIENTED_EDGE ( 'NONE', *, *, #7663, .T. ) ;
#3673 = EDGE_LOOP ( 'NONE', ( #5203, #6112, #691, #5122, #6105, #9019 ) ) ;
#3674 = DIRECTION ( 'NONE',  ( 0.9428090415820745696, 0.2357022603954949114, 0.2357022603954917195 ) ) ;
#3675 = DIRECTION ( 'NONE',  ( 1.644517855226007998E-15, -1.000000000000000000, -2.890435660536363919E-30 ) ) ;
#3676 = CARTESIAN_POINT ( 'NONE',  ( 0.6205608656263413847, 9.369703792101088169, -3.650000000000890310 ) ) ;
#3677 = ORIENTED_EDGE ( 'NONE', *, *, #9102, .T. ) ;
#3678 = CARTESIAN_POINT ( 'NONE',  ( 0.1000000000000080685, 5.400000000000009237, -1.149999999999942624 ) ) ;
#3679 = LINE ( 'NONE', #2023, #748 ) ;
#3680 = CARTESIAN_POINT ( 'NONE',  ( 0.1000000000000254158, 7.650000000000007461, 10.85000000000005649 ) ) ;
#3681 = LINE ( 'NONE', #7849, #5984 ) ;
#3682 = UNCERTAINTY_MEASURE_WITH_UNIT (LENGTH_MEASURE( 1.000000000000000082E-05 ), #9312, 'distance_accuracy_value', 'NONE');
#3683 = LINE ( 'NONE', #2720, #5645 ) ;
#3684 = LINE ( 'NONE', #5994, #3488 ) ;
#3685 = ORIENTED_EDGE ( 'NONE', *, *, #7517, .T. ) ;
#3686 = FILL_AREA_STYLE ('',( #3790 ) ) ;
#3687 = EDGE_LOOP ( 'NONE', ( #1706, #7277, #4895, #5739, #6262, #3735 ) ) ;
#3688 = DIRECTION ( 'NONE',  ( 1.892425610156517368E-15, 0.0000000000000000000, 1.000000000000000000 ) ) ;
#3689 = VERTEX_POINT ( 'NONE', #1390 ) ;
#3690 = DIRECTION ( 'NONE',  ( 1.748601263784621946E-15, 0.0000000000000000000, 1.000000000000000000 ) ) ;
#3691 = CARTESIAN_POINT ( 'NONE',  ( 7.999999999999968914, 12.25000000000001954, -16.64999999999995239 ) ) ;
#3692 = CARTESIAN_POINT ( 'NONE',  ( 11.00000000000001066, 11.75000000000002487, 6.750000000000037303 ) ) ;
#3693 = PLANE ( 'NONE',  #8582 ) ;
#3694 = ORIENTED_EDGE ( 'NONE', *, *, #2540, .F. ) ;
#3695 = ORIENTED_EDGE ( 'NONE', *, *, #6758, .F. ) ;
#3696 = DIRECTION ( 'NONE',  ( 1.644517855226007801E-15, -1.000000000000000000, -2.890435660536363568E-30 ) ) ;
#3697 = EDGE_CURVE ( 'NONE', #740, #833, #10269, .T. ) ;
#3698 = FACE_OUTER_BOUND ( 'NONE', #1482, .T. ) ;
#3699 = LINE ( 'NONE', #2890, #9208 ) ;
#3700 = ORIENTED_EDGE ( 'NONE', *, *, #750, .T. ) ;
#3701 = LINE ( 'NONE', #4607, #4170 ) ;
#3702 = DIRECTION ( 'NONE',  ( 1.644517855226007801E-15, -1.000000000000000000, -2.890435660536363568E-30 ) ) ;
#3703 = EDGE_CURVE ( 'NONE', #6127, #4961, #2345, .T. ) ;
#3704 = EDGE_CURVE ( 'NONE', #9821, #8988, #7203, .T. ) ;
#3705 = VERTEX_POINT ( 'NONE', #8732 ) ;
#3706 = CARTESIAN_POINT ( 'NONE',  ( 9.700000000000008171, 12.25000000000002309, 6.550000000000039790 ) ) ;
#3707 = ORIENTED_EDGE ( 'NONE', *, *, #1954, .F. ) ;
#3708 = DIRECTION ( 'NONE',  ( -1.644517855226008195E-15, 1.000000000000000000, 2.890435660536364269E-30 ) ) ;
#3709 = DIRECTION ( 'NONE',  ( -1.000000000000000000, -1.644517855226007998E-15, 1.748601263784621946E-15 ) ) ;
#3710 = CARTESIAN_POINT ( 'NONE',  ( 0.5000000000000125455, 0.7500000000000093259, -3.649999999999944844 ) ) ;
#3711 = ADVANCED_FACE ( 'NONE', ( #3945 ), #7048, .F. ) ;
#3712 = ORIENTED_EDGE ( 'NONE', *, *, #2451, .T. ) ;
#3713 = FILL_AREA_STYLE_COLOUR ( '', #2068 ) ;
#3714 = FILL_AREA_STYLE_COLOUR ( '', #3467 ) ;
#3715 = ORIENTED_EDGE ( 'NONE', *, *, #1937, .F. ) ;
#3716 = CARTESIAN_POINT ( 'NONE',  ( 1.499999999999999556, 7.650000000000010125, -4.149999999999946176 ) ) ;
#3717 = ORIENTED_EDGE ( 'NONE', *, *, #6856, .T. ) ;
#3718 = DIRECTION ( 'NONE',  ( 1.748601263784621946E-15, 0.0000000000000000000, 1.000000000000000000 ) ) ;
#3719 = SURFACE_STYLE_FILL_AREA ( #7794 ) ;
#3720 = ADVANCED_FACE ( 'NONE', ( #4795 ), #3886, .F. ) ;
#3721 = PLANE ( 'NONE',  #197 ) ;
#3722 = CARTESIAN_POINT ( 'NONE',  ( -1.000000000000002665, 10.75000000000000533, -2.349999999999942357 ) ) ;
#3723 = ORIENTED_EDGE ( 'NONE', *, *, #7950, .F. ) ;
#3724 = CARTESIAN_POINT ( 'NONE',  ( 8.800000000000016698, 7.144714285714321989, 5.350000000000041389 ) ) ;
#3725 = CARTESIAN_POINT ( 'NONE',  ( 1.300000000000032019, 5.400000000000011013, 12.45000000000005436 ) ) ;
#3726 = EDGE_CURVE ( 'NONE', #5213, #9319, #4646, .T. ) ;
#3727 = DIRECTION ( 'NONE',  ( 1.644517855226007801E-15, -1.000000000000000000, -2.890435660536363568E-30 ) ) ;
#3728 = AXIS2_PLACEMENT_3D ( 'NONE', #8573, #8774, #1381 ) ;
#3729 = CARTESIAN_POINT ( 'NONE',  ( 11.00000000000000888, 7.650000000000026112, 1.315000000000037472 ) ) ;
#3730 = CARTESIAN_POINT ( 'NONE',  ( 10.77560435693830598, 5.234522406625025326, -1.340447055017962130 ) ) ;
#3731 = PRESENTATION_STYLE_ASSIGNMENT (( #3080 ) ) ;
#3732 = ORIENTED_EDGE ( 'NONE', *, *, #9357, .F. ) ;
#3733 = DIRECTION ( 'NONE',  ( 0.9486832980505233159, 1.560126622598782925E-15, -0.3162277660168096305 ) ) ;
#3734 = CARTESIAN_POINT ( 'NONE',  ( 3.950000000000010836, 7.650000000000014566, 2.200000000000049027 ) ) ;
#3735 = ORIENTED_EDGE ( 'NONE', *, *, #7110, .T. ) ;
#3736 = CARTESIAN_POINT ( 'NONE',  ( 0.1000000000000167422, 7.649999999998868816, 5.849999999998056310 ) ) ;
#3737 = ORIENTED_EDGE ( 'NONE', *, *, #7255, .T. ) ;
#3738 = VECTOR ( 'NONE', #10196, 1000.000000000000227 ) ;
#3739 = ADVANCED_FACE ( 'NONE', ( #2295 ), #5555, .T. ) ;
#3740 = DIRECTION ( 'NONE',  ( -1.489513996486854122E-09, 1.000000000000000000, 7.237763924156027255E-10 ) ) ;
#3741 =( LENGTH_UNIT ( ) NAMED_UNIT ( * ) SI_UNIT ( .MILLI., .METRE. ) );
#3742 = VERTEX_POINT ( 'NONE', #1494 ) ;
#3743 = AXIS2_PLACEMENT_3D ( 'NONE', #6052, #321, #1148 ) ;
#3744 = VERTEX_POINT ( 'NONE', #8002 ) ;
#3745 = CARTESIAN_POINT ( 'NONE',  ( 9.700000000000009948, 10.60000000000002274, 5.150000000000039435 ) ) ;
#3746 = DIRECTION ( 'NONE',  ( -1.644517855226008195E-15, 1.000000000000000000, 2.890435660536364269E-30 ) ) ;
#3747 = DIRECTION ( 'NONE',  ( -1.644517855226007998E-15, 1.000000000000000000, 2.890435660536363919E-30 ) ) ;
#3748 = ORIENTED_EDGE ( 'NONE', *, *, #3093, .F. ) ;
#3749 = DIRECTION ( 'NONE',  ( -1.644517855226007998E-15, 1.000000000000000000, 2.890435660536363919E-30 ) ) ;
#3750 = EDGE_CURVE ( 'NONE', #5557, #10429, #6405, .T. ) ;
#3751 = VECTOR ( 'NONE', #7093, 1000.000000000000000 ) ;
#3752 = ADVANCED_FACE ( 'NONE', ( #5603 ), #4014, .T. ) ;
#3753 = PLANE ( 'NONE',  #875 ) ;
#3754 = AXIS2_PLACEMENT_3D ( 'NONE', #10147, #2641, #4445 ) ;
#3755 = CARTESIAN_POINT ( 'NONE',  ( 8.800000000000014921, 8.144714285714321989, 5.350000000000041389 ) ) ;
#3756 = ORIENTED_EDGE ( 'NONE', *, *, #3171, .T. ) ;
#3757 = EDGE_CURVE ( 'NONE', #10469, #5828, #8269, .T. ) ;
#3758 = CYLINDRICAL_SURFACE ( 'NONE', #6843, 1.399999999999999245 ) ;
#3759 = CARTESIAN_POINT ( 'NONE',  ( 0.1000000000000150074, 9.638089535207008396, 6.350000000000056488 ) ) ;
#3760 = CARTESIAN_POINT ( 'NONE',  ( 0.1000000000000167422, 5.400000000000009237, 3.850000000000057376 ) ) ;
#3761 = ORIENTED_EDGE ( 'NONE', *, *, #4695, .T. ) ;
#3762 = MECHANICAL_DESIGN_GEOMETRIC_PRESENTATION_REPRESENTATION (  '', ( #6660 ), #6149 ) ;
#3763 = AXIS2_PLACEMENT_3D ( 'NONE', #3151, #783, #7781 ) ;
#3764 = CARTESIAN_POINT ( 'NONE',  ( 9.699999999999993960, 10.60000000000002274, -4.849999999999961453 ) ) ;
#3765 = ADVANCED_FACE ( 'NONE', ( #8313 ), #9802, .F. ) ;
#3766 = EDGE_CURVE ( 'NONE', #1222, #1691, #5661, .T. ) ;
#3767 = VECTOR ( 'NONE', #8340, 1000.000000000000000 ) ;
#3768 = VERTEX_POINT ( 'NONE', #9853 ) ;
#3769 = PLANE ( 'NONE',  #8264 ) ;
#3770 = CARTESIAN_POINT ( 'NONE',  ( 0.7400000000000253042, 7.597309794603359201, 10.35000000000005294 ) ) ;
#3771 = VERTEX_POINT ( 'NONE', #821 ) ;
#3772 = VERTEX_POINT ( 'NONE', #7309 ) ;
#3773 = LINE ( 'NONE', #8623, #1217 ) ;
#3774 = CARTESIAN_POINT ( 'NONE',  ( 3.949999999999997957, 8.144714285714314883, -4.649999999999950617 ) ) ;
#3775 = CARTESIAN_POINT ( 'NONE',  ( 1.300000000000016476, 7.100000000000010303, 4.250000000000055067 ) ) ;
#3776 = FACE_OUTER_BOUND ( 'NONE', #3353, .T. ) ;
#3777 = ORIENTED_EDGE ( 'NONE', *, *, #4598, .T. ) ;
#3778 = DIRECTION ( 'NONE',  ( -1.000000000000000000, 1.134242272754066274E-14, 2.001604010742470058E-15 ) ) ;
#3779 = VECTOR ( 'NONE', #6728, 1000.000000000000000 ) ;
#3780 = COLOUR_RGB ( '',1.000000000000000000, 1.000000000000000000, 1.000000000000000000 ) ;
#3781 = EDGE_CURVE ( 'NONE', #3866, #2319, #9359, .T. ) ;
#3782 =( NAMED_UNIT ( * ) SI_UNIT ( $, .STERADIAN. ) SOLID_ANGLE_UNIT ( ) );
#3783 = EDGE_CURVE ( 'NONE', #2130, #798, #6663, .T. ) ;
#3784 = VECTOR ( 'NONE', #7068, 1000.000000000000000 ) ;
#3785 = CARTESIAN_POINT ( 'NONE',  ( 0.3996711088700213854, 8.200000000000308376, 9.031003031633057176 ) ) ;
#3786 = UNCERTAINTY_MEASURE_WITH_UNIT (LENGTH_MEASURE( 1.000000000000000082E-05 ), #2555, 'distance_accuracy_value', 'NONE');
#3787 = LINE ( 'NONE', #1448, #7873 ) ;
#3788 = EDGE_LOOP ( 'NONE', ( #5073, #9050, #8812, #3459, #139, #3880, #9168, #5618, #8744, #329, #3154, #9309, #6868, #1615 ) ) ;
#3789 = FILL_AREA_STYLE ('',( #3948 ) ) ;
#3790 = FILL_AREA_STYLE_COLOUR ( '', #1804 ) ;
#3791 = ORIENTED_EDGE ( 'NONE', *, *, #204, .F. ) ;
#3792 = CARTESIAN_POINT ( 'NONE',  ( -0.9999999999999817923, 3.750000000000006217, 2.650000000000057643 ) ) ;
#3793 = ORIENTED_EDGE ( 'NONE', *, *, #852, .F. ) ;
#3794 = VECTOR ( 'NONE', #8237, 1000.000000000000000 ) ;
#3795 = AXIS2_PLACEMENT_3D ( 'NONE', #706, #3727, #3943 ) ;
#3796 = DIRECTION ( 'NONE',  ( -1.734723475976808672E-15, 1.000000000000000000, 0.0000000000000000000 ) ) ;
#3797 = CARTESIAN_POINT ( 'NONE',  ( 1.500000000000016875, 8.109625349781611092, 5.385000000000055742 ) ) ;
#3798 = DIRECTION ( 'NONE',  ( 1.748601263784621946E-15, 0.0000000000000000000, 1.000000000000000000 ) ) ;
#3799 = VECTOR ( 'NONE', #9298, 1000.000000000000000 ) ;
#3800 = DIRECTION ( 'NONE',  ( -0.5407575913134772261, -0.8411784753765673139, 9.455694075718743083E-16 ) ) ;
#3801 = ORIENTED_EDGE ( 'NONE', *, *, #4806, .T. ) ;
#3802 = AXIS2_PLACEMENT_3D ( 'NONE', #8045, #8258, #8937 ) ;
#3803 = VERTEX_POINT ( 'NONE', #9745 ) ;
#3804 = DIRECTION ( 'NONE',  ( -0.8076923076923187006, 0.5896042198752116104, 1.334402673828312846E-15 ) ) ;
#3805 = PLANE ( 'NONE',  #4644 ) ;
#3806 = DIRECTION ( 'NONE',  ( 1.634159799354254388E-15, -1.000000000000000000, 0.0000000000000000000 ) ) ;
#3807 = ORIENTED_EDGE ( 'NONE', *, *, #8957, .T. ) ;
#3808 =( GEOMETRIC_REPRESENTATION_CONTEXT ( 3 ) GLOBAL_UNCERTAINTY_ASSIGNED_CONTEXT ( ( #5602 ) ) GLOBAL_UNIT_ASSIGNED_CONTEXT ( ( #7347, #3389, #1856 ) ) REPRESENTATION_CONTEXT ( 'NONE', 'WORKASPACE' ) );
#3809 = AXIS2_PLACEMENT_3D ( 'NONE', #5370, #6229, #9455 ) ;
#3810 = COLOUR_RGB ( '',1.000000000000000000, 1.000000000000000000, 1.000000000000000000 ) ;
#3811 = DIRECTION ( 'NONE',  ( -1.644517855226008195E-15, 1.000000000000000000, 2.890435660536364269E-30 ) ) ;
#3812 = CARTESIAN_POINT ( 'NONE',  ( 1.800000000000018696, 6.844714285714310620, 5.360000000000052722 ) ) ;
#3813 = ORIENTED_EDGE ( 'NONE', *, *, #6987, .F. ) ;
#3814 = CARTESIAN_POINT ( 'NONE',  ( 2.400000000000016787, 7.650000000000011902, 5.850000000000052047 ) ) ;
#3815 = VECTOR ( 'NONE', #7061, 1000.000000000000000 ) ;
#3816 = LINE ( 'NONE', #690, #2307 ) ;
#3817 = CARTESIAN_POINT ( 'NONE',  ( 1.125000000000023537, 8.200000000000009948, 10.85000000000005471 ) ) ;
#3818 = VERTEX_POINT ( 'NONE', #4269 ) ;
#3819 = DIRECTION ( 'NONE',  ( -1.748601263784621946E-15, 0.0000000000000000000, -1.000000000000000000 ) ) ;
#3820 = EDGE_CURVE ( 'NONE', #21, #3472, #9910, .T. ) ;
#3821 = VECTOR ( 'NONE', #2225, 1000.000000000000000 ) ;
#3822 = AXIS2_PLACEMENT_3D ( 'NONE', #4825, #7173, #2162 ) ;
#3823 = MECHANICAL_DESIGN_GEOMETRIC_PRESENTATION_REPRESENTATION (  '', ( #8429 ), #1959 ) ;
#3824 = VERTEX_POINT ( 'NONE', #7525 ) ;
#3825 = CARTESIAN_POINT ( 'NONE',  ( 0.7000000000000130562, 4.200000000000009059, 0.3100000000000550093 ) ) ;
#3826 = PLANE ( 'NONE',  #9404 ) ;
#3827 = EDGE_LOOP ( 'NONE', ( #3195, #478, #8124, #4167, #2466, #1034 ) ) ;
#3828 = CARTESIAN_POINT ( 'NONE',  ( 1.299999999999999156, 7.100000000000010303, -5.749999999999944933 ) ) ;
#3829 = DIRECTION ( 'NONE',  ( -1.644517855226007998E-15, 1.000000000000000000, 2.890435660536363919E-30 ) ) ;
#3830 = VECTOR ( 'NONE', #1091, 1000.000000000000000 ) ;
#3831 = CARTESIAN_POINT ( 'NONE',  ( 1.955294117646999563, 8.144714285714311330, -4.614999999999946034 ) ) ;
#3832 = CYLINDRICAL_SURFACE ( 'NONE', #6884, 2.949999999999999289 ) ;
#3833 = ORIENTED_EDGE ( 'NONE', *, *, #9159, .F. ) ;
#3834 = CARTESIAN_POINT ( 'NONE',  ( 9.699999999999999289, 5.400000000000024336, -6.649999999999960387 ) ) ;
#3835 = DIRECTION ( 'NONE',  ( 1.748601263784621748E-15, 0.0000000000000000000, 1.000000000000000000 ) ) ;
#3836 = VECTOR ( 'NONE', #6069, 1000.000000000000000 ) ;
#3837 = ADVANCED_FACE ( 'NONE', ( #4964 ), #1562, .T. ) ;
#3838 = CARTESIAN_POINT ( 'NONE',  ( 2.400000000000009681, 8.200000000000011724, 2.137439318958052503 ) ) ;
#3839 = ADVANCED_FACE ( 'NONE', ( #5725 ), #1777, .F. ) ;
#3840 = ADVANCED_FACE ( 'NONE', ( #2394 ), #5025, .T. ) ;
#3841 = VECTOR ( 'NONE', #8810, 1000.000000000000000 ) ;
#3842 = FILL_AREA_STYLE ('',( #7199 ) ) ;
#3843 = CARTESIAN_POINT ( 'NONE',  ( 0.9357739704000216374, 8.199999999999709743, 9.313133392083054574 ) ) ;
#3844 = DIRECTION ( 'NONE',  ( 1.748601263784621946E-15, 0.0000000000000000000, 1.000000000000000000 ) ) ;
#3845 = ORIENTED_EDGE ( 'NONE', *, *, #8460, .F. ) ;
#3846 = LINE ( 'NONE', #6196, #735 ) ;
#3847 = ORIENTED_EDGE ( 'NONE', *, *, #6074, .F. ) ;
#3848 = ORIENTED_EDGE ( 'NONE', *, *, #852, .T. ) ;
#3849 = DIRECTION ( 'NONE',  ( 1.644517855226007998E-15, -1.000000000000000000, -2.890435660536363919E-30 ) ) ;
#3850 = LINE ( 'NONE', #10345, #6867 ) ;
#3851 = ADVANCED_FACE ( 'NONE', ( #6130 ), #10125, .T. ) ;
#3852 = ORIENTED_EDGE ( 'NONE', *, *, #7228, .T. ) ;
#3853 = SURFACE_STYLE_FILL_AREA ( #3148 ) ;
#3854 = DIRECTION ( 'NONE',  ( 1.706285386945153899E-15, -1.000000000000000000, 0.0000000000000000000 ) ) ;
#3855 = DIRECTION ( 'NONE',  ( 1.927470528863119344E-15, 0.0000000000000000000, 1.000000000000000000 ) ) ;
#3856 = DIRECTION ( 'NONE',  ( -1.748601263784621946E-15, 0.0000000000000000000, -1.000000000000000000 ) ) ;
#3857 = ORIENTED_EDGE ( 'NONE', *, *, #719, .F. ) ;
#3858 = CARTESIAN_POINT ( 'NONE',  ( 9.800000000000006040, 7.894714285714324653, 0.6000000000000388356 ) ) ;
#3859 = CARTESIAN_POINT ( 'NONE',  ( 1.500000000000025535, 8.200000000000009948, 11.34000000000005315 ) ) ;
#3860 = EDGE_CURVE ( 'NONE', #3142, #6946, #10067, .T. ) ;
#3861 = VERTEX_POINT ( 'NONE', #6873 ) ;
#3862 = EDGE_CURVE ( 'NONE', #4156, #4537, #1917, .T. ) ;
#3863 = FILL_AREA_STYLE ('',( #6220 ) ) ;
#3864 = DIRECTION ( 'NONE',  ( -1.644517855226008195E-15, 1.000000000000000000, 2.890435660536364269E-30 ) ) ;
#3865 = CARTESIAN_POINT ( 'NONE',  ( 11.00000000000001066, 11.75000000000002487, 6.750000000000037303 ) ) ;
#3866 = VERTEX_POINT ( 'NONE', #9146 ) ;
#3867 = LINE ( 'NONE', #2321, #2239 ) ;
#3868 = DIRECTION ( 'NONE',  ( -1.748601263784621946E-15, 0.0000000000000000000, -1.000000000000000000 ) ) ;
#3869 = CARTESIAN_POINT ( 'NONE',  ( 1.500000000000004885, 4.200000000000010836, -4.649999999999945288 ) ) ;
#3870 = ORIENTED_EDGE ( 'NONE', *, *, #3111, .F. ) ;
#3871 = FACE_OUTER_BOUND ( 'NONE', #3556, .T. ) ;
#3872 =( LENGTH_UNIT ( ) NAMED_UNIT ( * ) SI_UNIT ( .MILLI., .METRE. ) );
#3873 = EDGE_CURVE ( 'NONE', #7596, #5038, #1227, .T. ) ;
#3874 = EDGE_LOOP ( 'NONE', ( #4664, #6505, #7912, #8403 ) ) ;
#3875 = ORIENTED_EDGE ( 'NONE', *, *, #3548, .F. ) ;
#3876 = DIRECTION ( 'NONE',  ( -1.489513996486854122E-09, 1.000000000000000000, 7.237763924156027255E-10 ) ) ;
#3877 = LINE ( 'NONE', #3017, #1583 ) ;
#3878 = DIRECTION ( 'NONE',  ( -0.7071067811864987229, -1.162849727212584842E-15, -0.7071067811865962005 ) ) ;
#3879 = CARTESIAN_POINT ( 'NONE',  ( 10.33454256816959926, 5.302378066438024895, -6.312474729231960957 ) ) ;
#3880 = ORIENTED_EDGE ( 'NONE', *, *, #5894, .F. ) ;
#3881 = SURFACE_STYLE_USAGE ( .BOTH. , #6285 ) ;
#3882 = PLANE ( 'NONE',  #7856 ) ;
#3883 = ADVANCED_FACE ( 'NONE', ( #4474 ), #2019, .T. ) ;
#3884 = SURFACE_STYLE_USAGE ( .BOTH. , #7953 ) ;
#3885 = UNCERTAINTY_MEASURE_WITH_UNIT (LENGTH_MEASURE( 1.000000000000000082E-05 ), #9490, 'distance_accuracy_value', 'NONE');
#3886 = PLANE ( 'NONE',  #6328 ) ;
#3887 = DIRECTION ( 'NONE',  ( -1.000000000000000000, -1.644517855226007801E-15, 1.748601263784621748E-15 ) ) ;
#3888 = ADVANCED_FACE ( 'NONE', ( #6931 ), #9972, .T. ) ;
#3889 = ORIENTED_EDGE ( 'NONE', *, *, #4255, .T. ) ;
#3890 = ORIENTED_EDGE ( 'NONE', *, *, #91, .F. ) ;
#3891 = EDGE_CURVE ( 'NONE', #4195, #9323, #5120, .T. ) ;
#3892 = ORIENTED_EDGE ( 'NONE', *, *, #10323, .T. ) ;
#3893 = CARTESIAN_POINT ( 'NONE',  ( 1.250000000000021982, -0.2499999999999889533, 1.100000000000054046 ) ) ;
#3894 = LINE ( 'NONE', #3147, #7564 ) ;
#3895 = EDGE_LOOP ( 'NONE', ( #9983, #9149, #5153, #7601 ) ) ;
#3896 = CARTESIAN_POINT ( 'NONE',  ( 11.00000000000001599, 5.200000000000025935, 3.645459231495037589 ) ) ;
#3897 = VECTOR ( 'NONE', #1764, 1000.000000000000114 ) ;
#3898 = EDGE_CURVE ( 'NONE', #10149, #8769, #4733, .T. ) ;
#3899 = ADVANCED_FACE ( 'NONE', ( #9506 ), #7992, .T. ) ;
#3900 = DIRECTION ( 'NONE',  ( 0.9927080914950846546, -0.1205431253957962856, -1.735850623357525016E-15 ) ) ;
#3901 = VERTEX_POINT ( 'NONE', #698 ) ;
#3902 = DIRECTION ( 'NONE',  ( -0.7999999999999989342, -1.315614284180806122E-15, 0.6000000000000013101 ) ) ;
#3903 = SURFACE_STYLE_USAGE ( .BOTH. , #5568 ) ;
#3904 = FACE_OUTER_BOUND ( 'NONE', #6695, .T. ) ;
#3905 = ORIENTED_EDGE ( 'NONE', *, *, #2715, .F. ) ;
#3906 = EDGE_LOOP ( 'NONE', ( #6520, #3118, #1512, #4285 ) ) ;
#3907 = FACE_OUTER_BOUND ( 'NONE', #8329, .T. ) ;
#3908 = LINE ( 'NONE', #10506, #5345 ) ;
#3909 = DIRECTION ( 'NONE',  ( 1.000000000000000000, 0.0000000000000000000, 0.0000000000000000000 ) ) ;
#3910 = VERTEX_POINT ( 'NONE', #6183 ) ;
#3911 = PRESENTATION_LAYER_ASSIGNMENT (  '', '', ( #2882 ) ) ;
#3912 = LINE ( 'NONE', #7167, #8527 ) ;
#3913 = EDGE_CURVE ( 'NONE', #5890, #4654, #3067, .T. ) ;
#3914 = VECTOR ( 'NONE', #8008, 1000.000000000000000 ) ;
#3915 = LINE ( 'NONE', #1470, #10064 ) ;
#3916 = CARTESIAN_POINT ( 'NONE',  ( 11.00000000000002487, 11.10000000000002451, 14.95000000000003659 ) ) ;
#3917 = DIRECTION ( 'NONE',  ( 1.000000000000000000, 1.644517855226007998E-15, -1.748601263784621946E-15 ) ) ;
#3918 = ORIENTED_EDGE ( 'NONE', *, *, #3093, .T. ) ;
#3919 = EDGE_CURVE ( 'NONE', #9857, #4537, #8722, .T. ) ;
#3920 = CARTESIAN_POINT ( 'NONE',  ( -0.1999999993499840256, 8.599999999630806968, 6.439999997785056607 ) ) ;
#3921 = CARTESIAN_POINT ( 'NONE',  ( 8.800000000000018474, 7.144714285714321989, 6.350000000000040501 ) ) ;
#3922 = DIRECTION ( 'NONE',  ( 1.644517855226008195E-15, -1.000000000000000000, -2.890435660536364269E-30 ) ) ;
#3923 =( NAMED_UNIT ( * ) SI_UNIT ( $, .STERADIAN. ) SOLID_ANGLE_UNIT ( ) );
#3924 = ORIENTED_EDGE ( 'NONE', *, *, #494, .F. ) ;
#3925 = CARTESIAN_POINT ( 'NONE',  ( 2.400000000000010569, 7.650000000000011902, 2.250000000000052847 ) ) ;
#3926 = LINE ( 'NONE', #10365, #7406 ) ;
#3927 = MECHANICAL_DESIGN_GEOMETRIC_PRESENTATION_REPRESENTATION (  '', ( #7512 ), #2731 ) ;
#3928 =( GEOMETRIC_REPRESENTATION_CONTEXT ( 3 ) GLOBAL_UNCERTAINTY_ASSIGNED_CONTEXT ( ( #2517 ) ) GLOBAL_UNIT_ASSIGNED_CONTEXT ( ( #2366, #5625, #7285 ) ) REPRESENTATION_CONTEXT ( 'NONE', 'WORKASPACE' ) );
#3929 = DIRECTION ( 'NONE',  ( 1.644517855226008195E-15, -1.000000000000000000, -2.890435660536364269E-30 ) ) ;
#3930 = CARTESIAN_POINT ( 'NONE',  ( 0.1000000000000202116, 10.60000000000000675, 10.35000000000005649 ) ) ;
#3931 = ORIENTED_EDGE ( 'NONE', *, *, #4303, .F. ) ;
#3932 = VECTOR ( 'NONE', #7991, 1000.000000000000114 ) ;
#3933 = DIRECTION ( 'NONE',  ( -0.7071067811865487940, -1.162849727212667278E-15, -0.7071067811865463515 ) ) ;
#3934 = DIRECTION ( 'NONE',  ( 1.644517855226007998E-15, -1.000000000000000000, -2.890435660536363919E-30 ) ) ;
#3935 = DIRECTION ( 'NONE',  ( -1.000000000000000000, -1.644517855226007801E-15, 1.748601263784621748E-15 ) ) ;
#3936 = ORIENTED_EDGE ( 'NONE', *, *, #3442, .F. ) ;
#3937 = PRESENTATION_STYLE_ASSIGNMENT (( #3881 ) ) ;
#3938 = PRESENTATION_STYLE_ASSIGNMENT (( #7949 ) ) ;
#3939 = VECTOR ( 'NONE', #10041, 1000.000000000000114 ) ;
#3940 = CIRCLE ( 'NONE', #8539, 1.299999999999999378 ) ;
#3941 = PRESENTATION_LAYER_ASSIGNMENT (  '', '', ( #3422 ) ) ;
#3942 = VECTOR ( 'NONE', #6276, 1000.000000000000000 ) ;
#3943 = DIRECTION ( 'NONE',  ( -1.000000000000000000, -1.644517855226007801E-15, 1.748601263784621748E-15 ) ) ;
#3944 = ORIENTED_EDGE ( 'NONE', *, *, #171, .F. ) ;
#3945 = FACE_OUTER_BOUND ( 'NONE', #5536, .T. ) ;
#3946 = LINE ( 'NONE', #8681, #2474 ) ;
#3947 = VERTEX_POINT ( 'NONE', #8624 ) ;
#3948 = FILL_AREA_STYLE_COLOUR ( '', #9904 ) ;
#3949 = EDGE_LOOP ( 'NONE', ( #10161, #5736, #5422, #3406 ) ) ;
#3950 = VECTOR ( 'NONE', #5307, 1000.000000000000000 ) ;
#3951 = PRESENTATION_LAYER_ASSIGNMENT (  '', '', ( #3438 ) ) ;
#3952 = ORIENTED_EDGE ( 'NONE', *, *, #7424, .F. ) ;
#3953 = EDGE_CURVE ( 'NONE', #3910, #2515, #4580, .T. ) ;
#3954 = ORIENTED_EDGE ( 'NONE', *, *, #2463, .T. ) ;
#3955 = EDGE_CURVE ( 'NONE', #967, #6396, #3877, .T. ) ;
#3956 = B_SPLINE_CURVE_WITH_KNOTS ( 'NONE', 3,
 ( #6955, #7712, #2944, #6158, #376, #3650, #8453, #581 ),
 .UNSPECIFIED., .F., .F.,
 ( 4, 1, 1, 1, 1, 4 ),
 ( 0.0000000000000000000, 0.2000000000000000111, 0.4000000000000000222, 0.5999999999999999778, 0.8000000000000000444, 1.000000000000000000 ),
 .UNSPECIFIED. ) ;
#3957 = ADVANCED_FACE ( 'NONE', ( #8821 ), #10371, .F. ) ;
#3958 = VECTOR ( 'NONE', #9624, 1000.000000000000000 ) ;
#3959 = FACE_OUTER_BOUND ( 'NONE', #1004, .T. ) ;
#3960 = ORIENTED_EDGE ( 'NONE', *, *, #10282, .T. ) ;
#3961 = VECTOR ( 'NONE', #309, 1000.000000000000000 ) ;
#3962 = DIRECTION ( 'NONE',  ( 0.2425356250363110422, -0.9701425001453373165, -4.240981004512866908E-16 ) ) ;
#3963 =( NAMED_UNIT ( * ) SI_UNIT ( $, .STERADIAN. ) SOLID_ANGLE_UNIT ( ) );
#3964 = ORIENTED_EDGE ( 'NONE', *, *, #1771, .F. ) ;
#3965 = VERTEX_POINT ( 'NONE', #6236 ) ;
#3966 =( LENGTH_UNIT ( ) NAMED_UNIT ( * ) SI_UNIT ( .MILLI., .METRE. ) );
#3967 = MECHANICAL_DESIGN_GEOMETRIC_PRESENTATION_REPRESENTATION (  '', ( #6182 ), #6693 ) ;
#3968 = CARTESIAN_POINT ( 'NONE',  ( 0.7400000000000270806, 7.597309794603359201, 11.35000000000005471 ) ) ;
#3969 = PLANE ( 'NONE',  #593 ) ;
#3970 = ORIENTED_EDGE ( 'NONE', *, *, #2725, .T. ) ;
#3971 = AXIS2_PLACEMENT_3D ( 'NONE', #4359, #2796, #4304 ) ;
#3972 = EDGE_CURVE ( 'NONE', #8769, #1780, #6980, .T. ) ;
#3973 = LINE ( 'NONE', #8964, #1610 ) ;
#3974 = DIRECTION ( 'NONE',  ( 1.748601263784621748E-15, -1.482966057179082451E-32, 1.000000000000000000 ) ) ;
#3975 = EDGE_CURVE ( 'NONE', #5243, #96, #2126, .T. ) ;
#3976 = EDGE_CURVE ( 'NONE', #3742, #7586, #2913, .T. ) ;
#3977 = VECTOR ( 'NONE', #10117, 1000.000000000000000 ) ;
#3978 = MECHANICAL_DESIGN_GEOMETRIC_PRESENTATION_REPRESENTATION (  '', ( #7212 ), #10270 ) ;
#3979 = CARTESIAN_POINT ( 'NONE',  ( 1.400000000000025446, 8.958578961035836841, 11.34760735569726187 ) ) ;
#3980 = CARTESIAN_POINT ( 'NONE',  ( 1.300000000000006040, 5.400000000000011013, -2.549999999999945643 ) ) ;
#3981 = SURFACE_SIDE_STYLE ('',( #6222 ) ) ;
#3982 = VERTEX_POINT ( 'NONE', #7038 ) ;
#3983 = ORIENTED_EDGE ( 'NONE', *, *, #10156, .T. ) ;
#3984 = DIRECTION ( 'NONE',  ( 1.748601263784621946E-15, 0.0000000000000000000, 1.000000000000000000 ) ) ;
#3985 = CARTESIAN_POINT ( 'NONE',  ( 1.250000000000020206, -0.2499999999999889533, 0.6000000000000544897 ) ) ;
#3986 = DIRECTION ( 'NONE',  ( 1.000000000000000000, 1.644517855226007801E-15, -1.748601263784621748E-15 ) ) ;
#3987 = VERTEX_POINT ( 'NONE', #10277 ) ;
#3988 = CARTESIAN_POINT ( 'NONE',  ( -0.9999999999999817923, 3.750000000000006217, 2.650000000000057643 ) ) ;
#3989 = DIRECTION ( 'NONE',  ( 2.019514764053892180E-15, -0.9701425001453377606, 0.2425356250363094601 ) ) ;
#3990 = EDGE_CURVE ( 'NONE', #577, #7596, #9569, .T. ) ;
#3991 =( GEOMETRIC_REPRESENTATION_CONTEXT ( 3 ) GLOBAL_UNCERTAINTY_ASSIGNED_CONTEXT ( ( #5388 ) ) GLOBAL_UNIT_ASSIGNED_CONTEXT ( ( #8568, #1432, #2278 ) ) REPRESENTATION_CONTEXT ( 'NONE', 'WORKASPACE' ) );
#3992 = VECTOR ( 'NONE', #6157, 1000.000000000000000 ) ;
#3993 = ORIENTED_EDGE ( 'NONE', *, *, #7030, .F. ) ;
#3994 = AXIS2_PLACEMENT_3D ( 'NONE', #747, #5003, #3989 ) ;
#3995 = DIRECTION ( 'NONE',  ( -1.000000000000000000, 1.134242272754066274E-14, 1.668003342285391649E-15 ) ) ;
#3996 = CARTESIAN_POINT ( 'NONE',  ( 0.7500000000000215383, -0.2499999999999906741, 1.100000000000054934 ) ) ;
#3997 = VERTEX_POINT ( 'NONE', #5543 ) ;
#3998 = CARTESIAN_POINT ( 'NONE',  ( 9.800000000000006040, 7.894714285714324653, 0.6000000000000388356 ) ) ;
#3999 = DIRECTION ( 'NONE',  ( -7.280287483979462752E-14, -1.168500215858619925E-28, -1.000000000000000000 ) ) ;
#4000 = LINE ( 'NONE', #812, #5433 ) ;
#4001 = DIRECTION ( 'NONE',  ( -1.644517855226007998E-15, 1.000000000000000000, 2.890435660536363919E-30 ) ) ;
#4002 = VERTEX_POINT ( 'NONE', #2496 ) ;
#4003 = CARTESIAN_POINT ( 'NONE',  ( 0.1000000000000236811, 7.100000000000008527, 8.850000000000056488 ) ) ;
#4004 = COLOUR_RGB ( '',1.000000000000000000, 1.000000000000000000, 1.000000000000000000 ) ;
#4005 = CARTESIAN_POINT ( 'NONE',  ( -0.5999999999999737765, 7.650000000000006573, 10.85000000000005826 ) ) ;
#4006 = COLOUR_RGB ( '',1.000000000000000000, 1.000000000000000000, 1.000000000000000000 ) ;
#4007 = EDGE_CURVE ( 'NONE', #6180, #165, #10026, .T. ) ;
#4008 = AXIS2_PLACEMENT_3D ( 'NONE', #7249, #8107, #651 ) ;
#4009 = AXIS2_PLACEMENT_3D ( 'NONE', #1811, #2691, #2648 ) ;
#4010 = CIRCLE ( 'NONE', #6898, 1.399999999999999911 ) ;
#4011 = VECTOR ( 'NONE', #5239, 1000.000000000000000 ) ;
#4012 = ORIENTED_EDGE ( 'NONE', *, *, #3297, .T. ) ;
#4013 = UNCERTAINTY_MEASURE_WITH_UNIT (LENGTH_MEASURE( 1.000000000000000082E-05 ), #10005, 'distance_accuracy_value', 'NONE');
#4014 = PLANE ( 'NONE',  #5837 ) ;
#4015 = PRESENTATION_STYLE_ASSIGNMENT (( #768 ) ) ;
#4016 = EDGE_LOOP ( 'NONE', ( #4152, #2881, #1174, #1409, #5405 ) ) ;
#4017 = CARTESIAN_POINT ( 'NONE',  ( 1.500000000000020428, 6.480000000000010196, 6.350000000000053824 ) ) ;
#4018 = EDGE_LOOP ( 'NONE', ( #4258, #4458, #7964, #2679 ) ) ;
#4019 = ORIENTED_EDGE ( 'NONE', *, *, #8090, .F. ) ;
#4020 = CARTESIAN_POINT ( 'NONE',  ( 11.00000000000002487, 5.200000000000025935, 8.645459231495035368 ) ) ;
#4021 =( NAMED_UNIT ( * ) SI_UNIT ( $, .STERADIAN. ) SOLID_ANGLE_UNIT ( ) );
#4022 = EDGE_CURVE ( 'NONE', #10142, #1438, #3177, .T. ) ;
#4023 = LINE ( 'NONE', #2935, #7421 ) ;
#4024 = ORIENTED_EDGE ( 'NONE', *, *, #5779, .F. ) ;
#4025 = PLANE ( 'NONE',  #1626 ) ;
#4026 = CIRCLE ( 'NONE', #5373, 1.300000000000000266 ) ;
#4027 = CARTESIAN_POINT ( 'NONE',  ( 1.500000000000015099, 4.200000000000010836, 1.350000000000053380 ) ) ;
#4028 = CARTESIAN_POINT ( 'NONE',  ( 0.1000000000000150074, 5.400000000000009237, 2.850000000000056488 ) ) ;
#4029 = ORIENTED_EDGE ( 'NONE', *, *, #1253, .F. ) ;
#4030 = ORIENTED_EDGE ( 'NONE', *, *, #6459, .F. ) ;
#4031 = DIRECTION ( 'NONE',  ( 0.2425356250363079058, 0.9701425001453382047, -4.240981004512811688E-16 ) ) ;
#4032 = CARTESIAN_POINT ( 'NONE',  ( -0.5999999999999789946, 4.200000000000007283, 4.050000000000059330 ) ) ;
#4033 = VERTEX_POINT ( 'NONE', #1763 ) ;
#4034 = PLANE ( 'NONE',  #2407 ) ;
#4035 = ADVANCED_FACE ( 'NONE', ( #2382 ), #9844, .T. ) ;
#4036 = LINE ( 'NONE', #9934, #3133 ) ;
#4037 = CARTESIAN_POINT ( 'NONE',  ( 1.400000000000024558, 9.600000000000010303, 11.35000000000005294 ) ) ;
#4038 = ADVANCED_FACE ( 'NONE', ( #7468 ), #1599, .T. ) ;
#4039 = ORIENTED_EDGE ( 'NONE', *, *, #1888, .T. ) ;
#4040 = ORIENTED_EDGE ( 'NONE', *, *, #9906, .F. ) ;
#4041 = DIRECTION ( 'NONE',  ( 1.644517855226008195E-15, -1.000000000000000000, -2.890435660536364269E-30 ) ) ;
#4042 = DIRECTION ( 'NONE',  ( -1.000000000000000000, -1.644517855226007801E-15, 1.748601263784621748E-15 ) ) ;
#4043 = DIRECTION ( 'NONE',  ( 1.748601263784621946E-15, 0.0000000000000000000, 1.000000000000000000 ) ) ;
#4044 = EDGE_CURVE ( 'NONE', #7596, #9611, #3345, .T. ) ;
#4045 = ORIENTED_EDGE ( 'NONE', *, *, #469, .T. ) ;
#4046 =( NAMED_UNIT ( * ) PLANE_ANGLE_UNIT ( ) SI_UNIT ( $, .RADIAN. ) );
#4047 = EDGE_CURVE ( 'NONE', #3031, #10185, #80, .T. ) ;
#4048 =( LENGTH_UNIT ( ) NAMED_UNIT ( * ) SI_UNIT ( .MILLI., .METRE. ) );
#4049 = EDGE_CURVE ( 'NONE', #7970, #10199, #8049, .T. ) ;
#4050 = SURFACE_STYLE_USAGE ( .BOTH. , #6487 ) ;
#4051 = LINE ( 'NONE', #908, #2447 ) ;
#4052 = ORIENTED_EDGE ( 'NONE', *, *, #898, .F. ) ;
#4053 = CARTESIAN_POINT ( 'NONE',  ( 1.500000000000008216, 8.109625349781611092, 0.3600000000000547207 ) ) ;
#4054 = PLANE ( 'NONE',  #2370 ) ;
#4055 = LINE ( 'NONE', #7132, #7750 ) ;
#4056 = ORIENTED_EDGE ( 'NONE', *, *, #3231, .T. ) ;
#4057 = CARTESIAN_POINT ( 'NONE',  ( 2.400000000000016787, 7.650000000000011902, 5.850000000000052047 ) ) ;
#4058 = DIRECTION ( 'NONE',  ( -1.748601263784621946E-15, 0.0000000000000000000, -1.000000000000000000 ) ) ;
#4059 = ADVANCED_FACE ( 'NONE', ( #9294 ), #1860, .T. ) ;
#4060 = FILL_AREA_STYLE_COLOUR ( '', #586 ) ;
#4061 = CARTESIAN_POINT ( 'NONE',  ( 1.327602303228009317, 8.199999999929909578, 2.176803028823052877 ) ) ;
#4062 = DIRECTION ( 'NONE',  ( 1.000000000000000000, 1.644517855226007998E-15, -1.748601263784621946E-15 ) ) ;
#4063 = ORIENTED_EDGE ( 'NONE', *, *, #9489, .T. ) ;
#4064 = FILL_AREA_STYLE_COLOUR ( '', #4990 ) ;
#4065 = ORIENTED_EDGE ( 'NONE', *, *, #5397, .T. ) ;
#4066 = EDGE_CURVE ( 'NONE', #5660, #3198, #342, .T. ) ;
#4067 = ORIENTED_EDGE ( 'NONE', *, *, #6298, .F. ) ;
#4068 = CARTESIAN_POINT ( 'NONE',  ( 10.99999999999999289, 11.75000000000002487, -3.249999999999963141 ) ) ;
#4069 = LINE ( 'NONE', #4913, #5703 ) ;
#4070 = DIRECTION ( 'NONE',  ( 1.748601263784621946E-15, 0.0000000000000000000, 1.000000000000000000 ) ) ;
#4071 =( NAMED_UNIT ( * ) SI_UNIT ( $, .STERADIAN. ) SOLID_ANGLE_UNIT ( ) );
#4072 = ORIENTED_EDGE ( 'NONE', *, *, #7950, .T. ) ;
#4073 = DIRECTION ( 'NONE',  ( -1.644517855226008195E-15, 1.000000000000000000, 2.890435660536364269E-30 ) ) ;
#4074 = LINE ( 'NONE', #7323, #1555 ) ;
#4075 = LINE ( 'NONE', #943, #3651 ) ;
#4076 = VERTEX_POINT ( 'NONE', #10114 ) ;
#4077 = VERTEX_POINT ( 'NONE', #9185 ) ;
#4078 = DIRECTION ( 'NONE',  ( -0.3162277660168096305, -5.200422075328728817E-16, -0.9486832980505232049 ) ) ;
#4079 = ORIENTED_EDGE ( 'NONE', *, *, #4667, .T. ) ;
#4080 = FACE_OUTER_BOUND ( 'NONE', #8365, .T. ) ;
#4081 =( NAMED_UNIT ( * ) SI_UNIT ( $, .STERADIAN. ) SOLID_ANGLE_UNIT ( ) );
#4082 = CARTESIAN_POINT ( 'NONE',  ( 10.99999999999998757, 11.75000000000002487, -6.649999999999962164 ) ) ;
#4083 = DIRECTION ( 'NONE',  ( 0.9486832980505243151, 1.560126622598782728E-15, 0.3162277660168062443 ) ) ;
#4084 = CARTESIAN_POINT ( 'NONE',  ( 1.500000000000013545, 0.7500000000000111022, -3.649999999999946620 ) ) ;
#4085 = ORIENTED_EDGE ( 'NONE', *, *, #7046, .F. ) ;
#4086 = ORIENTED_EDGE ( 'NONE', *, *, #8277, .F. ) ;
#4087 = VECTOR ( 'NONE', #5271, 1000.000000000000000 ) ;
#4088 = CARTESIAN_POINT ( 'NONE',  ( 1.400000000000022782, 10.60000000000000853, 11.35000000000005294 ) ) ;
#4089 = DIRECTION ( 'NONE',  ( 1.644517855226008195E-15, -1.000000000000000000, -2.890435660536364269E-30 ) ) ;
#4090 = DIRECTION ( 'NONE',  ( -0.7071067811864962804, -1.162849727212584842E-15, 0.7071067811865986430 ) ) ;
#4091 = ORIENTED_EDGE ( 'NONE', *, *, #4877, .T. ) ;
#4092 = PLANE ( 'NONE',  #7366 ) ;
#4093 = EDGE_CURVE ( 'NONE', #4652, #6532, #2658, .T. ) ;
#4094 = ADVANCED_FACE ( 'NONE', ( #9245 ), #7724, .F. ) ;
#4095 = AXIS2_PLACEMENT_3D ( 'NONE', #835, #3321, #6629 ) ;
#4096 = EDGE_CURVE ( 'NONE', #6119, #3275, #3662, .T. ) ;
#4097 = SURFACE_STYLE_FILL_AREA ( #1758 ) ;
#4098 = LINE ( 'NONE', #1759, #10275 ) ;
#4099 = LINE ( 'NONE', #3998, #9529 ) ;
#4100 = CARTESIAN_POINT ( 'NONE',  ( 1.398548747334025677, 8.959230384045008933, 11.35000000000005294 ) ) ;
#4101 = FACE_OUTER_BOUND ( 'NONE', #554, .T. ) ;
#4102 = DIRECTION ( 'NONE',  ( 1.748601263784621748E-15, -1.482966057179082451E-32, 1.000000000000000000 ) ) ;
#4103 = MECHANICAL_DESIGN_GEOMETRIC_PRESENTATION_REPRESENTATION (  '', ( #2728 ), #3059 ) ;
#4104 = ORIENTED_EDGE ( 'NONE', *, *, #3703, .T. ) ;
#4105 = LINE ( 'NONE', #1708, #1042 ) ;
#4106 = ADVANCED_FACE ( 'NONE', ( #2008 ), #1211, .T. ) ;
#4107 = VECTOR ( 'NONE', #2083, 1000.000000000000000 ) ;
#4108 = EDGE_CURVE ( 'NONE', #8959, #14, #6919, .T. ) ;
#4109 = VECTOR ( 'NONE', #1616, 1000.000000000000000 ) ;
#4110 = LINE ( 'NONE', #818, #5526 ) ;
#4111 = LINE ( 'NONE', #7368, #6872 ) ;
#4112 = ORIENTED_EDGE ( 'NONE', *, *, #2722, .F. ) ;
#4113 = UNCERTAINTY_MEASURE_WITH_UNIT (LENGTH_MEASURE( 1.000000000000000082E-05 ), #387, 'distance_accuracy_value', 'NONE');
#4114 = VECTOR ( 'NONE', #9543, 1000.000000000000000 ) ;
#4115 =( NAMED_UNIT ( * ) PLANE_ANGLE_UNIT ( ) SI_UNIT ( $, .RADIAN. ) );
#4116 = LINE ( 'NONE', #3186, #9606 ) ;
#4117 = ORIENTED_EDGE ( 'NONE', *, *, #2906, .F. ) ;
#4118 =( NAMED_UNIT ( * ) PLANE_ANGLE_UNIT ( ) SI_UNIT ( $, .RADIAN. ) );
#4119 = VERTEX_POINT ( 'NONE', #1064 ) ;
#4120 = VERTEX_POINT ( 'NONE', #1014 ) ;
#4121 = CARTESIAN_POINT ( 'NONE',  ( 0.7500000000000006661, 7.611199771552088933, -3.659999999999944631 ) ) ;
#4122 = PLANE ( 'NONE',  #102 ) ;
#4123 = VECTOR ( 'NONE', #5651, 1000.000000000000000 ) ;
#4124 = STYLED_ITEM ( 'NONE', ( #8558 ), #3386 ) ;
#4125 = DIRECTION ( 'NONE',  ( 0.2425356250363111532, 3.988541659006108938E-16, 0.9701425001453373165 ) ) ;
#4126 = EDGE_CURVE ( 'NONE', #1222, #8019, #2513, .T. ) ;
#4127 = VECTOR ( 'NONE', #5587, 1000.000000000000000 ) ;
#4128 = PLANE ( 'NONE',  #6900 ) ;
#4129 = VECTOR ( 'NONE', #9036, 1000.000000000000000 ) ;
#4130 = ORIENTED_EDGE ( 'NONE', *, *, #8966, .T. ) ;
#4131 = STYLED_ITEM ( 'NONE', ( #4224 ), #3752 ) ;
#4132 = DIRECTION ( 'NONE',  ( -0.8000000000000010436, -1.315614284180806122E-15, -0.5999999999999984235 ) ) ;
#4133 = CARTESIAN_POINT ( 'NONE',  ( 11.00000000000001421, 7.650000000000026112, 5.350000000000037836 ) ) ;
#4134 = ORIENTED_EDGE ( 'NONE', *, *, #855, .T. ) ;
#4135 = ORIENTED_EDGE ( 'NONE', *, *, #1698, .T. ) ;
#4136 = DIRECTION ( 'NONE',  ( 0.8411784753765673139, -0.5407575913134772261, -1.470885745111887003E-15 ) ) ;
#4137 = AXIS2_PLACEMENT_3D ( 'NONE', #3385, #5103, #6759 ) ;
#4138 = CARTESIAN_POINT ( 'NONE',  ( 3.950000000000025491, 7.144714285714313995, 10.35000000000004938 ) ) ;
#4139 = LINE ( 'NONE', #2526, #10103 ) ;
#4140 = VERTEX_POINT ( 'NONE', #5219 ) ;
#4141 = MECHANICAL_DESIGN_GEOMETRIC_PRESENTATION_REPRESENTATION (  '', ( #10081 ), #2919 ) ;
#4142 = VECTOR ( 'NONE', #6336, 1000.000000000000000 ) ;
#4143 = AXIS2_PLACEMENT_3D ( 'NONE', #5126, #6826, #10179 ) ;
#4144 = DIRECTION ( 'NONE',  ( 1.000000000000000000, 1.644517855226007998E-15, -1.748601263784621946E-15 ) ) ;
#4145 = FACE_OUTER_BOUND ( 'NONE', #7676, .T. ) ;
#4146 = FILL_AREA_STYLE_COLOUR ( '', #1620 ) ;
#4147 = ORIENTED_EDGE ( 'NONE', *, *, #663, .F. ) ;
#4148 = VERTEX_POINT ( 'NONE', #10059 ) ;
#4149 =( GEOMETRIC_REPRESENTATION_CONTEXT ( 3 ) GLOBAL_UNCERTAINTY_ASSIGNED_CONTEXT ( ( #2749 ) ) GLOBAL_UNIT_ASSIGNED_CONTEXT ( ( #6172, #7178, #2210 ) ) REPRESENTATION_CONTEXT ( 'NONE', 'WORKASPACE' ) );
#4150 = DIRECTION ( 'NONE',  ( 1.644517855226007998E-15, -1.000000000000000000, -2.890435660536363919E-30 ) ) ;
#4151 = DIRECTION ( 'NONE',  ( 1.644517855226007998E-15, -1.000000000000000000, -2.890435660536363919E-30 ) ) ;
#4152 = ORIENTED_EDGE ( 'NONE', *, *, #6248, .F. ) ;
#4153 = B_SPLINE_CURVE_WITH_KNOTS ( 'NONE', 3,
 ( #8806, #1516, #589, #8704 ),
 .UNSPECIFIED., .F., .F.,
 ( 4, 4 ),
 ( 0.0000000000000000000, 1.000000000000000000 ),
 .UNSPECIFIED. ) ;
#4154 = DIRECTION ( 'NONE',  ( 1.000000000000000000, 1.644517855226007998E-15, -1.748601263784621946E-15 ) ) ;
#4155 = AXIS2_PLACEMENT_3D ( 'NONE', #6340, #8777, #8629 ) ;
#4156 = VERTEX_POINT ( 'NONE', #292 ) ;
#4157 = CARTESIAN_POINT ( 'NONE',  ( 10.99999999999999822, 7.650000000000026112, -4.614999999999962021 ) ) ;
#4158 = EDGE_CURVE ( 'NONE', #265, #5660, #2754, .T. ) ;
#4159 = LINE ( 'NONE', #5590, #7407 ) ;
#4160 = EDGE_LOOP ( 'NONE', ( #9484, #83, #4339, #9163 ) ) ;
#4161 = CARTESIAN_POINT ( 'NONE',  ( 1.300000000000032019, 5.400000000000011013, 12.45000000000005436 ) ) ;
#4162 = ADVANCED_FACE ( 'NONE', ( #3505 ), #10008, .T. ) ;
#4163 = CARTESIAN_POINT ( 'NONE',  ( 1.800000000000010036, 8.144714285714311330, 1.350000000000053380 ) ) ;
#4164 = CARTESIAN_POINT ( 'NONE',  ( 11.00000000000000000, 11.75000000000002487, -0.04999999999996153355 ) ) ;
#4165 = DIRECTION ( 'NONE',  ( -1.000000000000000000, -1.644517855226007998E-15, 1.748601263784621946E-15 ) ) ;
#4166 = VECTOR ( 'NONE', #5477, 1000.000000000000000 ) ;
#4167 = ORIENTED_EDGE ( 'NONE', *, *, #7243, .T. ) ;
#4168 = FACE_OUTER_BOUND ( 'NONE', #8078, .T. ) ;
#4169 = LINE ( 'NONE', #8054, #8849 ) ;
#4170 = VECTOR ( 'NONE', #1312, 999.9999999999998863 ) ;
#4171 = PRESENTATION_LAYER_ASSIGNMENT (  '', '', ( #8740 ) ) ;
#4172 = CARTESIAN_POINT ( 'NONE',  ( 8.800000000000000711, 7.144714285714321989, -3.649999999999959499 ) ) ;
#4173 = CARTESIAN_POINT ( 'NONE',  ( 3.950000000000017053, 8.144714285714314883, 6.350000000000049383 ) ) ;
#4174 = ORIENTED_EDGE ( 'NONE', *, *, #8716, .T. ) ;
#4175 = VECTOR ( 'NONE', #7511, 1000.000000000000000 ) ;
#4176 = EDGE_CURVE ( 'NONE', #163, #2178, #7123, .T. ) ;
#4177 = CARTESIAN_POINT ( 'NONE',  ( 2.399999999999997691, 9.600000000000012079, -3.649999999999948397 ) ) ;
#4178 = EDGE_LOOP ( 'NONE', ( #2399, #7610, #6186, #6096 ) ) ;
#4179 = FACE_OUTER_BOUND ( 'NONE', #3503, .T. ) ;
#4180 = ORIENTED_EDGE ( 'NONE', *, *, #1511, .F. ) ;
#4181 = ORIENTED_EDGE ( 'NONE', *, *, #898, .T. ) ;
#4182 = CARTESIAN_POINT ( 'NONE',  ( 2.399999999999999467, 7.650000000000011902, -4.149999999999947953 ) ) ;
#4183 = DIRECTION ( 'NONE',  ( -1.734723475976808672E-15, 1.000000000000000000, 0.0000000000000000000 ) ) ;
#4184 = EDGE_CURVE ( 'NONE', #6798, #8469, #7934, .T. ) ;
#4185 = EDGE_CURVE ( 'NONE', #6037, #1404, #8709, .T. ) ;
#4186 =( GEOMETRIC_REPRESENTATION_CONTEXT ( 3 ) GLOBAL_UNCERTAINTY_ASSIGNED_CONTEXT ( ( #6575 ) ) GLOBAL_UNIT_ASSIGNED_CONTEXT ( ( #6097, #3631, #6894 ) ) REPRESENTATION_CONTEXT ( 'NONE', 'WORKASPACE' ) );
#4187 = PRESENTATION_LAYER_ASSIGNMENT (  '', '', ( #9597 ) ) ;
#4188 = MECHANICAL_DESIGN_GEOMETRIC_PRESENTATION_REPRESENTATION (  '', ( #5886 ), #8421 ) ;
#4189 = FACE_OUTER_BOUND ( 'NONE', #3827, .T. ) ;
#4190 = CARTESIAN_POINT ( 'NONE',  ( 2.400000000000016787, 5.400000000000012790, 2.971320343560052368 ) ) ;
#4191 = DIRECTION ( 'NONE',  ( -1.000000000000000000, -1.644517855226007998E-15, 1.748601263784621748E-15 ) ) ;
#4192 = EDGE_CURVE ( 'NONE', #9976, #7007, #5833, .T. ) ;
#4193 = ORIENTED_EDGE ( 'NONE', *, *, #5468, .F. ) ;
#4194 = CARTESIAN_POINT ( 'NONE',  ( 0.2019880736300189161, 8.200000000000008171, 7.771907005528055912 ) ) ;
#4195 = VERTEX_POINT ( 'NONE', #1476 ) ;
#4196 = CARTESIAN_POINT ( 'NONE',  ( 9.799999999999997158, 7.894714285714324653, -4.399999999999961275 ) ) ;
#4197 = STYLED_ITEM ( 'NONE', ( #1838 ), #6816 ) ;
#4198 = ORIENTED_EDGE ( 'NONE', *, *, #7951, .F. ) ;
#4199 = PLANE ( 'NONE',  #8248 ) ;
#4200 = CARTESIAN_POINT ( 'NONE',  ( 0.1000000000000080685, 7.649999999998868816, 0.8499999999980563103 ) ) ;
#4201 = DIRECTION ( 'NONE',  ( 0.9838699100999038771, 1.617991634378899823E-15, -0.1788854382000027443 ) ) ;
#4202 = CARTESIAN_POINT ( 'NONE',  ( -0.1999999927999682736, 4.200000000000007283, 11.43999999460005590 ) ) ;
#4203 = EDGE_CURVE ( 'NONE', #5927, #2986, #538, .T. ) ;
#4204 = LINE ( 'NONE', #4300, #5301 ) ;
#4205 = LINE ( 'NONE', #845, #1876 ) ;
#4206 = LINE ( 'NONE', #5800, #8555 ) ;
#4207 = VERTEX_POINT ( 'NONE', #3760 ) ;
#4208 = CARTESIAN_POINT ( 'NONE',  ( 0.09999999999999419076, 8.199999999999308287, -6.124841765812941929 ) ) ;
#4209 = ADVANCED_BREP_SHAPE_REPRESENTATION ( 'CUI_DEVICES_TBP04R1-500-04BE', ( #1525, #7875 ), #5480 ) ;
#4210 = EDGE_LOOP ( 'NONE', ( #2618, #5075, #10351, #2122, #8491 ) ) ;
#4211 = CARTESIAN_POINT ( 'NONE',  ( -0.9999999999999940048, 10.75000000000000533, 2.650000000000057643 ) ) ;
#4212 = CARTESIAN_POINT ( 'NONE',  ( 1.300000000000023359, 5.400000000000011013, 7.450000000000054357 ) ) ;
#4213 = ORIENTED_EDGE ( 'NONE', *, *, #4308, .F. ) ;
#4214 = CARTESIAN_POINT ( 'NONE',  ( 2.500000000000017764, 3.750000000000012434, 2.650000000000051426 ) ) ;
#4215 = DIRECTION ( 'NONE',  ( 1.000000000000000000, 1.644517855226007801E-15, -1.748601263784621748E-15 ) ) ;
#4216 = DIRECTION ( 'NONE',  ( -2.168404344971010446E-15, 0.3928571428571054347, -0.9195995135417112110 ) ) ;
#4217 = CARTESIAN_POINT ( 'NONE',  ( 11.00000000000001421, 5.200000000000025935, 3.054540768505037196 ) ) ;
#4218 = ORIENTED_EDGE ( 'NONE', *, *, #10308, .T. ) ;
#4219 = CARTESIAN_POINT ( 'NONE',  ( 0.2000000000000230760, 8.400000000000007461, 10.85000000000005649 ) ) ;
#4220 = ADVANCED_FACE ( 'NONE', ( #4725 ), #2958, .T. ) ;
#4221 =( LENGTH_UNIT ( ) NAMED_UNIT ( * ) SI_UNIT ( .MILLI., .METRE. ) );
#4222 = DIRECTION ( 'NONE',  ( 0.9984603535126309604, 1.641985879086793353E-15, 0.05547001409258993376 ) ) ;
#4223 = EDGE_LOOP ( 'NONE', ( #2324, #9632, #893, #9440 ) ) ;
#4224 = PRESENTATION_STYLE_ASSIGNMENT (( #3185 ) ) ;
#4225 = DIRECTION ( 'NONE',  ( 0.9701425001453382047, 1.595416663602607856E-15, 0.2425356250363077670 ) ) ;
#4226 = ORIENTED_EDGE ( 'NONE', *, *, #7986, .F. ) ;
#4227 = CARTESIAN_POINT ( 'NONE',  ( -0.1999999927999682736, 4.200000000000007283, 11.43999999460005590 ) ) ;
#4228 = ORIENTED_EDGE ( 'NONE', *, *, #2853, .T. ) ;
#4229 = ORIENTED_EDGE ( 'NONE', *, *, #4516, .F. ) ;
#4230 = DIRECTION ( 'NONE',  ( -1.000000000000000000, 1.134242272754066274E-14, 2.001604010742470058E-15 ) ) ;
#4231 = EDGE_CURVE ( 'NONE', #5213, #3179, #4570, .T. ) ;
#4232 = DIRECTION ( 'NONE',  ( -1.000000000000000000, -1.644517855226007998E-15, 1.748601263784621946E-15 ) ) ;
#4233 = EDGE_CURVE ( 'NONE', #1228, #4436, #6226, .T. ) ;
#4234 = EDGE_CURVE ( 'NONE', #5919, #1365, #9452, .T. ) ;
#4235 = SURFACE_STYLE_USAGE ( .BOTH. , #7272 ) ;
#4236 = EDGE_CURVE ( 'NONE', #5444, #7647, #2609, .T. ) ;
#4237 = PRESENTATION_STYLE_ASSIGNMENT (( #1837 ) ) ;
#4238 = VERTEX_POINT ( 'NONE', #491 ) ;
#4239 = DIRECTION ( 'NONE',  ( -1.644517855226007998E-15, 1.000000000000000000, 2.890435660536363919E-30 ) ) ;
#4240 = ORIENTED_EDGE ( 'NONE', *, *, #8006, .T. ) ;
#4241 = LINE ( 'NONE', #6469, #6472 ) ;
#4242 = LINE ( 'NONE', #6632, #5697 ) ;
#4243 = ORIENTED_EDGE ( 'NONE', *, *, #3513, .F. ) ;
#4244 = EDGE_CURVE ( 'NONE', #8566, #165, #5367, .T. ) ;
#4245 = ADVANCED_FACE ( 'NONE', ( #3055 ), #4617, .F. ) ;
#4246 = CARTESIAN_POINT ( 'NONE',  ( 0.7000000000000252687, 8.200000000000009948, 11.39000000000005386 ) ) ;
#4247 = PLANE ( 'NONE',  #40 ) ;
#4248 = ORIENTED_EDGE ( 'NONE', *, *, #3860, .F. ) ;
#4249 = DIRECTION ( 'NONE',  ( 1.000000000000000000, 1.644517855226007998E-15, -1.748601263784621946E-15 ) ) ;
#4250 = ORIENTED_EDGE ( 'NONE', *, *, #5481, .T. ) ;
#4251 = LINE ( 'NONE', #2591, #142 ) ;
#4252 = CARTESIAN_POINT ( 'NONE',  ( -0.5999999999999668931, 4.200000000000007283, 11.74000000000005528 ) ) ;
#4253 = SURFACE_STYLE_USAGE ( .BOTH. , #7245 ) ;
#4254 = ADVANCED_FACE ( 'NONE', ( #2268 ), #5528, .F. ) ;
#4255 = EDGE_CURVE ( 'NONE', #6740, #9219, #180, .T. ) ;
#4256 = ORIENTED_EDGE ( 'NONE', *, *, #25, .F. ) ;
#4257 = PLANE ( 'NONE',  #1633 ) ;
#4258 = ORIENTED_EDGE ( 'NONE', *, *, #9280, .F. ) ;
#4259 = CARTESIAN_POINT ( 'NONE',  ( 2.400000000000025224, 7.100000000000012079, 9.450000000000052580 ) ) ;
#4260 = DIRECTION ( 'NONE',  ( -1.748601263784621748E-15, 1.482966057179082451E-32, -1.000000000000000000 ) ) ;
#4261 = PLANE ( 'NONE',  #1056 ) ;
#4262 = CARTESIAN_POINT ( 'NONE',  ( 1.499999999999999556, 8.200000000000009948, -3.659999999999946407 ) ) ;
#4263 = VERTEX_POINT ( 'NONE', #6431 ) ;
#4264 =( LENGTH_UNIT ( ) NAMED_UNIT ( * ) SI_UNIT ( .MILLI., .METRE. ) );
#4265 = AXIS2_PLACEMENT_3D ( 'NONE', #6592, #5056, #1747 ) ;
#4266 = DIRECTION ( 'NONE',  ( 1.644517855226007998E-15, -1.000000000000000000, -2.890435660536363919E-30 ) ) ;
#4267 = ORIENTED_EDGE ( 'NONE', *, *, #6950, .T. ) ;
#4268 = VECTOR ( 'NONE', #2727, 1000.000000000000000 ) ;
#4269 = CARTESIAN_POINT ( 'NONE',  ( 2.400000000000023448, 5.400000000000012790, 7.250000000000051514 ) ) ;
#4270 = DIRECTION ( 'NONE',  ( -2.022962590123419228E-15, 0.9697997732720541331, -0.2439024390232136796 ) ) ;
#4271 = ORIENTED_EDGE ( 'NONE', *, *, #7535, .F. ) ;
#4272 = CARTESIAN_POINT ( 'NONE',  ( 2.500000000000009326, 3.750000000000012434, -2.349999999999948574 ) ) ;
#4273 = ORIENTED_EDGE ( 'NONE', *, *, #4749, .T. ) ;
#4274 = ORIENTED_EDGE ( 'NONE', *, *, #10163, .T. ) ;
#4275 = DIRECTION ( 'NONE',  ( -0.7427813513546573931, 0.3713906757630266453, -0.5570860167299404031 ) ) ;
#4276 = PLANE ( 'NONE',  #5004 ) ;
#4277 = AXIS2_PLACEMENT_3D ( 'NONE', #6751, #9167, #6905 ) ;
#4278 = CARTESIAN_POINT ( 'NONE',  ( 1.053312813816205118, 9.143302832419356818, 6.349794681610418934 ) ) ;
#4279 = ORIENTED_EDGE ( 'NONE', *, *, #5807, .F. ) ;
#4280 = DIRECTION ( 'NONE',  ( 0.1205431253957962856, 0.9927080914950846546, -2.107818614076375132E-16 ) ) ;
#4281 = DIRECTION ( 'NONE',  ( -1.644517855226007998E-15, 1.000000000000000000, 2.890435660536363919E-30 ) ) ;
#4282 = ORIENTED_EDGE ( 'NONE', *, *, #1102, .T. ) ;
#4283 = VECTOR ( 'NONE', #1224, 1000.000000000000000 ) ;
#4284 = VECTOR ( 'NONE', #9363, 1000.000000000000000 ) ;
#4285 = ORIENTED_EDGE ( 'NONE', *, *, #172, .F. ) ;
#4286 = CARTESIAN_POINT ( 'NONE',  ( 0.09999999999999766020, 9.638089535207008396, -3.649999999999943956 ) ) ;
#4287 = EDGE_CURVE ( 'NONE', #2429, #4404, #3211, .T. ) ;
#4288 = LINE ( 'NONE', #7488, #4665 ) ;
#4289 = EDGE_LOOP ( 'NONE', ( #850, #196, #3857, #8776 ) ) ;
#4290 = COLOUR_RGB ( '',1.000000000000000000, 1.000000000000000000, 1.000000000000000000 ) ;
#4291 = CIRCLE ( 'NONE', #7524, 2.950000000000001066 ) ;
#4292 = CARTESIAN_POINT ( 'NONE',  ( 1.800000000000001155, 8.144714285714311330, -3.684999999999946318 ) ) ;
#4293 = VECTOR ( 'NONE', #6697, 1000.000000000000000 ) ;
#4294 =( GEOMETRIC_REPRESENTATION_CONTEXT ( 3 ) GLOBAL_UNCERTAINTY_ASSIGNED_CONTEXT ( ( #509 ) ) GLOBAL_UNIT_ASSIGNED_CONTEXT ( ( #5933, #8420, #2763 ) ) REPRESENTATION_CONTEXT ( 'NONE', 'WORKASPACE' ) );
#4295 = CARTESIAN_POINT ( 'NONE',  ( -0.6000000000000015321, 10.75000000000000533, -2.349999999999943245 ) ) ;
#4296 = LINE ( 'NONE', #7549, #5653 ) ;
#4297 = VECTOR ( 'NONE', #8344, 1000.000000000000000 ) ;
#4298 = CARTESIAN_POINT ( 'NONE',  ( -0.9999999999999696909, 3.750000000000006217, 9.050000000000057554 ) ) ;
#4299 = ORIENTED_EDGE ( 'NONE', *, *, #3654, .T. ) ;
#4300 = CARTESIAN_POINT ( 'NONE',  ( 1.955294117647018659, 8.144714285714311330, 6.315000000000052793 ) ) ;
#4301 = VERTEX_POINT ( 'NONE', #7340 ) ;
#4302 = CYLINDRICAL_SURFACE ( 'NONE', #864, 2.949999999999999289 ) ;
#4303 = EDGE_CURVE ( 'NONE', #7760, #1885, #7402, .T. ) ;
#4304 = DIRECTION ( 'NONE',  ( 0.9333456062030537348, 0.3589790793088840637, -1.632049306554483636E-15 ) ) ;
#4305 = DIRECTION ( 'NONE',  ( 1.748601263784621946E-15, 0.0000000000000000000, 1.000000000000000000 ) ) ;
#4306 = PRESENTATION_LAYER_ASSIGNMENT (  '', '', ( #8874 ) ) ;
#4307 = VECTOR ( 'NONE', #3922, 1000.000000000000000 ) ;
#4308 = EDGE_CURVE ( 'NONE', #152, #3001, #6480, .T. ) ;
#4309 = EDGE_CURVE ( 'NONE', #6051, #5382, #4206, .T. ) ;
#4310 = AXIS2_PLACEMENT_3D ( 'NONE', #1006, #7500, #1852 ) ;
#4311 = CARTESIAN_POINT ( 'NONE',  ( 0.7500000000000197620, -0.2499999999999906741, 0.6000000000000553779 ) ) ;
#4312 = CARTESIAN_POINT ( 'NONE',  ( 1.400000000000007239, 9.600000000000010303, 1.350000000000053380 ) ) ;
#4313 = ORIENTED_EDGE ( 'NONE', *, *, #7684, .F. ) ;
#4314 = CARTESIAN_POINT ( 'NONE',  ( 9.909186366476006924, 5.367817482081024494, -2.015025770445961317 ) ) ;
#4315 = SURFACE_STYLE_FILL_AREA ( #1963 ) ;
#4316 = EDGE_CURVE ( 'NONE', #8898, #1067, #3273, .T. ) ;
#4317 = CARTESIAN_POINT ( 'NONE',  ( 10.34999999141860805, 7.450000000000024158, 0.8500000000000382805 ) ) ;
#4318 = CARTESIAN_POINT ( 'NONE',  ( 0.1000000000000045991, 7.100000000000008527, -2.149999999999943512 ) ) ;
#4319 = ORIENTED_EDGE ( 'NONE', *, *, #993, .T. ) ;
#4320 = DIRECTION ( 'NONE',  ( -1.644517855226007998E-15, 1.000000000000000000, 2.890435660536363919E-30 ) ) ;
#4321 = COLOUR_RGB ( '',1.000000000000000000, 1.000000000000000000, 1.000000000000000000 ) ;
#4322 = PLANE ( 'NONE',  #1289 ) ;
#4323 = LINE ( 'NONE', #9144, #3116 ) ;
#4324 = ORIENTED_EDGE ( 'NONE', *, *, #8583, .T. ) ;
#4325 = COLOUR_RGB ( '',1.000000000000000000, 1.000000000000000000, 1.000000000000000000 ) ;
#4326 = DIRECTION ( 'NONE',  ( -1.748601263784621946E-15, 0.0000000000000000000, -1.000000000000000000 ) ) ;
#4327 = EDGE_CURVE ( 'NONE', #6051, #578, #9023, .T. ) ;
#4328 = DIRECTION ( 'NONE',  ( 0.9701425001453382047, -0.2425356250363079058, -1.696392401805311241E-15 ) ) ;
#4329 = VERTEX_POINT ( 'NONE', #9716 ) ;
#4330 = ORIENTED_EDGE ( 'NONE', *, *, #677, .T. ) ;
#4331 = CARTESIAN_POINT ( 'NONE',  ( 1.800000000000018696, 8.144714285714311330, 6.350000000000053824 ) ) ;
#4332 = EDGE_CURVE ( 'NONE', #6963, #165, #8892, .T. ) ;
#4333 = AXIS2_PLACEMENT_3D ( 'NONE', #8610, #1960, #1161 ) ;
#4334 = PRESENTATION_LAYER_ASSIGNMENT (  '', '', ( #9399 ) ) ;
#4335 = PLANE ( 'NONE',  #4143 ) ;
#4336 = VECTOR ( 'NONE', #6078, 1000.000000000000000 ) ;
#4337 = VECTOR ( 'NONE', #1109, 1000.000000000000000 ) ;
#4338 = FACE_OUTER_BOUND ( 'NONE', #10364, .T. ) ;
#4339 = ORIENTED_EDGE ( 'NONE', *, *, #5610, .T. ) ;
#4340 = FACE_OUTER_BOUND ( 'NONE', #5395, .T. ) ;
#4341 = VECTOR ( 'NONE', #2426, 1000.000000000000000 ) ;
#4342 = CARTESIAN_POINT ( 'NONE',  ( -0.5999999999999789946, 4.200000000000007283, 4.050000000000059330 ) ) ;
#4343 = DIRECTION ( 'NONE',  ( 1.000000000000000000, 1.644517855226007998E-15, -1.748601263784621946E-15 ) ) ;
#4344 = ORIENTED_EDGE ( 'NONE', *, *, #7768, .F. ) ;
#4345 = ORIENTED_EDGE ( 'NONE', *, *, #6138, .T. ) ;
#4346 = DIRECTION ( 'NONE',  ( 1.927470528863119344E-15, 0.0000000000000000000, 1.000000000000000000 ) ) ;
#4347 = CARTESIAN_POINT ( 'NONE',  ( 9.700000000000006395, 12.25000000000002309, 5.150000000000039435 ) ) ;
#4348 = VERTEX_POINT ( 'NONE', #3168 ) ;
#4349 = AXIS2_PLACEMENT_3D ( 'NONE', #1472, #1579, #7235 ) ;
#4350 = EDGE_CURVE ( 'NONE', #5811, #6419, #5698, .T. ) ;
#4351 = CARTESIAN_POINT ( 'NONE',  ( 2.400000000000011458, 10.60000000000001030, 5.350000000000053824 ) ) ;
#4352 = DIRECTION ( 'NONE',  ( -1.748601263784621748E-15, 1.482966057179082451E-32, -1.000000000000000000 ) ) ;
#4353 = AXIS2_PLACEMENT_3D ( 'NONE', #6943, #1296, #5284 ) ;
#4354 = FILL_AREA_STYLE_COLOUR ( '', #8915 ) ;
#4355 = ORIENTED_EDGE ( 'NONE', *, *, #2352, .F. ) ;
#4356 = DIRECTION ( 'NONE',  ( 0.9927080914950846546, -0.1205431253957962856, -1.735850623357525016E-15 ) ) ;
#4357 = ORIENTED_EDGE ( 'NONE', *, *, #4667, .F. ) ;
#4358 = VECTOR ( 'NONE', #8557, 1000.000000000000000 ) ;
#4359 = CARTESIAN_POINT ( 'NONE',  ( 9.699999999999999289, 10.60000000000002274, -1.649999999999957057 ) ) ;
#4360 = CARTESIAN_POINT ( 'NONE',  ( 1.398548747335014442, 8.959230384172009565, 5.350000000000055600 ) ) ;
#4361 = EDGE_CURVE ( 'NONE', #7980, #2726, #3335, .T. ) ;
#4362 = ORIENTED_EDGE ( 'NONE', *, *, #8457, .T. ) ;
#4363 = CARTESIAN_POINT ( 'NONE',  ( 9.699999999999999289, 7.450000000000023270, -4.149999999999960387 ) ) ;
#4364 = EDGE_CURVE ( 'NONE', #6819, #1222, #6185, .T. ) ;
#4365 = FACE_OUTER_BOUND ( 'NONE', #8904, .T. ) ;
#4366 = UNCERTAINTY_MEASURE_WITH_UNIT (LENGTH_MEASURE( 1.000000000000000082E-05 ), #4452, 'distance_accuracy_value', 'NONE');
#4367 = ORIENTED_EDGE ( 'NONE', *, *, #3212, .T. ) ;
#4368 = ADVANCED_FACE ( 'NONE', ( #6536 ), #1748, .F. ) ;
#4369 = FACE_OUTER_BOUND ( 'NONE', #7219, .T. ) ;
#4370 = DIRECTION ( 'NONE',  ( -1.644517855226008195E-15, 1.000000000000000000, 2.890435660536364269E-30 ) ) ;
#4371 = LINE ( 'NONE', #3607, #3977 ) ;
#4372 = EDGE_CURVE ( 'NONE', #9267, #2832, #1586, .T. ) ;
#4373 = ADVANCED_FACE ( 'NONE', ( #4938 ), #8194, .F. ) ;
#4374 = DIRECTION ( 'NONE',  ( -0.3589790793088841192, 0.9333456062030538458, 6.277112717517546492E-16 ) ) ;
#4375 = DIRECTION ( 'NONE',  ( 1.634159799354254388E-15, -1.000000000000000000, 0.0000000000000000000 ) ) ;
#4376 = VERTEX_POINT ( 'NONE', #8811 ) ;
#4377 = SURFACE_STYLE_FILL_AREA ( #2820 ) ;
#4378 = VERTEX_POINT ( 'NONE', #8249 ) ;
#4379 = LINE ( 'NONE', #7635, #6973 ) ;
#4380 =( LENGTH_UNIT ( ) NAMED_UNIT ( * ) SI_UNIT ( .MILLI., .METRE. ) );
#4381 = ORIENTED_EDGE ( 'NONE', *, *, #1072, .T. ) ;
#4382 = CARTESIAN_POINT ( 'NONE',  ( 1.500000000000006439, 8.200000000000009948, 0.3600000000000547207 ) ) ;
#4383 = FILL_AREA_STYLE_COLOUR ( '', #5127 ) ;
#4384 = DIRECTION ( 'NONE',  ( -9.293161478433909405E-16, 0.9357142857139192360, 0.3527588064257076717 ) ) ;
#4385 = PRESENTATION_STYLE_ASSIGNMENT (( #9981 ) ) ;
#4386 = ADVANCED_FACE ( 'NONE', ( #1522 ), #131, .F. ) ;
#4387 = PLANE ( 'NONE',  #8239 ) ;
#4388 = CARTESIAN_POINT ( 'NONE',  ( -0.1999999993499770867, 8.599999999630806968, 10.26000000221505637 ) ) ;
#4389 = DIRECTION ( 'NONE',  ( -1.644517855226008195E-15, 1.000000000000000000, 2.890435660536364269E-30 ) ) ;
#4390 =( NAMED_UNIT ( * ) SI_UNIT ( $, .STERADIAN. ) SOLID_ANGLE_UNIT ( ) );
#4391 = EDGE_LOOP ( 'NONE', ( #1642, #4517, #1218, #1536, #6153 ) ) ;
#4392 = CARTESIAN_POINT ( 'NONE',  ( -1.000000000000002665, 10.75000000000000533, -2.349999999999942357 ) ) ;
#4393 = CARTESIAN_POINT ( 'NONE',  ( 0.7250000000000103029, 6.200000000000009059, 0.3350000000000557532 ) ) ;
#4394 = ORIENTED_EDGE ( 'NONE', *, *, #6066, .F. ) ;
#4395 = CARTESIAN_POINT ( 'NONE',  ( -0.9999999999999765743, 10.75000000000000533, 12.65000000000005720 ) ) ;
#4396 = DIRECTION ( 'NONE',  ( -1.748601263784621748E-15, 0.0000000000000000000, -1.000000000000000000 ) ) ;
#4397 = SURFACE_STYLE_USAGE ( .BOTH. , #1892 ) ;
#4398 = ORIENTED_EDGE ( 'NONE', *, *, #3873, .F. ) ;
#4399 = LINE ( 'NONE', #513, #2076 ) ;
#4400 = ORIENTED_EDGE ( 'NONE', *, *, #1839, .T. ) ;
#4401 = LINE ( 'NONE', #1997, #5973 ) ;
#4402 = CARTESIAN_POINT ( 'NONE',  ( 2.500000000000003997, 3.750000000000012434, -5.949999999999945999 ) ) ;
#4403 = CARTESIAN_POINT ( 'NONE',  ( 0.9357739703999955472, 8.199999999999709743, -5.686866607916945426 ) ) ;
#4404 = VERTEX_POINT ( 'NONE', #2535 ) ;
#4405 = CARTESIAN_POINT ( 'NONE',  ( 1.500000000000006439, 8.200000000000009948, 0.3600000000000547207 ) ) ;
#4406 = FILL_AREA_STYLE_COLOUR ( '', #9763 ) ;
#4407 = EDGE_LOOP ( 'NONE', ( #5309, #8385, #4019, #6124 ) ) ;
#4408 = DIRECTION ( 'NONE',  ( -0.1788854381999993026, -2.941802971598303344E-16, 0.9838699100999045433 ) ) ;
#4409 = EDGE_CURVE ( 'NONE', #1822, #6300, #4830, .T. ) ;
#4410 = DIRECTION ( 'NONE',  ( 6.930567231222538441E-14, 1.168500215858619925E-28, -1.000000000000000000 ) ) ;
#4411 = DIRECTION ( 'NONE',  ( 0.9701425001453382047, -0.2425356250363079058, -1.696392401805311241E-15 ) ) ;
#4412 = FACE_OUTER_BOUND ( 'NONE', #2157, .T. ) ;
#4413 = EDGE_CURVE ( 'NONE', #9091, #2723, #375, .T. ) ;
#4414 = EDGE_CURVE ( 'NONE', #4846, #1530, #8452, .T. ) ;
#4415 = VECTOR ( 'NONE', #4734, 1000.000000000000000 ) ;
#4416 = ORIENTED_EDGE ( 'NONE', *, *, #431, .F. ) ;
#4417 =( LENGTH_UNIT ( ) NAMED_UNIT ( * ) SI_UNIT ( .MILLI., .METRE. ) );
#4418 = CARTESIAN_POINT ( 'NONE',  ( 9.799999999999998934, 7.394714285714323765, -3.899999999999961720 ) ) ;
#4419 = ORIENTED_EDGE ( 'NONE', *, *, #650, .F. ) ;
#4420 = DIRECTION ( 'NONE',  ( 1.748601263784621748E-15, 0.0000000000000000000, 1.000000000000000000 ) ) ;
#4421 = EDGE_LOOP ( 'NONE', ( #3889, #8559, #6791, #1923 ) ) ;
#4422 = DIRECTION ( 'NONE',  ( -0.3162277660168096305, -5.200422075328728817E-16, -0.9486832980505232049 ) ) ;
#4423 = DIRECTION ( 'NONE',  ( 1.000000000000000000, 1.644517855226007998E-15, -1.748601263784621748E-15 ) ) ;
#4424 = COLOUR_RGB ( '',1.000000000000000000, 1.000000000000000000, 1.000000000000000000 ) ;
#4425 = CARTESIAN_POINT ( 'NONE',  ( 2.399999999999999467, 7.100000000000012079, -5.549999999999946532 ) ) ;
#4426 = DIRECTION ( 'NONE',  ( 1.644517855226008195E-15, -1.000000000000000000, -2.890435660536364269E-30 ) ) ;
#4427 = ADVANCED_FACE ( 'NONE', ( #1108 ), #9885, .F. ) ;
#4428 = DIRECTION ( 'NONE',  ( -1.748601263784621946E-15, 0.0000000000000000000, -1.000000000000000000 ) ) ;
#4429 = EDGE_CURVE ( 'NONE', #96, #3532, #5960, .T. ) ;
#4430 =( NAMED_UNIT ( * ) SI_UNIT ( $, .STERADIAN. ) SOLID_ANGLE_UNIT ( ) );
#4431 = CONICAL_SURFACE ( 'NONE', #6473, 1.724999996680999459, 0.4636476090007538020 ) ;
#4432 = LINE ( 'NONE', #10135, #266 ) ;
#4433 = ORIENTED_EDGE ( 'NONE', *, *, #7255, .F. ) ;
#4434 = DIRECTION ( 'NONE',  ( 1.748601263784621946E-15, 0.0000000000000000000, 1.000000000000000000 ) ) ;
#4435 = DIRECTION ( 'NONE',  ( 5.567630161940737795E-09, -8.498344536895908591E-10, -1.000000000000000000 ) ) ;
#4436 = VERTEX_POINT ( 'NONE', #9941 ) ;
#4437 = SURFACE_STYLE_FILL_AREA ( #3686 ) ;
#4438 = PLANE ( 'NONE',  #379 ) ;
#4439 = EDGE_CURVE ( 'NONE', #1438, #7409, #1812, .T. ) ;
#4440 = ORIENTED_EDGE ( 'NONE', *, *, #7890, .T. ) ;
#4441 = CIRCLE ( 'NONE', #4952, 1.349999999999999645 ) ;
#4442 = MECHANICAL_DESIGN_GEOMETRIC_PRESENTATION_REPRESENTATION (  '', ( #7516 ), #3928 ) ;
#4443 = AXIS2_PLACEMENT_3D ( 'NONE', #7377, #1721, #5731 ) ;
#4444 = FACE_OUTER_BOUND ( 'NONE', #2358, .T. ) ;
#4445 = DIRECTION ( 'NONE',  ( 1.892425610156517368E-15, 0.0000000000000000000, 1.000000000000000000 ) ) ;
#4446 =( LENGTH_UNIT ( ) NAMED_UNIT ( * ) SI_UNIT ( .MILLI., .METRE. ) );
#4447 = ORIENTED_EDGE ( 'NONE', *, *, #345, .F. ) ;
#4448 = VERTEX_POINT ( 'NONE', #5057 ) ;
#4449 = DIRECTION ( 'NONE',  ( -1.748601263784621946E-15, 0.0000000000000000000, -1.000000000000000000 ) ) ;
#4450 = COLOUR_RGB ( '',1.000000000000000000, 1.000000000000000000, 1.000000000000000000 ) ;
#4451 = EDGE_CURVE ( 'NONE', #9589, #7961, #6644, .T. ) ;
#4452 =( LENGTH_UNIT ( ) NAMED_UNIT ( * ) SI_UNIT ( .MILLI., .METRE. ) );
#4453 = LINE ( 'NONE', #4513, #2774 ) ;
#4454 = VECTOR ( 'NONE', #6491, 1000.000000000000000 ) ;
#4455 = VECTOR ( 'NONE', #10085, 1000.000000000000000 ) ;
#4456 = AXIS2_PLACEMENT_3D ( 'NONE', #2809, #9186, #5167 ) ;
#4457 = COLOUR_RGB ( '',1.000000000000000000, 1.000000000000000000, 1.000000000000000000 ) ;
#4458 = ORIENTED_EDGE ( 'NONE', *, *, #2534, .F. ) ;
#4459 = DIRECTION ( 'NONE',  ( 1.000000000000000000, 1.644517855226007801E-15, -1.748601263784621748E-15 ) ) ;
#4460 = ORIENTED_EDGE ( 'NONE', *, *, #5088, .F. ) ;
#4461 = VECTOR ( 'NONE', #2432, 1000.000000000000000 ) ;
#4462 = VECTOR ( 'NONE', #8060, 1000.000000000000000 ) ;
#4463 = DIRECTION ( 'NONE',  ( 1.000000000000000000, 1.644517855226008195E-15, 0.0000000000000000000 ) ) ;
#4464 = ORIENTED_EDGE ( 'NONE', *, *, #7578, .T. ) ;
#4465 = SURFACE_STYLE_FILL_AREA ( #7786 ) ;
#4466 = DIRECTION ( 'NONE',  ( 0.2425356250363110699, -0.9701425001453374275, -4.240981004512866908E-16 ) ) ;
#4467 = ORIENTED_EDGE ( 'NONE', *, *, #6739, .F. ) ;
#4468 = CARTESIAN_POINT ( 'NONE',  ( 1.300000000000026912, 5.400000000000011013, 9.250000000000053291 ) ) ;
#4469 = DIRECTION ( 'NONE',  ( 0.0000000000000000000, -0.6949152542373067121, -0.7190916418846066138 ) ) ;
#4470 = ORIENTED_EDGE ( 'NONE', *, *, #2534, .T. ) ;
#4471 = ORIENTED_EDGE ( 'NONE', *, *, #3955, .F. ) ;
#4472 = DIRECTION ( 'NONE',  ( -0.9883716976506226048, -1.625394904386490523E-15, 0.1520571842539051588 ) ) ;
#4473 = PRESENTATION_LAYER_ASSIGNMENT (  '', '', ( #8236 ) ) ;
#4474 = FACE_OUTER_BOUND ( 'NONE', #1327, .T. ) ;
#4475 = ORIENTED_EDGE ( 'NONE', *, *, #224, .F. ) ;
#4476 = VECTOR ( 'NONE', #4043, 1000.000000000000000 ) ;
#4477 = ORIENTED_EDGE ( 'NONE', *, *, #10335, .T. ) ;
#4478 = PRESENTATION_STYLE_ASSIGNMENT (( #6823 ) ) ;
#4479 = CARTESIAN_POINT ( 'NONE',  ( 1.500000000000001332, 8.109625349781611092, -3.684999999999946318 ) ) ;
#4480 = LINE ( 'NONE', #7748, #922 ) ;
#4481 = AXIS2_PLACEMENT_3D ( 'NONE', #6027, #4466, #5311 ) ;
#4482 = COLOUR_RGB ( '',1.000000000000000000, 1.000000000000000000, 1.000000000000000000 ) ;
#4483 = EDGE_CURVE ( 'NONE', #6514, #6841, #279, .T. ) ;
#4484 = CARTESIAN_POINT ( 'NONE',  ( 2.400000000000007905, 5.400000000000012790, -2.028679656439947632 ) ) ;
#4485 = CARTESIAN_POINT ( 'NONE',  ( 1.800000000000028910, 6.844714285714310620, 11.35000000000005294 ) ) ;
#4486 =( GEOMETRIC_REPRESENTATION_CONTEXT ( 3 ) GLOBAL_UNCERTAINTY_ASSIGNED_CONTEXT ( ( #6465 ) ) GLOBAL_UNIT_ASSIGNED_CONTEXT ( ( #5046, #325, #3923 ) ) REPRESENTATION_CONTEXT ( 'NONE', 'WORKASPACE' ) );
#4487 = DIRECTION ( 'NONE',  ( -0.9428090415820753467, 0.2357022603954918305, -0.2357022603954917472 ) ) ;
#4488 = FACE_OUTER_BOUND ( 'NONE', #9586, .T. ) ;
#4489 = ORIENTED_EDGE ( 'NONE', *, *, #910, .F. ) ;
#4490 = DIRECTION ( 'NONE',  ( 1.748601263784621946E-15, 0.0000000000000000000, 1.000000000000000000 ) ) ;
#4491 = EDGE_CURVE ( 'NONE', #1370, #8514, #8396, .T. ) ;
#4492 = ORIENTED_EDGE ( 'NONE', *, *, #3757, .T. ) ;
#4493 = CARTESIAN_POINT ( 'NONE',  ( 3.174999999999998934, 7.650000000000012790, -4.149999999999948841 ) ) ;
#4494 = VERTEX_POINT ( 'NONE', #2649 ) ;
#4495 =( GEOMETRIC_REPRESENTATION_CONTEXT ( 3 ) GLOBAL_UNCERTAINTY_ASSIGNED_CONTEXT ( ( #8059 ) ) GLOBAL_UNIT_ASSIGNED_CONTEXT ( ( #88, #3352, #6501 ) ) REPRESENTATION_CONTEXT ( 'NONE', 'WORKASPACE' ) );
#4496 = VECTOR ( 'NONE', #9650, 1000.000000000000114 ) ;
#4497 =( GEOMETRIC_REPRESENTATION_CONTEXT ( 3 ) GLOBAL_UNCERTAINTY_ASSIGNED_CONTEXT ( ( #2293 ) ) GLOBAL_UNIT_ASSIGNED_CONTEXT ( ( #3872, #2273, #7938 ) ) REPRESENTATION_CONTEXT ( 'NONE', 'WORKASPACE' ) );
#4498 = EDGE_CURVE ( 'NONE', #7460, #3982, #6802, .T. ) ;
#4499 = LINE ( 'NONE', #5095, #1111 ) ;
#4500 = LINE ( 'NONE', #2150, #4612 ) ;
#4501 =( NAMED_UNIT ( * ) SI_UNIT ( $, .STERADIAN. ) SOLID_ANGLE_UNIT ( ) );
#4502 = EDGE_LOOP ( 'NONE', ( #9971, #6202, #4213, #6021, #9912, #1498 ) ) ;
#4503 = VECTOR ( 'NONE', #7542, 1000.000000000000114 ) ;
#4504 = ORIENTED_EDGE ( 'NONE', *, *, #8966, .F. ) ;
#4505 = AXIS2_PLACEMENT_3D ( 'NONE', #5749, #1744, #892 ) ;
#4506 = CARTESIAN_POINT ( 'NONE',  ( 1.250000000000028866, -0.2499999999999889533, 5.600000000000054712 ) ) ;
#4507 = PRESENTATION_LAYER_ASSIGNMENT (  '', '', ( #5884 ) ) ;
#4508 = DIRECTION ( 'NONE',  ( 0.9486832980505233159, 1.560126622598782925E-15, -0.3162277660168096305 ) ) ;
#4509 = VECTOR ( 'NONE', #6576, 1000.000000000000114 ) ;
#4510 = LINE ( 'NONE', #8550, #6009 ) ;
#4511 = ORIENTED_EDGE ( 'NONE', *, *, #9031, .T. ) ;
#4512 = AXIS2_PLACEMENT_3D ( 'NONE', #9877, #8186, #8291 ) ;
#4513 = CARTESIAN_POINT ( 'NONE',  ( 1.800000000000027356, 8.144714285714311330, 11.31500000000005457 ) ) ;
#4514 = VECTOR ( 'NONE', #6046, 1000.000000000000000 ) ;
#4515 =( GEOMETRIC_REPRESENTATION_CONTEXT ( 3 ) GLOBAL_UNCERTAINTY_ASSIGNED_CONTEXT ( ( #8405 ) ) GLOBAL_UNIT_ASSIGNED_CONTEXT ( ( #2776, #464, #4390 ) ) REPRESENTATION_CONTEXT ( 'NONE', 'WORKASPACE' ) );
#4516 = EDGE_CURVE ( 'NONE', #9725, #9647, #7614, .T. ) ;
#4517 = ORIENTED_EDGE ( 'NONE', *, *, #7753, .F. ) ;
#4518 = CIRCLE ( 'NONE', #8755, 1.300000000000000266 ) ;
#4519 = LINE ( 'NONE', #337, #9242 ) ;
#4520 = ORIENTED_EDGE ( 'NONE', *, *, #8918, .F. ) ;
#4521 = EDGE_CURVE ( 'NONE', #1825, #9011, #5917, .T. ) ;
#4522 = LINE ( 'NONE', #437, #3421 ) ;
#4523 = DIRECTION ( 'NONE',  ( -1.748601263784621946E-15, 0.0000000000000000000, -1.000000000000000000 ) ) ;
#4524 = VERTEX_POINT ( 'NONE', #1199 ) ;
#4525 = CARTESIAN_POINT ( 'NONE',  ( 8.799999999999997158, 8.144714285714321989, -4.649999999999958611 ) ) ;
#4526 = PLANE ( 'NONE',  #6041 ) ;
#4527 =( GEOMETRIC_REPRESENTATION_CONTEXT ( 3 ) GLOBAL_UNCERTAINTY_ASSIGNED_CONTEXT ( ( #5723 ) ) GLOBAL_UNIT_ASSIGNED_CONTEXT ( ( #7526, #5979, #8613 ) ) REPRESENTATION_CONTEXT ( 'NONE', 'WORKASPACE' ) );
#4528 = ORIENTED_EDGE ( 'NONE', *, *, #1698, .F. ) ;
#4529 = CIRCLE ( 'NONE', #10287, 2.950000000000001066 ) ;
#4530 = SURFACE_SIDE_STYLE ('',( #7834 ) ) ;
#4531 = SURFACE_SIDE_STYLE ('',( #6126 ) ) ;
#4532 = ORIENTED_EDGE ( 'NONE', *, *, #5932, .T. ) ;
#4533 = ORIENTED_EDGE ( 'NONE', *, *, #7515, .F. ) ;
#4534 = LINE ( 'NONE', #8515, #2230 ) ;
#4535 = CARTESIAN_POINT ( 'NONE',  ( 3.174999999999998934, 7.650000000000012790, -4.149999999999948841 ) ) ;
#4536 = CARTESIAN_POINT ( 'NONE',  ( -0.5999999999999876543, 4.200000000000007283, -0.9499999999999404476 ) ) ;
#4537 = VERTEX_POINT ( 'NONE', #3384 ) ;
#4538 = DIRECTION ( 'NONE',  ( -0.8411784753765673139, 0.5407575913134772261, 1.470885745111887003E-15 ) ) ;
#4539 = SURFACE_STYLE_FILL_AREA ( #2918 ) ;
#4540 = ADVANCED_FACE ( 'NONE', ( #1051 ), #9081, .T. ) ;
#4541 = CARTESIAN_POINT ( 'NONE',  ( 1.800000000000027356, 6.844714285714310620, 10.36000000000005272 ) ) ;
#4542 = DIRECTION ( 'NONE',  ( -1.000000000000000000, -1.644517855226007998E-15, 1.748601263784621946E-15 ) ) ;
#4543 = LINE ( 'NONE', #3574, #10394 ) ;
#4544 = PLANE ( 'NONE',  #6735 ) ;
#4545 = ORIENTED_EDGE ( 'NONE', *, *, #7439, .F. ) ;
#4546 = LINE ( 'NONE', #9272, #4851 ) ;
#4547 = ORIENTED_EDGE ( 'NONE', *, *, #1301, .T. ) ;
#4548 = FACE_OUTER_BOUND ( 'NONE', #9117, .T. ) ;
#4549 = EDGE_CURVE ( 'NONE', #6723, #6024, #8343, .T. ) ;
#4550 = ORIENTED_EDGE ( 'NONE', *, *, #7999, .T. ) ;
#4551 = ADVANCED_FACE ( 'NONE', ( #3698, #9486 ), #6307, .T. ) ;
#4552 = FILL_AREA_STYLE ('',( #8945 ) ) ;
#4553 = DIRECTION ( 'NONE',  ( 0.2425356250363111532, 3.988541659006108938E-16, 0.9701425001453373165 ) ) ;
#4554 = DIRECTION ( 'NONE',  ( 1.748601263784621748E-15, 0.0000000000000000000, 1.000000000000000000 ) ) ;
#4555 = ORIENTED_EDGE ( 'NONE', *, *, #801, .F. ) ;
#4556 = ORIENTED_EDGE ( 'NONE', *, *, #7217, .T. ) ;
#4557 = CARTESIAN_POINT ( 'NONE',  ( 1.400000000000006350, 8.959743461390676345, 0.3540917806700535353 ) ) ;
#4558 = DIRECTION ( 'NONE',  ( -0.9994801143396995213, -1.643662893974967788E-15, 0.03224129401096072212 ) ) ;
#4559 = CARTESIAN_POINT ( 'NONE',  ( -0.5999999999999755529, 4.200000000000007283, 6.740000000000057057 ) ) ;
#4560 = ORIENTED_EDGE ( 'NONE', *, *, #724, .F. ) ;
#4561 = EDGE_CURVE ( 'NONE', #9583, #2123, #8547, .T. ) ;
#4562 = SURFACE_STYLE_USAGE ( .BOTH. , #10104 ) ;
#4563 = EDGE_CURVE ( 'NONE', #5712, #3001, #2431, .T. ) ;
#4564 = FACE_OUTER_BOUND ( 'NONE', #7103, .T. ) ;
#4565 = DIRECTION ( 'NONE',  ( -1.644517855226008195E-15, 1.000000000000000000, 2.890435660536364269E-30 ) ) ;
#4566 = LINE ( 'NONE', #9333, #4358 ) ;
#4567 = CARTESIAN_POINT ( 'NONE',  ( -0.9999999999999817923, 3.750000000000006217, 2.650000000000057643 ) ) ;
#4568 = DIRECTION ( 'NONE',  ( -1.644517855226007801E-15, 1.000000000000000000, 2.890435660536363568E-30 ) ) ;
#4569 = EDGE_CURVE ( 'NONE', #4924, #6514, #9442, .T. ) ;
#4570 = LINE ( 'NONE', #4678, #2093 ) ;
#4571 = VERTEX_POINT ( 'NONE', #1355 ) ;
#4572 =( LENGTH_UNIT ( ) NAMED_UNIT ( * ) SI_UNIT ( .MILLI., .METRE. ) );
#4573 = PLANE ( 'NONE',  #270 ) ;
#4574 = ADVANCED_FACE ( 'NONE', ( #10354 ), #3805, .F. ) ;
#4575 = EDGE_LOOP ( 'NONE', ( #3012, #9108, #1374, #2804 ) ) ;
#4576 = FACE_OUTER_BOUND ( 'NONE', #6154, .T. ) ;
#4577 = ORIENTED_EDGE ( 'NONE', *, *, #6765, .T. ) ;
#4578 = ORIENTED_EDGE ( 'NONE', *, *, #9739, .F. ) ;
#4579 = CARTESIAN_POINT ( 'NONE',  ( -0.5999999999999703348, 4.200000000000007283, 9.050000000000057554 ) ) ;
#4580 = LINE ( 'NONE', #5593, #3958 ) ;
#4581 = CARTESIAN_POINT ( 'NONE',  ( 0.09999999999999766020, 9.638089535207008396, -3.649999999999943956 ) ) ;
#4582 = PRESENTATION_STYLE_ASSIGNMENT (( #9410 ) ) ;
#4583 = ORIENTED_EDGE ( 'NONE', *, *, #1414, .F. ) ;
#4584 = DIRECTION ( 'NONE',  ( -1.000000000000000000, -1.644517855226007998E-15, 1.748601263784621748E-15 ) ) ;
#4585 = PRESENTATION_STYLE_ASSIGNMENT (( #4698 ) ) ;
#4586 = VECTOR ( 'NONE', #351, 1000.000000000000000 ) ;
#4587 = CARTESIAN_POINT ( 'NONE',  ( 0.6767953592100219851, 8.200000000000009948, 9.176265489322053881 ) ) ;
#4588 = CARTESIAN_POINT ( 'NONE',  ( 0.2000000000000143885, 8.400000000000007461, 5.850000000000056488 ) ) ;
#4589 = DIRECTION ( 'NONE',  ( 0.9927080914950846546, -0.1205431253957962856, -1.735850623357525016E-15 ) ) ;
#4590 = ORIENTED_EDGE ( 'NONE', *, *, #2075, .T. ) ;
#4591 = ORIENTED_EDGE ( 'NONE', *, *, #9421, .T. ) ;
#4592 = PLANE ( 'NONE',  #9175 ) ;
#4593 = EDGE_LOOP ( 'NONE', ( #6231, #7335, #7314, #9306, #5106, #2098, #5007, #8561, #3663, #3634, #4560, #7175, #2507, #2916, #8109, #7444, #6600 ) ) ;
#4594 = VECTOR ( 'NONE', #8141, 1000.000000000000114 ) ;
#4595 = DIRECTION ( 'NONE',  ( 1.748601263784621946E-15, 0.0000000000000000000, 1.000000000000000000 ) ) ;
#4596 = CARTESIAN_POINT ( 'NONE',  ( -0.1999999927999769611, 4.200000000000007283, 6.439999994600056787 ) ) ;
#4597 = LINE ( 'NONE', #7918, #1057 ) ;
#4598 = EDGE_CURVE ( 'NONE', #6024, #6740, #5298, .T. ) ;
#4599 = DIRECTION ( 'NONE',  ( 1.000000000000000000, 1.644517855226007998E-15, -1.748601263784621946E-15 ) ) ;
#4600 = ORIENTED_EDGE ( 'NONE', *, *, #7044, .F. ) ;
#4601 = VECTOR ( 'NONE', #1936, 1000.000000000000000 ) ;
#4602 = ORIENTED_EDGE ( 'NONE', *, *, #5945, .F. ) ;
#4603 = LINE ( 'NONE', #9649, #5115 ) ;
#4604 = CARTESIAN_POINT ( 'NONE',  ( 1.177367964971004488, 8.200000000001308464, -0.5579302010269450163 ) ) ;
#4605 = DIRECTION ( 'NONE',  ( 1.748601263784621946E-15, 0.0000000000000000000, 1.000000000000000000 ) ) ;
#4606 = ORIENTED_EDGE ( 'NONE', *, *, #8212, .T. ) ;
#4607 = CARTESIAN_POINT ( 'NONE',  ( 9.799999999999998934, 7.894714285714324653, -3.899999999999961720 ) ) ;
#4608 = VECTOR ( 'NONE', #4565, 1000.000000000000000 ) ;
#4609 = LINE ( 'NONE', #4767, #5136 ) ;
#4610 = CARTESIAN_POINT ( 'NONE',  ( 3.174999999999996270, 7.650000000000012790, -5.524999999999947953 ) ) ;
#4611 = EDGE_CURVE ( 'NONE', #284, #3142, #7774, .T. ) ;
#4612 = VECTOR ( 'NONE', #8692, 1000.000000000000000 ) ;
#4613 = DIRECTION ( 'NONE',  ( 1.000000000000000000, 1.549021660576226239E-12, -6.743308347092845593E-13 ) ) ;
#4614 = VERTEX_POINT ( 'NONE', #5407 ) ;
#4615 = LINE ( 'NONE', #4567, #565 ) ;
#4616 = CARTESIAN_POINT ( 'NONE',  ( 1.955294117647016883, 8.144714285714311330, 5.385000000000053966 ) ) ;
#4617 = PLANE ( 'NONE',  #9563 ) ;
#4618 = EDGE_CURVE ( 'NONE', #5364, #9610, #4717, .T. ) ;
#4619 = ORIENTED_EDGE ( 'NONE', *, *, #6201, .F. ) ;
#4620 = CARTESIAN_POINT ( 'NONE',  ( 1.400000000000005462, 10.60000000000000853, 1.350000000000053380 ) ) ;
#4621 = VECTOR ( 'NONE', #737, 1000.000000000000000 ) ;
#4622 = EDGE_CURVE ( 'NONE', #2163, #8234, #8650, .T. ) ;
#4623 = MECHANICAL_DESIGN_GEOMETRIC_PRESENTATION_REPRESENTATION (  '', ( #5652 ), #6164 ) ;
#4624 = STYLED_ITEM ( 'NONE', ( #2937 ), #1290 ) ;
#4625 = VECTOR ( 'NONE', #2007, 1000.000000000000000 ) ;
#4626 = PRESENTATION_LAYER_ASSIGNMENT (  '', '', ( #9206 ) ) ;
#4627 = ORIENTED_EDGE ( 'NONE', *, *, #838, .F. ) ;
#4628 = EDGE_CURVE ( 'NONE', #6589, #8925, #7011, .T. ) ;
#4629 = DIRECTION ( 'NONE',  ( -1.000000000000000000, -1.644517855226007801E-15, 1.748601263784621748E-15 ) ) ;
#4630 = FILL_AREA_STYLE ('',( #6178 ) ) ;
#4631 = EDGE_LOOP ( 'NONE', ( #3404, #1080, #7447, #500 ) ) ;
#4632 = FACE_OUTER_BOUND ( 'NONE', #3414, .T. ) ;
#4633 = PRESENTATION_LAYER_ASSIGNMENT (  '', '', ( #8873 ) ) ;
#4634 = LINE ( 'NONE', #9571, #368 ) ;
#4635 = FILL_AREA_STYLE ('',( #7257 ) ) ;
#4636 = ORIENTED_EDGE ( 'NONE', *, *, #8383, .F. ) ;
#4637 = LINE ( 'NONE', #1487, #923 ) ;
#4638 = CARTESIAN_POINT ( 'NONE',  ( 0.1999999999999970690, 8.400000000000007461, -4.149999999999943512 ) ) ;
#4639 = DIRECTION ( 'NONE',  ( 0.1205431253957962856, 0.9927080914950846546, -2.107818614076375132E-16 ) ) ;
#4640 = MECHANICAL_DESIGN_GEOMETRIC_PRESENTATION_REPRESENTATION (  '', ( #2245 ), #8706 ) ;
#4641 = VECTOR ( 'NONE', #3999, 1000.000000000000000 ) ;
#4642 = EDGE_CURVE ( 'NONE', #7104, #4120, #5453, .T. ) ;
#4643 = DIRECTION ( 'NONE',  ( 1.000000000000000000, 1.644517855226007998E-15, -1.748601263784621748E-15 ) ) ;
#4644 = AXIS2_PLACEMENT_3D ( 'NONE', #2043, #5510, #428 ) ;
#4645 = UNCERTAINTY_MEASURE_WITH_UNIT (LENGTH_MEASURE( 1.000000000000000082E-05 ), #10022, 'distance_accuracy_value', 'NONE');
#4646 = LINE ( 'NONE', #6351, #3086 ) ;
#4647 =( NAMED_UNIT ( * ) PLANE_ANGLE_UNIT ( ) SI_UNIT ( $, .RADIAN. ) );
#4648 = ORIENTED_EDGE ( 'NONE', *, *, #5932, .F. ) ;
#4649 =( LENGTH_UNIT ( ) NAMED_UNIT ( * ) SI_UNIT ( .MILLI., .METRE. ) );
#4650 = ORIENTED_EDGE ( 'NONE', *, *, #9886, .T. ) ;
#4651 = EDGE_CURVE ( 'NONE', #2644, #8312, #8978, .T. ) ;
#4652 = VERTEX_POINT ( 'NONE', #3859 ) ;
#4653 = CARTESIAN_POINT ( 'NONE',  ( 0.7466439969399992771, 7.606602420031609135, -4.643356003060944204 ) ) ;
#4654 = VERTEX_POINT ( 'NONE', #10197 ) ;
#4655 = VECTOR ( 'NONE', #7134, 1000.000000000000000 ) ;
#4656 = CIRCLE ( 'NONE', #7729, 1.300000000000000266 ) ;
#4657 = DIRECTION ( 'NONE',  ( -1.748601263784621748E-15, 1.482966057179082451E-32, -1.000000000000000000 ) ) ;
#4658 = DIRECTION ( 'NONE',  ( -1.748601263784621946E-15, 0.0000000000000000000, -1.000000000000000000 ) ) ;
#4659 = EDGE_LOOP ( 'NONE', ( #4345, #2564, #6745, #3371 ) ) ;
#4660 = VECTOR ( 'NONE', #6395, 1000.000000000000000 ) ;
#4661 = PLANE ( 'NONE',  #530 ) ;
#4662 = CARTESIAN_POINT ( 'NONE',  ( 0.2019956826000042505, 8.199999999999308287, -1.071903056252942354 ) ) ;
#4663 =( LENGTH_UNIT ( ) NAMED_UNIT ( * ) SI_UNIT ( .MILLI., .METRE. ) );
#4664 = ORIENTED_EDGE ( 'NONE', *, *, #9826, .F. ) ;
#4665 = VECTOR ( 'NONE', #6522, 1000.000000000000000 ) ;
#4666 = DIRECTION ( 'NONE',  ( -0.9883716976506232710, 0.1520571842539018281, 1.728267999600831987E-15 ) ) ;
#4667 = EDGE_CURVE ( 'NONE', #9610, #10383, #2889, .T. ) ;
#4668 = VECTOR ( 'NONE', #9238, 1000.000000000000000 ) ;
#4669 =( GEOMETRIC_REPRESENTATION_CONTEXT ( 3 ) GLOBAL_UNCERTAINTY_ASSIGNED_CONTEXT ( ( #4013 ) ) GLOBAL_UNIT_ASSIGNED_CONTEXT ( ( #10005, #5253, #6709 ) ) REPRESENTATION_CONTEXT ( 'NONE', 'WORKASPACE' ) );
#4670 =( NAMED_UNIT ( * ) SI_UNIT ( $, .STERADIAN. ) SOLID_ANGLE_UNIT ( ) );
#4671 = CARTESIAN_POINT ( 'NONE',  ( 0.2000000000000057288, 8.400000000000007461, 0.8500000000000564881 ) ) ;
#4672 = VECTOR ( 'NONE', #2975, 1000.000000000000000 ) ;
#4673 = AXIS2_PLACEMENT_3D ( 'NONE', #5790, #5575, #1736 ) ;
#4674 = ORIENTED_EDGE ( 'NONE', *, *, #8508, .F. ) ;
#4675 = CARTESIAN_POINT ( 'NONE',  ( 0.7500000000000266454, 7.611199771552088933, 11.34000000000005492 ) ) ;
#4676 = AXIS2_PLACEMENT_3D ( 'NONE', #5447, #4657, #8644 ) ;
#4677 = CARTESIAN_POINT ( 'NONE',  ( 1.300000000000025135, 7.100000000000010303, 9.250000000000053291 ) ) ;
#4678 = CARTESIAN_POINT ( 'NONE',  ( 1.300000000000014699, 5.400000000000011013, 2.450000000000054357 ) ) ;
#4679 = ORIENTED_EDGE ( 'NONE', *, *, #4332, .T. ) ;
#4680 = DIRECTION ( 'NONE',  ( -1.644517855226008195E-15, 1.000000000000000000, 2.890435660536364269E-30 ) ) ;
#4681 = LINE ( 'NONE', #3764, #8567 ) ;
#4682 = EDGE_CURVE ( 'NONE', #8621, #1840, #2842, .T. ) ;
#4683 = COLOUR_RGB ( '',1.000000000000000000, 1.000000000000000000, 1.000000000000000000 ) ;
#4684 = EDGE_CURVE ( 'NONE', #163, #8621, #2943, .T. ) ;
#4685 = EDGE_CURVE ( 'NONE', #4076, #5444, #7816, .T. ) ;
#4686 = FACE_OUTER_BOUND ( 'NONE', #9013, .T. ) ;
#4687 = LINE ( 'NONE', #10368, #2107 ) ;
#4688 = ORIENTED_EDGE ( 'NONE', *, *, #298, .F. ) ;
#4689 = CARTESIAN_POINT ( 'NONE',  ( 9.800000000000025580, 7.894714285714324653, 11.10000000000003695 ) ) ;
#4690 = SURFACE_STYLE_USAGE ( .BOTH. , #608 ) ;
#4691 = STYLED_ITEM ( 'NONE', ( #5390 ), #6902 ) ;
#4692 = CARTESIAN_POINT ( 'NONE',  ( 1.500000000000018652, 8.109625349781611092, 6.340000000000054037 ) ) ;
#4693 = ORIENTED_EDGE ( 'NONE', *, *, #5157, .F. ) ;
#4694 = DIRECTION ( 'NONE',  ( 1.489513996486856603E-09, -1.000000000000000000, 7.237765942743975668E-10 ) ) ;
#4695 = EDGE_CURVE ( 'NONE', #1895, #6798, #5741, .T. ) ;
#4696 = ADVANCED_FACE ( 'NONE', ( #4816 ), #6369, .T. ) ;
#4697 = VECTOR ( 'NONE', #5101, 1000.000000000000000 ) ;
#4698 = SURFACE_STYLE_USAGE ( .BOTH. , #3136 ) ;
#4699 = APPLICATION_CONTEXT ( 'automotive_design' ) ;
#4700 = CARTESIAN_POINT ( 'NONE',  ( 1.400000000000022782, 9.600000000000010303, 10.35000000000005294 ) ) ;
#4701 = CARTESIAN_POINT ( 'NONE',  ( 1.500000000000030864, 4.200000000000010836, 10.35000000000005294 ) ) ;
#4702 = ORIENTED_EDGE ( 'NONE', *, *, #6647, .F. ) ;
#4703 = ORIENTED_EDGE ( 'NONE', *, *, #2971, .T. ) ;
#4704 = ORIENTED_EDGE ( 'NONE', *, *, #9662, .T. ) ;
#4705 = CARTESIAN_POINT ( 'NONE',  ( 0.7400000000000218625, 4.200000000000009059, 5.350000000000055600 ) ) ;
#4706 = EDGE_LOOP ( 'NONE', ( #6929, #2862, #9524, #5617 ) ) ;
#4707 = LINE ( 'NONE', #6414, #71 ) ;
#4708 = EDGE_CURVE ( 'NONE', #1082, #4924, #7973, .T. ) ;
#4709 = ADVANCED_FACE ( 'NONE', ( #7328 ), #2420, .F. ) ;
#4710 = FILL_AREA_STYLE_COLOUR ( '', #5716 ) ;
#4711 = EDGE_LOOP ( 'NONE', ( #10493, #2485, #960, #4460 ) ) ;
#4712 = CARTESIAN_POINT ( 'NONE',  ( 0.5000000000000281997, 6.844714285714308843, 11.35000000000005471 ) ) ;
#4713 = DIRECTION ( 'NONE',  ( -1.748601263784621946E-15, 0.0000000000000000000, -1.000000000000000000 ) ) ;
#4714 = ORIENTED_EDGE ( 'NONE', *, *, #5067, .F. ) ;
#4715 = ORIENTED_EDGE ( 'NONE', *, *, #10419, .T. ) ;
#4716 = DIRECTION ( 'NONE',  ( 1.644517855226007801E-15, -1.000000000000000000, -2.890435660536363568E-30 ) ) ;
#4717 = LINE ( 'NONE', #481, #3784 ) ;
#4718 = EDGE_LOOP ( 'NONE', ( #880, #6399, #1342, #10393 ) ) ;
#4719 = LINE ( 'NONE', #6371, #2905 ) ;
#4720 = CARTESIAN_POINT ( 'NONE',  ( 1.400000000000026112, 8.960000000000009734, 11.34386232899505309 ) ) ;
#4721 = PLANE ( 'NONE',  #1897 ) ;
#4722 = ORIENTED_EDGE ( 'NONE', *, *, #4361, .F. ) ;
#4723 = CARTESIAN_POINT ( 'NONE',  ( 10.33503886471862465, 5.302301713120025184, 8.012506501421038152 ) ) ;
#4724 = CARTESIAN_POINT ( 'NONE',  ( -0.9999999999999974465, 3.750000000000006217, -6.649999999999941735 ) ) ;
#4725 = FACE_OUTER_BOUND ( 'NONE', #4018, .T. ) ;
#4726 = EDGE_LOOP ( 'NONE', ( #7671, #658, #8658, #427 ) ) ;
#4727 = ORIENTED_EDGE ( 'NONE', *, *, #8592, .T. ) ;
#4728 = EDGE_CURVE ( 'NONE', #4348, #5902, #2525, .T. ) ;
#4729 = DIRECTION ( 'NONE',  ( 1.644517855226007801E-15, -1.000000000000000000, -2.890435660536363568E-30 ) ) ;
#4730 = CARTESIAN_POINT ( 'NONE',  ( 8.800000000000000711, 7.144714285714321989, -3.649999999999959499 ) ) ;
#4731 = CARTESIAN_POINT ( 'NONE',  ( 0.7250000000000034195, 6.200000000000009059, -3.634999999999944720 ) ) ;
#4732 = EDGE_CURVE ( 'NONE', #10000, #7760, #1680, .T. ) ;
#4733 = LINE ( 'NONE', #2336, #5146 ) ;
#4734 = DIRECTION ( 'NONE',  ( -1.644517855226008195E-15, 1.000000000000000000, 2.890435660536364269E-30 ) ) ;
#4735 = DIRECTION ( 'NONE',  ( -1.000000000000000000, -1.734723475976807489E-15, 1.734723475976807489E-15 ) ) ;
#4736 = ORIENTED_EDGE ( 'NONE', *, *, #6912, .F. ) ;
#4737 = PLANE ( 'NONE',  #9568 ) ;
#4738 = FACE_OUTER_BOUND ( 'NONE', #2954, .T. ) ;
#4739 =( NAMED_UNIT ( * ) SI_UNIT ( $, .STERADIAN. ) SOLID_ANGLE_UNIT ( ) );
#4740 = ORIENTED_EDGE ( 'NONE', *, *, #3024, .T. ) ;
#4741 = UNCERTAINTY_MEASURE_WITH_UNIT (LENGTH_MEASURE( 1.000000000000000082E-05 ), #1059, 'distance_accuracy_value', 'NONE');
#4742 = EDGE_CURVE ( 'NONE', #5562, #8682, #9820, .T. ) ;
#4743 = CARTESIAN_POINT ( 'NONE',  ( 0.7400000000000253042, 7.597309794603359201, 10.35000000000005294 ) ) ;
#4744 = PLANE ( 'NONE',  #8431 ) ;
#4745 = ORIENTED_EDGE ( 'NONE', *, *, #6856, .F. ) ;
#4746 = SURFACE_STYLE_FILL_AREA ( #1497 ) ;
#4747 = VERTEX_POINT ( 'NONE', #732 ) ;
#4748 = VERTEX_POINT ( 'NONE', #7279 ) ;
#4749 = EDGE_CURVE ( 'NONE', #1046, #5414, #3908, .T. ) ;
#4750 = ORIENTED_EDGE ( 'NONE', *, *, #1888, .F. ) ;
#4751 = EDGE_CURVE ( 'NONE', #6037, #7980, #8852, .T. ) ;
#4752 = AXIS2_PLACEMENT_3D ( 'NONE', #10329, #8670, #9462 ) ;
#4753 = CARTESIAN_POINT ( 'NONE',  ( 0.7500000066400173138, 7.649999999998869704, 5.849999999998055422 ) ) ;
#4754 = ORIENTED_EDGE ( 'NONE', *, *, #9578, .F. ) ;
#4755 = DIRECTION ( 'NONE',  ( 1.644517855226008195E-15, -1.000000000000000000, -2.890435660536364269E-30 ) ) ;
#4756 =( NAMED_UNIT ( * ) SI_UNIT ( $, .STERADIAN. ) SOLID_ANGLE_UNIT ( ) );
#4757 = CYLINDRICAL_SURFACE ( 'NONE', #7422, 2.949999999999999289 ) ;
#4758 = ADVANCED_FACE ( 'NONE', ( #1570 ), #2473, .T. ) ;
#4759 = ORIENTED_EDGE ( 'NONE', *, *, #2490, .F. ) ;
#4760 = VERTEX_POINT ( 'NONE', #4138 ) ;
#4761 = SURFACE_SIDE_STYLE ('',( #2195 ) ) ;
#4762 = CARTESIAN_POINT ( 'NONE',  ( -0.3999999999999802602, 6.450000000000008171, 6.590000000000056701 ) ) ;
#4763 = VERTEX_POINT ( 'NONE', #3968 ) ;
#4764 = PRESENTATION_STYLE_ASSIGNMENT (( #2476 ) ) ;
#4765 = FACE_OUTER_BOUND ( 'NONE', #10412, .T. ) ;
#4766 = CIRCLE ( 'NONE', #3743, 1.399999999999999689 ) ;
#4767 = CARTESIAN_POINT ( 'NONE',  ( 0.1000000000000236811, 7.100000000000008527, 8.850000000000056488 ) ) ;
#4768 = PLANE ( 'NONE',  #9706 ) ;
#4769 = EDGE_CURVE ( 'NONE', #9522, #2697, #7224, .T. ) ;
#4770 = VERTEX_POINT ( 'NONE', #2360 ) ;
#4771 = PLANE ( 'NONE',  #1061 ) ;
#4772 = CARTESIAN_POINT ( 'NONE',  ( 11.00000000000001776, 11.75000000000002487, 11.75000000000003730 ) ) ;
#4773 = CARTESIAN_POINT ( 'NONE',  ( 0.1000000000000219463, 7.100000000000008527, 7.850000000000056488 ) ) ;
#4774 = ORIENTED_EDGE ( 'NONE', *, *, #4516, .T. ) ;
#4775 = CARTESIAN_POINT ( 'NONE',  ( 1.800000000000010036, 8.144714285714311330, 1.350000000000053380 ) ) ;
#4776 = DIRECTION ( 'NONE',  ( -1.748601263784621946E-15, 0.0000000000000000000, -1.000000000000000000 ) ) ;
#4777 = VECTOR ( 'NONE', #7743, 1000.000000000000114 ) ;
#4778 = VECTOR ( 'NONE', #3864, 1000.000000000000000 ) ;
#4779 = EDGE_LOOP ( 'NONE', ( #8750, #3242, #465, #479 ) ) ;
#4780 = CARTESIAN_POINT ( 'NONE',  ( 8.800000000000006040, 8.144714285714321989, 0.3500000000000412781 ) ) ;
#4781 = FACE_OUTER_BOUND ( 'NONE', #1596, .T. ) ;
#4782 = ORIENTED_EDGE ( 'NONE', *, *, #1040, .T. ) ;
#4783 = VECTOR ( 'NONE', #3718, 1000.000000000000000 ) ;
#4784 = DIRECTION ( 'NONE',  ( -0.9428090415820753467, 0.2357022603954918305, -0.2357022603954917472 ) ) ;
#4785 = CARTESIAN_POINT ( 'NONE',  ( 10.35000000000000675, 5.300000000000025580, -1.649999999999962164 ) ) ;
#4786 = FACE_OUTER_BOUND ( 'NONE', #455, .T. ) ;
#4787 = EDGE_LOOP ( 'NONE', ( #5343, #8099, #2990, #4583, #602 ) ) ;
#4788 = CARTESIAN_POINT ( 'NONE',  ( 9.800000000000014921, 7.894714285714324653, 5.600000000000038725 ) ) ;
#4789 = CARTESIAN_POINT ( 'NONE',  ( 0.7433105578600190944, 7.601972579975209143, 6.346689442142055881 ) ) ;
#4790 = VECTOR ( 'NONE', #8445, 1000.000000000000227 ) ;
#4791 = VECTOR ( 'NONE', #2851, 1000.000000000000227 ) ;
#4792 = VECTOR ( 'NONE', #8481, 1000.000000000000114 ) ;
#4793 = VECTOR ( 'NONE', #4680, 1000.000000000000000 ) ;
#4794 = LINE ( 'NONE', #1712, #5333 ) ;
#4795 = FACE_OUTER_BOUND ( 'NONE', #1022, .T. ) ;
#4796 = SURFACE_STYLE_FILL_AREA ( #8833 ) ;
#4797 = ORIENTED_EDGE ( 'NONE', *, *, #9754, .T. ) ;
#4798 = DIRECTION ( 'NONE',  ( 0.8411784753765673139, -0.5407575913134772261, -1.470885745111887003E-15 ) ) ;
#4799 = VERTEX_POINT ( 'NONE', #5620 ) ;
#4800 = VERTEX_POINT ( 'NONE', #4032 ) ;
#4801 = DIRECTION ( 'NONE',  ( -1.748601263784621946E-15, 0.0000000000000000000, -1.000000000000000000 ) ) ;
#4802 = DIRECTION ( 'NONE',  ( -0.7071067811864987229, -1.162849727212584842E-15, -0.7071067811865962005 ) ) ;
#4803 = CARTESIAN_POINT ( 'NONE',  ( 0.7000000000000148326, 7.100000000000009415, 3.700000000000055689 ) ) ;
#4804 = EDGE_CURVE ( 'NONE', #10098, #5444, #7550, .T. ) ;
#4805 =( GEOMETRIC_REPRESENTATION_CONTEXT ( 3 ) GLOBAL_UNCERTAINTY_ASSIGNED_CONTEXT ( ( #10377 ) ) GLOBAL_UNIT_ASSIGNED_CONTEXT ( ( #2175, #10328, #1379 ) ) REPRESENTATION_CONTEXT ( 'NONE', 'WORKASPACE' ) );
#4806 = EDGE_CURVE ( 'NONE', #4799, #3099, #6038, .T. ) ;
#4807 = CARTESIAN_POINT ( 'NONE',  ( 1.500000000000025535, 8.109625349781611092, 10.38500000000005308 ) ) ;
#4808 = ORIENTED_EDGE ( 'NONE', *, *, #1118, .T. ) ;
#4809 = EDGE_CURVE ( 'NONE', #1807, #5364, #5846, .T. ) ;
#4810 = CARTESIAN_POINT ( 'NONE',  ( -0.5999999999999859890, 4.200000000000007283, -0.03999999999994112432 ) ) ;
#4811 = PRESENTATION_STYLE_ASSIGNMENT (( #7721 ) ) ;
#4812 = SURFACE_STYLE_USAGE ( .BOTH. , #2415 ) ;
#4813 = ORIENTED_EDGE ( 'NONE', *, *, #158, .T. ) ;
#4814 = ORIENTED_EDGE ( 'NONE', *, *, #6758, .T. ) ;
#4815 = PRESENTATION_LAYER_ASSIGNMENT (  '', '', ( #3453 ) ) ;
#4816 = FACE_OUTER_BOUND ( 'NONE', #1024, .T. ) ;
#4817 = CARTESIAN_POINT ( 'NONE',  ( 2.400000000000002132, 7.650000000000011902, -2.749999999999947153 ) ) ;
#4818 = ORIENTED_EDGE ( 'NONE', *, *, #6975, .T. ) ;
#4819 = VECTOR ( 'NONE', #8098, 1000.000000000000000 ) ;
#4820 =( NAMED_UNIT ( * ) SI_UNIT ( $, .STERADIAN. ) SOLID_ANGLE_UNIT ( ) );
#4821 = EDGE_CURVE ( 'NONE', #6179, #7990, #5232, .T. ) ;
#4822 = CIRCLE ( 'NONE', #5170, 1.400000000001999201 ) ;
#4823 = CARTESIAN_POINT ( 'NONE',  ( 11.00000000000003197, 5.200000000000025935, 13.05454076850503675 ) ) ;
#4824 = FILL_AREA_STYLE_COLOUR ( '', #9022 ) ;
#4825 = CARTESIAN_POINT ( 'NONE',  ( 1.800000000000002931, 6.844714285714310620, -3.649999999999946620 ) ) ;
#4826 = ORIENTED_EDGE ( 'NONE', *, *, #10214, .T. ) ;
#4827 = ORIENTED_EDGE ( 'NONE', *, *, #2138, .F. ) ;
#4828 = LINE ( 'NONE', #3109, #8532 ) ;
#4829 = CARTESIAN_POINT ( 'NONE',  ( 2.150000000000004352, 3.975000000000011635, -4.149999999999947065 ) ) ;
#4830 = LINE ( 'NONE', #802, #4476 ) ;
#4831 = VERTEX_POINT ( 'NONE', #2073 ) ;
#4832 = FILL_AREA_STYLE ('',( #2375 ) ) ;
#4833 = AXIS2_PLACEMENT_3D ( 'NONE', #7989, #9458, #5539 ) ;
#4834 = EDGE_CURVE ( 'NONE', #653, #8073, #8520, .T. ) ;
#4835 =( GEOMETRIC_REPRESENTATION_CONTEXT ( 3 ) GLOBAL_UNCERTAINTY_ASSIGNED_CONTEXT ( ( #3682 ) ) GLOBAL_UNIT_ASSIGNED_CONTEXT ( ( #9312, #6043, #4430 ) ) REPRESENTATION_CONTEXT ( 'NONE', 'WORKASPACE' ) );
#4836 = ORIENTED_EDGE ( 'NONE', *, *, #9630, .T. ) ;
#4837 = VECTOR ( 'NONE', #9225, 1000.000000000000000 ) ;
#4838 = DIRECTION ( 'NONE',  ( -1.000000000000000000, -1.644517855226007998E-15, 1.748601263784621946E-15 ) ) ;
#4839 = LINE ( 'NONE', #76, #4660 ) ;
#4840 = ORIENTED_EDGE ( 'NONE', *, *, #5621, .T. ) ;
#4841 = PLANE ( 'NONE',  #10392 ) ;
#4842 = CARTESIAN_POINT ( 'NONE',  ( 1.500000000000008216, 8.200000000000009948, 1.340000000000053815 ) ) ;
#4843 = LINE ( 'NONE', #1704, #7660 ) ;
#4844 = CARTESIAN_POINT ( 'NONE',  ( -0.5999999999999737765, 4.200000000000007283, 7.650000000000057199 ) ) ;
#4845 = VECTOR ( 'NONE', #190, 1000.000000000000114 ) ;
#4846 = VERTEX_POINT ( 'NONE', #4987 ) ;
#4847 = AXIS2_PLACEMENT_3D ( 'NONE', #2206, #1418, #5795 ) ;
#4848 = DIRECTION ( 'NONE',  ( 1.000000000000000000, 1.644517855226008195E-15, 0.0000000000000000000 ) ) ;
#4849 = MECHANICAL_DESIGN_GEOMETRIC_PRESENTATION_REPRESENTATION (  '', ( #5884 ), #2963 ) ;
#4850 = VECTOR ( 'NONE', #5476, 1000.000000000000000 ) ;
#4851 = VECTOR ( 'NONE', #10186, 1000.000000000000000 ) ;
#4852 = AXIS2_PLACEMENT_3D ( 'NONE', #4982, #9270, #2678 ) ;
#4853 = DIRECTION ( 'NONE',  ( 1.000000000000000000, 1.644517855226007998E-15, -1.748601263784621946E-15 ) ) ;
#4854 = CARTESIAN_POINT ( 'NONE',  ( 1.800000000000008260, 8.144714285714311330, 0.3850000000000536882 ) ) ;
#4855 = UNCERTAINTY_MEASURE_WITH_UNIT (LENGTH_MEASURE( 1.000000000000000082E-05 ), #44, 'distance_accuracy_value', 'NONE');
#4856 = FILL_AREA_STYLE_COLOUR ( '', #5907 ) ;
#4857 = ORIENTED_EDGE ( 'NONE', *, *, #4878, .F. ) ;
#4858 = CARTESIAN_POINT ( 'NONE',  ( 0.1000000000000236811, 5.400000000000009237, 7.850000000000056488 ) ) ;
#4859 = ORIENTED_EDGE ( 'NONE', *, *, #4184, .F. ) ;
#4860 = ORIENTED_EDGE ( 'NONE', *, *, #10092, .T. ) ;
#4861 = CARTESIAN_POINT ( 'NONE',  ( -0.5999999999999842126, 8.800000000000006040, 4.960000000000058584 ) ) ;
#4862 = CYLINDRICAL_SURFACE ( 'NONE', #912, 1.300000000000000044 ) ;
#4863 =( GEOMETRIC_REPRESENTATION_CONTEXT ( 3 ) GLOBAL_UNCERTAINTY_ASSIGNED_CONTEXT ( ( #8678 ) ) GLOBAL_UNIT_ASSIGNED_CONTEXT ( ( #194, #2666, #1077 ) ) REPRESENTATION_CONTEXT ( 'NONE', 'WORKASPACE' ) );
#4864 = DIRECTION ( 'NONE',  ( -0.8933250006747830430, 0.4466625002858897187, 0.04962916489078052912 ) ) ;
#4865 = ORIENTED_EDGE ( 'NONE', *, *, #3124, .T. ) ;
#4866 = CARTESIAN_POINT ( 'NONE',  ( 9.700000000000011724, 10.60000000000002274, 6.550000000000039790 ) ) ;
#4867 = EDGE_CURVE ( 'NONE', #6743, #6963, #5163, .T. ) ;
#4868 = DIRECTION ( 'NONE',  ( 2.019514764053892180E-15, -0.9701425001453377606, 0.2425356250363094601 ) ) ;
#4869 = PLANE ( 'NONE',  #1957 ) ;
#4870 = ORIENTED_EDGE ( 'NONE', *, *, #7423, .T. ) ;
#4871 = VERTEX_POINT ( 'NONE', #4425 ) ;
#4872 = SURFACE_STYLE_FILL_AREA ( #5043 ) ;
#4873 = EDGE_CURVE ( 'NONE', #276, #578, #506, .T. ) ;
#4874 = CARTESIAN_POINT ( 'NONE',  ( 1.399999999999997691, 8.959743461390676345, -4.645908219329946576 ) ) ;
#4875 = ORIENTED_EDGE ( 'NONE', *, *, #10033, .F. ) ;
#4876 = FILL_AREA_STYLE ('',( #5685 ) ) ;
#4877 = EDGE_CURVE ( 'NONE', #9001, #4448, #354, .T. ) ;
#4878 = EDGE_CURVE ( 'NONE', #10236, #51, #1232, .T. ) ;
#4879 = FACE_OUTER_BOUND ( 'NONE', #3539, .T. ) ;
#4880 = DIRECTION ( 'NONE',  ( -2.168404344971009657E-15, 0.3928571428571052682, -0.9195995135417112110 ) ) ;
#4881 = CARTESIAN_POINT ( 'NONE',  ( 11.00000000000000888, 5.200000000000025935, -1.354540768504962411 ) ) ;
#4882 = VERTEX_POINT ( 'NONE', #10071 ) ;
#4883 = VERTEX_POINT ( 'NONE', #1287 ) ;
#4884 = DIRECTION ( 'NONE',  ( 0.6000000000000014211, 9.867107131356048382E-16, 0.7999999999999990452 ) ) ;
#4885 = CARTESIAN_POINT ( 'NONE',  ( 8.000000000000031974, 11.55000000000002025, 13.35000000000005471 ) ) ;
#4886 = EDGE_CURVE ( 'NONE', #9589, #3269, #6135, .T. ) ;
#4887 = DIRECTION ( 'NONE',  ( -1.644517855226008195E-15, 1.000000000000000000, 2.890435660536364269E-30 ) ) ;
#4888 = ADVANCED_FACE ( 'NONE', ( #9412 ), #167, .T. ) ;
#4889 = ORIENTED_EDGE ( 'NONE', *, *, #1879, .T. ) ;
#4890 = SURFACE_STYLE_USAGE ( .BOTH. , #805 ) ;
#4891 = ADVANCED_FACE ( 'NONE', ( #9202 ), #4737, .T. ) ;
#4892 = ORIENTED_EDGE ( 'NONE', *, *, #2853, .F. ) ;
#4893 = DIRECTION ( 'NONE',  ( 1.644517855226008195E-15, -1.000000000000000000, -2.890435660536364269E-30 ) ) ;
#4894 = CARTESIAN_POINT ( 'NONE',  ( 11.00000000000000178, 11.75000000000002487, 1.750000000000037081 ) ) ;
#4895 = ORIENTED_EDGE ( 'NONE', *, *, #8607, .F. ) ;
#4896 = CARTESIAN_POINT ( 'NONE',  ( 11.00000000000000888, 7.450000000000025935, 0.8500000000000373923 ) ) ;
#4897 =( NAMED_UNIT ( * ) SI_UNIT ( $, .STERADIAN. ) SOLID_ANGLE_UNIT ( ) );
#4898 = EDGE_CURVE ( 'NONE', #3044, #4748, #4637, .T. ) ;
#4899 = CARTESIAN_POINT ( 'NONE',  ( 9.700000000000009948, 10.60000000000002274, 5.150000000000039435 ) ) ;
#4900 = CARTESIAN_POINT ( 'NONE',  ( 0.7400000000000236389, 4.200000000000009059, 6.350000000000055600 ) ) ;
#4901 = VERTEX_POINT ( 'NONE', #7996 ) ;
#4902 = DIRECTION ( 'NONE',  ( 1.748601263784621946E-15, 0.0000000000000000000, 1.000000000000000000 ) ) ;
#4903 = CARTESIAN_POINT ( 'NONE',  ( 0.5000000000000004441, 6.844714285714308843, -4.649999999999943512 ) ) ;
#4904 = DIRECTION ( 'NONE',  ( -1.644517855226007801E-15, 1.000000000000000000, 2.890435660536363568E-30 ) ) ;
#4905 = PLANE ( 'NONE',  #9073 ) ;
#4906 = FILL_AREA_STYLE ('',( #1664 ) ) ;
#4907 = CARTESIAN_POINT ( 'NONE',  ( -0.5999999999999651168, 4.200000000000007283, 12.65000000000005720 ) ) ;
#4908 = ORIENTED_EDGE ( 'NONE', *, *, #8026, .F. ) ;
#4909 = CARTESIAN_POINT ( 'NONE',  ( 9.800000000000007816, 7.394714285714323765, 0.6000000000000388356 ) ) ;
#4910 = ORIENTED_EDGE ( 'NONE', *, *, #7963, .F. ) ;
#4911 = ORIENTED_EDGE ( 'NONE', *, *, #1070, .T. ) ;
#4912 = LINE ( 'NONE', #1669, #8687 ) ;
#4913 = CARTESIAN_POINT ( 'NONE',  ( 3.950000000000025491, 7.144714285714313995, 10.35000000000004938 ) ) ;
#4914 = CARTESIAN_POINT ( 'NONE',  ( 0.7499999999999972244, 8.200000000000009948, -4.639999999999945501 ) ) ;
#4915 = VERTEX_POINT ( 'NONE', #7845 ) ;
#4916 = CARTESIAN_POINT ( 'NONE',  ( 9.699999999999990408, 10.60000000000002274, -6.649999999999960387 ) ) ;
#4917 = LINE ( 'NONE', #4190, #8039 ) ;
#4918 = CARTESIAN_POINT ( 'NONE',  ( 0.5000000000000386358, 0.7500000000000093259, 11.35000000000005471 ) ) ;
#4919 = ORIENTED_EDGE ( 'NONE', *, *, #1360, .F. ) ;
#4920 = EDGE_LOOP ( 'NONE', ( #136, #2565, #2297, #7206 ) ) ;
#4921 = DIRECTION ( 'NONE',  ( 1.644517855226007998E-15, -1.000000000000000000, -2.890435660536363919E-30 ) ) ;
#4922 = SURFACE_STYLE_FILL_AREA ( #7164 ) ;
#4923 = LINE ( 'NONE', #9930, #2621 ) ;
#4924 = VERTEX_POINT ( 'NONE', #10487 ) ;
#4925 = PLANE ( 'NONE',  #1783 ) ;
#4926 = CARTESIAN_POINT ( 'NONE',  ( 1.500000000000013545, 0.7500000000000111022, -3.649999999999946620 ) ) ;
#4927 = SURFACE_STYLE_FILL_AREA ( #9874 ) ;
#4928 = EDGE_CURVE ( 'NONE', #6061, #6216, #10333, .T. ) ;
#4929 = EDGE_CURVE ( 'NONE', #8848, #813, #6445, .T. ) ;
#4930 = PLANE ( 'NONE',  #8414 ) ;
#4931 = CARTESIAN_POINT ( 'NONE',  ( 2.399999999999999467, 7.650000000000011902, -4.149999999999947953 ) ) ;
#4932 = FACE_OUTER_BOUND ( 'NONE', #9806, .T. ) ;
#4933 = ORIENTED_EDGE ( 'NONE', *, *, #10156, .F. ) ;
#4934 = EDGE_LOOP ( 'NONE', ( #1988, #1133, #5740, #2931, #10148, #3253, #8618, #8735 ) ) ;
#4935 = COLOUR_RGB ( '',1.000000000000000000, 1.000000000000000000, 1.000000000000000000 ) ;
#4936 = CARTESIAN_POINT ( 'NONE',  ( 0.09999999999999072131, 10.60000000000000675, -6.649999999999943512 ) ) ;
#4937 = DIRECTION ( 'NONE',  ( 1.000000000000000000, 1.644517855226007998E-15, -1.748601263784621946E-15 ) ) ;
#4938 = FACE_OUTER_BOUND ( 'NONE', #7155, .T. ) ;
#4939 = CARTESIAN_POINT ( 'NONE',  ( 0.09999999999999072131, 10.60000000000000675, -6.649999999999943512 ) ) ;
#4940 = EDGE_LOOP ( 'NONE', ( #8963, #7160, #3875, #2578 ) ) ;
#4941 = DIRECTION ( 'NONE',  ( -1.668003342285391452E-15, 1.000000000000000000, 0.0000000000000000000 ) ) ;
#4942 = ADVANCED_FACE ( 'NONE', ( #1537 ), #8053, .T. ) ;
#4943 = ORIENTED_EDGE ( 'NONE', *, *, #993, .F. ) ;
#4944 = PLANE ( 'NONE',  #2813 ) ;
#4945 = EDGE_CURVE ( 'NONE', #7586, #1945, #8674, .T. ) ;
#4946 = CARTESIAN_POINT ( 'NONE',  ( -1.000000000000007772, 10.75000000000000533, -5.949999999999940670 ) ) ;
#4947 = ORIENTED_EDGE ( 'NONE', *, *, #283, .F. ) ;
#4948 = EDGE_CURVE ( 'NONE', #1256, #8280, #2977, .T. ) ;
#4949 = DIRECTION ( 'NONE',  ( -1.000000000000000000, -1.644517855226007998E-15, 1.748601263784621946E-15 ) ) ;
#4950 = CARTESIAN_POINT ( 'NONE',  ( 0.1000000000000045991, 9.638089535208006708, 0.3500000000000568767 ) ) ;
#4951 = CARTESIAN_POINT ( 'NONE',  ( 0.6000000000000085265, 8.200000000000009948, 1.395555555000055126 ) ) ;
#4952 = AXIS2_PLACEMENT_3D ( 'NONE', #6746, #6840, #4346 ) ;
#4953 = ORIENTED_EDGE ( 'NONE', *, *, #2983, .F. ) ;
#4954 = CARTESIAN_POINT ( 'NONE',  ( 1.800000000000020250, 6.844714285714310620, 6.315000000000053682 ) ) ;
#4955 = LINE ( 'NONE', #5766, #6147 ) ;
#4956 = PRESENTATION_LAYER_ASSIGNMENT (  '', '', ( #7516 ) ) ;
#4957 = EDGE_CURVE ( 'NONE', #2390, #8739, #5548, .T. ) ;
#4958 = MECHANICAL_DESIGN_GEOMETRIC_PRESENTATION_REPRESENTATION (  '', ( #3233 ), #3410 ) ;
#4959 = PLANE ( 'NONE',  #7590 ) ;
#4960 = DIRECTION ( 'NONE',  ( -0.9333456062030549560, 0.3589790793088810106, 1.632049306554485608E-15 ) ) ;
#4961 = VERTEX_POINT ( 'NONE', #10376 ) ;
#4962 = UNCERTAINTY_MEASURE_WITH_UNIT (LENGTH_MEASURE( 1.000000000000000082E-05 ), #4446, 'distance_accuracy_value', 'NONE');
#4963 = PRESENTATION_LAYER_ASSIGNMENT (  '', '', ( #9526 ) ) ;
#4964 = FACE_OUTER_BOUND ( 'NONE', #707, .T. ) ;
#4965 = LINE ( 'NONE', #7371, #2133 ) ;
#4966 = ORIENTED_EDGE ( 'NONE', *, *, #3328, .F. ) ;
#4967 = DIRECTION ( 'NONE',  ( -1.489513996486854122E-09, 1.000000000000000000, 7.237763924156027255E-10 ) ) ;
#4968 = ORIENTED_EDGE ( 'NONE', *, *, #7881, .T. ) ;
#4969 = EDGE_LOOP ( 'NONE', ( #9954, #5350, #854, #1552 ) ) ;
#4970 = DIRECTION ( 'NONE',  ( 1.748601263784621946E-15, 0.0000000000000000000, 1.000000000000000000 ) ) ;
#4971 = AXIS2_PLACEMENT_3D ( 'NONE', #3221, #78, #8772 ) ;
#4972 = AXIS2_PLACEMENT_3D ( 'NONE', #5943, #1623, #4868 ) ;
#4973 = CIRCLE ( 'NONE', #8860, 1.399999999999999023 ) ;
#4974 = ADVANCED_FACE ( 'NONE', ( #7900 ), #3071, .F. ) ;
#4975 = DIRECTION ( 'NONE',  ( -1.748601263784621748E-15, 0.0000000000000000000, -1.000000000000000000 ) ) ;
#4976 = VECTOR ( 'NONE', #1746, 1000.000000000000000 ) ;
#4977 = ORIENTED_EDGE ( 'NONE', *, *, #9945, .T. ) ;
#4978 = VECTOR ( 'NONE', #6246, 1000.000000000000000 ) ;
#4979 = DIRECTION ( 'NONE',  ( -1.000000000000000000, -1.644517855226007998E-15, 1.748601263784621946E-15 ) ) ;
#4980 = UNCERTAINTY_MEASURE_WITH_UNIT (LENGTH_MEASURE( 1.000000000000000082E-05 ), #214, 'distance_accuracy_value', 'NONE');
#4981 = FACE_OUTER_BOUND ( 'NONE', #7463, .T. ) ;
#4982 = CARTESIAN_POINT ( 'NONE',  ( 1.499999999999999556, 7.650000000000010125, -4.149999999999946176 ) ) ;
#4983 = VERTEX_POINT ( 'NONE', #4003 ) ;
#4984 = DIRECTION ( 'NONE',  ( -1.000000000000000000, -1.644517855226007801E-15, 1.748601263784621748E-15 ) ) ;
#4985 = ORIENTED_EDGE ( 'NONE', *, *, #8443, .T. ) ;
#4986 = LINE ( 'NONE', #5090, #2886 ) ;
#4987 = CARTESIAN_POINT ( 'NONE',  ( -0.9999999999999783507, 3.750000000000006217, 4.050000000000059330 ) ) ;
#4988 = EDGE_LOOP ( 'NONE', ( #1581, #1333, #926, #5784 ) ) ;
#4989 = DIRECTION ( 'NONE',  ( -0.9428090415820737924, -0.2357022603954949391, 0.2357022603954950224 ) ) ;
#4990 = COLOUR_RGB ( '',1.000000000000000000, 1.000000000000000000, 1.000000000000000000 ) ;
#4991 = VECTOR ( 'NONE', #439, 1000.000000000000000 ) ;
#4992 = AXIS2_PLACEMENT_3D ( 'NONE', #8321, #6882, #6733 ) ;
#4993 = LINE ( 'NONE', #3329, #1951 ) ;
#4994 = DIRECTION ( 'NONE',  ( -1.748601263784621946E-15, 0.0000000000000000000, -1.000000000000000000 ) ) ;
#4995 = ORIENTED_EDGE ( 'NONE', *, *, #6189, .T. ) ;
#4996 = PRESENTATION_LAYER_ASSIGNMENT (  '', '', ( #6348 ) ) ;
#4997 = LINE ( 'NONE', #6754, #1751 ) ;
#4998 = CARTESIAN_POINT ( 'NONE',  ( 1.400000000000026112, 7.650000000000010125, 10.85000000000005471 ) ) ;
#4999 = DIRECTION ( 'NONE',  ( -1.000000000000000000, -1.644517855226007998E-15, 1.748601263784621946E-15 ) ) ;
#5000 = EDGE_CURVE ( 'NONE', #1404, #2726, #7259, .T. ) ;
#5001 = EDGE_LOOP ( 'NONE', ( #4985, #6279, #7836, #9483, #9988 ) ) ;
#5002 = CARTESIAN_POINT ( 'NONE',  ( 1.400000000000015898, 8.960000000000009734, 5.356137671005056333 ) ) ;
#5003 = DIRECTION ( 'NONE',  ( -1.297538235904699311E-15, -0.2425356250363094601, -0.9701425001453377606 ) ) ;
#5004 = AXIS2_PLACEMENT_3D ( 'NONE', #5078, #7534, #9979 ) ;
#5005 = VECTOR ( 'NONE', #8989, 1000.000000000000114 ) ;
#5006 = COLOUR_RGB ( '',1.000000000000000000, 1.000000000000000000, 1.000000000000000000 ) ;
#5007 = ORIENTED_EDGE ( 'NONE', *, *, #8847, .T. ) ;
#5008 = PLANE ( 'NONE',  #7573 ) ;
#5009 = VERTEX_POINT ( 'NONE', #1334 ) ;
#5010 = CARTESIAN_POINT ( 'NONE',  ( 0.5000000000000281997, 0.7500000000000093259, 5.350000000000057376 ) ) ;
#5011 = EDGE_CURVE ( 'NONE', #2139, #6523, #6400, .T. ) ;
#5012 = PRESENTATION_STYLE_ASSIGNMENT (( #1703 ) ) ;
#5013 = CARTESIAN_POINT ( 'NONE',  ( 1.300000000000018252, 5.400000000000011013, 4.250000000000055067 ) ) ;
#5014 = CIRCLE ( 'NONE', #6366, 2.050000000001999556 ) ;
#5015 = ORIENTED_EDGE ( 'NONE', *, *, #1207, .F. ) ;
#5016 = DIRECTION ( 'NONE',  ( 0.4472135954999964524, 0.8944271909998966485, -7.819982582729584600E-16 ) ) ;
#5017 = EDGE_CURVE ( 'NONE', #8994, #2193, #8825, .T. ) ;
#5018 = STYLED_ITEM ( 'NONE', ( #4582 ), #11 ) ;
#5019 = ADVANCED_FACE ( 'NONE', ( #3227 ), #6657, .T. ) ;
#5020 =( NAMED_UNIT ( * ) SI_UNIT ( $, .STERADIAN. ) SOLID_ANGLE_UNIT ( ) );
#5021 = CARTESIAN_POINT ( 'NONE',  ( 0.7400000000000149791, 4.200000000000009059, 1.350000000000055156 ) ) ;
#5022 = EDGE_LOOP ( 'NONE', ( #336, #1311, #7797, #3416 ) ) ;
#5023 = PRESENTATION_LAYER_ASSIGNMENT (  '', '', ( #5194 ) ) ;
#5024 = CONICAL_SURFACE ( 'NONE', #777, 1.724999996680999459, 0.4636476090007538020 ) ;
#5025 = CYLINDRICAL_SURFACE ( 'NONE', #69, 1.300000000000000044 ) ;
#5026 = CARTESIAN_POINT ( 'NONE',  ( 11.00000000000000711, 5.200000000000025935, -1.945459231494963026 ) ) ;
#5027 = EDGE_LOOP ( 'NONE', ( #3281, #3359, #5377, #4248, #7870 ) ) ;
#5028 = DIRECTION ( 'NONE',  ( -1.000000000000000000, -1.644517855226007998E-15, 1.748601263784621946E-15 ) ) ;
#5029 = ORIENTED_EDGE ( 'NONE', *, *, #9044, .T. ) ;
#5030 = ORIENTED_EDGE ( 'NONE', *, *, #3697, .T. ) ;
#5031 = CARTESIAN_POINT ( 'NONE',  ( -0.9999999999999956701, 3.750000000000006217, -5.949999999999940670 ) ) ;
#5032 = CIRCLE ( 'NONE', #9089, 2.050000000001999556 ) ;
#5033 = ADVANCED_FACE ( 'NONE', ( #4168 ), #9734, .F. ) ;
#5034 = EDGE_CURVE ( 'NONE', #10000, #797, #3279, .T. ) ;
#5035 = DIRECTION ( 'NONE',  ( 1.748601263784621946E-15, 0.0000000000000000000, 1.000000000000000000 ) ) ;
#5036 = AXIS2_PLACEMENT_3D ( 'NONE', #5705, #4729, #4629 ) ;
#5037 = FACE_OUTER_BOUND ( 'NONE', #6582, .T. ) ;
#5038 = VERTEX_POINT ( 'NONE', #2449 ) ;
#5039 = CARTESIAN_POINT ( 'NONE',  ( -0.9999999999999991118, 10.75000000000000533, -0.9499999999999404476 ) ) ;
#5040 = CARTESIAN_POINT ( 'NONE',  ( 0.1000000000000323547, 5.400000000000009237, 12.85000000000005649 ) ) ;
#5041 = EDGE_LOOP ( 'NONE', ( #9449, #3756, #2303, #6822 ) ) ;
#5042 = CARTESIAN_POINT ( 'NONE',  ( 0.9357739704000129777, 8.199999999999709743, 4.313133392083054574 ) ) ;
#5043 = FILL_AREA_STYLE ('',( #947 ) ) ;
#5044 = EDGE_CURVE ( 'NONE', #5071, #9950, #7472, .T. ) ;
#5045 = ORIENTED_EDGE ( 'NONE', *, *, #6793, .T. ) ;
#5046 =( LENGTH_UNIT ( ) NAMED_UNIT ( * ) SI_UNIT ( .MILLI., .METRE. ) );
#5047 = FACE_OUTER_BOUND ( 'NONE', #9299, .T. ) ;
#5048 = ADVANCED_FACE ( 'NONE', ( #8884 ), #1707, .F. ) ;
#5049 = AXIS2_PLACEMENT_3D ( 'NONE', #3403, #4568, #2897 ) ;
#5050 = CARTESIAN_POINT ( 'NONE',  ( 0.1000000000000184769, 8.200000000000008171, 7.824841765813057570 ) ) ;
#5051 = DIRECTION ( 'NONE',  ( -1.000000000000000000, -1.644517855226007998E-15, 1.748601263784621946E-15 ) ) ;
#5052 = PLANE ( 'NONE',  #1114 ) ;
#5053 = ORIENTED_EDGE ( 'NONE', *, *, #8729, .F. ) ;
#5054 = DIRECTION ( 'NONE',  ( -1.644517855226008195E-15, 1.000000000000000000, 2.890435660536364269E-30 ) ) ;
#5055 = ORIENTED_EDGE ( 'NONE', *, *, #7714, .F. ) ;
#5056 = DIRECTION ( 'NONE',  ( -1.000000000000000000, -1.644517855226007801E-15, 1.748601263784621748E-15 ) ) ;
#5057 = CARTESIAN_POINT ( 'NONE',  ( 8.800000000000018474, 7.144714285714321989, 6.350000000000040501 ) ) ;
#5058 = CARTESIAN_POINT ( 'NONE',  ( 0.6000000000000240696, 8.200000000000009948, 10.30444444500005297 ) ) ;
#5059 = ORIENTED_EDGE ( 'NONE', *, *, #6781, .T. ) ;
#5060 = SURFACE_STYLE_USAGE ( .BOTH. , #5920 ) ;
#5061 = ORIENTED_EDGE ( 'NONE', *, *, #8089, .F. ) ;
#5062 = LINE ( 'NONE', #1761, #6327 ) ;
#5063 = DIRECTION ( 'NONE',  ( 1.000000000000000000, 1.644517855226007998E-15, -1.748601263784621748E-15 ) ) ;
#5064 = CARTESIAN_POINT ( 'NONE',  ( 8.799999999999998934, 7.144714285714321989, -4.649999999999958611 ) ) ;
#5065 = ORIENTED_EDGE ( 'NONE', *, *, #10118, .F. ) ;
#5066 = LINE ( 'NONE', #7361, #8072 ) ;
#5067 = EDGE_CURVE ( 'NONE', #6210, #10098, #10097, .T. ) ;
#5068 = EDGE_CURVE ( 'NONE', #3165, #2430, #3349, .T. ) ;
#5069 = DIRECTION ( 'NONE',  ( -1.748601263784621748E-15, 1.482966057179082451E-32, -1.000000000000000000 ) ) ;
#5070 = DIRECTION ( 'NONE',  ( -1.000000000000000000, -1.644517855226007998E-15, 1.748601263784621946E-15 ) ) ;
#5071 = VERTEX_POINT ( 'NONE', #3452 ) ;
#5072 = CARTESIAN_POINT ( 'NONE',  ( 9.699999995709006839, 5.400000000655023946, -1.271320343274960907 ) ) ;
#5073 = ORIENTED_EDGE ( 'NONE', *, *, #4234, .F. ) ;
#5074 = PLANE ( 'NONE',  #6461 ) ;
#5075 = ORIENTED_EDGE ( 'NONE', *, *, #8526, .F. ) ;
#5076 = ORIENTED_EDGE ( 'NONE', *, *, #4451, .F. ) ;
#5077 = CARTESIAN_POINT ( 'NONE',  ( 11.00000000000000000, 7.450000000000025935, -4.149999999999963052 ) ) ;
#5078 = CARTESIAN_POINT ( 'NONE',  ( 11.00000000000000533, 12.25000000000002487, 3.350000000000036060 ) ) ;
#5079 = EDGE_CURVE ( 'NONE', #3149, #9403, #6606, .T. ) ;
#5080 = FILL_AREA_STYLE_COLOUR ( '', #5006 ) ;
#5081 = ORIENTED_EDGE ( 'NONE', *, *, #9605, .T. ) ;
#5082 = UNCERTAINTY_MEASURE_WITH_UNIT (LENGTH_MEASURE( 1.000000000000000082E-05 ), #7271, 'distance_accuracy_value', 'NONE');
#5083 = CARTESIAN_POINT ( 'NONE',  ( 1.300000000000023359, 5.400000000000011013, 7.450000000000054357 ) ) ;
#5084 = PLANE ( 'NONE',  #9786 ) ;
#5085 = ADVANCED_FACE ( 'NONE', ( #9675 ), #5650, .T. ) ;
#5086 = EDGE_LOOP ( 'NONE', ( #2362, #642, #1580, #8815 ) ) ;
#5087 = PRESENTATION_STYLE_ASSIGNMENT (( #5135 ) ) ;
#5088 = EDGE_CURVE ( 'NONE', #5562, #2217, #7727, .T. ) ;
#5089 = ORIENTED_EDGE ( 'NONE', *, *, #391, .T. ) ;
#5090 = CARTESIAN_POINT ( 'NONE',  ( -0.9999999999999870104, 3.750000000000006217, -0.9499999999999404476 ) ) ;
#5091 = DIRECTION ( 'NONE',  ( -1.644517855226007998E-15, 1.000000000000000000, 2.875605999964573094E-30 ) ) ;
#5092 = ORIENTED_EDGE ( 'NONE', *, *, #5452, .F. ) ;
#5093 = CARTESIAN_POINT ( 'NONE',  ( 10.99999999999999822, 5.400000000000026112, -6.649999999999959499 ) ) ;
#5094 = ADVANCED_FACE ( 'NONE', ( #3510 ), #2702, .T. ) ;
#5095 = CARTESIAN_POINT ( 'NONE',  ( 2.500000000000012434, 3.750000000000012434, -0.9499999999999456657 ) ) ;
#5096 = LINE ( 'NONE', #5953, #3939 ) ;
#5097 = PLANE ( 'NONE',  #4505 ) ;
#5098 = EDGE_LOOP ( 'NONE', ( #6173, #5796, #3236, #3761 ) ) ;
#5099 = LINE ( 'NONE', #2589, #9544 ) ;
#5100 = ORIENTED_EDGE ( 'NONE', *, *, #3161, .F. ) ;
#5101 = DIRECTION ( 'NONE',  ( 1.000000000000000000, 1.644517855226007998E-15, -1.748601263784621946E-15 ) ) ;
#5102 = CARTESIAN_POINT ( 'NONE',  ( 9.700000000000009948, 10.60000000000002274, 5.150000000000039435 ) ) ;
#5103 = DIRECTION ( 'NONE',  ( -0.1788854381999993026, -2.941802971598303344E-16, 0.9838699100999045433 ) ) ;
#5104 = EDGE_CURVE ( 'NONE', #8052, #2735, #3553, .T. ) ;
#5105 = COLOUR_RGB ( '',1.000000000000000000, 1.000000000000000000, 1.000000000000000000 ) ;
#5106 = ORIENTED_EDGE ( 'NONE', *, *, #8347, .F. ) ;
#5107 = PLANE ( 'NONE',  #7051 ) ;
#5108 = ORIENTED_EDGE ( 'NONE', *, *, #4549, .F. ) ;
#5109 = LINE ( 'NONE', #5166, #7363 ) ;
#5110 = DIRECTION ( 'NONE',  ( 1.748601263784621946E-15, 0.0000000000000000000, 1.000000000000000000 ) ) ;
#5111 =( NAMED_UNIT ( * ) SI_UNIT ( $, .STERADIAN. ) SOLID_ANGLE_UNIT ( ) );
#5112 = LINE ( 'NONE', #5872, #776 ) ;
#5113 = ORIENTED_EDGE ( 'NONE', *, *, #5804, .T. ) ;
#5114 = CARTESIAN_POINT ( 'NONE',  ( 2.400000000000013234, 9.600000000000012079, 5.350000000000053824 ) ) ;
#5115 = VECTOR ( 'NONE', #5572, 1000.000000000000114 ) ;
#5116 = DIRECTION ( 'NONE',  ( 1.644517855226007998E-15, -1.000000000000000000, -2.875605999964573094E-30 ) ) ;
#5117 = LINE ( 'NONE', #1824, #1427 ) ;
#5118 = ORIENTED_EDGE ( 'NONE', *, *, #8757, .T. ) ;
#5119 = AXIS2_PLACEMENT_3D ( 'NONE', #3633, #7602, #5139 ) ;
#5120 = LINE ( 'NONE', #2972, #9721 ) ;
#5121 = CARTESIAN_POINT ( 'NONE',  ( 11.00000000000001599, 7.650000000000026112, 6.350000000000036948 ) ) ;
#5122 = ORIENTED_EDGE ( 'NONE', *, *, #8521, .T. ) ;
#5123 = ORIENTED_EDGE ( 'NONE', *, *, #5421, .F. ) ;
#5124 = LINE ( 'NONE', #3618, #388 ) ;
#5125 = CARTESIAN_POINT ( 'NONE',  ( 0.09999999999999766020, 7.100000000000008527, -6.649999999999943512 ) ) ;
#5126 = CARTESIAN_POINT ( 'NONE',  ( 1.850000000000004530, 6.250000000000010658, -2.649999999999947509 ) ) ;
#5127 = COLOUR_RGB ( '',1.000000000000000000, 1.000000000000000000, 1.000000000000000000 ) ;
#5128 = AXIS2_PLACEMENT_3D ( 'NONE', #3729, #10337, #662 ) ;
#5129 = DIRECTION ( 'NONE',  ( 1.644517855226007998E-15, -1.000000000000000000, 0.0000000000000000000 ) ) ;
#5130 = VERTEX_POINT ( 'NONE', #442 ) ;
#5131 = DIRECTION ( 'NONE',  ( -1.000000000000000000, -1.644517855226007801E-15, 1.748601263784621748E-15 ) ) ;
#5132 = DIRECTION ( 'NONE',  ( 1.000000000000000000, 1.644517855226007998E-15, -1.748601263784621946E-15 ) ) ;
#5133 = CARTESIAN_POINT ( 'NONE',  ( 3.950000000000017053, 7.144714285714313995, 5.350000000000050271 ) ) ;
#5134 = ORIENTED_EDGE ( 'NONE', *, *, #6123, .F. ) ;
#5135 = SURFACE_STYLE_USAGE ( .BOTH. , #294 ) ;
#5136 = VECTOR ( 'NONE', #5518, 1000.000000000000000 ) ;
#5137 = MECHANICAL_DESIGN_GEOMETRIC_PRESENTATION_REPRESENTATION (  '', ( #6324 ), #5998 ) ;
#5138 = ORIENTED_EDGE ( 'NONE', *, *, #1302, .T. ) ;
#5139 = DIRECTION ( 'NONE',  ( 1.706285386945153899E-15, -1.000000000000000000, 0.0000000000000000000 ) ) ;
#5140 = ORIENTED_EDGE ( 'NONE', *, *, #6765, .F. ) ;
#5141 = EDGE_CURVE ( 'NONE', #8513, #3142, #10062, .T. ) ;
#5142 = MECHANICAL_DESIGN_GEOMETRIC_PRESENTATION_REPRESENTATION (  '', ( #9360 ), #9890 ) ;
#5143 = EDGE_CURVE ( 'NONE', #9160, #2319, #7787, .T. ) ;
#5144 = VECTOR ( 'NONE', #10262, 1000.000000000000000 ) ;
#5145 = EDGE_CURVE ( 'NONE', #1612, #7466, #1095, .T. ) ;
#5146 = VECTOR ( 'NONE', #5427, 1000.000000000000000 ) ;
#5147 = LINE ( 'NONE', #4351, #7230 ) ;
#5148 = PRESENTATION_STYLE_ASSIGNMENT (( #327 ) ) ;
#5149 = VECTOR ( 'NONE', #1110, 1000.000000000000000 ) ;
#5150 = FILL_AREA_STYLE ('',( #8447 ) ) ;
#5151 = ORIENTED_EDGE ( 'NONE', *, *, #6711, .T. ) ;
#5152 = LINE ( 'NONE', #8392, #7186 ) ;
#5153 = ORIENTED_EDGE ( 'NONE', *, *, #7137, .T. ) ;
#5154 = DIRECTION ( 'NONE',  ( -1.644517855226008195E-15, 1.000000000000000000, 2.890435660536364269E-30 ) ) ;
#5155 = PRESENTATION_LAYER_ASSIGNMENT (  '', '', ( #10081 ) ) ;
#5156 = AXIS2_PLACEMENT_3D ( 'NONE', #5379, #6398, #3829 ) ;
#5157 = EDGE_CURVE ( 'NONE', #7722, #4571, #4371, .T. ) ;
#5158 = CARTESIAN_POINT ( 'NONE',  ( 10.99999999999998934, 5.400000000000026112, -11.64999999999995950 ) ) ;
#5159 = EDGE_CURVE ( 'NONE', #7032, #3394, #389, .T. ) ;
#5160 = VECTOR ( 'NONE', #9661, 1000.000000000000000 ) ;
#5161 = VERTEX_POINT ( 'NONE', #297 ) ;
#5162 = CARTESIAN_POINT ( 'NONE',  ( 11.00000000000000000, 7.450000000000025935, -4.149999999999963052 ) ) ;
#5163 = B_SPLINE_CURVE_WITH_KNOTS ( 'NONE', 3,
 ( #5180, #10130, #10225, #2869, #7680, #7798, #1138, #7637 ),
 .UNSPECIFIED., .F., .F.,
 ( 4, 1, 1, 1, 1, 4 ),
 ( 0.0000000000000000000, 0.2000000000000000111, 0.4000000000000000222, 0.5999999999999999778, 0.8000000000000000444, 1.000000000000000000 ),
 .UNSPECIFIED. ) ;
#5164 = PRESENTATION_STYLE_ASSIGNMENT (( #8461 ) ) ;
#5165 = ORIENTED_EDGE ( 'NONE', *, *, #4108, .F. ) ;
#5166 = CARTESIAN_POINT ( 'NONE',  ( -0.9999999999999956701, 3.750000000000006217, -5.949999999999940670 ) ) ;
#5167 = DIRECTION ( 'NONE',  ( -0.9883716976506226048, -1.625394904386490523E-15, 0.1520571842539051588 ) ) ;
#5168 = DIRECTION ( 'NONE',  ( -1.734723475976808672E-15, 1.000000000000000000, 0.0000000000000000000 ) ) ;
#5169 = ADVANCED_FACE ( 'NONE', ( #2810 ), #1068, .F. ) ;
#5170 = AXIS2_PLACEMENT_3D ( 'NONE', #5770, #8993, #5721 ) ;
#5171 = ADVANCED_FACE ( 'NONE', ( #4412 ), #8413, .T. ) ;
#5172 = CIRCLE ( 'NONE', #6188, 1.399999999999999467 ) ;
#5173 = CARTESIAN_POINT ( 'NONE',  ( 11.00000000000000888, 7.650000000000026112, 1.350000000000036948 ) ) ;
#5174 = LINE ( 'NONE', #9302, #430 ) ;
#5175 = VERTEX_POINT ( 'NONE', #6076 ) ;
#5176 = AXIS2_PLACEMENT_3D ( 'NONE', #6609, #8057, #4960 ) ;
#5177 = ORIENTED_EDGE ( 'NONE', *, *, #782, .T. ) ;
#5178 = DIRECTION ( 'NONE',  ( 0.9927080914950846546, -0.1205431253957962856, -1.735850623357525016E-15 ) ) ;
#5179 = ORIENTED_EDGE ( 'NONE', *, *, #8847, .F. ) ;
#5180 = CARTESIAN_POINT ( 'NONE',  ( 1.400000004427026656, 8.199999999929909578, 12.13743931658105346 ) ) ;
#5181 = CARTESIAN_POINT ( 'NONE',  ( 1.399032498223161225, 9.172820256114674109, 0.3500000000000546008 ) ) ;
#5182 = PRESENTATION_LAYER_ASSIGNMENT (  '', '', ( #9759 ) ) ;
#5183 = CARTESIAN_POINT ( 'NONE',  ( 10.34999999141859917, 7.450000000000024158, -4.149999999999962164 ) ) ;
#5184 = DIRECTION ( 'NONE',  ( -1.000000000000000000, -1.644517855226007998E-15, 1.748601263784621946E-15 ) ) ;
#5185 = ORIENTED_EDGE ( 'NONE', *, *, #7223, .F. ) ;
#5186 = LINE ( 'NONE', #1984, #1373 ) ;
#5187 =( GEOMETRIC_REPRESENTATION_CONTEXT ( 3 ) GLOBAL_UNCERTAINTY_ASSIGNED_CONTEXT ( ( #8784 ) ) GLOBAL_UNIT_ASSIGNED_CONTEXT ( ( #903, #134, #8101 ) ) REPRESENTATION_CONTEXT ( 'NONE', 'WORKASPACE' ) );
#5188 = DIRECTION ( 'NONE',  ( 1.644517855226008195E-15, -1.000000000000000000, -2.890435660536364269E-30 ) ) ;
#5189 = CARTESIAN_POINT ( 'NONE',  ( 0.5000000000000125455, 0.7500000000000093259, -3.649999999999944844 ) ) ;
#5190 = ORIENTED_EDGE ( 'NONE', *, *, #2661, .T. ) ;
#5191 = ORIENTED_EDGE ( 'NONE', *, *, #8400, .T. ) ;
#5192 = CARTESIAN_POINT ( 'NONE',  ( 8.800000000000000711, 7.144714285714321989, -3.649999999999959499 ) ) ;
#5193 = ORIENTED_EDGE ( 'NONE', *, *, #862, .F. ) ;
#5194 = STYLED_ITEM ( 'NONE', ( #5087 ), #341 ) ;
#5195 = VECTOR ( 'NONE', #9551, 1000.000000000000000 ) ;
#5196 = CIRCLE ( 'NONE', #6552, 1.299999999999999378 ) ;
#5197 = EDGE_CURVE ( 'NONE', #2055, #3866, #2011, .T. ) ;
#5198 = DIRECTION ( 'NONE',  ( 0.9486832980505243151, 1.560126622598782728E-15, 0.3162277660168062443 ) ) ;
#5199 = LINE ( 'NONE', #6103, #5638 ) ;
#5200 = EDGE_CURVE ( 'NONE', #1908, #6798, #493, .T. ) ;
#5201 = PRESENTATION_LAYER_ASSIGNMENT (  '', '', ( #8933 ) ) ;
#5202 = DIRECTION ( 'NONE',  ( 0.2425356250363078781, 0.9701425001453380936, -4.240981004512810209E-16 ) ) ;
#5203 = ORIENTED_EDGE ( 'NONE', *, *, #3955, .T. ) ;
#5204 = DIRECTION ( 'NONE',  ( 1.644517855226008195E-15, -1.000000000000000000, -2.890435660536364269E-30 ) ) ;
#5205 = ORIENTED_EDGE ( 'NONE', *, *, #6448, .F. ) ;
#5206 = AXIS2_PLACEMENT_3D ( 'NONE', #4157, #286, #851 ) ;
#5207 =( LENGTH_UNIT ( ) NAMED_UNIT ( * ) SI_UNIT ( .MILLI., .METRE. ) );
#5208 = CARTESIAN_POINT ( 'NONE',  ( 0.7500000000000163203, 7.611199771552088933, 5.360000000000054499 ) ) ;
#5209 = CARTESIAN_POINT ( 'NONE',  ( 1.800000000000011591, 6.844714285714310620, 1.315000000000053904 ) ) ;
#5210 = EDGE_CURVE ( 'NONE', #6621, #8593, #2857, .T. ) ;
#5211 = DIRECTION ( 'NONE',  ( 1.644517855226007998E-15, -1.000000000000000000, -2.890435660536363919E-30 ) ) ;
#5212 = COLOUR_RGB ( '',1.000000000000000000, 1.000000000000000000, 1.000000000000000000 ) ;
#5213 = VERTEX_POINT ( 'NONE', #8563 ) ;
#5214 = ADVANCED_FACE ( 'NONE', ( #1274 ), #4526, .F. ) ;
#5215 = CARTESIAN_POINT ( 'NONE',  ( 0.7433105578600277541, 7.601972579975209143, 11.34668944214205588 ) ) ;
#5216 = FILL_AREA_STYLE ('',( #7567 ) ) ;
#5217 = ORIENTED_EDGE ( 'NONE', *, *, #2906, .T. ) ;
#5218 = DIRECTION ( 'NONE',  ( 1.000000000000000000, 1.644517855226007801E-15, -1.748601263784621748E-15 ) ) ;
#5219 = CARTESIAN_POINT ( 'NONE',  ( 0.7500000000000093259, 7.611199771552088933, 1.340000000000055591 ) ) ;
#5220 = ADVANCED_FACE ( 'NONE', ( #2326 ), #7124, .F. ) ;
#5221 = DIRECTION ( 'NONE',  ( 0.9333456062030537348, 0.3589790793088840637, -1.632049306554483636E-15 ) ) ;
#5222 = EDGE_LOOP ( 'NONE', ( #7741, #9791, #362, #5785, #5665 ) ) ;
#5223 = ADVANCED_FACE ( 'NONE', ( #542 ), #4573, .T. ) ;
#5224 =( NAMED_UNIT ( * ) PLANE_ANGLE_UNIT ( ) SI_UNIT ( $, .RADIAN. ) );
#5225 = CARTESIAN_POINT ( 'NONE',  ( -0.3999999999999819811, 6.450000000000008171, 5.110000000000056275 ) ) ;
#5226 = ORIENTED_EDGE ( 'NONE', *, *, #8423, .T. ) ;
#5227 = SURFACE_STYLE_FILL_AREA ( #4906 ) ;
#5228 = ORIENTED_EDGE ( 'NONE', *, *, #6063, .F. ) ;
#5229 = DIRECTION ( 'NONE',  ( 1.748601263784621946E-15, 0.0000000000000000000, 1.000000000000000000 ) ) ;
#5230 = FACE_OUTER_BOUND ( 'NONE', #9142, .T. ) ;
#5231 = VERTEX_POINT ( 'NONE', #6325 ) ;
#5232 = LINE ( 'NONE', #4382, #255 ) ;
#5233 =( NAMED_UNIT ( * ) PLANE_ANGLE_UNIT ( ) SI_UNIT ( $, .RADIAN. ) );
#5234 = DIRECTION ( 'NONE',  ( -1.644517855226008195E-15, 1.000000000000000000, 2.890435660536364269E-30 ) ) ;
#5235 = EDGE_CURVE ( 'NONE', #6077, #5243, #3926, .T. ) ;
#5236 = CARTESIAN_POINT ( 'NONE',  ( 2.399999999999997691, 7.100000000000012079, -6.649999999999947065 ) ) ;
#5237 = ORIENTED_EDGE ( 'NONE', *, *, #431, .T. ) ;
#5238 = DIRECTION ( 'NONE',  ( -0.9333456062030549560, 0.3589790793088810106, 1.632049306554485608E-15 ) ) ;
#5239 = DIRECTION ( 'NONE',  ( 1.748601263784621946E-15, 0.0000000000000000000, 1.000000000000000000 ) ) ;
#5240 = ORIENTED_EDGE ( 'NONE', *, *, #2248, .T. ) ;
#5241 = EDGE_LOOP ( 'NONE', ( #8190, #4243, #1092, #6409, #5605, #786 ) ) ;
#5242 = CARTESIAN_POINT ( 'NONE',  ( 9.799999999999997158, 7.894714285714324653, -4.399999999999961275 ) ) ;
#5243 = VERTEX_POINT ( 'NONE', #9498 ) ;
#5244 = CARTESIAN_POINT ( 'NONE',  ( 0.1000000000000236811, 5.400000000000009237, 7.850000000000056488 ) ) ;
#5245 = DIRECTION ( 'NONE',  ( -1.644517855226008195E-15, 1.000000000000000000, 2.890435660536364269E-30 ) ) ;
#5246 = CARTESIAN_POINT ( 'NONE',  ( 0.7466439969400079368, 7.606602420031609135, 0.3566439969390558518 ) ) ;
#5247 = ORIENTED_EDGE ( 'NONE', *, *, #8210, .T. ) ;
#5248 = ORIENTED_EDGE ( 'NONE', *, *, #4945, .T. ) ;
#5249 = DIRECTION ( 'NONE',  ( 0.2425356250363110422, -0.9701425001453373165, -4.240981004512866908E-16 ) ) ;
#5250 = CARTESIAN_POINT ( 'NONE',  ( 1.125000000000011324, 6.200000000000009059, 1.340000000000054703 ) ) ;
#5251 = EDGE_LOOP ( 'NONE', ( #9253, #10411, #35, #6355, #249, #3668, #5922, #7958 ) ) ;
#5252 = CARTESIAN_POINT ( 'NONE',  ( -0.9999999999999852340, 10.75000000000000533, 7.650000000000058087 ) ) ;
#5253 =( NAMED_UNIT ( * ) PLANE_ANGLE_UNIT ( ) SI_UNIT ( $, .RADIAN. ) );
#5254 = ORIENTED_EDGE ( 'NONE', *, *, #5143, .T. ) ;
#5255 = CARTESIAN_POINT ( 'NONE',  ( 0.7500000000000163203, 7.611199771552088933, 5.360000000000054499 ) ) ;
#5256 =( NAMED_UNIT ( * ) PLANE_ANGLE_UNIT ( ) SI_UNIT ( $, .RADIAN. ) );
#5257 = ORIENTED_EDGE ( 'NONE', *, *, #8468, .T. ) ;
#5258 = LINE ( 'NONE', #8506, #7866 ) ;
#5259 = EDGE_CURVE ( 'NONE', #367, #5130, #7183, .T. ) ;
#5260 = STYLED_ITEM ( 'NONE', ( #6603 ), #9980 ) ;
#5261 = EDGE_CURVE ( 'NONE', #2236, #5175, #4681, .T. ) ;
#5262 = ADVANCED_FACE ( 'NONE', ( #10267 ), #3011, .T. ) ;
#5263 = VERTEX_POINT ( 'NONE', #2169 ) ;
#5264 = SURFACE_STYLE_USAGE ( .BOTH. , #4530 ) ;
#5265 = DIRECTION ( 'NONE',  ( -0.9984603535126307383, -1.641985879086793353E-15, 0.05547001409259343097 ) ) ;
#5266 = ORIENTED_EDGE ( 'NONE', *, *, #4769, .T. ) ;
#5267 = ORIENTED_EDGE ( 'NONE', *, *, #4598, .F. ) ;
#5268 = DIRECTION ( 'NONE',  ( 0.2357022603954955775, -0.9428090415820740144, 0.2357022603954931905 ) ) ;
#5269 = DIRECTION ( 'NONE',  ( 1.000000000000000000, 1.644517855226007998E-15, -1.748601263784621748E-15 ) ) ;
#5270 = EDGE_LOOP ( 'NONE', ( #7734, #2211, #9657, #4892 ) ) ;
#5271 = DIRECTION ( 'NONE',  ( -1.748601263784621946E-15, 0.0000000000000000000, -1.000000000000000000 ) ) ;
#5272 = FACE_OUTER_BOUND ( 'NONE', #4659, .T. ) ;
#5273 = MECHANICAL_DESIGN_GEOMETRIC_PRESENTATION_REPRESENTATION (  '', ( #2376 ), #3045 ) ;
#5274 = ORIENTED_EDGE ( 'NONE', *, *, #655, .T. ) ;
#5275 = DIRECTION ( 'NONE',  ( -1.000000000000000000, -1.644517855226007998E-15, 1.748601263784621946E-15 ) ) ;
#5276 = DIRECTION ( 'NONE',  ( -1.644517855226007998E-15, 1.000000000000000000, 2.890435660536363919E-30 ) ) ;
#5277 = CARTESIAN_POINT ( 'NONE',  ( 9.699999999999993960, 10.60000000000002274, -4.849999999999961453 ) ) ;
#5278 = ADVANCED_FACE ( 'NONE', ( #5420 ), #3215, .T. ) ;
#5279 = CONICAL_SURFACE ( 'NONE', #5119, 3.049999998679999269, 0.1526493283952326530 ) ;
#5280 = CARTESIAN_POINT ( 'NONE',  ( 2.399999999999997691, 7.100000000000012079, -6.649999999999947065 ) ) ;
#5281 = LINE ( 'NONE', #8587, #3248 ) ;
#5282 = DIRECTION ( 'NONE',  ( -1.644517855226008195E-15, 1.000000000000000000, 2.890435660536364269E-30 ) ) ;
#5283 = EDGE_LOOP ( 'NONE', ( #10195, #9842, #6968, #3924, #4606, #9831, #2284, #10382, #8331, #3461, #6392, #10011, #6616, #6223 ) ) ;
#5284 = DIRECTION ( 'NONE',  ( -2.168404344971008868E-15, 0.3928571428571051571, -0.9195995135417113220 ) ) ;
#5285 = ORIENTED_EDGE ( 'NONE', *, *, #3990, .T. ) ;
#5286 = FACE_OUTER_BOUND ( 'NONE', #2768, .T. ) ;
#5287 = ORIENTED_EDGE ( 'NONE', *, *, #7423, .F. ) ;
#5288 = AXIS2_PLACEMENT_3D ( 'NONE', #6401, #7997, #10431 ) ;
#5289 = ADVANCED_FACE ( 'NONE', ( #7343 ), #9, .T. ) ;
#5290 = VECTOR ( 'NONE', #5519, 1000.000000000000114 ) ;
#5291 = ADVANCED_FACE ( 'NONE', ( #9722 ), #6433, .T. ) ;
#5292 = AXIS2_PLACEMENT_3D ( 'NONE', #8939, #5592, #3066 ) ;
#5293 = LINE ( 'NONE', #6058, #774 ) ;
#5294 = DIRECTION ( 'NONE',  ( -1.748601263784621946E-15, 0.0000000000000000000, -1.000000000000000000 ) ) ;
#5295 = ORIENTED_EDGE ( 'NONE', *, *, #9014, .F. ) ;
#5296 = ORIENTED_EDGE ( 'NONE', *, *, #10407, .T. ) ;
#5297 = PRESENTATION_LAYER_ASSIGNMENT (  '', '', ( #4624 ) ) ;
#5298 = LINE ( 'NONE', #8698, #8227 ) ;
#5299 = ORIENTED_EDGE ( 'NONE', *, *, #5517, .F. ) ;
#5300 = DIRECTION ( 'NONE',  ( 1.644517855226007998E-15, -1.000000000000000000, 0.0000000000000000000 ) ) ;
#5301 = VECTOR ( 'NONE', #6012, 1000.000000000000000 ) ;
#5302 = AXIS2_PLACEMENT_3D ( 'NONE', #8377, #8435, #8529 ) ;
#5303 = VERTEX_POINT ( 'NONE', #9837 ) ;
#5304 = DIRECTION ( 'NONE',  ( -1.644517855226008195E-15, 1.000000000000000000, 2.890435660536364269E-30 ) ) ;
#5305 = EDGE_CURVE ( 'NONE', #4404, #512, #2538, .T. ) ;
#5306 = PRESENTATION_LAYER_ASSIGNMENT (  '', '', ( #4131 ) ) ;
#5307 = DIRECTION ( 'NONE',  ( -1.000000000000000000, -1.644517855226007998E-15, 1.748601263784621946E-15 ) ) ;
#5308 = CARTESIAN_POINT ( 'NONE',  ( 1.399516249111600219, 9.386410128057342206, 10.35000000000005471 ) ) ;
#5309 = ORIENTED_EDGE ( 'NONE', *, *, #5524, .T. ) ;
#5310 = CARTESIAN_POINT ( 'NONE',  ( 9.700000000000006395, 12.25000000000002309, 5.150000000000038547 ) ) ;
#5311 = DIRECTION ( 'NONE',  ( 0.9701425001453373165, 0.2425356250363110422, -1.696392401805309466E-15 ) ) ;
#5312 = AXIS2_PLACEMENT_3D ( 'NONE', #502, #1484, #3934 ) ;
#5313 = ORIENTED_EDGE ( 'NONE', *, *, #4569, .T. ) ;
#5314 = EDGE_CURVE ( 'NONE', #9321, #1344, #10307, .T. ) ;
#5315 = VECTOR ( 'NONE', #4428, 1000.000000000000000 ) ;
#5316 = PRESENTATION_STYLE_ASSIGNMENT (( #5264 ) ) ;
#5317 = PLANE ( 'NONE',  #2949 ) ;
#5318 = ORIENTED_EDGE ( 'NONE', *, *, #10092, .F. ) ;
#5319 = ORIENTED_EDGE ( 'NONE', *, *, #677, .F. ) ;
#5320 = CARTESIAN_POINT ( 'NONE',  ( 11.00000000000000533, 4.299999999999831957, -4.149999999999963052 ) ) ;
#5321 = MECHANICAL_DESIGN_GEOMETRIC_PRESENTATION_REPRESENTATION (  '', ( #8236 ), #7897 ) ;
#5322 = ADVANCED_FACE ( 'NONE', ( #3205 ), #8858, .F. ) ;
#5323 = CARTESIAN_POINT ( 'NONE',  ( 9.800000000000016698, 8.144714285714323765, 6.350000000000038725 ) ) ;
#5324 = DIRECTION ( 'NONE',  ( 0.9838699100999044322, 1.617991634378899626E-15, 0.1788854381999992749 ) ) ;
#5325 = CARTESIAN_POINT ( 'NONE',  ( 1.955294117647018659, 8.144714285714311330, 6.315000000000052793 ) ) ;
#5326 = VECTOR ( 'NONE', #9834, 1000.000000000000000 ) ;
#5327 = ORIENTED_EDGE ( 'NONE', *, *, #6074, .T. ) ;
#5328 = SURFACE_STYLE_FILL_AREA ( #2824 ) ;
#5329 = LINE ( 'NONE', #6985, #7686 ) ;
#5330 = EDGE_CURVE ( 'NONE', #9110, #10369, #8242, .T. ) ;
#5331 = EDGE_CURVE ( 'NONE', #9241, #5071, #1341, .T. ) ;
#5332 = FACE_OUTER_BOUND ( 'NONE', #7013, .T. ) ;
#5333 = VECTOR ( 'NONE', #8266, 1000.000000000000000 ) ;
#5334 = LINE ( 'NONE', #5236, #3280 ) ;
#5335 = LINE ( 'NONE', #8585, #7682 ) ;
#5336 = EDGE_CURVE ( 'NONE', #6084, #2590, #4993, .T. ) ;
#5337 = CARTESIAN_POINT ( 'NONE',  ( 9.700000000000006395, 5.400000000000024336, -1.271320343559959376 ) ) ;
#5338 = FACE_OUTER_BOUND ( 'NONE', #10352, .T. ) ;
#5339 = EDGE_CURVE ( 'NONE', #9647, #733, #6528, .T. ) ;
#5340 = EDGE_LOOP ( 'NONE', ( #3847, #7383, #1809, #5982, #4750, #7075 ) ) ;
#5341 = ORIENTED_EDGE ( 'NONE', *, *, #8597, .F. ) ;
#5342 = LINE ( 'NONE', #468, #8842 ) ;
#5343 = ORIENTED_EDGE ( 'NONE', *, *, #2159, .F. ) ;
#5344 = VECTOR ( 'NONE', #192, 1000.000000000000000 ) ;
#5345 = VECTOR ( 'NONE', #3200, 1000.000000000000227 ) ;
#5346 = DIRECTION ( 'NONE',  ( -1.000000000000000000, -1.644517855226007998E-15, 1.748601263784621946E-15 ) ) ;
#5347 = EDGE_CURVE ( 'NONE', #4448, #2646, #8135, .T. ) ;
#5348 = ORIENTED_EDGE ( 'NONE', *, *, #9224, .T. ) ;
#5349 = CIRCLE ( 'NONE', #443, 0.9999999999999997780 ) ;
#5350 = ORIENTED_EDGE ( 'NONE', *, *, #7684, .T. ) ;
#5351 = DIRECTION ( 'NONE',  ( 1.644517855226007998E-15, -1.000000000000000000, -2.875605999964573094E-30 ) ) ;
#5352 = CARTESIAN_POINT ( 'NONE',  ( 0.6000000000000258460, 8.200000000000009948, 11.39555555500005468 ) ) ;
#5353 = STYLED_ITEM ( 'NONE', ( #2469 ), #6690 ) ;
#5354 = DIRECTION ( 'NONE',  ( 0.9838699100999038771, 1.617991634378899823E-15, -0.1788854382000027443 ) ) ;
#5355 = ORIENTED_EDGE ( 'NONE', *, *, #3783, .T. ) ;
#5356 = EDGE_CURVE ( 'NONE', #7584, #1822, #4036, .T. ) ;
#5357 = VECTOR ( 'NONE', #7187, 1000.000000000000000 ) ;
#5358 = FACE_OUTER_BOUND ( 'NONE', #2940, .T. ) ;
#5359 = CIRCLE ( 'NONE', #1284, 1.299999999999999378 ) ;
#5360 = COLOUR_RGB ( '',1.000000000000000000, 1.000000000000000000, 1.000000000000000000 ) ;
#5361 = CARTESIAN_POINT ( 'NONE',  ( 1.500000000000027311, 8.109625349781611092, 11.34000000000005315 ) ) ;
#5362 = VECTOR ( 'NONE', #1699, 1000.000000000000000 ) ;
#5363 = DIRECTION ( 'NONE',  ( 1.000000000000000000, 1.644517855226007998E-15, -1.748601263784621748E-15 ) ) ;
#5364 = VERTEX_POINT ( 'NONE', #4246 ) ;
#5365 = CARTESIAN_POINT ( 'NONE',  ( 8.800000000000016698, 7.144714285714321989, 5.350000000000041389 ) ) ;
#5366 = DIRECTION ( 'NONE',  ( -1.644517855226007998E-15, 1.000000000000000000, 2.890435660536363919E-30 ) ) ;
#5367 = LINE ( 'NONE', #8614, #9059 ) ;
#5368 = ORIENTED_EDGE ( 'NONE', *, *, #7628, .T. ) ;
#5369 = LINE ( 'NONE', #7079, #9538 ) ;
#5370 = CARTESIAN_POINT ( 'NONE',  ( 1.500000000000022204, -0.2499999999999889533, 1.350000000000053380 ) ) ;
#5371 = AXIS2_PLACEMENT_3D ( 'NONE', #4829, #7982, #592 ) ;
#5372 = ORIENTED_EDGE ( 'NONE', *, *, #8767, .F. ) ;
#5373 = AXIS2_PLACEMENT_3D ( 'NONE', #3812, #7074, #6378 ) ;
#5374 = DIRECTION ( 'NONE',  ( 1.644517855226008195E-15, -1.000000000000000000, -2.890435660536364269E-30 ) ) ;
#5375 = DIRECTION ( 'NONE',  ( 1.644517855226007998E-15, -1.000000000000000000, -2.890435660536363919E-30 ) ) ;
#5376 = ORIENTED_EDGE ( 'NONE', *, *, #10342, .F. ) ;
#5377 = ORIENTED_EDGE ( 'NONE', *, *, #2392, .F. ) ;
#5378 = LINE ( 'NONE', #5479, #2402 ) ;
#5379 = CARTESIAN_POINT ( 'NONE',  ( 0.5000000000000125455, -0.2499999999999906741, -3.649999999999944844 ) ) ;
#5380 = CARTESIAN_POINT ( 'NONE',  ( 0.7400000000000305223, 4.200000000000009059, 10.35000000000005294 ) ) ;
#5381 = EDGE_LOOP ( 'NONE', ( #4826, #9493, #8167, #1048 ) ) ;
#5382 = VERTEX_POINT ( 'NONE', #9709 ) ;
#5383 = DIRECTION ( 'NONE',  ( -1.644517855226008195E-15, 1.000000000000000000, 2.890435660536364269E-30 ) ) ;
#5384 = DIRECTION ( 'NONE',  ( -1.644517855226007998E-15, 1.000000000000000000, 2.875605999964573094E-30 ) ) ;
#5385 = ADVANCED_FACE ( 'NONE', ( #7284 ), #6474, .F. ) ;
#5386 = DIRECTION ( 'NONE',  ( 0.9927080914950846546, -0.1205431253957962856, -1.735850623357525016E-15 ) ) ;
#5387 = FACE_OUTER_BOUND ( 'NONE', #2868, .T. ) ;
#5388 = UNCERTAINTY_MEASURE_WITH_UNIT (LENGTH_MEASURE( 1.000000000000000082E-05 ), #8568, 'distance_accuracy_value', 'NONE');
#5389 = DIRECTION ( 'NONE',  ( 1.748601263784621748E-15, 0.0000000000000000000, 1.000000000000000000 ) ) ;
#5390 = PRESENTATION_STYLE_ASSIGNMENT (( #2137 ) ) ;
#5391 = ORIENTED_EDGE ( 'NONE', *, *, #5466, .F. ) ;
#5392 = PRESENTATION_STYLE_ASSIGNMENT (( #2141 ) ) ;
#5393 = VERTEX_POINT ( 'NONE', #999 ) ;
#5394 = DIRECTION ( 'NONE',  ( -1.000000000000000000, -1.644517855226007998E-15, 1.748601263784621946E-15 ) ) ;
#5395 = EDGE_LOOP ( 'NONE', ( #9079, #8267, #6011, #5566, #8474, #5045, #4740, #3694 ) ) ;
#5396 = EDGE_CURVE ( 'NONE', #2319, #8925, #7577, .T. ) ;
#5397 = EDGE_CURVE ( 'NONE', #2139, #21, #9772, .T. ) ;
#5398 = CARTESIAN_POINT ( 'NONE',  ( 9.699999999999993960, 10.60000000000002274, -4.849999999999961453 ) ) ;
#5399 = SURFACE_STYLE_FILL_AREA ( #4552 ) ;
#5400 = EDGE_CURVE ( 'NONE', #7265, #1046, #5032, .T. ) ;
#5401 = CARTESIAN_POINT ( 'NONE',  ( 1.400000000000024558, 8.960000000000009734, 10.35613767100505456 ) ) ;
#5402 = DIRECTION ( 'NONE',  ( 1.748601263784621946E-15, 0.0000000000000000000, 1.000000000000000000 ) ) ;
#5403 = FILL_AREA_STYLE ('',( #8796 ) ) ;
#5404 = VERTEX_POINT ( 'NONE', #8967 ) ;
#5405 = ORIENTED_EDGE ( 'NONE', *, *, #8159, .T. ) ;
#5406 = CARTESIAN_POINT ( 'NONE',  ( 1.800000000000020250, 6.844714285714310620, 6.340000000000054037 ) ) ;
#5407 = CARTESIAN_POINT ( 'NONE',  ( 3.950000000000009948, 7.144714285714313995, 1.350000000000049161 ) ) ;
#5408 = ORIENTED_EDGE ( 'NONE', *, *, #974, .F. ) ;
#5409 = CARTESIAN_POINT ( 'NONE',  ( 0.1000000000000323547, 5.400000000000009237, 12.85000000000005649 ) ) ;
#5410 = ADVANCED_FACE ( 'NONE', ( #4879 ), #4930, .F. ) ;
#5411 = SURFACE_STYLE_USAGE ( .BOTH. , #587 ) ;
#5412 = FACE_OUTER_BOUND ( 'NONE', #9125, .T. ) ;
#5413 = PRESENTATION_STYLE_ASSIGNMENT (( #1364 ) ) ;
#5414 = VERTEX_POINT ( 'NONE', #5050 ) ;
#5415 = LINE ( 'NONE', #591, #8871 ) ;
#5416 = CARTESIAN_POINT ( 'NONE',  ( 9.700000000000009948, 10.60000000000002274, 5.150000000000039435 ) ) ;
#5417 = DIRECTION ( 'NONE',  ( -1.000000000000000000, -1.644517855226007998E-15, 1.748601263784621946E-15 ) ) ;
#5418 = VERTEX_POINT ( 'NONE', #5690 ) ;
#5419 = CARTESIAN_POINT ( 'NONE',  ( 0.7400000000000322986, 4.200000000000009059, 11.35000000000005471 ) ) ;
#5420 = FACE_OUTER_BOUND ( 'NONE', #9845, .T. ) ;
#5421 = EDGE_CURVE ( 'NONE', #6416, #6127, #10450, .T. ) ;
#5422 = ORIENTED_EDGE ( 'NONE', *, *, #3396, .F. ) ;
#5423 = CARTESIAN_POINT ( 'NONE',  ( 0.7400000000000045430, 4.200000000000009059, -4.649999999999945288 ) ) ;
#5424 = FACE_OUTER_BOUND ( 'NONE', #2313, .T. ) ;
#5425 = VERTEX_POINT ( 'NONE', #121 ) ;
#5426 = DIRECTION ( 'NONE',  ( -2.168404344971009657E-15, 0.3928571428571052682, -0.9195995135417112110 ) ) ;
#5427 = DIRECTION ( 'NONE',  ( 1.000000000000000000, 1.644517855226007998E-15, -1.748601263784621946E-15 ) ) ;
#5428 = DIRECTION ( 'NONE',  ( -0.7999999999999989342, -1.315614284180806122E-15, 0.6000000000000013101 ) ) ;
#5429 = DIRECTION ( 'NONE',  ( -1.748601263784621946E-15, 0.0000000000000000000, -1.000000000000000000 ) ) ;
#5430 = VERTEX_POINT ( 'NONE', #9016 ) ;
#5431 = FACE_OUTER_BOUND ( 'NONE', #1995, .T. ) ;
#5432 =( NAMED_UNIT ( * ) PLANE_ANGLE_UNIT ( ) SI_UNIT ( $, .RADIAN. ) );
#5433 = VECTOR ( 'NONE', #8207, 1000.000000000000000 ) ;
#5434 = CARTESIAN_POINT ( 'NONE',  ( 1.400000000000008793, 8.960000000000009734, 1.343862328995053756 ) ) ;
#5435 = DIRECTION ( 'NONE',  ( -0.9333456062030549560, 0.3589790793088810106, 1.632049306554485608E-15 ) ) ;
#5436 = DIRECTION ( 'NONE',  ( -1.000000000000000000, -1.644517855226007801E-15, 1.748601263784621748E-15 ) ) ;
#5437 = EDGE_CURVE ( 'NONE', #1893, #265, #174, .T. ) ;
#5438 = ORIENTED_EDGE ( 'NONE', *, *, #5079, .T. ) ;
#5439 =( NAMED_UNIT ( * ) PLANE_ANGLE_UNIT ( ) SI_UNIT ( $, .RADIAN. ) );
#5440 = LINE ( 'NONE', #10141, #3487 ) ;
#5441 = VERTEX_POINT ( 'NONE', #9074 ) ;
#5442 = SURFACE_SIDE_STYLE ('',( #9640 ) ) ;
#5443 = DIRECTION ( 'NONE',  ( 1.000000000000000000, 1.644517855226007998E-15, -1.748601263784621946E-15 ) ) ;
#5444 = VERTEX_POINT ( 'NONE', #1803 ) ;
#5445 = AXIS2_PLACEMENT_3D ( 'NONE', #6580, #4078, #9068 ) ;
#5446 = CARTESIAN_POINT ( 'NONE',  ( 2.399999999999947509, 9.600000000000012079, -32.72199999999994446 ) ) ;
#5447 = CARTESIAN_POINT ( 'NONE',  ( 11.00000000000002309, 7.650000000000026112, 10.38500000000003709 ) ) ;
#5448 =( NAMED_UNIT ( * ) SI_UNIT ( $, .STERADIAN. ) SOLID_ANGLE_UNIT ( ) );
#5449 = DIRECTION ( 'NONE',  ( -1.297538235904699311E-15, -0.2425356250363094601, -0.9701425001453377606 ) ) ;
#5450 = ORIENTED_EDGE ( 'NONE', *, *, #9824, .F. ) ;
#5451 = ORIENTED_EDGE ( 'NONE', *, *, #1719, .F. ) ;
#5452 = EDGE_CURVE ( 'NONE', #6127, #2130, #7494, .T. ) ;
#5453 = LINE ( 'NONE', #6263, #2767 ) ;
#5454 = SURFACE_SIDE_STYLE ('',( #9329 ) ) ;
#5455 = ORIENTED_EDGE ( 'NONE', *, *, #10030, .F. ) ;
#5456 = AXIS2_PLACEMENT_3D ( 'NONE', #890, #6587, #2586 ) ;
#5457 = SURFACE_STYLE_USAGE ( .BOTH. , #639 ) ;
#5458 = EDGE_CURVE ( 'NONE', #9583, #9425, #3537, .T. ) ;
#5459 = VECTOR ( 'NONE', #10334, 1000.000000000000000 ) ;
#5460 = PLANE ( 'NONE',  #1900 ) ;
#5461 = DIRECTION ( 'NONE',  ( -0.9883716976506232710, 0.1520571842539018281, 1.728267999600831987E-15 ) ) ;
#5462 = CARTESIAN_POINT ( 'NONE',  ( -0.1999999993499944340, 8.599999999630806968, 0.2600000022150578127 ) ) ;
#5463 = EDGE_LOOP ( 'NONE', ( #752, #3305, #10088, #7513, #2114 ) ) ;
#5464 = CARTESIAN_POINT ( 'NONE',  ( 0.7400000000000166445, 7.597309794603359201, 5.350000000000055600 ) ) ;
#5465 = DIRECTION ( 'NONE',  ( -1.644517855226008195E-15, 1.000000000000000000, 2.890435660536364269E-30 ) ) ;
#5466 = EDGE_CURVE ( 'NONE', #3165, #21, #5293, .T. ) ;
#5467 = DIRECTION ( 'NONE',  ( -1.644517855226007998E-15, 1.000000000000000000, 2.875605999964573094E-30 ) ) ;
#5468 = EDGE_CURVE ( 'NONE', #9380, #8739, #6795, .T. ) ;
#5469 = ORIENTED_EDGE ( 'NONE', *, *, #4549, .T. ) ;
#5470 = CARTESIAN_POINT ( 'NONE',  ( -0.9999999999999754641, 11.55000000000000426, 13.35000000000005471 ) ) ;
#5471 = CIRCLE ( 'NONE', #3415, 2.950000000000000622 ) ;
#5472 = VECTOR ( 'NONE', #8326, 1000.000000000000000 ) ;
#5473 =( GEOMETRIC_REPRESENTATION_CONTEXT ( 3 ) GLOBAL_UNCERTAINTY_ASSIGNED_CONTEXT ( ( #3572 ) ) GLOBAL_UNIT_ASSIGNED_CONTEXT ( ( #8184, #6688, #4081 ) ) REPRESENTATION_CONTEXT ( 'NONE', 'WORKASPACE' ) );
#5474 = VECTOR ( 'NONE', #1063, 1000.000000000000227 ) ;
#5475 = VECTOR ( 'NONE', #1076, 1000.000000000000000 ) ;
#5476 = DIRECTION ( 'NONE',  ( 1.748601263784621946E-15, 0.0000000000000000000, 1.000000000000000000 ) ) ;
#5477 = DIRECTION ( 'NONE',  ( -1.000000000000000000, -1.644517855226007998E-15, 1.748601263784621946E-15 ) ) ;
#5478 = ORIENTED_EDGE ( 'NONE', *, *, #9466, .T. ) ;
#5479 = CARTESIAN_POINT ( 'NONE',  ( -0.1999999927999856486, 4.200000000000007283, 1.439999994600056787 ) ) ;
#5480 =( GEOMETRIC_REPRESENTATION_CONTEXT ( 3 ) GLOBAL_UNCERTAINTY_ASSIGNED_CONTEXT ( ( #1776 ) ) GLOBAL_UNIT_ASSIGNED_CONTEXT ( ( #4663, #2156, #1356 ) ) REPRESENTATION_CONTEXT ( 'NONE', 'WORKASPACE' ) );
#5481 = EDGE_CURVE ( 'NONE', #2987, #770, #10040, .T. ) ;
#5482 = CARTESIAN_POINT ( 'NONE',  ( 11.00000000000002487, 7.450000000000025935, 10.85000000000003695 ) ) ;
#5483 = LINE ( 'NONE', #10373, #1275 ) ;
#5484 = EDGE_LOOP ( 'NONE', ( #4447, #302, #10475, #10006 ) ) ;
#5485 = CARTESIAN_POINT ( 'NONE',  ( 8.800000000000009592, 7.144714285714321989, 1.350000000000040501 ) ) ;
#5486 = EDGE_CURVE ( 'NONE', #9535, #9267, #1149, .T. ) ;
#5487 = AXIS2_PLACEMENT_3D ( 'NONE', #7353, #141, #6493 ) ;
#5488 = VECTOR ( 'NONE', #4887, 1000.000000000000000 ) ;
#5489 = UNCERTAINTY_MEASURE_WITH_UNIT (LENGTH_MEASURE( 1.000000000000000082E-05 ), #9591, 'distance_accuracy_value', 'NONE');
#5490 = CARTESIAN_POINT ( 'NONE',  ( 1.955294117646999563, 8.144714285714311330, -4.614999999999946034 ) ) ;
#5491 = DIRECTION ( 'NONE',  ( 1.644517855226008195E-15, -1.000000000000000000, -2.890435660536364269E-30 ) ) ;
#5492 = ORIENTED_EDGE ( 'NONE', *, *, #7747, .T. ) ;
#5493 = PRESENTATION_STYLE_ASSIGNMENT (( #1451 ) ) ;
#5494 = ORIENTED_EDGE ( 'NONE', *, *, #2524, .T. ) ;
#5495 = VERTEX_POINT ( 'NONE', #8541 ) ;
#5496 = DIRECTION ( 'NONE',  ( -1.644517855226007998E-15, 1.000000000000000000, 2.890435660536363919E-30 ) ) ;
#5497 = MECHANICAL_DESIGN_GEOMETRIC_PRESENTATION_REPRESENTATION (  '', ( #1593 ), #1423 ) ;
#5498 = ORIENTED_EDGE ( 'NONE', *, *, #9082, .T. ) ;
#5499 = VECTOR ( 'NONE', #3617, 1000.000000000000227 ) ;
#5500 = CIRCLE ( 'NONE', #2256, 1.399999999999999023 ) ;
#5501 = CARTESIAN_POINT ( 'NONE',  ( 1.000000000000013101, 0.2500000000000097700, -3.774999999999945732 ) ) ;
#5502 = ORIENTED_EDGE ( 'NONE', *, *, #6243, .T. ) ;
#5503 = FILL_AREA_STYLE_COLOUR ( '', #390 ) ;
#5504 = PLANE ( 'NONE',  #7351 ) ;
#5505 = CARTESIAN_POINT ( 'NONE',  ( 2.150000000000012790, 3.975000000000011635, 0.8500000000000529354 ) ) ;
#5506 = ORIENTED_EDGE ( 'NONE', *, *, #7434, .F. ) ;
#5507 = STYLED_ITEM ( 'NONE', ( #8770 ), #2985 ) ;
#5508 = ORIENTED_EDGE ( 'NONE', *, *, #459, .F. ) ;
#5509 =( NAMED_UNIT ( * ) SI_UNIT ( $, .STERADIAN. ) SOLID_ANGLE_UNIT ( ) );
#5510 = DIRECTION ( 'NONE',  ( -1.748601263784621748E-15, 1.482966057179082451E-32, -1.000000000000000000 ) ) ;
#5511 = ORIENTED_EDGE ( 'NONE', *, *, #7683, .T. ) ;
#5512 = DIRECTION ( 'NONE',  ( -1.644517855226007998E-15, 1.000000000000000000, 2.890435660536363919E-30 ) ) ;
#5513 = VECTOR ( 'NONE', #6470, 1000.000000000000000 ) ;
#5514 = MECHANICAL_DESIGN_GEOMETRIC_PRESENTATION_REPRESENTATION (  '', ( #1606 ), #8408 ) ;
#5515 = ADVANCED_FACE ( 'NONE', ( #8335 ), #5910, .T. ) ;
#5516 = PRESENTATION_LAYER_ASSIGNMENT (  '', '', ( #6883 ) ) ;
#5517 = EDGE_CURVE ( 'NONE', #9688, #4238, #6288, .T. ) ;
#5518 = DIRECTION ( 'NONE',  ( 1.644517855226008195E-15, -1.000000000000000000, -2.890435660536364269E-30 ) ) ;
#5519 = DIRECTION ( 'NONE',  ( -0.7071067811865962005, -1.162849727212749320E-15, 0.7071067811864987229 ) ) ;
#5520 = VECTOR ( 'NONE', #4165, 1000.000000000000000 ) ;
#5521 = COLOUR_RGB ( '',1.000000000000000000, 1.000000000000000000, 1.000000000000000000 ) ;
#5522 = CARTESIAN_POINT ( 'NONE',  ( 11.00000000000001599, 7.650000000000026112, 6.350000000000036948 ) ) ;
#5523 = ORIENTED_EDGE ( 'NONE', *, *, #3434, .T. ) ;
#5524 = EDGE_CURVE ( 'NONE', #1160, #2349, #7767, .T. ) ;
#5525 = CARTESIAN_POINT ( 'NONE',  ( 3.950000000000014388, 7.650000000000012790, 4.500000000000048850 ) ) ;
#5526 = VECTOR ( 'NONE', #4853, 1000.000000000000000 ) ;
#5527 = CARTESIAN_POINT ( 'NONE',  ( 0.5000000000000368594, 0.7500000000000093259, 10.35000000000005649 ) ) ;
#5528 = PLANE ( 'NONE',  #10091 ) ;
#5529 = ORIENTED_EDGE ( 'NONE', *, *, #2661, .F. ) ;
#5530 = CARTESIAN_POINT ( 'NONE',  ( 0.1000000000000150074, 5.400000000000009237, 2.850000000000056488 ) ) ;
#5531 = PRESENTATION_STYLE_ASSIGNMENT (( #9562 ) ) ;
#5532 = VECTOR ( 'NONE', #4755, 1000.000000000000000 ) ;
#5533 = VECTOR ( 'NONE', #8232, 1000.000000000000000 ) ;
#5534 =( GEOMETRIC_REPRESENTATION_CONTEXT ( 3 ) GLOBAL_UNCERTAINTY_ASSIGNED_CONTEXT ( ( #2924 ) ) GLOBAL_UNIT_ASSIGNED_CONTEXT ( ( #7892, #603, #6330 ) ) REPRESENTATION_CONTEXT ( 'NONE', 'WORKASPACE' ) );
#5535 = EDGE_CURVE ( 'NONE', #10149, #1147, #1251, .T. ) ;
#5536 = EDGE_LOOP ( 'NONE', ( #8699, #2014, #8462, #4065 ) ) ;
#5537 = LINE ( 'NONE', #2332, #458 ) ;
#5538 = EDGE_CURVE ( 'NONE', #9319, #5382, #2732, .T. ) ;
#5539 = DIRECTION ( 'NONE',  ( 1.171318563151324123E-15, -0.9701425001453377606, -0.2425356250363094601 ) ) ;
#5540 = ORIENTED_EDGE ( 'NONE', *, *, #2769, .T. ) ;
#5541 = ADVANCED_FACE ( 'NONE', ( #4444 ), #7704, .T. ) ;
#5542 = DIRECTION ( 'NONE',  ( -1.748601263784621748E-15, 0.0000000000000000000, -1.000000000000000000 ) ) ;
#5543 = CARTESIAN_POINT ( 'NONE',  ( 1.500000000000023981, 4.200000000000010836, 6.350000000000053824 ) ) ;
#5544 = AXIS2_PLACEMENT_3D ( 'NONE', #8061, #4062, #6561 ) ;
#5545 = CARTESIAN_POINT ( 'NONE',  ( 0.1000000000000306200, 7.100000000000008527, 12.85000000000005649 ) ) ;
#5546 = DIRECTION ( 'NONE',  ( -1.748601263784621748E-15, 1.482966057179082451E-32, -1.000000000000000000 ) ) ;
#5547 = ORIENTED_EDGE ( 'NONE', *, *, #10347, .F. ) ;
#5548 = LINE ( 'NONE', #659, #4655 ) ;
#5549 = DIRECTION ( 'NONE',  ( -1.644517855226007998E-15, 1.000000000000000000, 2.890435660536363919E-30 ) ) ;
#5550 = CARTESIAN_POINT ( 'NONE',  ( 3.950000000000015277, 8.144714285714314883, 5.350000000000050271 ) ) ;
#5551 = AXIS2_PLACEMENT_3D ( 'NONE', #10001, #3334, #9883 ) ;
#5552 = ADVANCED_FACE ( 'NONE', ( #3641 ), #8388, .F. ) ;
#5553 = VERTEX_POINT ( 'NONE', #6102 ) ;
#5554 = CARTESIAN_POINT ( 'NONE',  ( 1.500000000000029088, 0.7500000000000111022, 5.350000000000055600 ) ) ;
#5555 = PLANE ( 'NONE',  #9905 ) ;
#5556 = FILL_AREA_STYLE_COLOUR ( '', #5896 ) ;
#5557 = VERTEX_POINT ( 'NONE', #1100 ) ;
#5558 = CARTESIAN_POINT ( 'NONE',  ( -0.5999999999999894307, 10.75000000000000533, 4.050000000000059330 ) ) ;
#5559 = ORIENTED_EDGE ( 'NONE', *, *, #7229, .T. ) ;
#5560 = VERTEX_POINT ( 'NONE', #9324 ) ;
#5561 = CARTESIAN_POINT ( 'NONE',  ( 1.125000000000014877, 8.200000000000009948, 5.850000000000054712 ) ) ;
#5562 = VERTEX_POINT ( 'NONE', #2036 ) ;
#5563 = FILL_AREA_STYLE ('',( #1504 ) ) ;
#5564 = EDGE_CURVE ( 'NONE', #6984, #8666, #4499, .T. ) ;
#5565 = DIRECTION ( 'NONE',  ( -1.748601263784621748E-15, 1.482966057179082451E-32, -1.000000000000000000 ) ) ;
#5566 = ORIENTED_EDGE ( 'NONE', *, *, #8240, .T. ) ;
#5567 = CARTESIAN_POINT ( 'NONE',  ( 11.00000000000000000, 5.200000000000025935, -6.354540768504962855 ) ) ;
#5568 = SURFACE_SIDE_STYLE ('',( #8017 ) ) ;
#5569 = CARTESIAN_POINT ( 'NONE',  ( 11.00000000000001599, 5.200000000000025935, 3.645459231495037589 ) ) ;
#5570 = VERTEX_POINT ( 'NONE', #1043 ) ;
#5571 = VERTEX_POINT ( 'NONE', #7548 ) ;
#5572 = DIRECTION ( 'NONE',  ( -0.9994801143396995213, -1.643662893974967788E-15, 0.03224129401096072212 ) ) ;
#5573 = DIRECTION ( 'NONE',  ( -1.000000000000000000, -1.644517855226008195E-15, 0.0000000000000000000 ) ) ;
#5574 = VERTEX_POINT ( 'NONE', #4295 ) ;
#5575 = DIRECTION ( 'NONE',  ( 0.05547001409258993376, 9.122142860490531446E-17, -0.9984603535126309604 ) ) ;
#5576 = LINE ( 'NONE', #7926, #54 ) ;
#5577 = CARTESIAN_POINT ( 'NONE',  ( -0.1999999927999682736, 4.200000000000007283, 11.43999999460005590 ) ) ;
#5578 = DIRECTION ( 'NONE',  ( -1.748601263784621748E-15, 0.0000000000000000000, -1.000000000000000000 ) ) ;
#5579 = CARTESIAN_POINT ( 'NONE',  ( 0.7466439969400270327, 7.606602420031609135, 11.34335600306105363 ) ) ;
#5580 = ORIENTED_EDGE ( 'NONE', *, *, #6388, .F. ) ;
#5581 = VERTEX_POINT ( 'NONE', #272 ) ;
#5582 = LINE ( 'NONE', #10414, #9205 ) ;
#5583 = DIRECTION ( 'NONE',  ( -1.000000000000000000, -1.644517855226007998E-15, 1.748601263784621946E-15 ) ) ;
#5584 = DIRECTION ( 'NONE',  ( -0.3162277660168062998, -5.200422075328729803E-16, 0.9486832980505244262 ) ) ;
#5585 = EDGE_CURVE ( 'NONE', #7908, #2781, #3485, .T. ) ;
#5586 = ORIENTED_EDGE ( 'NONE', *, *, #8816, .F. ) ;
#5587 = DIRECTION ( 'NONE',  ( 1.748601263784621946E-15, 0.0000000000000000000, 1.000000000000000000 ) ) ;
#5588 = CARTESIAN_POINT ( 'NONE',  ( 11.00000000000000711, 7.650000000000026112, 0.3500000000000377809 ) ) ;
#5589 = VERTEX_POINT ( 'NONE', #9166 ) ;
#5590 = CARTESIAN_POINT ( 'NONE',  ( 1.500000000000027311, 8.109625349781611092, 11.31500000000005457 ) ) ;
#5591 = VERTEX_POINT ( 'NONE', #1890 ) ;
#5592 = DIRECTION ( 'NONE',  ( 1.000000000000000000, 1.644517855226007998E-15, -1.748601263784621946E-15 ) ) ;
#5593 = CARTESIAN_POINT ( 'NONE',  ( 9.699999999999995737, 10.60000000000002274, -3.449999999999960210 ) ) ;
#5594 = FILL_AREA_STYLE_COLOUR ( '', #5105 ) ;
#5595 = CARTESIAN_POINT ( 'NONE',  ( 9.908938232857998685, 5.367855656478024429, -6.284958033527961341 ) ) ;
#5596 = ORIENTED_EDGE ( 'NONE', *, *, #9753, .F. ) ;
#5597 = DIRECTION ( 'NONE',  ( 1.644517855226008195E-15, -1.000000000000000000, -2.890435660536364269E-30 ) ) ;
#5598 = DIRECTION ( 'NONE',  ( 1.927470528863119344E-15, 0.0000000000000000000, 1.000000000000000000 ) ) ;
#5599 = EDGE_CURVE ( 'NONE', #1612, #2590, #5147, .T. ) ;
#5600 = ADVANCED_FACE ( 'NONE', ( #9531 ), #7917, .F. ) ;
#5601 = CARTESIAN_POINT ( 'NONE',  ( 1.250000000000028866, -0.2499999999999889533, 5.600000000000054712 ) ) ;
#5602 = UNCERTAINTY_MEASURE_WITH_UNIT (LENGTH_MEASURE( 1.000000000000000082E-05 ), #7347, 'distance_accuracy_value', 'NONE');
#5603 = FACE_OUTER_BOUND ( 'NONE', #9365, .T. ) ;
#5604 = CARTESIAN_POINT ( 'NONE',  ( 11.00000000000000000, 11.10000000000002451, -0.04999999999996326827 ) ) ;
#5605 = ORIENTED_EDGE ( 'NONE', *, *, #4372, .T. ) ;
#5606 = ORIENTED_EDGE ( 'NONE', *, *, #1541, .T. ) ;
#5607 = ORIENTED_EDGE ( 'NONE', *, *, #3024, .F. ) ;
#5608 = CARTESIAN_POINT ( 'NONE',  ( 0.7433105578599999985, 7.601972579975209143, -4.646689442141944681 ) ) ;
#5609 = DIRECTION ( 'NONE',  ( 1.748601263784621946E-15, 0.0000000000000000000, 1.000000000000000000 ) ) ;
#5610 = EDGE_CURVE ( 'NONE', #9762, #9611, #2936, .T. ) ;
#5611 = B_SPLINE_CURVE_WITH_KNOTS ( 'NONE', 3,
 ( #6282, #6237, #3676, #4581 ),
 .UNSPECIFIED., .F., .F.,
 ( 4, 4 ),
 ( 0.0000000000000000000, 1.000000000000000000 ),
 .UNSPECIFIED. ) ;
#5612 = AXIS2_PLACEMENT_3D ( 'NONE', #6337, #6184, #9409 ) ;
#5613 = PLANE ( 'NONE',  #8093 ) ;
#5614 = ORIENTED_EDGE ( 'NONE', *, *, #7205, .T. ) ;
#5615 = CARTESIAN_POINT ( 'NONE',  ( 0.5999999999999980904, 8.200000000000009948, -4.695555554999945258 ) ) ;
#5616 = PLANE ( 'NONE',  #1444 ) ;
#5617 = ORIENTED_EDGE ( 'NONE', *, *, #9289, .F. ) ;
#5618 = ORIENTED_EDGE ( 'NONE', *, *, #2381, .F. ) ;
#5619 =( NAMED_UNIT ( * ) PLANE_ANGLE_UNIT ( ) SI_UNIT ( $, .RADIAN. ) );
#5620 = CARTESIAN_POINT ( 'NONE',  ( 0.1000000000000254158, 5.400000000000009237, 8.850000000000056488 ) ) ;
#5621 = EDGE_CURVE ( 'NONE', #9464, #9194, #574, .T. ) ;
#5622 = ORIENTED_EDGE ( 'NONE', *, *, #9099, .F. ) ;
#5623 = VECTOR ( 'NONE', #3542, 1000.000000000000000 ) ;
#5624 = DIRECTION ( 'NONE',  ( 1.242865905043146517E-15, 0.2682926829271122249, 0.9633374467380431128 ) ) ;
#5625 =( NAMED_UNIT ( * ) PLANE_ANGLE_UNIT ( ) SI_UNIT ( $, .RADIAN. ) );
#5626 = DIRECTION ( 'NONE',  ( -1.748601263784621748E-15, 1.482966057179082451E-32, -1.000000000000000000 ) ) ;
#5627 = VERTEX_POINT ( 'NONE', #2094 ) ;
#5628 = ORIENTED_EDGE ( 'NONE', *, *, #2246, .F. ) ;
#5629 = CARTESIAN_POINT ( 'NONE',  ( 0.1000000000000219463, 7.100000000000008527, 7.850000000000056488 ) ) ;
#5630 = CARTESIAN_POINT ( 'NONE',  ( 2.400000000000025224, 7.650000000000011902, 10.85000000000005116 ) ) ;
#5631 = DIRECTION ( 'NONE',  ( -1.734723475976808672E-15, 1.000000000000000000, 0.0000000000000000000 ) ) ;
#5632 = DIRECTION ( 'NONE',  ( -1.297538235904699311E-15, -0.2425356250363094601, -0.9701425001453377606 ) ) ;
#5633 = ORIENTED_EDGE ( 'NONE', *, *, #9044, .F. ) ;
#5634 = CARTESIAN_POINT ( 'NONE',  ( 2.400000000000009681, 8.200000000000011724, 2.137439318958052503 ) ) ;
#5635 = DIRECTION ( 'NONE',  ( -0.9984603535126312934, -1.641985879086794142E-15, 0.05547001409258346671 ) ) ;
#5636 = COLOUR_RGB ( '',1.000000000000000000, 1.000000000000000000, 1.000000000000000000 ) ;
#5637 = B_SPLINE_CURVE_WITH_KNOTS ( 'NONE', 3,
 ( #3033, #5608, #4653, #6412 ),
 .UNSPECIFIED., .F., .F.,
 ( 4, 4 ),
 ( 0.0000000000000000000, 1.000000000000000000 ),
 .UNSPECIFIED. ) ;
#5638 = VECTOR ( 'NONE', #1101, 1000.000000000000000 ) ;
#5639 = ADVANCED_FACE ( 'NONE', ( #2883 ), #10191, .F. ) ;
#5640 = VERTEX_POINT ( 'NONE', #3797 ) ;
#5641 = PLANE ( 'NONE',  #5036 ) ;
#5642 = CARTESIAN_POINT ( 'NONE',  ( 9.800000000000016698, 7.394714285714323765, 5.600000000000038725 ) ) ;
#5643 = ORIENTED_EDGE ( 'NONE', *, *, #4867, .T. ) ;
#5644 = AXIS2_PLACEMENT_3D ( 'NONE', #8983, #7352, #5542 ) ;
#5645 = VECTOR ( 'NONE', #6940, 1000.000000000000000 ) ;
#5646 = LINE ( 'NONE', #8205, #3932 ) ;
#5647 =( NAMED_UNIT ( * ) PLANE_ANGLE_UNIT ( ) SI_UNIT ( $, .RADIAN. ) );
#5648 = DIRECTION ( 'NONE',  ( -1.644517855226008195E-15, 1.000000000000000000, 2.890435660536364269E-30 ) ) ;
#5649 = ORIENTED_EDGE ( 'NONE', *, *, #2623, .T. ) ;
#5650 = PLANE ( 'NONE',  #4481 ) ;
#5651 = DIRECTION ( 'NONE',  ( 1.748601263784671447E-15, -3.006094665601000160E-14, 1.000000000000000000 ) ) ;
#5652 = STYLED_ITEM ( 'NONE', ( #3664 ), #10155 ) ;
#5653 = VECTOR ( 'NONE', #6301, 1000.000000000000000 ) ;
#5654 = DIRECTION ( 'NONE',  ( -2.323290369613454078E-15, 0.3928571428583002012, -0.9195995135412007304 ) ) ;
#5655 = VECTOR ( 'NONE', #6118, 1000.000000000000227 ) ;
#5656 = VECTOR ( 'NONE', #8633, 1000.000000000000000 ) ;
#5657 = ADVANCED_FACE ( 'NONE', ( #10247 ), #281, .F. ) ;
#5658 = EDGE_CURVE ( 'NONE', #10185, #9237, #6500, .T. ) ;
#5659 = DIRECTION ( 'NONE',  ( 0.2425356250363079058, 0.9701425001453382047, -4.240981004512811688E-16 ) ) ;
#5660 = VERTEX_POINT ( 'NONE', #7306 ) ;
#5661 = LINE ( 'NONE', #8120, #7365 ) ;
#5662 =( NAMED_UNIT ( * ) SI_UNIT ( $, .STERADIAN. ) SOLID_ANGLE_UNIT ( ) );
#5663 = ORIENTED_EDGE ( 'NONE', *, *, #1412, .T. ) ;
#5664 = CARTESIAN_POINT ( 'NONE',  ( 0.1000000000000063338, 5.400000000000009237, -2.149999999999943512 ) ) ;
#5665 = ORIENTED_EDGE ( 'NONE', *, *, #2783, .T. ) ;
#5666 = PRESENTATION_LAYER_ASSIGNMENT (  '', '', ( #2245 ) ) ;
#5667 = EDGE_CURVE ( 'NONE', #9725, #10199, #2149, .T. ) ;
#5668 = COLOUR_RGB ( '',1.000000000000000000, 1.000000000000000000, 1.000000000000000000 ) ;
#5669 = EDGE_LOOP ( 'NONE', ( #1797, #8289, #1717, #5628, #4636, #4602 ) ) ;
#5670 = DIRECTION ( 'NONE',  ( -0.9984603535126304052, -1.641985879086792367E-15, -0.05547001409259996046 ) ) ;
#5671 = EDGE_CURVE ( 'NONE', #3768, #5869, #28, .T. ) ;
#5672 = EDGE_CURVE ( 'NONE', #2072, #8666, #4110, .T. ) ;
#5673 = DIRECTION ( 'NONE',  ( 0.9238697708742983350, 0.3553345272594015114, -0.1421338109037016129 ) ) ;
#5674 = ORIENTED_EDGE ( 'NONE', *, *, #5400, .T. ) ;
#5675 = DIRECTION ( 'NONE',  ( 1.892425610156517368E-15, 0.0000000000000000000, 1.000000000000000000 ) ) ;
#5676 = FILL_AREA_STYLE_COLOUR ( '', #2743 ) ;
#5677 = LINE ( 'NONE', #6517, #7752 ) ;
#5678 = ORIENTED_EDGE ( 'NONE', *, *, #9058, .T. ) ;
#5679 = EDGE_LOOP ( 'NONE', ( #4134, #1878, #2494, #7214 ) ) ;
#5680 = CARTESIAN_POINT ( 'NONE',  ( 0.5000000000000281997, 0.7500000000000093259, 5.350000000000057376 ) ) ;
#5681 = AXIS2_PLACEMENT_3D ( 'NONE', #8263, #146, #2607 ) ;
#5682 = DIRECTION ( 'NONE',  ( 1.000000000000000000, 1.644517855226007998E-15, -1.748601263784621946E-15 ) ) ;
#5683 = CARTESIAN_POINT ( 'NONE',  ( 0.7500000000000127676, -0.2499999999999906741, -3.899999999999945288 ) ) ;
#5684 = ORIENTED_EDGE ( 'NONE', *, *, #5145, .T. ) ;
#5685 = FILL_AREA_STYLE_COLOUR ( '', #6879 ) ;
#5686 = AXIS2_PLACEMENT_3D ( 'NONE', #6018, #3544, #9387 ) ;
#5687 = FACE_OUTER_BOUND ( 'NONE', #4502, .T. ) ;
#5688 = EDGE_CURVE ( 'NONE', #10507, #4404, #2453, .T. ) ;
#5689 = VECTOR ( 'NONE', #257, 1000.000000000000000 ) ;
#5690 = CARTESIAN_POINT ( 'NONE',  ( 9.700000000000004619, 10.60000000000002274, 1.550000000000040012 ) ) ;
#5691 = DIRECTION ( 'NONE',  ( -1.000000000000000000, -1.644517855226007998E-15, 1.748601263784621946E-15 ) ) ;
#5692 = CARTESIAN_POINT ( 'NONE',  ( -0.5999999999999912070, 4.200000000000007283, -2.349999999999943245 ) ) ;
#5693 = ORIENTED_EDGE ( 'NONE', *, *, #1937, .T. ) ;
#5694 = ORIENTED_EDGE ( 'NONE', *, *, #4611, .T. ) ;
#5695 = DIRECTION ( 'NONE',  ( -1.000000000000000000, -1.644517855226007998E-15, 1.748601263784621946E-15 ) ) ;
#5696 = DIRECTION ( 'NONE',  ( -0.9428090415820746806, 0.2357022603954918860, 0.2357022603954950779 ) ) ;
#5697 = VECTOR ( 'NONE', #5950, 1000.000000000000000 ) ;
#5698 = LINE ( 'NONE', #1645, #5488 ) ;
#5699 = ORIENTED_EDGE ( 'NONE', *, *, #9342, .F. ) ;
#5700 = DIRECTION ( 'NONE',  ( -1.748601263784621946E-15, 0.0000000000000000000, -1.000000000000000000 ) ) ;
#5701 = SURFACE_STYLE_FILL_AREA ( #9665 ) ;
#5702 = VECTOR ( 'NONE', #8877, 1000.000000000000000 ) ;
#5703 = VECTOR ( 'NONE', #2826, 1000.000000000000000 ) ;
#5704 = VECTOR ( 'NONE', #10095, 1000.000000000000000 ) ;
#5705 = CARTESIAN_POINT ( 'NONE',  ( 1.500000000000013545, -0.2499999999999889533, -3.649999999999946620 ) ) ;
#5706 = DIRECTION ( 'NONE',  ( -1.000000000000000000, -1.644517855226007998E-15, 1.748601263784621946E-15 ) ) ;
#5707 = ORIENTED_EDGE ( 'NONE', *, *, #6111, .F. ) ;
#5708 = LINE ( 'NONE', #2280, #7169 ) ;
#5709 = CARTESIAN_POINT ( 'NONE',  ( 1.400000000000022782, 9.600000000000010303, 10.35000000000005294 ) ) ;
#5710 = FACE_OUTER_BOUND ( 'NONE', #3673, .T. ) ;
#5711 = VECTOR ( 'NONE', #9795, 1000.000000000000000 ) ;
#5712 = VERTEX_POINT ( 'NONE', #9480 ) ;
#5713 = FILL_AREA_STYLE ('',( #7303 ) ) ;
#5714 =( GEOMETRIC_REPRESENTATION_CONTEXT ( 3 ) GLOBAL_UNCERTAINTY_ASSIGNED_CONTEXT ( ( #9419 ) ) GLOBAL_UNIT_ASSIGNED_CONTEXT ( ( #6848, #1944, #4501 ) ) REPRESENTATION_CONTEXT ( 'NONE', 'WORKASPACE' ) );
#5715 = DIRECTION ( 'NONE',  ( -7.280287483979462752E-14, -1.168500215858619925E-28, -1.000000000000000000 ) ) ;
#5716 = COLOUR_RGB ( '',1.000000000000000000, 1.000000000000000000, 1.000000000000000000 ) ;
#5717 = COLOUR_RGB ( '',1.000000000000000000, 1.000000000000000000, 1.000000000000000000 ) ;
#5718 = VECTOR ( 'NONE', #10237, 1000.000000000000114 ) ;
#5719 = VECTOR ( 'NONE', #5491, 1000.000000000000000 ) ;
#5720 = FACE_OUTER_BOUND ( 'NONE', #10189, .T. ) ;
#5721 = DIRECTION ( 'NONE',  ( -9.293161478433909405E-16, 0.9357142857139194581, 0.3527588064257074496 ) ) ;
#5722 = ORIENTED_EDGE ( 'NONE', *, *, #10213, .F. ) ;
#5723 = UNCERTAINTY_MEASURE_WITH_UNIT (LENGTH_MEASURE( 1.000000000000000082E-05 ), #7526, 'distance_accuracy_value', 'NONE');
#5724 = STYLED_ITEM ( 'NONE', ( #5413 ), #6251 ) ;
#5725 = FACE_OUTER_BOUND ( 'NONE', #9157, .T. ) ;
#5726 = CARTESIAN_POINT ( 'NONE',  ( 0.1000000000000028644, 10.60000000000000675, 0.3500000000000568767 ) ) ;
#5727 = ORIENTED_EDGE ( 'NONE', *, *, #9875, .T. ) ;
#5728 = CARTESIAN_POINT ( 'NONE',  ( 1.800000000000016920, 4.200000000000010836, 2.650000000000053202 ) ) ;
#5729 = EDGE_LOOP ( 'NONE', ( #4860, #4174, #243, #5956, #3390, #517 ) ) ;
#5730 = EDGE_LOOP ( 'NONE', ( #761, #4577, #3492, #2377, #4079, #8551, #7880, #9582, #9977, #7863 ) ) ;
#5731 = DIRECTION ( 'NONE',  ( -1.000000000000000000, -1.644517855226007801E-15, 1.748601263784621748E-15 ) ) ;
#5732 = ADVANCED_FACE ( 'NONE', ( #5720 ), #2192, .T. ) ;
#5733 = CARTESIAN_POINT ( 'NONE',  ( 0.6000000000000154099, 8.200000000000009948, 5.304444445000055630 ) ) ;
#5734 = AXIS2_PLACEMENT_3D ( 'NONE', #9911, #2615, #245 ) ;
#5735 = LINE ( 'NONE', #9060, #3460 ) ;
#5736 = ORIENTED_EDGE ( 'NONE', *, *, #6187, .F. ) ;
#5737 = LINE ( 'NONE', #3316, #1740 ) ;
#5738 = DIRECTION ( 'NONE',  ( -1.748601263784621946E-15, 0.0000000000000000000, -1.000000000000000000 ) ) ;
#5739 = ORIENTED_EDGE ( 'NONE', *, *, #736, .T. ) ;
#5740 = ORIENTED_EDGE ( 'NONE', *, *, #4049, .T. ) ;
#5741 = LINE ( 'NONE', #3322, #9943 ) ;
#5742 = ORIENTED_EDGE ( 'NONE', *, *, #3182, .F. ) ;
#5743 = EDGE_CURVE ( 'NONE', #10019, #9611, #1608, .T. ) ;
#5744 = CARTESIAN_POINT ( 'NONE',  ( 9.699999999999993960, 10.60000000000002274, -4.849999999999961453 ) ) ;
#5745 = ADVANCED_FACE ( 'NONE', ( #8992 ), #4959, .F. ) ;
#5746 = EDGE_CURVE ( 'NONE', #6957, #5935, #3298, .T. ) ;
#5747 = DIRECTION ( 'NONE',  ( -1.000000000000000000, -1.644517855226007998E-15, 1.748601263784621946E-15 ) ) ;
#5748 = LINE ( 'NONE', #8292, #2729 ) ;
#5749 = CARTESIAN_POINT ( 'NONE',  ( 1.125000000000027089, 6.200000000000009059, 10.36000000000005272 ) ) ;
#5750 = VERTEX_POINT ( 'NONE', #7473 ) ;
#5751 = LINE ( 'NONE', #2486, #3602 ) ;
#5752 = PRESENTATION_STYLE_ASSIGNMENT (( #7400 ) ) ;
#5753 = DIRECTION ( 'NONE',  ( 0.9927080914950846546, -0.1205431253957962856, -1.735850623357525016E-15 ) ) ;
#5754 = EDGE_LOOP ( 'NONE', ( #45, #745, #93, #7307, #4344 ) ) ;
#5755 = CARTESIAN_POINT ( 'NONE',  ( 1.398548747335014442, 8.959230384172009565, 5.350000000000055600 ) ) ;
#5756 = ADVANCED_FACE ( 'NONE', ( #8310 ), #4322, .T. ) ;
#5757 = ORIENTED_EDGE ( 'NONE', *, *, #4185, .T. ) ;
#5758 = DIRECTION ( 'NONE',  ( 0.7071067811864963915, 1.162849727212585237E-15, -0.7071067811865986430 ) ) ;
#5759 = ORIENTED_EDGE ( 'NONE', *, *, #99, .F. ) ;
#5760 = CARTESIAN_POINT ( 'NONE',  ( 2.400000000000003020, 10.60000000000001030, 0.3500000000000533795 ) ) ;
#5761 = CARTESIAN_POINT ( 'NONE',  ( 8.800000000000027356, 7.144714285714321989, 11.35000000000004050 ) ) ;
#5762 = FACE_OUTER_BOUND ( 'NONE', #1209, .T. ) ;
#5763 = DIRECTION ( 'NONE',  ( -0.1520571842539017449, -2.500607545209352511E-16, 0.9883716976506232710 ) ) ;
#5764 = ORIENTED_EDGE ( 'NONE', *, *, #7840, .F. ) ;
#5765 = DIRECTION ( 'NONE',  ( -1.748601263784621748E-15, 0.0000000000000000000, -1.000000000000000000 ) ) ;
#5766 = CARTESIAN_POINT ( 'NONE',  ( 9.799999999999997158, 7.894714285714324653, -4.399999999999961275 ) ) ;
#5767 = EDGE_CURVE ( 'NONE', #4140, #6755, #4518, .T. ) ;
#5768 = ADVANCED_FACE ( 'NONE', ( #6556 ), #1073, .F. ) ;
#5769 = DIRECTION ( 'NONE',  ( 1.748601263784621946E-15, 0.0000000000000000000, 1.000000000000000000 ) ) ;
#5770 = CARTESIAN_POINT ( 'NONE',  ( 1.399999999999026912, 7.649999999998870592, 10.84999999999805276 ) ) ;
#5771 = DIRECTION ( 'NONE',  ( -1.000000000000000000, -1.644517855226007998E-15, 1.748601263784621946E-15 ) ) ;
#5772 = CARTESIAN_POINT ( 'NONE',  ( 2.500000000000012434, 3.750000000000012434, -0.9499999999999456657 ) ) ;
#5773 = VERTEX_POINT ( 'NONE', #300 ) ;
#5774 = DIRECTION ( 'NONE',  ( 1.000000000000000000, 1.644517855226007998E-15, -1.748601263784621748E-15 ) ) ;
#5775 = EDGE_LOOP ( 'NONE', ( #2959, #8628, #5913, #6370, #4029 ) ) ;
#5776 = VERTEX_POINT ( 'NONE', #3514 ) ;
#5777 = CARTESIAN_POINT ( 'NONE',  ( 0.7500000000000058842, 8.200000000000009948, 0.3600000000000547207 ) ) ;
#5778 = CARTESIAN_POINT ( 'NONE',  ( 9.300000000000007816, 7.644714285714304225, 1.225000000000039391 ) ) ;
#5779 = EDGE_CURVE ( 'NONE', #7674, #3532, #5974, .T. ) ;
#5780 = CARTESIAN_POINT ( 'NONE',  ( 0.09999999999999939493, 7.650000000000007461, -4.649999999999943512 ) ) ;
#5781 = VERTEX_POINT ( 'NONE', #546 ) ;
#5782 = DIRECTION ( 'NONE',  ( 0.9486832980505243151, 1.560126622598782728E-15, 0.3162277660168062443 ) ) ;
#5783 = LINE ( 'NONE', #10502, #2127 ) ;
#5784 = ORIENTED_EDGE ( 'NONE', *, *, #4429, .F. ) ;
#5785 = ORIENTED_EDGE ( 'NONE', *, *, #5400, .F. ) ;
#5786 = SURFACE_STYLE_USAGE ( .BOTH. , #2523 ) ;
#5787 = DIRECTION ( 'NONE',  ( -1.000000000000000000, -1.644517855226007801E-15, 1.748601263784621748E-15 ) ) ;
#5788 = DIRECTION ( 'NONE',  ( 1.748601263784621946E-15, 0.0000000000000000000, 1.000000000000000000 ) ) ;
#5789 = ORIENTED_EDGE ( 'NONE', *, *, #7156, .F. ) ;
#5790 = CARTESIAN_POINT ( 'NONE',  ( 0.6500000000000273337, 6.200000000000009059, 10.30722222250005515 ) ) ;
#5791 =( GEOMETRIC_REPRESENTATION_CONTEXT ( 3 ) GLOBAL_UNCERTAINTY_ASSIGNED_CONTEXT ( ( #8162 ) ) GLOBAL_UNIT_ASSIGNED_CONTEXT ( ( #5925, #189, #1166 ) ) REPRESENTATION_CONTEXT ( 'NONE', 'WORKASPACE' ) );
#5792 = DIRECTION ( 'NONE',  ( -1.734723475976808672E-15, 1.000000000000000000, 0.0000000000000000000 ) ) ;
#5793 = FILL_AREA_STYLE ('',( #4824 ) ) ;
#5794 = EDGE_CURVE ( 'NONE', #3099, #8498, #7672, .T. ) ;
#5795 = DIRECTION ( 'NONE',  ( -1.734723475976808672E-15, 1.000000000000000000, 0.0000000000000000000 ) ) ;
#5796 = ORIENTED_EDGE ( 'NONE', *, *, #7044, .T. ) ;
#5797 = VECTOR ( 'NONE', #2311, 1000.000000000000000 ) ;
#5798 = CARTESIAN_POINT ( 'NONE',  ( 0.1000000000000115380, 10.60000000000000675, 5.350000000000057376 ) ) ;
#5799 = DIRECTION ( 'NONE',  ( 0.9838699100999038771, 1.617991634378899823E-15, -0.1788854382000027443 ) ) ;
#5800 = CARTESIAN_POINT ( 'NONE',  ( 2.400000000000016787, 7.100000000000012079, 4.450000000000051692 ) ) ;
#5801 = DIRECTION ( 'NONE',  ( 1.000000000000000000, 1.644517855226007998E-15, -1.748601263784621946E-15 ) ) ;
#5802 = ORIENTED_EDGE ( 'NONE', *, *, #2012, .F. ) ;
#5803 = CARTESIAN_POINT ( 'NONE',  ( 2.399999999999999467, 5.400000000000012790, -6.271320343559946053 ) ) ;
#5804 = EDGE_CURVE ( 'NONE', #2, #3982, #7732, .T. ) ;
#5805 = CARTESIAN_POINT ( 'NONE',  ( 11.00000000000002487, 7.650000000000026112, 11.31500000000003681 ) ) ;
#5806 = ORIENTED_EDGE ( 'NONE', *, *, #3640, .T. ) ;
#5807 = EDGE_CURVE ( 'NONE', #6942, #6211, #3657, .T. ) ;
#5808 = EDGE_CURVE ( 'NONE', #5161, #2911, #2171, .T. ) ;
#5809 = PRESENTATION_STYLE_ASSIGNMENT (( #5060 ) ) ;
#5810 = CARTESIAN_POINT ( 'NONE',  ( 0.6999999999999992895, 8.200000000000009948, -3.609999999999944809 ) ) ;
#5811 = VERTEX_POINT ( 'NONE', #5423 ) ;
#5812 = CARTESIAN_POINT ( 'NONE',  ( 1.500000000000027311, 8.109625349781611092, 11.34000000000005315 ) ) ;
#5813 = CARTESIAN_POINT ( 'NONE',  ( 1.053312813816214000, 9.143302832419356818, 11.34979468161041716 ) ) ;
#5814 = DIRECTION ( 'NONE',  ( 1.748601263784621946E-15, 0.0000000000000000000, 1.000000000000000000 ) ) ;
#5815 = CARTESIAN_POINT ( 'NONE',  ( 0.6000000000000171863, 8.200000000000009948, 6.395555555000055570 ) ) ;
#5816 = ORIENTED_EDGE ( 'NONE', *, *, #545, .F. ) ;
#5817 = SURFACE_SIDE_STYLE ('',( #239 ) ) ;
#5818 = VECTOR ( 'NONE', #870, 1000.000000000000000 ) ;
#5819 = ADVANCED_FACE ( 'NONE', ( #8619 ), #1325, .F. ) ;
#5820 = CARTESIAN_POINT ( 'NONE',  ( 9.300000000000014921, 8.019714285714321989, 5.850000000000040501 ) ) ;
#5821 = VERTEX_POINT ( 'NONE', #2860 ) ;
#5822 = UNCERTAINTY_MEASURE_WITH_UNIT (LENGTH_MEASURE( 1.000000000000000082E-05 ), #8691, 'distance_accuracy_value', 'NONE');
#5823 = DIRECTION ( 'NONE',  ( 1.634159799354254388E-15, -1.000000000000000000, 0.0000000000000000000 ) ) ;
#5824 = FACE_OUTER_BOUND ( 'NONE', #4787, .T. ) ;
#5825 = EDGE_LOOP ( 'NONE', ( #5248, #7568, #4489, #4911 ) ) ;
#5826 = CARTESIAN_POINT ( 'NONE',  ( 11.00000000000001599, 7.450000000000025935, 5.850000000000037836 ) ) ;
#5827 = ORIENTED_EDGE ( 'NONE', *, *, #986, .T. ) ;
#5828 = VERTEX_POINT ( 'NONE', #497 ) ;
#5829 = LINE ( 'NONE', #1782, #2221 ) ;
#5830 = VECTOR ( 'NONE', #9629, 1000.000000000000000 ) ;
#5831 = COLOUR_RGB ( '',1.000000000000000000, 1.000000000000000000, 1.000000000000000000 ) ;
#5832 = DIRECTION ( 'NONE',  ( 0.9701425001453373165, 1.595416663602607856E-15, -0.2425356250363111532 ) ) ;
#5833 = B_SPLINE_CURVE_WITH_KNOTS ( 'NONE', 3,
 ( #6274, #5308, #3008, #8764 ),
 .UNSPECIFIED., .F., .F.,
 ( 4, 4 ),
 ( 0.0000000000000000000, 1.000000000000000000 ),
 .UNSPECIFIED. ) ;
#5834 = COLOUR_RGB ( '',1.000000000000000000, 1.000000000000000000, 1.000000000000000000 ) ;
#5835 = DIRECTION ( 'NONE',  ( 1.748601263784621946E-15, 0.0000000000000000000, 1.000000000000000000 ) ) ;
#5836 = ORIENTED_EDGE ( 'NONE', *, *, #10230, .T. ) ;
#5837 = AXIS2_PLACEMENT_3D ( 'NONE', #8894, #6610, #2559 ) ;
#5838 = LINE ( 'NONE', #7384, #5532 ) ;
#5839 =( LENGTH_UNIT ( ) NAMED_UNIT ( * ) SI_UNIT ( .MILLI., .METRE. ) );
#5840 =( NAMED_UNIT ( * ) PLANE_ANGLE_UNIT ( ) SI_UNIT ( $, .RADIAN. ) );
#5841 = ORIENTED_EDGE ( 'NONE', *, *, #4498, .T. ) ;
#5842 = CARTESIAN_POINT ( 'NONE',  ( 0.3996450882000190385, 8.199999999999308287, 7.669010516797055033 ) ) ;
#5843 = ORIENTED_EDGE ( 'NONE', *, *, #9400, .T. ) ;
#5844 = CARTESIAN_POINT ( 'NONE',  ( 1.500000000000030864, 4.200000000000010836, 10.35000000000005294 ) ) ;
#5845 = VECTOR ( 'NONE', #4232, 1000.000000000000000 ) ;
#5846 = LINE ( 'NONE', #1924, #3794 ) ;
#5847 = ORIENTED_EDGE ( 'NONE', *, *, #3232, .T. ) ;
#5848 = CARTESIAN_POINT ( 'NONE',  ( 2.400000000000022116, 8.200000000000011724, 9.562560681042054256 ) ) ;
#5849 = VECTOR ( 'NONE', #188, 1000.000000000000000 ) ;
#5850 = PRESENTATION_STYLE_ASSIGNMENT (( #2480 ) ) ;
#5851 = DIRECTION ( 'NONE',  ( -1.644517855226008195E-15, 1.000000000000000000, 2.890435660536364269E-30 ) ) ;
#5852 = CARTESIAN_POINT ( 'NONE',  ( -0.9999999999999817923, 10.75000000000000533, 9.050000000000057554 ) ) ;
#5853 = ORIENTED_EDGE ( 'NONE', *, *, #7156, .T. ) ;
#5854 = AXIS2_PLACEMENT_3D ( 'NONE', #9782, #2488, #5631 ) ;
#5855 = CARTESIAN_POINT ( 'NONE',  ( 1.500000000000016875, 8.200000000000009948, 6.340000000000054037 ) ) ;
#5856 = ORIENTED_EDGE ( 'NONE', *, *, #4569, .F. ) ;
#5857 = FACE_OUTER_BOUND ( 'NONE', #9009, .T. ) ;
#5858 = DIRECTION ( 'NONE',  ( 1.644517855226008195E-15, -1.000000000000000000, -2.890435660536364269E-30 ) ) ;
#5859 = LINE ( 'NONE', #3433, #5866 ) ;
#5860 = DIRECTION ( 'NONE',  ( 1.000000000000000000, 1.644517855226007998E-15, -1.748601263784621946E-15 ) ) ;
#5861 = ADVANCED_FACE ( 'NONE', ( #4576 ), #3769, .F. ) ;
#5862 = ADVANCED_FACE ( 'NONE', ( #3611 ), #10121, .F. ) ;
#5863 =( GEOMETRIC_REPRESENTATION_CONTEXT ( 3 ) GLOBAL_UNCERTAINTY_ASSIGNED_CONTEXT ( ( #830 ) ) GLOBAL_UNIT_ASSIGNED_CONTEXT ( ( #8127, #201, #4071 ) ) REPRESENTATION_CONTEXT ( 'NONE', 'WORKASPACE' ) );
#5864 = CARTESIAN_POINT ( 'NONE',  ( 1.375000000000011546, 0.2500000000000106581, -4.149999999999946176 ) ) ;
#5865 = VERTEX_POINT ( 'NONE', #6125 ) ;
#5866 = VECTOR ( 'NONE', #9133, 1000.000000000000000 ) ;
#5867 = FACE_OUTER_BOUND ( 'NONE', #4160, .T. ) ;
#5868 = DIRECTION ( 'NONE',  ( 1.644517855226008195E-15, -1.000000000000000000, -2.890435660536364269E-30 ) ) ;
#5869 = VERTEX_POINT ( 'NONE', #2760 ) ;
#5870 = CARTESIAN_POINT ( 'NONE',  ( 0.1000000000000167422, 10.60000000000000675, 13.35000000000005471 ) ) ;
#5871 = DIRECTION ( 'NONE',  ( 1.706285386945153899E-15, -1.000000000000000000, 0.0000000000000000000 ) ) ;
#5872 = CARTESIAN_POINT ( 'NONE',  ( -0.5999999999999668931, 4.200000000000007283, 11.74000000000005528 ) ) ;
#5873 = VECTOR ( 'NONE', #2441, 1000.000000000000000 ) ;
#5874 = DIRECTION ( 'NONE',  ( -0.2357022603954947726, 0.9428090415820741255, 0.2357022603954940509 ) ) ;
#5875 = PRESENTATION_LAYER_ASSIGNMENT (  '', '', ( #5018 ) ) ;
#5876 = EDGE_CURVE ( 'NONE', #9456, #6589, #2816, .T. ) ;
#5877 = ADVANCED_FACE ( 'NONE', ( #6029 ), #7630, .F. ) ;
#5878 = ADVANCED_FACE ( 'NONE', ( #2063 ), #2015, .T. ) ;
#5879 = DIRECTION ( 'NONE',  ( -1.748601263784621946E-15, 0.0000000000000000000, -1.000000000000000000 ) ) ;
#5880 = DIRECTION ( 'NONE',  ( 1.000000000000000000, 1.644517855226007998E-15, -1.748601263784621946E-15 ) ) ;
#5881 = ORIENTED_EDGE ( 'NONE', *, *, #1380, .F. ) ;
#5882 = AXIS2_PLACEMENT_3D ( 'NONE', #6683, #9868, #5903 ) ;
#5883 = STYLED_ITEM ( 'NONE', ( #1152 ), #6460 ) ;
#5884 = STYLED_ITEM ( 'NONE', ( #7213 ), #2327 ) ;
#5885 = DIRECTION ( 'NONE',  ( -0.3162277660168062998, -5.200422075328729803E-16, 0.9486832980505244262 ) ) ;
#5886 = STYLED_ITEM ( 'NONE', ( #9592 ), #6570 ) ;
#5887 = FACE_OUTER_BOUND ( 'NONE', #1848, .T. ) ;
#5888 = ORIENTED_EDGE ( 'NONE', *, *, #7559, .F. ) ;
#5889 = VERTEX_POINT ( 'NONE', #2378 ) ;
#5890 = VERTEX_POINT ( 'NONE', #9726 ) ;
#5891 = DIRECTION ( 'NONE',  ( -1.748601263784621946E-15, 0.0000000000000000000, -1.000000000000000000 ) ) ;
#5892 = VECTOR ( 'NONE', #5851, 1000.000000000000000 ) ;
#5893 = CARTESIAN_POINT ( 'NONE',  ( 0.1000000000000202116, 10.60000000000000675, 10.35000000000005471 ) ) ;
#5894 = EDGE_CURVE ( 'NONE', #2247, #1850, #9619, .T. ) ;
#5895 = AXIS2_PLACEMENT_3D ( 'NONE', #9984, #2829, #9924 ) ;
#5896 = COLOUR_RGB ( '',1.000000000000000000, 1.000000000000000000, 1.000000000000000000 ) ;
#5897 = STYLED_ITEM ( 'NONE', ( #9667 ), #5909 ) ;
#5898 = DIRECTION ( 'NONE',  ( -1.000000000000000000, -1.644517855226007801E-15, 1.748601263784621748E-15 ) ) ;
#5899 = EDGE_LOOP ( 'NONE', ( #2491, #2009, #9658, #8638 ) ) ;
#5900 = FILL_AREA_STYLE ('',( #6624 ) ) ;
#5901 = DIRECTION ( 'NONE',  ( -1.644517855226008195E-15, 1.000000000000000000, 2.890435660536364269E-30 ) ) ;
#5902 = VERTEX_POINT ( 'NONE', #4780 ) ;
#5903 = DIRECTION ( 'NONE',  ( 1.644517855226007998E-15, -1.000000000000000000, -2.890435660536363919E-30 ) ) ;
#5904 = ORIENTED_EDGE ( 'NONE', *, *, #8536, .F. ) ;
#5905 = DIRECTION ( 'NONE',  ( -1.000000000000000000, -1.644517855226007998E-15, 1.748601263784621946E-15 ) ) ;
#5906 = PLANE ( 'NONE',  #1940 ) ;
#5907 = COLOUR_RGB ( '',1.000000000000000000, 1.000000000000000000, 1.000000000000000000 ) ;
#5908 = ORIENTED_EDGE ( 'NONE', *, *, #1559, .T. ) ;
#5909 = ADVANCED_FACE ( 'NONE', ( #4686 ), #5641, .T. ) ;
#5910 = PLANE ( 'NONE',  #1269 ) ;
#5911 = LINE ( 'NONE', #6007, #4790 ) ;
#5912 = SURFACE_STYLE_FILL_AREA ( #175 ) ;
#5913 = ORIENTED_EDGE ( 'NONE', *, *, #2769, .F. ) ;
#5914 = DIRECTION ( 'NONE',  ( 0.2357022603954916640, 0.9428090415820747916, -0.2357022603954940509 ) ) ;
#5915 = VERTEX_POINT ( 'NONE', #808 ) ;
#5916 = DIRECTION ( 'NONE',  ( -1.764125568789973694E-15, 0.0000000000000000000, -1.000000000000000000 ) ) ;
#5917 = LINE ( 'NONE', #2592, #6512 ) ;
#5918 = LINE ( 'NONE', #3543, #570 ) ;
#5919 = VERTEX_POINT ( 'NONE', #9502 ) ;
#5920 = SURFACE_SIDE_STYLE ('',( #4097 ) ) ;
#5921 = LINE ( 'NONE', #9239, #606 ) ;
#5922 = ORIENTED_EDGE ( 'NONE', *, *, #5808, .T. ) ;
#5923 = CARTESIAN_POINT ( 'NONE',  ( 0.6000000000000085265, 8.200000000000009948, 1.395555555000055126 ) ) ;
#5924 = SURFACE_SIDE_STYLE ('',( #4315 ) ) ;
#5925 =( LENGTH_UNIT ( ) NAMED_UNIT ( * ) SI_UNIT ( .MILLI., .METRE. ) );
#5926 = CARTESIAN_POINT ( 'NONE',  ( 0.09999999999999592548, 10.60000000000000675, -3.649999999999943956 ) ) ;
#5927 = VERTEX_POINT ( 'NONE', #8817 ) ;
#5928 = DIRECTION ( 'NONE',  ( 0.05547001409259343097, 9.122142860490530214E-17, 0.9984603535126307383 ) ) ;
#5929 =( NAMED_UNIT ( * ) PLANE_ANGLE_UNIT ( ) SI_UNIT ( $, .RADIAN. ) );
#5930 = CARTESIAN_POINT ( 'NONE',  ( 2.400000000000023448, 5.400000000000012790, 7.250000000000051514 ) ) ;
#5931 = EDGE_LOOP ( 'NONE', ( #5663, #7725, #6087, #4910 ) ) ;
#5932 = EDGE_CURVE ( 'NONE', #7125, #1543, #5537, .T. ) ;
#5933 =( LENGTH_UNIT ( ) NAMED_UNIT ( * ) SI_UNIT ( .MILLI., .METRE. ) );
#5934 = DIRECTION ( 'NONE',  ( -1.644517855226007998E-15, 1.000000000000000000, 2.890435660536363919E-30 ) ) ;
#5935 = VERTEX_POINT ( 'NONE', #3825 ) ;
#5936 = CARTESIAN_POINT ( 'NONE',  ( 0.1000000000000028644, 10.60000000000000675, 0.3500000000000568767 ) ) ;
#5937 = ORIENTED_EDGE ( 'NONE', *, *, #724, .T. ) ;
#5938 = DIRECTION ( 'NONE',  ( -1.000000000000000000, -1.644517855226007998E-15, 1.748601263784621946E-15 ) ) ;
#5939 = ADVANCED_FACE ( 'NONE', ( #7942 ), #3172, .T. ) ;
#5940 = LINE ( 'NONE', #1874, #8887 ) ;
#5941 = FACE_OUTER_BOUND ( 'NONE', #8379, .T. ) ;
#5942 = DIRECTION ( 'NONE',  ( 0.9927080914950846546, -0.1205431253957962856, -1.735850623357525016E-15 ) ) ;
#5943 = CARTESIAN_POINT ( 'NONE',  ( 1.000000000000028644, 0.2500000000000097700, 5.475000000000055600 ) ) ;
#5944 = FACE_OUTER_BOUND ( 'NONE', #9061, .T. ) ;
#5945 = EDGE_CURVE ( 'NONE', #210, #4002, #7084, .T. ) ;
#5946 = ORIENTED_EDGE ( 'NONE', *, *, #9093, .T. ) ;
#5947 = CARTESIAN_POINT ( 'NONE',  ( 1.500000000000006439, 8.200000000000009948, 0.3850000000000554090 ) ) ;
#5948 = ORIENTED_EDGE ( 'NONE', *, *, #3820, .F. ) ;
#5949 = DIRECTION ( 'NONE',  ( 0.0000000000000000000, -0.7142857142856899877, -0.6998542122237899621 ) ) ;
#5950 = DIRECTION ( 'NONE',  ( 1.000000000000000000, 1.644517855226008195E-15, 0.0000000000000000000 ) ) ;
#5951 = ORIENTED_EDGE ( 'NONE', *, *, #5452, .T. ) ;
#5952 = DIRECTION ( 'NONE',  ( -0.8411784753765673139, 0.5407575913134772261, 1.470885745111887003E-15 ) ) ;
#5953 = CARTESIAN_POINT ( 'NONE',  ( 1.300000000000023359, 5.400000000000011013, 7.450000000000054357 ) ) ;
#5954 = FACE_OUTER_BOUND ( 'NONE', #8807, .T. ) ;
#5955 = EDGE_CURVE ( 'NONE', #2854, #5889, #1810, .T. ) ;
#5956 = ORIENTED_EDGE ( 'NONE', *, *, #10342, .T. ) ;
#5957 = LINE ( 'NONE', #2645, #2594 ) ;
#5958 = EDGE_LOOP ( 'NONE', ( #6978, #899, #9504, #6254 ) ) ;
#5959 = PLANE ( 'NONE',  #4265 ) ;
#5960 = LINE ( 'NONE', #6064, #9921 ) ;
#5961 = DIRECTION ( 'NONE',  ( 1.644517855226007998E-15, -1.000000000000000000, -2.890435660536363919E-30 ) ) ;
#5962 = EDGE_CURVE ( 'NONE', #2130, #3044, #8586, .T. ) ;
#5963 = AXIS2_PLACEMENT_3D ( 'NONE', #2497, #7354, #8113 ) ;
#5964 = ORIENTED_EDGE ( 'NONE', *, *, #4834, .F. ) ;
#5965 = DIRECTION ( 'NONE',  ( 0.0000000000000000000, -0.6949152542373064900, -0.7190916418846067248 ) ) ;
#5966 = DIRECTION ( 'NONE',  ( -0.9701425001453374275, -0.2425356250363110699, 1.696392401805309466E-15 ) ) ;
#5967 = VERTEX_POINT ( 'NONE', #1480 ) ;
#5968 = PLANE ( 'NONE',  #2056 ) ;
#5969 = PLANE ( 'NONE',  #4456 ) ;
#5970 = SURFACE_STYLE_FILL_AREA ( #2700 ) ;
#5971 = VERTEX_POINT ( 'NONE', #7295 ) ;
#5972 = DIRECTION ( 'NONE',  ( -3.230361199318120148E-07, -1.709844728725060429E-07, -0.9999999999999331646 ) ) ;
#5973 = VECTOR ( 'NONE', #1308, 1000.000000000000114 ) ;
#5974 = LINE ( 'NONE', #4172, #2805 ) ;
#5975 = DIRECTION ( 'NONE',  ( 1.748601263784621946E-15, 0.0000000000000000000, 1.000000000000000000 ) ) ;
#5976 = ORIENTED_EDGE ( 'NONE', *, *, #8334, .T. ) ;
#5977 = CIRCLE ( 'NONE', #10212, 2.950000000000001066 ) ;
#5978 = CARTESIAN_POINT ( 'NONE',  ( 0.6999999999999975131, 8.200000000000009948, -4.689999999999945324 ) ) ;
#5979 =( NAMED_UNIT ( * ) PLANE_ANGLE_UNIT ( ) SI_UNIT ( $, .RADIAN. ) );
#5980 = ORIENTED_EDGE ( 'NONE', *, *, #3443, .F. ) ;
#5981 = CARTESIAN_POINT ( 'NONE',  ( 2.400000000000025224, 7.100000000000012079, 9.450000000000052580 ) ) ;
#5982 = ORIENTED_EDGE ( 'NONE', *, *, #8607, .T. ) ;
#5983 = ORIENTED_EDGE ( 'NONE', *, *, #8399, .T. ) ;
#5984 = VECTOR ( 'NONE', #2181, 1000.000000000000000 ) ;
#5985 = EDGE_CURVE ( 'NONE', #9522, #5627, #6437, .T. ) ;
#5986 = LINE ( 'NONE', #9151, #9918 ) ;
#5987 = VECTOR ( 'NONE', #4848, 1000.000000000000000 ) ;
#5988 = EDGE_CURVE ( 'NONE', #2515, #4747, #2218, .T. ) ;
#5989 = EDGE_CURVE ( 'NONE', #5919, #5811, #1594, .T. ) ;
#5990 = DIRECTION ( 'NONE',  ( 1.000000000000000000, 0.0000000000000000000, 0.0000000000000000000 ) ) ;
#5991 = ORIENTED_EDGE ( 'NONE', *, *, #5458, .T. ) ;
#5992 = PLANE ( 'NONE',  #1050 ) ;
#5993 = DIRECTION ( 'NONE',  ( -1.644517855226008195E-15, 1.000000000000000000, 2.890435660536364269E-30 ) ) ;
#5994 = CARTESIAN_POINT ( 'NONE',  ( 1.500000000000025535, 8.200000000000009948, 11.34000000000005315 ) ) ;
#5995 = ORIENTED_EDGE ( 'NONE', *, *, #4886, .F. ) ;
#5996 = CARTESIAN_POINT ( 'NONE',  ( 10.99999999999998046, 5.400000000000026112, -16.64999999999995950 ) ) ;
#5997 = VECTOR ( 'NONE', #9446, 1000.000000000000000 ) ;
#5998 =( GEOMETRIC_REPRESENTATION_CONTEXT ( 3 ) GLOBAL_UNCERTAINTY_ASSIGNED_CONTEXT ( ( #338 ) ) GLOBAL_UNIT_ASSIGNED_CONTEXT ( ( #1265, #9696, #726 ) ) REPRESENTATION_CONTEXT ( 'NONE', 'WORKASPACE' ) );
#5999 = ORIENTED_EDGE ( 'NONE', *, *, #6296, .T. ) ;
#6000 = CARTESIAN_POINT ( 'NONE',  ( 1.500000000000039524, 0.7500000000000111022, 11.35000000000005294 ) ) ;
#6001 = EDGE_LOOP ( 'NONE', ( #7148, #5151, #6271, #9000 ) ) ;
#6002 = EDGE_CURVE ( 'NONE', #6819, #1244, #15, .T. ) ;
#6003 = AXIS2_PLACEMENT_3D ( 'NONE', #9494, #9780, #8033 ) ;
#6004 =( GEOMETRIC_REPRESENTATION_CONTEXT ( 3 ) GLOBAL_UNCERTAINTY_ASSIGNED_CONTEXT ( ( #708 ) ) GLOBAL_UNIT_ASSIGNED_CONTEXT ( ( #3355, #4115, #6560 ) ) REPRESENTATION_CONTEXT ( 'NONE', 'WORKASPACE' ) );
#6005 = ADVANCED_FACE ( 'NONE', ( #5867 ), #4257, .T. ) ;
#6006 = CARTESIAN_POINT ( 'NONE',  ( 0.1000000000000063338, 5.400000000000009237, -2.149999999999943512 ) ) ;
#6007 = CARTESIAN_POINT ( 'NONE',  ( 9.700000000000020606, 10.60000000000002274, 11.55000000000003979 ) ) ;
#6008 = CARTESIAN_POINT ( 'NONE',  ( 0.7400000000000079847, 7.597309794603359201, 0.3500000000000551559 ) ) ;
#6009 = VECTOR ( 'NONE', #7713, 1000.000000000000000 ) ;
#6010 = FILL_AREA_STYLE_COLOUR ( '', #4004 ) ;
#6011 = ORIENTED_EDGE ( 'NONE', *, *, #874, .T. ) ;
#6012 = DIRECTION ( 'NONE',  ( -1.748601263784621946E-15, 0.0000000000000000000, -1.000000000000000000 ) ) ;
#6013 = ORIENTED_EDGE ( 'NONE', *, *, #8003, .F. ) ;
#6014 = PRESENTATION_STYLE_ASSIGNMENT (( #6801 ) ) ;
#6015 = FILL_AREA_STYLE ('',( #1898 ) ) ;
#6016 = CARTESIAN_POINT ( 'NONE',  ( 0.6767953592099960058, 8.200000000000009948, -5.823734510677944343 ) ) ;
#6017 = VECTOR ( 'NONE', #10295, 1000.000000000000000 ) ;
#6018 = CARTESIAN_POINT ( 'NONE',  ( 3.175000000000025135, 7.650000000000012790, 10.85000000000005116 ) ) ;
#6019 = EDGE_CURVE ( 'NONE', #3258, #4961, #8257, .T. ) ;
#6020 = AXIS2_PLACEMENT_3D ( 'NONE', #10306, #1407, #2196 ) ;
#6021 = ORIENTED_EDGE ( 'NONE', *, *, #6950, .F. ) ;
#6022 = CARTESIAN_POINT ( 'NONE',  ( 2.400000000000013234, 8.200000000000011724, 4.562560681042053368 ) ) ;
#6023 = CARTESIAN_POINT ( 'NONE',  ( 0.6250000000000109912, 0.2500000000000088818, -4.149999999999944400 ) ) ;
#6024 = VERTEX_POINT ( 'NONE', #6707 ) ;
#6025 = DIRECTION ( 'NONE',  ( 1.644517855226007998E-15, -1.000000000000000000, -2.875605999964573094E-30 ) ) ;
#6026 = CARTESIAN_POINT ( 'NONE',  ( -0.9999999999999749090, 4.200000000000005507, 7.650000000000058087 ) ) ;
#6027 = CARTESIAN_POINT ( 'NONE',  ( 9.299999999999998934, 7.269714285714322877, -4.149999999999960387 ) ) ;
#6028 = AXIS2_PLACEMENT_3D ( 'NONE', #4954, #7419, #8157 ) ;
#6029 = FACE_OUTER_BOUND ( 'NONE', #3463, .T. ) ;
#6030 = DIRECTION ( 'NONE',  ( 1.644517855226007998E-15, -1.000000000000000000, -2.890435660536363919E-30 ) ) ;
#6031 = ORIENTED_EDGE ( 'NONE', *, *, #2291, .F. ) ;
#6032 = VECTOR ( 'NONE', #396, 1000.000000000000000 ) ;
#6033 = DIRECTION ( 'NONE',  ( -1.000000000000000000, -1.644517855226007801E-15, 1.748601263784621748E-15 ) ) ;
#6034 = ORIENTED_EDGE ( 'NONE', *, *, #4483, .T. ) ;
#6035 = LINE ( 'NONE', #2617, #6635 ) ;
#6036 = LINE ( 'NONE', #10069, #2961 ) ;
#6037 = VERTEX_POINT ( 'NONE', #3501 ) ;
#6038 = LINE ( 'NONE', #6877, #1249 ) ;
#6039 = CARTESIAN_POINT ( 'NONE',  ( 1.500000000000022204, 4.200000000000010836, 5.350000000000055600 ) ) ;
#6040 = VECTOR ( 'NONE', #2848, 1000.000000000000000 ) ;
#6041 = AXIS2_PLACEMENT_3D ( 'NONE', #6716, #5928, #4320 ) ;
#6042 = FACE_OUTER_BOUND ( 'NONE', #4575, .T. ) ;
#6043 =( NAMED_UNIT ( * ) PLANE_ANGLE_UNIT ( ) SI_UNIT ( $, .RADIAN. ) );
#6044 = AXIS2_PLACEMENT_3D ( 'NONE', #3560, #2867, #2129 ) ;
#6045 = LINE ( 'NONE', #462, #2097 ) ;
#6046 = DIRECTION ( 'NONE',  ( -0.7427813513546573931, 0.3713906757630266453, -0.5570860167299404031 ) ) ;
#6047 = DIRECTION ( 'NONE',  ( -1.000000000000000000, -1.644517855226008195E-15, 0.0000000000000000000 ) ) ;
#6048 = DIRECTION ( 'NONE',  ( -1.000000000000000000, -1.644517855226007998E-15, 1.748601263784621946E-15 ) ) ;
#6049 = ORIENTED_EDGE ( 'NONE', *, *, #2799, .T. ) ;
#6050 = DIRECTION ( 'NONE',  ( 1.706285386945153899E-15, -1.000000000000000000, 0.0000000000000000000 ) ) ;
#6051 = VERTEX_POINT ( 'NONE', #6542 ) ;
#6052 = CARTESIAN_POINT ( 'NONE',  ( 1.400000000000017453, 7.650000000000010125, 5.850000000000053824 ) ) ;
#6053 = EDGE_CURVE ( 'NONE', #804, #10346, #9090, .T. ) ;
#6054 = ORIENTED_EDGE ( 'NONE', *, *, #7821, .T. ) ;
#6055 = STYLED_ITEM ( 'NONE', ( #5392 ), #495 ) ;
#6056 = AXIS2_PLACEMENT_3D ( 'NONE', #1969, #4374, #9345 ) ;
#6057 = EDGE_CURVE ( 'NONE', #5821, #3149, #9952, .T. ) ;
#6058 = CARTESIAN_POINT ( 'NONE',  ( 7.999999999999986677, 12.25000000000001954, -6.649999999999956835 ) ) ;
#6059 = CARTESIAN_POINT ( 'NONE',  ( 10.99999999999999289, 11.75000000000002487, -3.249999999999963141 ) ) ;
#6060 = VECTOR ( 'NONE', #1716, 1000.000000000000000 ) ;
#6061 = VERTEX_POINT ( 'NONE', #1815 ) ;
#6062 = ORIENTED_EDGE ( 'NONE', *, *, #2971, .F. ) ;
#6063 = EDGE_CURVE ( 'NONE', #2792, #10507, #2599, .T. ) ;
#6064 = CARTESIAN_POINT ( 'NONE',  ( 8.799999999999997158, 8.144714285714321989, -4.649999999999958611 ) ) ;
#6065 = DIRECTION ( 'NONE',  ( 0.9333456062030536238, 0.3589790793088840637, 0.0000000000000000000 ) ) ;
#6066 = EDGE_CURVE ( 'NONE', #2390, #6743, #965, .T. ) ;
#6067 = ADVANCED_FACE ( 'NONE', ( #2492 ), #4944, .F. ) ;
#6068 = ORIENTED_EDGE ( 'NONE', *, *, #9809, .F. ) ;
#6069 = DIRECTION ( 'NONE',  ( -1.748601263784621946E-15, 0.0000000000000000000, -1.000000000000000000 ) ) ;
#6070 = CARTESIAN_POINT ( 'NONE',  ( 0.1000000000000115380, 10.60000000000000675, 5.350000000000057376 ) ) ;
#6071 = ORIENTED_EDGE ( 'NONE', *, *, #3457, .T. ) ;
#6072 = DIRECTION ( 'NONE',  ( -0.8076923076923187006, 0.5896042198752116104, 1.334402673828312846E-15 ) ) ;
#6073 = DIRECTION ( 'NONE',  ( -1.644517855226007998E-15, 1.000000000000000000, 2.875605999964573094E-30 ) ) ;
#6074 = EDGE_CURVE ( 'NONE', #8837, #483, #2132, .T. ) ;
#6075 =( NAMED_UNIT ( * ) PLANE_ANGLE_UNIT ( ) SI_UNIT ( $, .RADIAN. ) );
#6076 = CARTESIAN_POINT ( 'NONE',  ( 10.99999999999999112, 11.10000000000002451, -5.049999999999961631 ) ) ;
#6077 = VERTEX_POINT ( 'NONE', #185 ) ;
#6078 = DIRECTION ( 'NONE',  ( 1.000000000000000000, 1.644517855226007998E-15, -1.748601263784621946E-15 ) ) ;
#6079 = ORIENTED_EDGE ( 'NONE', *, *, #2786, .F. ) ;
#6080 = EDGE_LOOP ( 'NONE', ( #7634, #2359, #3516, #825, #10167, #2091 ) ) ;
#6081 = LINE ( 'NONE', #9305, #557 ) ;
#6082 = DIRECTION ( 'NONE',  ( -1.000000000000000000, -1.644517855226007998E-15, 1.748601263784621946E-15 ) ) ;
#6083 = ADVANCED_FACE ( 'NONE', ( #3444 ), #5107, .T. ) ;
#6084 = VERTEX_POINT ( 'NONE', #8201 ) ;
#6085 = FACE_OUTER_BOUND ( 'NONE', #8950, .T. ) ;
#6086 = LINE ( 'NONE', #5325, #4672 ) ;
#6087 = ORIENTED_EDGE ( 'NONE', *, *, #849, .F. ) ;
#6088 = SURFACE_SIDE_STYLE ('',( #5328 ) ) ;
#6089 = LINE ( 'NONE', #3466, #1202 ) ;
#6090 = LINE ( 'NONE', #5125, #3638 ) ;
#6091 = CARTESIAN_POINT ( 'NONE',  ( 9.699999999999999289, 12.25000000000002309, 0.1500000000000385469 ) ) ;
#6092 = DIRECTION ( 'NONE',  ( -1.644517855226008195E-15, 1.000000000000000000, 2.890435660536364269E-30 ) ) ;
#6093 = CARTESIAN_POINT ( 'NONE',  ( 1.499999999999997780, 8.200000000000009948, -4.639999999999945501 ) ) ;
#6094 = CARTESIAN_POINT ( 'NONE',  ( 3.950000000000025491, 7.650000000000014566, 10.85000000000004938 ) ) ;
#6095 = CARTESIAN_POINT ( 'NONE',  ( 3.950000000000027267, 7.144714285714313995, 11.35000000000004761 ) ) ;
#6096 = ORIENTED_EDGE ( 'NONE', *, *, #4429, .T. ) ;
#6097 =( LENGTH_UNIT ( ) NAMED_UNIT ( * ) SI_UNIT ( .MILLI., .METRE. ) );
#6098 = EDGE_LOOP ( 'NONE', ( #7910, #822, #3343, #1933, #5118 ) ) ;
#6099 = CARTESIAN_POINT ( 'NONE',  ( 0.1000000000000219463, 10.60000000000000675, 11.35000000000005471 ) ) ;
#6100 = ORIENTED_EDGE ( 'NONE', *, *, #474, .T. ) ;
#6101 = ADVANCED_FACE ( 'NONE', ( #3341 ), #8936, .F. ) ;
#6102 = CARTESIAN_POINT ( 'NONE',  ( 1.500000000000008216, 8.109625349781611092, 0.3850000000000554090 ) ) ;
#6103 = CARTESIAN_POINT ( 'NONE',  ( 1.500000000000022204, 4.200000000000010836, 5.350000000000055600 ) ) ;
#6104 = ORIENTED_EDGE ( 'NONE', *, *, #9058, .F. ) ;
#6105 = ORIENTED_EDGE ( 'NONE', *, *, #10467, .T. ) ;
#6106 =( NAMED_UNIT ( * ) PLANE_ANGLE_UNIT ( ) SI_UNIT ( $, .RADIAN. ) );
#6107 = CARTESIAN_POINT ( 'NONE',  ( 0.7000000000000148326, 8.200000000000009948, 5.310000000000055564 ) ) ;
#6108 = FACE_OUTER_BOUND ( 'NONE', #997, .T. ) ;
#6109 = LINE ( 'NONE', #7777, #7045 ) ;
#6110 = ADVANCED_FACE ( 'NONE', ( #907 ), #7411, .T. ) ;
#6111 = EDGE_CURVE ( 'NONE', #2193, #4301, #3293, .T. ) ;
#6112 = ORIENTED_EDGE ( 'NONE', *, *, #7261, .T. ) ;
#6113 = LINE ( 'NONE', #7662, #629 ) ;
#6114 = EDGE_CURVE ( 'NONE', #5130, #1990, #7620, .T. ) ;
#6115 = FACE_OUTER_BOUND ( 'NONE', #9398, .T. ) ;
#6116 = EDGE_LOOP ( 'NONE', ( #445, #2471, #186, #3630 ) ) ;
#6117 = EDGE_CURVE ( 'NONE', #3997, #210, #4519, .T. ) ;
#6118 = DIRECTION ( 'NONE',  ( 0.9238697708742987791, 0.3553345272594015669, 0.1421338109036983932 ) ) ;
#6119 = VERTEX_POINT ( 'NONE', #10109 ) ;
#6120 = CARTESIAN_POINT ( 'NONE',  ( 10.99999999999999822, 5.200000000000025935, -6.649999999999962164 ) ) ;
#6121 = CIRCLE ( 'NONE', #527, 1.399999999999999023 ) ;
#6122 = EDGE_CURVE ( 'NONE', #1530, #6541, #3658, .T. ) ;
#6123 = EDGE_CURVE ( 'NONE', #4882, #8234, #7780, .T. ) ;
#6124 = ORIENTED_EDGE ( 'NONE', *, *, #6296, .F. ) ;
#6125 = CARTESIAN_POINT ( 'NONE',  ( 0.1000000000000314943, 7.100000000000008527, 13.35000000000005471 ) ) ;
#6126 = SURFACE_STYLE_FILL_AREA ( #4630 ) ;
#6127 = VERTEX_POINT ( 'NONE', #10159 ) ;
#6128 = EDGE_LOOP ( 'NONE', ( #2041, #8255, #5237, #6895 ) ) ;
#6129 = DIRECTION ( 'NONE',  ( 1.644517855226008195E-15, -1.000000000000000000, -2.890435660536364269E-30 ) ) ;
#6130 = FACE_OUTER_BOUND ( 'NONE', #10399, .T. ) ;
#6131 = LINE ( 'NONE', #3775, #8171 ) ;
#6132 = PLANE ( 'NONE',  #3636 ) ;
#6133 = AXIS2_PLACEMENT_3D ( 'NONE', #3042, #1510, #9485 ) ;
#6134 = ORIENTED_EDGE ( 'NONE', *, *, #1527, .T. ) ;
#6135 = LINE ( 'NONE', #3563, #2771 ) ;
#6136 = DIRECTION ( 'NONE',  ( 1.000000000000000000, 1.644517855226007801E-15, -1.748601263784621748E-15 ) ) ;
#6137 = CARTESIAN_POINT ( 'NONE',  ( -0.5999999999999912070, 8.800000000000006040, 1.740000000000056612 ) ) ;
#6138 = EDGE_CURVE ( 'NONE', #6396, #1530, #10206, .T. ) ;
#6139 = LINE ( 'NONE', #1877, #3103 ) ;
#6140 = ADVANCED_FACE ( 'NONE', ( #8459 ), #9290, .F. ) ;
#6141 = DIRECTION ( 'NONE',  ( 1.000000000000000000, 1.644517855226007998E-15, -1.748601263784621946E-15 ) ) ;
#6142 = FILL_AREA_STYLE ('',( #5556 ) ) ;
#6143 = EDGE_LOOP ( 'NONE', ( #7225, #2220, #169, #5684, #4218 ) ) ;
#6144 = DIRECTION ( 'NONE',  ( -1.644517855226008195E-15, 1.000000000000000000, 2.890435660536364269E-30 ) ) ;
#6145 = DIRECTION ( 'NONE',  ( -1.644517855226008195E-15, 1.000000000000000000, 2.890435660536364269E-30 ) ) ;
#6146 = ORIENTED_EDGE ( 'NONE', *, *, #345, .T. ) ;
#6147 = VECTOR ( 'NONE', #1538, 1000.000000000000000 ) ;
#6148 = VECTOR ( 'NONE', #9075, 1000.000000000000114 ) ;
#6149 =( GEOMETRIC_REPRESENTATION_CONTEXT ( 3 ) GLOBAL_UNCERTAINTY_ASSIGNED_CONTEXT ( ( #3885 ) ) GLOBAL_UNIT_ASSIGNED_CONTEXT ( ( #9490, #10358, #4670 ) ) REPRESENTATION_CONTEXT ( 'NONE', 'WORKASPACE' ) );
#6150 = CARTESIAN_POINT ( 'NONE',  ( 1.500000000000023981, 8.200000000000009948, 10.36000000000005272 ) ) ;
#6151 = PLANE ( 'NONE',  #8689 ) ;
#6152 = PRESENTATION_STYLE_ASSIGNMENT (( #8600 ) ) ;
#6153 = ORIENTED_EDGE ( 'NONE', *, *, #4192, .T. ) ;
#6154 = EDGE_LOOP ( 'NONE', ( #449, #9137, #7693, #198 ) ) ;
#6155 = VECTOR ( 'NONE', #6813, 1000.000000000000000 ) ;
#6156 = AXIS2_PLACEMENT_3D ( 'NONE', #3092, #2884, #3855 ) ;
#6157 = DIRECTION ( 'NONE',  ( 1.644517855226008195E-15, -1.000000000000000000, -2.890435660536364269E-30 ) ) ;
#6158 = CARTESIAN_POINT ( 'NONE',  ( 0.9356642613499999150, 8.199999999991309352, -2.613075180758945404 ) ) ;
#6159 = FACE_OUTER_BOUND ( 'NONE', #2929, .T. ) ;
#6160 = ORIENTED_EDGE ( 'NONE', *, *, #2000, .T. ) ;
#6161 = CARTESIAN_POINT ( 'NONE',  ( 2.500000000000035083, 3.750000000000012434, 12.65000000000005009 ) ) ;
#6162 = VECTOR ( 'NONE', #8464, 1000.000000000000000 ) ;
#6163 = VECTOR ( 'NONE', #6141, 1000.000000000000000 ) ;
#6164 =( GEOMETRIC_REPRESENTATION_CONTEXT ( 3 ) GLOBAL_UNCERTAINTY_ASSIGNED_CONTEXT ( ( #90 ) ) GLOBAL_UNIT_ASSIGNED_CONTEXT ( ( #4572, #6228, #2010 ) ) REPRESENTATION_CONTEXT ( 'NONE', 'WORKASPACE' ) );
#6165 = DIRECTION ( 'NONE',  ( -1.000000000000000000, -1.644517855226007998E-15, 1.748601263784621946E-15 ) ) ;
#6166 = CARTESIAN_POINT ( 'NONE',  ( 1.398548747334025677, 8.959230384045008933, 11.35000000000005294 ) ) ;
#6167 = ORIENTED_EDGE ( 'NONE', *, *, #838, .T. ) ;
#6168 = VECTOR ( 'NONE', #4967, 1000.000000000000000 ) ;
#6169 = VECTOR ( 'NONE', #6453, 1000.000000000000000 ) ;
#6170 = CARTESIAN_POINT ( 'NONE',  ( 3.950000000000025491, 7.650000000000014566, 10.85000000000004938 ) ) ;
#6171 = CARTESIAN_POINT ( 'NONE',  ( 1.800000000000016920, 4.200000000000010836, 2.650000000000053202 ) ) ;
#6172 =( LENGTH_UNIT ( ) NAMED_UNIT ( * ) SI_UNIT ( .MILLI., .METRE. ) );
#6173 = ORIENTED_EDGE ( 'NONE', *, *, #4184, .T. ) ;
#6174 = DIRECTION ( 'NONE',  ( 1.644517855226008195E-15, -1.000000000000000000, -2.890435660536364269E-30 ) ) ;
#6175 = EDGE_CURVE ( 'NONE', #7647, #9818, #8499, .T. ) ;
#6176 = AXIS2_PLACEMENT_3D ( 'NONE', #1123, #5063, #2852 ) ;
#6177 = ORIENTED_EDGE ( 'NONE', *, *, #5599, .F. ) ;
#6178 = FILL_AREA_STYLE_COLOUR ( '', #10435 ) ;
#6179 = VERTEX_POINT ( 'NONE', #4405 ) ;
#6180 = VERTEX_POINT ( 'NONE', #6166 ) ;
#6181 = LINE ( 'NONE', #8669, #1739 ) ;
#6182 = STYLED_ITEM ( 'NONE', ( #4478 ), #4888 ) ;
#6183 = CARTESIAN_POINT ( 'NONE',  ( 9.699999999999995737, 10.60000000000002274, -3.449999999999960210 ) ) ;
#6184 = DIRECTION ( 'NONE',  ( -1.000000000000000000, -1.644517855226007998E-15, 1.748601263784621946E-15 ) ) ;
#6185 = CIRCLE ( 'NONE', #7201, 0.9999999999999991118 ) ;
#6186 = ORIENTED_EDGE ( 'NONE', *, *, #99, .T. ) ;
#6187 = EDGE_CURVE ( 'NONE', #2832, #7342, #6113, .T. ) ;
#6188 = AXIS2_PLACEMENT_3D ( 'NONE', #8455, #485, #2105 ) ;
#6189 = EDGE_CURVE ( 'NONE', #638, #14, #2049, .T. ) ;
#6190 = EDGE_CURVE ( 'NONE', #4263, #1147, #3599, .T. ) ;
#6191 = STYLED_ITEM ( 'NONE', ( #7427 ), #2745 ) ;
#6192 = CARTESIAN_POINT ( 'NONE',  ( 9.800000000000016698, 7.894714285714324653, 6.100000000000038725 ) ) ;
#6193 = CARTESIAN_POINT ( 'NONE',  ( 0.7500000000000266454, 7.611199771552088933, 11.34000000000005492 ) ) ;
#6194 = LINE ( 'NONE', #4701, #8758 ) ;
#6195 = ORIENTED_EDGE ( 'NONE', *, *, #3396, .T. ) ;
#6196 = CARTESIAN_POINT ( 'NONE',  ( -0.9999999999999644729, 3.750000000000006217, 12.65000000000005720 ) ) ;
#6197 = DIRECTION ( 'NONE',  ( -0.9238697708742998893, 0.3553345272593985138, -0.1421338109036983932 ) ) ;
#6198 = EDGE_LOOP ( 'NONE', ( #9536, #3848, #10004, #2368, #2167, #3478, #4943, #6748, #3429, #373 ) ) ;
#6199 = CARTESIAN_POINT ( 'NONE',  ( 1.800000000000002931, 6.844714285714310620, -3.684999999999946318 ) ) ;
#6200 = VECTOR ( 'NONE', #4776, 1000.000000000000000 ) ;
#6201 = EDGE_CURVE ( 'NONE', #6451, #367, #4566, .T. ) ;
#6202 = ORIENTED_EDGE ( 'NONE', *, *, #4563, .T. ) ;
#6203 = VECTOR ( 'NONE', #9668, 1000.000000000000000 ) ;
#6204 = PLANE ( 'NONE',  #7367 ) ;
#6205 = VECTOR ( 'NONE', #8160, 1000.000000000000000 ) ;
#6206 = DIRECTION ( 'NONE',  ( 0.9333456062030536238, 0.3589790793088840637, -1.632049306554483439E-15 ) ) ;
#6207 = DIRECTION ( 'NONE',  ( 1.000000000000000000, 1.644517855226007998E-15, -1.748601263784621946E-15 ) ) ;
#6208 = LINE ( 'NONE', #476, #8029 ) ;
#6209 = DIRECTION ( 'NONE',  ( -1.644517855226007998E-15, 1.000000000000000000, 2.890435660536363919E-30 ) ) ;
#6210 = VERTEX_POINT ( 'NONE', #6022 ) ;
#6211 = VERTEX_POINT ( 'NONE', #2002 ) ;
#6212 = CARTESIAN_POINT ( 'NONE',  ( 1.500000000000016875, 8.109625349781611092, 5.385000000000055742 ) ) ;
#6213 = CARTESIAN_POINT ( 'NONE',  ( 0.1000000000000063338, 5.400000000000009237, -2.149999999999943512 ) ) ;
#6214 = ADVANCED_FACE ( 'NONE', ( #7823 ), #1206, .T. ) ;
#6215 = CARTESIAN_POINT ( 'NONE',  ( -1.000000000000007772, 10.75000000000000533, -5.949999999999940670 ) ) ;
#6216 = VERTEX_POINT ( 'NONE', #3755 ) ;
#6217 = PRESENTATION_LAYER_ASSIGNMENT (  '', '', ( #9602 ) ) ;
#6218 = ADVANCED_FACE ( 'NONE', ( #7019 ), #9181, .T. ) ;
#6219 = AXIS2_PLACEMENT_3D ( 'NONE', #6515, #6622, #5675 ) ;
#6220 = FILL_AREA_STYLE_COLOUR ( '', #3596 ) ;
#6221 = LINE ( 'NONE', #4610, #9180 ) ;
#6222 = SURFACE_STYLE_FILL_AREA ( #2367 ) ;
#6223 = ORIENTED_EDGE ( 'NONE', *, *, #6117, .F. ) ;
#6224 = CARTESIAN_POINT ( 'NONE',  ( 1.500000000000020428, 0.7500000000000111022, 0.3500000000000551559 ) ) ;
#6225 = DIRECTION ( 'NONE',  ( 0.7071067811864987229, 1.162849727212585039E-15, 0.7071067811865963115 ) ) ;
#6226 = LINE ( 'NONE', #7885, #1768 ) ;
#6227 = EDGE_LOOP ( 'NONE', ( #1163, #5937, #9694, #9304 ) ) ;
#6228 =( NAMED_UNIT ( * ) PLANE_ANGLE_UNIT ( ) SI_UNIT ( $, .RADIAN. ) );
#6229 = DIRECTION ( 'NONE',  ( 1.644517855226007801E-15, -1.000000000000000000, -2.890435660536363568E-30 ) ) ;
#6230 = CIRCLE ( 'NONE', #8940, 1.399999999999999689 ) ;
#6231 = ORIENTED_EDGE ( 'NONE', *, *, #9014, .T. ) ;
#6232 = AXIS2_PLACEMENT_3D ( 'NONE', #8969, #9880, #2588 ) ;
#6233 = DIRECTION ( 'NONE',  ( 1.000000000000000000, 1.644517855226007998E-15, -1.748601263784621748E-15 ) ) ;
#6234 = ORIENTED_EDGE ( 'NONE', *, *, #9677, .T. ) ;
#6235 = LINE ( 'NONE', #7737, #2742 ) ;
#6236 = CARTESIAN_POINT ( 'NONE',  ( 1.400000000137995748, 8.199999999997109157, -5.437439318884945472 ) ) ;
#6237 = CARTESIAN_POINT ( 'NONE',  ( 1.053312813816187798, 9.143302832419356818, -3.650205318389581954 ) ) ;
#6238 =( NAMED_UNIT ( * ) PLANE_ANGLE_UNIT ( ) SI_UNIT ( $, .RADIAN. ) );
#6239 = ORIENTED_EDGE ( 'NONE', *, *, #2101, .T. ) ;
#6240 = DIRECTION ( 'NONE',  ( 0.9883716976506222718, -0.1520571842539073237, -1.728267999600830212E-15 ) ) ;
#6241 = CARTESIAN_POINT ( 'NONE',  ( -0.5999999999999912070, 4.200000000000007283, -2.349999999999943245 ) ) ;
#6242 = EDGE_CURVE ( 'NONE', #8647, #7025, #6737, .T. ) ;
#6243 = EDGE_CURVE ( 'NONE', #4763, #3644, #7311, .T. ) ;
#6244 = DIRECTION ( 'NONE',  ( -1.000000000000000000, 1.134242272754066274E-14, 1.334402673828313241E-15 ) ) ;
#6245 = UNCERTAINTY_MEASURE_WITH_UNIT (LENGTH_MEASURE( 1.000000000000000082E-05 ), #6247, 'distance_accuracy_value', 'NONE');
#6246 = DIRECTION ( 'NONE',  ( 1.748601263784621946E-15, 0.0000000000000000000, 1.000000000000000000 ) ) ;
#6247 =( LENGTH_UNIT ( ) NAMED_UNIT ( * ) SI_UNIT ( .MILLI., .METRE. ) );
#6248 = EDGE_CURVE ( 'NONE', #9909, #9747, #7174, .T. ) ;
#6249 = ORIENTED_EDGE ( 'NONE', *, *, #298, .T. ) ;
#6250 = CARTESIAN_POINT ( 'NONE',  ( 9.700000000000020606, 10.60000000000002274, 11.55000000000003979 ) ) ;
#6251 = ADVANCED_FACE ( 'NONE', ( #10055 ), #739, .F. ) ;
#6252 = VERTEX_POINT ( 'NONE', #3865 ) ;
#6253 = LINE ( 'NONE', #2144, #39 ) ;
#6254 = ORIENTED_EDGE ( 'NONE', *, *, #158, .F. ) ;
#6255 = ADVANCED_FACE ( 'NONE', ( #10360 ), #8862, .F. ) ;
#6256 = EDGE_CURVE ( 'NONE', #2723, #3901, #7879, .T. ) ;
#6257 = CARTESIAN_POINT ( 'NONE',  ( 1.250000000000030642, -0.2499999999999889533, 6.100000000000053824 ) ) ;
#6258 = CARTESIAN_POINT ( 'NONE',  ( 0.7500000000000370814, -0.2499999999999906741, 10.60000000000005471 ) ) ;
#6259 = DIRECTION ( 'NONE',  ( 0.9701425001453373165, 1.595416663602607856E-15, -0.2425356250363111532 ) ) ;
#6260 = DIRECTION ( 'NONE',  ( -0.8411784753765673139, 0.5407575913134772261, 1.470885745111887003E-15 ) ) ;
#6261 = ORIENTED_EDGE ( 'NONE', *, *, #4873, .F. ) ;
#6262 = ORIENTED_EDGE ( 'NONE', *, *, #9373, .T. ) ;
#6263 = CARTESIAN_POINT ( 'NONE',  ( 0.5000000000000368594, 0.7500000000000093259, 10.35000000000005649 ) ) ;
#6264 = PLANE ( 'NONE',  #7706 ) ;
#6265 = EDGE_LOOP ( 'NONE', ( #3009, #5633, #2664, #5678 ) ) ;
#6266 = CARTESIAN_POINT ( 'NONE',  ( 10.99999999999999822, 7.650000000000026112, -4.649999999999962164 ) ) ;
#6267 = EDGE_CURVE ( 'NONE', #3742, #10403, #4529, .T. ) ;
#6268 = B_SPLINE_CURVE_WITH_KNOTS ( 'NONE', 3,
 ( #3531, #9218, #6627, #9121, #6790, #5842, #4194, #2724 ),
 .UNSPECIFIED., .F., .F.,
 ( 4, 1, 1, 1, 1, 4 ),
 ( 0.0000000000000000000, 0.2000000000000000111, 0.4000000000000000222, 0.5999999999999999778, 0.8000000000000000444, 1.000000000000000000 ),
 .UNSPECIFIED. ) ;
#6269 = LINE ( 'NONE', #1363, #6825 ) ;
#6270 = DIRECTION ( 'NONE',  ( -1.644517855226007998E-15, 1.000000000000000000, 2.890435660536363919E-30 ) ) ;
#6271 = ORIENTED_EDGE ( 'NONE', *, *, #9034, .T. ) ;
#6272 = PLANE ( 'NONE',  #10238 ) ;
#6273 = DIRECTION ( 'NONE',  ( -1.748601263784621946E-15, 0.0000000000000000000, -1.000000000000000000 ) ) ;
#6274 = CARTESIAN_POINT ( 'NONE',  ( 1.400000000000022782, 9.600000000000010303, 10.35000000000005294 ) ) ;
#6275 = ORIENTED_EDGE ( 'NONE', *, *, #6117, .T. ) ;
#6276 = DIRECTION ( 'NONE',  ( 1.644517855226008195E-15, -1.000000000000000000, -2.890435660536364269E-30 ) ) ;
#6277 = ORIENTED_EDGE ( 'NONE', *, *, #6248, .T. ) ;
#6278 = CARTESIAN_POINT ( 'NONE',  ( 1.500000000000004885, 4.200000000000010836, -4.649999999999945288 ) ) ;
#6279 = ORIENTED_EDGE ( 'NONE', *, *, #9559, .T. ) ;
#6280 = CARTESIAN_POINT ( 'NONE',  ( 0.1000000000000219463, 10.60000000000000675, 11.35000000000005471 ) ) ;
#6281 = CARTESIAN_POINT ( 'NONE',  ( -0.1999999927999960292, 4.200000000000007283, -4.739999994599941147 ) ) ;
#6282 = CARTESIAN_POINT ( 'NONE',  ( 1.398548747333999698, 8.959230384045008933, -3.649999999999946620 ) ) ;
#6283 = CARTESIAN_POINT ( 'NONE',  ( 9.700000000000018829, 10.60000000000002274, 10.15000000000003766 ) ) ;
#6284 = VERTEX_POINT ( 'NONE', #7118 ) ;
#6285 = SURFACE_SIDE_STYLE ('',( #9511 ) ) ;
#6286 =( NAMED_UNIT ( * ) SI_UNIT ( $, .STERADIAN. ) SOLID_ANGLE_UNIT ( ) );
#6287 = DIRECTION ( 'NONE',  ( 0.9927080914950846546, -0.1205431253957962856, -1.735850623357525016E-15 ) ) ;
#6288 = B_SPLINE_CURVE_WITH_KNOTS ( 'NONE', 3,
 ( #1942, #9278, #9126, #3584 ),
 .UNSPECIFIED., .F., .F.,
 ( 4, 4 ),
 ( 0.0000000000000000000, 1.000000000000000000 ),
 .UNSPECIFIED. ) ;
#6289 = FACE_OUTER_BOUND ( 'NONE', #3895, .T. ) ;
#6290 = PRESENTATION_LAYER_ASSIGNMENT (  '', '', ( #1184 ) ) ;
#6291 = CARTESIAN_POINT ( 'NONE',  ( 0.6205608657817499596, 9.369703792022287203, 5.350000000001689848 ) ) ;
#6292 = ORIENTED_EDGE ( 'NONE', *, *, #4372, .F. ) ;
#6293 = DIRECTION ( 'NONE',  ( 1.644517855226008195E-15, -1.000000000000000000, -2.890435660536364269E-30 ) ) ;
#6294 = ORIENTED_EDGE ( 'NONE', *, *, #10075, .F. ) ;
#6295 = ORIENTED_EDGE ( 'NONE', *, *, #3328, .T. ) ;
#6296 = EDGE_CURVE ( 'NONE', #1160, #9425, #3051, .T. ) ;
#6297 = EDGE_LOOP ( 'NONE', ( #6605, #4745, #2184, #1871, #3082, #8668 ) ) ;
#6298 = EDGE_CURVE ( 'NONE', #9712, #3388, #10314, .T. ) ;
#6299 = PRESENTATION_LAYER_ASSIGNMENT (  '', '', ( #9509 ) ) ;
#6300 = VERTEX_POINT ( 'NONE', #8030 ) ;
#6301 = DIRECTION ( 'NONE',  ( 1.000000000000000000, 1.644517855226007998E-15, -1.748601263784621946E-15 ) ) ;
#6302 = DIRECTION ( 'NONE',  ( -1.644517855226007998E-15, 1.000000000000000000, 2.875605999964573094E-30 ) ) ;
#6303 = ORIENTED_EDGE ( 'NONE', *, *, #6385, .T. ) ;
#6304 = CONICAL_SURFACE ( 'NONE', #8185, 1.374999999999999556, 0.03224688243525484360 ) ;
#6305 = ORIENTED_EDGE ( 'NONE', *, *, #5876, .F. ) ;
#6306 = DIRECTION ( 'NONE',  ( 1.748601263784621748E-15, 0.0000000000000000000, 1.000000000000000000 ) ) ;
#6307 = PLANE ( 'NONE',  #7718 ) ;
#6308 = ORIENTED_EDGE ( 'NONE', *, *, #4873, .T. ) ;
#6309 = EDGE_CURVE ( 'NONE', #4494, #4238, #6402, .T. ) ;
#6310 = VECTOR ( 'NONE', #2161, 1000.000000000000000 ) ;
#6311 = LINE ( 'NONE', #683, #4114 ) ;
#6312 = EDGE_CURVE ( 'NONE', #8469, #2417, #6550, .T. ) ;
#6313 = DIRECTION ( 'NONE',  ( -0.1788854382000027443, -2.941802971598302358E-16, -0.9838699100999038771 ) ) ;
#6314 = CARTESIAN_POINT ( 'NONE',  ( 9.700000000000011724, 10.60000000000002274, 6.550000000000039790 ) ) ;
#6315 = AXIS2_PLACEMENT_3D ( 'NONE', #6266, #6634, #55 ) ;
#6316 = CARTESIAN_POINT ( 'NONE',  ( 0.1000000000000063338, 7.100000000000008527, -1.149999999999942624 ) ) ;
#6317 = ORIENTED_EDGE ( 'NONE', *, *, #9703, .F. ) ;
#6318 = DIRECTION ( 'NONE',  ( 1.748601263784621946E-15, 0.0000000000000000000, 1.000000000000000000 ) ) ;
#6319 = LINE ( 'NONE', #2372, #3841 ) ;
#6320 = DIRECTION ( 'NONE',  ( 0.9701425001453382047, 1.595416663602607856E-15, 0.2425356250363077670 ) ) ;
#6321 = ORIENTED_EDGE ( 'NONE', *, *, #1754, .T. ) ;
#6322 = CARTESIAN_POINT ( 'NONE',  ( 1.500000000000032641, 4.200000000000010836, 11.35000000000005294 ) ) ;
#6323 = CIRCLE ( 'NONE', #7695, 3.149999999999999467 ) ;
#6324 = STYLED_ITEM ( 'NONE', ( #7275 ), #3375 ) ;
#6325 = CARTESIAN_POINT ( 'NONE',  ( 3.950000000000023714, 8.144714285714314883, 10.35000000000004938 ) ) ;
#6326 = EDGE_CURVE ( 'NONE', #5773, #8019, #4153, .T. ) ;
#6327 = VECTOR ( 'NONE', #6764, 1000.000000000000000 ) ;
#6328 = AXIS2_PLACEMENT_3D ( 'NONE', #4588, #7141, #10378 ) ;
#6329 = EDGE_LOOP ( 'NONE', ( #8177, #4279, #8938, #10129, #6062 ) ) ;
#6330 =( NAMED_UNIT ( * ) SI_UNIT ( $, .STERADIAN. ) SOLID_ANGLE_UNIT ( ) );
#6331 = LINE ( 'NONE', #4730, #4166 ) ;
#6332 = ORIENTED_EDGE ( 'NONE', *, *, #4176, .T. ) ;
#6333 = CARTESIAN_POINT ( 'NONE',  ( 1.400000000000016787, 8.958578961035836841, 6.347607355697263642 ) ) ;
#6334 = MECHANICAL_DESIGN_GEOMETRIC_PRESENTATION_REPRESENTATION (  '', ( #8873 ), #8213 ) ;
#6335 = AXIS2_PLACEMENT_3D ( 'NONE', #6458, #8953, #1670 ) ;
#6336 = DIRECTION ( 'NONE',  ( -1.748601263784621946E-15, 0.0000000000000000000, -1.000000000000000000 ) ) ;
#6337 = CARTESIAN_POINT ( 'NONE',  ( 0.09999999999999939493, 7.649999999998868816, -4.150000000001943690 ) ) ;
#6338 = CARTESIAN_POINT ( 'NONE',  ( 9.699999999999999289, 5.400000000000024336, -6.271320343559959376 ) ) ;
#6339 = ORIENTED_EDGE ( 'NONE', *, *, #2600, .F. ) ;
#6340 = CARTESIAN_POINT ( 'NONE',  ( 2.399999999999973266, 9.600000000000012079, -17.72199999999994446 ) ) ;
#6341 = CARTESIAN_POINT ( 'NONE',  ( 1.500000000000037748, 0.7500000000000111022, 10.35000000000005294 ) ) ;
#6342 = PLANE ( 'NONE',  #2104 ) ;
#6343 = EDGE_CURVE ( 'NONE', #2178, #51, #4026, .T. ) ;
#6344 = PRESENTATION_LAYER_ASSIGNMENT (  '', '', ( #9724 ) ) ;
#6345 = VECTOR ( 'NONE', #6966, 1000.000000000000000 ) ;
#6346 = CIRCLE ( 'NONE', #9063, 1.399999999999000266 ) ;
#6347 =( NAMED_UNIT ( * ) PLANE_ANGLE_UNIT ( ) SI_UNIT ( $, .RADIAN. ) );
#6348 = STYLED_ITEM ( 'NONE', ( #221 ), #4540 ) ;
#6349 = LINE ( 'NONE', #5554, #381 ) ;
#6350 = UNCERTAINTY_MEASURE_WITH_UNIT (LENGTH_MEASURE( 1.000000000000000082E-05 ), #2339, 'distance_accuracy_value', 'NONE');
#6351 = CARTESIAN_POINT ( 'NONE',  ( 1.300000000000014699, 5.400000000000011013, 2.450000000000054357 ) ) ;
#6352 = ORIENTED_EDGE ( 'NONE', *, *, #3232, .F. ) ;
#6353 = CARTESIAN_POINT ( 'NONE',  ( 9.300000000000006040, 8.019714285714321989, 0.8500000000000399458 ) ) ;
#6354 = ORIENTED_EDGE ( 'NONE', *, *, #8592, .F. ) ;
#6355 = ORIENTED_EDGE ( 'NONE', *, *, #3972, .T. ) ;
#6356 = FACE_OUTER_BOUND ( 'NONE', #7562, .T. ) ;
#6357 = PRESENTATION_LAYER_ASSIGNMENT (  '', '', ( #1593 ) ) ;
#6358 = VERTEX_POINT ( 'NONE', #9492 ) ;
#6359 = COLOUR_RGB ( '',1.000000000000000000, 1.000000000000000000, 1.000000000000000000 ) ;
#6360 = DIRECTION ( 'NONE',  ( 1.748601263784621748E-15, 0.0000000000000000000, 1.000000000000000000 ) ) ;
#6361 =( GEOMETRIC_REPRESENTATION_CONTEXT ( 3 ) GLOBAL_UNCERTAINTY_ASSIGNED_CONTEXT ( ( #9865 ) ) GLOBAL_UNIT_ASSIGNED_CONTEXT ( ( #2981, #5432, #3782 ) ) REPRESENTATION_CONTEXT ( 'NONE', 'WORKASPACE' ) );
#6362 = ORIENTED_EDGE ( 'NONE', *, *, #3972, .F. ) ;
#6363 = FACE_OUTER_BOUND ( 'NONE', #3601, .T. ) ;
#6364 = FACE_OUTER_BOUND ( 'NONE', #10380, .T. ) ;
#6365 = ORIENTED_EDGE ( 'NONE', *, *, #9102, .F. ) ;
#6366 = AXIS2_PLACEMENT_3D ( 'NONE', #447, #5070, #7034 ) ;
#6367 = ORIENTED_EDGE ( 'NONE', *, *, #7765, .T. ) ;
#6368 = CARTESIAN_POINT ( 'NONE',  ( 0.7500000000000111022, -0.2499999999999906741, -4.399999999999944400 ) ) ;
#6369 = PLANE ( 'NONE',  #939 ) ;
#6370 = ORIENTED_EDGE ( 'NONE', *, *, #1964, .F. ) ;
#6371 = CARTESIAN_POINT ( 'NONE',  ( 9.800000000000023803, 7.894714285714324653, 10.60000000000003872 ) ) ;
#6372 = VECTOR ( 'NONE', #1309, 1000.000000000000000 ) ;
#6373 = LINE ( 'NONE', #8608, #9191 ) ;
#6374 = PLANE ( 'NONE',  #2569 ) ;
#6375 = COLOUR_RGB ( '',1.000000000000000000, 1.000000000000000000, 1.000000000000000000 ) ;
#6376 = EDGE_CURVE ( 'NONE', #8082, #6119, #2989, .T. ) ;
#6377 = VECTOR ( 'NONE', #4595, 1000.000000000000000 ) ;
#6378 = DIRECTION ( 'NONE',  ( -0.8076923076923187006, 0.5896042198752116104, 1.334402673828312846E-15 ) ) ;
#6379 = EDGE_LOOP ( 'NONE', ( #1477, #6100, #2299, #1078, #4859, #8259 ) ) ;
#6380 = VERTEX_POINT ( 'NONE', #4881 ) ;
#6381 = CARTESIAN_POINT ( 'NONE',  ( 1.300000000000016476, 7.100000000000010303, 4.250000000000055067 ) ) ;
#6382 =( GEOMETRIC_REPRESENTATION_CONTEXT ( 3 ) GLOBAL_UNCERTAINTY_ASSIGNED_CONTEXT ( ( #5822 ) ) GLOBAL_UNIT_ASSIGNED_CONTEXT ( ( #8691, #1662, #8889 ) ) REPRESENTATION_CONTEXT ( 'NONE', 'WORKASPACE' ) );
#6383 = FACE_OUTER_BOUND ( 'NONE', #9303, .T. ) ;
#6384 = CARTESIAN_POINT ( 'NONE',  ( 0.1000000000000150074, 7.100000000000008527, 3.850000000000057376 ) ) ;
#6385 = EDGE_CURVE ( 'NONE', #4924, #10164, #9936, .T. ) ;
#6386 = EDGE_LOOP ( 'NONE', ( #6420, #3685, #4440, #6887, #4511, #843, #9718, #2470, #17, #992, #10177, #7336 ) ) ;
#6387 = FILL_AREA_STYLE ('',( #10418 ) ) ;
#6388 = EDGE_CURVE ( 'NONE', #4263, #967, #3206, .T. ) ;
#6389 = SURFACE_STYLE_USAGE ( .BOTH. , #648 ) ;
#6390 = VECTOR ( 'NONE', #3317, 1000.000000000000000 ) ;
#6391 = VECTOR ( 'NONE', #8876, 1000.000000000000000 ) ;
#6392 = ORIENTED_EDGE ( 'NONE', *, *, #9754, .F. ) ;
#6393 = ADVANCED_FACE ( 'NONE', ( #4932 ), #5097, .F. ) ;
#6394 = DIRECTION ( 'NONE',  ( 1.748601263784621946E-15, 0.0000000000000000000, 1.000000000000000000 ) ) ;
#6395 = DIRECTION ( 'NONE',  ( -0.7999999999999989342, -1.315614284180806122E-15, 0.6000000000000013101 ) ) ;
#6396 = VERTEX_POINT ( 'NONE', #8244 ) ;
#6397 = DIRECTION ( 'NONE',  ( 0.0000000000000000000, -0.7142857142856899877, -0.6998542122237899621 ) ) ;
#6398 = DIRECTION ( 'NONE',  ( -1.000000000000000000, -1.644517855226007998E-15, 1.748601263784621748E-15 ) ) ;
#6399 = ORIENTED_EDGE ( 'NONE', *, *, #9343, .T. ) ;
#6400 = LINE ( 'NONE', #611, #10258 ) ;
#6401 = CARTESIAN_POINT ( 'NONE',  ( 1.400000000000005462, 10.60000000000000853, 1.350000000000053380 ) ) ;
#6402 = CIRCLE ( 'NONE', #7606, 1.399999999999999689 ) ;
#6403 = EDGE_CURVE ( 'NONE', #8837, #8393, #124, .T. ) ;
#6404 = ORIENTED_EDGE ( 'NONE', *, *, #3035, .T. ) ;
#6405 = LINE ( 'NONE', #9634, #4462 ) ;
#6406 = DIRECTION ( 'NONE',  ( -1.764125568789973694E-15, 0.0000000000000000000, -1.000000000000000000 ) ) ;
#6407 = ORIENTED_EDGE ( 'NONE', *, *, #8198, .F. ) ;
#6408 = CARTESIAN_POINT ( 'NONE',  ( 8.800000000000025580, 8.144714285714321989, 11.35000000000004050 ) ) ;
#6409 = ORIENTED_EDGE ( 'NONE', *, *, #8664, .F. ) ;
#6410 = EDGE_CURVE ( 'NONE', #8472, #1370, #959, .T. ) ;
#6411 = ORIENTED_EDGE ( 'NONE', *, *, #1839, .F. ) ;
#6412 = CARTESIAN_POINT ( 'NONE',  ( 0.7499999999999988898, 7.611199771552088933, -4.639999999999945501 ) ) ;
#6413 = CARTESIAN_POINT ( 'NONE',  ( 2.400000000000022116, 9.600000000000012079, 10.35000000000005294 ) ) ;
#6414 = CARTESIAN_POINT ( 'NONE',  ( 0.7500000000000006661, 7.611199771552088933, -3.659999999999944631 ) ) ;
#6415 = DIRECTION ( 'NONE',  ( -1.644517855226007998E-15, 1.000000000000000000, 2.890435660536363919E-30 ) ) ;
#6416 = VERTEX_POINT ( 'NONE', #7454 ) ;
#6417 = CARTESIAN_POINT ( 'NONE',  ( 3.950000000000008171, 7.144714285714313995, 0.3500000000000499378 ) ) ;
#6418 = CARTESIAN_POINT ( 'NONE',  ( 1.800000000000001155, 6.844714285714310620, -4.614999999999946034 ) ) ;
#6419 = VERTEX_POINT ( 'NONE', #3268 ) ;
#6420 = ORIENTED_EDGE ( 'NONE', *, *, #8383, .T. ) ;
#6421 = CARTESIAN_POINT ( 'NONE',  ( 7.999999999999970690, 11.55000000000002025, -16.64999999999995239 ) ) ;
#6422 = CARTESIAN_POINT ( 'NONE',  ( 0.09999999999999766020, 7.100000000000008527, -6.149999999999942624 ) ) ;
#6423 = ORIENTED_EDGE ( 'NONE', *, *, #5538, .T. ) ;
#6424 = EDGE_CURVE ( 'NONE', #5263, #7674, #8337, .T. ) ;
#6425 = LINE ( 'NONE', #7017, #8359 ) ;
#6426 = DIRECTION ( 'NONE',  ( -2.168404344971009262E-15, 0.9357142857142992654, -0.3527588064246995336 ) ) ;
#6427 = ORIENTED_EDGE ( 'NONE', *, *, #3783, .F. ) ;
#6428 = EDGE_LOOP ( 'NONE', ( #1919, #6404, #1075, #274 ) ) ;
#6429 = DIRECTION ( 'NONE',  ( -1.644517855226008195E-15, 1.000000000000000000, 2.890435660536364269E-30 ) ) ;
#6430 = PLANE ( 'NONE',  #6569 ) ;
#6431 = CARTESIAN_POINT ( 'NONE',  ( -0.9999999999999696909, 3.750000000000006217, 9.050000000000057554 ) ) ;
#6432 = LINE ( 'NONE', #9664, #4127 ) ;
#6433 = PLANE ( 'NONE',  #3994 ) ;
#6434 = ADVANCED_FACE ( 'NONE', ( #7396 ), #6588, .T. ) ;
#6435 = ADVANCED_FACE ( 'NONE', ( #9076 ), #5052, .T. ) ;
#6436 = ORIENTED_EDGE ( 'NONE', *, *, #219, .T. ) ;
#6437 = LINE ( 'NONE', #3013, #9951 ) ;
#6438 = LINE ( 'NONE', #7297, #8077 ) ;
#6439 = ORIENTED_EDGE ( 'NONE', *, *, #9642, .T. ) ;
#6440 = FACE_OUTER_BOUND ( 'NONE', #10028, .T. ) ;
#6441 = SURFACE_SIDE_STYLE ('',( #9730 ) ) ;
#6442 = SURFACE_SIDE_STYLE ('',( #7192 ) ) ;
#6443 = CARTESIAN_POINT ( 'NONE',  ( 0.7400000000000305223, 4.200000000000009059, 10.35000000000005294 ) ) ;
#6444 = ORIENTED_EDGE ( 'NONE', *, *, #1501, .F. ) ;
#6445 = LINE ( 'NONE', #703, #2439 ) ;
#6446 = CARTESIAN_POINT ( 'NONE',  ( -0.9999999999999679146, 12.25000000000000355, 13.35000000000005471 ) ) ;
#6447 = CARTESIAN_POINT ( 'NONE',  ( 1.500000000000016875, 8.200000000000009948, 6.315000000000053682 ) ) ;
#6448 = EDGE_CURVE ( 'NONE', #8121, #3772, #1045, .T. ) ;
#6449 = EDGE_CURVE ( 'NONE', #8238, #5574, #2427, .T. ) ;
#6450 = DIRECTION ( 'NONE',  ( -0.7071067811865962005, -1.162849727212749320E-15, 0.7071067811864987229 ) ) ;
#6451 = VERTEX_POINT ( 'NONE', #841 ) ;
#6452 = UNCERTAINTY_MEASURE_WITH_UNIT (LENGTH_MEASURE( 1.000000000000000082E-05 ), #7570, 'distance_accuracy_value', 'NONE');
#6453 = DIRECTION ( 'NONE',  ( 1.748601263784621946E-15, 0.0000000000000000000, 1.000000000000000000 ) ) ;
#6454 = VERTEX_POINT ( 'NONE', #4084 ) ;
#6455 = VERTEX_POINT ( 'NONE', #7334 ) ;
#6456 = VERTEX_POINT ( 'NONE', #61 ) ;
#6457 = DIRECTION ( 'NONE',  ( 1.644517855226008195E-15, -1.000000000000000000, -2.890435660536364269E-30 ) ) ;
#6458 = CARTESIAN_POINT ( 'NONE',  ( 9.700000000000004619, 10.60000000000002274, 1.550000000000040012 ) ) ;
#6459 = EDGE_CURVE ( 'NONE', #2644, #3705, #6530, .T. ) ;
#6460 = ADVANCED_FACE ( 'NONE', ( #5954 ), #7770, .T. ) ;
#6461 = AXIS2_PLACEMENT_3D ( 'NONE', #3614, #4328, #7585 ) ;
#6462 = CARTESIAN_POINT ( 'NONE',  ( 3.949999999999999734, 7.650000000000014566, -4.149999999999950617 ) ) ;
#6463 = ORIENTED_EDGE ( 'NONE', *, *, #9103, .T. ) ;
#6464 = LINE ( 'NONE', #5615, #451 ) ;
#6465 = UNCERTAINTY_MEASURE_WITH_UNIT (LENGTH_MEASURE( 1.000000000000000082E-05 ), #5046, 'distance_accuracy_value', 'NONE');
#6466 = DIRECTION ( 'NONE',  ( -1.644517855226007998E-15, 1.000000000000000000, 2.890435660536363919E-30 ) ) ;
#6467 = ORIENTED_EDGE ( 'NONE', *, *, #3891, .F. ) ;
#6468 = ORIENTED_EDGE ( 'NONE', *, *, #486, .T. ) ;
#6469 = CARTESIAN_POINT ( 'NONE',  ( 1.500000000000009992, 8.109625349781611092, 1.315000000000053904 ) ) ;
#6470 = DIRECTION ( 'NONE',  ( -1.000000000000000000, -1.644517855226007998E-15, 1.748601263784621946E-15 ) ) ;
#6471 = VERTEX_POINT ( 'NONE', #477 ) ;
#6472 = VECTOR ( 'NONE', #9701, 1000.000000000000000 ) ;
#6473 = AXIS2_PLACEMENT_3D ( 'NONE', #2880, #9274, #10188 ) ;
#6474 = PLANE ( 'NONE',  #3309 ) ;
#6475 =( NAMED_UNIT ( * ) SI_UNIT ( $, .STERADIAN. ) SOLID_ANGLE_UNIT ( ) );
#6476 = ORIENTED_EDGE ( 'NONE', *, *, #5044, .T. ) ;
#6477 = ORIENTED_EDGE ( 'NONE', *, *, #1697, .T. ) ;
#6478 = FACE_OUTER_BOUND ( 'NONE', #6849, .T. ) ;
#6479 = DIRECTION ( 'NONE',  ( -2.168404344971008868E-15, 0.3928571428571051571, -0.9195995135417113220 ) ) ;
#6480 = LINE ( 'NONE', #8975, #4819 ) ;
#6481 = ORIENTED_EDGE ( 'NONE', *, *, #7804, .T. ) ;
#6482 = LINE ( 'NONE', #1647, #7700 ) ;
#6483 = SURFACE_STYLE_USAGE ( .BOTH. , #2438 ) ;
#6484 = AXIS2_PLACEMENT_3D ( 'NONE', #4182, #9002, #7436 ) ;
#6485 = VECTOR ( 'NONE', #8731, 1000.000000000000000 ) ;
#6486 = ORIENTED_EDGE ( 'NONE', *, *, #6114, .T. ) ;
#6487 = SURFACE_SIDE_STYLE ('',( #8717 ) ) ;
#6488 = DIRECTION ( 'NONE',  ( 1.644517855226007998E-15, -1.000000000000000000, -2.890435660536363919E-30 ) ) ;
#6489 = EDGE_LOOP ( 'NONE', ( #3954, #3801, #6835, #4736, #7612, #1829, #4067, #5247, #5015, #10461 ) ) ;
#6490 = CIRCLE ( 'NONE', #887, 1.349999999999999645 ) ;
#6491 = DIRECTION ( 'NONE',  ( 1.748601263784621946E-15, 0.0000000000000000000, 1.000000000000000000 ) ) ;
#6492 = ADVANCED_FACE ( 'NONE', ( #7652 ), #3693, .F. ) ;
#6493 = DIRECTION ( 'NONE',  ( 1.171318563151324123E-15, -0.9701425001453377606, -0.2425356250363094601 ) ) ;
#6494 = DIRECTION ( 'NONE',  ( 0.7071067811864987229, 1.162849727212585039E-15, 0.7071067811865963115 ) ) ;
#6495 = ORIENTED_EDGE ( 'NONE', *, *, #6781, .F. ) ;
#6496 = PLANE ( 'NONE',  #2388 ) ;
#6497 = VECTOR ( 'NONE', #1213, 1000.000000000000000 ) ;
#6498 = VECTOR ( 'NONE', #6429, 1000.000000000000000 ) ;
#6499 = CONICAL_SURFACE ( 'NONE', #10077, 1.724999996680999459, 0.4636476090007538020 ) ;
#6500 = LINE ( 'NONE', #6150, #1617 ) ;
#6501 =( NAMED_UNIT ( * ) SI_UNIT ( $, .STERADIAN. ) SOLID_ANGLE_UNIT ( ) );
#6502 = ADVANCED_FACE ( 'NONE', ( #3586 ), #328, .T. ) ;
#6503 = CARTESIAN_POINT ( 'NONE',  ( 0.6767269503200091796, 8.200000000002308553, 2.523770428909055674 ) ) ;
#6504 = CARTESIAN_POINT ( 'NONE',  ( -0.9999999999999904521, 3.750000000000006217, -2.349999999999942357 ) ) ;
#6505 = ORIENTED_EDGE ( 'NONE', *, *, #8589, .T. ) ;
#6506 = FACE_OUTER_BOUND ( 'NONE', #8726, .T. ) ;
#6507 = ORIENTED_EDGE ( 'NONE', *, *, #6630, .T. ) ;
#6508 = EDGE_LOOP ( 'NONE', ( #7054, #1263, #8787, #6710 ) ) ;
#6509 = CARTESIAN_POINT ( 'NONE',  ( -0.5999999999999928724, 8.800000000000006040, -0.03999999999994112432 ) ) ;
#6510 = EDGE_CURVE ( 'NONE', #1067, #6963, #2038, .T. ) ;
#6511 = ADVANCED_FACE ( 'NONE', ( #9379 ), #3538, .F. ) ;
#6512 = VECTOR ( 'NONE', #5858, 1000.000000000000000 ) ;
#6513 = PLANE ( 'NONE',  #7234 ) ;
#6514 = VERTEX_POINT ( 'NONE', #2734 ) ;
#6515 = CARTESIAN_POINT ( 'NONE',  ( 3.175000000000025135, 7.650000000000012790, 10.85000000000005116 ) ) ;
#6516 = LINE ( 'NONE', #7598, #7696 ) ;
#6517 = CARTESIAN_POINT ( 'NONE',  ( 1.299999999999999156, 7.100000000000010303, -5.749999999999944933 ) ) ;
#6518 = EDGE_CURVE ( 'NONE', #8545, #1223, #9227, .T. ) ;
#6519 = ORIENTED_EDGE ( 'NONE', *, *, #1124, .T. ) ;
#6520 = ORIENTED_EDGE ( 'NONE', *, *, #4561, .T. ) ;
#6521 = DIRECTION ( 'NONE',  ( -1.000000000000000000, -1.734723475976807489E-15, 1.734723475976807489E-15 ) ) ;
#6522 = DIRECTION ( 'NONE',  ( 1.000000000000000000, 1.549021660576226239E-12, -6.743308347092845593E-13 ) ) ;
#6523 = VERTEX_POINT ( 'NONE', #9482 ) ;
#6524 = STYLED_ITEM ( 'NONE', ( #827 ), #2437 ) ;
#6525 = SURFACE_SIDE_STYLE ('',( #52 ) ) ;
#6526 = AXIS2_PLACEMENT_3D ( 'NONE', #2741, #9234, #1952 ) ;
#6527 = VECTOR ( 'NONE', #10015, 1000.000000000000000 ) ;
#6528 = LINE ( 'NONE', #8920, #2112 ) ;
#6529 = DIRECTION ( 'NONE',  ( -2.168404344971010446E-15, 0.3928571428571054347, -0.9195995135417112110 ) ) ;
#6530 = LINE ( 'NONE', #425, #6749 ) ;
#6531 = EDGE_CURVE ( 'NONE', #5581, #1543, #7810, .T. ) ;
#6532 = VERTEX_POINT ( 'NONE', #7063 ) ;
#6533 = LINE ( 'NONE', #3053, #7532 ) ;
#6534 = FILL_AREA_STYLE_COLOUR ( '', #4424 ) ;
#6535 = VECTOR ( 'NONE', #5788, 1000.000000000000000 ) ;
#6536 = FACE_OUTER_BOUND ( 'NONE', #5899, .T. ) ;
#6537 = ORIENTED_EDGE ( 'NONE', *, *, #7094, .T. ) ;
#6538 = DIRECTION ( 'NONE',  ( 1.000000000000000000, 1.644517855226007998E-15, -1.748601263784621946E-15 ) ) ;
#6539 = FILL_AREA_STYLE ('',( #8252 ) ) ;
#6540 = VECTOR ( 'NONE', #5868, 1000.000000000000000 ) ;
#6541 = VERTEX_POINT ( 'NONE', #727 ) ;
#6542 = CARTESIAN_POINT ( 'NONE',  ( 2.400000000000016787, 7.100000000000012079, 4.450000000000053468 ) ) ;
#6543 = CARTESIAN_POINT ( 'NONE',  ( 1.250000000000011546, -0.2499999999999889533, -4.399999999999945288 ) ) ;
#6544 = ORIENTED_EDGE ( 'NONE', *, *, #8902, .T. ) ;
#6545 = DIRECTION ( 'NONE',  ( 0.7071067811864987229, 1.162849727212585039E-15, 0.7071067811865963115 ) ) ;
#6546 = FILL_AREA_STYLE ('',( #3287 ) ) ;
#6547 = LINE ( 'NONE', #5926, #4175 ) ;
#6548 = VECTOR ( 'NONE', #8518, 1000.000000000000000 ) ;
#6549 = ORIENTED_EDGE ( 'NONE', *, *, #7379, .T. ) ;
#6550 = CIRCLE ( 'NONE', #3822, 1.299999999999999822 ) ;
#6551 = CARTESIAN_POINT ( 'NONE',  ( 1.250000000000028866, -0.2499999999999889533, 5.600000000000054712 ) ) ;
#6552 = AXIS2_PLACEMENT_3D ( 'NONE', #6418, #3856, #10249 ) ;
#6553 =( GEOMETRIC_REPRESENTATION_CONTEXT ( 3 ) GLOBAL_UNCERTAINTY_ASSIGNED_CONTEXT ( ( #9744 ) ) GLOBAL_UNIT_ASSIGNED_CONTEXT ( ( #4221, #9045, #5020 ) ) REPRESENTATION_CONTEXT ( 'NONE', 'WORKASPACE' ) );
#6554 = ADVANCED_FACE ( 'NONE', ( #9646 ), #3152, .F. ) ;
#6555 = PRESENTATION_LAYER_ASSIGNMENT (  '', '', ( #4691 ) ) ;
#6556 = FACE_OUTER_BOUND ( 'NONE', #1183, .T. ) ;
#6557 = FACE_OUTER_BOUND ( 'NONE', #1473, .T. ) ;
#6558 = UNCERTAINTY_MEASURE_WITH_UNIT (LENGTH_MEASURE( 1.000000000000000082E-05 ), #7742, 'distance_accuracy_value', 'NONE');
#6559 = AXIS2_PLACEMENT_3D ( 'NONE', #5162, #8404, #1119 ) ;
#6560 =( NAMED_UNIT ( * ) SI_UNIT ( $, .STERADIAN. ) SOLID_ANGLE_UNIT ( ) );
#6561 = DIRECTION ( 'NONE',  ( -9.293161478433909405E-16, 0.9357142857139194581, 0.3527588064257074496 ) ) ;
#6562 = ORIENTED_EDGE ( 'NONE', *, *, #1260, .T. ) ;
#6563 = CARTESIAN_POINT ( 'NONE',  ( 10.35000000000003340, 5.300000000000025580, 13.35000000000003695 ) ) ;
#6564 = ORIENTED_EDGE ( 'NONE', *, *, #4309, .F. ) ;
#6565 = EDGE_LOOP ( 'NONE', ( #3632, #6590, #2374, #7508 ) ) ;
#6566 = DIRECTION ( 'NONE',  ( -1.748601263784621946E-15, 0.0000000000000000000, -1.000000000000000000 ) ) ;
#6567 = CARTESIAN_POINT ( 'NONE',  ( 0.7250000000000207390, 6.200000000000009059, 6.365000000000055280 ) ) ;
#6568 = SURFACE_STYLE_USAGE ( .BOTH. , #3310 ) ;
#6569 = AXIS2_PLACEMENT_3D ( 'NONE', #10363, #7884, #7933 ) ;
#6570 = ADVANCED_FACE ( 'NONE', ( #520 ), #3039, .T. ) ;
#6571 = CARTESIAN_POINT ( 'NONE',  ( 10.99999999999999822, 7.650000000000026112, -4.649999999999962164 ) ) ;
#6572 = ORIENTED_EDGE ( 'NONE', *, *, #3113, .F. ) ;
#6573 = ADVANCED_FACE ( 'NONE', ( #3904 ), #5616, .F. ) ;
#6574 = CARTESIAN_POINT ( 'NONE',  ( 9.799999999999998934, 7.394714285714323765, -3.899999999999961720 ) ) ;
#6575 = UNCERTAINTY_MEASURE_WITH_UNIT (LENGTH_MEASURE( 1.000000000000000082E-05 ), #6097, 'distance_accuracy_value', 'NONE');
#6576 = DIRECTION ( 'NONE',  ( -0.9994801143396995213, -1.643662893974967788E-15, 0.03224129401096072212 ) ) ;
#6577 = EDGE_LOOP ( 'NONE', ( #9128, #2887, #1977, #3052 ) ) ;
#6578 = PLANE ( 'NONE',  #785 ) ;
#6579 = ORIENTED_EDGE ( 'NONE', *, *, #5200, .F. ) ;
#6580 = CARTESIAN_POINT ( 'NONE',  ( 0.7000000000000130562, 6.250000000000008882, 2.650000000000054978 ) ) ;
#6581 = DIRECTION ( 'NONE',  ( -1.748601263784621748E-15, 0.0000000000000000000, -1.000000000000000000 ) ) ;
#6582 = EDGE_LOOP ( 'NONE', ( #8368, #1508, #6839, #9644, #7805, #2710, #8341, #4875 ) ) ;
#6583 = DIRECTION ( 'NONE',  ( 1.644517855226007801E-15, -1.000000000000000000, -2.890435660536363568E-30 ) ) ;
#6584 = EDGE_CURVE ( 'NONE', #3824, #8988, #5196, .T. ) ;
#6585 = ADVANCED_FACE ( 'NONE', ( #2995 ), #8694, .T. ) ;
#6586 = DIRECTION ( 'NONE',  ( 0.5999999999999985345, 9.867107131356048382E-16, -0.8000000000000010436 ) ) ;
#6587 = DIRECTION ( 'NONE',  ( 1.000000000000000000, 1.644517855226007998E-15, -1.748601263784621946E-15 ) ) ;
#6588 = PLANE ( 'NONE',  #6232 ) ;
#6589 = VERTEX_POINT ( 'NONE', #8846 ) ;
#6590 = ORIENTED_EDGE ( 'NONE', *, *, #2147, .T. ) ;
#6591 = DIRECTION ( 'NONE',  ( 6.930567231222538441E-14, 1.168500215858619925E-28, -1.000000000000000000 ) ) ;
#6592 = CARTESIAN_POINT ( 'NONE',  ( 1.500000000000025535, 7.650000000000010125, 10.85000000000005471 ) ) ;
#6593 = CARTESIAN_POINT ( 'NONE',  ( 2.399999999999973266, 10.60000000000001030, -16.64999999999994529 ) ) ;
#6594 = ORIENTED_EDGE ( 'NONE', *, *, #5159, .F. ) ;
#6595 = EDGE_CURVE ( 'NONE', #2735, #569, #7109, .T. ) ;
#6596 = EDGE_CURVE ( 'NONE', #9323, #5776, #676, .T. ) ;
#6597 = EDGE_LOOP ( 'NONE', ( #6998, #1749, #6339, #4555, #8004, #5029 ) ) ;
#6598 = CARTESIAN_POINT ( 'NONE',  ( 2.400000000000007905, 7.100000000000012079, -0.5499999999999463096 ) ) ;
#6599 = CARTESIAN_POINT ( 'NONE',  ( 2.400000000000007905, 7.100000000000012079, -0.5499999999999463096 ) ) ;
#6600 = ORIENTED_EDGE ( 'NONE', *, *, #4316, .F. ) ;
#6601 = DIRECTION ( 'NONE',  ( -1.644517855226007998E-15, 1.000000000000000000, 2.890435660536363919E-30 ) ) ;
#6602 = FILL_AREA_STYLE_COLOUR ( '', #410 ) ;
#6603 = PRESENTATION_STYLE_ASSIGNMENT (( #2445 ) ) ;
#6604 = FACE_OUTER_BOUND ( 'NONE', #1646, .T. ) ;
#6605 = ORIENTED_EDGE ( 'NONE', *, *, #3637, .T. ) ;
#6606 = LINE ( 'NONE', #9846, #2092 ) ;
#6607 = PLANE ( 'NONE',  #46 ) ;
#6608 = CARTESIAN_POINT ( 'NONE',  ( 10.34999999141862048, 4.400000001320025333, 5.850000000000038725 ) ) ;
#6609 = CARTESIAN_POINT ( 'NONE',  ( 10.99999999999997868, 11.75000000000002487, -11.64999999999995950 ) ) ;
#6610 = DIRECTION ( 'NONE',  ( 1.644517855226007801E-15, -1.000000000000000000, -2.890435660536363568E-30 ) ) ;
#6611 = FILL_AREA_STYLE ('',( #4354 ) ) ;
#6612 = DIRECTION ( 'NONE',  ( 1.644517855226008195E-15, -1.000000000000000000, -2.890435660536364269E-30 ) ) ;
#6613 = ORIENTED_EDGE ( 'NONE', *, *, #4804, .T. ) ;
#6614 = FACE_OUTER_BOUND ( 'NONE', #1862, .T. ) ;
#6615 = EDGE_LOOP ( 'NONE', ( #4947, #9804, #1009, #7785, #5707 ) ) ;
#6616 = ORIENTED_EDGE ( 'NONE', *, *, #2752, .F. ) ;
#6617 = PLANE ( 'NONE',  #4443 ) ;
#6618 = DIRECTION ( 'NONE',  ( 1.644517855226007998E-15, -1.000000000000000000, -2.890435660536363919E-30 ) ) ;
#6619 = LINE ( 'NONE', #2567, #2757 ) ;
#6620 = DIRECTION ( 'NONE',  ( -1.644517855226007998E-15, 1.000000000000000000, 2.890435660536363919E-30 ) ) ;
#6621 = VERTEX_POINT ( 'NONE', #8646 ) ;
#6622 = DIRECTION ( 'NONE',  ( -1.000000000000000000, -1.644517855226007998E-15, 1.748601263784621946E-15 ) ) ;
#6623 = ADVANCED_FACE ( 'NONE', ( #6364 ), #4757, .F. ) ;
#6624 = FILL_AREA_STYLE_COLOUR ( '', #8857 ) ;
#6625 = CARTESIAN_POINT ( 'NONE',  ( -0.9999999999999800160, 3.750000000000006217, 3.350000000000056932 ) ) ;
#6626 = ORIENTED_EDGE ( 'NONE', *, *, #6804, .T. ) ;
#6627 = CARTESIAN_POINT ( 'NONE',  ( 1.177281315329018696, 8.200000000032510172, 7.257976796035054079 ) ) ;
#6628 = ORIENTED_EDGE ( 'NONE', *, *, #9691, .T. ) ;
#6629 = DIRECTION ( 'NONE',  ( -1.000000000000000000, 1.134242272754066274E-14, 1.751403509399661252E-15 ) ) ;
#6630 = EDGE_CURVE ( 'NONE', #4614, #4148, #4075, .T. ) ;
#6631 = CARTESIAN_POINT ( 'NONE',  ( 9.299999999999997158, 7.644714285714304225, -4.524999999999958611 ) ) ;
#6632 = CARTESIAN_POINT ( 'NONE',  ( 0.7000000000000321521, 7.100000000000009415, 13.35000000000005471 ) ) ;
#6633 = ORIENTED_EDGE ( 'NONE', *, *, #1235, .T. ) ;
#6634 = DIRECTION ( 'NONE',  ( -1.748601263784621748E-15, 1.482966057179082451E-32, -1.000000000000000000 ) ) ;
#6635 = VECTOR ( 'NONE', #9258, 1000.000000000000000 ) ;
#6636 = CARTESIAN_POINT ( 'NONE',  ( 0.09999999999999072131, 10.60000000000000675, -6.649999999999943512 ) ) ;
#6637 = DIRECTION ( 'NONE',  ( -1.748601263784621748E-15, 1.482966057179082451E-32, -1.000000000000000000 ) ) ;
#6638 =( NAMED_UNIT ( * ) PLANE_ANGLE_UNIT ( ) SI_UNIT ( $, .RADIAN. ) );
#6639 = ORIENTED_EDGE ( 'NONE', *, *, #6448, .T. ) ;
#6640 = VECTOR ( 'NONE', #114, 1000.000000000000000 ) ;
#6641 = CARTESIAN_POINT ( 'NONE',  ( -0.5999999999999946487, 4.200000000000007283, -5.039999999999941416 ) ) ;
#6642 = CARTESIAN_POINT ( 'NONE',  ( -0.9999999999999852340, 10.75000000000000533, 7.650000000000058087 ) ) ;
#6643 = EDGE_CURVE ( 'NONE', #4120, #2636, #1624, .T. ) ;
#6644 = LINE ( 'NONE', #4402, #7029 ) ;
#6645 = DIRECTION ( 'NONE',  ( -0.2307692307692121303, 0.9730085108210442257, 3.336006684570784581E-16 ) ) ;
#6646 = ADVANCED_FACE ( 'NONE', ( #2630 ), #4869, .T. ) ;
#6647 = EDGE_CURVE ( 'NONE', #4119, #6454, #3257, .T. ) ;
#6648 = VECTOR ( 'NONE', #5670, 1000.000000000000114 ) ;
#6649 = ORIENTED_EDGE ( 'NONE', *, *, #9082, .F. ) ;
#6650 = DIRECTION ( 'NONE',  ( -2.168404344971010446E-15, 0.3928571428571054347, -0.9195995135417112110 ) ) ;
#6651 = SURFACE_STYLE_FILL_AREA ( #8984 ) ;
#6652 = EDGE_CURVE ( 'NONE', #2697, #5890, #5677, .T. ) ;
#6653 = SURFACE_STYLE_USAGE ( .BOTH. , #3449 ) ;
#6654 = CARTESIAN_POINT ( 'NONE',  ( 1.500000000000006439, 4.200000000000010836, -3.649999999999946620 ) ) ;
#6655 = VECTOR ( 'NONE', #37, 1000.000000000000000 ) ;
#6656 = ORIENTED_EDGE ( 'NONE', *, *, #10348, .F. ) ;
#6657 = CYLINDRICAL_SURFACE ( 'NONE', #86, 1.300000000000000044 ) ;
#6658 = DIRECTION ( 'NONE',  ( 1.000000000000000000, 1.644517855226007998E-15, -1.748601263784621946E-15 ) ) ;
#6659 = VECTOR ( 'NONE', #1389, 1000.000000000000000 ) ;
#6660 = STYLED_ITEM ( 'NONE', ( #3002 ), #8477 ) ;
#6661 = ORIENTED_EDGE ( 'NONE', *, *, #10230, .F. ) ;
#6662 = VECTOR ( 'NONE', #5294, 1000.000000000000000 ) ;
#6663 = LINE ( 'NONE', #5072, #8042 ) ;
#6664 = FACE_OUTER_BOUND ( 'NONE', #2910, .T. ) ;
#6665 = EDGE_CURVE ( 'NONE', #7397, #6897, #2574, .T. ) ;
#6666 = VERTEX_POINT ( 'NONE', #1565 ) ;
#6667 = CARTESIAN_POINT ( 'NONE',  ( -0.9999999999999940048, 10.75000000000000533, 2.650000000000057643 ) ) ;
#6668 = ORIENTED_EDGE ( 'NONE', *, *, #2078, .F. ) ;
#6669 = ORIENTED_EDGE ( 'NONE', *, *, #9519, .F. ) ;
#6670 = CARTESIAN_POINT ( 'NONE',  ( 2.400000000000001243, 8.200000000000011724, -2.862560681041947941 ) ) ;
#6671 = AXIS2_PLACEMENT_3D ( 'NONE', #140, #9956, #2656 ) ;
#6672 = MECHANICAL_DESIGN_GEOMETRIC_PRESENTATION_REPRESENTATION (  '', ( #2404 ), #6838 ) ;
#6673 = LINE ( 'NONE', #5733, #3608 ) ;
#6674 = CIRCLE ( 'NONE', #6842, 1.300000000000000266 ) ;
#6675 = VECTOR ( 'NONE', #8010, 1000.000000000000114 ) ;
#6676 = DIRECTION ( 'NONE',  ( -1.748601263784621946E-15, 0.0000000000000000000, -1.000000000000000000 ) ) ;
#6677 = AXIS2_PLACEMENT_3D ( 'NONE', #6353, #713, #6994 ) ;
#6678 = AXIS2_PLACEMENT_3D ( 'NONE', #1173, #6033, #4420 ) ;
#6679 = DIRECTION ( 'NONE',  ( -1.748601263784621946E-15, 0.0000000000000000000, -1.000000000000000000 ) ) ;
#6680 =( LENGTH_UNIT ( ) NAMED_UNIT ( * ) SI_UNIT ( .MILLI., .METRE. ) );
#6681 =( NAMED_UNIT ( * ) SI_UNIT ( $, .STERADIAN. ) SOLID_ANGLE_UNIT ( ) );
#6682 = EDGE_LOOP ( 'NONE', ( #3983, #5030, #8982, #4870, #8479, #7555 ) ) ;
#6683 = CARTESIAN_POINT ( 'NONE',  ( 0.7250000000000277334, 6.200000000000009059, 10.33500000000005592 ) ) ;
#6684 = EDGE_LOOP ( 'NONE', ( #8490, #2680, #6352, #7433 ) ) ;
#6685 =( NAMED_UNIT ( * ) PLANE_ANGLE_UNIT ( ) SI_UNIT ( $, .RADIAN. ) );
#6686 = DIRECTION ( 'NONE',  ( -1.748601263784621946E-15, 0.0000000000000000000, -1.000000000000000000 ) ) ;
#6687 = ORIENTED_EDGE ( 'NONE', *, *, #7451, .F. ) ;
#6688 =( NAMED_UNIT ( * ) PLANE_ANGLE_UNIT ( ) SI_UNIT ( $, .RADIAN. ) );
#6689 = PRESENTATION_LAYER_ASSIGNMENT (  '', '', ( #8552 ) ) ;
#6690 = ADVANCED_FACE ( 'NONE', ( #8176 ), #1728, .F. ) ;
#6691 = CARTESIAN_POINT ( 'NONE',  ( 2.399999999999964828, 9.600000000000012079, -22.72199999999994446 ) ) ;
#6692 = DIRECTION ( 'NONE',  ( -0.9984603535126304052, -1.641985879086792367E-15, -0.05547001409259996046 ) ) ;
#6693 =( GEOMETRIC_REPRESENTATION_CONTEXT ( 3 ) GLOBAL_UNCERTAINTY_ASSIGNED_CONTEXT ( ( #6558 ) ) GLOBAL_UNIT_ASSIGNED_CONTEXT ( ( #7742, #456, #6935 ) ) REPRESENTATION_CONTEXT ( 'NONE', 'WORKASPACE' ) );
#6694 =( LENGTH_UNIT ( ) NAMED_UNIT ( * ) SI_UNIT ( .MILLI., .METRE. ) );
#6695 = EDGE_LOOP ( 'NONE', ( #6820, #4727, #4688, #3089, #3660 ) ) ;
#6696 = VECTOR ( 'NONE', #8299, 1000.000000000000000 ) ;
#6697 = DIRECTION ( 'NONE',  ( 1.000000000000000000, 1.644517855226007998E-15, -1.748601263784621946E-15 ) ) ;
#6698 = VERTEX_POINT ( 'NONE', #784 ) ;
#6699 = DIRECTION ( 'NONE',  ( 1.000000000000000000, 1.644517855226007998E-15, -1.748601263784621946E-15 ) ) ;
#6700 = DIRECTION ( 'NONE',  ( 1.748601263784621946E-15, 0.0000000000000000000, 1.000000000000000000 ) ) ;
#6701 = CARTESIAN_POINT ( 'NONE',  ( 1.399032498223169885, 9.172820256114674109, 5.350000000000054712 ) ) ;
#6702 = VECTOR ( 'NONE', #10051, 1000.000000000000000 ) ;
#6703 = VECTOR ( 'NONE', #4222, 1000.000000000000114 ) ;
#6704 = EDGE_CURVE ( 'NONE', #582, #9821, #5783, .T. ) ;
#6705 = ORIENTED_EDGE ( 'NONE', *, *, #1953, .F. ) ;
#6706 = AXIS2_PLACEMENT_3D ( 'NONE', #7317, #9055, #6618 ) ;
#6707 = CARTESIAN_POINT ( 'NONE',  ( 0.1000000000000132727, 7.100000000000008527, 2.850000000000056488 ) ) ;
#6708 = ADVANCED_FACE ( 'NONE', ( #9760 ), #3197, .F. ) ;
#6709 =( NAMED_UNIT ( * ) SI_UNIT ( $, .STERADIAN. ) SOLID_ANGLE_UNIT ( ) );
#6710 = ORIENTED_EDGE ( 'NONE', *, *, #486, .F. ) ;
#6711 = EDGE_CURVE ( 'NONE', #5591, #4571, #9926, .T. ) ;
#6712 = PLANE ( 'NONE',  #7518 ) ;
#6713 = CARTESIAN_POINT ( 'NONE',  ( 1.400000000000005462, 9.600000000000010303, 0.3500000000000551559 ) ) ;
#6714 = CARTESIAN_POINT ( 'NONE',  ( 9.909186366476014030, 5.367817482081024494, 2.984974229554038683 ) ) ;
#6715 = EDGE_LOOP ( 'NONE', ( #4797, #4492, #3748, #2520 ) ) ;
#6716 = CARTESIAN_POINT ( 'NONE',  ( 0.6500000000000289990, 6.200000000000009059, 11.39277777750005427 ) ) ;
#6717 = MECHANICAL_DESIGN_GEOMETRIC_PRESENTATION_REPRESENTATION (  '', ( #5018 ), #3301 ) ;
#6718 = MECHANICAL_DESIGN_GEOMETRIC_PRESENTATION_REPRESENTATION (  '', ( #7744 ), #2275 ) ;
#6719 = AXIS2_PLACEMENT_3D ( 'NONE', #6904, #10146, #2837 ) ;
#6720 = EDGE_CURVE ( 'NONE', #6753, #6893, #2519, .T. ) ;
#6721 = SURFACE_STYLE_USAGE ( .BOTH. , #9849 ) ;
#6722 = LINE ( 'NONE', #2663, #6032 ) ;
#6723 = VERTEX_POINT ( 'NONE', #4028 ) ;
#6724 = VECTOR ( 'NONE', #1861, 1000.000000000000000 ) ;
#6725 =( NAMED_UNIT ( * ) PLANE_ANGLE_UNIT ( ) SI_UNIT ( $, .RADIAN. ) );
#6726 = SURFACE_STYLE_USAGE ( .BOTH. , #1021 ) ;
#6727 = EDGE_LOOP ( 'NONE', ( #5502, #6463, #9392, #2499, #4889, #9145, #4228, #5529, #3087, #471, #8798, #10120 ) ) ;
#6728 = DIRECTION ( 'NONE',  ( -1.748601263784621946E-15, 0.0000000000000000000, -1.000000000000000000 ) ) ;
#6729 = VERTEX_POINT ( 'NONE', #7276 ) ;
#6730 = ORIENTED_EDGE ( 'NONE', *, *, #2416, .F. ) ;
#6731 = CARTESIAN_POINT ( 'NONE',  ( 1.399516249111582900, 9.386410128057342206, 0.3500000000000546008 ) ) ;
#6732 = AXIS2_PLACEMENT_3D ( 'NONE', #9800, #5116, #1017 ) ;
#6733 = DIRECTION ( 'NONE',  ( 1.706285386945153899E-15, -1.000000000000000000, 0.0000000000000000000 ) ) ;
#6734 = CIRCLE ( 'NONE', #4353, 1.399999999999999911 ) ;
#6735 = AXIS2_PLACEMENT_3D ( 'NONE', #711, #9364, #5436 ) ;
#6736 = ADVANCED_FACE ( 'NONE', ( #8908 ), #9697, .T. ) ;
#6737 = CIRCLE ( 'NONE', #6559, 3.149999999999999467 ) ;
#6738 = DIRECTION ( 'NONE',  ( -1.748601263784621748E-15, 0.0000000000000000000, -1.000000000000000000 ) ) ;
#6739 = EDGE_CURVE ( 'NONE', #5038, #9762, #8530, .T. ) ;
#6740 = VERTEX_POINT ( 'NONE', #3475 ) ;
#6741 = DIRECTION ( 'NONE',  ( -1.748601263784621946E-15, 0.0000000000000000000, -1.000000000000000000 ) ) ;
#6742 = CARTESIAN_POINT ( 'NONE',  ( 1.500000000000009992, 8.109625349781611092, 1.340000000000053815 ) ) ;
#6743 = VERTEX_POINT ( 'NONE', #2877 ) ;
#6744 = CARTESIAN_POINT ( 'NONE',  ( 1.800000000000028910, 6.844714285714310620, 11.31500000000005457 ) ) ;
#6745 = ORIENTED_EDGE ( 'NONE', *, *, #8240, .F. ) ;
#6746 = CARTESIAN_POINT ( 'NONE',  ( 3.950000000000017053, 7.650000000000014566, 5.850000000000049383 ) ) ;
#6747 = VECTOR ( 'NONE', #5583, 1000.000000000000000 ) ;
#6748 = ORIENTED_EDGE ( 'NONE', *, *, #7217, .F. ) ;
#6749 = VECTOR ( 'NONE', #1994, 1000.000000000000227 ) ;
#6750 = CARTESIAN_POINT ( 'NONE',  ( 0.7400000000000218625, 4.200000000000009059, 5.350000000000055600 ) ) ;
#6751 = CARTESIAN_POINT ( 'NONE',  ( 11.00000000000002309, 7.650000000000026112, 10.35000000000003695 ) ) ;
#6752 = DIRECTION ( 'NONE',  ( 1.644517855226007998E-15, -1.000000000000000000, -2.890435660536363919E-30 ) ) ;
#6753 = VERTEX_POINT ( 'NONE', #1242 ) ;
#6754 = CARTESIAN_POINT ( 'NONE',  ( 0.6000000000000171863, 8.200000000000009948, 6.395555555000055570 ) ) ;
#6755 = VERTEX_POINT ( 'NONE', #6742 ) ;
#6756 = LINE ( 'NONE', #218, #7139 ) ;
#6757 = DIRECTION ( 'NONE',  ( -1.748601263784621946E-15, 0.0000000000000000000, -1.000000000000000000 ) ) ;
#6758 = EDGE_CURVE ( 'NONE', #9335, #3768, #10032, .T. ) ;
#6759 = DIRECTION ( 'NONE',  ( 1.644517855226007998E-15, -1.000000000000000000, -2.890435660536363919E-30 ) ) ;
#6760 = ORIENTED_EDGE ( 'NONE', *, *, #1130, .T. ) ;
#6761 = DIRECTION ( 'NONE',  ( -1.000000000000000000, -1.644517855226007801E-15, 1.748601263784621748E-15 ) ) ;
#6762 = SURFACE_STYLE_FILL_AREA ( #5216 ) ;
#6763 = ORIENTED_EDGE ( 'NONE', *, *, #9114, .T. ) ;
#6764 = DIRECTION ( 'NONE',  ( -1.000000000000000000, -1.644517855226007998E-15, 1.748601263784621946E-15 ) ) ;
#6765 = EDGE_CURVE ( 'NONE', #4652, #3015, #3684, .T. ) ;
#6766 = SURFACE_STYLE_USAGE ( .BOTH. , #5924 ) ;
#6767 = DIRECTION ( 'NONE',  ( 1.000000000000000000, 1.644517855226007998E-15, -1.748601263784621748E-15 ) ) ;
#6768 = PLANE ( 'NONE',  #8418 ) ;
#6769 = ORIENTED_EDGE ( 'NONE', *, *, #6190, .T. ) ;
#6770 = EDGE_CURVE ( 'NONE', #6729, #2458, #1986, .T. ) ;
#6771 = LINE ( 'NONE', #301, #2274 ) ;
#6772 = VERTEX_POINT ( 'NONE', #5133 ) ;
#6773 =( NAMED_UNIT ( * ) SI_UNIT ( $, .STERADIAN. ) SOLID_ANGLE_UNIT ( ) );
#6774 = CARTESIAN_POINT ( 'NONE',  ( 9.700000000000013500, 5.400000000000024336, 2.971320343560040378 ) ) ;
#6775 = ORIENTED_EDGE ( 'NONE', *, *, #7565, .T. ) ;
#6776 = CARTESIAN_POINT ( 'NONE',  ( 9.700000000000024158, 12.25000000000002309, 15.15000000000003766 ) ) ;
#6777 = ORIENTED_EDGE ( 'NONE', *, *, #219, .F. ) ;
#6778 = ORIENTED_EDGE ( 'NONE', *, *, #4439, .F. ) ;
#6779 = LINE ( 'NONE', #2870, #879 ) ;
#6780 = ADVANCED_FACE ( 'NONE', ( #4488 ), #9216, .T. ) ;
#6781 = EDGE_CURVE ( 'NONE', #5581, #7052, #9318, .T. ) ;
#6782 = CARTESIAN_POINT ( 'NONE',  ( 1.955294117647001340, 8.144714285714311330, -3.684999999999947207 ) ) ;
#6783 = ADVANCED_FACE ( 'NONE', ( #1932 ), #260, .T. ) ;
#6784 = CARTESIAN_POINT ( 'NONE',  ( 1.398548747334017017, 8.959230384045008933, 6.350000000000053824 ) ) ;
#6785 = ORIENTED_EDGE ( 'NONE', *, *, #4409, .F. ) ;
#6786 = CARTESIAN_POINT ( 'NONE',  ( 0.7500000000000075495, 7.611199771552088933, 0.3600000000000547207 ) ) ;
#6787 = UNCERTAINTY_MEASURE_WITH_UNIT (LENGTH_MEASURE( 1.000000000000000082E-05 ), #2521, 'distance_accuracy_value', 'NONE');
#6788 = DIRECTION ( 'NONE',  ( -0.3589790793088810106, -0.9333456062030549560, 6.277112717517495216E-16 ) ) ;
#6789 = ORIENTED_EDGE ( 'NONE', *, *, #9034, .F. ) ;
#6790 = CARTESIAN_POINT ( 'NONE',  ( 0.6767269503200178393, 8.200000000002308553, 7.523770428909055674 ) ) ;
#6791 = ORIENTED_EDGE ( 'NONE', *, *, #1040, .F. ) ;
#6792 = CARTESIAN_POINT ( 'NONE',  ( 9.700000000000018829, 10.60000000000002274, 10.15000000000003766 ) ) ;
#6793 = EDGE_CURVE ( 'NONE', #4800, #8439, #3575, .T. ) ;
#6794 = ORIENTED_EDGE ( 'NONE', *, *, #7030, .T. ) ;
#6795 = LINE ( 'NONE', #6846, #5704 ) ;
#6796 =( NAMED_UNIT ( * ) SI_UNIT ( $, .STERADIAN. ) SOLID_ANGLE_UNIT ( ) );
#6797 = CARTESIAN_POINT ( 'NONE',  ( 1.850000000000007860, 6.250000000000010658, -0.6499999999999457323 ) ) ;
#6798 = VERTEX_POINT ( 'NONE', #5189 ) ;
#6799 = DIRECTION ( 'NONE',  ( -1.748601263784621946E-15, 0.0000000000000000000, -1.000000000000000000 ) ) ;
#6800 = ORIENTED_EDGE ( 'NONE', *, *, #9204, .F. ) ;
#6801 = SURFACE_STYLE_USAGE ( .BOTH. , #10048 ) ;
#6802 = LINE ( 'NONE', #5102, #7553 ) ;
#6803 = DIRECTION ( 'NONE',  ( -1.644517855226008195E-15, 1.000000000000000000, 2.890435660536364269E-30 ) ) ;
#6804 = EDGE_CURVE ( 'NONE', #5263, #2976, #9119, .T. ) ;
#6805 = AXIS2_PLACEMENT_3D ( 'NONE', #10485, #9731, #1655 ) ;
#6806 = ORIENTED_EDGE ( 'NONE', *, *, #1954, .T. ) ;
#6807 = CARTESIAN_POINT ( 'NONE',  ( 0.1000000000000080685, 7.650000000000007461, 0.8500000000000556000 ) ) ;
#6808 = PLANE ( 'NONE',  #1434 ) ;
#6809 = UNCERTAINTY_MEASURE_WITH_UNIT (LENGTH_MEASURE( 1.000000000000000082E-05 ), #2069, 'distance_accuracy_value', 'NONE');
#6810 = EDGE_LOOP ( 'NONE', ( #104, #10261, #5980, #10375 ) ) ;
#6811 = CARTESIAN_POINT ( 'NONE',  ( 10.33503886471860689, 5.302301713120025184, -1.987493498578962736 ) ) ;
#6812 = CARTESIAN_POINT ( 'NONE',  ( 1.398548747334997122, 8.959230384172009565, -4.649999999999945288 ) ) ;
#6813 = DIRECTION ( 'NONE',  ( 1.644517855226008195E-15, -1.000000000000000000, -2.890435660536364269E-30 ) ) ;
#6814 = CARTESIAN_POINT ( 'NONE',  ( 0.5000000000000299760, 0.7500000000000093259, 6.350000000000055600 ) ) ;
#6815 = CIRCLE ( 'NONE', #1714, 1.399999999999999689 ) ;
#6816 = ADVANCED_FACE ( 'NONE', ( #9155 ), #5084, .T. ) ;
#6817 = DIRECTION ( 'NONE',  ( -1.748601263784621946E-15, 0.0000000000000000000, -1.000000000000000000 ) ) ;
#6818 = CARTESIAN_POINT ( 'NONE',  ( -0.3999999999999732658, 6.450000000000008171, 10.11000000000005627 ) ) ;
#6819 = VERTEX_POINT ( 'NONE', #7540 ) ;
#6820 = ORIENTED_EDGE ( 'NONE', *, *, #7321, .T. ) ;
#6821 =( NAMED_UNIT ( * ) SI_UNIT ( $, .STERADIAN. ) SOLID_ANGLE_UNIT ( ) );
#6822 = ORIENTED_EDGE ( 'NONE', *, *, #79, .F. ) ;
#6823 = SURFACE_STYLE_USAGE ( .BOTH. , #6088 ) ;
#6824 = CARTESIAN_POINT ( 'NONE',  ( 1.500000000000006439, 8.200000000000009948, 0.3600000000000547207 ) ) ;
#6825 = VECTOR ( 'NONE', #684, 1000.000000000000000 ) ;
#6826 = DIRECTION ( 'NONE',  ( -0.1788854382000027443, -2.941802971598302358E-16, -0.9838699100999038771 ) ) ;
#6827 = VECTOR ( 'NONE', #8778, 1000.000000000000000 ) ;
#6828 = ADVANCED_FACE ( 'NONE', ( #5944 ), #7142, .F. ) ;
#6829 = VECTOR ( 'NONE', #2423, 1000.000000000000114 ) ;
#6830 = LINE ( 'NONE', #1928, #5689 ) ;
#6831 = ORIENTED_EDGE ( 'NONE', *, *, #416, .T. ) ;
#6832 = PLANE ( 'NONE',  #5302 ) ;
#6833 = DIRECTION ( 'NONE',  ( 0.9428090415820745696, 0.2357022603954949114, 0.2357022603954917195 ) ) ;
#6834 = ADVANCED_FACE ( 'NONE', ( #10293 ), #4544, .T. ) ;
#6835 = ORIENTED_EDGE ( 'NONE', *, *, #5794, .T. ) ;
#6836 = VECTOR ( 'NONE', #10276, 1000.000000000000000 ) ;
#6837 = EDGE_CURVE ( 'NONE', #5589, #3577, #3946, .T. ) ;
#6838 =( GEOMETRIC_REPRESENTATION_CONTEXT ( 3 ) GLOBAL_UNCERTAINTY_ASSIGNED_CONTEXT ( ( #5489 ) ) GLOBAL_UNIT_ASSIGNED_CONTEXT ( ( #9591, #10454, #4756 ) ) REPRESENTATION_CONTEXT ( 'NONE', 'WORKASPACE' ) );
#6839 = ORIENTED_EDGE ( 'NONE', *, *, #6449, .T. ) ;
#6840 = DIRECTION ( 'NONE',  ( 1.000000000000000000, 1.644517855226007998E-15, -1.748601263784621946E-15 ) ) ;
#6841 = VERTEX_POINT ( 'NONE', #7204 ) ;
#6842 = AXIS2_PLACEMENT_3D ( 'NONE', #7726, #2115, #10320 ) ;
#6843 = AXIS2_PLACEMENT_3D ( 'NONE', #3814, #7023, #1366 ) ;
#6844 = COLOUR_RGB ( '',1.000000000000000000, 1.000000000000000000, 1.000000000000000000 ) ;
#6845 = EDGE_CURVE ( 'NONE', #10021, #7032, #10440, .T. ) ;
#6846 = CARTESIAN_POINT ( 'NONE',  ( 2.400000000000034106, 5.400000000000012790, 13.35000000000005471 ) ) ;
#6847 = CIRCLE ( 'NONE', #3439, 1.349999999999999645 ) ;
#6848 =( LENGTH_UNIT ( ) NAMED_UNIT ( * ) SI_UNIT ( .MILLI., .METRE. ) );
#6849 = EDGE_LOOP ( 'NONE', ( #515, #5257, #2264, #6562, #8218, #5806 ) ) ;
#6850 = EDGE_LOOP ( 'NONE', ( #7392, #3546, #3348, #3625 ) ) ;
#6851 =( NAMED_UNIT ( * ) PLANE_ANGLE_UNIT ( ) SI_UNIT ( $, .RADIAN. ) );
#6852 = DIRECTION ( 'NONE',  ( -0.8933250006747832650, 0.4466625002858897187, -0.04962916489077740662 ) ) ;
#6853 = FILL_AREA_STYLE ('',( #1156 ) ) ;
#6854 = CARTESIAN_POINT ( 'NONE',  ( 0.5000000000000281997, 0.7500000000000093259, 5.350000000000057376 ) ) ;
#6855 = MECHANICAL_DESIGN_GEOMETRIC_PRESENTATION_REPRESENTATION (  '', ( #8552 ), #2425 ) ;
#6856 = EDGE_CURVE ( 'NONE', #9237, #10319, #7803, .T. ) ;
#6857 = VECTOR ( 'NONE', #6757, 1000.000000000000000 ) ;
#6858 = ORIENTED_EDGE ( 'NONE', *, *, #6595, .T. ) ;
#6859 = DIRECTION ( 'NONE',  ( 1.644517855226007998E-15, -1.000000000000000000, -2.890435660536363919E-30 ) ) ;
#6860 = ORIENTED_EDGE ( 'NONE', *, *, #2703, .T. ) ;
#6861 = CARTESIAN_POINT ( 'NONE',  ( 1.800000000000010036, 6.844714285714310620, 0.3850000000000536882 ) ) ;
#6862 = AXIS2_PLACEMENT_3D ( 'NONE', #8398, #335, #1201 ) ;
#6863 = CARTESIAN_POINT ( 'NONE',  ( 9.299999999999998934, 7.644714285714304225, -3.774999999999960831 ) ) ;
#6864 = CARTESIAN_POINT ( 'NONE',  ( 8.800000000000023803, 8.144714285714321989, 10.35000000000004050 ) ) ;
#6865 =( NAMED_UNIT ( * ) PLANE_ANGLE_UNIT ( ) SI_UNIT ( $, .RADIAN. ) );
#6866 = AXIS2_PLACEMENT_3D ( 'NONE', #9922, #5898, #9116 ) ;
#6867 = VECTOR ( 'NONE', #5443, 1000.000000000000000 ) ;
#6868 = ORIENTED_EDGE ( 'NONE', *, *, #10335, .F. ) ;
#6869 = DIRECTION ( 'NONE',  ( -1.748601263784621748E-15, 0.0000000000000000000, -1.000000000000000000 ) ) ;
#6870 = LINE ( 'NONE', #5930, #7903 ) ;
#6871 = ORIENTED_EDGE ( 'NONE', *, *, #1354, .F. ) ;
#6872 = VECTOR ( 'NONE', #6450, 1000.000000000000114 ) ;
#6873 = CARTESIAN_POINT ( 'NONE',  ( 1.800000000000020250, 4.200000000000010836, 4.050000000000054001 ) ) ;
#6874 = VERTEX_POINT ( 'NONE', #8733 ) ;
#6875 = DIRECTION ( 'NONE',  ( -1.000000000000000000, -1.644517855226007998E-15, 1.748601263784621946E-15 ) ) ;
#6876 = ORIENTED_EDGE ( 'NONE', *, *, #2142, .T. ) ;
#6877 = CARTESIAN_POINT ( 'NONE',  ( 0.1000000000000254158, 5.400000000000009237, 8.850000000000056488 ) ) ;
#6878 = DIRECTION ( 'NONE',  ( 0.9333456062030537348, 0.3589790793088840637, -1.632049306554483636E-15 ) ) ;
#6879 = COLOUR_RGB ( '',1.000000000000000000, 1.000000000000000000, 1.000000000000000000 ) ;
#6880 = EDGE_CURVE ( 'NONE', #7584, #10047, #6194, .T. ) ;
#6881 = VECTOR ( 'NONE', #5682, 1000.000000000000000 ) ;
#6882 = DIRECTION ( 'NONE',  ( 1.000000000000000000, 1.644517855226007998E-15, -1.748601263784621946E-15 ) ) ;
#6883 = STYLED_ITEM ( 'NONE', ( #5164 ), #3262 ) ;
#6884 = AXIS2_PLACEMENT_3D ( 'NONE', #759, #2283, #3019 ) ;
#6885 = VECTOR ( 'NONE', #8086, 1000.000000000000000 ) ;
#6886 = CARTESIAN_POINT ( 'NONE',  ( 2.602085213965204331E-14, 0.0000000000000000000, 13.35000000000005471 ) ) ;
#6887 = ORIENTED_EDGE ( 'NONE', *, *, #5034, .T. ) ;
#6888 = CARTESIAN_POINT ( 'NONE',  ( 2.400000000000016787, 5.400000000000012790, 2.971320343560052368 ) ) ;
#6889 = UNCERTAINTY_MEASURE_WITH_UNIT (LENGTH_MEASURE( 1.000000000000000082E-05 ), #8225, 'distance_accuracy_value', 'NONE');
#6890 = COLOUR_RGB ( '',1.000000000000000000, 1.000000000000000000, 1.000000000000000000 ) ;
#6891 = LINE ( 'NONE', #1185, #4792 ) ;
#6892 = CARTESIAN_POINT ( 'NONE',  ( 8.799999999999998934, 7.144714285714321989, -4.649999999999958611 ) ) ;
#6893 = VERTEX_POINT ( 'NONE', #665 ) ;
#6894 =( NAMED_UNIT ( * ) SI_UNIT ( $, .STERADIAN. ) SOLID_ANGLE_UNIT ( ) );
#6895 = ORIENTED_EDGE ( 'NONE', *, *, #5011, .F. ) ;
#6896 = DIRECTION ( 'NONE',  ( -1.000000000000000000, -1.644517855226007998E-15, 1.748601263784621946E-15 ) ) ;
#6897 = VERTEX_POINT ( 'NONE', #511 ) ;
#6898 = AXIS2_PLACEMENT_3D ( 'NONE', #829, #4979, #8229 ) ;
#6899 = ADVANCED_FACE ( 'NONE', ( #7907 ), #4744, .F. ) ;
#6900 = AXIS2_PLACEMENT_3D ( 'NONE', #6462, #1672, #4975 ) ;
#6901 = COLOUR_RGB ( '',1.000000000000000000, 1.000000000000000000, 1.000000000000000000 ) ;
#6902 = ADVANCED_FACE ( 'NONE', ( #5338 ), #10235, .T. ) ;
#6903 = EDGE_CURVE ( 'NONE', #1691, #1244, #10134, .T. ) ;
#6904 = CARTESIAN_POINT ( 'NONE',  ( 10.99999999999999289, 10.60000000000002629, -5.049999999999961631 ) ) ;
#6905 = DIRECTION ( 'NONE',  ( -1.644517855226007998E-15, 1.000000000000000000, 2.890435660536363919E-30 ) ) ;
#6906 = ORIENTED_EDGE ( 'NONE', *, *, #4126, .T. ) ;
#6907 = ORIENTED_EDGE ( 'NONE', *, *, #3246, .T. ) ;
#6908 = CARTESIAN_POINT ( 'NONE',  ( 0.6767953592100046656, 8.200000000000009948, -0.8237345106779438986 ) ) ;
#6909 = SURFACE_SIDE_STYLE ('',( #2797 ) ) ;
#6910 = DIRECTION ( 'NONE',  ( -1.644517855226008195E-15, 1.000000000000000000, 2.890435660536364269E-30 ) ) ;
#6911 = EDGE_CURVE ( 'NONE', #3198, #3824, #866, .T. ) ;
#6912 = EDGE_CURVE ( 'NONE', #6211, #8498, #2506, .T. ) ;
#6913 = PRESENTATION_LAYER_ASSIGNMENT (  '', '', ( #1461 ) ) ;
#6914 = ORIENTED_EDGE ( 'NONE', *, *, #1302, .F. ) ;
#6915 = CARTESIAN_POINT ( 'NONE',  ( 1.399999999999996803, 10.60000000000000853, -3.649999999999946620 ) ) ;
#6916 = LINE ( 'NONE', #8074, #9708 ) ;
#6917 = VERTEX_POINT ( 'NONE', #5726 ) ;
#6918 = CARTESIAN_POINT ( 'NONE',  ( 1.250000000000011546, -0.2499999999999889533, -4.399999999999945288 ) ) ;
#6919 = LINE ( 'NONE', #8304, #73 ) ;
#6920 = ORIENTED_EDGE ( 'NONE', *, *, #1527, .F. ) ;
#6921 = LINE ( 'NONE', #8562, #6497 ) ;
#6922 = CARTESIAN_POINT ( 'NONE',  ( 9.699999999999972644, 10.60000000000002274, -16.64999999999995595 ) ) ;
#6923 = EDGE_CURVE ( 'NONE', #4329, #9818, #1457, .T. ) ;
#6924 = EDGE_CURVE ( 'NONE', #9698, #8287, #1547, .T. ) ;
#6925 = VERTEX_POINT ( 'NONE', #7264 ) ;
#6926 = CARTESIAN_POINT ( 'NONE',  ( 2.400000000000025224, 7.450000000000011724, 10.85000000000005116 ) ) ;
#6927 = LINE ( 'NONE', #7673, #6527 ) ;
#6928 = ORIENTED_EDGE ( 'NONE', *, *, #5396, .T. ) ;
#6929 = ORIENTED_EDGE ( 'NONE', *, *, #1420, .F. ) ;
#6930 = CARTESIAN_POINT ( 'NONE',  ( 11.00000000000000178, 3.750000000000026201, -6.649999999999962164 ) ) ;
#6931 = FACE_OUTER_BOUND ( 'NONE', #320, .T. ) ;
#6932 = LINE ( 'NONE', #4692, #4415 ) ;
#6933 = FACE_OUTER_BOUND ( 'NONE', #10266, .T. ) ;
#6934 = ORIENTED_EDGE ( 'NONE', *, *, #204, .T. ) ;
#6935 =( NAMED_UNIT ( * ) SI_UNIT ( $, .STERADIAN. ) SOLID_ANGLE_UNIT ( ) );
#6936 = SURFACE_SIDE_STYLE ('',( #9262 ) ) ;
#6937 = CARTESIAN_POINT ( 'NONE',  ( 1.500000000000037748, 0.7500000000000111022, 10.35000000000005294 ) ) ;
#6938 = CARTESIAN_POINT ( 'NONE',  ( 0.7500000066399999943, 7.649999999998869704, -4.150000000001944578 ) ) ;
#6939 = CARTESIAN_POINT ( 'NONE',  ( 1.500000000000013545, 4.200000000000010836, 0.3500000000000551559 ) ) ;
#6940 = DIRECTION ( 'NONE',  ( 1.595945597898462472E-14, 2.337000431716910882E-29, 1.000000000000000000 ) ) ;
#6941 = DIRECTION ( 'NONE',  ( -0.7427813513546137614, 0.3713906757630058286, 0.5570860167300123456 ) ) ;
#6942 = VERTEX_POINT ( 'NONE', #8895 ) ;
#6943 = CARTESIAN_POINT ( 'NONE',  ( 2.400000000000025224, 7.650000000000011902, 10.85000000000005116 ) ) ;
#6944 = ORIENTED_EDGE ( 'NONE', *, *, #8957, .F. ) ;
#6945 = LINE ( 'NONE', #2988, #2558 ) ;
#6946 = VERTEX_POINT ( 'NONE', #7310 ) ;
#6947 = EDGE_CURVE ( 'NONE', #2510, #6698, #4116, .T. ) ;
#6948 = CARTESIAN_POINT ( 'NONE',  ( 1.500000000000016875, 7.650000000000010125, 5.850000000000053824 ) ) ;
#6949 = DIRECTION ( 'NONE',  ( -1.644517855226008195E-15, 1.000000000000000000, 2.890435660536364269E-30 ) ) ;
#6950 = EDGE_CURVE ( 'NONE', #7584, #152, #9803, .T. ) ;
#6951 = ORIENTED_EDGE ( 'NONE', *, *, #4491, .T. ) ;
#6952 = EDGE_LOOP ( 'NONE', ( #5138, #9405, #2355, #6354 ) ) ;
#6953 = DIRECTION ( 'NONE',  ( -1.000000000000000000, -1.644517855226007801E-15, 1.748601263784621748E-15 ) ) ;
#6954 = CARTESIAN_POINT ( 'NONE',  ( 9.800000000000007816, 7.394714285714323765, 1.100000000000038503 ) ) ;
#6955 = CARTESIAN_POINT ( 'NONE',  ( 1.400000004427000677, 8.199999999929909578, -2.862560683418946539 ) ) ;
#6956 = DIRECTION ( 'NONE',  ( 0.8411784753765673139, -0.5407575913134772261, -1.470885745111887003E-15 ) ) ;
#6957 = VERTEX_POINT ( 'NONE', #2560 ) ;
#6958 = CARTESIAN_POINT ( 'NONE',  ( 0.5000000000000108802, 0.7500000000000093259, -4.649999999999943512 ) ) ;
#6959 = ORIENTED_EDGE ( 'NONE', *, *, #7378, .T. ) ;
#6960 = EDGE_CURVE ( 'NONE', #6984, #5430, #4965, .T. ) ;
#6961 = DIRECTION ( 'NONE',  ( 1.000000000000000000, 1.644517855226007998E-15, -1.748601263784621946E-15 ) ) ;
#6962 = SURFACE_STYLE_FILL_AREA ( #8907 ) ;
#6963 = VERTEX_POINT ( 'NONE', #92 ) ;
#6964 = CARTESIAN_POINT ( 'NONE',  ( 1.250000000000020206, -0.2499999999999889533, 0.6000000000000544897 ) ) ;
#6965 = CARTESIAN_POINT ( 'NONE',  ( 0.5000000000000022204, 6.844714285714308843, -3.649999999999944844 ) ) ;
#6966 = DIRECTION ( 'NONE',  ( -1.000000000000000000, -1.644517855226007998E-15, 1.748601263784621946E-15 ) ) ;
#6967 = ADVANCED_FACE ( 'NONE', ( #5824 ), #8217, .F. ) ;
#6968 = ORIENTED_EDGE ( 'NONE', *, *, #9824, .T. ) ;
#6969 = DIRECTION ( 'NONE',  ( -1.748601263784621946E-15, 0.0000000000000000000, -1.000000000000000000 ) ) ;
#6970 = PRODUCT ( 'CUI_DEVICES_TBP04R1-500-04BE', 'CUI_DEVICES_TBP04R1-500-04BE', '', ( #8853 ) ) ;
#6971 = EDGE_CURVE ( 'NONE', #4770, #9869, #32, .T. ) ;
#6972 = DIRECTION ( 'NONE',  ( -1.748601263784621946E-15, 0.0000000000000000000, -1.000000000000000000 ) ) ;
#6973 = VECTOR ( 'NONE', #5229, 1000.000000000000000 ) ;
#6974 = ORIENTED_EDGE ( 'NONE', *, *, #5658, .T. ) ;
#6975 = EDGE_CURVE ( 'NONE', #6084, #7082, #7430, .T. ) ;
#6976 = CARTESIAN_POINT ( 'NONE',  ( 9.800000000000025580, 7.394714285714323765, 11.10000000000003695 ) ) ;
#6977 = VERTEX_POINT ( 'NONE', #6504 ) ;
#6978 = ORIENTED_EDGE ( 'NONE', *, *, #6111, .T. ) ;
#6979 = CARTESIAN_POINT ( 'NONE',  ( 1.300000000000007816, 7.100000000000010303, -0.7499999999999451550 ) ) ;
#6980 = LINE ( 'NONE', #9408, #4142 ) ;
#6981 = DIRECTION ( 'NONE',  ( -1.748601263784621748E-15, 1.482966057179082451E-32, -1.000000000000000000 ) ) ;
#6982 = CARTESIAN_POINT ( 'NONE',  ( 2.400000000000015010, 5.400000000000012790, 2.250000000000051514 ) ) ;
#6983 = VECTOR ( 'NONE', #7814, 1000.000000000000000 ) ;
#6984 = VERTEX_POINT ( 'NONE', #5772 ) ;
#6985 = CARTESIAN_POINT ( 'NONE',  ( -0.1999999927999787097, 4.200000000000007283, 5.260000005400058853 ) ) ;
#6986 = MECHANICAL_DESIGN_GEOMETRIC_PRESENTATION_REPRESENTATION (  '', ( #9509 ), #9692 ) ;
#6987 = EDGE_CURVE ( 'NONE', #2987, #7596, #9746, .T. ) ;
#6988 = PLANE ( 'NONE',  #1097 ) ;
#6989 = CARTESIAN_POINT ( 'NONE',  ( 1.800000000000018696, 8.144714285714311330, 6.315000000000053682 ) ) ;
#6990 = UNCERTAINTY_MEASURE_WITH_UNIT (LENGTH_MEASURE( 1.000000000000000082E-05 ), #6694, 'distance_accuracy_value', 'NONE');
#6991 = CARTESIAN_POINT ( 'NONE',  ( 9.699999999999990408, 12.25000000000002309, -4.849999999999961453 ) ) ;
#6992 = CARTESIAN_POINT ( 'NONE',  ( 10.99999999999998046, 5.400000000000026112, -16.64999999999995950 ) ) ;
#6993 = EDGE_LOOP ( 'NONE', ( #5991, #1307, #4299, #8297, #5951, #5355, #8979, #1096, #8662, #8450 ) ) ;
#6994 = DIRECTION ( 'NONE',  ( -0.9701425001453380936, 0.2425356250363078781, 1.696392401805310846E-15 ) ) ;
#6995 = SURFACE_SIDE_STYLE ('',( #4437 ) ) ;
#6996 = ORIENTED_EDGE ( 'NONE', *, *, #6312, .T. ) ;
#6997 = DIRECTION ( 'NONE',  ( -1.644517855226008195E-15, 1.000000000000000000, 2.890435660536364269E-30 ) ) ;
#6998 = ORIENTED_EDGE ( 'NONE', *, *, #8463, .T. ) ;
#6999 = VECTOR ( 'NONE', #8952, 1000.000000000000000 ) ;
#7000 = CARTESIAN_POINT ( 'NONE',  ( 3.175000000000001599, 7.650000000000012790, -2.774999999999949285 ) ) ;
#7001 = AXIS2_PLACEMENT_3D ( 'NONE', #2912, #7838, #4472 ) ;
#7002 = CARTESIAN_POINT ( 'NONE',  ( 10.34999999141859917, 7.450000000000024158, -4.149999999999962164 ) ) ;
#7003 = PRESENTATION_LAYER_ASSIGNMENT (  '', '', ( #2404 ) ) ;
#7004 = DIRECTION ( 'NONE',  ( -1.000000000000000000, -1.644517855226007998E-15, 1.748601263784621946E-15 ) ) ;
#7005 = CARTESIAN_POINT ( 'NONE',  ( 0.6500000000000116795, 6.200000000000009059, 1.392777777500055159 ) ) ;
#7006 = EDGE_LOOP ( 'NONE', ( #6594, #2035, #8424, #5946 ) ) ;
#7007 = VERTEX_POINT ( 'NONE', #1665 ) ;
#7008 = CARTESIAN_POINT ( 'NONE',  ( 9.700000000000004619, 10.60000000000002274, 1.550000000000040012 ) ) ;
#7009 = MECHANICAL_DESIGN_GEOMETRIC_PRESENTATION_REPRESENTATION (  '', ( #9195 ), #7545 ) ;
#7010 = CIRCLE ( 'NONE', #6156, 1.349999999999999645 ) ;
#7011 = LINE ( 'NONE', #3000, #1922 ) ;
#7012 = FACE_OUTER_BOUND ( 'NONE', #5222, .T. ) ;
#7013 = EDGE_LOOP ( 'NONE', ( #8571, #8883, #693, #4313 ) ) ;
#7014 = VECTOR ( 'NONE', #7456, 1000.000000000000000 ) ;
#7015 = AXIS2_PLACEMENT_3D ( 'NONE', #2865, #244, #2665 ) ;
#7016 = DIRECTION ( 'NONE',  ( 0.9701425001453382047, -0.2425356250363079058, -1.696392401805311241E-15 ) ) ;
#7017 = CARTESIAN_POINT ( 'NONE',  ( 1.500000000000009992, 8.109625349781611092, 1.340000000000053815 ) ) ;
#7018 = DIRECTION ( 'NONE',  ( 0.1520571842539018281, 0.9883716976506232710, -2.658873845539038370E-16 ) ) ;
#7019 = FACE_OUTER_BOUND ( 'NONE', #306, .T. ) ;
#7020 = ORIENTED_EDGE ( 'NONE', *, *, #4350, .T. ) ;
#7021 = VECTOR ( 'NONE', #8999, 1000.000000000000114 ) ;
#7022 = PRESENTATION_LAYER_ASSIGNMENT (  '', '', ( #9554 ) ) ;
#7023 = DIRECTION ( 'NONE',  ( 1.000000000000000000, 1.644517855226007998E-15, -1.748601263784621946E-15 ) ) ;
#7024 = CARTESIAN_POINT ( 'NONE',  ( 11.00000000000001066, 11.75000000000002487, 6.750000000000037303 ) ) ;
#7025 = VERTEX_POINT ( 'NONE', #5026 ) ;
#7026 = DIRECTION ( 'NONE',  ( 1.000000000000000000, 1.644517855226007801E-15, -1.748601263784621748E-15 ) ) ;
#7027 = CARTESIAN_POINT ( 'NONE',  ( 10.99999999999996980, 11.75000000000002487, -16.64999999999995950 ) ) ;
#7028 = ADVANCED_FACE ( 'NONE', ( #8270 ), #2395, .F. ) ;
#7029 = VECTOR ( 'NONE', #7711, 1000.000000000000000 ) ;
#7030 = EDGE_CURVE ( 'NONE', #828, #9160, #7604, .T. ) ;
#7031 = ADVANCED_FACE ( 'NONE', ( #5887 ), #1918, .F. ) ;
#7032 = VERTEX_POINT ( 'NONE', #4616 ) ;
#7033 = DIRECTION ( 'NONE',  ( 1.000000000000000000, 1.644517855226007998E-15, -1.748601263784621946E-15 ) ) ;
#7034 = DIRECTION ( 'NONE',  ( -2.022962590123419228E-15, 0.9697997732720541331, -0.2439024390232136796 ) ) ;
#7035 = ORIENTED_EDGE ( 'NONE', *, *, #2079, .T. ) ;
#7036 = ORIENTED_EDGE ( 'NONE', *, *, #7893, .F. ) ;
#7037 = LINE ( 'NONE', #4579, #6836 ) ;
#7038 = CARTESIAN_POINT ( 'NONE',  ( 11.00000000000000888, 11.10000000000002451, 4.950000000000038369 ) ) ;
#7039 = CARTESIAN_POINT ( 'NONE',  ( 1.125000000000000888, 6.200000000000009059, -4.639999999999945501 ) ) ;
#7040 = CARTESIAN_POINT ( 'NONE',  ( 11.00000000000000888, 11.75000000000002487, 4.950000000000038369 ) ) ;
#7041 = MECHANICAL_DESIGN_GEOMETRIC_PRESENTATION_REPRESENTATION (  '', ( #9743 ), #6361 ) ;
#7042 = ORIENTED_EDGE ( 'NONE', *, *, #6630, .F. ) ;
#7043 = DIRECTION ( 'NONE',  ( -0.8000000000000010436, -1.315614284180806122E-15, -0.5999999999999984235 ) ) ;
#7044 = EDGE_CURVE ( 'NONE', #8469, #8324, #9973, .T. ) ;
#7045 = VECTOR ( 'NONE', #5300, 1000.000000000000000 ) ;
#7046 = EDGE_CURVE ( 'NONE', #7460, #9663, #7826, .T. ) ;
#7047 = DIRECTION ( 'NONE',  ( 0.9701425001453373165, 1.595416663602607856E-15, -0.2425356250363111532 ) ) ;
#7048 = PLANE ( 'NONE',  #566 ) ;
#7049 = ORIENTED_EDGE ( 'NONE', *, *, #10481, .T. ) ;
#7050 = PLANE ( 'NONE',  #72 ) ;
#7051 = AXIS2_PLACEMENT_3D ( 'NONE', #8150, #6761, #8349 ) ;
#7052 = VERTEX_POINT ( 'NONE', #6774 ) ;
#7053 = AXIS2_PLACEMENT_3D ( 'NONE', #7027, #1322, #1524 ) ;
#7054 = ORIENTED_EDGE ( 'NONE', *, *, #2075, .F. ) ;
#7055 = VECTOR ( 'NONE', #7894, 1000.000000000000000 ) ;
#7056 = SURFACE_STYLE_FILL_AREA ( #6611 ) ;
#7057 = ADVANCED_FACE ( 'NONE', ( #2957 ), #8422, .T. ) ;
#7058 = EDGE_CURVE ( 'NONE', #95, #8666, #1270, .T. ) ;
#7059 = VECTOR ( 'NONE', #3740, 1000.000000000000000 ) ;
#7060 = DIRECTION ( 'NONE',  ( -1.644517855226008195E-15, 1.000000000000000000, 2.890435660536364269E-30 ) ) ;
#7061 = DIRECTION ( 'NONE',  ( -1.644517855226008195E-15, 1.000000000000000000, 2.890435660536364269E-30 ) ) ;
#7062 = LINE ( 'NONE', #2994, #3250 ) ;
#7063 = CARTESIAN_POINT ( 'NONE',  ( 1.500000000000025535, 8.200000000000009948, 11.31500000000005457 ) ) ;
#7064 = ORIENTED_EDGE ( 'NONE', *, *, #5671, .T. ) ;
#7065 = ORIENTED_EDGE ( 'NONE', *, *, #6510, .F. ) ;
#7066 =( GEOMETRIC_REPRESENTATION_CONTEXT ( 3 ) GLOBAL_UNCERTAINTY_ASSIGNED_CONTEXT ( ( #6990 ) ) GLOBAL_UNIT_ASSIGNED_CONTEXT ( ( #6694, #6638, #6475 ) ) REPRESENTATION_CONTEXT ( 'NONE', 'WORKASPACE' ) );
#7067 = CARTESIAN_POINT ( 'NONE',  ( 0.6500000000000099032, 6.200000000000009059, 0.3072222225000542095 ) ) ;
#7068 = DIRECTION ( 'NONE',  ( -0.9984603535126312934, -1.641985879086794142E-15, 0.05547001409258346671 ) ) ;
#7069 = ORIENTED_EDGE ( 'NONE', *, *, #222, .T. ) ;
#7070 = MECHANICAL_DESIGN_GEOMETRIC_PRESENTATION_REPRESENTATION (  '', ( #5897 ), #5534 ) ;
#7071 = CARTESIAN_POINT ( 'NONE',  ( 1.500000000000008216, 8.109625349781611092, 0.3850000000000554090 ) ) ;
#7072 = LINE ( 'NONE', #3003, #5290 ) ;
#7073 = VECTOR ( 'NONE', #5304, 1000.000000000000000 ) ;
#7074 = DIRECTION ( 'NONE',  ( -1.748601263784621946E-15, 0.0000000000000000000, -1.000000000000000000 ) ) ;
#7075 = ORIENTED_EDGE ( 'NONE', *, *, #7492, .F. ) ;
#7076 = FACE_OUTER_BOUND ( 'NONE', #8976, .T. ) ;
#7077 = LINE ( 'NONE', #3921, #3669 ) ;
#7078 = CARTESIAN_POINT ( 'NONE',  ( 0.7500000000000145439, 8.200000000000009948, 5.360000000000054499 ) ) ;
#7079 = CARTESIAN_POINT ( 'NONE',  ( 1.400000000000014122, 10.60000000000000853, 6.350000000000053824 ) ) ;
#7080 = SURFACE_STYLE_FILL_AREA ( #10211 ) ;
#7081 = VECTOR ( 'NONE', #5696, 999.9999999999998863 ) ;
#7082 = VERTEX_POINT ( 'NONE', #3759 ) ;
#7083 = EDGE_CURVE ( 'NONE', #6252, #117, #9147, .T. ) ;
#7084 = LINE ( 'NONE', #10325, #6391 ) ;
#7085 = CARTESIAN_POINT ( 'NONE',  ( 0.7000000000000234923, 8.200000000000009948, 10.31000000000005556 ) ) ;
#7086 = EDGE_LOOP ( 'NONE', ( #2612, #3320, #3530, #66 ) ) ;
#7087 = CARTESIAN_POINT ( 'NONE',  ( 3.949999999999997069, 7.650000000000012790, -5.499999999999951150 ) ) ;
#7088 = ADVANCED_FACE ( 'NONE', ( #6664 ), #8441, .T. ) ;
#7089 = PLANE ( 'NONE',  #2874 ) ;
#7090 =( LENGTH_UNIT ( ) NAMED_UNIT ( * ) SI_UNIT ( .MILLI., .METRE. ) );
#7091 = ORIENTED_EDGE ( 'NONE', *, *, #2024, .F. ) ;
#7092 = DIRECTION ( 'NONE',  ( -1.748601263784621748E-15, 0.0000000000000000000, -1.000000000000000000 ) ) ;
#7093 = DIRECTION ( 'NONE',  ( -1.748601263784621946E-15, 0.0000000000000000000, -1.000000000000000000 ) ) ;
#7094 = EDGE_CURVE ( 'NONE', #5418, #7460, #7177, .T. ) ;
#7095 = CARTESIAN_POINT ( 'NONE',  ( 9.300000000000016698, 7.644714285714304225, 6.225000000000039613 ) ) ;
#7096 = LINE ( 'NONE', #6939, #4107 ) ;
#7097 = UNCERTAINTY_MEASURE_WITH_UNIT (LENGTH_MEASURE( 1.000000000000000082E-05 ), #7138, 'distance_accuracy_value', 'NONE');
#7098 = EDGE_CURVE ( 'NONE', #4901, #1830, #3816, .T. ) ;
#7099 = CARTESIAN_POINT ( 'NONE',  ( 2.399999999999999467, 5.400000000000012790, -6.271320343559946053 ) ) ;
#7100 = FILL_AREA_STYLE_COLOUR ( '', #627 ) ;
#7101 = ORIENTED_EDGE ( 'NONE', *, *, #2188, .F. ) ;
#7102 = CARTESIAN_POINT ( 'NONE',  ( 1.250000000000011546, -0.2499999999999889533, -4.399999999999945288 ) ) ;
#7103 = EDGE_LOOP ( 'NONE', ( #670, #1523, #2858, #3695 ) ) ;
#7104 = VERTEX_POINT ( 'NONE', #5527 ) ;
#7105 = DIRECTION ( 'NONE',  ( 1.242865905043146517E-15, 0.2682926829271122249, 0.9633374467380431128 ) ) ;
#7106 = ORIENTED_EDGE ( 'NONE', *, *, #1953, .T. ) ;
#7107 = DIRECTION ( 'NONE',  ( 1.000000000000000000, 1.644517855226007998E-15, -1.748601263784621946E-15 ) ) ;
#7108 = CARTESIAN_POINT ( 'NONE',  ( 1.398548747335023101, 8.959230384172009565, 10.35000000000005294 ) ) ;
#7109 = LINE ( 'NONE', #8747, #9588 ) ;
#7110 = EDGE_CURVE ( 'NONE', #7498, #833, #6230, .T. ) ;
#7111 = ORIENTED_EDGE ( 'NONE', *, *, #10033, .T. ) ;
#7112 = ORIENTED_EDGE ( 'NONE', *, *, #4498, .F. ) ;
#7113 = LINE ( 'NONE', #6368, #5797 ) ;
#7114 = CARTESIAN_POINT ( 'NONE',  ( 1.327637489682004679, 8.199999999997109157, -0.4767838973639449973 ) ) ;
#7115 = ORIENTED_EDGE ( 'NONE', *, *, #9421, .F. ) ;
#7116 = DIRECTION ( 'NONE',  ( -1.644517855226007998E-15, 1.000000000000000000, 2.890435660536363919E-30 ) ) ;
#7117 = CARTESIAN_POINT ( 'NONE',  ( 0.7499999999999972244, 8.200000000000009948, -4.639999999999945501 ) ) ;
#7118 = CARTESIAN_POINT ( 'NONE',  ( 3.950000000000001066, 7.144714285714313995, -3.649999999999951061 ) ) ;
#7119 = EDGE_CURVE ( 'NONE', #4448, #883, #7077, .T. ) ;
#7120 = EDGE_LOOP ( 'NONE', ( #2489, #2522, #3137, #2241 ) ) ;
#7121 = CARTESIAN_POINT ( 'NONE',  ( 0.7500000000000232037, 8.200000000000009948, 10.36000000000005272 ) ) ;
#7122 = DIRECTION ( 'NONE',  ( 1.748601263784621748E-15, 0.0000000000000000000, 1.000000000000000000 ) ) ;
#7123 = LINE ( 'NONE', #7078, #4307 ) ;
#7124 = PLANE ( 'NONE',  #7053 ) ;
#7125 = VERTEX_POINT ( 'NONE', #1475 ) ;
#7126 = CARTESIAN_POINT ( 'NONE',  ( 1.800000000000011591, 6.844714285714310620, 1.350000000000053380 ) ) ;
#7127 = CARTESIAN_POINT ( 'NONE',  ( 1.500000000000023981, 8.200000000000009948, 10.38500000000005308 ) ) ;
#7128 = VERTEX_POINT ( 'NONE', #4724 ) ;
#7129 = CARTESIAN_POINT ( 'NONE',  ( 0.1000000000000219463, 7.100000000000008527, 7.850000000000056488 ) ) ;
#7130 = DIRECTION ( 'NONE',  ( -1.644517855226008195E-15, 1.000000000000000000, 2.890435660536364269E-30 ) ) ;
#7131 = CARTESIAN_POINT ( 'NONE',  ( 10.34999999141862936, 4.400000001320025333, 10.85000000000003695 ) ) ;
#7132 = CARTESIAN_POINT ( 'NONE',  ( 0.09999999999999592548, 10.60000000000000675, -3.649999999999943956 ) ) ;
#7133 = ORIENTED_EDGE ( 'NONE', *, *, #7747, .F. ) ;
#7134 = DIRECTION ( 'NONE',  ( 1.748601263784621946E-15, 0.0000000000000000000, 1.000000000000000000 ) ) ;
#7135 = CARTESIAN_POINT ( 'NONE',  ( -0.5999999999999842126, 10.75000000000000533, 7.650000000000057199 ) ) ;
#7136 = AXIS2_PLACEMENT_3D ( 'NONE', #7668, #8305, #236 ) ;
#7137 = EDGE_CURVE ( 'NONE', #813, #883, #1644, .T. ) ;
#7138 =( LENGTH_UNIT ( ) NAMED_UNIT ( * ) SI_UNIT ( .MILLI., .METRE. ) );
#7139 = VECTOR ( 'NONE', #4937, 1000.000000000000000 ) ;
#7140 = CARTESIAN_POINT ( 'NONE',  ( 9.700000000000004619, 5.400000000000024336, -2.028679656439960066 ) ) ;
#7141 = DIRECTION ( 'NONE',  ( 0.4472135954999964524, 0.8944271909998966485, -7.819982582729584600E-16 ) ) ;
#7142 = PLANE ( 'NONE',  #3135 ) ;
#7143 = ORIENTED_EDGE ( 'NONE', *, *, #4287, .T. ) ;
#7144 = DIRECTION ( 'NONE',  ( 1.644517855226007998E-15, -1.000000000000000000, 0.0000000000000000000 ) ) ;
#7145 = ORIENTED_EDGE ( 'NONE', *, *, #4948, .F. ) ;
#7146 = ORIENTED_EDGE ( 'NONE', *, *, #9617, .F. ) ;
#7147 = DIRECTION ( 'NONE',  ( -1.748601263784621946E-15, 0.0000000000000000000, -1.000000000000000000 ) ) ;
#7148 = ORIENTED_EDGE ( 'NONE', *, *, #2003, .T. ) ;
#7149 = PLANE ( 'NONE',  #952 ) ;
#7150 = LINE ( 'NONE', #8841, #731 ) ;
#7151 = VECTOR ( 'NONE', #1094, 1000.000000000000000 ) ;
#7152 = ADVANCED_FACE ( 'NONE', ( #8867 ), #10415, .T. ) ;
#7153 = ADVANCED_FACE ( 'NONE', ( #800 ), #6430, .F. ) ;
#7154 =( NAMED_UNIT ( * ) PLANE_ANGLE_UNIT ( ) SI_UNIT ( $, .RADIAN. ) );
#7155 = EDGE_LOOP ( 'NONE', ( #9931, #3852, #3418, #2448 ) ) ;
#7156 = EDGE_CURVE ( 'NONE', #7409, #6179, #8708, .T. ) ;
#7157 = LINE ( 'NONE', #10395, #3073 ) ;
#7158 = DIRECTION ( 'NONE',  ( 1.000000000000000000, 1.644517855226007998E-15, -1.748601263784621748E-15 ) ) ;
#7159 =( NAMED_UNIT ( * ) PLANE_ANGLE_UNIT ( ) SI_UNIT ( $, .RADIAN. ) );
#7160 = ORIENTED_EDGE ( 'NONE', *, *, #7378, .F. ) ;
#7161 = AXIS2_PLACEMENT_3D ( 'NONE', #1083, #7681, #6878 ) ;
#7162 = VERTEX_POINT ( 'NONE', #3007 ) ;
#7163 = LINE ( 'NONE', #8079, #3397 ) ;
#7164 = FILL_AREA_STYLE ('',( #7390 ) ) ;
#7165 = EDGE_LOOP ( 'NONE', ( #6626, #3199, #9257, #8195 ) ) ;
#7166 = VECTOR ( 'NONE', #4083, 1000.000000000000114 ) ;
#7167 = CARTESIAN_POINT ( 'NONE',  ( 1.500000000000011768, 0.7500000000000111022, -4.649999999999945288 ) ) ;
#7168 = EDGE_CURVE ( 'NONE', #5038, #4760, #9660, .T. ) ;
#7169 = VECTOR ( 'NONE', #757, 1000.000000000000000 ) ;
#7170 = CARTESIAN_POINT ( 'NONE',  ( 0.09999999999999766020, 7.100000000000008527, -6.649999999999943512 ) ) ;
#7171 = FACE_OUTER_BOUND ( 'NONE', #4631, .T. ) ;
#7172 = VECTOR ( 'NONE', #3101, 1000.000000000000000 ) ;
#7173 = DIRECTION ( 'NONE',  ( -1.748601263784621946E-15, 0.0000000000000000000, -1.000000000000000000 ) ) ;
#7174 = B_SPLINE_CURVE_WITH_KNOTS ( 'NONE', 3,
 ( #3004, #3106, #9448, #10410 ),
 .UNSPECIFIED., .F., .F.,
 ( 4, 4 ),
 ( 0.0000000000000000000, 1.000000000000000000 ),
 .UNSPECIFIED. ) ;
#7175 = ORIENTED_EDGE ( 'NONE', *, *, #8003, .T. ) ;
#7176 = CARTESIAN_POINT ( 'NONE',  ( 2.400000000000004352, 10.60000000000001030, 1.350000000000051603 ) ) ;
#7177 = LINE ( 'NONE', #7290, #299 ) ;
#7178 =( NAMED_UNIT ( * ) PLANE_ANGLE_UNIT ( ) SI_UNIT ( $, .RADIAN. ) );
#7179 = ORIENTED_EDGE ( 'NONE', *, *, #9407, .F. ) ;
#7180 = CARTESIAN_POINT ( 'NONE',  ( 1.500000000000015099, 8.200000000000009948, 5.360000000000054499 ) ) ;
#7181 = VECTOR ( 'NONE', #8027, 1000.000000000000114 ) ;
#7182 =( GEOMETRIC_REPRESENTATION_CONTEXT ( 3 ) GLOBAL_UNCERTAINTY_ASSIGNED_CONTEXT ( ( #7850 ) ) GLOBAL_UNIT_ASSIGNED_CONTEXT ( ( #5839, #1727, #9815 ) ) REPRESENTATION_CONTEXT ( 'NONE', 'WORKASPACE' ) );
#7183 = LINE ( 'NONE', #7831, #6200 ) ;
#7184 = MECHANICAL_DESIGN_GEOMETRIC_PRESENTATION_REPRESENTATION (  '', ( #560 ), #397 ) ;
#7185 = ADVANCED_FACE ( 'NONE', ( #6383 ), #8097, .F. ) ;
#7186 = VECTOR ( 'NONE', #4356, 1000.000000000000000 ) ;
#7187 = DIRECTION ( 'NONE',  ( -1.644517855226008195E-15, 1.000000000000000000, 2.890435660536364269E-30 ) ) ;
#7188 = FACE_OUTER_BOUND ( 'NONE', #8348, .T. ) ;
#7189 = CARTESIAN_POINT ( 'NONE',  ( 0.6000000000000154099, 8.200000000000009948, 5.304444445000055630 ) ) ;
#7190 = CIRCLE ( 'NONE', #1569, 2.950000000000001510 ) ;
#7191 = COLOUR_RGB ( '',1.000000000000000000, 1.000000000000000000, 1.000000000000000000 ) ;
#7192 = SURFACE_STYLE_FILL_AREA ( #3178 ) ;
#7193 = CARTESIAN_POINT ( 'NONE',  ( 11.00000000000000888, 7.650000000000026112, 1.350000000000036948 ) ) ;
#7194 = VERTEX_POINT ( 'NONE', #9613 ) ;
#7195 = DIRECTION ( 'NONE',  ( -1.000000000000000000, -1.644517855226007998E-15, 1.748601263784621946E-15 ) ) ;
#7196 = DIRECTION ( 'NONE',  ( 1.892425610156517368E-15, 0.0000000000000000000, 1.000000000000000000 ) ) ;
#7197 = AXIS2_PLACEMENT_3D ( 'NONE', #2770, #3620, #4384 ) ;
#7198 = COLOUR_RGB ( '',1.000000000000000000, 1.000000000000000000, 1.000000000000000000 ) ;
#7199 = FILL_AREA_STYLE_COLOUR ( '', #4325 ) ;
#7200 = EDGE_LOOP ( 'NONE', ( #6167, #5816, #4180, #9783 ) ) ;
#7201 = AXIS2_PLACEMENT_3D ( 'NONE', #2373, #846, #963 ) ;
#7202 = UNCERTAINTY_MEASURE_WITH_UNIT (LENGTH_MEASURE( 1.000000000000000082E-05 ), #4264, 'distance_accuracy_value', 'NONE');
#7203 = LINE ( 'NONE', #5490, #7703 ) ;
#7204 = CARTESIAN_POINT ( 'NONE',  ( 2.500000000000035083, 3.750000000000012434, 12.65000000000005009 ) ) ;
#7205 = EDGE_CURVE ( 'NONE', #7552, #4747, #3054, .T. ) ;
#7206 = ORIENTED_EDGE ( 'NONE', *, *, #7443, .F. ) ;
#7207 =( NAMED_UNIT ( * ) PLANE_ANGLE_UNIT ( ) SI_UNIT ( $, .RADIAN. ) );
#7208 = EDGE_LOOP ( 'NONE', ( #8971, #1245, #6362, #7853 ) ) ;
#7209 = ORIENTED_EDGE ( 'NONE', *, *, #9500, .T. ) ;
#7210 = ORIENTED_EDGE ( 'NONE', *, *, #4234, .T. ) ;
#7211 = FACE_OUTER_BOUND ( 'NONE', #3616, .T. ) ;
#7212 = STYLED_ITEM ( 'NONE', ( #3077 ), #2672 ) ;
#7213 = PRESENTATION_STYLE_ASSIGNMENT (( #2928 ) ) ;
#7214 = ORIENTED_EDGE ( 'NONE', *, *, #3990, .F. ) ;
#7215 = CARTESIAN_POINT ( 'NONE',  ( 1.955294117647001340, 8.144714285714311330, -3.684999999999947207 ) ) ;
#7216 = COLOUR_RGB ( '',1.000000000000000000, 1.000000000000000000, 1.000000000000000000 ) ;
#7217 = EDGE_CURVE ( 'NONE', #804, #6456, #5, .T. ) ;
#7218 = CARTESIAN_POINT ( 'NONE',  ( 9.800000000000025580, 8.144714285714323765, 11.35000000000003695 ) ) ;
#7219 = EDGE_LOOP ( 'NONE', ( #10361, #8285, #8684, #8970 ) ) ;
#7220 = VECTOR ( 'NONE', #150, 1000.000000000000000 ) ;
#7221 = ORIENTED_EDGE ( 'NONE', *, *, #6971, .F. ) ;
#7222 = FILL_AREA_STYLE_COLOUR ( '', #9861 ) ;
#7223 = EDGE_CURVE ( 'NONE', #8502, #2247, #6319, .T. ) ;
#7224 = LINE ( 'NONE', #6422, #4496 ) ;
#7225 = ORIENTED_EDGE ( 'NONE', *, *, #3642, .F. ) ;
#7226 = CARTESIAN_POINT ( 'NONE',  ( 9.699999999999990408, 10.60000000000002274, -6.649999999999955946 ) ) ;
#7227 = FILL_AREA_STYLE ('',( #734 ) ) ;
#7228 = EDGE_CURVE ( 'NONE', #2606, #3099, #1521, .T. ) ;
#7229 = EDGE_CURVE ( 'NONE', #9110, #6471, #2266, .T. ) ;
#7230 = VECTOR ( 'NONE', #7607, 1000.000000000000000 ) ;
#7231 = CARTESIAN_POINT ( 'NONE',  ( 0.7499999999999988898, 8.200000000000009948, -3.659999999999944631 ) ) ;
#7232 = DIRECTION ( 'NONE',  ( -1.644517855226008195E-15, 1.000000000000000000, 2.890435660536364269E-30 ) ) ;
#7233 = VECTOR ( 'NONE', #5648, 1000.000000000000000 ) ;
#7234 = AXIS2_PLACEMENT_3D ( 'NONE', #5780, #1835, #876 ) ;
#7235 = DIRECTION ( 'NONE',  ( -1.644517855226007998E-15, 1.000000000000000000, 2.890435660536363919E-30 ) ) ;
#7236 = ORIENTED_EDGE ( 'NONE', *, *, #3536, .F. ) ;
#7237 = ORIENTED_EDGE ( 'NONE', *, *, #8905, .T. ) ;
#7238 = DIRECTION ( 'NONE',  ( -1.000000000000000000, -1.644517855226007998E-15, 1.748601263784621946E-15 ) ) ;
#7239 = AXIS2_PLACEMENT_3D ( 'NONE', #6691, #889, #5792 ) ;
#7240 = CARTESIAN_POINT ( 'NONE',  ( 9.700000000000001066, 12.25000000000002309, 1.550000000000040012 ) ) ;
#7241 = EDGE_CURVE ( 'NONE', #3589, #6698, #8034, .T. ) ;
#7242 = CARTESIAN_POINT ( 'NONE',  ( 1.500000000000016875, 8.200000000000009948, 6.315000000000053682 ) ) ;
#7243 = EDGE_CURVE ( 'NONE', #1528, #2390, #10144, .T. ) ;
#7244 = ORIENTED_EDGE ( 'NONE', *, *, #1816, .F. ) ;
#7245 = SURFACE_SIDE_STYLE ('',( #8037 ) ) ;
#7246 = CARTESIAN_POINT ( 'NONE',  ( 0.7000000000000079492, 8.200000000000009948, 1.390000000000055191 ) ) ;
#7247 = VECTOR ( 'NONE', #6941, 1000.000000000000227 ) ;
#7248 = AXIS2_PLACEMENT_3D ( 'NONE', #446, #346, #8511 ) ;
#7249 = CARTESIAN_POINT ( 'NONE',  ( 9.700000000000006395, 7.450000000000023270, 0.8500000000000399458 ) ) ;
#7250 = DIRECTION ( 'NONE',  ( 1.644517855226008195E-15, -1.000000000000000000, -2.890435660536364269E-30 ) ) ;
#7251 = ORIENTED_EDGE ( 'NONE', *, *, #5437, .T. ) ;
#7252 = CARTESIAN_POINT ( 'NONE',  ( 0.1000000000000080685, 7.650000000000007461, 0.8500000000000556000 ) ) ;
#7253 = CARTESIAN_POINT ( 'NONE',  ( -0.5999999999999825473, 4.200000000000007283, 2.650000000000056755 ) ) ;
#7254 = MECHANICAL_DESIGN_GEOMETRIC_PRESENTATION_REPRESENTATION (  '', ( #793 ), #4527 ) ;
#7255 = EDGE_CURVE ( 'NONE', #8203, #8959, #9715, .T. ) ;
#7256 = PLANE ( 'NONE',  #5963 ) ;
#7257 = FILL_AREA_STYLE_COLOUR ( '', #6375 ) ;
#7258 = ORIENTED_EDGE ( 'NONE', *, *, #6880, .F. ) ;
#7259 = LINE ( 'NONE', #9575, #1591 ) ;
#7260 = CARTESIAN_POINT ( 'NONE',  ( 0.1000000000000236811, 7.100000000000008527, 8.850000000000056488 ) ) ;
#7261 = EDGE_CURVE ( 'NONE', #6396, #4033, #8192, .T. ) ;
#7262 = LINE ( 'NONE', #765, #6703 ) ;
#7263 = CARTESIAN_POINT ( 'NONE',  ( 1.398548747335014442, 8.959230384172009565, 5.350000000000055600 ) ) ;
#7264 = CARTESIAN_POINT ( 'NONE',  ( 1.400000000138021727, 8.199999999997109157, 9.562560681115053640 ) ) ;
#7265 = VERTEX_POINT ( 'NONE', #9940 ) ;
#7266 = CARTESIAN_POINT ( 'NONE',  ( -0.1999999927999700222, 4.200000000000007283, 10.26000000540005708 ) ) ;
#7267 = ORIENTED_EDGE ( 'NONE', *, *, #2908, .F. ) ;
#7268 = ORIENTED_EDGE ( 'NONE', *, *, #5955, .F. ) ;
#7269 = LINE ( 'NONE', #7481, #4109 ) ;
#7270 = DIRECTION ( 'NONE',  ( -1.748601263784621748E-15, 0.0000000000000000000, -1.000000000000000000 ) ) ;
#7271 =( LENGTH_UNIT ( ) NAMED_UNIT ( * ) SI_UNIT ( .MILLI., .METRE. ) );
#7272 = SURFACE_SIDE_STYLE ('',( #987 ) ) ;
#7273 = VERTEX_POINT ( 'NONE', #130 ) ;
#7274 = LINE ( 'NONE', #878, #7592 ) ;
#7275 = PRESENTATION_STYLE_ASSIGNMENT (( #3903 ) ) ;
#7276 = CARTESIAN_POINT ( 'NONE',  ( -0.1999999993500013729, 8.599999999630806968, -3.560000002214943393 ) ) ;
#7277 = ORIENTED_EDGE ( 'NONE', *, *, #5197, .F. ) ;
#7278 = ORIENTED_EDGE ( 'NONE', *, *, #3654, .F. ) ;
#7279 = CARTESIAN_POINT ( 'NONE',  ( 11.00000000000001243, 4.299999999999831957, 0.8500000000000371703 ) ) ;
#7280 = SHAPE_DEFINITION_REPRESENTATION ( #10136, #4209 ) ;
#7281 = ORIENTED_EDGE ( 'NONE', *, *, #9617, .T. ) ;
#7282 = DIRECTION ( 'NONE',  ( -1.644517855226007998E-15, 1.000000000000000000, 2.890435660536363919E-30 ) ) ;
#7283 = EDGE_CURVE ( 'NONE', #4846, #7891, #4251, .T. ) ;
#7284 = FACE_OUTER_BOUND ( 'NONE', #7200, .T. ) ;
#7285 =( NAMED_UNIT ( * ) SI_UNIT ( $, .STERADIAN. ) SOLID_ANGLE_UNIT ( ) );
#7286 = DIRECTION ( 'NONE',  ( 2.352167425053296813E-15, -0.6949152542373066010, 0.7190916418846066138 ) ) ;
#7287 = ORIENTED_EDGE ( 'NONE', *, *, #4742, .F. ) ;
#7288 = ORIENTED_EDGE ( 'NONE', *, *, #10286, .F. ) ;
#7289 = CARTESIAN_POINT ( 'NONE',  ( 11.00000000000002132, 4.299999999999831957, 5.850000000000037836 ) ) ;
#7290 = CARTESIAN_POINT ( 'NONE',  ( 9.700000000000004619, 10.60000000000002274, 1.550000000000040012 ) ) ;
#7291 = CARTESIAN_POINT ( 'NONE',  ( 1.499999999999999556, 8.200000000000009948, -3.684999999999946318 ) ) ;
#7292 = ORIENTED_EDGE ( 'NONE', *, *, #9415, .F. ) ;
#7293 =( NAMED_UNIT ( * ) SI_UNIT ( $, .STERADIAN. ) SOLID_ANGLE_UNIT ( ) );
#7294 = ADVANCED_FACE ( 'NONE', ( #5857 ), #8247, .F. ) ;
#7295 = CARTESIAN_POINT ( 'NONE',  ( 0.5000000000000195399, 0.7500000000000093259, 0.3500000000000568767 ) ) ;
#7296 = EDGE_CURVE ( 'NONE', #1528, #6925, #9080, .T. ) ;
#7297 = CARTESIAN_POINT ( 'NONE',  ( 9.699999999999999289, 5.400000000000024336, -6.649999999999960387 ) ) ;
#7298 = VERTEX_POINT ( 'NONE', #8298 ) ;
#7299 = EDGE_CURVE ( 'NONE', #5581, #8189, #9787, .T. ) ;
#7300 = CARTESIAN_POINT ( 'NONE',  ( 0.6205608656263500444, 9.369703792101088169, 1.349999999999110356 ) ) ;
#7301 = FILL_AREA_STYLE_COLOUR ( '', #3780 ) ;
#7302 = EDGE_LOOP ( 'NONE', ( #10036, #5140, #4052, #3187 ) ) ;
#7303 = FILL_AREA_STYLE_COLOUR ( '', #9057 ) ;
#7304 = FACE_OUTER_BOUND ( 'NONE', #5251, .T. ) ;
#7305 = ADVANCED_FACE ( 'NONE', ( #9021 ), #4302, .F. ) ;
#7306 = CARTESIAN_POINT ( 'NONE',  ( 1.499999999999999556, 8.200000000000009948, -3.684999999999946318 ) ) ;
#7307 = ORIENTED_EDGE ( 'NONE', *, *, #160, .T. ) ;
#7308 = UNCERTAINTY_MEASURE_WITH_UNIT (LENGTH_MEASURE( 1.000000000000000082E-05 ), #3966, 'distance_accuracy_value', 'NONE');
#7309 = CARTESIAN_POINT ( 'NONE',  ( 1.500000000000029088, 0.7500000000000111022, 5.350000000000055600 ) ) ;
#7310 = CARTESIAN_POINT ( 'NONE',  ( 0.5999999999999998668, 8.200000000000009948, -3.604444444999944874 ) ) ;
#7311 = B_SPLINE_CURVE_WITH_KNOTS ( 'NONE', 3,
 ( #2747, #5215, #5579, #9656 ),
 .UNSPECIFIED., .F., .F.,
 ( 4, 4 ),
 ( 0.0000000000000000000, 1.000000000000000000 ),
 .UNSPECIFIED. ) ;
#7312 = ORIENTED_EDGE ( 'NONE', *, *, #8640, .T. ) ;
#7313 = DIRECTION ( 'NONE',  ( -0.1520571842539017449, -2.500607545209352511E-16, 0.9883716976506232710 ) ) ;
#7314 = ORIENTED_EDGE ( 'NONE', *, *, #2623, .F. ) ;
#7315 = ORIENTED_EDGE ( 'NONE', *, *, #4929, .F. ) ;
#7316 = CARTESIAN_POINT ( 'NONE',  ( 9.908938232858025330, 5.367855656478024429, 8.715041966472037771 ) ) ;
#7317 = CARTESIAN_POINT ( 'NONE',  ( 11.00000000000000533, 12.25000000000002487, 3.350000000000036060 ) ) ;
#7318 = LINE ( 'NONE', #9056, #2244 ) ;
#7319 = EDGE_CURVE ( 'NONE', #7760, #10021, #8342, .T. ) ;
#7320 = MECHANICAL_DESIGN_GEOMETRIC_PRESENTATION_REPRESENTATION (  '', ( #5260 ), #861 ) ;
#7321 = EDGE_CURVE ( 'NONE', #10507, #3084, #1851, .T. ) ;
#7322 = LINE ( 'NONE', #6574, #2802 ) ;
#7323 = CARTESIAN_POINT ( 'NONE',  ( 0.7500000000000301981, -0.2499999999999906741, 6.100000000000054712 ) ) ;
#7324 = DIRECTION ( 'NONE',  ( 1.748601263784621748E-15, -1.482966057179082451E-32, 1.000000000000000000 ) ) ;
#7325 = ORIENTED_EDGE ( 'NONE', *, *, #9703, .T. ) ;
#7326 = ORIENTED_EDGE ( 'NONE', *, *, #8508, .T. ) ;
#7327 = CARTESIAN_POINT ( 'NONE',  ( 2.500000000000026645, 3.750000000000012434, 7.650000000000051870 ) ) ;
#7328 = FACE_OUTER_BOUND ( 'NONE', #6715, .T. ) ;
#7329 = ORIENTED_EDGE ( 'NONE', *, *, #2872, .T. ) ;
#7330 = AXIS2_PLACEMENT_3D ( 'NONE', #7067, #264, #4921 ) ;
#7331 = COLOUR_RGB ( '',1.000000000000000000, 1.000000000000000000, 1.000000000000000000 ) ;
#7332 = CARTESIAN_POINT ( 'NONE',  ( 10.77585252445683217, 5.234484227007025758, 13.04046264178103698 ) ) ;
#7333 = FACE_OUTER_BOUND ( 'NONE', #7574, .T. ) ;
#7334 = CARTESIAN_POINT ( 'NONE',  ( 1.800000000000025580, 8.144714285714311330, 10.38500000000005308 ) ) ;
#7335 = ORIENTED_EDGE ( 'NONE', *, *, #1864, .T. ) ;
#7336 = ORIENTED_EDGE ( 'NONE', *, *, #8012, .T. ) ;
#7337 = LINE ( 'NONE', #2371, #9896 ) ;
#7338 = CARTESIAN_POINT ( 'NONE',  ( 2.400000000000025224, 7.650000000000011902, 10.85000000000005116 ) ) ;
#7339 = VECTOR ( 'NONE', #3078, 1000.000000000000227 ) ;
#7340 = CARTESIAN_POINT ( 'NONE',  ( 9.700000000000004619, 4.500000000000023981, -4.149999999999962164 ) ) ;
#7341 = ADVANCED_FACE ( 'NONE', ( #9833 ), #5959, .T. ) ;
#7342 = VERTEX_POINT ( 'NONE', #7499 ) ;
#7343 = FACE_OUTER_BOUND ( 'NONE', #7771, .T. ) ;
#7344 = VECTOR ( 'NONE', #1925, 1000.000000000000000 ) ;
#7345 = VECTOR ( 'NONE', #5245, 1000.000000000000000 ) ;
#7346 = ORIENTED_EDGE ( 'NONE', *, *, #601, .F. ) ;
#7347 =( LENGTH_UNIT ( ) NAMED_UNIT ( * ) SI_UNIT ( .MILLI., .METRE. ) );
#7348 = DIRECTION ( 'NONE',  ( -1.000000000000000000, -1.644517855226007801E-15, 1.748601263784621748E-15 ) ) ;
#7349 = ORIENTED_EDGE ( 'NONE', *, *, #4957, .F. ) ;
#7350 = CIRCLE ( 'NONE', #9707, 1.399999999999999467 ) ;
#7351 = AXIS2_PLACEMENT_3D ( 'NONE', #7218, #7158, #1564 ) ;
#7352 = DIRECTION ( 'NONE',  ( -1.644517855226007998E-15, 1.000000000000000000, 2.875605999964573094E-30 ) ) ;
#7353 = CARTESIAN_POINT ( 'NONE',  ( 1.000000000000030420, 0.2500000000000097700, 6.225000000000054712 ) ) ;
#7354 = DIRECTION ( 'NONE',  ( -1.644517855226007998E-15, 1.000000000000000000, 2.875605999964573094E-30 ) ) ;
#7355 = DIRECTION ( 'NONE',  ( -1.644517855226007998E-15, 1.000000000000000000, 2.890435660536363919E-30 ) ) ;
#7356 = ORIENTED_EDGE ( 'NONE', *, *, #10078, .F. ) ;
#7357 = DIRECTION ( 'NONE',  ( 1.644517855226008195E-15, -1.000000000000000000, -2.890435660536364269E-30 ) ) ;
#7358 = CARTESIAN_POINT ( 'NONE',  ( 2.400000000000005240, 7.650000000000011902, -0.5499999999999478639 ) ) ;
#7359 = VECTOR ( 'NONE', #3169, 1000.000000000000000 ) ;
#7360 = EDGE_CURVE ( 'NONE', #5441, #2435, #6815, .T. ) ;
#7361 = CARTESIAN_POINT ( 'NONE',  ( -0.9999999999999956701, 3.750000000000006217, -5.949999999999940670 ) ) ;
#7362 = EDGE_CURVE ( 'NONE', #1147, #1780, #6756, .T. ) ;
#7363 = VECTOR ( 'NONE', #8352, 1000.000000000000000 ) ;
#7364 = EDGE_CURVE ( 'NONE', #1908, #10424, #962, .T. ) ;
#7365 = VECTOR ( 'NONE', #8163, 1000.000000000000000 ) ;
#7366 = AXIS2_PLACEMENT_3D ( 'NONE', #7501, #3435, #5961 ) ;
#7367 = AXIS2_PLACEMENT_3D ( 'NONE', #5778, #4125, #5832 ) ;
#7368 = CARTESIAN_POINT ( 'NONE',  ( 0.7400000000000236389, 4.200000000000009059, 6.350000000000055600 ) ) ;
#7369 = ORIENTED_EDGE ( 'NONE', *, *, #6189, .F. ) ;
#7370 = FILL_AREA_STYLE ('',( #1340 ) ) ;
#7371 = CARTESIAN_POINT ( 'NONE',  ( 2.500000000000012434, 3.750000000000012434, -0.9499999999999456657 ) ) ;
#7372 = ORIENTED_EDGE ( 'NONE', *, *, #7629, .F. ) ;
#7373 = PRESENTATION_STYLE_ASSIGNMENT (( #2508 ) ) ;
#7374 = AXIS2_PLACEMENT_3D ( 'NONE', #5826, #5028, #8272 ) ;
#7375 = VECTOR ( 'NONE', #2281, 1000.000000000000000 ) ;
#7376 = VERTEX_POINT ( 'NONE', #4885 ) ;
#7377 = CARTESIAN_POINT ( 'NONE',  ( 0.1000000000000011297, 7.650000000000007461, -3.649999999999943956 ) ) ;
#7378 = EDGE_CURVE ( 'NONE', #10019, #577, #4205, .T. ) ;
#7379 = EDGE_CURVE ( 'NONE', #1223, #6897, #30, .T. ) ;
#7380 =( GEOMETRIC_REPRESENTATION_CONTEXT ( 3 ) GLOBAL_UNCERTAINTY_ASSIGNED_CONTEXT ( ( #6889 ) ) GLOBAL_UNIT_ASSIGNED_CONTEXT ( ( #8225, #8070, #4021 ) ) REPRESENTATION_CONTEXT ( 'NONE', 'WORKASPACE' ) );
#7381 = FILL_AREA_STYLE_COLOUR ( '', #7191 ) ;
#7382 = VECTOR ( 'NONE', #8868, 1000.000000000000000 ) ;
#7383 = ORIENTED_EDGE ( 'NONE', *, *, #6403, .T. ) ;
#7384 = CARTESIAN_POINT ( 'NONE',  ( 0.09999999999999419076, 10.60000000000000675, -4.649999999999943512 ) ) ;
#7385 =( NAMED_UNIT ( * ) SI_UNIT ( $, .STERADIAN. ) SOLID_ANGLE_UNIT ( ) );
#7386 = CARTESIAN_POINT ( 'NONE',  ( 11.00000000000001599, 11.75000000000002487, 9.950000000000038369 ) ) ;
#7387 = ORIENTED_EDGE ( 'NONE', *, *, #8013, .F. ) ;
#7388 = ORIENTED_EDGE ( 'NONE', *, *, #2725, .F. ) ;
#7389 = LINE ( 'NONE', #8235, #6640 ) ;
#7390 = FILL_AREA_STYLE_COLOUR ( '', #10443 ) ;
#7391 = ADVANCED_FACE ( 'NONE', ( #64 ), #9131, .T. ) ;
#7392 = ORIENTED_EDGE ( 'NONE', *, *, #1754, .F. ) ;
#7393 = VECTOR ( 'NONE', #3471, 1000.000000000000000 ) ;
#7394 = DIRECTION ( 'NONE',  ( -1.644517855226007998E-15, 1.000000000000000000, 2.890435660536363919E-30 ) ) ;
#7395 = DIRECTION ( 'NONE',  ( 1.644517855226008195E-15, -1.000000000000000000, -2.890435660536364269E-30 ) ) ;
#7396 = FACE_OUTER_BOUND ( 'NONE', #8317, .T. ) ;
#7397 = VERTEX_POINT ( 'NONE', #332 ) ;
#7398 = ORIENTED_EDGE ( 'NONE', *, *, #2730, .T. ) ;
#7399 = CARTESIAN_POINT ( 'NONE',  ( -0.1999999927999769611, 4.200000000000007283, 6.439999994600056787 ) ) ;
#7400 = SURFACE_STYLE_USAGE ( .BOTH. , #2487 ) ;
#7401 = CIRCLE ( 'NONE', #2784, 1.399999999999000266 ) ;
#7402 = LINE ( 'NONE', #7242, #5160 ) ;
#7403 = ORIENTED_EDGE ( 'NONE', *, *, #10285, .T. ) ;
#7404 = AXIS2_PLACEMENT_3D ( 'NONE', #6807, #4459, #7720 ) ;
#7405 = SURFACE_SIDE_STYLE ('',( #8196 ) ) ;
#7406 = VECTOR ( 'NONE', #6972, 1000.000000000000000 ) ;
#7407 = VECTOR ( 'NONE', #3342, 1000.000000000000000 ) ;
#7408 = AXIS2_PLACEMENT_3D ( 'NONE', #10331, #5429, #8775 ) ;
#7409 = VERTEX_POINT ( 'NONE', #8492 ) ;
#7410 = MECHANICAL_DESIGN_GEOMETRIC_PRESENTATION_REPRESENTATION (  '', ( #613 ), #6382 ) ;
#7411 = PLANE ( 'NONE',  #7911 ) ;
#7412 = LINE ( 'NONE', #6543, #8570 ) ;
#7413 = CARTESIAN_POINT ( 'NONE',  ( 1.800000000000027356, 8.144714285714311330, 11.31500000000005457 ) ) ;
#7414 =( NAMED_UNIT ( * ) SI_UNIT ( $, .STERADIAN. ) SOLID_ANGLE_UNIT ( ) );
#7415 = CARTESIAN_POINT ( 'NONE',  ( 1.500000000000032641, 4.200000000000010836, 11.35000000000005294 ) ) ;
#7416 = FACE_OUTER_BOUND ( 'NONE', #2062, .T. ) ;
#7417 = VECTOR ( 'NONE', #6144, 1000.000000000000000 ) ;
#7418 = VERTEX_POINT ( 'NONE', #8546 ) ;
#7419 = DIRECTION ( 'NONE',  ( -1.748601263784621946E-15, 0.0000000000000000000, -1.000000000000000000 ) ) ;
#7420 = DIRECTION ( 'NONE',  ( -1.748601263784621748E-15, 0.0000000000000000000, -1.000000000000000000 ) ) ;
#7421 = VECTOR ( 'NONE', #6206, 1000.000000000000227 ) ;
#7422 = AXIS2_PLACEMENT_3D ( 'NONE', #2939, #4599, #8018 ) ;
#7423 = EDGE_CURVE ( 'NONE', #7498, #9747, #9178, .T. ) ;
#7424 = EDGE_CURVE ( 'NONE', #10199, #733, #1257, .T. ) ;
#7425 = AXIS2_PLACEMENT_3D ( 'NONE', #7484, #7324, #3368 ) ;
#7426 = SURFACE_SIDE_STYLE ('',( #87 ) ) ;
#7427 = PRESENTATION_STYLE_ASSIGNMENT (( #1609 ) ) ;
#7428 = UNCERTAINTY_MEASURE_WITH_UNIT (LENGTH_MEASURE( 1.000000000000000082E-05 ), #4417, 'distance_accuracy_value', 'NONE');
#7429 = CARTESIAN_POINT ( 'NONE',  ( 0.3996450882000103233, 8.199999999999308287, 2.669010516797055033 ) ) ;
#7430 = LINE ( 'NONE', #9635, #1129 ) ;
#7431 = EDGE_LOOP ( 'NONE', ( #2088, #7975, #7736, #8896 ) ) ;
#7432 =( LENGTH_UNIT ( ) NAMED_UNIT ( * ) SI_UNIT ( .MILLI., .METRE. ) );
#7433 = ORIENTED_EDGE ( 'NONE', *, *, #3457, .F. ) ;
#7434 = EDGE_CURVE ( 'NONE', #8869, #4915, #4401, .T. ) ;
#7435 = VERTEX_POINT ( 'NONE', #7656 ) ;
#7436 = DIRECTION ( 'NONE',  ( -1.858632295689437187E-15, 0.0000000000000000000, -1.000000000000000000 ) ) ;
#7437 = CARTESIAN_POINT ( 'NONE',  ( 3.949999999999999734, 7.144714285714313995, -4.649999999999950617 ) ) ;
#7438 = AXIS2_PLACEMENT_3D ( 'NONE', #5121, #8660, #5366 ) ;
#7439 = EDGE_CURVE ( 'NONE', #5640, #51, #2738, .T. ) ;
#7440 = CARTESIAN_POINT ( 'NONE',  ( 0.7500000000000163203, 8.200000000000009948, 6.340000000000055813 ) ) ;
#7441 = UNCERTAINTY_MEASURE_WITH_UNIT (LENGTH_MEASURE( 1.000000000000000082E-05 ), #10451, 'distance_accuracy_value', 'NONE');
#7442 = CARTESIAN_POINT ( 'NONE',  ( 1.500000000000011768, 0.7500000000000111022, -4.649999999999945288 ) ) ;
#7443 = EDGE_CURVE ( 'NONE', #8433, #4915, #8394, .T. ) ;
#7444 = ORIENTED_EDGE ( 'NONE', *, *, #3557, .T. ) ;
#7445 = DIRECTION ( 'NONE',  ( 0.9927080914950846546, -0.1205431253957962856, -1.735850623357525016E-15 ) ) ;
#7446 = ADVANCED_FACE ( 'NONE', ( #7773 ), #8451, .T. ) ;
#7447 = ORIENTED_EDGE ( 'NONE', *, *, #6652, .F. ) ;
#7448 = FILL_AREA_STYLE_COLOUR ( '', #6359 ) ;
#7449 = CARTESIAN_POINT ( 'NONE',  ( 1.399999999999997691, 8.959486922781341178, -4.647954109664946820 ) ) ;
#7450 = PLANE ( 'NONE',  #1385 ) ;
#7451 = EDGE_CURVE ( 'NONE', #5418, #944, #9382, .T. ) ;
#7452 = DIRECTION ( 'NONE',  ( -2.022962590123419228E-15, 0.9697997732720541331, -0.2439024390232132633 ) ) ;
#7453 = SURFACE_STYLE_USAGE ( .BOTH. , #8921 ) ;
#7454 = CARTESIAN_POINT ( 'NONE',  ( 2.400000000000016787, 5.400000000000012790, 2.971320343560052368 ) ) ;
#7455 = ORIENTED_EDGE ( 'NONE', *, *, #5305, .T. ) ;
#7456 = DIRECTION ( 'NONE',  ( 1.644517855226008195E-15, -1.000000000000000000, -2.890435660536364269E-30 ) ) ;
#7457 = DIRECTION ( 'NONE',  ( -2.168404344971008868E-15, 0.3928571428571051571, -0.9195995135417113220 ) ) ;
#7458 = DIRECTION ( 'NONE',  ( 0.9486832980505243151, 1.560126622598782728E-15, 0.3162277660168062443 ) ) ;
#7459 = CARTESIAN_POINT ( 'NONE',  ( 10.99999999999998757, 11.75000000000002487, -6.649999999999962164 ) ) ;
#7460 = VERTEX_POINT ( 'NONE', #3745 ) ;
#7461 = CARTESIAN_POINT ( 'NONE',  ( 1.177367964970995828, 8.200000000001308464, -5.557930201026945127 ) ) ;
#7462 = ADVANCED_FACE ( 'NONE', ( #10252 ), #2888, .F. ) ;
#7463 = EDGE_LOOP ( 'NONE', ( #2096, #10145, #3037, #10158, #909, #1324 ) ) ;
#7464 = DIRECTION ( 'NONE',  ( -1.748601263784621748E-15, 0.0000000000000000000, -1.000000000000000000 ) ) ;
#7465 = FACE_OUTER_BOUND ( 'NONE', #5679, .T. ) ;
#7466 = VERTEX_POINT ( 'NONE', #680 ) ;
#7467 = CARTESIAN_POINT ( 'NONE',  ( 0.1000000000000063338, 9.638089535207008396, 1.350000000000056044 ) ) ;
#7468 = FACE_OUTER_BOUND ( 'NONE', #10332, .T. ) ;
#7469 = CARTESIAN_POINT ( 'NONE',  ( 1.500000000000018652, 8.109625349781611092, 6.315000000000053682 ) ) ;
#7470 = DIRECTION ( 'NONE',  ( 1.644517855226007998E-15, -1.000000000000000000, -2.875605999964573094E-30 ) ) ;
#7471 = ORIENTED_EDGE ( 'NONE', *, *, #416, .F. ) ;
#7472 = LINE ( 'NONE', #1658, #8721 ) ;
#7473 = CARTESIAN_POINT ( 'NONE',  ( 9.800000000000025580, 7.394714285714323765, 10.60000000000003872 ) ) ;
#7474 = ORIENTED_EDGE ( 'NONE', *, *, #7749, .T. ) ;
#7475 = SURFACE_STYLE_FILL_AREA ( #7370 ) ;
#7476 = CARTESIAN_POINT ( 'NONE',  ( 2.400000000000025224, 5.400000000000012790, 8.728679656440053947 ) ) ;
#7477 = ORIENTED_EDGE ( 'NONE', *, *, #4022, .F. ) ;
#7478 = SURFACE_STYLE_FILL_AREA ( #3304 ) ;
#7479 = EDGE_LOOP ( 'NONE', ( #7372, #723, #9639, #714 ) ) ;
#7480 = ORIENTED_EDGE ( 'NONE', *, *, #3919, .T. ) ;
#7481 = CARTESIAN_POINT ( 'NONE',  ( 11.00000000000000888, 11.75000000000002487, 4.950000000000038369 ) ) ;
#7482 = LINE ( 'NONE', #985, #5845 ) ;
#7483 = LINE ( 'NONE', #6888, #3655 ) ;
#7484 = CARTESIAN_POINT ( 'NONE',  ( 1.125000000000019984, 6.200000000000009059, 6.340000000000054925 ) ) ;
#7485 = ORIENTED_EDGE ( 'NONE', *, *, #6845, .T. ) ;
#7486 = CARTESIAN_POINT ( 'NONE',  ( 0.7400000000000132028, 4.200000000000009059, 0.3500000000000551559 ) ) ;
#7487 = ORIENTED_EDGE ( 'NONE', *, *, #3750, .F. ) ;
#7488 = CARTESIAN_POINT ( 'NONE',  ( 2.400000000000034106, 5.400000000000012790, 12.97132034356005192 ) ) ;
#7489 = ORIENTED_EDGE ( 'NONE', *, *, #10190, .T. ) ;
#7490 = ADVANCED_FACE ( 'NONE', ( #10505 ), #10458, .F. ) ;
#7491 = VECTOR ( 'NONE', #1331, 1000.000000000000000 ) ;
#7492 = EDGE_CURVE ( 'NONE', #483, #10294, #4603, .T. ) ;
#7493 = ADVANCED_FACE ( 'NONE', ( #3907 ), #8799, .F. ) ;
#7494 = LINE ( 'NONE', #213, #10284 ) ;
#7495 = DIRECTION ( 'NONE',  ( -1.644517855226007998E-15, 1.000000000000000000, -0.0000000000000000000 ) ) ;
#7496 = VECTOR ( 'NONE', #6699, 1000.000000000000000 ) ;
#7497 = DIRECTION ( 'NONE',  ( -1.748601263784621946E-15, 0.0000000000000000000, -1.000000000000000000 ) ) ;
#7498 = VERTEX_POINT ( 'NONE', #10305 ) ;
#7499 = CARTESIAN_POINT ( 'NONE',  ( 2.400000000000022116, 7.100000000000012079, 7.250000000000051514 ) ) ;
#7500 = DIRECTION ( 'NONE',  ( -0.9701425001453374275, -0.2425356250363110699, 1.696392401805309466E-15 ) ) ;
#7501 = CARTESIAN_POINT ( 'NONE',  ( 9.799999999999998934, 8.144714285714323765, -3.649999999999961275 ) ) ;
#7502 = EDGE_CURVE ( 'NONE', #548, #8073, #7163, .T. ) ;
#7503 = CONICAL_SURFACE ( 'NONE', #2040, 1.374999999999999556, 0.03224688243525484360 ) ;
#7504 = B_SPLINE_CURVE_WITH_KNOTS ( 'NONE', 3,
 ( #6784, #4278, #8373, #312 ),
 .UNSPECIFIED., .F., .F.,
 ( 4, 4 ),
 ( 0.0000000000000000000, 1.000000000000000000 ),
 .UNSPECIFIED. ) ;
#7505 = EDGE_LOOP ( 'NONE', ( #2927, #4578, #331, #9005, #4475 ) ) ;
#7506 = CARTESIAN_POINT ( 'NONE',  ( 2.400000000000027001, 8.200000000000011724, 12.13743931895805162 ) ) ;
#7507 = FILL_AREA_STYLE ('',( #4406 ) ) ;
#7508 = ORIENTED_EDGE ( 'NONE', *, *, #10419, .F. ) ;
#7509 = DIRECTION ( 'NONE',  ( -1.000000000000000000, -1.644517855226008195E-15, 0.0000000000000000000 ) ) ;
#7510 = SURFACE_SIDE_STYLE ('',( #9794 ) ) ;
#7511 = DIRECTION ( 'NONE',  ( 1.000000000000000000, 1.644517855226007998E-15, -1.748601263784621946E-15 ) ) ;
#7512 = STYLED_ITEM ( 'NONE', ( #1979 ), #8117 ) ;
#7513 = ORIENTED_EDGE ( 'NONE', *, *, #494, .T. ) ;
#7514 = DIRECTION ( 'NONE',  ( -1.668003342285391452E-15, 1.000000000000000000, 0.0000000000000000000 ) ) ;
#7515 = EDGE_CURVE ( 'NONE', #4883, #1908, #7113, .T. ) ;
#7516 = STYLED_ITEM ( 'NONE', ( #10511 ), #1159 ) ;
#7517 = EDGE_CURVE ( 'NONE', #1465, #3500, #3216, .T. ) ;
#7518 = AXIS2_PLACEMENT_3D ( 'NONE', #1164, #233, #1911 ) ;
#7519 = COLOUR_RGB ( '',1.000000000000000000, 1.000000000000000000, 1.000000000000000000 ) ;
#7520 = SURFACE_STYLE_FILL_AREA ( #2662 ) ;
#7521 = CARTESIAN_POINT ( 'NONE',  ( 9.700000000000024158, 7.450000000000023270, 10.85000000000004050 ) ) ;
#7522 = EDGE_LOOP ( 'NONE', ( #1625, #8065, #5341, #4147 ) ) ;
#7523 = AXIS2_PLACEMENT_3D ( 'NONE', #1478, #5700, #8145 ) ;
#7524 = AXIS2_PLACEMENT_3D ( 'NONE', #792, #2201, #2255 ) ;
#7525 = CARTESIAN_POINT ( 'NONE',  ( 1.499999999999999556, 8.109625349781611092, -4.614999999999944258 ) ) ;
#7526 =( LENGTH_UNIT ( ) NAMED_UNIT ( * ) SI_UNIT ( .MILLI., .METRE. ) );
#7527 = VERTEX_POINT ( 'NONE', #3097 ) ;
#7528 = FILL_AREA_STYLE ('',( #1079 ) ) ;
#7529 = ORIENTED_EDGE ( 'NONE', *, *, #3171, .F. ) ;
#7530 = FACE_OUTER_BOUND ( 'NONE', #6577, .T. ) ;
#7531 = FACE_OUTER_BOUND ( 'NONE', #8427, .T. ) ;
#7532 = VECTOR ( 'NONE', #6318, 1000.000000000000000 ) ;
#7533 = VECTOR ( 'NONE', #6082, 1000.000000000000000 ) ;
#7534 = DIRECTION ( 'NONE',  ( 1.000000000000000000, 1.644517855226007998E-15, -1.748601263784621748E-15 ) ) ;
#7535 = EDGE_CURVE ( 'NONE', #4195, #9530, #7972, .T. ) ;
#7536 = CARTESIAN_POINT ( 'NONE',  ( 1.300000000000025135, 7.100000000000010303, 9.250000000000053291 ) ) ;
#7537 = CIRCLE ( 'NONE', #7374, 3.149999999999999467 ) ;
#7538 = ORIENTED_EDGE ( 'NONE', *, *, #10348, .T. ) ;
#7539 = VECTOR ( 'NONE', #865, 1000.000000000000000 ) ;
#7540 = CARTESIAN_POINT ( 'NONE',  ( 2.399999999999994138, 10.60000000000001030, -4.649999999999947065 ) ) ;
#7541 = ORIENTED_EDGE ( 'NONE', *, *, #1973, .F. ) ;
#7542 = DIRECTION ( 'NONE',  ( -0.7071067811864987229, -1.162849727212584842E-15, -0.7071067811865962005 ) ) ;
#7543 = EDGE_LOOP ( 'NONE', ( #766, #9927, #3807, #8998 ) ) ;
#7544 = LINE ( 'NONE', #5680, #701 ) ;
#7545 =( GEOMETRIC_REPRESENTATION_CONTEXT ( 3 ) GLOBAL_UNCERTAINTY_ASSIGNED_CONTEXT ( ( #3354 ) ) GLOBAL_UNIT_ASSIGNED_CONTEXT ( ( #7616, #1950, #8300 ) ) REPRESENTATION_CONTEXT ( 'NONE', 'WORKASPACE' ) );
#7546 = LINE ( 'NONE', #837, #9028 ) ;
#7547 = ADVANCED_FACE ( 'NONE', ( #7922 ), #10353, .F. ) ;
#7548 = CARTESIAN_POINT ( 'NONE',  ( 1.500000000000025535, 8.109625349781611092, 10.36000000000005272 ) ) ;
#7549 = CARTESIAN_POINT ( 'NONE',  ( 0.09999999999999419076, 8.200000000000008171, -6.649999999999943512 ) ) ;
#7550 = CIRCLE ( 'NONE', #9920, 1.399999999999999023 ) ;
#7551 = ADVANCED_FACE ( 'NONE', ( #2252 ), #4661, .T. ) ;
#7552 = VERTEX_POINT ( 'NONE', #8649 ) ;
#7553 = VECTOR ( 'NONE', #7657, 1000.000000000000000 ) ;
#7554 = CARTESIAN_POINT ( 'NONE',  ( 9.800000000000007816, 7.894714285714324653, 1.100000000000038503 ) ) ;
#7555 = ORIENTED_EDGE ( 'NONE', *, *, #4096, .T. ) ;
#7556 = DIRECTION ( 'NONE',  ( -1.000000000000000000, -2.859691650543226683E-12, 7.297626393077378907E-11 ) ) ;
#7557 = CARTESIAN_POINT ( 'NONE',  ( -0.9999999999999644729, 3.750000000000006217, 12.65000000000005720 ) ) ;
#7558 = CARTESIAN_POINT ( 'NONE',  ( 0.2019956825999955630, 8.199999999999308287, -6.071903056252942577 ) ) ;
#7559 = EDGE_CURVE ( 'NONE', #10185, #5571, #1466, .T. ) ;
#7560 = AXIS2_PLACEMENT_3D ( 'NONE', #5114, #3665, #5168 ) ;
#7561 = VECTOR ( 'NONE', #1293, 1000.000000000000000 ) ;
#7562 = EDGE_LOOP ( 'NONE', ( #5266, #2331, #3324, #1295 ) ) ;
#7563 = ADVANCED_FACE ( 'NONE', ( #1353 ), #7865, .F. ) ;
#7564 = VECTOR ( 'NONE', #9475, 1000.000000000000000 ) ;
#7565 = EDGE_CURVE ( 'NONE', #6755, #7162, #7389, .T. ) ;
#7566 = DIRECTION ( 'NONE',  ( 1.595945597898462472E-14, 2.337000431716910882E-29, 1.000000000000000000 ) ) ;
#7567 = FILL_AREA_STYLE_COLOUR ( '', #3810 ) ;
#7568 = ORIENTED_EDGE ( 'NONE', *, *, #10481, .F. ) ;
#7569 = FACE_OUTER_BOUND ( 'NONE', #1395, .T. ) ;
#7570 =( LENGTH_UNIT ( ) NAMED_UNIT ( * ) SI_UNIT ( .MILLI., .METRE. ) );
#7571 = DIRECTION ( 'NONE',  ( 1.000000000000000000, 1.644517855226007998E-15, -1.748601263784621946E-15 ) ) ;
#7572 = DIRECTION ( 'NONE',  ( -0.8933250006747830430, 0.4466625002858897187, 0.04962916489078052912 ) ) ;
#7573 = AXIS2_PLACEMENT_3D ( 'NONE', #3219, #7348, #9621 ) ;
#7574 = EDGE_LOOP ( 'NONE', ( #1376, #3029, #10100, #7480, #8854 ) ) ;
#7575 = CARTESIAN_POINT ( 'NONE',  ( 1.955294117647027319, 8.144714285714311330, 11.31500000000005279 ) ) ;
#7576 = VECTOR ( 'NONE', #4802, 1000.000000000000114 ) ;
#7577 = CIRCLE ( 'NONE', #8742, 2.050000000001999556 ) ;
#7578 = EDGE_CURVE ( 'NONE', #7162, #1438, #4241, .T. ) ;
#7579 = SURFACE_STYLE_USAGE ( .BOTH. , #7426 ) ;
#7580 = LINE ( 'NONE', #2817, #4336 ) ;
#7581 = ORIENTED_EDGE ( 'NONE', *, *, #7364, .T. ) ;
#7582 = COLOUR_RGB ( '',1.000000000000000000, 1.000000000000000000, 1.000000000000000000 ) ;
#7583 = STYLED_ITEM ( 'NONE', ( #8923 ), #6434 ) ;
#7584 = VERTEX_POINT ( 'NONE', #5844 ) ;
#7585 = DIRECTION ( 'NONE',  ( 0.2425356250363078781, 0.9701425001453380936, -4.240981004512810209E-16 ) ) ;
#7586 = VERTEX_POINT ( 'NONE', #1035 ) ;
#7587 = EDGE_CURVE ( 'NONE', #9221, #3441, #995, .T. ) ;
#7588 = VERTEX_POINT ( 'NONE', #4196 ) ;
#7589 = CARTESIAN_POINT ( 'NONE',  ( 9.700000000000020606, 4.500000000000023981, 5.850000000000038725 ) ) ;
#7590 = AXIS2_PLACEMENT_3D ( 'NONE', #5173, #5069, #924 ) ;
#7591 = CARTESIAN_POINT ( 'NONE',  ( 1.399999999999998579, 9.600000000000010303, -3.649999999999946620 ) ) ;
#7592 = VECTOR ( 'NONE', #5782, 1000.000000000000114 ) ;
#7593 = VECTOR ( 'NONE', #4589, 1000.000000000000000 ) ;
#7594 = VECTOR ( 'NONE', #433, 1000.000000000000114 ) ;
#7595 = DIRECTION ( 'NONE',  ( 1.748601263784621946E-15, 0.0000000000000000000, 1.000000000000000000 ) ) ;
#7596 = VERTEX_POINT ( 'NONE', #9123 ) ;
#7597 = CARTESIAN_POINT ( 'NONE',  ( 1.800000000000002931, 6.844714285714310620, -3.659999999999946407 ) ) ;
#7598 = CARTESIAN_POINT ( 'NONE',  ( 0.5000000000000368594, 0.7500000000000093259, 10.35000000000005649 ) ) ;
#7599 = EDGE_LOOP ( 'NONE', ( #9749, #9700, #626, #7779, #938, #9974 ) ) ;
#7600 = CARTESIAN_POINT ( 'NONE',  ( 0.7500000000000388578, -0.2499999999999906741, 11.10000000000005471 ) ) ;
#7601 = ORIENTED_EDGE ( 'NONE', *, *, #7119, .F. ) ;
#7602 = DIRECTION ( 'NONE',  ( 1.000000000000000000, 1.644517855226007998E-15, -1.748601263784621946E-15 ) ) ;
#7603 = CARTESIAN_POINT ( 'NONE',  ( 1.398548747334997122, 8.959230384172009565, -4.649999999999945288 ) ) ;
#7604 = CIRCLE ( 'NONE', #2815, 2.050000000001999556 ) ;
#7605 = ORIENTED_EDGE ( 'NONE', *, *, #2013, .T. ) ;
#7606 = AXIS2_PLACEMENT_3D ( 'NONE', #2263, #3917, #6426 ) ;
#7607 = DIRECTION ( 'NONE',  ( 1.748601263784621946E-15, 0.0000000000000000000, 1.000000000000000000 ) ) ;
#7608 = SURFACE_SIDE_STYLE ('',( #9127 ) ) ;
#7609 =( NAMED_UNIT ( * ) PLANE_ANGLE_UNIT ( ) SI_UNIT ( $, .RADIAN. ) );
#7610 = ORIENTED_EDGE ( 'NONE', *, *, #7804, .F. ) ;
#7611 = LINE ( 'NONE', #6641, #3252 ) ;
#7612 = ORIENTED_EDGE ( 'NONE', *, *, #3229, .T. ) ;
#7613 = CARTESIAN_POINT ( 'NONE',  ( 1.400000000000006350, 8.959486922781341178, 0.3520458903350535684 ) ) ;
#7614 = LINE ( 'NONE', #2692, #8058 ) ;
#7615 = LINE ( 'NONE', #334, #3470 ) ;
#7616 =( LENGTH_UNIT ( ) NAMED_UNIT ( * ) SI_UNIT ( .MILLI., .METRE. ) );
#7617 = PLANE ( 'NONE',  #6526 ) ;
#7618 = EDGE_CURVE ( 'NONE', #8144, #8788, #8672, .T. ) ;
#7619 = ADVANCED_FACE ( 'NONE', ( #1628 ), #166, .F. ) ;
#7620 = LINE ( 'NONE', #3706, #3836 ) ;
#7621 = CARTESIAN_POINT ( 'NONE',  ( 3.950000000000017053, 7.650000000000014566, 5.850000000000049383 ) ) ;
#7622 = ORIENTED_EDGE ( 'NONE', *, *, #3412, .T. ) ;
#7623 = CARTESIAN_POINT ( 'NONE',  ( 2.399999999999994138, 8.200000000000011724, -6.124841765812945482 ) ) ;
#7624 = FILL_AREA_STYLE_COLOUR ( '', #905 ) ;
#7625 = CARTESIAN_POINT ( 'NONE',  ( -0.5999999999999807709, 10.75000000000000533, 9.050000000000057554 ) ) ;
#7626 = LINE ( 'NONE', #2059, #2952 ) ;
#7627 = ADVANCED_FACE ( 'NONE', ( #3417 ), #8912, .T. ) ;
#7628 = EDGE_CURVE ( 'NONE', #7527, #5009, #3372, .T. ) ;
#7629 = EDGE_CURVE ( 'NONE', #3987, #2590, #8011, .T. ) ;
#7630 = PLANE ( 'NONE',  #7248 ) ;
#7631 = FACE_OUTER_BOUND ( 'NONE', #1668, .T. ) ;
#7632 = ORIENTED_EDGE ( 'NONE', *, *, #459, .T. ) ;
#7633 = SURFACE_SIDE_STYLE ('',( #4377 ) ) ;
#7634 = ORIENTED_EDGE ( 'NONE', *, *, #1039, .T. ) ;
#7635 = CARTESIAN_POINT ( 'NONE',  ( 10.99999999999999289, 11.75000000000002487, -3.249999999999963141 ) ) ;
#7636 = ORIENTED_EDGE ( 'NONE', *, *, #1459, .F. ) ;
#7637 = CARTESIAN_POINT ( 'NONE',  ( 0.1000000000000271505, 8.200000000000008171, 12.82484176581305491 ) ) ;
#7638 = CARTESIAN_POINT ( 'NONE',  ( 8.000000000000021316, 12.25000000000001954, 13.35000000000005471 ) ) ;
#7639 = LINE ( 'NONE', #1140, #419 ) ;
#7640 = B_SPLINE_CURVE_WITH_KNOTS ( 'NONE', 3,
 ( #5002, #10050, #3497, #9025 ),
 .UNSPECIFIED., .F., .F.,
 ( 4, 4 ),
 ( 0.0000000000000000000, 1.000000000000000000 ),
 .UNSPECIFIED. ) ;
#7641 = ADVANCED_FACE ( 'NONE', ( #9765 ), #7503, .T. ) ;
#7642 = DIRECTION ( 'NONE',  ( 1.644517855226007801E-15, -1.000000000000000000, -2.890435660536363568E-30 ) ) ;
#7643 = LINE ( 'NONE', #3627, #2288 ) ;
#7644 = CARTESIAN_POINT ( 'NONE',  ( 11.00000000000000888, 5.200000000000025935, -1.354540768504962411 ) ) ;
#7645 = ORIENTED_EDGE ( 'NONE', *, *, #2518, .F. ) ;
#7646 = LINE ( 'NONE', #8637, #9594 ) ;
#7647 = VERTEX_POINT ( 'NONE', #1733 ) ;
#7648 = DIRECTION ( 'NONE',  ( 0.7071067811864963915, 1.162849727212585237E-15, -0.7071067811865986430 ) ) ;
#7649 = ORIENTED_EDGE ( 'NONE', *, *, #4316, .T. ) ;
#7650 = EDGE_CURVE ( 'NONE', #5430, #9647, #4986, .T. ) ;
#7651 = DIRECTION ( 'NONE',  ( -1.748601263784621946E-15, 0.0000000000000000000, -1.000000000000000000 ) ) ;
#7652 = FACE_OUTER_BOUND ( 'NONE', #1720, .T. ) ;
#7653 = ORIENTED_EDGE ( 'NONE', *, *, #4945, .F. ) ;
#7654 = PRESENTATION_STYLE_ASSIGNMENT (( #2140 ) ) ;
#7655 = VERTEX_POINT ( 'NONE', #4286 ) ;
#7656 = CARTESIAN_POINT ( 'NONE',  ( 2.500000000000030198, 3.750000000000012434, 9.050000000000054001 ) ) ;
#7657 = DIRECTION ( 'NONE',  ( 0.9238697708742983350, 0.3553345272594015114, -0.1421338109037016129 ) ) ;
#7658 = CARTESIAN_POINT ( 'NONE',  ( 1.400000000137995748, 8.199999999997109157, -5.437439318884945472 ) ) ;
#7659 = FACE_OUTER_BOUND ( 'NONE', #673, .T. ) ;
#7660 = VECTOR ( 'NONE', #5814, 1000.000000000000000 ) ;
#7661 = ORIENTED_EDGE ( 'NONE', *, *, #9031, .F. ) ;
#7662 = CARTESIAN_POINT ( 'NONE',  ( 1.300000000000021583, 7.100000000000010303, 7.450000000000054357 ) ) ;
#7663 = EDGE_CURVE ( 'NONE', #8869, #569, #7544, .T. ) ;
#7664 = DIRECTION ( 'NONE',  ( 0.9927080914950846546, -0.1205431253957962856, -1.735850623357525016E-15 ) ) ;
#7665 = ORIENTED_EDGE ( 'NONE', *, *, #736, .F. ) ;
#7666 = CARTESIAN_POINT ( 'NONE',  ( 3.950000000000015277, 8.144714285714314883, 5.350000000000050271 ) ) ;
#7667 = CARTESIAN_POINT ( 'NONE',  ( 11.00000000000001599, 7.650000000000026112, 6.315000000000037694 ) ) ;
#7668 = CARTESIAN_POINT ( 'NONE',  ( 9.800000000000007816, 7.144714285714323765, 1.350000000000038725 ) ) ;
#7669 = CARTESIAN_POINT ( 'NONE',  ( 2.400000000000009681, 8.200000000000011724, 2.137439318958052503 ) ) ;
#7670 = B_SPLINE_CURVE_WITH_KNOTS ( 'NONE', 3,
 ( #6338, #5595, #3879, #10428, #8823 ),
 .UNSPECIFIED., .F., .F.,
 ( 4, 1, 4 ),
 ( 0.0000000000000000000, 0.5000000000000000000, 1.000000000000000000 ),
 .UNSPECIFIED. ) ;
#7671 = ORIENTED_EDGE ( 'NONE', *, *, #8400, .F. ) ;
#7672 = LINE ( 'NONE', #4468, #3139 ) ;
#7673 = CARTESIAN_POINT ( 'NONE',  ( 1.500000000000025535, 8.109625349781611092, 10.38500000000005308 ) ) ;
#7674 = VERTEX_POINT ( 'NONE', #5192 ) ;
#7675 = ADVANCED_FACE ( 'NONE', ( #2681 ), #4431, .T. ) ;
#7676 = EDGE_LOOP ( 'NONE', ( #4056, #1779, #6049, #6959 ) ) ;
#7677 =( LENGTH_UNIT ( ) NAMED_UNIT ( * ) SI_UNIT ( .MILLI., .METRE. ) );
#7678 = DIRECTION ( 'NONE',  ( 1.644517855226007998E-15, -1.000000000000000000, -2.890435660536363919E-30 ) ) ;
#7679 = ORIENTED_EDGE ( 'NONE', *, *, #7205, .F. ) ;
#7680 = CARTESIAN_POINT ( 'NONE',  ( 0.6767269503200266101, 8.200000000002308553, 12.52377042890905479 ) ) ;
#7681 = DIRECTION ( 'NONE',  ( -0.3589790793088841192, 0.9333456062030538458, 6.277112717517546492E-16 ) ) ;
#7682 = VECTOR ( 'NONE', #4542, 1000.000000000000000 ) ;
#7683 = EDGE_CURVE ( 'NONE', #6300, #7273, #8382, .T. ) ;
#7684 = EDGE_CURVE ( 'NONE', #6698, #3947, #7698, .T. ) ;
#7685 = LINE ( 'NONE', #3468, #3961 ) ;
#7686 = VECTOR ( 'NONE', #7043, 1000.000000000000114 ) ;
#7687 = DIRECTION ( 'NONE',  ( 0.9883716976506222718, -0.1520571842539073237, -1.728267999600830212E-15 ) ) ;
#7688 = ORIENTED_EDGE ( 'NONE', *, *, #1124, .F. ) ;
#7689 = CARTESIAN_POINT ( 'NONE',  ( 2.400000000000004352, 8.200000000000011724, -0.4374393189579464103 ) ) ;
#7690 = ADVANCED_FACE ( 'NONE', ( #4548 ), #5279, .F. ) ;
#7691 = LINE ( 'NONE', #7802, #9897 ) ;
#7692 = EDGE_CURVE ( 'NONE', #5591, #367, #365, .T. ) ;
#7693 = ORIENTED_EDGE ( 'NONE', *, *, #3726, .F. ) ;
#7694 = CARTESIAN_POINT ( 'NONE',  ( -0.1999999927999787097, 4.200000000000007283, 5.260000005400058853 ) ) ;
#7695 = AXIS2_PLACEMENT_3D ( 'NONE', #4896, #4949, #6397 ) ;
#7696 = VECTOR ( 'NONE', #4389, 1000.000000000000000 ) ;
#7697 = ORIENTED_EDGE ( 'NONE', *, *, #519, .F. ) ;
#7698 = LINE ( 'NONE', #9369, #3225 ) ;
#7699 = EDGE_LOOP ( 'NONE', ( #1517, #2459, #1883, #499, #6906 ) ) ;
#7700 = VECTOR ( 'NONE', #8977, 1000.000000000000000 ) ;
#7701 = AXIS2_PLACEMENT_3D ( 'NONE', #4803, #10389, #6360 ) ;
#7702 = VECTOR ( 'NONE', #10046, 1000.000000000000000 ) ;
#7703 = VECTOR ( 'NONE', #619, 1000.000000000000000 ) ;
#7704 = PLANE ( 'NONE',  #9944 ) ;
#7705 = FACE_OUTER_BOUND ( 'NONE', #7837, .T. ) ;
#7706 = AXIS2_PLACEMENT_3D ( 'NONE', #10153, #3652, #3747 ) ;
#7707 = VECTOR ( 'NONE', #872, 1000.000000000000000 ) ;
#7708 = EDGE_CURVE ( 'NONE', #7466, #3987, #418, .T. ) ;
#7709 = ORIENTED_EDGE ( 'NONE', *, *, #10282, .F. ) ;
#7710 = ORIENTED_EDGE ( 'NONE', *, *, #615, .F. ) ;
#7711 = DIRECTION ( 'NONE',  ( -1.000000000000000000, -1.644517855226007998E-15, 1.748601263784621946E-15 ) ) ;
#7712 = CARTESIAN_POINT ( 'NONE',  ( 1.327602303228000657, 8.199999999929909578, -2.823196971176947123 ) ) ;
#7713 = DIRECTION ( 'NONE',  ( 1.000000000000000000, 1.644517855226007998E-15, -1.748601263784621946E-15 ) ) ;
#7714 = EDGE_CURVE ( 'NONE', #2646, #2536, #8485, .T. ) ;
#7715 = STYLED_ITEM ( 'NONE', ( #5012 ), #4035 ) ;
#7716 = CIRCLE ( 'NONE', #7197, 1.400000000001999423 ) ;
#7717 = AXIS2_PLACEMENT_3D ( 'NONE', #2227, #4584, #3129 ) ;
#7718 = AXIS2_PLACEMENT_3D ( 'NONE', #8752, #1467, #9540 ) ;
#7719 = ORIENTED_EDGE ( 'NONE', *, *, #1826, .T. ) ;
#7720 = DIRECTION ( 'NONE',  ( -1.748601263784621748E-15, 0.0000000000000000000, -1.000000000000000000 ) ) ;
#7721 = SURFACE_STYLE_USAGE ( .BOTH. , #8845 ) ;
#7722 = VERTEX_POINT ( 'NONE', #6792 ) ;
#7723 = LINE ( 'NONE', #10113, #9720 ) ;
#7724 = PLANE ( 'NONE',  #8221 ) ;
#7725 = ORIENTED_EDGE ( 'NONE', *, *, #5481, .F. ) ;
#7726 = CARTESIAN_POINT ( 'NONE',  ( 1.800000000000010036, 6.844714285714310620, 0.3600000000000529998 ) ) ;
#7727 = LINE ( 'NONE', #7575, #9929 ) ;
#7728 = PRESENTATION_LAYER_ASSIGNMENT (  '', '', ( #6182 ) ) ;
#7729 = AXIS2_PLACEMENT_3D ( 'NONE', #4541, #1492, #1388 ) ;
#7730 = VECTOR ( 'NONE', #5801, 1000.000000000000000 ) ;
#7731 = ORIENTED_EDGE ( 'NONE', *, *, #4309, .T. ) ;
#7732 = LINE ( 'NONE', #2120, #2964 ) ;
#7733 = CARTESIAN_POINT ( 'NONE',  ( 9.799999999999998934, 7.394714285714323765, -4.399999999999961275 ) ) ;
#7734 = ORIENTED_EDGE ( 'NONE', *, *, #561, .F. ) ;
#7735 = VECTOR ( 'NONE', #2219, 1000.000000000000114 ) ;
#7736 = ORIENTED_EDGE ( 'NONE', *, *, #6720, .F. ) ;
#7737 = CARTESIAN_POINT ( 'NONE',  ( 11.00000000000000178, 11.75000000000002487, 1.750000000000037081 ) ) ;
#7738 = FILL_AREA_STYLE_COLOUR ( '', #6844 ) ;
#7739 =( NAMED_UNIT ( * ) SI_UNIT ( $, .STERADIAN. ) SOLID_ANGLE_UNIT ( ) );
#7740 = CARTESIAN_POINT ( 'NONE',  ( 2.399999999999995914, 8.200000000000011724, -5.437439318957946632 ) ) ;
#7741 = ORIENTED_EDGE ( 'NONE', *, *, #1260, .F. ) ;
#7742 =( LENGTH_UNIT ( ) NAMED_UNIT ( * ) SI_UNIT ( .MILLI., .METRE. ) );
#7743 = DIRECTION ( 'NONE',  ( 0.9486832980505243151, 1.560126622598782728E-15, 0.3162277660168062443 ) ) ;
#7744 = STYLED_ITEM ( 'NONE', ( #5850 ), #2202 ) ;
#7745 = MECHANICAL_DESIGN_GEOMETRIC_PRESENTATION_REPRESENTATION (  '', ( #1267 ), #436 ) ;
#7746 = AXIS2_PLACEMENT_3D ( 'NONE', #70, #1694, #4941 ) ;
#7747 = EDGE_CURVE ( 'NONE', #1543, #9282, #9340, .T. ) ;
#7748 = CARTESIAN_POINT ( 'NONE',  ( 3.950000000000001066, 7.144714285714313995, -3.649999999999951061 ) ) ;
#7749 = EDGE_CURVE ( 'NONE', #3258, #1945, #7808, .T. ) ;
#7750 = VECTOR ( 'NONE', #3126, 1000.000000000000000 ) ;
#7751 = AXIS2_PLACEMENT_3D ( 'NONE', #5446, #10246, #3796 ) ;
#7752 = VECTOR ( 'NONE', #9065, 1000.000000000000000 ) ;
#7753 = EDGE_CURVE ( 'NONE', #2986, #7265, #10037, .T. ) ;
#7754 = DIRECTION ( 'NONE',  ( 1.000000000000000000, 1.549021660576226239E-12, -6.743308347092845593E-13 ) ) ;
#7755 = LINE ( 'NONE', #10031, #2584 ) ;
#7756 = CARTESIAN_POINT ( 'NONE',  ( 2.400000000000007905, 7.650000000000011902, 0.8500000000000520473 ) ) ;
#7757 = ORIENTED_EDGE ( 'NONE', *, *, #8322, .F. ) ;
#7758 = ORIENTED_EDGE ( 'NONE', *, *, #8524, .F. ) ;
#7759 = DIRECTION ( 'NONE',  ( -1.000000000000000000, -1.644517855226007998E-15, 1.748601263784621946E-15 ) ) ;
#7760 = VERTEX_POINT ( 'NONE', #2834 ) ;
#7761 = VECTOR ( 'NONE', #10296, 1000.000000000000000 ) ;
#7762 = PRESENTATION_LAYER_ASSIGNMENT (  '', '', ( #9947 ) ) ;
#7763 = VECTOR ( 'NONE', #2721, 1000.000000000000000 ) ;
#7764 = MECHANICAL_DESIGN_GEOMETRIC_PRESENTATION_REPRESENTATION (  '', ( #1116 ), #129 ) ;
#7765 = EDGE_CURVE ( 'NONE', #1612, #9456, #5342, .T. ) ;
#7766 = EDGE_CURVE ( 'NONE', #4076, #9217, #4441, .T. ) ;
#7767 = LINE ( 'NONE', #8487, #8579 ) ;
#7768 = EDGE_CURVE ( 'NONE', #8566, #5570, #3580, .T. ) ;
#7769 = SURFACE_SIDE_STYLE ('',( #9436 ) ) ;
#7770 = PLANE ( 'NONE',  #3506 ) ;
#7771 = EDGE_LOOP ( 'NONE', ( #6907, #9871, #1198, #2701 ) ) ;
#7772 = VERTEX_POINT ( 'NONE', #8440 ) ;
#7773 = FACE_OUTER_BOUND ( 'NONE', #667, .T. ) ;
#7774 = LINE ( 'NONE', #1258, #8386 ) ;
#7775 = DIRECTION ( 'NONE',  ( -1.000000000000000000, -1.644517855226007998E-15, 1.748601263784621946E-15 ) ) ;
#7776 = ORIENTED_EDGE ( 'NONE', *, *, #4236, .T. ) ;
#7777 = CARTESIAN_POINT ( 'NONE',  ( 0.1000000000000297179, 7.650000000000007461, 13.35000000000005471 ) ) ;
#7778 = EDGE_CURVE ( 'NONE', #4077, #4329, #4766, .T. ) ;
#7779 = ORIENTED_EDGE ( 'NONE', *, *, #817, .F. ) ;
#7780 = LINE ( 'NONE', #488, #4668 ) ;
#7781 = DIRECTION ( 'NONE',  ( 0.9701425001453373165, 0.2425356250363110422, -1.696392401805309466E-15 ) ) ;
#7782 = DIRECTION ( 'NONE',  ( 0.8411784753765673139, -0.5407575913134772261, -1.470885745111887003E-15 ) ) ;
#7783 = FILL_AREA_STYLE ('',( #3518 ) ) ;
#7784 = SURFACE_STYLE_USAGE ( .BOTH. , #7983 ) ;
#7785 = ORIENTED_EDGE ( 'NONE', *, *, #10489, .F. ) ;
#7786 = FILL_AREA_STYLE ('',( #3713 ) ) ;
#7787 = LINE ( 'NONE', #1167, #3456 ) ;
#7788 = EDGE_CURVE ( 'NONE', #8031, #2509, #9322, .T. ) ;
#7789 = ORIENTED_EDGE ( 'NONE', *, *, #10013, .T. ) ;
#7790 = DIRECTION ( 'NONE',  ( -1.748601263784621748E-15, 1.482966057179082451E-32, -1.000000000000000000 ) ) ;
#7791 = ORIENTED_EDGE ( 'NONE', *, *, #311, .T. ) ;
#7792 = EDGE_LOOP ( 'NONE', ( #6481, #2965, #3128, #47 ) ) ;
#7793 = DIRECTION ( 'NONE',  ( -1.748601263784621946E-15, 0.0000000000000000000, -1.000000000000000000 ) ) ;
#7794 = FILL_AREA_STYLE ('',( #7945 ) ) ;
#7795 = FACE_OUTER_BOUND ( 'NONE', #10207, .T. ) ;
#7796 = CARTESIAN_POINT ( 'NONE',  ( 0.1000000000000098033, 7.650000000000007461, 1.350000000000056044 ) ) ;
#7797 = ORIENTED_EDGE ( 'NONE', *, *, #7168, .F. ) ;
#7798 = CARTESIAN_POINT ( 'NONE',  ( 0.3996450882000276983, 8.199999999999308287, 12.66901051679705503 ) ) ;
#7799 = DIRECTION ( 'NONE',  ( -1.000000000000000000, -1.644517855226007998E-15, 1.748601263784621748E-15 ) ) ;
#7800 = SURFACE_STYLE_FILL_AREA ( #1291 ) ;
#7801 = CARTESIAN_POINT ( 'NONE',  ( 0.2019956826000215977, 8.199999999999308287, 8.928096943747055647 ) ) ;
#7802 = CARTESIAN_POINT ( 'NONE',  ( 10.99999999999999112, 11.75000000000002487, -5.049999999999961631 ) ) ;
#7803 = LINE ( 'NONE', #9581, #5719 ) ;
#7804 = EDGE_CURVE ( 'NONE', #7588, #5967, #1989, .T. ) ;
#7805 = ORIENTED_EDGE ( 'NONE', *, *, #7223, .T. ) ;
#7806 = LINE ( 'NONE', #7694, #5718 ) ;
#7807 = EDGE_LOOP ( 'NONE', ( #2047, #4966, #8615, #2652 ) ) ;
#7808 = LINE ( 'NONE', #1884, #7848 ) ;
#7809 = EDGE_LOOP ( 'NONE', ( #567, #251, #3207, #1757 ) ) ;
#7810 = B_SPLINE_CURVE_WITH_KNOTS ( 'NONE', 3,
 ( #1403, #2250, #633, #2308, #5569 ),
 .UNSPECIFIED., .F., .F.,
 ( 4, 1, 4 ),
 ( 0.0000000000000000000, 0.5000000000000000000, 1.000000000000000000 ),
 .UNSPECIFIED. ) ;
#7811 = DIRECTION ( 'NONE',  ( -1.644517855226007998E-15, 1.000000000000000000, 2.875605999964573094E-30 ) ) ;
#7812 = CARTESIAN_POINT ( 'NONE',  ( 9.300000000000025580, 7.644714285714304225, 11.22500000000003872 ) ) ;
#7813 = ORIENTED_EDGE ( 'NONE', *, *, #5210, .F. ) ;
#7814 = DIRECTION ( 'NONE',  ( -1.000000000000000000, -1.644517855226007998E-15, 1.748601263784621946E-15 ) ) ;
#7815 = ADVANCED_FACE ( 'NONE', ( #5286 ), #4438, .F. ) ;
#7816 = LINE ( 'NONE', #7868, #1789 ) ;
#7817 = LINE ( 'NONE', #2102, #241 ) ;
#7818 = ORIENTED_EDGE ( 'NONE', *, *, #2602, .F. ) ;
#7819 = CARTESIAN_POINT ( 'NONE',  ( 0.7000000000000218270, 4.200000000000009059, 5.310000000000055564 ) ) ;
#7820 = ADVANCED_FACE ( 'NONE', ( #1246 ), #6304, .T. ) ;
#7821 = EDGE_CURVE ( 'NONE', #5589, #9321, #6945, .T. ) ;
#7822 = LINE ( 'NONE', #9017, #7166 ) ;
#7823 = FACE_OUTER_BOUND ( 'NONE', #8622, .T. ) ;
#7824 = ORIENTED_EDGE ( 'NONE', *, *, #2996, .T. ) ;
#7825 = DIRECTION ( 'NONE',  ( 1.000000000000000000, 1.644517855226007801E-15, -1.748601263784621748E-15 ) ) ;
#7826 = LINE ( 'NONE', #5416, #2980 ) ;
#7827 = DIRECTION ( 'NONE',  ( 1.644517855226008195E-15, -1.000000000000000000, -2.890435660536364269E-30 ) ) ;
#7828 = EDGE_CURVE ( 'NONE', #8132, #1496, #211, .T. ) ;
#7829 = ORIENTED_EDGE ( 'NONE', *, *, #719, .T. ) ;
#7830 = LINE ( 'NONE', #2168, #2406 ) ;
#7831 = CARTESIAN_POINT ( 'NONE',  ( 9.700000000000015277, 12.25000000000002309, 10.15000000000003944 ) ) ;
#7832 = CONICAL_SURFACE ( 'NONE', #7998, 1.374999999999999556, 0.03224688243525484360 ) ;
#7833 = ORIENTED_EDGE ( 'NONE', *, *, #9823, .F. ) ;
#7834 = SURFACE_STYLE_FILL_AREA ( #1279 ) ;
#7835 = LINE ( 'NONE', #9503, #9236 ) ;
#7836 = ORIENTED_EDGE ( 'NONE', *, *, #1102, .F. ) ;
#7837 = EDGE_LOOP ( 'NONE', ( #6444, #6068, #8483, #3613 ) ) ;
#7838 = DIRECTION ( 'NONE',  ( -0.1520571842539051866, -2.500607545209353004E-16, -0.9883716976506227159 ) ) ;
#7839 = DIRECTION ( 'NONE',  ( -1.748601263784621946E-15, 0.0000000000000000000, -1.000000000000000000 ) ) ;
#7840 = EDGE_CURVE ( 'NONE', #5557, #9857, #9428, .T. ) ;
#7841 = DIRECTION ( 'NONE',  ( -1.644517855226008195E-15, 1.000000000000000000, 2.890435660536364269E-30 ) ) ;
#7842 = LINE ( 'NONE', #2822, #1619 ) ;
#7843 = AXIS2_PLACEMENT_3D ( 'NONE', #2942, #1896, #5249 ) ;
#7844 = ORIENTED_EDGE ( 'NONE', *, *, #8641, .F. ) ;
#7845 = CARTESIAN_POINT ( 'NONE',  ( 0.7500000000000284217, -0.2499999999999906741, 5.600000000000055600 ) ) ;
#7846 = LINE ( 'NONE', #2978, #5459 ) ;
#7847 = ADVANCED_FACE ( 'NONE', ( #7962 ), #8838, .F. ) ;
#7848 = VECTOR ( 'NONE', #2780, 1000.000000000000000 ) ;
#7849 = CARTESIAN_POINT ( 'NONE',  ( -0.1999999993499944340, 8.599999999630806968, 0.2600000022150578127 ) ) ;
#7850 = UNCERTAINTY_MEASURE_WITH_UNIT (LENGTH_MEASURE( 1.000000000000000082E-05 ), #5839, 'distance_accuracy_value', 'NONE');
#7851 = DIRECTION ( 'NONE',  ( -0.2307692307692121303, 0.9730085108210442257, 0.0000000000000000000 ) ) ;
#7852 = EDGE_LOOP ( 'NONE', ( #4030, #9024, #7665, #10242, #9756, #8123 ) ) ;
#7853 = ORIENTED_EDGE ( 'NONE', *, *, #3898, .F. ) ;
#7854 = FILL_AREA_STYLE_COLOUR ( '', #7331 ) ;
#7855 = ORIENTED_EDGE ( 'NONE', *, *, #8820, .F. ) ;
#7856 = AXIS2_PLACEMENT_3D ( 'NONE', #704, #5384, #3835 ) ;
#7857 = AXIS2_PLACEMENT_3D ( 'NONE', #4485, #8632, #6244 ) ;
#7858 = DIRECTION ( 'NONE',  ( 1.634159799354254388E-15, -1.000000000000000000, 0.0000000000000000000 ) ) ;
#7859 = AXIS2_PLACEMENT_3D ( 'NONE', #7928, #9548, #3049 ) ;
#7860 = SURFACE_STYLE_USAGE ( .BOTH. , #1349 ) ;
#7861 = AXIS2_PLACEMENT_3D ( 'NONE', #8130, #831, #1675 ) ;
#7862 = CARTESIAN_POINT ( 'NONE',  ( 0.6999999999999975131, 7.100000000000009415, -6.299999999999945643 ) ) ;
#7863 = ORIENTED_EDGE ( 'NONE', *, *, #3047, .F. ) ;
#7864 = ORIENTED_EDGE ( 'NONE', *, *, #2329, .T. ) ;
#7865 = PLANE ( 'NONE',  #7330 ) ;
#7866 = VECTOR ( 'NONE', #10165, 1000.000000000000000 ) ;
#7867 =( GEOMETRIC_REPRESENTATION_CONTEXT ( 3 ) GLOBAL_UNCERTAINTY_ASSIGNED_CONTEXT ( ( #941 ) ) GLOBAL_UNIT_ASSIGNED_CONTEXT ( ( #9654, #2364, #4820 ) ) REPRESENTATION_CONTEXT ( 'NONE', 'WORKASPACE' ) );
#7868 = CARTESIAN_POINT ( 'NONE',  ( 3.175000000000018918, 7.650000000000012790, 7.225000000000051159 ) ) ;
#7869 = CARTESIAN_POINT ( 'NONE',  ( 9.800000000000007816, 7.394714285714323765, 1.100000000000038503 ) ) ;
#7870 = ORIENTED_EDGE ( 'NONE', *, *, #4611, .F. ) ;
#7871 = CARTESIAN_POINT ( 'NONE',  ( 9.700000000000002842, 10.60000000000002274, 0.1500000000000389910 ) ) ;
#7872 = AXIS2_PLACEMENT_3D ( 'NONE', #4088, #2265, #8762 ) ;
#7873 = VECTOR ( 'NONE', #9468, 1000.000000000000227 ) ;
#7874 = EDGE_CURVE ( 'NONE', #6419, #4524, #5637, .T. ) ;
#7875 = AXIS2_PLACEMENT_3D ( 'NONE', #9704, #50, #3909 ) ;
#7876 = ADVANCED_FACE ( 'NONE', ( #6356 ), #4592, .F. ) ;
#7877 = LINE ( 'NONE', #7071, #4621 ) ;
#7878 = DIRECTION ( 'NONE',  ( -1.748601263784621946E-15, 0.0000000000000000000, -1.000000000000000000 ) ) ;
#7879 = LINE ( 'NONE', #5462, #1956 ) ;
#7880 = ORIENTED_EDGE ( 'NONE', *, *, #235, .F. ) ;
#7881 = EDGE_CURVE ( 'NONE', #3771, #2458, #8737, .T. ) ;
#7882 = VECTOR ( 'NONE', #2808, 1000.000000000000000 ) ;
#7883 = DIRECTION ( 'NONE',  ( -1.748601263784621748E-15, 0.0000000000000000000, -1.000000000000000000 ) ) ;
#7884 = DIRECTION ( 'NONE',  ( -1.748601263784621748E-15, 1.482966057179082451E-32, -1.000000000000000000 ) ) ;
#7885 = CARTESIAN_POINT ( 'NONE',  ( 10.99999999999999289, 11.75000000000002487, -3.249999999999963141 ) ) ;
#7886 = ORIENTED_EDGE ( 'NONE', *, *, #7502, .T. ) ;
#7887 = CARTESIAN_POINT ( 'NONE',  ( -0.9999999999999870104, 3.750000000000006217, -0.9499999999999422240 ) ) ;
#7888 = DIRECTION ( 'NONE',  ( -1.748601263784621748E-15, 1.482966057179082451E-32, -1.000000000000000000 ) ) ;
#7889 = AXIS2_PLACEMENT_3D ( 'NONE', #6593, #8035, #3986 ) ;
#7890 = EDGE_CURVE ( 'NONE', #3500, #10000, #1500, .T. ) ;
#7891 = VERTEX_POINT ( 'NONE', #3792 ) ;
#7892 =( LENGTH_UNIT ( ) NAMED_UNIT ( * ) SI_UNIT ( .MILLI., .METRE. ) );
#7893 = EDGE_CURVE ( 'NONE', #5414, #7082, #9872, .T. ) ;
#7894 = DIRECTION ( 'NONE',  ( -1.644517855226008195E-15, 1.000000000000000000, 2.890435660536364269E-30 ) ) ;
#7895 = ORIENTED_EDGE ( 'NONE', *, *, #7299, .T. ) ;
#7896 = DIRECTION ( 'NONE',  ( -1.748601263784621748E-15, 0.0000000000000000000, -1.000000000000000000 ) ) ;
#7897 =( GEOMETRIC_REPRESENTATION_CONTEXT ( 3 ) GLOBAL_UNCERTAINTY_ASSIGNED_CONTEXT ( ( #1339 ) ) GLOBAL_UNIT_ASSIGNED_CONTEXT ( ( #814, #1767, #9041 ) ) REPRESENTATION_CONTEXT ( 'NONE', 'WORKASPACE' ) );
#7898 = CARTESIAN_POINT ( 'NONE',  ( 1.400000004427017997, 8.199999999929909578, 7.137439316581053461 ) ) ;
#7899 = ORIENTED_EDGE ( 'NONE', *, *, #533, .T. ) ;
#7900 = FACE_OUTER_BOUND ( 'NONE', #1352, .T. ) ;
#7901 = DIRECTION ( 'NONE',  ( -1.748601263784621748E-15, 0.0000000000000000000, -1.000000000000000000 ) ) ;
#7902 = EDGE_CURVE ( 'NONE', #3824, #10346, #6253, .T. ) ;
#7903 = VECTOR ( 'NONE', #1865, 1000.000000000000000 ) ;
#7904 = FACE_OUTER_BOUND ( 'NONE', #9937, .T. ) ;
#7905 = AXIS2_PLACEMENT_3D ( 'NONE', #6413, #5609, #4183 ) ;
#7906 = CARTESIAN_POINT ( 'NONE',  ( 1.400000000000008793, 8.960000000000009734, 1.343862328995053756 ) ) ;
#7907 = FACE_OUTER_BOUND ( 'NONE', #6993, .T. ) ;
#7908 = VERTEX_POINT ( 'NONE', #4705 ) ;
#7909 = DIRECTION ( 'NONE',  ( 1.171318563151324123E-15, -0.9701425001453377606, -0.2425356250363094601 ) ) ;
#7910 = ORIENTED_EDGE ( 'NONE', *, *, #5396, .F. ) ;
#7911 = AXIS2_PLACEMENT_3D ( 'NONE', #6915, #5363, #6859 ) ;
#7912 = ORIENTED_EDGE ( 'NONE', *, *, #5331, .T. ) ;
#7913 = VERTEX_POINT ( 'NONE', #2930 ) ;
#7914 =( GEOMETRIC_REPRESENTATION_CONTEXT ( 3 ) GLOBAL_UNCERTAINTY_ASSIGNED_CONTEXT ( ( #4741 ) ) GLOBAL_UNIT_ASSIGNED_CONTEXT ( ( #1059, #3502, #9894 ) ) REPRESENTATION_CONTEXT ( 'NONE', 'WORKASPACE' ) );
#7915 = AXIS2_PLACEMENT_3D ( 'NONE', #5864, #7016, #3545 ) ;
#7916 = MECHANICAL_DESIGN_GEOMETRIC_PRESENTATION_REPRESENTATION (  '', ( #9085 ), #5187 ) ;
#7917 = PLANE ( 'NONE',  #4676 ) ;
#7918 = CARTESIAN_POINT ( 'NONE',  ( 1.800000000000025580, 4.200000000000010836, 7.650000000000053646 ) ) ;
#7919 = CARTESIAN_POINT ( 'NONE',  ( 3.175000000000022471, 7.650000000000012790, 9.475000000000051159 ) ) ;
#7920 = ORIENTED_EDGE ( 'NONE', *, *, #5356, .F. ) ;
#7921 = ORIENTED_EDGE ( 'NONE', *, *, #8399, .F. ) ;
#7922 = FACE_OUTER_BOUND ( 'NONE', #3290, .T. ) ;
#7923 = DIRECTION ( 'NONE',  ( -0.9428090415820737924, -0.2357022603954949391, 0.2357022603954950224 ) ) ;
#7924 = ORIENTED_EDGE ( 'NONE', *, *, #1191, .T. ) ;
#7925 = AXIS2_PLACEMENT_3D ( 'NONE', #9401, #6233, #8470 ) ;
#7926 = CARTESIAN_POINT ( 'NONE',  ( 0.5999999999999998668, 8.200000000000009948, -3.604444444999944874 ) ) ;
#7927 =( GEOMETRIC_REPRESENTATION_CONTEXT ( 3 ) GLOBAL_UNCERTAINTY_ASSIGNED_CONTEXT ( ( #2182 ) ) GLOBAL_UNIT_ASSIGNED_CONTEXT ( ( #8634, #563, #5662 ) ) REPRESENTATION_CONTEXT ( 'NONE', 'WORKASPACE' ) );
#7928 = CARTESIAN_POINT ( 'NONE',  ( 1.500000000000039524, -0.2499999999999889533, 11.35000000000005294 ) ) ;
#7929 = LINE ( 'NONE', #7117, #3238 ) ;
#7930 = FILL_AREA_STYLE_COLOUR ( '', #3493 ) ;
#7931 = ORIENTED_EDGE ( 'NONE', *, *, #9848, .F. ) ;
#7932 = CARTESIAN_POINT ( 'NONE',  ( 0.1000000000000115380, 8.199999999999308287, 3.875158234187057626 ) ) ;
#7933 = DIRECTION ( 'NONE',  ( 1.644517855226007998E-15, -1.000000000000000000, -2.890435660536363919E-30 ) ) ;
#7934 = LINE ( 'NONE', #3710, #10245 ) ;
#7935 = EDGE_CURVE ( 'NONE', #3044, #7052, #5977, .T. ) ;
#7936 = ORIENTED_EDGE ( 'NONE', *, *, #3511, .T. ) ;
#7937 = CARTESIAN_POINT ( 'NONE',  ( 2.400000000000014122, 7.650000000000011902, 4.450000000000052580 ) ) ;
#7938 =( NAMED_UNIT ( * ) SI_UNIT ( $, .STERADIAN. ) SOLID_ANGLE_UNIT ( ) );
#7939 = ADVANCED_FACE ( 'NONE', ( #8639 ), #3146, .T. ) ;
#7940 = VECTOR ( 'NONE', #10472, 1000.000000000000227 ) ;
#7941 = VERTEX_POINT ( 'NONE', #3893 ) ;
#7942 = FACE_OUTER_BOUND ( 'NONE', #9863, .T. ) ;
#7943 = ORIENTED_EDGE ( 'NONE', *, *, #1991, .F. ) ;
#7944 = FACE_OUTER_BOUND ( 'NONE', #4016, .T. ) ;
#7945 = FILL_AREA_STYLE_COLOUR ( '', #1910 ) ;
#7946 = DIRECTION ( 'NONE',  ( 1.892425610156517368E-15, 0.0000000000000000000, 1.000000000000000000 ) ) ;
#7947 = ORIENTED_EDGE ( 'NONE', *, *, #10013, .F. ) ;
#7948 =( NAMED_UNIT ( * ) PLANE_ANGLE_UNIT ( ) SI_UNIT ( $, .RADIAN. ) );
#7949 = SURFACE_STYLE_USAGE ( .BOTH. , #2074 ) ;
#7950 = EDGE_CURVE ( 'NONE', #6957, #9091, #2511, .T. ) ;
#7951 = EDGE_CURVE ( 'NONE', #3997, #3360, #8899, .T. ) ;
#7952 = EDGE_CURVE ( 'NONE', #6942, #8959, #1831, .T. ) ;
#7953 = SURFACE_SIDE_STYLE ('',( #8730 ) ) ;
#7954 = CARTESIAN_POINT ( 'NONE',  ( 1.177367964971021808, 8.200000000001308464, 9.442069798973054873 ) ) ;
#7955 = UNCERTAINTY_MEASURE_WITH_UNIT (LENGTH_MEASURE( 1.000000000000000082E-05 ), #3125, 'distance_accuracy_value', 'NONE');
#7956 = DIRECTION ( 'NONE',  ( -1.748601263784621946E-15, 0.0000000000000000000, -1.000000000000000000 ) ) ;
#7957 = DIRECTION ( 'NONE',  ( 1.748601263784621946E-15, 0.0000000000000000000, 1.000000000000000000 ) ) ;
#7958 = ORIENTED_EDGE ( 'NONE', *, *, #10151, .F. ) ;
#7959 =( NAMED_UNIT ( * ) SI_UNIT ( $, .STERADIAN. ) SOLID_ANGLE_UNIT ( ) );
#7960 = VERTEX_POINT ( 'NONE', #9112 ) ;
#7961 = VERTEX_POINT ( 'NONE', #5031 ) ;
#7962 = FACE_OUTER_BOUND ( 'NONE', #8043, .T. ) ;
#7963 = EDGE_CURVE ( 'NONE', #6666, #5750, #4912, .T. ) ;
#7964 = ORIENTED_EDGE ( 'NONE', *, *, #4928, .F. ) ;
#7965 =( LENGTH_UNIT ( ) NAMED_UNIT ( * ) SI_UNIT ( .MILLI., .METRE. ) );
#7966 = VERTEX_POINT ( 'NONE', #4861 ) ;
#7967 = DIRECTION ( 'NONE',  ( -1.748601263784621946E-15, 0.0000000000000000000, -1.000000000000000000 ) ) ;
#7968 = SURFACE_STYLE_FILL_AREA ( #2050 ) ;
#7969 =( LENGTH_UNIT ( ) NAMED_UNIT ( * ) SI_UNIT ( .MILLI., .METRE. ) );
#7970 = VERTEX_POINT ( 'NONE', #8066 ) ;
#7971 = ORIENTED_EDGE ( 'NONE', *, *, #8013, .T. ) ;
#7972 = LINE ( 'NONE', #3858, #2554 ) ;
#7973 = LINE ( 'NONE', #8961, #2626 ) ;
#7974 = EDGE_CURVE ( 'NONE', #7194, #5303, #10330, .T. ) ;
#7975 = ORIENTED_EDGE ( 'NONE', *, *, #1887, .T. ) ;
#7976 = PLANE ( 'NONE',  #2581 ) ;
#7977 = SURFACE_STYLE_FILL_AREA ( #3863 ) ;
#7978 = DIRECTION ( 'NONE',  ( 1.748601263784621748E-15, -1.482966057179082451E-32, 1.000000000000000000 ) ) ;
#7979 =( NAMED_UNIT ( * ) PLANE_ANGLE_UNIT ( ) SI_UNIT ( $, .RADIAN. ) );
#7980 = VERTEX_POINT ( 'NONE', #826 ) ;
#7981 = LINE ( 'NONE', #9714, #6498 ) ;
#7982 = DIRECTION ( 'NONE',  ( -0.5407575913134772261, -0.8411784753765673139, 9.455694075718743083E-16 ) ) ;
#7983 = SURFACE_SIDE_STYLE ('',( #645 ) ) ;
#7984 = ORIENTED_EDGE ( 'NONE', *, *, #4176, .F. ) ;
#7985 = PRESENTATION_STYLE_ASSIGNMENT (( #4890 ) ) ;
#7986 = EDGE_CURVE ( 'NONE', #2, #1990, #7269, .T. ) ;
#7987 = ORIENTED_EDGE ( 'NONE', *, *, #6880, .T. ) ;
#7988 = FILL_AREA_STYLE_COLOUR ( '', #5717 ) ;
#7989 = CARTESIAN_POINT ( 'NONE',  ( 1.000000000000021760, 0.2500000000000097700, 1.225000000000054268 ) ) ;
#7990 = VERTEX_POINT ( 'NONE', #5777 ) ;
#7991 = DIRECTION ( 'NONE',  ( 0.9984603535126309604, 1.641985879086793353E-15, 0.05547001409258993376 ) ) ;
#7992 = PLANE ( 'NONE',  #5156 ) ;
#7993 = LINE ( 'NONE', #3346, #3561 ) ;
#7994 = CARTESIAN_POINT ( 'NONE',  ( 0.7500000000000145439, 8.200000000000009948, 5.360000000000054499 ) ) ;
#7995 = ORIENTED_EDGE ( 'NONE', *, *, #6971, .T. ) ;
#7996 = CARTESIAN_POINT ( 'NONE',  ( -0.5999999999999842126, 4.200000000000007283, 1.740000000000056612 ) ) ;
#7997 = DIRECTION ( 'NONE',  ( 1.000000000000000000, 1.644517855226007998E-15, -1.748601263784621748E-15 ) ) ;
#7998 = AXIS2_PLACEMENT_3D ( 'NONE', #4535, #2070, #7946 ) ;
#7999 = EDGE_CURVE ( 'NONE', #1228, #8287, #8169, .T. ) ;
#8000 = ADVANCED_FACE ( 'NONE', ( #2620 ), #6617, .F. ) ;
#8001 = AXIS2_PLACEMENT_3D ( 'NONE', #9537, #8851, #6306 ) ;
#8002 = CARTESIAN_POINT ( 'NONE',  ( 0.7400000000000063194, 4.200000000000009059, -3.649999999999944844 ) ) ;
#8003 = EDGE_CURVE ( 'NONE', #8505, #6893, #3308, .T. ) ;
#8004 = ORIENTED_EDGE ( 'NONE', *, *, #6947, .T. ) ;
#8005 = ORIENTED_EDGE ( 'NONE', *, *, #4628, .T. ) ;
#8006 = EDGE_CURVE ( 'NONE', #6723, #4207, #8223, .T. ) ;
#8007 = ORIENTED_EDGE ( 'NONE', *, *, #7058, .F. ) ;
#8008 = DIRECTION ( 'NONE',  ( -1.644517855226008195E-15, 1.000000000000000000, 2.890435660536364269E-30 ) ) ;
#8009 = EDGE_LOOP ( 'NONE', ( #6031, #1060, #3656, #9473 ) ) ;
#8010 = DIRECTION ( 'NONE',  ( -0.9994801143396995213, -1.643662893974967788E-15, 0.03224129401096072212 ) ) ;
#8011 = CIRCLE ( 'NONE', #2384, 0.9999999999999997780 ) ;
#8012 = EDGE_CURVE ( 'NONE', #2735, #4002, #1214, .T. ) ;
#8013 = EDGE_CURVE ( 'NONE', #2417, #2396, #8170, .T. ) ;
#8014 = CARTESIAN_POINT ( 'NONE',  ( 9.800000000000007816, 7.394714285714323765, 0.6000000000000388356 ) ) ;
#8015 = ORIENTED_EDGE ( 'NONE', *, *, #7587, .F. ) ;
#8016 = LINE ( 'NONE', #4810, #295 ) ;
#8017 = SURFACE_STYLE_FILL_AREA ( #434 ) ;
#8018 = DIRECTION ( 'NONE',  ( -1.764125568789973694E-15, 0.0000000000000000000, -1.000000000000000000 ) ) ;
#8019 = VERTEX_POINT ( 'NONE', #3408 ) ;
#8020 = DIRECTION ( 'NONE',  ( -1.748601263784621748E-15, 0.0000000000000000000, -1.000000000000000000 ) ) ;
#8021 = DIRECTION ( 'NONE',  ( 0.9701425001453373165, 0.2425356250363110422, -1.696392401805309466E-15 ) ) ;
#8022 = ORIENTED_EDGE ( 'NONE', *, *, #3953, .F. ) ;
#8023 = VECTOR ( 'NONE', #59, 1000.000000000000227 ) ;
#8024 = LINE ( 'NONE', #5409, #7172 ) ;
#8025 = VECTOR ( 'NONE', #2222, 999.9999999999998863 ) ;
#8026 = EDGE_CURVE ( 'NONE', #8898, #8566, #9860, .T. ) ;
#8027 = DIRECTION ( 'NONE',  ( -0.9984603535126307383, -1.641985879086793353E-15, 0.05547001409259343097 ) ) ;
#8028 = DIRECTION ( 'NONE',  ( 1.748601263784621946E-15, 0.0000000000000000000, 1.000000000000000000 ) ) ;
#8029 = VECTOR ( 'NONE', #3902, 1000.000000000000000 ) ;
#8030 = CARTESIAN_POINT ( 'NONE',  ( 1.500000000000039524, 0.7500000000000111022, 11.35000000000005294 ) ) ;
#8031 = VERTEX_POINT ( 'NONE', #6670 ) ;
#8032 = EDGE_LOOP ( 'NONE', ( #9288, #6871, #5908, #10355 ) ) ;
#8033 = DIRECTION ( 'NONE',  ( -1.748601263784621748E-15, 0.0000000000000000000, -1.000000000000000000 ) ) ;
#8034 = LINE ( 'NONE', #3985, #7940 ) ;
#8035 = DIRECTION ( 'NONE',  ( -1.644517855226007801E-15, 1.000000000000000000, 2.890435660536363568E-30 ) ) ;
#8036 = ORIENTED_EDGE ( 'NONE', *, *, #937, .F. ) ;
#8037 = SURFACE_STYLE_FILL_AREA ( #6387 ) ;
#8038 = CIRCLE ( 'NONE', #68, 1.299999999999999378 ) ;
#8039 = VECTOR ( 'NONE', #6741, 1000.000000000000000 ) ;
#8040 = DIRECTION ( 'NONE',  ( 0.9238697708742983350, 0.3553345272594015114, -0.1421338109037016129 ) ) ;
#8041 = AXIS2_PLACEMENT_3D ( 'NONE', #8166, #7313, #9805 ) ;
#8042 = VECTOR ( 'NONE', #1020, 1000.000000000000000 ) ;
#8043 = EDGE_LOOP ( 'NONE', ( #2773, #8338, #7886, #6134, #4591, #5053, #8829, #2194, #1696, #227 ) ) ;
#8044 = DIRECTION ( 'NONE',  ( -1.000000000000000000, -1.644517855226007801E-15, 1.748601263784621748E-15 ) ) ;
#8045 = CARTESIAN_POINT ( 'NONE',  ( 11.00000000000000888, 7.450000000000025935, 0.8500000000000373923 ) ) ;
#8046 = ORIENTED_EDGE ( 'NONE', *, *, #8012, .F. ) ;
#8047 = CARTESIAN_POINT ( 'NONE',  ( 1.398548747334017017, 8.959230384045008933, 6.350000000000053824 ) ) ;
#8048 = AXIS2_PLACEMENT_3D ( 'NONE', #5209, #9887, #6645 ) ;
#8049 = LINE ( 'NONE', #7253, #741 ) ;
#8050 = DIRECTION ( 'NONE',  ( -0.9883716976506232710, 0.1520571842539018281, 1.728267999600831987E-15 ) ) ;
#8051 = CARTESIAN_POINT ( 'NONE',  ( 2.400000000000023448, 9.600000000000012079, 11.35000000000005116 ) ) ;
#8052 = VERTEX_POINT ( 'NONE', #934 ) ;
#8053 = PLANE ( 'NONE',  #7717 ) ;
#8054 = CARTESIAN_POINT ( 'NONE',  ( 0.5000000000000213163, 0.7500000000000093259, 1.350000000000055156 ) ) ;
#8055 = AXIS2_PLACEMENT_3D ( 'NONE', #4163, #8154, #4215 ) ;
#8056 = COLOUR_RGB ( '',1.000000000000000000, 1.000000000000000000, 1.000000000000000000 ) ;
#8057 = DIRECTION ( 'NONE',  ( -0.3589790793088810106, -0.9333456062030549560, 6.277112717517495216E-16 ) ) ;
#8058 = VECTOR ( 'NONE', #9172, 1000.000000000000000 ) ;
#8059 = UNCERTAINTY_MEASURE_WITH_UNIT (LENGTH_MEASURE( 1.000000000000000082E-05 ), #88, 'distance_accuracy_value', 'NONE');
#8060 = DIRECTION ( 'NONE',  ( -0.7427813513546573931, 0.3713906757630266453, -0.5570860167299404031 ) ) ;
#8061 = CARTESIAN_POINT ( 'NONE',  ( 1.399999999999018252, 7.649999999998870592, 5.849999999998053646 ) ) ;
#8062 = VERTEX_POINT ( 'NONE', #6509 ) ;
#8063 = PLANE ( 'NONE',  #1574 ) ;
#8064 = ORIENTED_EDGE ( 'NONE', *, *, #7902, .F. ) ;
#8065 = ORIENTED_EDGE ( 'NONE', *, *, #8816, .T. ) ;
#8066 = CARTESIAN_POINT ( 'NONE',  ( -0.5999999999999825473, 4.200000000000007283, 2.650000000000056755 ) ) ;
#8067 = COLOUR_RGB ( '',1.000000000000000000, 1.000000000000000000, 1.000000000000000000 ) ;
#8068 =( GEOMETRIC_REPRESENTATION_CONTEXT ( 3 ) GLOBAL_UNCERTAINTY_ASSIGNED_CONTEXT ( ( #7202 ) ) GLOBAL_UNIT_ASSIGNED_CONTEXT ( ( #4264, #6865, #1215 ) ) REPRESENTATION_CONTEXT ( 'NONE', 'WORKASPACE' ) );
#8069 = ADVANCED_FACE ( 'NONE', ( #9750 ), #9807, .T. ) ;
#8070 =( NAMED_UNIT ( * ) PLANE_ANGLE_UNIT ( ) SI_UNIT ( $, .RADIAN. ) );
#8071 = MECHANICAL_DESIGN_GEOMETRIC_PRESENTATION_REPRESENTATION (  '', ( #6524 ), #5863 ) ;
#8072 = VECTOR ( 'NONE', #918, 1000.000000000000000 ) ;
#8073 = VERTEX_POINT ( 'NONE', #156 ) ;
#8074 = CARTESIAN_POINT ( 'NONE',  ( 0.5000000000000108802, 0.7500000000000093259, -4.649999999999943512 ) ) ;
#8075 = CARTESIAN_POINT ( 'NONE',  ( 11.00000000000002487, 7.650000000000026112, 11.35000000000003695 ) ) ;
#8076 = ORIENTED_EDGE ( 'NONE', *, *, #7283, .T. ) ;
#8077 = VECTOR ( 'NONE', #5706, 1000.000000000000000 ) ;
#8078 = EDGE_LOOP ( 'NONE', ( #307, #5319, #712, #4357, #4282, #6436 ) ) ;
#8079 = CARTESIAN_POINT ( 'NONE',  ( 0.7500000000000163203, 8.200000000000009948, 6.340000000000055813 ) ) ;
#8080 = CARTESIAN_POINT ( 'NONE',  ( 3.950000000000006395, 8.144714285714314883, 0.3500000000000499378 ) ) ;
#8081 =( NAMED_UNIT ( * ) PLANE_ANGLE_UNIT ( ) SI_UNIT ( $, .RADIAN. ) );
#8082 = VERTEX_POINT ( 'NONE', #2566 ) ;
#8083 = CARTESIAN_POINT ( 'NONE',  ( 9.700000000000006395, 5.400000000000024336, -1.271320343559959376 ) ) ;
#8084 = EDGE_CURVE ( 'NONE', #9902, #4747, #5829, .T. ) ;
#8085 = VECTOR ( 'NONE', #1151, 1000.000000000000227 ) ;
#8086 = DIRECTION ( 'NONE',  ( -1.644517855226008195E-15, 1.000000000000000000, 2.890435660536364269E-30 ) ) ;
#8087 = CARTESIAN_POINT ( 'NONE',  ( -0.9999999999999644729, 3.750000000000006217, 12.65000000000005720 ) ) ;
#8088 = VECTOR ( 'NONE', #794, 1000.000000000000000 ) ;
#8089 = EDGE_CURVE ( 'NONE', #5902, #4882, #5124, .T. ) ;
#8090 = EDGE_CURVE ( 'NONE', #9425, #7298, #10072, .T. ) ;
#8091 = CARTESIAN_POINT ( 'NONE',  ( 8.800000000000018474, 7.144714285714321989, 6.350000000000040501 ) ) ;
#8092 = AXIS2_PLACEMENT_3D ( 'NONE', #7193, #5546, #4001 ) ;
#8093 = AXIS2_PLACEMENT_3D ( 'NONE', #2191, #5565, #6415 ) ;
#8094 = ORIENTED_EDGE ( 'NONE', *, *, #3160, .F. ) ;
#8095 = VERTEX_POINT ( 'NONE', #8369 ) ;
#8096 = FACE_OUTER_BOUND ( 'NONE', #9705, .T. ) ;
#8097 = PLANE ( 'NONE',  #2481 ) ;
#8098 = DIRECTION ( 'NONE',  ( -1.644517855226008195E-15, 1.000000000000000000, 2.890435660536364269E-30 ) ) ;
#8099 = ORIENTED_EDGE ( 'NONE', *, *, #8710, .F. ) ;
#8100 = SURFACE_STYLE_FILL_AREA ( #4832 ) ;
#8101 =( NAMED_UNIT ( * ) SI_UNIT ( $, .STERADIAN. ) SOLID_ANGLE_UNIT ( ) );
#8102 = EDGE_CURVE ( 'NONE', #6179, #8782, #1139, .T. ) ;
#8103 = VECTOR ( 'NONE', #6197, 1000.000000000000227 ) ;
#8104 = VECTOR ( 'NONE', #5282, 1000.000000000000000 ) ;
#8105 = VECTOR ( 'NONE', #6961, 1000.000000000000000 ) ;
#8106 = EDGE_LOOP ( 'NONE', ( #3259, #9766, #3707, #4130, #2110, #10108 ) ) ;
#8107 = DIRECTION ( 'NONE',  ( -1.000000000000000000, -1.644517855226007998E-15, 1.748601263784621946E-15 ) ) ;
#8108 = PLANE ( 'NONE',  #101 ) ;
#8109 = ORIENTED_EDGE ( 'NONE', *, *, #5468, .T. ) ;
#8110 = FACE_OUTER_BOUND ( 'NONE', #10470, .T. ) ;
#8111 = SURFACE_STYLE_USAGE ( .BOTH. , #3222 ) ;
#8112 = VECTOR ( 'NONE', #8996, 1000.000000000000114 ) ;
#8113 = DIRECTION ( 'NONE',  ( -1.748601263784621748E-15, 0.0000000000000000000, -1.000000000000000000 ) ) ;
#8114 = LINE ( 'NONE', #6283, #3821 ) ;
#8115 = ORIENTED_EDGE ( 'NONE', *, *, #182, .T. ) ;
#8116 = DIRECTION ( 'NONE',  ( -0.9994801143396996324, -1.639714474223878565E-15, -0.03224129401095722491 ) ) ;
#8117 = ADVANCED_FACE ( 'NONE', ( #9978 ), #1233, .T. ) ;
#8118 = CARTESIAN_POINT ( 'NONE',  ( 8.800000000000023803, 8.144714285714321989, 10.35000000000004050 ) ) ;
#8119 = ORIENTED_EDGE ( 'NONE', *, *, #1864, .F. ) ;
#8120 = CARTESIAN_POINT ( 'NONE',  ( 1.399999999999996803, 9.600000000000010303, -4.649999999999945288 ) ) ;
#8121 = VERTEX_POINT ( 'NONE', #6039 ) ;
#8122 = DIRECTION ( 'NONE',  ( -0.9883716976506232710, 0.1520571842539018281, 1.728267999600831987E-15 ) ) ;
#8123 = ORIENTED_EDGE ( 'NONE', *, *, #2188, .T. ) ;
#8124 = ORIENTED_EDGE ( 'NONE', *, *, #655, .F. ) ;
#8125 = CARTESIAN_POINT ( 'NONE',  ( 0.7400000000000011013, 7.597309794603359201, -3.649999999999944844 ) ) ;
#8126 = CARTESIAN_POINT ( 'NONE',  ( 1.800000000000011591, 6.844714285714310620, 1.350000000000053380 ) ) ;
#8127 =( LENGTH_UNIT ( ) NAMED_UNIT ( * ) SI_UNIT ( .MILLI., .METRE. ) );
#8128 = ORIENTED_EDGE ( 'NONE', *, *, #8410, .T. ) ;
#8129 = CARTESIAN_POINT ( 'NONE',  ( 0.7000000000000234923, 4.200000000000009059, 6.390000000000055635 ) ) ;
#8130 = CARTESIAN_POINT ( 'NONE',  ( 2.400000000000007905, 7.650000000000011902, 0.8500000000000520473 ) ) ;
#8131 = ORIENTED_EDGE ( 'NONE', *, *, #7902, .T. ) ;
#8132 = VERTEX_POINT ( 'NONE', #4479 ) ;
#8133 = ORIENTED_EDGE ( 'NONE', *, *, #3182, .T. ) ;
#8134 = PRESENTATION_STYLE_ASSIGNMENT (( #886 ) ) ;
#8135 = LINE ( 'NONE', #8091, #8088 ) ;
#8136 = CARTESIAN_POINT ( 'NONE',  ( 0.6500000000000012434, 6.200000000000009059, -4.692777777499945735 ) ) ;
#8137 = EDGE_CURVE ( 'NONE', #653, #9464, #6779, .T. ) ;
#8138 = ORIENTED_EDGE ( 'NONE', *, *, #469, .F. ) ;
#8139 = EDGE_LOOP ( 'NONE', ( #1320, #2684, #5438, #3303 ) ) ;
#8140 = PLANE ( 'NONE',  #7872 ) ;
#8141 = DIRECTION ( 'NONE',  ( -0.9984603535126307383, -1.641985879086793353E-15, 0.05547001409259343097 ) ) ;
#8142 = CARTESIAN_POINT ( 'NONE',  ( 1.800000000000010036, 8.144714285714311330, 1.315000000000053904 ) ) ;
#8143 = CARTESIAN_POINT ( 'NONE',  ( 1.000000000000019984, 0.2500000000000097700, 0.4750000000000552669 ) ) ;
#8144 = VERTEX_POINT ( 'NONE', #2825 ) ;
#8145 = DIRECTION ( 'NONE',  ( -0.8076923076923187006, 0.5896042198752116104, 1.334402673828312846E-15 ) ) ;
#8146 = EDGE_CURVE ( 'NONE', #5781, #7376, #1179, .T. ) ;
#8147 = ORIENTED_EDGE ( 'NONE', *, *, #8277, .T. ) ;
#8148 = ADVANCED_FACE ( 'NONE', ( #10178 ), #1872, .F. ) ;
#8149 = EDGE_CURVE ( 'NONE', #3360, #2369, #6089, .T. ) ;
#8150 = CARTESIAN_POINT ( 'NONE',  ( -0.5999999999999912070, 7.650000000000006573, 0.8500000000000572653 ) ) ;
#8151 = FACE_OUTER_BOUND ( 'NONE', #2706, .T. ) ;
#8152 = ORIENTED_EDGE ( 'NONE', *, *, #3766, .T. ) ;
#8153 = CARTESIAN_POINT ( 'NONE',  ( -0.5999999999999755529, 10.75000000000000533, 12.65000000000005720 ) ) ;
#8154 = DIRECTION ( 'NONE',  ( -1.644517855226007801E-15, 1.000000000000000000, 2.890435660536363568E-30 ) ) ;
#8155 = DIRECTION ( 'NONE',  ( -1.644517855226007998E-15, 1.000000000000000000, 2.890435660536363919E-30 ) ) ;
#8156 = ORIENTED_EDGE ( 'NONE', *, *, #9670, .F. ) ;
#8157 = DIRECTION ( 'NONE',  ( -0.2307692307692121303, 0.9730085108210442257, 6.672013369141569161E-16 ) ) ;
#8158 = DIRECTION ( 'NONE',  ( 0.05547001409258993376, 9.122142860490531446E-17, -0.9984603535126309604 ) ) ;
#8159 = EDGE_CURVE ( 'NONE', #6119, #9747, #1055, .T. ) ;
#8160 = DIRECTION ( 'NONE',  ( 1.000000000000000000, 1.644517855226007998E-15, -1.748601263784621946E-15 ) ) ;
#8161 = DIRECTION ( 'NONE',  ( -0.9701425001453380936, 0.2425356250363078781, 1.696392401805310846E-15 ) ) ;
#8162 = UNCERTAINTY_MEASURE_WITH_UNIT (LENGTH_MEASURE( 1.000000000000000082E-05 ), #5925, 'distance_accuracy_value', 'NONE');
#8163 = DIRECTION ( 'NONE',  ( 1.748601263784621946E-15, 0.0000000000000000000, 1.000000000000000000 ) ) ;
#8164 = DIRECTION ( 'NONE',  ( -1.000000000000000000, -1.644517855226007998E-15, 1.748601263784621946E-15 ) ) ;
#8165 = ORIENTED_EDGE ( 'NONE', *, *, #7663, .F. ) ;
#8166 = CARTESIAN_POINT ( 'NONE',  ( 9.700000000000020606, 10.60000000000002274, 11.55000000000003979 ) ) ;
#8167 = ORIENTED_EDGE ( 'NONE', *, *, #2859, .F. ) ;
#8168 = ORIENTED_EDGE ( 'NONE', *, *, #8710, .T. ) ;
#8169 = LINE ( 'NONE', #4068, #6655 ) ;
#8170 = B_SPLINE_CURVE_WITH_KNOTS ( 'NONE', 3,
 ( #8125, #8275, #2460, #4121 ),
 .UNSPECIFIED., .F., .F.,
 ( 4, 4 ),
 ( 0.0000000000000000000, 1.000000000000000000 ),
 .UNSPECIFIED. ) ;
#8171 = VECTOR ( 'NONE', #5324, 1000.000000000000227 ) ;
#8172 = PLANE ( 'NONE',  #1415 ) ;
#8173 = ORIENTED_EDGE ( 'NONE', *, *, #1098, .T. ) ;
#8174 = CARTESIAN_POINT ( 'NONE',  ( 1.500000000000001332, 8.109625349781611092, -3.659999999999946407 ) ) ;
#8175 = SURFACE_SIDE_STYLE ('',( #989 ) ) ;
#8176 = FACE_OUTER_BOUND ( 'NONE', #7599, .T. ) ;
#8177 = ORIENTED_EDGE ( 'NONE', *, *, #3229, .F. ) ;
#8178 = ORIENTED_EDGE ( 'NONE', *, *, #3976, .F. ) ;
#8179 = DIRECTION ( 'NONE',  ( 0.2425356250363077670, 3.988541659006108938E-16, -0.9701425001453382047 ) ) ;
#8180 = SURFACE_STYLE_USAGE ( .BOTH. , #1629 ) ;
#8181 = LINE ( 'NONE', #116, #6535 ) ;
#8182 = ORIENTED_EDGE ( 'NONE', *, *, #4022, .T. ) ;
#8183 = DIRECTION ( 'NONE',  ( -0.2357022603954924966, -0.9428090415820747916, -0.2357022603954932183 ) ) ;
#8184 =( LENGTH_UNIT ( ) NAMED_UNIT ( * ) SI_UNIT ( .MILLI., .METRE. ) );
#8185 = AXIS2_PLACEMENT_3D ( 'NONE', #4493, #7759, #3688 ) ;
#8186 = DIRECTION ( 'NONE',  ( 1.000000000000000000, 1.644517855226007998E-15, -1.748601263784621946E-15 ) ) ;
#8187 = CARTESIAN_POINT ( 'NONE',  ( 0.5000000000000108802, 6.844714285714308843, 1.350000000000055156 ) ) ;
#8188 = SURFACE_SIDE_STYLE ('',( #5912 ) ) ;
#8189 = VERTEX_POINT ( 'NONE', #7589 ) ;
#8190 = ORIENTED_EDGE ( 'NONE', *, *, #9680, .F. ) ;
#8191 = DIRECTION ( 'NONE',  ( -1.000000000000000000, 1.134242272754066274E-14, 2.001604010742470058E-15 ) ) ;
#8192 = LINE ( 'NONE', #6642, #4697 ) ;
#8193 = CIRCLE ( 'NONE', #1545, 1.399999999999999023 ) ;
#8194 = PLANE ( 'NONE',  #1592 ) ;
#8195 = ORIENTED_EDGE ( 'NONE', *, *, #6424, .F. ) ;
#8196 = SURFACE_STYLE_FILL_AREA ( #6539 ) ;
#8197 = EDGE_CURVE ( 'NONE', #1300, #8647, #2568, .T. ) ;
#8198 = EDGE_CURVE ( 'NONE', #1256, #7966, #8319, .T. ) ;
#8199 = PRESENTATION_LAYER_ASSIGNMENT (  '', '', ( #9360 ) ) ;
#8200 = ADVANCED_FACE ( 'NONE', ( #7530 ), #9876, .T. ) ;
#8201 = CARTESIAN_POINT ( 'NONE',  ( 0.1000000000000132727, 10.60000000000000675, 6.350000000000056488 ) ) ;
#8202 = DIRECTION ( 'NONE',  ( 1.644517855226008195E-15, -1.000000000000000000, -2.890435660536364269E-30 ) ) ;
#8203 = VERTEX_POINT ( 'NONE', #3725 ) ;
#8204 = MECHANICAL_DESIGN_GEOMETRIC_PRESENTATION_REPRESENTATION (  '', ( #4124 ), #7182 ) ;
#8205 = CARTESIAN_POINT ( 'NONE',  ( -0.1999999927999873695, 4.200000000000007283, 0.2600000054000586869 ) ) ;
#8206 =( NAMED_UNIT ( * ) PLANE_ANGLE_UNIT ( ) SI_UNIT ( $, .RADIAN. ) );
#8207 = DIRECTION ( 'NONE',  ( -0.9238697708742994452, 0.3553345272593985138, 0.1421338109037016129 ) ) ;
#8208 = CARTESIAN_POINT ( 'NONE',  ( 0.7250000000000293987, 6.200000000000009059, 11.36500000000005528 ) ) ;
#8209 = LINE ( 'NONE', #7260, #1540 ) ;
#8210 = EDGE_CURVE ( 'NONE', #9712, #3818, #7846, .T. ) ;
#8211 = VECTOR ( 'NONE', #216, 1000.000000000000000 ) ;
#8212 = EDGE_CURVE ( 'NONE', #8280, #8439, #5329, .T. ) ;
#8213 =( GEOMETRIC_REPRESENTATION_CONTEXT ( 3 ) GLOBAL_UNCERTAINTY_ASSIGNED_CONTEXT ( ( #4366 ) ) GLOBAL_UNIT_ASSIGNED_CONTEXT ( ( #4452, #8081, #3201 ) ) REPRESENTATION_CONTEXT ( 'NONE', 'WORKASPACE' ) );
#8214 = VECTOR ( 'NONE', #9751, 1000.000000000000000 ) ;
#8215 = FILL_AREA_STYLE ('',( #4060 ) ) ;
#8216 = DIRECTION ( 'NONE',  ( -1.644517855226007998E-15, 1.000000000000000000, 2.890435660536363919E-30 ) ) ;
#8217 = CYLINDRICAL_SURFACE ( 'NONE', #10464, 2.949999999999999289 ) ;
#8218 = ORIENTED_EDGE ( 'NONE', *, *, #4192, .F. ) ;
#8219 = CARTESIAN_POINT ( 'NONE',  ( 1.300000000000004263, 7.100000000000010303, -2.549999999999945643 ) ) ;
#8220 = COLOUR_RGB ( '',1.000000000000000000, 1.000000000000000000, 1.000000000000000000 ) ;
#8221 = AXIS2_PLACEMENT_3D ( 'NONE', #6026, #6073, #8409 ) ;
#8222 = ORIENTED_EDGE ( 'NONE', *, *, #8831, .T. ) ;
#8223 = LINE ( 'NONE', #2400, #8355 ) ;
#8224 = VECTOR ( 'NONE', #10133, 1000.000000000000000 ) ;
#8225 =( LENGTH_UNIT ( ) NAMED_UNIT ( * ) SI_UNIT ( .MILLI., .METRE. ) );
#8226 = ADVANCED_FACE ( 'NONE', ( #5431 ), #3882, .F. ) ;
#8227 = VECTOR ( 'NONE', #524, 1000.000000000000000 ) ;
#8228 = ORIENTED_EDGE ( 'NONE', *, *, #6019, .T. ) ;
#8229 = DIRECTION ( 'NONE',  ( -2.168404344971008868E-15, 0.3928571428571051571, -0.9195995135417113220 ) ) ;
#8230 = VECTOR ( 'NONE', #996, 1000.000000000000000 ) ;
#8231 = DIRECTION ( 'NONE',  ( -1.748601263784621748E-15, 1.482966057179082451E-32, -1.000000000000000000 ) ) ;
#8232 = DIRECTION ( 'NONE',  ( -1.644517855226008195E-15, 1.000000000000000000, 2.890435660536364269E-30 ) ) ;
#8233 = ORIENTED_EDGE ( 'NONE', *, *, #2715, .T. ) ;
#8234 = VERTEX_POINT ( 'NONE', #5485 ) ;
#8235 = CARTESIAN_POINT ( 'NONE',  ( 1.500000000000009992, 8.109625349781611092, 1.340000000000053815 ) ) ;
#8236 = STYLED_ITEM ( 'NONE', ( #3395 ), #5019 ) ;
#8237 = DIRECTION ( 'NONE',  ( -1.644517855226008195E-15, 1.000000000000000000, 2.890435660536364269E-30 ) ) ;
#8238 = VERTEX_POINT ( 'NONE', #6241 ) ;
#8239 = AXIS2_PLACEMENT_3D ( 'NONE', #3680, #1141, #6738 ) ;
#8240 = EDGE_CURVE ( 'NONE', #4033, #6541, #8630, .T. ) ;
#8241 = AXIS2_PLACEMENT_3D ( 'NONE', #5225, #10169, #4266 ) ;
#8242 = LINE ( 'NONE', #1741, #4341 ) ;
#8243 = SURFACE_STYLE_FILL_AREA ( #5793 ) ;
#8244 = CARTESIAN_POINT ( 'NONE',  ( -0.9999999999999852340, 10.75000000000000533, 7.650000000000058087 ) ) ;
#8245 = ORIENTED_EDGE ( 'NONE', *, *, #7168, .T. ) ;
#8246 = CARTESIAN_POINT ( 'NONE',  ( 0.5000000000000213163, 0.7500000000000093259, 1.350000000000055156 ) ) ;
#8247 = PLANE ( 'NONE',  #5551 ) ;
#8248 = AXIS2_PLACEMENT_3D ( 'NONE', #7226, #3158, #2363 ) ;
#8249 = CARTESIAN_POINT ( 'NONE',  ( 2.399999999999996803, 7.650000000000011902, -5.549999999999947420 ) ) ;
#8250 = ORIENTED_EDGE ( 'NONE', *, *, #9578, .T. ) ;
#8251 = CARTESIAN_POINT ( 'NONE',  ( 11.00000000000002487, 11.75000000000002309, 13.35000000000005471 ) ) ;
#8252 = FILL_AREA_STYLE_COLOUR ( '', #3119 ) ;
#8253 = AXIS2_PLACEMENT_3D ( 'NONE', #1146, #9817, #8380 ) ;
#8254 = VECTOR ( 'NONE', #1252, 1000.000000000000227 ) ;
#8255 = ORIENTED_EDGE ( 'NONE', *, *, #3565, .T. ) ;
#8256 = AXIS2_PLACEMENT_3D ( 'NONE', #2993, #7811, #10349 ) ;
#8257 = LINE ( 'NONE', #6598, #10112 ) ;
#8258 = DIRECTION ( 'NONE',  ( -1.000000000000000000, -1.644517855226007998E-15, 1.748601263784621946E-15 ) ) ;
#8259 = ORIENTED_EDGE ( 'NONE', *, *, #2012, .T. ) ;
#8260 = DIRECTION ( 'NONE',  ( -1.748601263784621748E-15, 0.0000000000000000000, -1.000000000000000000 ) ) ;
#8261 = LINE ( 'NONE', #9732, #1113 ) ;
#8262 = VERTEX_POINT ( 'NONE', #2228 ) ;
#8263 = CARTESIAN_POINT ( 'NONE',  ( 1.124999999999997558, 8.200000000000009948, -4.149999999999945288 ) ) ;
#8264 = AXIS2_PLACEMENT_3D ( 'NONE', #10216, #8667, #1220 ) ;
#8265 = CARTESIAN_POINT ( 'NONE',  ( 9.299999999999997158, 8.019714285714321989, -4.149999999999960387 ) ) ;
#8266 = DIRECTION ( 'NONE',  ( 1.748601263784621946E-15, 0.0000000000000000000, 1.000000000000000000 ) ) ;
#8267 = ORIENTED_EDGE ( 'NONE', *, *, #10385, .T. ) ;
#8268 = ADVANCED_FACE ( 'NONE', ( #1335 ), #507, .T. ) ;
#8269 = LINE ( 'NONE', #9048, #7539 ) ;
#8270 = FACE_OUTER_BOUND ( 'NONE', #380, .T. ) ;
#8271 = EDGE_LOOP ( 'NONE', ( #4240, #4782, #6308, #10187, #906, #5059, #2143, #8761, #2542, #8909 ) ) ;
#8272 = DIRECTION ( 'NONE',  ( 0.0000000000000000000, -0.7142857142856899877, -0.6998542122237899621 ) ) ;
#8273 = ORIENTED_EDGE ( 'NONE', *, *, #2872, .F. ) ;
#8274 = ORIENTED_EDGE ( 'NONE', *, *, #2315, .F. ) ;
#8275 = CARTESIAN_POINT ( 'NONE',  ( 0.7433105578600017749, 7.601972579975209143, -3.653310557857944563 ) ) ;
#8276 = EDGE_CURVE ( 'NONE', #10236, #163, #3130, .T. ) ;
#8277 = EDGE_CURVE ( 'NONE', #8324, #6419, #705, .T. ) ;
#8278 = DIRECTION ( 'NONE',  ( -0.8933250006747832650, 0.4466625002858897187, -0.04962916489077740662 ) ) ;
#8279 = LINE ( 'NONE', #2570, #1255 ) ;
#8280 = VERTEX_POINT ( 'NONE', #10281 ) ;
#8281 = FACE_OUTER_BOUND ( 'NONE', #3318, .T. ) ;
#8282 = CARTESIAN_POINT ( 'NONE',  ( 1.800000000000016920, 8.144714285714311330, 5.385000000000053966 ) ) ;
#8283 = DIRECTION ( 'NONE',  ( 1.748601263784621946E-15, 0.0000000000000000000, 1.000000000000000000 ) ) ;
#8284 = ADVANCED_FACE ( 'NONE', ( #555 ), #660, .T. ) ;
#8285 = ORIENTED_EDGE ( 'NONE', *, *, #6711, .F. ) ;
#8286 =( NAMED_UNIT ( * ) PLANE_ANGLE_UNIT ( ) SI_UNIT ( $, .RADIAN. ) );
#8287 = VERTEX_POINT ( 'NONE', #2179 ) ;
#8288 = CARTESIAN_POINT ( 'NONE',  ( 2.400000000000015010, 9.600000000000012079, 6.350000000000052047 ) ) ;
#8289 = ORIENTED_EDGE ( 'NONE', *, *, #4834, .T. ) ;
#8290 = CYLINDRICAL_SURFACE ( 'NONE', #9209, 1.400000000000000133 ) ;
#8291 = DIRECTION ( 'NONE',  ( 2.352167425053296813E-15, -0.6949152542373066010, 0.7190916418846066138 ) ) ;
#8292 = CARTESIAN_POINT ( 'NONE',  ( 1.300000000000006040, 5.400000000000011013, -2.549999999999945643 ) ) ;
#8293 = CARTESIAN_POINT ( 'NONE',  ( 3.175000000000005151, 7.650000000000012790, -0.5249999999999485079 ) ) ;
#8294 = EDGE_CURVE ( 'NONE', #1822, #7104, #9413, .T. ) ;
#8295 = ORIENTED_EDGE ( 'NONE', *, *, #5141, .F. ) ;
#8296 = CARTESIAN_POINT ( 'NONE',  ( 2.400000000000034106, 7.100000000000012079, 13.35000000000005471 ) ) ;
#8297 = ORIENTED_EDGE ( 'NONE', *, *, #3703, .F. ) ;
#8298 = CARTESIAN_POINT ( 'NONE',  ( 1.300000000000009592, 5.400000000000011013, -0.7499999999999451550 ) ) ;
#8299 = DIRECTION ( 'NONE',  ( 1.000000000000000000, 1.644517855226007998E-15, -1.748601263784621946E-15 ) ) ;
#8300 =( NAMED_UNIT ( * ) SI_UNIT ( $, .STERADIAN. ) SOLID_ANGLE_UNIT ( ) );
#8301 = DIRECTION ( 'NONE',  ( -1.000000000000000000, -7.011711381465521755E-11, -2.377355239868735991E-09 ) ) ;
#8302 = EDGE_LOOP ( 'NONE', ( #7920, #7987, #946, #6785 ) ) ;
#8303 = DIRECTION ( 'NONE',  ( -1.748601263784621946E-15, 0.0000000000000000000, -1.000000000000000000 ) ) ;
#8304 = CARTESIAN_POINT ( 'NONE',  ( 2.400000000000032330, 5.400000000000012790, 12.25000000000005151 ) ) ;
#8305 = DIRECTION ( 'NONE',  ( 1.644517855226007801E-15, -1.000000000000000000, -2.890435660536363568E-30 ) ) ;
#8306 = LINE ( 'NONE', #5815, #8741 ) ;
#8307 = ORIENTED_EDGE ( 'NONE', *, *, #9156, .T. ) ;
#8308 = SURFACE_STYLE_FILL_AREA ( #5713 ) ;
#8309 = ADVANCED_FACE ( 'NONE', ( #4738 ), #2131, .F. ) ;
#8310 = FACE_OUTER_BOUND ( 'NONE', #4178, .T. ) ;
#8311 = CARTESIAN_POINT ( 'NONE',  ( 1.399999999999000933, 7.649999999998870592, -4.150000000001946354 ) ) ;
#8312 = VERTEX_POINT ( 'NONE', #612 ) ;
#8313 = FACE_OUTER_BOUND ( 'NONE', #4421, .T. ) ;
#8314 = CARTESIAN_POINT ( 'NONE',  ( 0.1000000000000167422, 7.649999999998868816, 5.849999999998056310 ) ) ;
#8315 = ORIENTED_EDGE ( 'NONE', *, *, #4642, .F. ) ;
#8316 = FACE_OUTER_BOUND ( 'NONE', #3906, .T. ) ;
#8317 = EDGE_LOOP ( 'NONE', ( #3672, #5843, #2625, #8437, #6639, #2475 ) ) ;
#8318 = ORIENTED_EDGE ( 'NONE', *, *, #3573, .F. ) ;
#8319 = LINE ( 'NONE', #1025, #10061 ) ;
#8320 = ADVANCED_FACE ( 'NONE', ( #7304 ), #8944, .T. ) ;
#8321 = CARTESIAN_POINT ( 'NONE',  ( 10.34999999141861515, 7.450000000000024158, 5.850000000000038725 ) ) ;
#8322 = EDGE_CURVE ( 'NONE', #9403, #2854, #4169, .T. ) ;
#8323 = CARTESIAN_POINT ( 'NONE',  ( 9.700000000000002842, 10.60000000000002274, 0.1500000000000389910 ) ) ;
#8324 = VERTEX_POINT ( 'NONE', #4903 ) ;
#8325 = ADVANCED_FACE ( 'NONE', ( #860 ), #6607, .F. ) ;
#8326 = DIRECTION ( 'NONE',  ( -1.644517855226008195E-15, 1.000000000000000000, 2.890435660536364269E-30 ) ) ;
#8327 = CARTESIAN_POINT ( 'NONE',  ( 0.5000000000000386358, -0.2499999999999906741, 11.35000000000005471 ) ) ;
#8328 = ORIENTED_EDGE ( 'NONE', *, *, #1710, .T. ) ;
#8329 = EDGE_LOOP ( 'NONE', ( #8808, #8273, #666, #8274, #2065, #7049 ) ) ;
#8330 = DIRECTION ( 'NONE',  ( -1.644517855226008195E-15, 1.000000000000000000, 2.890435660536364269E-30 ) ) ;
#8331 = ORIENTED_EDGE ( 'NONE', *, *, #8521, .F. ) ;
#8332 = CONICAL_SURFACE ( 'NONE', #9678, 3.049999998679999269, 0.1526493283952326530 ) ;
#8333 = EDGE_CURVE ( 'NONE', #1496, #8988, #4105, .T. ) ;
#8334 = EDGE_CURVE ( 'NONE', #7588, #2976, #4955, .T. ) ;
#8335 = FACE_OUTER_BOUND ( 'NONE', #2385, .T. ) ;
#8336 = LINE ( 'NONE', #2838, #1904 ) ;
#8337 = LINE ( 'NONE', #2643, #9775 ) ;
#8338 = ORIENTED_EDGE ( 'NONE', *, *, #3160, .T. ) ;
#8339 = PRESENTATION_LAYER_ASSIGNMENT (  '', '', ( #2376 ) ) ;
#8340 = DIRECTION ( 'NONE',  ( 1.644517855226008195E-15, -1.000000000000000000, -2.890435660536364269E-30 ) ) ;
#8341 = ORIENTED_EDGE ( 'NONE', *, *, #9357, .T. ) ;
#8342 = LINE ( 'NONE', #8973, #3048 ) ;
#8343 = LINE ( 'NONE', #9328, #1081 ) ;
#8344 = DIRECTION ( 'NONE',  ( -1.644517855226008195E-15, 1.000000000000000000, 2.890435660536364269E-30 ) ) ;
#8345 = ADVANCED_FACE ( 'NONE', ( #10488 ), #6496, .T. ) ;
#8346 = EDGE_CURVE ( 'NONE', #4983, #2606, #8209, .T. ) ;
#8347 = EDGE_CURVE ( 'NONE', #5781, #682, #8826, .T. ) ;
#8348 = EDGE_LOOP ( 'NONE', ( #126, #364, #3646, #3677 ) ) ;
#8349 = DIRECTION ( 'NONE',  ( 1.748601263784621748E-15, 0.0000000000000000000, 1.000000000000000000 ) ) ;
#8350 = DIRECTION ( 'NONE',  ( -1.644517855226007998E-15, 1.000000000000000000, 2.890435660536363919E-30 ) ) ;
#8351 = EDGE_LOOP ( 'NONE', ( #4857, #624, #6332, #3300 ) ) ;
#8352 = DIRECTION ( 'NONE',  ( -1.748601263784621946E-15, 0.0000000000000000000, -1.000000000000000000 ) ) ;
#8353 = CARTESIAN_POINT ( 'NONE',  ( 1.399032498223152565, 9.172820256114674109, -4.649999999999946176 ) ) ;
#8354 = DIRECTION ( 'NONE',  ( 0.9883716976506232710, 1.625394904386490918E-15, 0.1520571842539017449 ) ) ;
#8355 = VECTOR ( 'NONE', #4970, 1000.000000000000000 ) ;
#8356 = ORIENTED_EDGE ( 'NONE', *, *, #8212, .F. ) ;
#8357 = DIRECTION ( 'NONE',  ( -1.000000000000000000, -1.644517855226007998E-15, 1.748601263784621946E-15 ) ) ;
#8358 = CONICAL_SURFACE ( 'NONE', #3754, 1.374999999999999556, 0.03224688243525484360 ) ;
#8359 = VECTOR ( 'NONE', #8759, 1000.000000000000000 ) ;
#8360 = CARTESIAN_POINT ( 'NONE',  ( 7.999999999999986677, 12.25000000000001954, -6.649999999999956835 ) ) ;
#8361 = VERTEX_POINT ( 'NONE', #916 ) ;
#8362 = VECTOR ( 'NONE', #4154, 1000.000000000000000 ) ;
#8363 = STYLED_ITEM ( 'NONE', ( #1573 ), #1490 ) ;
#8364 = DIRECTION ( 'NONE',  ( 1.748601263784621946E-15, 0.0000000000000000000, 1.000000000000000000 ) ) ;
#8365 = EDGE_LOOP ( 'NONE', ( #1093, #8328, #8544, #3970, #10315 ) ) ;
#8366 = CARTESIAN_POINT ( 'NONE',  ( 2.399999999999999467, 7.650000000000011902, -4.149999999999947953 ) ) ;
#8367 = ORIENTED_EDGE ( 'NONE', *, *, #5104, .F. ) ;
#8368 = ORIENTED_EDGE ( 'NONE', *, *, #7881, .F. ) ;
#8369 = CARTESIAN_POINT ( 'NONE',  ( -0.1999999993499753659, 8.599999999630806968, 11.43999999778505483 ) ) ;
#8370 = AXIS2_PLACEMENT_3D ( 'NONE', #1003, #7497, #8191 ) ;
#8371 = AXIS2_PLACEMENT_3D ( 'NONE', #2183, #7956, #7851 ) ;
#8372 = DIRECTION ( 'NONE',  ( -1.668003342285391452E-15, 1.000000000000000000, 0.0000000000000000000 ) ) ;
#8373 = CARTESIAN_POINT ( 'NONE',  ( 0.6205608656263587042, 9.369703792101088169, 6.349999999999110578 ) ) ;
#8374 = ORIENTED_EDGE ( 'NONE', *, *, #4093, .T. ) ;
#8375 = STYLED_ITEM ( 'NONE', ( #10265 ), #4220 ) ;
#8376 = CARTESIAN_POINT ( 'NONE',  ( -0.5999999999999980904, 10.75000000000000533, -0.9499999999999404476 ) ) ;
#8377 = CARTESIAN_POINT ( 'NONE',  ( 1.125000000000002665, 6.200000000000009059, -3.659999999999945519 ) ) ;
#8378 = SURFACE_STYLE_FILL_AREA ( #8436 ) ;
#8379 = EDGE_LOOP ( 'NONE', ( #964, #668, #5674, #4273, #10016, #590 ) ) ;
#8380 = DIRECTION ( 'NONE',  ( -1.748601263784621748E-15, 0.0000000000000000000, -1.000000000000000000 ) ) ;
#8381 = ORIENTED_EDGE ( 'NONE', *, *, #5259, .T. ) ;
#8382 = LINE ( 'NONE', #6000, #10374 ) ;
#8383 = EDGE_CURVE ( 'NONE', #4002, #1465, #559, .T. ) ;
#8384 = CARTESIAN_POINT ( 'NONE',  ( 3.950000000000025491, 8.144714285714314883, 11.35000000000004761 ) ) ;
#8385 = ORIENTED_EDGE ( 'NONE', *, *, #8652, .T. ) ;
#8386 = VECTOR ( 'NONE', #3746, 1000.000000000000000 ) ;
#8387 = CONICAL_SURFACE ( 'NONE', #10257, 3.049999998679999269, 0.1526493283952326530 ) ;
#8388 = PLANE ( 'NONE',  #6719 ) ;
#8389 = MECHANICAL_DESIGN_GEOMETRIC_PRESENTATION_REPRESENTATION (  '', ( #2608 ), #2258 ) ;
#8390 = DIRECTION ( 'NONE',  ( -1.644517855226007998E-15, 1.000000000000000000, 2.890435660536363919E-30 ) ) ;
#8391 = ORIENTED_EDGE ( 'NONE', *, *, #9373, .F. ) ;
#8392 = CARTESIAN_POINT ( 'NONE',  ( 1.500000000000025535, 8.200000000000009948, 11.31500000000005457 ) ) ;
#8393 = VERTEX_POINT ( 'NONE', #7358 ) ;
#8394 = LINE ( 'NONE', #4506, #6983 ) ;
#8395 = EDGE_CURVE ( 'NONE', #3198, #804, #9847, .T. ) ;
#8396 = LINE ( 'NONE', #4252, #9223 ) ;
#8397 = CARTESIAN_POINT ( 'NONE',  ( 9.700000000000018829, 10.60000000000002274, 10.15000000000003766 ) ) ;
#8398 = CARTESIAN_POINT ( 'NONE',  ( 1.125000000000009770, 6.200000000000009059, 0.3600000000000547207 ) ) ;
#8399 = EDGE_CURVE ( 'NONE', #6621, #1300, #9735, .T. ) ;
#8400 = EDGE_CURVE ( 'NONE', #9217, #10098, #8885, .T. ) ;
#8401 = AXIS2_PLACEMENT_3D ( 'NONE', #9962, #10166, #1126 ) ;
#8402 = CIRCLE ( 'NONE', #3802, 3.149999999999999467 ) ;
#8403 = ORIENTED_EDGE ( 'NONE', *, *, #1041, .F. ) ;
#8404 = DIRECTION ( 'NONE',  ( -1.000000000000000000, -1.644517855226007998E-15, 1.748601263784621946E-15 ) ) ;
#8405 = UNCERTAINTY_MEASURE_WITH_UNIT (LENGTH_MEASURE( 1.000000000000000082E-05 ), #2776, 'distance_accuracy_value', 'NONE');
#8406 = VERTEX_POINT ( 'NONE', #2450 ) ;
#8407 = DIRECTION ( 'NONE',  ( 1.000000000000000000, 1.644517855226007998E-15, -1.748601263784621946E-15 ) ) ;
#8408 =( GEOMETRIC_REPRESENTATION_CONTEXT ( 3 ) GLOBAL_UNCERTAINTY_ASSIGNED_CONTEXT ( ( #9633 ) ) GLOBAL_UNIT_ASSIGNED_CONTEXT ( ( #10321, #596, #1479 ) ) REPRESENTATION_CONTEXT ( 'NONE', 'WORKASPACE' ) );
#8409 = DIRECTION ( 'NONE',  ( -1.748601263784621748E-15, 0.0000000000000000000, -1.000000000000000000 ) ) ;
#8410 = EDGE_CURVE ( 'NONE', #8121, #3997, #1659, .T. ) ;
#8411 = FILL_AREA_STYLE_COLOUR ( '', #2541 ) ;
#8412 = AXIS2_PLACEMENT_3D ( 'NONE', #1208, #9291, #8350 ) ;
#8413 = PLANE ( 'NONE',  #8401 ) ;
#8414 = AXIS2_PLACEMENT_3D ( 'NONE', #3379, #3267, #9827 ) ;
#8415 = DIRECTION ( 'NONE',  ( -0.9701425001453380936, 0.2425356250363078781, 1.696392401805310846E-15 ) ) ;
#8416 = LINE ( 'NONE', #1221, #2622 ) ;
#8417 = ORIENTED_EDGE ( 'NONE', *, *, #5159, .T. ) ;
#8418 = AXIS2_PLACEMENT_3D ( 'NONE', #9010, #3370, #4239 ) ;
#8419 = AXIS2_PLACEMENT_3D ( 'NONE', #5522, #5626, #6270 ) ;
#8420 =( NAMED_UNIT ( * ) PLANE_ANGLE_UNIT ( ) SI_UNIT ( $, .RADIAN. ) );
#8421 =( GEOMETRIC_REPRESENTATION_CONTEXT ( 3 ) GLOBAL_UNCERTAINTY_ASSIGNED_CONTEXT ( ( #10290 ) ) GLOBAL_UNIT_ASSIGNED_CONTEXT ( ( #7969, #7159, #3963 ) ) REPRESENTATION_CONTEXT ( 'NONE', 'WORKASPACE' ) );
#8422 = PLANE ( 'NONE',  #5049 ) ;
#8423 = EDGE_CURVE ( 'NONE', #483, #8837, #6490, .T. ) ;
#8424 = ORIENTED_EDGE ( 'NONE', *, *, #3442, .T. ) ;
#8425 = CARTESIAN_POINT ( 'NONE',  ( 2.500000000000030198, 3.750000000000012434, 9.050000000000054001 ) ) ;
#8426 = DIRECTION ( 'NONE',  ( -0.9883716976506232710, 0.1520571842539018281, 1.728267999600831987E-15 ) ) ;
#8427 = EDGE_LOOP ( 'NONE', ( #4836, #2631, #2619, #1766 ) ) ;
#8428 = CARTESIAN_POINT ( 'NONE',  ( 2.400000000000016787, 7.650000000000011902, 5.850000000000052047 ) ) ;
#8429 = STYLED_ITEM ( 'NONE', ( #5316 ), #5878 ) ;
#8430 = DIRECTION ( 'NONE',  ( 0.9486832980505233159, 1.560126622598782925E-15, -0.3162277660168096305 ) ) ;
#8431 = AXIS2_PLACEMENT_3D ( 'NONE', #6992, #620, #3887 ) ;
#8432 = PLANE ( 'NONE',  #1927 ) ;
#8433 = VERTEX_POINT ( 'NONE', #6551 ) ;
#8434 = CARTESIAN_POINT ( 'NONE',  ( -0.1999999993499770867, 8.599999999630806968, 10.26000000221505637 ) ) ;
#8435 = DIRECTION ( 'NONE',  ( 1.748601263784621748E-15, -1.482966057179082451E-32, 1.000000000000000000 ) ) ;
#8436 = FILL_AREA_STYLE ('',( #2831 ) ) ;
#8437 = ORIENTED_EDGE ( 'NONE', *, *, #1168, .F. ) ;
#8438 = PLANE ( 'NONE',  #8253 ) ;
#8439 = VERTEX_POINT ( 'NONE', #3104 ) ;
#8440 = CARTESIAN_POINT ( 'NONE',  ( 1.500000000000027311, 8.109625349781611092, 11.31500000000005457 ) ) ;
#8441 = CONICAL_SURFACE ( 'NONE', #5734, 1.374999999999999556, 0.03224688243525484360 ) ;
#8442 = ORIENTED_EDGE ( 'NONE', *, *, #6309, .F. ) ;
#8443 = EDGE_CURVE ( 'NONE', #1807, #8472, #8804, .T. ) ;
#8444 = DIRECTION ( 'NONE',  ( -1.000000000000000000, -1.644517855226007801E-15, 1.748601263784621748E-15 ) ) ;
#8445 = DIRECTION ( 'NONE',  ( 0.9238697708742987791, 0.3553345272594015669, 0.1421338109036983932 ) ) ;
#8446 = LINE ( 'NONE', #3692, #8085 ) ;
#8447 = FILL_AREA_STYLE_COLOUR ( '', #9445 ) ;
#8448 = EDGE_LOOP ( 'NONE', ( #2823, #4467, #4398, #1987 ) ) ;
#8449 = CARTESIAN_POINT ( 'NONE',  ( 2.500000000000030198, 3.750000000000012434, 9.050000000000054001 ) ) ;
#8450 = ORIENTED_EDGE ( 'NONE', *, *, #4561, .F. ) ;
#8451 = PLANE ( 'NONE',  #10045 ) ;
#8452 = LINE ( 'NONE', #10101, #3270 ) ;
#8453 = CARTESIAN_POINT ( 'NONE',  ( 0.2019880736300015689, 8.200000000000008171, -2.228092994471944088 ) ) ;
#8454 = CARTESIAN_POINT ( 'NONE',  ( 3.950000000000017053, 7.650000000000014566, 5.850000000000049383 ) ) ;
#8455 = CARTESIAN_POINT ( 'NONE',  ( 2.400000000000007905, 7.650000000000011902, 0.8500000000000520473 ) ) ;
#8456 = CARTESIAN_POINT ( 'NONE',  ( 9.699999999999999289, 5.400000000000024336, -6.271320343559959376 ) ) ;
#8457 = EDGE_CURVE ( 'NONE', #6755, #10142, #6425, .T. ) ;
#8458 = ORIENTED_EDGE ( 'NONE', *, *, #5104, .T. ) ;
#8459 = FACE_OUTER_BOUND ( 'NONE', #5027, .T. ) ;
#8460 = EDGE_CURVE ( 'NONE', #8534, #8052, #3915, .T. ) ;
#8461 = SURFACE_STYLE_USAGE ( .BOTH. , #229 ) ;
#8462 = ORIENTED_EDGE ( 'NONE', *, *, #9277, .F. ) ;
#8463 = EDGE_CURVE ( 'NONE', #5971, #8144, #6373, .T. ) ;
#8464 = DIRECTION ( 'NONE',  ( -1.748601263784621946E-15, 0.0000000000000000000, -1.000000000000000000 ) ) ;
#8465 = CARTESIAN_POINT ( 'NONE',  ( 1.499999999999999556, 8.200000000000009948, -3.659999999999946407 ) ) ;
#8466 = CARTESIAN_POINT ( 'NONE',  ( 0.7499999999999988898, 8.200000000000009948, -3.659999999999944631 ) ) ;
#8467 = ADVANCED_FACE ( 'NONE', ( #9607 ), #5460, .F. ) ;
#8468 = EDGE_CURVE ( 'NONE', #6180, #2435, #3588, .T. ) ;
#8469 = VERTEX_POINT ( 'NONE', #2316 ) ;
#8470 = DIRECTION ( 'NONE',  ( 1.644517855226007998E-15, -1.000000000000000000, -2.890435660536363919E-30 ) ) ;
#8471 = DIRECTION ( 'NONE',  ( 1.748601263784621946E-15, 0.0000000000000000000, 1.000000000000000000 ) ) ;
#8472 = VERTEX_POINT ( 'NONE', #5577 ) ;
#8473 = VERTEX_POINT ( 'NONE', #7170 ) ;
#8474 = ORIENTED_EDGE ( 'NONE', *, *, #9481, .T. ) ;
#8475 = CARTESIAN_POINT ( 'NONE',  ( 0.7000000000000234923, 4.200000000000009059, 6.390000000000055635 ) ) ;
#8476 = LINE ( 'NONE', #6782, #1762 ) ;
#8477 = ADVANCED_FACE ( 'NONE', ( #4564 ), #1416, .T. ) ;
#8478 = PLANE ( 'NONE',  #1775 ) ;
#8479 = ORIENTED_EDGE ( 'NONE', *, *, #8159, .F. ) ;
#8480 = LINE ( 'NONE', #9268, #1723 ) ;
#8481 = DIRECTION ( 'NONE',  ( -0.7071067811864962804, -1.162849727212584842E-15, 0.7071067811865986430 ) ) ;
#8482 = SURFACE_SIDE_STYLE ('',( #8378 ) ) ;
#8483 = ORIENTED_EDGE ( 'NONE', *, *, #3081, .F. ) ;
#8484 = ORIENTED_EDGE ( 'NONE', *, *, #4957, .T. ) ;
#8485 = LINE ( 'NONE', #2089, #3401 ) ;
#8486 = ORIENTED_EDGE ( 'NONE', *, *, #3781, .T. ) ;
#8487 = CARTESIAN_POINT ( 'NONE',  ( 0.1000000000000063338, 7.100000000000008527, -1.149999999999942624 ) ) ;
#8488 = CARTESIAN_POINT ( 'NONE',  ( 2.400000000000022560, 7.650000000000011902, 9.450000000000052580 ) ) ;
#8489 =( NAMED_UNIT ( * ) SI_UNIT ( $, .STERADIAN. ) SOLID_ANGLE_UNIT ( ) );
#8490 = ORIENTED_EDGE ( 'NONE', *, *, #5962, .T. ) ;
#8491 = ORIENTED_EDGE ( 'NONE', *, *, #10233, .T. ) ;
#8492 = CARTESIAN_POINT ( 'NONE',  ( 1.500000000000006439, 8.200000000000009948, 0.3850000000000554090 ) ) ;
#8493 =( NAMED_UNIT ( * ) PLANE_ANGLE_UNIT ( ) SI_UNIT ( $, .RADIAN. ) );
#8494 = DIRECTION ( 'NONE',  ( 0.0000000000000000000, -0.6949152542373064900, -0.7190916418846067248 ) ) ;
#8495 = VECTOR ( 'NONE', #5178, 1000.000000000000000 ) ;
#8496 = CARTESIAN_POINT ( 'NONE',  ( 9.700000000000002842, 10.60000000000001386, 13.35000000000005471 ) ) ;
#8497 = COLOUR_RGB ( '',1.000000000000000000, 1.000000000000000000, 1.000000000000000000 ) ;
#8498 = VERTEX_POINT ( 'NONE', #1514 ) ;
#8499 = LINE ( 'NONE', #1316, #1430 ) ;
#8500 = PLANE ( 'NONE',  #8412 ) ;
#8501 = PRODUCT_DEFINITION_CONTEXT ( 'detailed design', #178, 'design' ) ;
#8502 = VERTEX_POINT ( 'NONE', #640 ) ;
#8503 = CARTESIAN_POINT ( 'NONE',  ( 0.7466439969400165966, 7.606602420031609135, 5.356643996939055796 ) ) ;
#8504 = EDGE_CURVE ( 'NONE', #4983, #4799, #4609, .T. ) ;
#8505 = VERTEX_POINT ( 'NONE', #531 ) ;
#8506 = CARTESIAN_POINT ( 'NONE',  ( 1.500000000000008216, 8.200000000000009948, 1.340000000000053815 ) ) ;
#8507 = DIRECTION ( 'NONE',  ( -0.2357022603954947726, 0.9428090415820741255, 0.2357022603954940509 ) ) ;
#8508 = EDGE_CURVE ( 'NONE', #5553, #8782, #7877, .T. ) ;
#8509 = AXIS2_PLACEMENT_3D ( 'NONE', #3533, #6896, #5949 ) ;
#8510 = ORIENTED_EDGE ( 'NONE', *, *, #8665, .F. ) ;
#8511 = DIRECTION ( 'NONE',  ( -0.9333456062030549560, 0.3589790793088810106, 1.632049306554485608E-15 ) ) ;
#8512 = CARTESIAN_POINT ( 'NONE',  ( 3.950000000000023714, 8.144714285714314883, 10.35000000000004938 ) ) ;
#8513 = VERTEX_POINT ( 'NONE', #7231 ) ;
#8514 = VERTEX_POINT ( 'NONE', #9655 ) ;
#8515 = CARTESIAN_POINT ( 'NONE',  ( -0.1999999927999943083, 4.200000000000007283, -3.560000005399943213 ) ) ;
#8516 = ORIENTED_EDGE ( 'NONE', *, *, #1072, .F. ) ;
#8517 = CARTESIAN_POINT ( 'NONE',  ( 2.400000000000025224, 5.400000000000012790, 7.971320343560052812 ) ) ;
#8518 = DIRECTION ( 'NONE',  ( 1.748601263784621946E-15, 0.0000000000000000000, 1.000000000000000000 ) ) ;
#8519 = VERTEX_POINT ( 'NONE', #10465 ) ;
#8520 = LINE ( 'NONE', #8475, #9738 ) ;
#8521 = EDGE_CURVE ( 'NONE', #110, #3451, #3162, .T. ) ;
#8522 = CIRCLE ( 'NONE', #1205, 3.149999999999999467 ) ;
#8523 = DIRECTION ( 'NONE',  ( 1.748601263784621946E-15, 0.0000000000000000000, 1.000000000000000000 ) ) ;
#8524 = EDGE_CURVE ( 'NONE', #4882, #9530, #8656, .T. ) ;
#8525 = VECTOR ( 'NONE', #1653, 1000.000000000000000 ) ;
#8526 = EDGE_CURVE ( 'NONE', #2697, #4871, #8720, .T. ) ;
#8527 = VECTOR ( 'NONE', #10405, 1000.000000000000000 ) ;
#8528 = FACE_OUTER_BOUND ( 'NONE', #4593, .T. ) ;
#8529 = DIRECTION ( 'NONE',  ( -1.644517855226007998E-15, 1.000000000000000000, 2.890435660536363919E-30 ) ) ;
#8530 = LINE ( 'NONE', #6095, #8104 ) ;
#8531 = ORIENTED_EDGE ( 'NONE', *, *, #2524, .F. ) ;
#8532 = VECTOR ( 'NONE', #5695, 1000.000000000000000 ) ;
#8533 = AXIS2_PLACEMENT_3D ( 'NONE', #5039, #8231, #3367 ) ;
#8534 = VERTEX_POINT ( 'NONE', #9350 ) ;
#8535 = DIRECTION ( 'NONE',  ( 1.644517855226007998E-15, -1.000000000000000000, -2.890435660536363919E-30 ) ) ;
#8536 = EDGE_CURVE ( 'NONE', #8593, #1082, #9460, .T. ) ;
#8537 = ORIENTED_EDGE ( 'NONE', *, *, #6256, .T. ) ;
#8538 = CONICAL_SURFACE ( 'NONE', #9371, 3.049999998679999269, 0.1526493283952326530 ) ;
#8539 = AXIS2_PLACEMENT_3D ( 'NONE', #490, #9336, #385 ) ;
#8540 = COLOUR_RGB ( '',1.000000000000000000, 1.000000000000000000, 1.000000000000000000 ) ;
#8541 = CARTESIAN_POINT ( 'NONE',  ( 0.6000000000000171863, 8.200000000000009948, 6.395555555000055570 ) ) ;
#8542 = LINE ( 'NONE', #3425, #3419 ) ;
#8543 = CARTESIAN_POINT ( 'NONE',  ( 0.1000003392900294941, 8.200000179588007754, 13.87515972525205576 ) ) ;
#8544 = ORIENTED_EDGE ( 'NONE', *, *, #9670, .T. ) ;
#8545 = VERTEX_POINT ( 'NONE', #10221 ) ;
#8546 = CARTESIAN_POINT ( 'NONE',  ( 0.09999999999999939493, 5.400000000000009237, -6.649999999999943512 ) ) ;
#8547 = LINE ( 'NONE', #6213, #85 ) ;
#8548 = B_SPLINE_CURVE_WITH_KNOTS ( 'NONE', 3,
 ( #1531, #3285, #7300, #2495 ),
 .UNSPECIFIED., .F., .F.,
 ( 4, 4 ),
 ( 0.0000000000000000000, 1.000000000000000000 ),
 .UNSPECIFIED. ) ;
#8549 = ADVANCED_FACE ( 'NONE', ( #4632 ), #2969, .F. ) ;
#8550 = CARTESIAN_POINT ( 'NONE',  ( -0.9999999999999904521, 3.750000000000006217, -2.349999999999942357 ) ) ;
#8551 = ORIENTED_EDGE ( 'NONE', *, *, #3060, .F. ) ;
#8552 = STYLED_ITEM ( 'NONE', ( #3448 ), #4059 ) ;
#8553 = PLANE ( 'NONE',  #6862 ) ;
#8554 = VECTOR ( 'NONE', #5383, 1000.000000000000000 ) ;
#8555 = VECTOR ( 'NONE', #10473, 1000.000000000000000 ) ;
#8556 = ORIENTED_EDGE ( 'NONE', *, *, #3565, .F. ) ;
#8557 = DIRECTION ( 'NONE',  ( -1.748601263784621946E-15, 0.0000000000000000000, -1.000000000000000000 ) ) ;
#8558 = PRESENTATION_STYLE_ASSIGNMENT (( #2249 ) ) ;
#8559 = ORIENTED_EDGE ( 'NONE', *, *, #3536, .T. ) ;
#8560 = DIRECTION ( 'NONE',  ( -1.748601263784621946E-15, 0.0000000000000000000, -1.000000000000000000 ) ) ;
#8561 = ORIENTED_EDGE ( 'NONE', *, *, #6385, .F. ) ;
#8562 = CARTESIAN_POINT ( 'NONE',  ( -0.5999999999999737765, 8.800000000000006040, 11.74000000000005528 ) ) ;
#8563 = CARTESIAN_POINT ( 'NONE',  ( 1.300000000000014699, 5.400000000000011013, 2.450000000000054357 ) ) ;
#8564 = VECTOR ( 'NONE', #2755, 1000.000000000000114 ) ;
#8565 = AXIS2_PLACEMENT_3D ( 'NONE', #9514, #4643, #8781 ) ;
#8566 = VERTEX_POINT ( 'NONE', #6280 ) ;
#8567 = VECTOR ( 'NONE', #8040, 1000.000000000000000 ) ;
#8568 =( LENGTH_UNIT ( ) NAMED_UNIT ( * ) SI_UNIT ( .MILLI., .METRE. ) );
#8569 = VERTEX_POINT ( 'NONE', #7087 ) ;
#8570 = VECTOR ( 'NONE', #3121, 1000.000000000000000 ) ;
#8571 = ORIENTED_EDGE ( 'NONE', *, *, #6947, .F. ) ;
#8572 = DIRECTION ( 'NONE',  ( -0.9238697708742998893, 0.3553345272593985138, -0.1421338109036983932 ) ) ;
#8573 = CARTESIAN_POINT ( 'NONE',  ( 3.949999999999999734, 7.650000000000014566, -4.149999999999950617 ) ) ;
#8574 = LINE ( 'NONE', #4536, #6548 ) ;
#8575 = COLOUR_RGB ( '',1.000000000000000000, 1.000000000000000000, 1.000000000000000000 ) ;
#8576 = ORIENTED_EDGE ( 'NONE', *, *, #9677, .F. ) ;
#8577 =( LENGTH_UNIT ( ) NAMED_UNIT ( * ) SI_UNIT ( .MILLI., .METRE. ) );
#8578 = VECTOR ( 'NONE', #9012, 1000.000000000000000 ) ;
#8579 = VECTOR ( 'NONE', #5198, 1000.000000000000114 ) ;
#8580 = FILL_AREA_STYLE_COLOUR ( '', #8067 ) ;
#8581 = STYLED_ITEM ( 'NONE', ( #1601 ), #109 ) ;
#8582 = AXIS2_PLACEMENT_3D ( 'NONE', #370, #3489, #8390 ) ;
#8583 = EDGE_CURVE ( 'NONE', #3982, #944, #6181, .T. ) ;
#8584 = CARTESIAN_POINT ( 'NONE',  ( 2.400000000000013234, 10.60000000000001030, 6.350000000000052047 ) ) ;
#8585 = CARTESIAN_POINT ( 'NONE',  ( 1.499999999999999556, 8.200000000000009948, -3.659999999999946407 ) ) ;
#8586 = CIRCLE ( 'NONE', #4008, 2.950000000000001066 ) ;
#8587 = CARTESIAN_POINT ( 'NONE',  ( 1.300000000000025135, 7.100000000000010303, 9.250000000000053291 ) ) ;
#8588 = CARTESIAN_POINT ( 'NONE',  ( 0.7250000000000016431, 6.200000000000009059, -4.664999999999944080 ) ) ;
#8589 = EDGE_CURVE ( 'NONE', #9040, #9241, #5471, .T. ) ;
#8590 = ORIENTED_EDGE ( 'NONE', *, *, #3873, .T. ) ;
#8591 = LINE ( 'NONE', #6250, #8932 ) ;
#8592 = EDGE_CURVE ( 'NONE', #3084, #6874, #5378, .T. ) ;
#8593 = VERTEX_POINT ( 'NONE', #6930 ) ;
#8594 = CARTESIAN_POINT ( 'NONE',  ( 0.1000000000000202116, 10.60000000000000675, 10.35000000000005649 ) ) ;
#8595 = VECTOR ( 'NONE', #106, 1000.000000000000000 ) ;
#8596 = VECTOR ( 'NONE', #8283, 1000.000000000000000 ) ;
#8597 = EDGE_CURVE ( 'NONE', #9859, #638, #3773, .T. ) ;
#8598 = DIRECTION ( 'NONE',  ( -1.000000000000000000, -1.644517855226007998E-15, 1.748601263784621748E-15 ) ) ;
#8599 = VECTOR ( 'NONE', #537, 1000.000000000000000 ) ;
#8600 = SURFACE_STYLE_USAGE ( .BOTH. , #1195 ) ;
#8601 = ORIENTED_EDGE ( 'NONE', *, *, #8443, .F. ) ;
#8602 = EDGE_LOOP ( 'NONE', ( #3381, #7112, #1548, #9427 ) ) ;
#8603 = DIRECTION ( 'NONE',  ( 1.748601263784621946E-15, 0.0000000000000000000, 1.000000000000000000 ) ) ;
#8604 = CARTESIAN_POINT ( 'NONE',  ( 0.7000000000000148326, 4.200000000000009059, 1.390000000000055191 ) ) ;
#8605 = ORIENTED_EDGE ( 'NONE', *, *, #8713, .F. ) ;
#8606 = FACE_OUTER_BOUND ( 'NONE', #3091, .T. ) ;
#8607 = EDGE_CURVE ( 'NONE', #6358, #2055, #7350, .T. ) ;
#8608 = CARTESIAN_POINT ( 'NONE',  ( 0.5000000000000195399, 0.7500000000000093259, 0.3500000000000568767 ) ) ;
#8609 = FACE_OUTER_BOUND ( 'NONE', #7302, .T. ) ;
#8610 = CARTESIAN_POINT ( 'NONE',  ( 0.6500000000000030198, 6.200000000000009059, -3.607222222499944841 ) ) ;
#8611 = EDGE_LOOP ( 'NONE', ( #3509, #10090, #4504, #5540, #8705, #981 ) ) ;
#8612 = LINE ( 'NONE', #6964, #10073 ) ;
#8613 =( NAMED_UNIT ( * ) SI_UNIT ( $, .STERADIAN. ) SOLID_ANGLE_UNIT ( ) );
#8614 = CARTESIAN_POINT ( 'NONE',  ( 0.1000000000000219463, 10.60000000000000675, 11.35000000000005471 ) ) ;
#8615 = ORIENTED_EDGE ( 'NONE', *, *, #6911, .T. ) ;
#8616 = CARTESIAN_POINT ( 'NONE',  ( 1.500000000000008216, 8.200000000000009948, 1.340000000000053815 ) ) ;
#8617 = PRESENTATION_STYLE_ASSIGNMENT (( #6389 ) ) ;
#8618 = ORIENTED_EDGE ( 'NONE', *, *, #545, .T. ) ;
#8619 = FACE_OUTER_BOUND ( 'NONE', #5754, .T. ) ;
#8620 = CARTESIAN_POINT ( 'NONE',  ( 1.300000000000026912, 5.400000000000011013, 9.250000000000053291 ) ) ;
#8621 = VERTEX_POINT ( 'NONE', #551 ) ;
#8622 = EDGE_LOOP ( 'NONE', ( #205, #2186, #1713, #8891, #6054 ) ) ;
#8623 = CARTESIAN_POINT ( 'NONE',  ( 0.1000000000000306200, 7.100000000000008527, 12.85000000000005649 ) ) ;
#8624 = CARTESIAN_POINT ( 'NONE',  ( 1.500000000000022204, 0.7500000000000111022, 1.350000000000053380 ) ) ;
#8625 = B_SPLINE_CURVE_WITH_KNOTS ( 'NONE', 3,
 ( #4743, #8680, #10491, #10292 ),
 .UNSPECIFIED., .F., .F.,
 ( 4, 4 ),
 ( 0.0000000000000000000, 1.000000000000000000 ),
 .UNSPECIFIED. ) ;
#8626 = CARTESIAN_POINT ( 'NONE',  ( -0.1999999927999960292, 4.200000000000007283, -4.739999994599941147 ) ) ;
#8627 = PLANE ( 'NONE',  #2116 ) ;
#8628 = ORIENTED_EDGE ( 'NONE', *, *, #10388, .T. ) ;
#8629 = DIRECTION ( 'NONE',  ( -1.734723475976808672E-15, 1.000000000000000000, 0.0000000000000000000 ) ) ;
#8630 = LINE ( 'NONE', #7135, #3751 ) ;
#8631 = EDGE_CURVE ( 'NONE', #770, #9611, #9505, .T. ) ;
#8632 = DIRECTION ( 'NONE',  ( -1.748601263784621946E-15, 0.0000000000000000000, -1.000000000000000000 ) ) ;
#8633 = DIRECTION ( 'NONE',  ( 1.748601263784621946E-15, 0.0000000000000000000, 1.000000000000000000 ) ) ;
#8634 =( LENGTH_UNIT ( ) NAMED_UNIT ( * ) SI_UNIT ( .MILLI., .METRE. ) );
#8635 = ORIENTED_EDGE ( 'NONE', *, *, #5767, .T. ) ;
#8636 = LINE ( 'NONE', #10340, #9553 ) ;
#8637 = CARTESIAN_POINT ( 'NONE',  ( 10.99999999999999112, 11.10000000000002451, -5.049999999999961631 ) ) ;
#8638 = ORIENTED_EDGE ( 'NONE', *, *, #8767, .T. ) ;
#8639 = FACE_OUTER_BOUND ( 'NONE', #4718, .T. ) ;
#8640 = EDGE_CURVE ( 'NONE', #8262, #7552, #6235, .T. ) ;
#8641 = EDGE_CURVE ( 'NONE', #3481, #2968, #7037, .T. ) ;
#8642 = EDGE_CURVE ( 'NONE', #9909, #2644, #2583, .T. ) ;
#8643 = CYLINDRICAL_SURFACE ( 'NONE', #7751, 0.9999999999999991118 ) ;
#8644 = DIRECTION ( 'NONE',  ( 1.644517855226007998E-15, -1.000000000000000000, -2.890435660536363919E-30 ) ) ;
#8645 = CARTESIAN_POINT ( 'NONE',  ( -0.1999999993499857465, 8.599999999630806968, 5.260000002215058146 ) ) ;
#8646 = CARTESIAN_POINT ( 'NONE',  ( 10.99999999999999822, 5.200000000000025935, -6.649999999999962164 ) ) ;
#8647 = VERTEX_POINT ( 'NONE', #5320 ) ;
#8648 = ORIENTED_EDGE ( 'NONE', *, *, #9622, .T. ) ;
#8649 = CARTESIAN_POINT ( 'NONE',  ( 9.700000000000001066, 12.25000000000002309, 1.550000000000040012 ) ) ;
#8650 = LINE ( 'NONE', #6954, #9736 ) ;
#8651 = ORIENTED_EDGE ( 'NONE', *, *, #3667, .T. ) ;
#8652 = EDGE_CURVE ( 'NONE', #2349, #7298, #1378, .T. ) ;
#8653 = DIRECTION ( 'NONE',  ( 1.748601263784621748E-15, 0.0000000000000000000, 1.000000000000000000 ) ) ;
#8654 = ADVANCED_FACE ( 'NONE', ( #7944 ), #2018, .T. ) ;
#8655 = EDGE_CURVE ( 'NONE', #8519, #6729, #4534, .T. ) ;
#8656 = LINE ( 'NONE', #10327, #9358 ) ;
#8657 = LINE ( 'NONE', #5361, #10227 ) ;
#8658 = ORIENTED_EDGE ( 'NONE', *, *, #4685, .T. ) ;
#8659 = LINE ( 'NONE', #6918, #4791 ) ;
#8660 = DIRECTION ( 'NONE',  ( -1.748601263784621748E-15, 1.482966057179082451E-32, -1.000000000000000000 ) ) ;
#8661 = DIRECTION ( 'NONE',  ( 0.2425356250363077670, 3.988541659006108938E-16, -0.9701425001453382047 ) ) ;
#8662 = ORIENTED_EDGE ( 'NONE', *, *, #1070, .F. ) ;
#8663 = DIRECTION ( 'NONE',  ( 1.644517855226008195E-15, -1.000000000000000000, -2.890435660536364269E-30 ) ) ;
#8664 = EDGE_CURVE ( 'NONE', #9267, #4983, #607, .T. ) ;
#8665 = EDGE_CURVE ( 'NONE', #7104, #3768, #6081, .T. ) ;
#8666 = VERTEX_POINT ( 'NONE', #10425 ) ;
#8667 = DIRECTION ( 'NONE',  ( -0.1788854382000027443, -2.941802971598302358E-16, -0.9838699100999038771 ) ) ;
#8668 = ORIENTED_EDGE ( 'NONE', *, *, #4308, .T. ) ;
#8669 = CARTESIAN_POINT ( 'NONE',  ( 11.00000000000000888, 11.10000000000002451, 4.950000000000036593 ) ) ;
#8670 = DIRECTION ( 'NONE',  ( -1.000000000000000000, -1.644517855226007801E-15, 1.748601263784621748E-15 ) ) ;
#8671 = SURFACE_STYLE_FILL_AREA ( #4635 ) ;
#8672 = CIRCLE ( 'NONE', #4095, 1.299999999999999822 ) ;
#8673 = ORIENTED_EDGE ( 'NONE', *, *, #10174, .F. ) ;
#8674 = LINE ( 'NONE', #762, #8554 ) ;
#8675 = DIRECTION ( 'NONE',  ( -1.000000000000000000, -1.644517855226007998E-15, 1.748601263784621946E-15 ) ) ;
#8676 = PRESENTATION_LAYER_ASSIGNMENT (  '', '', ( #2728 ) ) ;
#8677 = CARTESIAN_POINT ( 'NONE',  ( 1.500000000000027311, 8.109625349781611092, 11.34000000000005315 ) ) ;
#8678 = UNCERTAINTY_MEASURE_WITH_UNIT (LENGTH_MEASURE( 1.000000000000000082E-05 ), #194, 'distance_accuracy_value', 'NONE');
#8679 = AXIS2_PLACEMENT_3D ( 'NONE', #1639, #6637, #1742 ) ;
#8680 = CARTESIAN_POINT ( 'NONE',  ( 0.7433105578600260888, 7.601972579975209143, 10.35331055785805532 ) ) ;
#8681 = CARTESIAN_POINT ( 'NONE',  ( 0.09999999999999419076, 8.200000000000008171, -6.649999999999943512 ) ) ;
#8682 = VERTEX_POINT ( 'NONE', #7413 ) ;
#8683 = FACE_OUTER_BOUND ( 'NONE', #2779, .T. ) ;
#8684 = ORIENTED_EDGE ( 'NONE', *, *, #7692, .T. ) ;
#8685 = DIRECTION ( 'NONE',  ( -1.748601263784621748E-15, 0.0000000000000000000, -1.000000000000000000 ) ) ;
#8686 = ORIENTED_EDGE ( 'NONE', *, *, #9027, .T. ) ;
#8687 = VECTOR ( 'NONE', #6457, 1000.000000000000000 ) ;
#8688 = DIRECTION ( 'NONE',  ( 0.2357022603954955775, -0.9428090415820740144, 0.2357022603954931905 ) ) ;
#8689 = AXIS2_PLACEMENT_3D ( 'NONE', #9377, #8598, #7282 ) ;
#8690 = VECTOR ( 'NONE', #6129, 1000.000000000000000 ) ;
#8691 =( LENGTH_UNIT ( ) NAMED_UNIT ( * ) SI_UNIT ( .MILLI., .METRE. ) );
#8692 = DIRECTION ( 'NONE',  ( -1.000000000000000000, -1.644517855226007998E-15, 1.748601263784621946E-15 ) ) ;
#8693 = EDGE_CURVE ( 'NONE', #4195, #5902, #4099, .T. ) ;
#8694 = PLANE ( 'NONE',  #2638 ) ;
#8695 = ORIENTED_EDGE ( 'NONE', *, *, #6122, .F. ) ;
#8696 = ORIENTED_EDGE ( 'NONE', *, *, #27, .F. ) ;
#8697 = VECTOR ( 'NONE', #1692, 1000.000000000000000 ) ;
#8698 = CARTESIAN_POINT ( 'NONE',  ( 0.1000000000000132727, 7.100000000000008527, 2.850000000000056488 ) ) ;
#8699 = ORIENTED_EDGE ( 'NONE', *, *, #3820, .T. ) ;
#8700 = MECHANICAL_DESIGN_GEOMETRIC_PRESENTATION_REPRESENTATION (  '', ( #3438 ), #902 ) ;
#8701 = VECTOR ( 'NONE', #6956, 1000.000000000000114 ) ;
#8702 = LINE ( 'NONE', #10313, #709 ) ;
#8703 = ADVANCED_FACE ( 'NONE', ( #18 ), #1702, .T. ) ;
#8704 = CARTESIAN_POINT ( 'NONE',  ( 1.398548747334997122, 8.959230384172009565, -4.649999999999945288 ) ) ;
#8705 = ORIENTED_EDGE ( 'NONE', *, *, #1801, .T. ) ;
#8706 =( GEOMETRIC_REPRESENTATION_CONTEXT ( 3 ) GLOBAL_UNCERTAINTY_ASSIGNED_CONTEXT ( ( #1663 ) ) GLOBAL_UNIT_ASSIGNED_CONTEXT ( ( #3143, #5439, #622 ) ) REPRESENTATION_CONTEXT ( 'NONE', 'WORKASPACE' ) );
#8707 = CARTESIAN_POINT ( 'NONE',  ( 9.699999999999999289, 5.400000000000024336, -6.649999999999960387 ) ) ;
#8708 = LINE ( 'NONE', #10317, #1637 ) ;
#8709 = LINE ( 'NONE', #10318, #3609 ) ;
#8710 = EDGE_CURVE ( 'NONE', #9712, #5404, #392, .T. ) ;
#8711 = EDGE_LOOP ( 'NONE', ( #1137, #6467, #2173, #8233 ) ) ;
#8712 = LINE ( 'NONE', #7887, #2232 ) ;
#8713 = EDGE_CURVE ( 'NONE', #4748, #7125, #6323, .T. ) ;
#8714 = FILL_AREA_STYLE_COLOUR ( '', #438 ) ;
#8715 = VECTOR ( 'NONE', #10152, 1000.000000000000000 ) ;
#8716 = EDGE_CURVE ( 'NONE', #8406, #4329, #1686, .T. ) ;
#8717 = SURFACE_STYLE_FILL_AREA ( #3120 ) ;
#8718 = CARTESIAN_POINT ( 'NONE',  ( -0.1999999927999856486, 4.200000000000007283, 1.439999994600056787 ) ) ;
#8719 = ORIENTED_EDGE ( 'NONE', *, *, #7283, .F. ) ;
#8720 = LINE ( 'NONE', #3828, #56 ) ;
#8721 = VECTOR ( 'NONE', #4902, 1000.000000000000000 ) ;
#8722 = LINE ( 'NONE', #6281, #2597 ) ;
#8723 = CARTESIAN_POINT ( 'NONE',  ( -0.1999999927999769611, 4.200000000000007283, 6.439999994600056787 ) ) ;
#8724 = LINE ( 'NONE', #9463, #1437 ) ;
#8725 = VECTOR ( 'NONE', #2081, 1000.000000000000000 ) ;
#8726 = EDGE_LOOP ( 'NONE', ( #8138, #5559, #9689, #5348 ) ) ;
#8727 = VECTOR ( 'NONE', #168, 1000.000000000000000 ) ;
#8728 = AXIS2_PLACEMENT_3D ( 'NONE', #8311, #10122, #1074 ) ;
#8729 = EDGE_CURVE ( 'NONE', #8621, #8836, #856, .T. ) ;
#8730 = SURFACE_STYLE_FILL_AREA ( #2233 ) ;
#8731 = DIRECTION ( 'NONE',  ( -1.748601263784621946E-15, 0.0000000000000000000, -1.000000000000000000 ) ) ;
#8732 = CARTESIAN_POINT ( 'NONE',  ( 0.1000000000000011297, 8.200000000000008171, -2.175158234186943318 ) ) ;
#8733 = CARTESIAN_POINT ( 'NONE',  ( -0.1999999993499926854, 8.599999999630806968, 1.439999997785056829 ) ) ;
#8734 = ORIENTED_EDGE ( 'NONE', *, *, #6175, .T. ) ;
#8735 = ORIENTED_EDGE ( 'NONE', *, *, #1240, .F. ) ;
#8736 = ORIENTED_EDGE ( 'NONE', *, *, #8960, .F. ) ;
#8737 = LINE ( 'NONE', #568, #3914 ) ;
#8738 = MECHANICAL_DESIGN_GEOMETRIC_PRESENTATION_REPRESENTATION (  '', ( #9759 ), #1941 ) ;
#8739 = VERTEX_POINT ( 'NONE', #9671 ) ;
#8740 = STYLED_ITEM ( 'NONE', ( #1857 ), #3339 ) ;
#8741 = VECTOR ( 'NONE', #7572, 1000.000000000000114 ) ;
#8742 = AXIS2_PLACEMENT_3D ( 'NONE', #4200, #839, #5624 ) ;
#8743 = CARTESIAN_POINT ( 'NONE',  ( 1.499999999999999556, 8.200000000000009948, -3.684999999999946318 ) ) ;
#8744 = ORIENTED_EDGE ( 'NONE', *, *, #2812, .F. ) ;
#8745 = FILL_AREA_STYLE ('',( #5503 ) ) ;
#8746 = PLANE ( 'NONE',  #393 ) ;
#8747 = CARTESIAN_POINT ( 'NONE',  ( 0.5000000000000195399, 6.844714285714308843, 6.350000000000055600 ) ) ;
#8748 = ORIENTED_EDGE ( 'NONE', *, *, #1301, .F. ) ;
#8749 = VECTOR ( 'NONE', #7445, 1000.000000000000000 ) ;
#8750 = ORIENTED_EDGE ( 'NONE', *, *, #6903, .F. ) ;
#8751 = AXIS2_PLACEMENT_3D ( 'NONE', #5501, #672, #10391 ) ;
#8752 = CARTESIAN_POINT ( 'NONE',  ( 3.950000000000008171, 7.650000000000014566, 0.8500000000000494937 ) ) ;
#8753 = VECTOR ( 'NONE', #9437, 1000.000000000000000 ) ;
#8754 = ORIENTED_EDGE ( 'NONE', *, *, #5988, .F. ) ;
#8755 = AXIS2_PLACEMENT_3D ( 'NONE', #9907, #5879, #9969 ) ;
#8756 = CARTESIAN_POINT ( 'NONE',  ( 9.699999995709024603, 5.400000000655023946, 8.728679656725038427 ) ) ;
#8757 = EDGE_CURVE ( 'NONE', #740, #8925, #8548, .T. ) ;
#8758 = VECTOR ( 'NONE', #7957, 1000.000000000000000 ) ;
#8759 = DIRECTION ( 'NONE',  ( -1.644517855226008195E-15, 1.000000000000000000, 2.890435660536364269E-30 ) ) ;
#8760 = LINE ( 'NONE', #6314, #220 ) ;
#8761 = ORIENTED_EDGE ( 'NONE', *, *, #3423, .T. ) ;
#8762 = DIRECTION ( 'NONE',  ( 1.644517855226007998E-15, -1.000000000000000000, -2.890435660536363919E-30 ) ) ;
#8763 = CARTESIAN_POINT ( 'NONE',  ( 1.400000000000008793, 7.650000000000010125, 0.8500000000000538236 ) ) ;
#8764 = CARTESIAN_POINT ( 'NONE',  ( 1.398548747335023101, 8.959230384172009565, 10.35000000000005294 ) ) ;
#8765 = DIRECTION ( 'NONE',  ( 0.9486832980505233159, 1.560126622598782925E-15, -0.3162277660168096305 ) ) ;
#8766 = VECTOR ( 'NONE', #3868, 1000.000000000000000 ) ;
#8767 = EDGE_CURVE ( 'NONE', #8082, #9201, #9792, .T. ) ;
#8768 = ADVANCED_FACE ( 'NONE', ( #9729 ), #4841, .T. ) ;
#8769 = VERTEX_POINT ( 'NONE', #8153 ) ;
#8770 = PRESENTATION_STYLE_ASSIGNMENT (( #3063 ) ) ;
#8771 = ORIENTED_EDGE ( 'NONE', *, *, #4255, .F. ) ;
#8772 = DIRECTION ( 'NONE',  ( -1.000000000000000000, -1.644517855226007801E-15, 1.748601263784621748E-15 ) ) ;
#8773 = DIRECTION ( 'NONE',  ( 1.748601263784621946E-15, 0.0000000000000000000, 1.000000000000000000 ) ) ;
#8774 = DIRECTION ( 'NONE',  ( 1.000000000000000000, 1.644517855226007998E-15, -1.748601263784621946E-15 ) ) ;
#8775 = DIRECTION ( 'NONE',  ( -1.000000000000000000, -1.734723475976807489E-15, 1.734723475976807489E-15 ) ) ;
#8776 = ORIENTED_EDGE ( 'NONE', *, *, #2548, .T. ) ;
#8777 = DIRECTION ( 'NONE',  ( 1.748601263784621946E-15, 0.0000000000000000000, 1.000000000000000000 ) ) ;
#8778 = DIRECTION ( 'NONE',  ( -1.000000000000000000, -1.644517855226007998E-15, 1.748601263784621946E-15 ) ) ;
#8779 = ADVANCED_FACE ( 'NONE', ( #8110 ), #8879, .F. ) ;
#8780 = EDGE_CURVE ( 'NONE', #3031, #2217, #5708, .T. ) ;
#8781 = DIRECTION ( 'NONE',  ( 1.644517855226007998E-15, -1.000000000000000000, -2.890435660536363919E-30 ) ) ;
#8782 = VERTEX_POINT ( 'NONE', #4053 ) ;
#8783 = CARTESIAN_POINT ( 'NONE',  ( 8.800000000000025580, 7.144714285714321989, 10.35000000000004050 ) ) ;
#8784 = UNCERTAINTY_MEASURE_WITH_UNIT (LENGTH_MEASURE( 1.000000000000000082E-05 ), #903, 'distance_accuracy_value', 'NONE');
#8785 = CARTESIAN_POINT ( 'NONE',  ( 1.500000000000008216, 7.650000000000010125, 0.8500000000000538236 ) ) ;
#8786 = ORIENTED_EDGE ( 'NONE', *, *, #1816, .T. ) ;
#8787 = ORIENTED_EDGE ( 'NONE', *, *, #2786, .T. ) ;
#8788 = VERTEX_POINT ( 'NONE', #1597 ) ;
#8789 = CARTESIAN_POINT ( 'NONE',  ( -0.1999999993500031215, 8.599999999630806968, -4.739999997784941854 ) ) ;
#8790 = ORIENTED_EDGE ( 'NONE', *, *, #9848, .T. ) ;
#8791 = DIRECTION ( 'NONE',  ( -1.748601263784621748E-15, 1.482966057179082451E-32, -1.000000000000000000 ) ) ;
#8792 = SURFACE_STYLE_FILL_AREA ( #5563 ) ;
#8793 = ADVANCED_FACE ( 'NONE', ( #6440 ), #9623, .F. ) ;
#8794 = ORIENTED_EDGE ( 'NONE', *, *, #8642, .T. ) ;
#8795 =( NAMED_UNIT ( * ) PLANE_ANGLE_UNIT ( ) SI_UNIT ( $, .RADIAN. ) );
#8796 = FILL_AREA_STYLE_COLOUR ( '', #6901 ) ;
#8797 = ORIENTED_EDGE ( 'NONE', *, *, #8536, .T. ) ;
#8798 = ORIENTED_EDGE ( 'NONE', *, *, #1292, .F. ) ;
#8799 = PLANE ( 'NONE',  #8001 ) ;
#8800 = PRESENTATION_STYLE_ASSIGNMENT (( #8180 ) ) ;
#8801 = ORIENTED_EDGE ( 'NONE', *, *, #8831, .F. ) ;
#8802 = PLANE ( 'NONE',  #4673 ) ;
#8803 = PLANE ( 'NONE',  #6315 ) ;
#8804 = LINE ( 'NONE', #2160, #7181 ) ;
#8805 = CARTESIAN_POINT ( 'NONE',  ( 1.849999999999999201, 6.250000000000010658, -5.649999999999946176 ) ) ;
#8806 = CARTESIAN_POINT ( 'NONE',  ( 0.09999999999999592548, 9.638089535208006708, -4.649999999999943512 ) ) ;
#8807 = EDGE_LOOP ( 'NONE', ( #6860, #8850, #9349, #9179 ) ) ;
#8808 = ORIENTED_EDGE ( 'NONE', *, *, #7749, .F. ) ;
#8809 = LINE ( 'NONE', #4675, #1909 ) ;
#8810 = DIRECTION ( 'NONE',  ( 1.644517855226008195E-15, -1.000000000000000000, -2.890435660536364269E-30 ) ) ;
#8811 = CARTESIAN_POINT ( 'NONE',  ( 3.950000000000001954, 7.650000000000014566, -2.799999999999950973 ) ) ;
#8812 = ORIENTED_EDGE ( 'NONE', *, *, #2269, .T. ) ;
#8813 = LINE ( 'NONE', #1588, #8362 ) ;
#8814 = DIRECTION ( 'NONE',  ( -1.644517855226007998E-15, 1.000000000000000000, 2.890435660536363919E-30 ) ) ;
#8815 = ORIENTED_EDGE ( 'NONE', *, *, #7379, .F. ) ;
#8816 = EDGE_CURVE ( 'NONE', #8203, #638, #3176, .T. ) ;
#8817 = CARTESIAN_POINT ( 'NONE',  ( 2.400000000000020339, 10.60000000000001030, 10.35000000000005294 ) ) ;
#8818 = DIRECTION ( 'NONE',  ( 1.748601263784621946E-15, 0.0000000000000000000, 1.000000000000000000 ) ) ;
#8819 = FACE_OUTER_BOUND ( 'NONE', #5775, .T. ) ;
#8820 = EDGE_CURVE ( 'NONE', #3901, #5935, #5646, .T. ) ;
#8821 = FACE_OUTER_BOUND ( 'NONE', #10215, .T. ) ;
#8822 = DIRECTION ( 'NONE',  ( 1.644517855226008195E-15, -1.000000000000000000, -2.890435660536364269E-30 ) ) ;
#8823 = CARTESIAN_POINT ( 'NONE',  ( 11.00000000000000000, 5.200000000000025935, -6.354540768504962855 ) ) ;
#8824 = ORIENTED_EDGE ( 'NONE', *, *, #6053, .T. ) ;
#8825 = LINE ( 'NONE', #3834, #5005 ) ;
#8826 = LINE ( 'NONE', #6446, #5987 ) ;
#8827 = CIRCLE ( 'NONE', #5612, 2.050000000001999556 ) ;
#8828 = CARTESIAN_POINT ( 'NONE',  ( 10.99999999999999112, 11.75000000000002487, -5.049999999999961631 ) ) ;
#8829 = ORIENTED_EDGE ( 'NONE', *, *, #4684, .F. ) ;
#8830 = MECHANICAL_DESIGN_GEOMETRIC_PRESENTATION_REPRESENTATION (  '', ( #2882 ), #10204 ) ;
#8831 = EDGE_CURVE ( 'NONE', #7990, #6957, #3123, .T. ) ;
#8832 = DIRECTION ( 'NONE',  ( 1.644517855226007801E-15, -1.000000000000000000, -2.890435660536363568E-30 ) ) ;
#8833 = FILL_AREA_STYLE ('',( #4856 ) ) ;
#8834 = ORIENTED_EDGE ( 'NONE', *, *, #10174, .T. ) ;
#8835 = DIRECTION ( 'NONE',  ( 1.644517855226007998E-15, -1.000000000000000000, -2.890435660536363919E-30 ) ) ;
#8836 = VERTEX_POINT ( 'NONE', #7189 ) ;
#8837 = VERTEX_POINT ( 'NONE', #2335 ) ;
#8838 = PLANE ( 'NONE',  #1722 ) ;
#8839 = ADVANCED_FACE ( 'NONE', ( #8819 ), #3446, .F. ) ;
#8840 = ADVANCED_FACE ( 'NONE', ( #3550 ), #5968, .F. ) ;
#8841 = CARTESIAN_POINT ( 'NONE',  ( 0.5000000000000195399, 0.7500000000000093259, 0.3500000000000568767 ) ) ;
#8842 = VECTOR ( 'NONE', #3479, 1000.000000000000000 ) ;
#8843 = EDGE_LOOP ( 'NONE', ( #10170, #7636, #3095, #2794 ) ) ;
#8844 = LINE ( 'NONE', #9645, #2970 ) ;
#8845 = SURFACE_SIDE_STYLE ('',( #6962 ) ) ;
#8846 = CARTESIAN_POINT ( 'NONE',  ( 0.1000000000000045991, 10.60000000000000675, 1.350000000000056044 ) ) ;
#8847 = EDGE_CURVE ( 'NONE', #7376, #10164, #9184, .T. ) ;
#8848 = VERTEX_POINT ( 'NONE', #9243 ) ;
#8849 = VECTOR ( 'NONE', #2387, 1000.000000000000000 ) ;
#8850 = ORIENTED_EDGE ( 'NONE', *, *, #862, .T. ) ;
#8851 = DIRECTION ( 'NONE',  ( -1.644517855226007998E-15, 1.000000000000000000, 2.875605999964573094E-30 ) ) ;
#8852 = LINE ( 'NONE', #789, #5513 ) ;
#8853 = PRODUCT_CONTEXT ( 'NONE', #4699, 'mechanical' ) ;
#8854 = ORIENTED_EDGE ( 'NONE', *, *, #3862, .F. ) ;
#8855 = VECTOR ( 'NONE', #4994, 1000.000000000000000 ) ;
#8856 = FACE_OUTER_BOUND ( 'NONE', #1106, .T. ) ;
#8857 = COLOUR_RGB ( '',1.000000000000000000, 1.000000000000000000, 1.000000000000000000 ) ;
#8858 = CYLINDRICAL_SURFACE ( 'NONE', #7239, 0.9999999999999991118 ) ;
#8859 = CARTESIAN_POINT ( 'NONE',  ( 11.00000000000002487, 7.450000000000025935, 10.85000000000003695 ) ) ;
#8860 = AXIS2_PLACEMENT_3D ( 'NONE', #3552, #1065, #4216 ) ;
#8861 = COLOUR_RGB ( '',1.000000000000000000, 1.000000000000000000, 1.000000000000000000 ) ;
#8862 = PLANE ( 'NONE',  #4349 ) ;
#8863 = ADVANCED_FACE ( 'NONE', ( #7569 ), #2753, .T. ) ;
#8864 = ORIENTED_EDGE ( 'NONE', *, *, #1801, .F. ) ;
#8865 = ORIENTED_EDGE ( 'NONE', *, *, #5336, .F. ) ;
#8866 = CARTESIAN_POINT ( 'NONE',  ( 8.800000000000016698, 7.144714285714321989, 5.350000000000041389 ) ) ;
#8867 = FACE_OUTER_BOUND ( 'NONE', #9111, .T. ) ;
#8868 = DIRECTION ( 'NONE',  ( 1.644517855226008195E-15, -1.000000000000000000, -2.890435660536364269E-30 ) ) ;
#8869 = VERTEX_POINT ( 'NONE', #5010 ) ;
#8870 = CARTESIAN_POINT ( 'NONE',  ( -0.5999999999999928724, 10.75000000000000533, 2.650000000000056755 ) ) ;
#8871 = VECTOR ( 'NONE', #4463, 1000.000000000000000 ) ;
#8872 = SURFACE_STYLE_USAGE ( .BOTH. , #7405 ) ;
#8873 = STYLED_ITEM ( 'NONE', ( #1998 ), #4209 ) ;
#8874 = STYLED_ITEM ( 'NONE', ( #1135 ), #9620 ) ;
#8875 = ORIENTED_EDGE ( 'NONE', *, *, #4821, .F. ) ;
#8876 = DIRECTION ( 'NONE',  ( -1.644517855226008195E-15, 1.000000000000000000, 2.890435660536364269E-30 ) ) ;
#8877 = DIRECTION ( 'NONE',  ( 1.801095893066396184E-14, 1.000000000000000000, -1.965547678589003492E-14 ) ) ;
#8878 = ORIENTED_EDGE ( 'NONE', *, *, #4451, .T. ) ;
#8879 = PLANE ( 'NONE',  #5644 ) ;
#8880 = FILL_AREA_STYLE ('',( #7301 ) ) ;
#8881 = FACE_OUTER_BOUND ( 'NONE', #417, .T. ) ;
#8882 = CARTESIAN_POINT ( 'NONE',  ( 0.1000000000000236811, 9.638089535207008396, 11.35000000000005471 ) ) ;
#8883 = ORIENTED_EDGE ( 'NONE', *, *, #1348, .T. ) ;
#8884 = FACE_OUTER_BOUND ( 'NONE', #6198, .T. ) ;
#8885 = LINE ( 'NONE', #1605, #3247 ) ;
#8886 = VECTOR ( 'NONE', #4410, 1000.000000000000000 ) ;
#8887 = VECTOR ( 'NONE', #1026, 1000.000000000000000 ) ;
#8888 = PRESENTATION_LAYER_ASSIGNMENT (  '', '', ( #2608 ) ) ;
#8889 =( NAMED_UNIT ( * ) SI_UNIT ( $, .STERADIAN. ) SOLID_ANGLE_UNIT ( ) );
#8890 = CARTESIAN_POINT ( 'NONE',  ( 1.299999999999999156, 7.100000000000010303, -5.749999999999944933 ) ) ;
#8891 = ORIENTED_EDGE ( 'NONE', *, *, #6837, .F. ) ;
#8892 = CIRCLE ( 'NONE', #10255, 2.050000000001999556 ) ;
#8893 = UNCERTAINTY_MEASURE_WITH_UNIT (LENGTH_MEASURE( 1.000000000000000082E-05 ), #5207, 'distance_accuracy_value', 'NONE');
#8894 = CARTESIAN_POINT ( 'NONE',  ( 9.800000000000016698, 7.144714285714323765, 6.350000000000038725 ) ) ;
#8895 = CARTESIAN_POINT ( 'NONE',  ( 2.400000000000034106, 5.400000000000012790, 12.97132034356005192 ) ) ;
#8896 = ORIENTED_EDGE ( 'NONE', *, *, #663, .T. ) ;
#8897 = VERTEX_POINT ( 'NONE', #4259 ) ;
#8898 = VERTEX_POINT ( 'NONE', #5870 ) ;
#8899 = LINE ( 'NONE', #10497, #6999 ) ;
#8900 = MECHANICAL_DESIGN_GEOMETRIC_PRESENTATION_REPRESENTATION (  '', ( #6191 ), #4495 ) ;
#8901 = ADVANCED_FACE ( 'NONE', ( #4369 ), #6712, .F. ) ;
#8902 = EDGE_CURVE ( 'NONE', #7397, #8545, #10228, .T. ) ;
#8903 = CARTESIAN_POINT ( 'NONE',  ( 7.999999999999988454, 11.55000000000002025, -6.649999999999956835 ) ) ;
#8904 = EDGE_LOOP ( 'NONE', ( #3034, #4840, #3791, #6920, #5964 ) ) ;
#8905 = EDGE_CURVE ( 'NONE', #512, #9091, #3391, .T. ) ;
#8906 = CARTESIAN_POINT ( 'NONE',  ( 0.6000000000000085265, 8.200000000000009948, 1.395555555000055126 ) ) ;
#8907 = FILL_AREA_STYLE ('',( #2849 ) ) ;
#8908 = FACE_OUTER_BOUND ( 'NONE', #1177, .T. ) ;
#8909 = ORIENTED_EDGE ( 'NONE', *, *, #10285, .F. ) ;
#8910 = VECTOR ( 'NONE', #8202, 1000.000000000000000 ) ;
#8911 = VERTEX_POINT ( 'NONE', #4214 ) ;
#8912 = PLANE ( 'NONE',  #543 ) ;
#8913 = CARTESIAN_POINT ( 'NONE',  ( 1.500000000000018652, 8.109625349781611092, 6.315000000000053682 ) ) ;
#8914 = ORIENTED_EDGE ( 'NONE', *, *, #5486, .F. ) ;
#8915 = COLOUR_RGB ( '',1.000000000000000000, 1.000000000000000000, 1.000000000000000000 ) ;
#8916 = VECTOR ( 'NONE', #7107, 1000.000000000000000 ) ;
#8917 = EDGE_CURVE ( 'NONE', #8911, #6984, #9138, .T. ) ;
#8918 = EDGE_CURVE ( 'NONE', #7961, #7128, #5109, .T. ) ;
#8919 = SURFACE_STYLE_FILL_AREA ( #9825 ) ;
#8920 = CARTESIAN_POINT ( 'NONE',  ( -0.9999999999999991118, 10.75000000000000533, -0.9499999999999404476 ) ) ;
#8921 = SURFACE_SIDE_STYLE ('',( #8243 ) ) ;
#8922 = VECTOR ( 'NONE', #553, 1000.000000000000000 ) ;
#8923 = PRESENTATION_STYLE_ASSIGNMENT (( #3380 ) ) ;
#8924 = ORIENTED_EDGE ( 'NONE', *, *, #9499, .T. ) ;
#8925 = VERTEX_POINT ( 'NONE', #7467 ) ;
#8926 = DIRECTION ( 'NONE',  ( -1.644517855226008195E-15, 1.000000000000000000, 2.890435660536364269E-30 ) ) ;
#8927 = PRESENTATION_LAYER_ASSIGNMENT (  '', '', ( #1116 ) ) ;
#8928 = DIRECTION ( 'NONE',  ( 1.000000000000000000, 1.644517855226007998E-15, -1.748601263784621946E-15 ) ) ;
#8929 = CARTESIAN_POINT ( 'NONE',  ( 0.7500000000000075495, 8.200000000000009948, 1.340000000000055591 ) ) ;
#8930 = ORIENTED_EDGE ( 'NONE', *, *, #7714, .T. ) ;
#8931 = LINE ( 'NONE', #2325, #8697 ) ;
#8932 = VECTOR ( 'NONE', #4490, 1000.000000000000000 ) ;
#8933 = STYLED_ITEM ( 'NONE', ( #3731 ), #6834 ) ;
#8934 = EDGE_CURVE ( 'NONE', #6874, #1830, #9092, .T. ) ;
#8935 = ORIENTED_EDGE ( 'NONE', *, *, #2401, .F. ) ;
#8936 = PLANE ( 'NONE',  #5206 ) ;
#8937 = DIRECTION ( 'NONE',  ( 0.0000000000000000000, -0.7142857142856899877, -0.6998542122237899621 ) ) ;
#8938 = ORIENTED_EDGE ( 'NONE', *, *, #1991, .T. ) ;
#8939 = CARTESIAN_POINT ( 'NONE',  ( 2.400000000000016787, 7.450000000000011724, 5.850000000000052047 ) ) ;
#8940 = AXIS2_PLACEMENT_3D ( 'NONE', #8763, #8928, #743 ) ;
#8941 = DIRECTION ( 'NONE',  ( 1.748601263784621748E-15, 0.0000000000000000000, 1.000000000000000000 ) ) ;
#8942 = LINE ( 'NONE', #9095, #3645 ) ;
#8943 = ORIENTED_EDGE ( 'NONE', *, *, #2381, .T. ) ;
#8944 = PLANE ( 'NONE',  #3065 ) ;
#8945 = FILL_AREA_STYLE_COLOUR ( '', #9769 ) ;
#8946 = ORIENTED_EDGE ( 'NONE', *, *, #5197, .T. ) ;
#8947 = DIRECTION ( 'NONE',  ( -0.1788854382000027443, -2.941802971598302358E-16, -0.9838699100999038771 ) ) ;
#8948 = DIRECTION ( 'NONE',  ( -1.000000000000000000, -1.734723475976807489E-15, 1.734723475976807489E-15 ) ) ;
#8949 = ORIENTED_EDGE ( 'NONE', *, *, #6053, .F. ) ;
#8950 = EDGE_LOOP ( 'NONE', ( #3549, #9986, #5511, #304 ) ) ;
#8951 = ORIENTED_EDGE ( 'NONE', *, *, #9233, .F. ) ;
#8952 = DIRECTION ( 'NONE',  ( 1.644517855226008195E-15, -1.000000000000000000, -2.890435660536364269E-30 ) ) ;
#8953 = DIRECTION ( 'NONE',  ( -0.1520571842539017449, -2.500607545209352511E-16, 0.9883716976506232710 ) ) ;
#8954 = LINE ( 'NONE', #9755, #10124 ) ;
#8955 = ORIENTED_EDGE ( 'NONE', *, *, #9156, .F. ) ;
#8956 = DIRECTION ( 'NONE',  ( -0.8933250006747832650, 0.4466625002858897187, -0.04962916489077740662 ) ) ;
#8957 = EDGE_CURVE ( 'NONE', #798, #7025, #816, .T. ) ;
#8958 = ORIENTED_EDGE ( 'NONE', *, *, #4158, .T. ) ;
#8959 = VERTEX_POINT ( 'NONE', #291 ) ;
#8960 = EDGE_CURVE ( 'NONE', #9001, #6772, #5062, .T. ) ;
#8961 = CARTESIAN_POINT ( 'NONE',  ( 11.00000000000004441, 3.750000000000026201, 13.35000000000005471 ) ) ;
#8962 = DIRECTION ( 'NONE',  ( 1.000000000000000000, 1.644517855226007998E-15, -1.748601263784621946E-15 ) ) ;
#8963 = ORIENTED_EDGE ( 'NONE', *, *, #855, .F. ) ;
#8964 = CARTESIAN_POINT ( 'NONE',  ( 9.800000000000016698, 7.394714285714323765, 6.100000000000038725 ) ) ;
#8965 = DIRECTION ( 'NONE',  ( 1.000000000000000000, 1.644517855226007998E-15, -1.748601263784621946E-15 ) ) ;
#8966 = EDGE_CURVE ( 'NONE', #7, #8031, #1561, .T. ) ;
#8967 = CARTESIAN_POINT ( 'NONE',  ( 2.400000000000016787, 5.400000000000012790, 3.728679656440054391 ) ) ;
#8968 = LINE ( 'NONE', #1684, #6148 ) ;
#8969 = CARTESIAN_POINT ( 'NONE',  ( 11.00000000000001421, 7.650000000000026112, 5.350000000000037836 ) ) ;
#8970 = ORIENTED_EDGE ( 'NONE', *, *, #10407, .F. ) ;
#8971 = ORIENTED_EDGE ( 'NONE', *, *, #5535, .T. ) ;
#8972 = DIRECTION ( 'NONE',  ( 0.9486832980505233159, 1.560126622598782925E-15, -0.3162277660168096305 ) ) ;
#8973 = CARTESIAN_POINT ( 'NONE',  ( 1.500000000000016875, 8.200000000000009948, 6.315000000000053682 ) ) ;
#8974 = ADVANCED_FACE ( 'NONE', ( #340 ), #1818, .F. ) ;
#8975 = CARTESIAN_POINT ( 'NONE',  ( 0.7400000000000305223, 4.200000000000009059, 10.35000000000005294 ) ) ;
#8976 = EDGE_LOOP ( 'NONE', ( #7258, #4267, #4650, #7388, #8250, #858, #9281, #8531, #7221, #2545, #9148, #8601, #2814, #9332 ) ) ;
#8977 = DIRECTION ( 'NONE',  ( -1.000000000000000000, -1.644517855226007998E-15, 1.748601263784621946E-15 ) ) ;
#8978 = B_SPLINE_CURVE_WITH_KNOTS ( 'NONE', 3,
 ( #10253, #4662, #3649, #6908, #3043, #4604, #7114, #637 ),
 .UNSPECIFIED., .F., .F.,
 ( 4, 1, 1, 1, 1, 4 ),
 ( 0.0000000000000000000, 0.2000000000000000111, 0.4000000000000000222, 0.5999999999999999778, 0.8000000000000000444, 1.000000000000000000 ),
 .UNSPECIFIED. ) ;
#8979 = ORIENTED_EDGE ( 'NONE', *, *, #2610, .F. ) ;
#8980 = FILL_AREA_STYLE_COLOUR ( '', #2118 ) ;
#8981 = LINE ( 'NONE', #4946, #6203 ) ;
#8982 = ORIENTED_EDGE ( 'NONE', *, *, #7110, .F. ) ;
#8983 = CARTESIAN_POINT ( 'NONE',  ( -0.9999999999999835687, 4.200000000000005507, 2.650000000000057643 ) ) ;
#8984 = FILL_AREA_STYLE ('',( #6602 ) ) ;
#8985 = EDGE_CURVE ( 'NONE', #847, #7772, #9843, .T. ) ;
#8986 = PLANE ( 'NONE',  #9858 ) ;
#8987 = CARTESIAN_POINT ( 'NONE',  ( 9.699999999999995737, 10.60000000000002274, -3.449999999999960210 ) ) ;
#8988 = VERTEX_POINT ( 'NONE', #9898 ) ;
#8989 = DIRECTION ( 'NONE',  ( -1.133068471788874136E-08, 1.729492617887981537E-09, 0.9999999999999998890 ) ) ;
#8990 = DIRECTION ( 'NONE',  ( 1.000000000000000000, 1.644517855226007801E-15, -1.748601263784621748E-15 ) ) ;
#8991 = CARTESIAN_POINT ( 'NONE',  ( 1.400000000004016032, 7.649999999998870592, 5.849999999998053646 ) ) ;
#8992 = FACE_OUTER_BOUND ( 'NONE', #2899, .T. ) ;
#8993 = DIRECTION ( 'NONE',  ( 1.000000000000000000, 1.644517855226007998E-15, -1.748601263784621946E-15 ) ) ;
#8994 = VERTEX_POINT ( 'NONE', #8707 ) ;
#8995 = UNCERTAINTY_MEASURE_WITH_UNIT (LENGTH_MEASURE( 1.000000000000000082E-05 ), #8577, 'distance_accuracy_value', 'NONE');
#8996 = DIRECTION ( 'NONE',  ( -0.9428090415820737924, -0.2357022603954949391, 0.2357022603954950224 ) ) ;
#8997 = EDGE_CURVE ( 'NONE', #9663, #117, #1421, .T. ) ;
#8998 = ORIENTED_EDGE ( 'NONE', *, *, #6242, .F. ) ;
#8999 = DIRECTION ( 'NONE',  ( -0.8000000000000010436, -1.315614284180806122E-15, -0.5999999999999984235 ) ) ;
#9000 = ORIENTED_EDGE ( 'NONE', *, *, #7083, .F. ) ;
#9001 = VERTEX_POINT ( 'NONE', #5365 ) ;
#9002 = DIRECTION ( 'NONE',  ( 1.000000000000000000, 1.644517855226007998E-15, -1.748601263784621946E-15 ) ) ;
#9003 = AXIS2_PLACEMENT_3D ( 'NONE', #7338, #3272, #7457 ) ;
#9004 = CARTESIAN_POINT ( 'NONE',  ( 0.7500000000000075495, 8.200000000000009948, 1.340000000000055591 ) ) ;
#9005 = ORIENTED_EDGE ( 'NONE', *, *, #6903, .T. ) ;
#9006 = DIRECTION ( 'NONE',  ( 1.748601263784621946E-15, 0.0000000000000000000, 1.000000000000000000 ) ) ;
#9007 = DIRECTION ( 'NONE',  ( -1.748601263784621748E-15, 1.482966057179082451E-32, -1.000000000000000000 ) ) ;
#9008 = DIRECTION ( 'NONE',  ( -1.748601263784621748E-15, 1.482966057179082451E-32, -1.000000000000000000 ) ) ;
#9009 = EDGE_LOOP ( 'NONE', ( #7477, #8834, #7143, #7455, #7237, #3723, #8801, #8875, #5789, #6778 ) ) ;
#9010 = CARTESIAN_POINT ( 'NONE',  ( 11.00000000000002487, 7.650000000000026112, 11.35000000000003695 ) ) ;
#9011 = VERTEX_POINT ( 'NONE', #1210 ) ;
#9012 = DIRECTION ( 'NONE',  ( 1.801095893066396184E-14, 1.000000000000000000, -1.965547678589003492E-14 ) ) ;
#9013 = EDGE_LOOP ( 'NONE', ( #1328, #3374, #4533, #435 ) ) ;
#9014 = EDGE_CURVE ( 'NONE', #8898, #5425, #5415, .T. ) ;
#9015 = AXIS2_PLACEMENT_3D ( 'NONE', #2351, #9523, #5496 ) ;
#9016 = CARTESIAN_POINT ( 'NONE',  ( -0.9999999999999870104, 3.750000000000006217, -0.9499999999999404476 ) ) ;
#9017 = CARTESIAN_POINT ( 'NONE',  ( 0.1000000000000167422, 5.400000000000009237, 3.850000000000057376 ) ) ;
#9018 = DIRECTION ( 'NONE',  ( -1.748601263784621946E-15, 0.0000000000000000000, -1.000000000000000000 ) ) ;
#9019 = ORIENTED_EDGE ( 'NONE', *, *, #13, .F. ) ;
#9020 = CARTESIAN_POINT ( 'NONE',  ( 11.00000000000002132, 12.25000000000002487, 13.35000000000005471 ) ) ;
#9021 = FACE_OUTER_BOUND ( 'NONE', #6615, .T. ) ;
#9022 = COLOUR_RGB ( '',1.000000000000000000, 1.000000000000000000, 1.000000000000000000 ) ;
#9023 = LINE ( 'NONE', #744, #7382 ) ;
#9024 = ORIENTED_EDGE ( 'NONE', *, *, #4651, .T. ) ;
#9025 = CARTESIAN_POINT ( 'NONE',  ( 1.398548747335014442, 8.959230384172009565, 5.350000000000055600 ) ) ;
#9026 = VECTOR ( 'NONE', #5715, 1000.000000000000000 ) ;
#9027 = EDGE_CURVE ( 'NONE', #2781, #2178, #2694, .T. ) ;
#9028 = VECTOR ( 'NONE', #8965, 1000.000000000000000 ) ;
#9029 = EDGE_LOOP ( 'NONE', ( #8228, #7278, #9618, #7329 ) ) ;
#9030 = DIRECTION ( 'NONE',  ( -1.644517855226007801E-15, 1.000000000000000000, 2.890435660536363568E-30 ) ) ;
#9031 = EDGE_CURVE ( 'NONE', #797, #3394, #7723, .T. ) ;
#9032 = LINE ( 'NONE', #16, #271 ) ;
#9033 = VERTEX_POINT ( 'NONE', #7666 ) ;
#9034 = EDGE_CURVE ( 'NONE', #4571, #117, #2955, .T. ) ;
#9035 = AXIS2_PLACEMENT_3D ( 'NONE', #6094, #5132, #10138 ) ;
#9036 = DIRECTION ( 'NONE',  ( -1.748601263784621946E-15, 0.0000000000000000000, -1.000000000000000000 ) ) ;
#9037 = CARTESIAN_POINT ( 'NONE',  ( 1.500000000000023981, 8.200000000000009948, 10.38500000000005308 ) ) ;
#9038 = FACE_OUTER_BOUND ( 'NONE', #3788, .T. ) ;
#9039 = CARTESIAN_POINT ( 'NONE',  ( 2.400000000000001243, 8.200000000000011724, -2.862560681041947941 ) ) ;
#9040 = VERTEX_POINT ( 'NONE', #2208 ) ;
#9041 =( NAMED_UNIT ( * ) SI_UNIT ( $, .STERADIAN. ) SOLID_ANGLE_UNIT ( ) );
#9042 = VECTOR ( 'NONE', #8663, 1000.000000000000000 ) ;
#9043 = AXIS2_PLACEMENT_3D ( 'NONE', #3271, #799, #1643 ) ;
#9044 = EDGE_CURVE ( 'NONE', #6698, #5971, #2164, .T. ) ;
#9045 =( NAMED_UNIT ( * ) PLANE_ANGLE_UNIT ( ) SI_UNIT ( $, .RADIAN. ) );
#9046 = CARTESIAN_POINT ( 'NONE',  ( 1.053312813956242433, 9.143302832356381415, 10.35020531842349989 ) ) ;
#9047 = EDGE_LOOP ( 'NONE', ( #8686, #7984, #634, #9487, #5450, #9067 ) ) ;
#9048 = CARTESIAN_POINT ( 'NONE',  ( -0.5999999999999755529, 4.200000000000007283, 6.740000000000057057 ) ) ;
#9049 = CARTESIAN_POINT ( 'NONE',  ( 9.300000000000006040, 7.644714285714304225, 0.4750000000000413891 ) ) ;
#9050 = ORIENTED_EDGE ( 'NONE', *, *, #5989, .T. ) ;
#9051 =( NAMED_UNIT ( * ) SI_UNIT ( $, .STERADIAN. ) SOLID_ANGLE_UNIT ( ) );
#9052 = ORIENTED_EDGE ( 'NONE', *, *, #561, .T. ) ;
#9053 = EDGE_LOOP ( 'NONE', ( #9961, #6261, #7236, #8790 ) ) ;
#9054 = CARTESIAN_POINT ( 'NONE',  ( 0.7000000000000061728, 8.200000000000009948, 0.3100000000000550093 ) ) ;
#9055 = DIRECTION ( 'NONE',  ( 1.000000000000000000, 1.644517855226007998E-15, -1.748601263784621748E-15 ) ) ;
#9056 = CARTESIAN_POINT ( 'NONE',  ( -0.5999999999999928724, 4.200000000000007283, -3.259999999999943388 ) ) ;
#9057 = COLOUR_RGB ( '',1.000000000000000000, 1.000000000000000000, 1.000000000000000000 ) ;
#9058 = EDGE_CURVE ( 'NONE', #3589, #5821, #8612, .T. ) ;
#9059 = VECTOR ( 'NONE', #7827, 1000.000000000000000 ) ;
#9060 = CARTESIAN_POINT ( 'NONE',  ( 0.1000000000000236811, 5.400000000000009237, 7.850000000000056488 ) ) ;
#9061 = EDGE_LOOP ( 'NONE', ( #621, #6730, #4319, #1627, #2044, #7020 ) ) ;
#9062 = DIRECTION ( 'NONE',  ( 1.000000000000000000, 1.549021660576226239E-12, -6.743308347092845593E-13 ) ) ;
#9063 = AXIS2_PLACEMENT_3D ( 'NONE', #2674, #2827, #356 ) ;
#9064 = DIRECTION ( 'NONE',  ( -1.644517855226007998E-15, 1.000000000000000000, 2.890435660536363919E-30 ) ) ;
#9065 = DIRECTION ( 'NONE',  ( 1.644517855226008195E-15, -1.000000000000000000, -2.890435660536364269E-30 ) ) ;
#9066 = CARTESIAN_POINT ( 'NONE',  ( 0.3996711088700127257, 8.200000000000308376, 4.031003031633058065 ) ) ;
#9067 = ORIENTED_EDGE ( 'NONE', *, *, #5585, .T. ) ;
#9068 = DIRECTION ( 'NONE',  ( -1.644517855226007998E-15, 1.000000000000000000, 2.890435660536363919E-30 ) ) ;
#9069 = CARTESIAN_POINT ( 'NONE',  ( 2.399999999999994138, 8.200000000000011724, -6.649999999999947065 ) ) ;
#9070 = EDGE_LOOP ( 'NONE', ( #1281, #8635, #6775, #3892, #1916, #6365, #7326, #5065, #3056, #3581, #7688, #1996 ) ) ;
#9071 = CONICAL_SURFACE ( 'NONE', #9573, 1.724999996680999459, 0.4636476090007538020 ) ;
#9072 = CARTESIAN_POINT ( 'NONE',  ( -0.9999999999999904521, 10.75000000000000533, 4.050000000000059330 ) ) ;
#9073 = AXIS2_PLACEMENT_3D ( 'NONE', #5820, #5659, #8161 ) ;
#9074 = CARTESIAN_POINT ( 'NONE',  ( 1.400000000000024558, 8.960000000000009734, 10.35613767100505456 ) ) ;
#9075 = DIRECTION ( 'NONE',  ( -0.8933250006747830430, 0.4466625002858897187, 0.04962916489078052912 ) ) ;
#9076 = FACE_OUTER_BOUND ( 'NONE', #6143, .T. ) ;
#9077 = ORIENTED_EDGE ( 'NONE', *, *, #6066, .T. ) ;
#9078 = LINE ( 'NONE', #3430, #4976 ) ;
#9079 = ORIENTED_EDGE ( 'NONE', *, *, #3757, .F. ) ;
#9080 = LINE ( 'NONE', #3494, #470 ) ;
#9081 = PLANE ( 'NONE',  #4310 ) ;
#9082 = EDGE_CURVE ( 'NONE', #9869, #6841, #4522, .T. ) ;
#9083 = DIRECTION ( 'NONE',  ( 1.927470528863119344E-15, 0.0000000000000000000, 1.000000000000000000 ) ) ;
#9084 = AXIS2_PLACEMENT_3D ( 'NONE', #10459, #10402, #8021 ) ;
#9085 = STYLED_ITEM ( 'NONE', ( #1589 ), #5291 ) ;
#9086 = VECTOR ( 'NONE', #945, 1000.000000000000000 ) ;
#9087 = VECTOR ( 'NONE', #7495, 1000.000000000000000 ) ;
#9088 = ORIENTED_EDGE ( 'NONE', *, *, #1360, .T. ) ;
#9089 = AXIS2_PLACEMENT_3D ( 'NONE', #58, #5747, #7452 ) ;
#9090 = LINE ( 'NONE', #9840, #5362 ) ;
#9091 = VERTEX_POINT ( 'NONE', #9393 ) ;
#9092 = LINE ( 'NONE', #1013, #5474 ) ;
#9093 = EDGE_CURVE ( 'NONE', #5640, #3394, #3940, .T. ) ;
#9094 = SURFACE_STYLE_USAGE ( .BOTH. , #7510 ) ;
#9095 = CARTESIAN_POINT ( 'NONE',  ( -0.1999999993499753659, 8.599999999630806968, 11.43999999778505483 ) ) ;
#9096 = CONICAL_SURFACE ( 'NONE', #6219, 1.374999999999999556, 0.03224688243525484360 ) ;
#9097 = ORIENTED_EDGE ( 'NONE', *, *, #287, .T. ) ;
#9098 = CARTESIAN_POINT ( 'NONE',  ( 7.999999999999986677, 12.25000000000001954, -6.649999999999956835 ) ) ;
#9099 = EDGE_CURVE ( 'NONE', #7891, #9725, #4615, .T. ) ;
#9100 = MECHANICAL_DESIGN_GEOMETRIC_PRESENTATION_REPRESENTATION (  '', ( #8933 ), #790 ) ;
#9101 = VECTOR ( 'NONE', #1711, 1000.000000000000000 ) ;
#9102 = EDGE_CURVE ( 'NONE', #5553, #2726, #8038, .T. ) ;
#9103 = EDGE_CURVE ( 'NONE', #3644, #847, #2751, .T. ) ;
#9104 = VECTOR ( 'NONE', #3239, 1000.000000000000000 ) ;
#9105 = FILL_AREA_STYLE ('',( #3351 ) ) ;
#9106 = CARTESIAN_POINT ( 'NONE',  ( 0.7500000066400086540, 7.649999999998869704, 0.8499999999980554222 ) ) ;
#9107 = DIRECTION ( 'NONE',  ( 1.644517855226007998E-15, -1.000000000000000000, -2.890435660536363919E-30 ) ) ;
#9108 = ORIENTED_EDGE ( 'NONE', *, *, #1414, .T. ) ;
#9109 = DIRECTION ( 'NONE',  ( -0.8411784753765673139, 0.5407575913134772261, 1.470885745111887003E-15 ) ) ;
#9110 = VERTEX_POINT ( 'NONE', #9293 ) ;
#9111 = EDGE_LOOP ( 'NONE', ( #5995, #7146, #8015, #8943 ) ) ;
#9112 = CARTESIAN_POINT ( 'NONE',  ( -0.1999999927999700222, 4.200000000000007283, 10.26000000540005708 ) ) ;
#9113 = EDGE_CURVE ( 'NONE', #7025, #6380, #2052, .T. ) ;
#9114 = EDGE_CURVE ( 'NONE', #9496, #4119, #8659, .T. ) ;
#9115 = FILL_AREA_STYLE ('',( #7381 ) ) ;
#9116 = DIRECTION ( 'NONE',  ( 1.748601263784621748E-15, 0.0000000000000000000, 1.000000000000000000 ) ) ;
#9117 = EDGE_LOOP ( 'NONE', ( #4703, #2821, #9914, #2690 ) ) ;
#9118 = CARTESIAN_POINT ( 'NONE',  ( 9.800000000000025580, 7.894714285714324653, 11.10000000000003695 ) ) ;
#9119 = LINE ( 'NONE', #6892, #9963 ) ;
#9120 = ORIENTED_EDGE ( 'NONE', *, *, #6912, .T. ) ;
#9121 = CARTESIAN_POINT ( 'NONE',  ( 0.9356642613500172345, 8.199999999991309352, 7.386924819241055040 ) ) ;
#9122 = ORIENTED_EDGE ( 'NONE', *, *, #9739, .T. ) ;
#9123 = CARTESIAN_POINT ( 'NONE',  ( 8.800000000000027356, 7.144714285714321989, 11.35000000000004050 ) ) ;
#9124 = ADVANCED_FACE ( 'NONE', ( #10208, #2896 ), #6272, .T. ) ;
#9125 = EDGE_LOOP ( 'NONE', ( #10086, #4627, #915, #2863, #6249, #10304 ) ) ;
#9126 = CARTESIAN_POINT ( 'NONE',  ( 1.399999999999999245, 8.959289480517522719, -3.654265157653993956 ) ) ;
#9127 = SURFACE_STYLE_FILL_AREA ( #10096 ) ;
#9128 = ORIENTED_EDGE ( 'NONE', *, *, #6403, .F. ) ;
#9129 = LINE ( 'NONE', #1849, #3767 ) ;
#9130 = ORIENTED_EDGE ( 'NONE', *, *, #7650, .T. ) ;
#9131 = PLANE ( 'NONE',  #7843 ) ;
#9132 =( NAMED_UNIT ( * ) SI_UNIT ( $, .STERADIAN. ) SOLID_ANGLE_UNIT ( ) );
#9133 = DIRECTION ( 'NONE',  ( -1.748601263784621946E-15, 0.0000000000000000000, -1.000000000000000000 ) ) ;
#9134 = DIRECTION ( 'NONE',  ( -0.7071067811865962005, -1.162849727212749320E-15, 0.7071067811864987229 ) ) ;
#9135 = ORIENTED_EDGE ( 'NONE', *, *, #8780, .F. ) ;
#9136 = SURFACE_STYLE_USAGE ( .BOTH. , #3600 ) ;
#9137 = ORIENTED_EDGE ( 'NONE', *, *, #5538, .F. ) ;
#9138 = LINE ( 'NONE', #1859, #10406 ) ;
#9139 = B_SPLINE_CURVE_WITH_KNOTS ( 'NONE', 3,
 ( #9232, #1750, #6701, #4360 ),
 .UNSPECIFIED., .F., .F.,
 ( 4, 4 ),
 ( 0.0000000000000000000, 1.000000000000000000 ),
 .UNSPECIFIED. ) ;
#9140 = CARTESIAN_POINT ( 'NONE',  ( 1.500000000000025535, 8.200000000000009948, 11.34000000000005315 ) ) ;
#9141 = DIRECTION ( 'NONE',  ( 1.000000000000000000, 8.971727675415522682E-11, 3.904768481932621372E-11 ) ) ;
#9142 = EDGE_LOOP ( 'NONE', ( #8133, #5113, #4324, #6572 ) ) ;
#9143 = ADVANCED_FACE ( 'NONE', ( #536 ), #3758, .T. ) ;
#9144 = CARTESIAN_POINT ( 'NONE',  ( 1.400000000000022782, 10.60000000000000853, 11.35000000000005294 ) ) ;
#9145 = ORIENTED_EDGE ( 'NONE', *, *, #3667, .F. ) ;
#9146 = CARTESIAN_POINT ( 'NONE',  ( 1.400000004427009337, 8.199999999929909578, 2.137439316581053461 ) ) ;
#9147 = LINE ( 'NONE', #7024, #9968 ) ;
#9148 = ORIENTED_EDGE ( 'NONE', *, *, #6410, .F. ) ;
#9149 = ORIENTED_EDGE ( 'NONE', *, *, #4929, .T. ) ;
#9150 = ORIENTED_EDGE ( 'NONE', *, *, #3231, .F. ) ;
#9151 = CARTESIAN_POINT ( 'NONE',  ( 0.7400000000000149791, 4.200000000000009059, 1.350000000000055156 ) ) ;
#9152 = ADVANCED_FACE ( 'NONE', ( #7076 ), #10316, .F. ) ;
#9153 = LINE ( 'NONE', #2716, #7393 ) ;
#9154 = CARTESIAN_POINT ( 'NONE',  ( 0.7400000000000063194, 4.200000000000009059, -3.649999999999944844 ) ) ;
#9155 = FACE_OUTER_BOUND ( 'NONE', #6810, .T. ) ;
#9156 = EDGE_CURVE ( 'NONE', #4140, #2429, #7981, .T. ) ;
#9157 = EDGE_LOOP ( 'NONE', ( #3490, #7369, #5586, #3737 ) ) ;
#9158 = CARTESIAN_POINT ( 'NONE',  ( 0.1000000000000115380, 8.199999999999308287, 3.875158234187057626 ) ) ;
#9159 = EDGE_CURVE ( 'NONE', #3340, #2792, #643, .T. ) ;
#9160 = VERTEX_POINT ( 'NONE', #7932 ) ;
#9161 = CARTESIAN_POINT ( 'NONE',  ( 1.400000000000014122, 9.600000000000010303, 5.350000000000055600 ) ) ;
#9162 = LINE ( 'NONE', #882, #8727 ) ;
#9163 = ORIENTED_EDGE ( 'NONE', *, *, #5743, .F. ) ;
#9164 =( GEOMETRIC_REPRESENTATION_CONTEXT ( 3 ) GLOBAL_UNCERTAINTY_ASSIGNED_CONTEXT ( ( #9516 ) ) GLOBAL_UNIT_ASSIGNED_CONTEXT ( ( #7677, #9199, #7739 ) ) REPRESENTATION_CONTEXT ( 'NONE', 'WORKASPACE' ) );
#9165 = EDGE_CURVE ( 'NONE', #176, #9593, #5751, .T. ) ;
#9166 = CARTESIAN_POINT ( 'NONE',  ( 0.09999999999999419076, 8.200000000000008171, -6.649999999999943512 ) ) ;
#9167 = DIRECTION ( 'NONE',  ( -1.748601263784621748E-15, 1.482966057179082451E-32, -1.000000000000000000 ) ) ;
#9168 = ORIENTED_EDGE ( 'NONE', *, *, #9966, .T. ) ;
#9169 = CARTESIAN_POINT ( 'NONE',  ( 9.800000000000014921, 7.894714285714324653, 5.600000000000038725 ) ) ;
#9170 = ORIENTED_EDGE ( 'NONE', *, *, #8820, .T. ) ;
#9171 = DIRECTION ( 'NONE',  ( -2.168404344971009262E-15, 0.9357142857142992654, -0.3527588064246995336 ) ) ;
#9172 = DIRECTION ( 'NONE',  ( -1.748601263784621946E-15, 0.0000000000000000000, -1.000000000000000000 ) ) ;
#9173 = CARTESIAN_POINT ( 'NONE',  ( 0.7500000000000284217, -0.2499999999999906741, 5.600000000000055600 ) ) ;
#9174 = CARTESIAN_POINT ( 'NONE',  ( 1.499999999999999556, 8.109625349781611092, -4.639999999999945501 ) ) ;
#9175 = AXIS2_PLACEMENT_3D ( 'NONE', #1553, #516, #3849 ) ;
#9176 = PRODUCT_RELATED_PRODUCT_CATEGORY ( 'part', '', ( #6970 ) ) ;
#9177 = EDGE_CURVE ( 'NONE', #1691, #9688, #5582, .T. ) ;
#9178 = B_SPLINE_CURVE_WITH_KNOTS ( 'NONE', 3,
 ( #374, #4557, #7613, #9283 ),
 .UNSPECIFIED., .F., .F.,
 ( 4, 4 ),
 ( 0.0000000000000000000, 1.000000000000000000 ),
 .UNSPECIFIED. ) ;
#9179 = ORIENTED_EDGE ( 'NONE', *, *, #2673, .F. ) ;
#9180 = VECTOR ( 'NONE', #9549, 1000.000000000000000 ) ;
#9181 = PLANE ( 'NONE',  #791 ) ;
#9182 = FACE_OUTER_BOUND ( 'NONE', #9796, .T. ) ;
#9183 = ORIENTED_EDGE ( 'NONE', *, *, #2730, .F. ) ;
#9184 = LINE ( 'NONE', #968, #1054 ) ;
#9185 = CARTESIAN_POINT ( 'NONE',  ( 1.400000000000015898, 8.960000000000009734, 5.356137671005056333 ) ) ;
#9186 = DIRECTION ( 'NONE',  ( -0.1520571842539051866, -2.500607545209353004E-16, -0.9883716976506227159 ) ) ;
#9187 = AXIS2_PLACEMENT_3D ( 'NONE', #9576, #7799, #5549 ) ;
#9188 = ORIENTED_EDGE ( 'NONE', *, *, #2490, .T. ) ;
#9189 = CARTESIAN_POINT ( 'NONE',  ( 0.1000000000000340894, 7.650000000000007461, 15.85000000000005471 ) ) ;
#9190 = CIRCLE ( 'NONE', #7857, 1.299999999999999822 ) ;
#9191 = VECTOR ( 'NONE', #1314, 1000.000000000000000 ) ;
#9192 = DIRECTION ( 'NONE',  ( -1.644517855226008195E-15, 1.000000000000000000, 2.890435660536364269E-30 ) ) ;
#9193 = CARTESIAN_POINT ( 'NONE',  ( 0.5000000000000108802, 6.844714285714308843, 1.350000000000055156 ) ) ;
#9194 = VERTEX_POINT ( 'NONE', #3920 ) ;
#9195 = STYLED_ITEM ( 'NONE', ( #280 ), #10299 ) ;
#9196 = AXIS2_PLACEMENT_3D ( 'NONE', #3691, #674, #518 ) ;
#9197 = SURFACE_STYLE_USAGE ( .BOTH. , #9351 ) ;
#9198 = ORIENTED_EDGE ( 'NONE', *, *, #4878, .T. ) ;
#9199 =( NAMED_UNIT ( * ) PLANE_ANGLE_UNIT ( ) SI_UNIT ( $, .RADIAN. ) );
#9200 = CARTESIAN_POINT ( 'NONE',  ( 1.500000000000016875, 8.109625349781611092, 5.360000000000054499 ) ) ;
#9201 = VERTEX_POINT ( 'NONE', #7176 ) ;
#9202 = FACE_OUTER_BOUND ( 'NONE', #4289, .T. ) ;
#9203 = FILL_AREA_STYLE ('',( #4383 ) ) ;
#9204 = EDGE_CURVE ( 'NONE', #3772, #8869, #4828, .T. ) ;
#9205 = VECTOR ( 'NONE', #4041, 1000.000000000000000 ) ;
#9206 = STYLED_ITEM ( 'NONE', ( #10427 ), #3899 ) ;
#9207 = FACE_OUTER_BOUND ( 'NONE', #5958, .T. ) ;
#9208 = VECTOR ( 'NONE', #6910, 1000.000000000000000 ) ;
#9209 = AXIS2_PLACEMENT_3D ( 'NONE', #3420, #10446, #1456 ) ;
#9210 = DIRECTION ( 'NONE',  ( -1.000000000000000000, -1.644517855226007801E-15, 1.748601263784621748E-15 ) ) ;
#9211 = AXIS2_PLACEMENT_3D ( 'NONE', #2736, #1689, #4150 ) ;
#9212 = EDGE_LOOP ( 'NONE', ( #3715, #8864, #2818, #4953, #2440 ) ) ;
#9213 = VECTOR ( 'NONE', #10222, 1000.000000000000000 ) ;
#9214 = CARTESIAN_POINT ( 'NONE',  ( -0.5999999999999825473, 7.650000000000006573, 5.850000000000057376 ) ) ;
#9215 = CARTESIAN_POINT ( 'NONE',  ( 0.7500000000000388578, -0.2499999999999906741, 11.10000000000005471 ) ) ;
#9216 = PLANE ( 'NONE',  #135 ) ;
#9217 = VERTEX_POINT ( 'NONE', #5525 ) ;
#9218 = CARTESIAN_POINT ( 'NONE',  ( 1.327602303228017977, 8.199999999929909578, 7.176803028823052877 ) ) ;
#9219 = VERTEX_POINT ( 'NONE', #6381 ) ;
#9220 = DIRECTION ( 'NONE',  ( 1.748601263784621946E-15, 0.0000000000000000000, 1.000000000000000000 ) ) ;
#9221 = VERTEX_POINT ( 'NONE', #9612 ) ;
#9222 = EDGE_CURVE ( 'NONE', #733, #2072, #9659, .T. ) ;
#9223 = VECTOR ( 'NONE', #5154, 1000.000000000000000 ) ;
#9224 = EDGE_CURVE ( 'NONE', #3465, #6451, #3867, .T. ) ;
#9225 = DIRECTION ( 'NONE',  ( -1.644517855226008195E-15, 1.000000000000000000, 2.890435660536364269E-30 ) ) ;
#9226 = FILL_AREA_STYLE_COLOUR ( '', #4450 ) ;
#9227 = LINE ( 'NONE', #7919, #8753 ) ;
#9228 = ORIENTED_EDGE ( 'NONE', *, *, #8395, .T. ) ;
#9229 = PRESENTATION_LAYER_ASSIGNMENT (  '', '', ( #9743 ) ) ;
#9230 = CARTESIAN_POINT ( 'NONE',  ( 1.000000000000039080, 0.2500000000000097700, 11.22500000000005471 ) ) ;
#9231 = ORIENTED_EDGE ( 'NONE', *, *, #4751, .T. ) ;
#9232 = CARTESIAN_POINT ( 'NONE',  ( 1.400000000000014122, 9.600000000000010303, 5.350000000000055600 ) ) ;
#9233 = EDGE_CURVE ( 'NONE', #3644, #3015, #8809, .T. ) ;
#9234 = DIRECTION ( 'NONE',  ( 0.6000000000000014211, 9.867107131356048382E-16, 0.7999999999999990452 ) ) ;
#9235 = ADVANCED_FACE ( 'NONE', ( #8096 ), #3085, .T. ) ;
#9236 = VECTOR ( 'NONE', #2064, 1000.000000000000000 ) ;
#9237 = VERTEX_POINT ( 'NONE', #7121 ) ;
#9238 = DIRECTION ( 'NONE',  ( 1.748601263784621946E-15, 0.0000000000000000000, 1.000000000000000000 ) ) ;
#9239 = CARTESIAN_POINT ( 'NONE',  ( 1.499999999999997780, 8.200000000000009948, -4.614999999999944258 ) ) ;
#9240 = UNCERTAINTY_MEASURE_WITH_UNIT (LENGTH_MEASURE( 1.000000000000000082E-05 ), #836, 'distance_accuracy_value', 'NONE');
#9241 = VERTEX_POINT ( 'NONE', #63 ) ;
#9242 = VECTOR ( 'NONE', #10260, 1000.000000000000000 ) ;
#9243 = CARTESIAN_POINT ( 'NONE',  ( 9.800000000000016698, 7.394714285714323765, 6.100000000000038725 ) ) ;
#9244 = VECTOR ( 'NONE', #9339, 1000.000000000000000 ) ;
#9245 = FACE_OUTER_BOUND ( 'NONE', #5283, .T. ) ;
#9246 = VECTOR ( 'NONE', #1700, 1000.000000000000000 ) ;
#9247 = DIRECTION ( 'NONE',  ( -1.644517855226008195E-15, 1.000000000000000000, 2.890435660536364269E-30 ) ) ;
#9248 = ADVANCED_FACE ( 'NONE', ( #1520 ), #4771, .F. ) ;
#9249 = EDGE_CURVE ( 'NONE', #2515, #5418, #7337, .T. ) ;
#9250 = VECTOR ( 'NONE', #955, 1000.000000000000227 ) ;
#9251 = FILL_AREA_STYLE_COLOUR ( '', #10291 ) ;
#9252 = DIRECTION ( 'NONE',  ( -1.000000000000000000, -1.644517855226007998E-15, 1.748601263784621946E-15 ) ) ;
#9253 = ORIENTED_EDGE ( 'NONE', *, *, #4491, .F. ) ;
#9254 = MECHANICAL_DESIGN_GEOMETRIC_PRESENTATION_REPRESENTATION (  '', ( #6055 ), #4186 ) ;
#9255 = VECTOR ( 'NONE', #3900, 1000.000000000000000 ) ;
#9256 =( GEOMETRIC_REPRESENTATION_CONTEXT ( 3 ) GLOBAL_UNCERTAINTY_ASSIGNED_CONTEXT ( ( #4962 ) ) GLOBAL_UNIT_ASSIGNED_CONTEXT ( ( #4446, #7609, #8489 ) ) REPRESENTATION_CONTEXT ( 'NONE', 'WORKASPACE' ) );
#9257 = ORIENTED_EDGE ( 'NONE', *, *, #2200, .T. ) ;
#9258 = DIRECTION ( 'NONE',  ( 1.000000000000000000, 1.644517855226007998E-15, -1.748601263784621946E-15 ) ) ;
#9259 = DIRECTION ( 'NONE',  ( 1.000000000000000000, 1.644517855226007998E-15, -1.748601263784621946E-15 ) ) ;
#9260 = ORIENTED_EDGE ( 'NONE', *, *, #6923, .T. ) ;
#9261 = DIRECTION ( 'NONE',  ( -2.168404344971010446E-15, 0.3928571428571054347, -0.9195995135417112110 ) ) ;
#9262 = SURFACE_STYLE_FILL_AREA ( #9203 ) ;
#9263 = PRESENTATION_LAYER_ASSIGNMENT (  '', '', ( #8429 ) ) ;
#9264 = CARTESIAN_POINT ( 'NONE',  ( -0.5999999999999807709, 10.75000000000000533, 9.050000000000057554 ) ) ;
#9265 = PRESENTATION_LAYER_ASSIGNMENT (  '', '', ( #4197 ) ) ;
#9266 = DIRECTION ( 'NONE',  ( 1.634159799354254388E-15, -1.000000000000000000, 0.0000000000000000000 ) ) ;
#9267 = VERTEX_POINT ( 'NONE', #5629 ) ;
#9268 = CARTESIAN_POINT ( 'NONE',  ( 0.09999999999999939493, 5.400000000000009237, -6.649999999999943512 ) ) ;
#9269 = PLANE ( 'NONE',  #2902 ) ;
#9270 = DIRECTION ( 'NONE',  ( -1.000000000000000000, -1.644517855226007801E-15, 1.748601263784621748E-15 ) ) ;
#9271 = ORIENTED_EDGE ( 'NONE', *, *, #8640, .F. ) ;
#9272 = CARTESIAN_POINT ( 'NONE',  ( 8.800000000000014921, 8.144714285714321989, 5.350000000000041389 ) ) ;
#9273 = ORIENTED_EDGE ( 'NONE', *, *, #584, .T. ) ;
#9274 = DIRECTION ( 'NONE',  ( -1.000000000000000000, -1.644517855226007998E-15, 1.748601263784621946E-15 ) ) ;
#9275 = VECTOR ( 'NONE', #5799, 1000.000000000000114 ) ;
#9276 = EDGE_LOOP ( 'NONE', ( #6495, #2051, #4648, #10398 ) ) ;
#9277 = EDGE_CURVE ( 'NONE', #2139, #2708, #6533, .T. ) ;
#9278 = CARTESIAN_POINT ( 'NONE',  ( 1.399999999999999245, 8.958578961035836841, -3.652392644302737246 ) ) ;
#9279 = FACE_OUTER_BOUND ( 'NONE', #7086, .T. ) ;
#9280 = EDGE_CURVE ( 'NONE', #9001, #3164, #3166, .T. ) ;
#9281 = ORIENTED_EDGE ( 'NONE', *, *, #8641, .T. ) ;
#9282 = VERTEX_POINT ( 'NONE', #7289 ) ;
#9283 = CARTESIAN_POINT ( 'NONE',  ( 1.398548747335005782, 8.959230384172009565, 0.3500000000000551559 ) ) ;
#9284 = SURFACE_SIDE_STYLE ('',( #10049 ) ) ;
#9285 = SURFACE_STYLE_USAGE ( .BOTH. , #5454 ) ;
#9286 = CARTESIAN_POINT ( 'NONE',  ( 1.500000000000011768, 6.480000000000010196, 1.350000000000053380 ) ) ;
#9287 = CARTESIAN_POINT ( 'NONE',  ( 9.799999999999998934, 7.394714285714323765, -3.899999999999961720 ) ) ;
#9288 = ORIENTED_EDGE ( 'NONE', *, *, #920, .F. ) ;
#9289 = EDGE_CURVE ( 'NONE', #3388, #2841, #9550, .T. ) ;
#9290 = PLANE ( 'NONE',  #4333 ) ;
#9291 = DIRECTION ( 'NONE',  ( 0.05547001409259343097, 9.122142860490530214E-17, 0.9984603535126307383 ) ) ;
#9292 = ORIENTED_EDGE ( 'NONE', *, *, #10214, .F. ) ;
#9293 = CARTESIAN_POINT ( 'NONE',  ( 11.00000000000001776, 11.75000000000002487, 11.75000000000003730 ) ) ;
#9294 = FACE_OUTER_BOUND ( 'NONE', #9728, .T. ) ;
#9295 = ADVANCED_FACE ( 'NONE', ( #6478 ), #8140, .T. ) ;
#9296 = PRESENTATION_STYLE_ASSIGNMENT (( #6653 ) ) ;
#9297 = EDGE_CURVE ( 'NONE', #353, #10452, #3382, .T. ) ;
#9298 = DIRECTION ( 'NONE',  ( -1.000000000000000000, -7.011711381465521755E-11, -2.377355239868735991E-09 ) ) ;
#9299 = EDGE_LOOP ( 'NONE', ( #7398, #4394, #505, #2695, #6760, #2575 ) ) ;
#9300 = EDGE_CURVE ( 'NONE', #3947, #7941, #5099, .T. ) ;
#9301 = DIRECTION ( 'NONE',  ( -1.000000000000000000, -1.644517855226007801E-15, 1.748601263784621748E-15 ) ) ;
#9302 = CARTESIAN_POINT ( 'NONE',  ( 0.7000000000000061728, 4.200000000000009059, -3.609999999999944809 ) ) ;
#9303 = EDGE_LOOP ( 'NONE', ( #1254, #5881, #5547, #7244 ) ) ;
#9304 = ORIENTED_EDGE ( 'NONE', *, *, #5331, .F. ) ;
#9305 = CARTESIAN_POINT ( 'NONE',  ( 0.5000000000000368594, 0.7500000000000093259, 10.35000000000005649 ) ) ;
#9306 = ORIENTED_EDGE ( 'NONE', *, *, #541, .T. ) ;
#9307 = DIRECTION ( 'NONE',  ( 1.489513996486856603E-09, -1.000000000000000000, 7.237765942743975668E-10 ) ) ;
#9308 = CARTESIAN_POINT ( 'NONE',  ( -0.9999999999999852340, 10.75000000000000533, 7.650000000000058087 ) ) ;
#9309 = ORIENTED_EDGE ( 'NONE', *, *, #2921, .F. ) ;
#9310 = CARTESIAN_POINT ( 'NONE',  ( 1.398548747335005782, 8.959230384172009565, 0.3500000000000551559 ) ) ;
#9311 = CARTESIAN_POINT ( 'NONE',  ( 0.7000000000000321521, 4.200000000000009059, 11.39000000000005386 ) ) ;
#9312 =( LENGTH_UNIT ( ) NAMED_UNIT ( * ) SI_UNIT ( .MILLI., .METRE. ) );
#9313 = EDGE_CURVE ( 'NONE', #4831, #7760, #895, .T. ) ;
#9314 = LINE ( 'NONE', #2025, #2259 ) ;
#9315 = FACE_OUTER_BOUND ( 'NONE', #8009, .T. ) ;
#9316 = UNCERTAINTY_MEASURE_WITH_UNIT (LENGTH_MEASURE( 1.000000000000000082E-05 ), #1999, 'distance_accuracy_value', 'NONE');
#9317 = DIRECTION ( 'NONE',  ( 0.9838699100999044322, 1.617991634378899626E-15, 0.1788854381999992749 ) ) ;
#9318 = LINE ( 'NONE', #9985, #3830 ) ;
#9319 = VERTEX_POINT ( 'NONE', #1105 ) ;
#9320 = LINE ( 'NONE', #9366, #8103 ) ;
#9321 = VERTEX_POINT ( 'NONE', #4936 ) ;
#9322 = LINE ( 'NONE', #2034, #4268 ) ;
#9323 = VERTEX_POINT ( 'NONE', #7554 ) ;
#9324 = CARTESIAN_POINT ( 'NONE',  ( 9.699999999999990408, 10.60000000000002274, -6.649999999999960387 ) ) ;
#9325 = DIRECTION ( 'NONE',  ( -1.748601263784621946E-15, 0.0000000000000000000, -1.000000000000000000 ) ) ;
#9326 = DIRECTION ( 'NONE',  ( 1.000000000000000000, 1.644517855226007801E-15, -1.748601263784621748E-15 ) ) ;
#9327 = EDGE_LOOP ( 'NONE', ( #6789, #4693, #4419, #10341 ) ) ;
#9328 = CARTESIAN_POINT ( 'NONE',  ( 0.1000000000000150074, 5.400000000000009237, 2.850000000000056488 ) ) ;
#9329 = SURFACE_STYLE_FILL_AREA ( #1200 ) ;
#9330 = CIRCLE ( 'NONE', #1519, 3.149999999999999467 ) ;
#9331 =( NAMED_UNIT ( * ) PLANE_ANGLE_UNIT ( ) SI_UNIT ( $, .RADIAN. ) );
#9332 = ORIENTED_EDGE ( 'NONE', *, *, #2801, .F. ) ;
#9333 = CARTESIAN_POINT ( 'NONE',  ( 9.700000000000017053, 12.25000000000002309, 11.55000000000003979 ) ) ;
#9334 = FILL_AREA_STYLE_COLOUR ( '', #7519 ) ;
#9335 = VERTEX_POINT ( 'NONE', #2689 ) ;
#9336 = DIRECTION ( 'NONE',  ( -1.748601263784621946E-15, 0.0000000000000000000, -1.000000000000000000 ) ) ;
#9337 = EDGE_LOOP ( 'NONE', ( #10297, #10438, #9830, #1452 ) ) ;
#9338 = EDGE_CURVE ( 'NONE', #1885, #7032, #4204, .T. ) ;
#9339 = DIRECTION ( 'NONE',  ( 1.644517855226008195E-15, -1.000000000000000000, -2.890435660536364269E-30 ) ) ;
#9340 = CIRCLE ( 'NONE', #8509, 3.149999999999999467 ) ;
#9341 = EDGE_CURVE ( 'NONE', #4770, #8769, #9078, .T. ) ;
#9342 = EDGE_CURVE ( 'NONE', #4871, #4654, #3333, .T. ) ;
#9343 = EDGE_CURVE ( 'NONE', #635, #4348, #1808, .T. ) ;
#9344 = ORIENTED_EDGE ( 'NONE', *, *, #4413, .T. ) ;
#9345 = DIRECTION ( 'NONE',  ( 0.9333456062030537348, 0.3589790793088840637, -1.632049306554483636E-15 ) ) ;
#9346 = CARTESIAN_POINT ( 'NONE',  ( 0.7500000000000249800, 8.200000000000009948, 11.34000000000005492 ) ) ;
#9347 = ORIENTED_EDGE ( 'NONE', *, *, #10105, .T. ) ;
#9348 = AXIS2_PLACEMENT_3D ( 'NONE', #4638, #3022, #7901 ) ;
#9349 = ORIENTED_EDGE ( 'NONE', *, *, #8149, .T. ) ;
#9350 = CARTESIAN_POINT ( 'NONE',  ( 0.7500000000000301981, -0.2499999999999906741, 6.100000000000054712 ) ) ;
#9351 = SURFACE_SIDE_STYLE ('',( #5227 ) ) ;
#9352 = FACE_OUTER_BOUND ( 'NONE', #756, .T. ) ;
#9353 = DIRECTION ( 'NONE',  ( 1.748601263784621946E-15, 0.0000000000000000000, 1.000000000000000000 ) ) ;
#9354 = CARTESIAN_POINT ( 'NONE',  ( 1.400000000000005462, 9.600000000000010303, 0.3500000000000551559 ) ) ;
#9355 = CIRCLE ( 'NONE', #3061, 1.300000000000000266 ) ;
#9356 = FACE_OUTER_BOUND ( 'NONE', #6128, .T. ) ;
#9357 = EDGE_CURVE ( 'NONE', #1850, #10429, #7611, .T. ) ;
#9358 = VECTOR ( 'NONE', #3674, 1000.000000000000227 ) ;
#9359 = B_SPLINE_CURVE_WITH_KNOTS ( 'NONE', 3,
 ( #1827, #4061, #3302, #979, #6503, #7429, #3402, #2505 ),
 .UNSPECIFIED., .F., .F.,
 ( 4, 1, 1, 1, 1, 4 ),
 ( 0.0000000000000000000, 0.2000000000000000111, 0.4000000000000000222, 0.5999999999999999778, 0.8000000000000000444, 1.000000000000000000 ),
 .UNSPECIFIED. ) ;
#9360 = STYLED_ITEM ( 'NONE', ( #5148 ), #1226 ) ;
#9361 = CARTESIAN_POINT ( 'NONE',  ( 3.950000000000017053, 8.144714285714314883, 6.350000000000049383 ) ) ;
#9362 = CARTESIAN_POINT ( 'NONE',  ( 1.327637489682021998, 8.199999999997109157, 9.523216102636054003 ) ) ;
#9363 = DIRECTION ( 'NONE',  ( 1.000000000000000000, 1.644517855226007998E-15, -1.748601263784621946E-15 ) ) ;
#9364 = DIRECTION ( 'NONE',  ( 1.644517855226007801E-15, -1.000000000000000000, -2.890435660536363568E-30 ) ) ;
#9365 = EDGE_LOOP ( 'NONE', ( #2238, #132, #8736, #4091 ) ) ;
#9366 = CARTESIAN_POINT ( 'NONE',  ( 11.00000000000001776, 11.75000000000002487, 11.75000000000003730 ) ) ;
#9367 = AXIS2_PLACEMENT_3D ( 'NONE', #9450, #10162, #6072 ) ;
#9368 = ORIENTED_EDGE ( 'NONE', *, *, #6242, .T. ) ;
#9369 = CARTESIAN_POINT ( 'NONE',  ( 1.500000000000020428, 0.7500000000000111022, 0.3500000000000551559 ) ) ;
#9370 = ORIENTED_EDGE ( 'NONE', *, *, #3891, .T. ) ;
#9371 = AXIS2_PLACEMENT_3D ( 'NONE', #4317, #7571, #5871 ) ;
#9372 = MECHANICAL_DESIGN_GEOMETRIC_PRESENTATION_REPRESENTATION (  '', ( #3427 ), #7380 ) ;
#9373 = EDGE_CURVE ( 'NONE', #8312, #7498, #231, .T. ) ;
#9374 =( GEOMETRIC_REPRESENTATION_CONTEXT ( 3 ) GLOBAL_UNCERTAINTY_ASSIGNED_CONTEXT ( ( #3027 ) ) GLOBAL_UNIT_ASSIGNED_CONTEXT ( ( #7432, #4118, #9051 ) ) REPRESENTATION_CONTEXT ( 'NONE', 'WORKASPACE' ) );
#9375 = STYLED_ITEM ( 'NONE', ( #1972 ), #3883 ) ;
#9376 = PRESENTATION_STYLE_ASSIGNMENT (( #7860 ) ) ;
#9377 = CARTESIAN_POINT ( 'NONE',  ( 2.399999999999982148, 5.400000000000012790, -16.64999999999994529 ) ) ;
#9378 = AXIS2_PLACEMENT_3D ( 'NONE', #482, #1310, #10198 ) ;
#9379 = FACE_OUTER_BOUND ( 'NONE', #9029, .T. ) ;
#9380 = VERTEX_POINT ( 'NONE', #8296 ) ;
#9381 = EDGE_LOOP ( 'NONE', ( #1266, #5853, #10254, #4674 ) ) ;
#9382 = LINE ( 'NONE', #7008, #3738 ) ;
#9383 = CARTESIAN_POINT ( 'NONE',  ( 0.7500000000000145439, 8.200000000000009948, 5.360000000000054499 ) ) ;
#9384 = CARTESIAN_POINT ( 'NONE',  ( -0.6000000000000015321, 8.800000000000006040, -5.039999999999941416 ) ) ;
#9385 = ORIENTED_EDGE ( 'NONE', *, *, #8693, .F. ) ;
#9386 =( GEOMETRIC_REPRESENTATION_CONTEXT ( 3 ) GLOBAL_UNCERTAINTY_ASSIGNED_CONTEXT ( ( #1446 ) ) GLOBAL_UNIT_ASSIGNED_CONTEXT ( ( #969, #8206, #7414 ) ) REPRESENTATION_CONTEXT ( 'NONE', 'WORKASPACE' ) );
#9387 = DIRECTION ( 'NONE',  ( 1.892425610156517368E-15, 0.0000000000000000000, 1.000000000000000000 ) ) ;
#9388 = VECTOR ( 'NONE', #2166, 1000.000000000000000 ) ;
#9389 = LINE ( 'NONE', #2108, #4608 ) ;
#9390 = CARTESIAN_POINT ( 'NONE',  ( 10.34999999999999787, 5.300000000000025580, -6.460660171779960770 ) ) ;
#9391 = EDGE_CURVE ( 'NONE', #9403, #3947, #2532, .T. ) ;
#9392 = ORIENTED_EDGE ( 'NONE', *, *, #8985, .T. ) ;
#9393 = CARTESIAN_POINT ( 'NONE',  ( 0.6000000000000067502, 8.200000000000009948, 0.3044444450000550750 ) ) ;
#9394 = B_SPLINE_CURVE_WITH_KNOTS ( 'NONE', 3,
 ( #5401, #1402, #3038, #7108 ),
 .UNSPECIFIED., .F., .F.,
 ( 4, 4 ),
 ( 0.0000000000000000000, 1.000000000000000000 ),
 .UNSPECIFIED. ) ;
#9395 = ORIENTED_EDGE ( 'NONE', *, *, #160, .F. ) ;
#9396 = LINE ( 'NONE', #2900, #3076 ) ;
#9397 = SURFACE_SIDE_STYLE ('',( #3058 ) ) ;
#9398 = EDGE_LOOP ( 'NONE', ( #1259, #2207, #4590, #4470 ) ) ;
#9399 = STYLED_ITEM ( 'NONE', ( #8617 ), #5223 ) ;
#9400 = EDGE_CURVE ( 'NONE', #569, #2781, #404, .T. ) ;
#9401 = CARTESIAN_POINT ( 'NONE',  ( 1.500000000000003109, 6.480000000000010196, -3.649999999999946620 ) ) ;
#9402 = CARTESIAN_POINT ( 'NONE',  ( 0.5000000000000108802, 0.7500000000000093259, -4.649999999999943512 ) ) ;
#9403 = VERTEX_POINT ( 'NONE', #9938 ) ;
#9404 = AXIS2_PLACEMENT_3D ( 'NONE', #3716, #10217, #652 ) ;
#9405 = ORIENTED_EDGE ( 'NONE', *, *, #7098, .T. ) ;
#9406 = DIRECTION ( 'NONE',  ( -1.000000000000000000, -1.644517855226007998E-15, 1.748601263784621946E-15 ) ) ;
#9407 = EDGE_CURVE ( 'NONE', #9335, #1822, #5957, .T. ) ;
#9408 = CARTESIAN_POINT ( 'NONE',  ( -0.5999999999999755529, 10.75000000000000533, 12.65000000000005720 ) ) ;
#9409 = DIRECTION ( 'NONE',  ( 1.242865905043146517E-15, 0.2682926829271122249, 0.9633374467380431128 ) ) ;
#9410 = SURFACE_STYLE_USAGE ( .BOTH. , #352 ) ;
#9411 = ORIENTED_EDGE ( 'NONE', *, *, #10233, .F. ) ;
#9412 = FACE_OUTER_BOUND ( 'NONE', #522, .T. ) ;
#9413 = LINE ( 'NONE', #6341, #6827 ) ;
#9414 = STYLED_ITEM ( 'NONE', ( #4385 ), #2190 ) ;
#9415 = EDGE_CURVE ( 'NONE', #9902, #9698, #9129, .T. ) ;
#9416 = AXIS2_PLACEMENT_3D ( 'NONE', #8208, #6494, #8155 ) ;
#9417 = VECTOR ( 'NONE', #4613, 1000.000000000000000 ) ;
#9418 = CARTESIAN_POINT ( 'NONE',  ( 1.400000000138021727, 8.199999999997109157, 9.562560681115053640 ) ) ;
#9419 = UNCERTAINTY_MEASURE_WITH_UNIT (LENGTH_MEASURE( 1.000000000000000082E-05 ), #6848, 'distance_accuracy_value', 'NONE');
#9420 = VECTOR ( 'NONE', #6817, 1000.000000000000000 ) ;
#9421 = EDGE_CURVE ( 'NONE', #5495, #8836, #4997, .T. ) ;
#9422 = CARTESIAN_POINT ( 'NONE',  ( 2.400000000000007905, 5.400000000000012790, -1.271320343559945609 ) ) ;
#9423 = SURFACE_SIDE_STYLE ('',( #2926 ) ) ;
#9424 = EDGE_CURVE ( 'NONE', #6061, #3164, #9999, .T. ) ;
#9425 = VERTEX_POINT ( 'NONE', #177 ) ;
#9426 = DIRECTION ( 'NONE',  ( -1.644517855226008195E-15, 1.000000000000000000, 2.890435660536364269E-30 ) ) ;
#9427 = ORIENTED_EDGE ( 'NONE', *, *, #7451, .T. ) ;
#9428 = LINE ( 'NONE', #8789, #873 ) ;
#9429 = EDGE_LOOP ( 'NONE', ( #9595, #2020, #702, #2306 ) ) ;
#9430 = AXIS2_PLACEMENT_3D ( 'NONE', #2778, #2087, #6050 ) ;
#9431 = SURFACE_SIDE_STYLE ('',( #8792 ) ) ;
#9432 = MECHANICAL_DESIGN_GEOMETRIC_PRESENTATION_REPRESENTATION (  '', ( #4197 ), #4515 ) ;
#9433 = EDGE_CURVE ( 'NONE', #6532, #5562, #5152, .T. ) ;
#9434 = LINE ( 'NONE', #8014, #6377 ) ;
#9435 = CARTESIAN_POINT ( 'NONE',  ( -0.9999999999999940048, 10.75000000000000533, 2.650000000000057643 ) ) ;
#9436 = SURFACE_STYLE_FILL_AREA ( #8745 ) ;
#9437 = DIRECTION ( 'NONE',  ( -0.9994801143396996324, -1.639714474223878565E-15, -0.03224129401095722491 ) ) ;
#9438 = ADVANCED_FACE ( 'NONE', ( #330 ), #3540, .F. ) ;
#9439 = EDGE_LOOP ( 'NONE', ( #9816, #467, #8442, #5693, #610, #8152 ) ) ;
#9440 = ORIENTED_EDGE ( 'NONE', *, *, #3513, .T. ) ;
#9441 = FILL_AREA_STYLE ('',( #7222 ) ) ;
#9442 = LINE ( 'NONE', #2155, #3100 ) ;
#9443 = ORIENTED_EDGE ( 'NONE', *, *, #2722, .T. ) ;
#9444 = CARTESIAN_POINT ( 'NONE',  ( -0.5999999999999668931, 4.200000000000007283, 11.74000000000005528 ) ) ;
#9445 = COLOUR_RGB ( '',1.000000000000000000, 1.000000000000000000, 1.000000000000000000 ) ;
#9446 = DIRECTION ( 'NONE',  ( 1.000000000000000000, 1.644517855226007998E-15, -1.748601263784621946E-15 ) ) ;
#9447 = LINE ( 'NONE', #2205, #2216 ) ;
#9448 = CARTESIAN_POINT ( 'NONE',  ( 1.053312813956225114, 9.143302832356381415, 0.3502053184235014993 ) ) ;
#9449 = ORIENTED_EDGE ( 'NONE', *, *, #9297, .T. ) ;
#9450 = CARTESIAN_POINT ( 'NONE',  ( 1.800000000000028910, 6.844714285714310620, 11.34000000000005315 ) ) ;
#9451 = SURFACE_STYLE_FILL_AREA ( #7783 ) ;
#9452 = LINE ( 'NONE', #3869, #9388 ) ;
#9453 = ORIENTED_EDGE ( 'NONE', *, *, #9113, .F. ) ;
#9454 = CARTESIAN_POINT ( 'NONE',  ( 3.950000000000018385, 7.144714285714313995, 6.350000000000049383 ) ) ;
#9455 = DIRECTION ( 'NONE',  ( -1.000000000000000000, -1.644517855226007801E-15, 1.748601263784621748E-15 ) ) ;
#9456 = VERTEX_POINT ( 'NONE', #5798 ) ;
#9457 = DIRECTION ( 'NONE',  ( 0.9838699100999044322, 1.617991634378899626E-15, 0.1788854381999992749 ) ) ;
#9458 = DIRECTION ( 'NONE',  ( 2.095246567705921592E-15, -0.2425356250363094601, 0.9701425001453377606 ) ) ;
#9459 = EDGE_LOOP ( 'NONE', ( #7829, #7899, #3332, #2279, #983, #10343, #9788 ) ) ;
#9460 = LINE ( 'NONE', #3016, #4283 ) ;
#9461 = CARTESIAN_POINT ( 'NONE',  ( 8.800000000000025580, 7.144714285714321989, 10.35000000000004050 ) ) ;
#9462 = DIRECTION ( 'NONE',  ( 1.748601263784621748E-15, 0.0000000000000000000, 1.000000000000000000 ) ) ;
#9463 = CARTESIAN_POINT ( 'NONE',  ( 9.799999999999997158, 7.894714285714324653, -4.399999999999961275 ) ) ;
#9464 = VERTEX_POINT ( 'NONE', #7399 ) ;
#9465 = DIRECTION ( 'NONE',  ( -0.9428090415820753467, 0.2357022603954918305, -0.2357022603954917472 ) ) ;
#9466 = EDGE_CURVE ( 'NONE', #9950, #1082, #128, .T. ) ;
#9467 = CARTESIAN_POINT ( 'NONE',  ( 0.1000000000000132727, 9.638089535208006708, 5.350000000000057376 ) ) ;
#9468 = DIRECTION ( 'NONE',  ( 0.9838699100999044322, 1.617991634378899626E-15, 0.1788854381999992749 ) ) ;
#9469 = SURFACE_SIDE_STYLE ('',( #10379 ) ) ;
#9470 = ORIENTED_EDGE ( 'NONE', *, *, #1771, .T. ) ;
#9471 = SURFACE_SIDE_STYLE ('',( #1343 ) ) ;
#9472 = CARTESIAN_POINT ( 'NONE',  ( 2.400000000000025224, 7.100000000000012079, 9.450000000000052580 ) ) ;
#9473 = ORIENTED_EDGE ( 'NONE', *, *, #974, .T. ) ;
#9474 = SURFACE_STYLE_USAGE ( .BOTH. , #5442 ) ;
#9475 = DIRECTION ( 'NONE',  ( 1.748601263784621946E-15, 0.0000000000000000000, 1.000000000000000000 ) ) ;
#9476 = ORIENTED_EDGE ( 'NONE', *, *, #287, .F. ) ;
#9477 = ADVANCED_FACE ( 'NONE', ( #10381 ), #2185, .T. ) ;
#9478 = ADVANCED_FACE ( 'NONE', ( #2298 ), #7050, .T. ) ;
#9479 = SURFACE_SIDE_STYLE ('',( #3853 ) ) ;
#9480 = CARTESIAN_POINT ( 'NONE',  ( 0.5000000000000264233, 6.844714285714308843, 10.35000000000005649 ) ) ;
#9481 = EDGE_CURVE ( 'NONE', #6541, #4800, #1946, .T. ) ;
#9482 = CARTESIAN_POINT ( 'NONE',  ( 10.99999999999998934, 11.10000000000002451, -6.649999999999962164 ) ) ;
#9483 = ORIENTED_EDGE ( 'NONE', *, *, #4618, .F. ) ;
#9484 = ORIENTED_EDGE ( 'NONE', *, *, #2799, .F. ) ;
#9485 = DIRECTION ( 'NONE',  ( -1.748601263784621748E-15, 0.0000000000000000000, -1.000000000000000000 ) ) ;
#9486 = FACE_BOUND ( 'NONE', #9881, .T. ) ;
#9487 = ORIENTED_EDGE ( 'NONE', *, *, #4682, .T. ) ;
#9488 = LINE ( 'NONE', #8756, #2229 ) ;
#9489 = EDGE_CURVE ( 'NONE', #7435, #4263, #3030, .T. ) ;
#9490 =( LENGTH_UNIT ( ) NAMED_UNIT ( * ) SI_UNIT ( .MILLI., .METRE. ) );
#9491 = DIRECTION ( 'NONE',  ( -1.644517855226007998E-15, 1.000000000000000000, 2.890435660536363919E-30 ) ) ;
#9492 = CARTESIAN_POINT ( 'NONE',  ( 2.400000000000004352, 8.200000000000011724, -0.4374393189579464103 ) ) ;
#9493 = ORIENTED_EDGE ( 'NONE', *, *, #8146, .F. ) ;
#9494 = CARTESIAN_POINT ( 'NONE',  ( -0.9999999999999662492, 4.200000000000005507, 12.65000000000005720 ) ) ;
#9495 = CARTESIAN_POINT ( 'NONE',  ( 9.699999999999993960, 10.60000000000002274, -4.849999999999961453 ) ) ;
#9496 = VERTEX_POINT ( 'NONE', #7102 ) ;
#9497 = LINE ( 'NONE', #5310, #10066 ) ;
#9498 = CARTESIAN_POINT ( 'NONE',  ( 3.949999999999997957, 8.144714285714314883, -4.649999999999950617 ) ) ;
#9499 = EDGE_CURVE ( 'NONE', #6024, #9319, #4399, .T. ) ;
#9500 = EDGE_CURVE ( 'NONE', #6514, #10149, #3846, .T. ) ;
#9501 = ORIENTED_EDGE ( 'NONE', *, *, #1964, .T. ) ;
#9502 = CARTESIAN_POINT ( 'NONE',  ( 1.500000000000004885, 4.200000000000010836, -4.649999999999945288 ) ) ;
#9503 = CARTESIAN_POINT ( 'NONE',  ( 1.500000000000025535, 8.200000000000009948, 11.31500000000005457 ) ) ;
#9504 = ORIENTED_EDGE ( 'NONE', *, *, #8197, .F. ) ;
#9505 = LINE ( 'NONE', #4689, #8025 ) ;
#9506 = FACE_OUTER_BOUND ( 'NONE', #5098, .T. ) ;
#9507 = LINE ( 'NONE', #609, #24 ) ;
#9508 = CARTESIAN_POINT ( 'NONE',  ( 1.800000000000016920, 4.200000000000010836, 2.650000000000053202 ) ) ;
#9509 = STYLED_ITEM ( 'NONE', ( #1679 ), #7627 ) ;
#9510 = ORIENTED_EDGE ( 'NONE', *, *, #801, .T. ) ;
#9511 = SURFACE_STYLE_FILL_AREA ( #3021 ) ;
#9512 = CARTESIAN_POINT ( 'NONE',  ( 1.800000000000001155, 6.844714285714310620, -4.649999999999947065 ) ) ;
#9513 = VECTOR ( 'NONE', #4801, 1000.000000000000000 ) ;
#9514 = CARTESIAN_POINT ( 'NONE',  ( 11.00000000000002132, 12.25000000000002487, 13.35000000000003517 ) ) ;
#9515 = DIRECTION ( 'NONE',  ( -0.1520571842539017449, -2.500607545209352511E-16, 0.9883716976506232710 ) ) ;
#9516 = UNCERTAINTY_MEASURE_WITH_UNIT (LENGTH_MEASURE( 1.000000000000000082E-05 ), #7677, 'distance_accuracy_value', 'NONE');
#9517 = AXIS2_PLACEMENT_3D ( 'NONE', #9828, #956, #4880 ) ;
#9518 = CARTESIAN_POINT ( 'NONE',  ( 1.053312813956233773, 9.143302832356381415, 5.350205318423501666 ) ) ;
#9519 = EDGE_CURVE ( 'NONE', #7990, #679, #8636, .T. ) ;
#9520 = ORIENTED_EDGE ( 'NONE', *, *, #3642, .T. ) ;
#9521 = CARTESIAN_POINT ( 'NONE',  ( 0.09999999999999766020, 7.100000000000008527, -6.149999999999942624 ) ) ;
#9522 = VERTEX_POINT ( 'NONE', #9521 ) ;
#9523 = DIRECTION ( 'NONE',  ( -1.748601263784621748E-15, 1.482966057179082451E-32, -1.000000000000000000 ) ) ;
#9524 = ORIENTED_EDGE ( 'NONE', *, *, #2451, .F. ) ;
#9525 = VECTOR ( 'NONE', #8675, 1000.000000000000000 ) ;
#9526 = STYLED_ITEM ( 'NONE', ( #8134 ), #1525 ) ;
#9527 =( NAMED_UNIT ( * ) SI_UNIT ( $, .STERADIAN. ) SOLID_ANGLE_UNIT ( ) );
#9528 = ADVANCED_FACE ( 'NONE', ( #6506 ), #1613, .F. ) ;
#9529 = VECTOR ( 'NONE', #4784, 1000.000000000000114 ) ;
#9530 = VERTEX_POINT ( 'NONE', #4909 ) ;
#9531 = FACE_OUTER_BOUND ( 'NONE', #9733, .T. ) ;
#9532 =( GEOMETRIC_REPRESENTATION_CONTEXT ( 3 ) GLOBAL_UNCERTAINTY_ASSIGNED_CONTEXT ( ( #10490 ) ) GLOBAL_UNIT_ASSIGNED_CONTEXT ( ( #6680, #2677, #7385 ) ) REPRESENTATION_CONTEXT ( 'NONE', 'WORKASPACE' ) );
#9533 = DIRECTION ( 'NONE',  ( -0.9701425001453374275, -0.2425356250363110699, 1.696392401805309466E-15 ) ) ;
#9534 = DIRECTION ( 'NONE',  ( 0.05547001409259343097, 9.122142860490530214E-17, 0.9984603535126307383 ) ) ;
#9535 = VERTEX_POINT ( 'NONE', #4858 ) ;
#9536 = ORIENTED_EDGE ( 'NONE', *, *, #4158, .F. ) ;
#9537 = CARTESIAN_POINT ( 'NONE',  ( 0.7000000000000061728, 7.100000000000009415, -1.299999999999944533 ) ) ;
#9538 = VECTOR ( 'NONE', #6174, 1000.000000000000000 ) ;
#9539 = ADVANCED_FACE ( 'NONE', ( #1549 ), #34, .T. ) ;
#9540 = DIRECTION ( 'NONE',  ( -1.748601263784621748E-15, 0.0000000000000000000, -1.000000000000000000 ) ) ;
#9541 = CARTESIAN_POINT ( 'NONE',  ( 2.400000000000004352, 7.100000000000012079, -2.749999999999948486 ) ) ;
#9542 = ORIENTED_EDGE ( 'NONE', *, *, #7515, .T. ) ;
#9543 = DIRECTION ( 'NONE',  ( -1.748601263784621946E-15, 0.0000000000000000000, -1.000000000000000000 ) ) ;
#9544 = VECTOR ( 'NONE', #9832, 1000.000000000000227 ) ;
#9545 = EDGE_CURVE ( 'NONE', #95, #8911, #3241, .T. ) ;
#9546 = VECTOR ( 'NONE', #5993, 1000.000000000000000 ) ;
#9547 = VECTOR ( 'NONE', #9134, 1000.000000000000114 ) ;
#9548 = DIRECTION ( 'NONE',  ( 1.644517855226007801E-15, -1.000000000000000000, -2.890435660536363568E-30 ) ) ;
#9549 = DIRECTION ( 'NONE',  ( -0.9994801143396996324, -1.639714474223878565E-15, -0.03224129401095722491 ) ) ;
#9550 = B_SPLINE_CURVE_WITH_KNOTS ( 'NONE', 3,
 ( #4, #844, #4723, #3209, #9555 ),
 .UNSPECIFIED., .F., .F.,
 ( 4, 1, 4 ),
 ( 0.0000000000000000000, 0.5000000000000000000, 1.000000000000000000 ),
 .UNSPECIFIED. ) ;
#9551 = DIRECTION ( 'NONE',  ( 1.644517855226008195E-15, -1.000000000000000000, -2.890435660536364269E-30 ) ) ;
#9552 = ORIENTED_EDGE ( 'NONE', *, *, #541, .F. ) ;
#9553 = VECTOR ( 'NONE', #6293, 1000.000000000000000 ) ;
#9554 = STYLED_ITEM ( 'NONE', ( #2604 ), #4038 ) ;
#9555 = CARTESIAN_POINT ( 'NONE',  ( 11.00000000000002309, 5.200000000000025935, 8.054540768505036752 ) ) ;
#9556 = DIRECTION ( 'NONE',  ( 1.644517855226008195E-15, -1.000000000000000000, -2.890435660536364269E-30 ) ) ;
#9557 = ADVANCED_FACE ( 'NONE', ( #3358 ), #94, .T. ) ;
#9558 = DIRECTION ( 'NONE',  ( -1.748601263784621748E-15, 0.0000000000000000000, -1.000000000000000000 ) ) ;
#9559 = EDGE_CURVE ( 'NONE', #8472, #8095, #823, .T. ) ;
#9560 = EDGE_LOOP ( 'NONE', ( #1493, #2750, #9183, #2001, #1868 ) ) ;
#9561 = FACE_OUTER_BOUND ( 'NONE', #1729, .T. ) ;
#9562 = SURFACE_STYLE_USAGE ( .BOTH. , #9397 ) ;
#9563 = AXIS2_PLACEMENT_3D ( 'NONE', #3817, #5467, #9558 ) ;
#9564 = DIRECTION ( 'NONE',  ( 1.748601263784621748E-15, 0.0000000000000000000, 1.000000000000000000 ) ) ;
#9565 = DIRECTION ( 'NONE',  ( -0.7427813513546137614, 0.3713906757630058286, 0.5570860167300123456 ) ) ;
#9566 = ORIENTED_EDGE ( 'NONE', *, *, #1219, .F. ) ;
#9567 = CARTESIAN_POINT ( 'NONE',  ( 1.400000000000017453, 8.960000000000009734, 6.343862328995053979 ) ) ;
#9568 = AXIS2_PLACEMENT_3D ( 'NONE', #1439, #9628, #7092 ) ;
#9569 = LINE ( 'NONE', #9461, #7375 ) ;
#9570 = ADVANCED_FACE ( 'NONE', ( #4179 ), #153, .F. ) ;
#9571 = CARTESIAN_POINT ( 'NONE',  ( 3.950000000000001066, 7.144714285714313995, -3.649999999999951061 ) ) ;
#9572 = DIRECTION ( 'NONE',  ( -1.644517855226008195E-15, 1.000000000000000000, 2.890435660536364269E-30 ) ) ;
#9573 = AXIS2_PLACEMENT_3D ( 'NONE', #6938, #5184, #9266 ) ;
#9574 = VERTEX_POINT ( 'NONE', #982 ) ;
#9575 = CARTESIAN_POINT ( 'NONE',  ( 1.955294117647008223, 8.144714285714311330, 0.3850000000000536882 ) ) ;
#9576 = CARTESIAN_POINT ( 'NONE',  ( 0.5000000000000213163, -0.2499999999999906741, 1.350000000000055156 ) ) ;
#9577 = CARTESIAN_POINT ( 'NONE',  ( -0.5999999999999876543, 4.200000000000007283, -0.9499999999999404476 ) ) ;
#9578 = EDGE_CURVE ( 'NONE', #7960, #5161, #1667, .T. ) ;
#9579 = LINE ( 'NONE', #8783, #7339 ) ;
#9580 = DIRECTION ( 'NONE',  ( -1.644517855226008195E-15, 1.000000000000000000, 2.890435660536364269E-30 ) ) ;
#9581 = CARTESIAN_POINT ( 'NONE',  ( 0.7500000000000232037, 8.200000000000009948, 10.36000000000005272 ) ) ;
#9582 = ORIENTED_EDGE ( 'NONE', *, *, #5658, .F. ) ;
#9583 = VERTEX_POINT ( 'NONE', #5664 ) ;
#9584 = PRESENTATION_LAYER_ASSIGNMENT (  '', '', ( #1267 ) ) ;
#9585 = ORIENTED_EDGE ( 'NONE', *, *, #7768, .T. ) ;
#9586 = EDGE_LOOP ( 'NONE', ( #7709, #3096, #3020, #3598 ) ) ;
#9587 = FACE_OUTER_BOUND ( 'NONE', #7120, .T. ) ;
#9588 = VECTOR ( 'NONE', #4713, 1000.000000000000000 ) ;
#9589 = VERTEX_POINT ( 'NONE', #10494 ) ;
#9590 = FACE_OUTER_BOUND ( 'NONE', #5381, .T. ) ;
#9591 =( LENGTH_UNIT ( ) NAMED_UNIT ( * ) SI_UNIT ( .MILLI., .METRE. ) );
#9592 = PRESENTATION_STYLE_ASSIGNMENT (( #576 ) ) ;
#9593 = VERTEX_POINT ( 'NONE', #8219 ) ;
#9594 = VECTOR ( 'NONE', #3578, 1000.000000000000000 ) ;
#9595 = ORIENTED_EDGE ( 'NONE', *, *, #5259, .F. ) ;
#9596 = DIRECTION ( 'NONE',  ( -1.748601263784621946E-15, 0.0000000000000000000, -1.000000000000000000 ) ) ;
#9597 = STYLED_ITEM ( 'NONE', ( #1400 ), #2328 ) ;
#9598 = DIRECTION ( 'NONE',  ( -1.644517855226007998E-15, 1.000000000000000000, 2.890435660536363919E-30 ) ) ;
#9599 = AXIS2_PLACEMENT_3D ( 'NONE', #8075, #9008, #6466 ) ;
#9600 = ORIENTED_EDGE ( 'NONE', *, *, #4628, .F. ) ;
#9601 = CARTESIAN_POINT ( 'NONE',  ( 1.300000000000006040, 5.400000000000011013, -2.549999999999945643 ) ) ;
#9602 = STYLED_ITEM ( 'NONE', ( #1131 ), #5745 ) ;
#9603 = DIRECTION ( 'NONE',  ( 1.748601263784621946E-15, 0.0000000000000000000, 1.000000000000000000 ) ) ;
#9604 = ADVANCED_FACE ( 'NONE', ( #6614 ), #8063, .F. ) ;
#9605 = EDGE_CURVE ( 'NONE', #9282, #2841, #7537, .T. ) ;
#9606 = VECTOR ( 'NONE', #6612, 1000.000000000000000 ) ;
#9607 = FACE_OUTER_BOUND ( 'NONE', #3949, .T. ) ;
#9608 = DIRECTION ( 'NONE',  ( -0.1788854381999993026, -2.941802971598303344E-16, 0.9838699100999045433 ) ) ;
#9609 = CARTESIAN_POINT ( 'NONE',  ( 2.399999999999999467, 7.450000000000011724, -4.149999999999947953 ) ) ;
#9610 = VERTEX_POINT ( 'NONE', #195 ) ;
#9611 = VERTEX_POINT ( 'NONE', #6408 ) ;
#9612 = CARTESIAN_POINT ( 'NONE',  ( 1.800000000000008260, 4.200000000000010836, -2.349999999999946798 ) ) ;
#9613 = CARTESIAN_POINT ( 'NONE',  ( 9.700000000000024158, 5.400000000000024336, 8.728679656440041512 ) ) ;
#9614 = CARTESIAN_POINT ( 'NONE',  ( 0.1000000000000297179, 7.650000000000007461, 13.35000000000005471 ) ) ;
#9615 = LINE ( 'NONE', #5634, #7359 ) ;
#9616 = VECTOR ( 'NONE', #10263, 1000.000000000000000 ) ;
#9617 = EDGE_CURVE ( 'NONE', #3441, #9589, #9637, .T. ) ;
#9618 = ORIENTED_EDGE ( 'NONE', *, *, #8652, .F. ) ;
#9619 = LINE ( 'NONE', #10422, #2294 ) ;
#9620 = ADVANCED_FACE ( 'NONE', ( #6085 ), #5074, .T. ) ;
#9621 = DIRECTION ( 'NONE',  ( 1.748601263784621748E-15, 0.0000000000000000000, 1.000000000000000000 ) ) ;
#9622 = EDGE_CURVE ( 'NONE', #7435, #2968, #248, .T. ) ;
#9623 = PLANE ( 'NONE',  #2577 ) ;
#9624 = DIRECTION ( 'NONE',  ( 1.748601263784621946E-15, 0.0000000000000000000, 1.000000000000000000 ) ) ;
#9625 =( NAMED_UNIT ( * ) SI_UNIT ( $, .STERADIAN. ) SOLID_ANGLE_UNIT ( ) );
#9626 = DIRECTION ( 'NONE',  ( -0.9428090415820753467, 0.2357022603954918305, -0.2357022603954917472 ) ) ;
#9627 = ORIENTED_EDGE ( 'NONE', *, *, #4708, .T. ) ;
#9628 = DIRECTION ( 'NONE',  ( 1.000000000000000000, 1.644517855226007801E-15, -1.748601263784621748E-15 ) ) ;
#9629 = DIRECTION ( 'NONE',  ( 1.748601263784621946E-15, 0.0000000000000000000, 1.000000000000000000 ) ) ;
#9630 = EDGE_CURVE ( 'NONE', #1228, #9902, #4379, .T. ) ;
#9631 = CARTESIAN_POINT ( 'NONE',  ( 3.950000000000018385, 7.144714285714313995, 6.350000000000049383 ) ) ;
#9632 = ORIENTED_EDGE ( 'NONE', *, *, #5794, .F. ) ;
#9633 = UNCERTAINTY_MEASURE_WITH_UNIT (LENGTH_MEASURE( 1.000000000000000082E-05 ), #10321, 'distance_accuracy_value', 'NONE');
#9634 = CARTESIAN_POINT ( 'NONE',  ( -0.1999999993500031215, 8.599999999630806968, -4.739999997784941854 ) ) ;
#9635 = CARTESIAN_POINT ( 'NONE',  ( 0.1000000000000132727, 10.60000000000000675, 6.350000000000056488 ) ) ;
#9636 = ORIENTED_EDGE ( 'NONE', *, *, #669, .T. ) ;
#9637 = LINE ( 'NONE', #4272, #3779 ) ;
#9638 = ORIENTED_EDGE ( 'NONE', *, *, #7137, .F. ) ;
#9639 = ORIENTED_EDGE ( 'NONE', *, *, #5145, .F. ) ;
#9640 = SURFACE_STYLE_FILL_AREA ( #716 ) ;
#9641 = CARTESIAN_POINT ( 'NONE',  ( 0.7400000000000045430, 4.200000000000009059, -4.649999999999945288 ) ) ;
#9642 = EDGE_CURVE ( 'NONE', #6917, #9909, #3462, .T. ) ;
#9643 = LINE ( 'NONE', #8743, #9255 ) ;
#9644 = ORIENTED_EDGE ( 'NONE', *, *, #2847, .T. ) ;
#9645 = CARTESIAN_POINT ( 'NONE',  ( 11.00000000000000000, 11.75000000000003375, 13.35000000000005471 ) ) ;
#9646 = FACE_OUTER_BOUND ( 'NONE', #4210, .T. ) ;
#9647 = VERTEX_POINT ( 'NONE', #1869 ) ;
#9648 = ORIENTED_EDGE ( 'NONE', *, *, #4044, .F. ) ;
#9649 = CARTESIAN_POINT ( 'NONE',  ( 3.175000000000010481, 7.650000000000012790, 2.225000000000050715 ) ) ;
#9650 = DIRECTION ( 'NONE',  ( 0.9486832980505243151, 1.560126622598782728E-15, 0.3162277660168062443 ) ) ;
#9651 = CARTESIAN_POINT ( 'NONE',  ( 2.150000000000030553, 3.975000000000011635, 10.85000000000005294 ) ) ;
#9652 = ORIENTED_EDGE ( 'NONE', *, *, #7443, .T. ) ;
#9653 = LINE ( 'NONE', #4926, #3117 ) ;
#9654 =( LENGTH_UNIT ( ) NAMED_UNIT ( * ) SI_UNIT ( .MILLI., .METRE. ) );
#9655 = CARTESIAN_POINT ( 'NONE',  ( -0.5999999999999737765, 8.800000000000006040, 11.74000000000005528 ) ) ;
#9656 = CARTESIAN_POINT ( 'NONE',  ( 0.7500000000000266454, 7.611199771552088933, 11.34000000000005492 ) ) ;
#9657 = ORIENTED_EDGE ( 'NONE', *, *, #7559, .T. ) ;
#9658 = ORIENTED_EDGE ( 'NONE', *, *, #6376, .F. ) ;
#9659 = LINE ( 'NONE', #1474, #4461 ) ;
#9660 = LINE ( 'NONE', #1422, #1968 ) ;
#9661 = DIRECTION ( 'NONE',  ( 0.9927080914950846546, -0.1205431253957962856, -1.735850623357525016E-15 ) ) ;
#9662 = EDGE_CURVE ( 'NONE', #4378, #1929, #6121, .T. ) ;
#9663 = VERTEX_POINT ( 'NONE', #1229 ) ;
#9664 = CARTESIAN_POINT ( 'NONE',  ( 9.800000000000016698, 7.394714285714323765, 5.600000000000038725 ) ) ;
#9665 = FILL_AREA_STYLE ('',( #10478 ) ) ;
#9666 = ORIENTED_EDGE ( 'NONE', *, *, #10357, .F. ) ;
#9667 = PRESENTATION_STYLE_ASSIGNMENT (( #4050 ) ) ;
#9668 = DIRECTION ( 'NONE',  ( 1.000000000000000000, 1.644517855226007998E-15, -1.748601263784621946E-15 ) ) ;
#9669 = ORIENTED_EDGE ( 'NONE', *, *, #5330, .F. ) ;
#9670 = EDGE_CURVE ( 'NONE', #728, #7960, #10127, .T. ) ;
#9671 = CARTESIAN_POINT ( 'NONE',  ( 2.400000000000029221, 8.200000000000011724, 13.35000000000005471 ) ) ;
#9672 = DIRECTION ( 'NONE',  ( 1.000000000000000000, 1.644517855226007998E-15, -1.748601263784621946E-15 ) ) ;
#9673 = CARTESIAN_POINT ( 'NONE',  ( 0.5999999999999980904, 8.200000000000009948, -4.695555554999945258 ) ) ;
#9674 = ORIENTED_EDGE ( 'NONE', *, *, #3245, .F. ) ;
#9675 = FACE_OUTER_BOUND ( 'NONE', #7165, .T. ) ;
#9676 = CARTESIAN_POINT ( 'NONE',  ( 0.7500000000000179856, 7.611199771552088933, 6.340000000000055813 ) ) ;
#9677 = EDGE_CURVE ( 'NONE', #682, #6451, #2021, .T. ) ;
#9678 = AXIS2_PLACEMENT_3D ( 'NONE', #19, #2549, #1600 ) ;
#9679 = ADVANCED_FACE ( 'NONE', ( #8316 ), #3405, .F. ) ;
#9680 = EDGE_CURVE ( 'NONE', #8897, #7342, #2709, .T. ) ;
#9681 = LINE ( 'NONE', #2389, #5344 ) ;
#9682 = ORIENTED_EDGE ( 'NONE', *, *, #9341, .F. ) ;
#9683 = AXIS2_PLACEMENT_3D ( 'NONE', #6421, #4716, #1406 ) ;
#9684 = CARTESIAN_POINT ( 'NONE',  ( 1.850000000000030509, 6.250000000000010658, 12.35000000000005116 ) ) ;
#9685 = DIRECTION ( 'NONE',  ( -1.000000000000000000, -1.644517855226007998E-15, 1.748601263784621946E-15 ) ) ;
#9686 = ORIENTED_EDGE ( 'NONE', *, *, #1635, .F. ) ;
#9687 = DIRECTION ( 'NONE',  ( -1.748601263784621748E-15, 1.482966057179082451E-32, -1.000000000000000000 ) ) ;
#9688 = VERTEX_POINT ( 'NONE', #3559 ) ;
#9689 = ORIENTED_EDGE ( 'NONE', *, *, #1191, .F. ) ;
#9690 = CARTESIAN_POINT ( 'NONE',  ( 11.00000000000000711, 5.400000000000026112, 13.35000000000005471 ) ) ;
#9691 = EDGE_CURVE ( 'NONE', #1438, #6037, #1920, .T. ) ;
#9692 =( GEOMETRIC_REPRESENTATION_CONTEXT ( 3 ) GLOBAL_UNCERTAINTY_ASSIGNED_CONTEXT ( ( #2504 ) ) GLOBAL_UNIT_ASSIGNED_CONTEXT ( ( #2419, #6685, #3260 ) ) REPRESENTATION_CONTEXT ( 'NONE', 'WORKASPACE' ) );
#9693 = DIRECTION ( 'NONE',  ( 1.644517855226008195E-15, -1.000000000000000000, -2.890435660536364269E-30 ) ) ;
#9694 = ORIENTED_EDGE ( 'NONE', *, *, #5044, .F. ) ;
#9695 = CARTESIAN_POINT ( 'NONE',  ( 0.7433105578600104346, 7.601972579975209143, 1.346689442142055437 ) ) ;
#9696 =( NAMED_UNIT ( * ) PLANE_ANGLE_UNIT ( ) SI_UNIT ( $, .RADIAN. ) );
#9697 = PLANE ( 'NONE',  #4852 ) ;
#9698 = VERTEX_POINT ( 'NONE', #1023 ) ;
#9699 = AXIS2_PLACEMENT_3D ( 'NONE', #9512, #10226, #3778 ) ;
#9700 = ORIENTED_EDGE ( 'NONE', *, *, #2801, .T. ) ;
#9701 = DIRECTION ( 'NONE',  ( 1.801095893066396184E-14, 1.000000000000000000, -1.965547678589003492E-14 ) ) ;
#9702 = DIRECTION ( 'NONE',  ( 0.6000000000000014211, 9.867107131356048382E-16, 0.7999999999999990452 ) ) ;
#9703 = EDGE_CURVE ( 'NONE', #8052, #3360, #6035, .T. ) ;
#9704 = CARTESIAN_POINT ( 'NONE',  ( 0.0000000000000000000, 0.0000000000000000000, 0.0000000000000000000 ) ) ;
#9705 = EDGE_LOOP ( 'NONE', ( #5376, #6668, #7471, #3993, #9520 ) ) ;
#9706 = AXIS2_PLACEMENT_3D ( 'NONE', #4671, #2261, #5578 ) ;
#9707 = AXIS2_PLACEMENT_3D ( 'NONE', #2124, #450, #5426 ) ;
#9708 = VECTOR ( 'NONE', #10160, 1000.000000000000114 ) ;
#9709 = CARTESIAN_POINT ( 'NONE',  ( 2.400000000000013234, 7.100000000000012079, 2.250000000000051514 ) ) ;
#9710 = MECHANICAL_DESIGN_GEOMETRIC_PRESENTATION_REPRESENTATION (  '', ( #8363 ), #7867 ) ;
#9711 = DIRECTION ( 'NONE',  ( 1.644517855226008195E-15, -1.000000000000000000, -2.890435660536364269E-30 ) ) ;
#9712 = VERTEX_POINT ( 'NONE', #8517 ) ;
#9713 = ORIENTED_EDGE ( 'NONE', *, *, #8457, .F. ) ;
#9714 = CARTESIAN_POINT ( 'NONE',  ( 0.7500000000000093259, 7.611199771552088933, 1.340000000000055591 ) ) ;
#9715 = LINE ( 'NONE', #2433, #9275 ) ;
#9716 = CARTESIAN_POINT ( 'NONE',  ( 1.400000000000017453, 8.960000000000009734, 6.343862328995053979 ) ) ;
#9717 = DIRECTION ( 'NONE',  ( 2.019514764053892180E-15, -0.9701425001453377606, 0.2425356250363094601 ) ) ;
#9718 = ORIENTED_EDGE ( 'NONE', *, *, #7439, .T. ) ;
#9719 = CARTESIAN_POINT ( 'NONE',  ( 2.500000000000021316, 3.750000000000012434, 4.050000000000054001 ) ) ;
#9720 = VECTOR ( 'NONE', #8560, 1000.000000000000000 ) ;
#9721 = VECTOR ( 'NONE', #8773, 1000.000000000000000 ) ;
#9722 = FACE_OUTER_BOUND ( 'NONE', #2616, .T. ) ;
#9723 = VECTOR ( 'NONE', #4305, 1000.000000000000000 ) ;
#9724 = STYLED_ITEM ( 'NONE', ( #7373 ), #9539 ) ;
#9725 = VERTEX_POINT ( 'NONE', #6667 ) ;
#9726 = CARTESIAN_POINT ( 'NONE',  ( 1.300000000000000711, 5.400000000000011013, -5.749999999999944933 ) ) ;
#9727 = CARTESIAN_POINT ( 'NONE',  ( 1.499999999999997780, 8.200000000000009948, -4.614999999999944258 ) ) ;
#9728 = EDGE_LOOP ( 'NONE', ( #127, #2562, #6239, #4024 ) ) ;
#9729 = FACE_OUTER_BOUND ( 'NONE', #2997, .T. ) ;
#9730 = SURFACE_STYLE_FILL_AREA ( #8880 ) ;
#9731 = DIRECTION ( 'NONE',  ( 0.2425356250363110699, -0.9701425001453374275, -4.240981004512866908E-16 ) ) ;
#9732 = CARTESIAN_POINT ( 'NONE',  ( 2.399999999999999467, 5.400000000000012790, -6.271320343559946053 ) ) ;
#9733 = EDGE_LOOP ( 'NONE', ( #296, #9135, #9052, #8651 ) ) ;
#9734 = PLANE ( 'NONE',  #1413 ) ;
#9735 = LINE ( 'NONE', #2552, #4123 ) ;
#9736 = VECTOR ( 'NONE', #7923, 1000.000000000000114 ) ;
#9737 = ADVANCED_FACE ( 'NONE', ( #1975 ), #7832, .T. ) ;
#9738 = VECTOR ( 'NONE', #2579, 1000.000000000000000 ) ;
#9739 = EDGE_CURVE ( 'NONE', #9688, #7655, #5611, .T. ) ;
#9740 = CARTESIAN_POINT ( 'NONE',  ( 1.800000000000027356, 8.144714285714311330, 11.35000000000005294 ) ) ;
#9741 = CARTESIAN_POINT ( 'NONE',  ( 1.250000000000028866, -0.2499999999999889533, 5.600000000000054712 ) ) ;
#9742 = ORIENTED_EDGE ( 'NONE', *, *, #1219, .T. ) ;
#9743 = STYLED_ITEM ( 'NONE', ( #4585 ), #2650 ) ;
#9744 = UNCERTAINTY_MEASURE_WITH_UNIT (LENGTH_MEASURE( 1.000000000000000082E-05 ), #4221, 'distance_accuracy_value', 'NONE');
#9745 = CARTESIAN_POINT ( 'NONE',  ( 1.400000000138013068, 8.199999999997109157, 4.562560681115054528 ) ) ;
#9746 = LINE ( 'NONE', #2456, #8112 ) ;
#9747 = VERTEX_POINT ( 'NONE', #657 ) ;
#9748 = EDGE_LOOP ( 'NONE', ( #1502, #7064, #6146, #8315 ) ) ;
#9749 = ORIENTED_EDGE ( 'NONE', *, *, #9967, .F. ) ;
#9750 = FACE_OUTER_BOUND ( 'NONE', #8611, .T. ) ;
#9751 = DIRECTION ( 'NONE',  ( -1.000000000000000000, -1.644517855226007998E-15, 1.748601263784621946E-15 ) ) ;
#9752 = AXIS2_PLACEMENT_3D ( 'NONE', #6818, #10065, #6030 ) ;
#9753 = EDGE_CURVE ( 'NONE', #3340, #3947, #2176, .T. ) ;
#9754 = EDGE_CURVE ( 'NONE', #9464, #10469, #1485, .T. ) ;
#9755 = CARTESIAN_POINT ( 'NONE',  ( 0.5999999999999998668, 8.200000000000009948, -3.604444444999944874 ) ) ;
#9756 = ORIENTED_EDGE ( 'NONE', *, *, #7788, .T. ) ;
#9758 = CARTESIAN_POINT ( 'NONE',  ( 0.5000000000000177636, 6.844714285714308843, 5.350000000000057376 ) ) ;
#9757 = AXIS2_PLACEMENT_3D ( 'NONE', #1010, #228, #2653 ) ;
#9759 = STYLED_ITEM ( 'NONE', ( #9785 ), #5278 ) ;
#9760 = FACE_OUTER_BOUND ( 'NONE', #10444, .T. ) ;
#9761 = ADVANCED_FACE ( 'NONE', ( #503 ), #2974, .T. ) ;
#9762 = VERTEX_POINT ( 'NONE', #1436 ) ;
#9763 = COLOUR_RGB ( '',1.000000000000000000, 1.000000000000000000, 1.000000000000000000 ) ;
#9764 = EDGE_LOOP ( 'NONE', ( #9260, #350, #7947, #7622, #1145, #1172 ) ) ;
#9765 = FACE_OUTER_BOUND ( 'NONE', #4726, .T. ) ;
#9766 = ORIENTED_EDGE ( 'NONE', *, *, #920, .T. ) ;
#9767 = PRESENTATION_LAYER_ASSIGNMENT (  '', '', ( #9414 ) ) ;
#9768 = CARTESIAN_POINT ( 'NONE',  ( 1.955294117647025542, 8.144714285714311330, 10.38500000000005308 ) ) ;
#9769 = COLOUR_RGB ( '',1.000000000000000000, 1.000000000000000000, 1.000000000000000000 ) ;
#9770 = FACE_OUTER_BOUND ( 'NONE', #6379, .T. ) ;
#9771 = EDGE_CURVE ( 'NONE', #8569, #4376, #3387, .T. ) ;
#9772 = LINE ( 'NONE', #4082, #9250 ) ;
#9773 = LINE ( 'NONE', #8187, #8855 ) ;
#9774 = VECTOR ( 'NONE', #9901, 1000.000000000000000 ) ;
#9775 = VECTOR ( 'NONE', #2530, 1000.000000000000000 ) ;
#9776 = AXIS2_PLACEMENT_3D ( 'NONE', #10303, #5449, #1463 ) ;
#9777 = CARTESIAN_POINT ( 'NONE',  ( 1.500000000000022204, 4.200000000000010836, 5.350000000000055600 ) ) ;
#9778 = ORIENTED_EDGE ( 'NONE', *, *, #2548, .F. ) ;
#9779 = ORIENTED_EDGE ( 'NONE', *, *, #8713, .T. ) ;
#9780 = DIRECTION ( 'NONE',  ( -1.644517855226007998E-15, 1.000000000000000000, 2.875605999964573094E-30 ) ) ;
#9781 = FILL_AREA_STYLE ('',( #6534 ) ) ;
#9782 = CARTESIAN_POINT ( 'NONE',  ( 2.399999999999955946, 9.600000000000012079, -27.72199999999994446 ) ) ;
#9783 = ORIENTED_EDGE ( 'NONE', *, *, #6256, .F. ) ;
#9784 = LINE ( 'NONE', #5530, #1557 ) ;
#9785 = PRESENTATION_STYLE_ASSIGNMENT (( #6483 ) ) ;
#9786 = AXIS2_PLACEMENT_3D ( 'NONE', #8327, #1033, #4281 ) ;
#9787 = CIRCLE ( 'NONE', #4009, 2.950000000000001066 ) ;
#9788 = ORIENTED_EDGE ( 'NONE', *, *, #3111, .T. ) ;
#9789 = CARTESIAN_POINT ( 'NONE',  ( 0.7400000000000149791, 4.200000000000009059, 1.350000000000055156 ) ) ;
#9790 = FACE_OUTER_BOUND ( 'NONE', #9047, .T. ) ;
#9791 = ORIENTED_EDGE ( 'NONE', *, *, #1130, .F. ) ;
#9792 = LINE ( 'NONE', #5760, #4454 ) ;
#9793 = VECTOR ( 'NONE', #1585, 1000.000000000000000 ) ;
#9794 = SURFACE_STYLE_FILL_AREA ( #6546 ) ;
#9795 = DIRECTION ( 'NONE',  ( -7.280287483979462752E-14, -1.168500215858619925E-28, -1.000000000000000000 ) ) ;
#9796 = EDGE_LOOP ( 'NONE', ( #3070, #6439, #8794, #1278, #1187, #2667 ) ) ;
#9797 = SURFACE_SIDE_STYLE ('',( #8308 ) ) ;
#9798 = DIRECTION ( 'NONE',  ( 1.748601263784621748E-15, 0.0000000000000000000, 1.000000000000000000 ) ) ;
#9799 = CARTESIAN_POINT ( 'NONE',  ( 0.7400000000000322986, 4.200000000000009059, 11.35000000000005471 ) ) ;
#9800 = CARTESIAN_POINT ( 'NONE',  ( 2.400000000000011458, 8.200000000000011724, 3.875158234187051853 ) ) ;
#9801 = CARTESIAN_POINT ( 'NONE',  ( 0.1000000000000219463, 9.638089535208006708, 10.35000000000005649 ) ) ;
#9802 = PLANE ( 'NONE',  #1236 ) ;
#9803 = LINE ( 'NONE', #9854, #2651 ) ;
#9804 = ORIENTED_EDGE ( 'NONE', *, *, #6267, .F. ) ;
#9805 = DIRECTION ( 'NONE',  ( 0.9883716976506232710, 1.625394904386490918E-15, 0.1520571842539017449 ) ) ;
#9806 = EDGE_LOOP ( 'NONE', ( #5888, #6974, #3717, #5190 ) ) ;
#9807 = CYLINDRICAL_SURFACE ( 'NONE', #6484, 1.399999999999999245 ) ;
#9808 = DIRECTION ( 'NONE',  ( 0.7071067811864987229, 1.162849727212585039E-15, 0.7071067811865963115 ) ) ;
#9809 = EDGE_CURVE ( 'NONE', #6284, #6077, #4634, .T. ) ;
#9810 = ADVANCED_FACE ( 'NONE', ( #7795 ), #3721, .F. ) ;
#9811 = PLANE ( 'NONE',  #6335 ) ;
#9812 = CARTESIAN_POINT ( 'NONE',  ( 0.7400000000000011013, 7.597309794603359201, -3.649999999999944844 ) ) ;
#9813 = ORIENTED_EDGE ( 'NONE', *, *, #2904, .F. ) ;
#9814 = LINE ( 'NONE', #4866, #957 ) ;
#9815 =( NAMED_UNIT ( * ) SI_UNIT ( $, .STERADIAN. ) SOLID_ANGLE_UNIT ( ) );
#9816 = ORIENTED_EDGE ( 'NONE', *, *, #9177, .T. ) ;
#9817 = DIRECTION ( 'NONE',  ( -1.644517855226007998E-15, 1.000000000000000000, 2.875605999964573094E-30 ) ) ;
#9818 = VERTEX_POINT ( 'NONE', #7898 ) ;
#9819 = DIRECTION ( 'NONE',  ( -1.748601263784621946E-15, 0.0000000000000000000, -1.000000000000000000 ) ) ;
#9820 = LINE ( 'NONE', #681, #3639 ) ;
#9821 = VERTEX_POINT ( 'NONE', #3831 ) ;
#9822 = CARTESIAN_POINT ( 'NONE',  ( 0.1000000000000098033, 8.200000000000008171, 2.824841765813056682 ) ) ;
#9823 = EDGE_CURVE ( 'NONE', #3500, #4831, #6932, .T. ) ;
#9824 = EDGE_CURVE ( 'NONE', #7908, #1840, #10372, .T. ) ;
#9825 = FILL_AREA_STYLE ('',( #3326 ) ) ;
#9826 = EDGE_CURVE ( 'NONE', #9040, #1012, #1285, .T. ) ;
#9827 = DIRECTION ( 'NONE',  ( -1.644517855226007998E-15, 1.000000000000000000, 2.890435660536363919E-30 ) ) ;
#9828 = CARTESIAN_POINT ( 'NONE',  ( 2.400000000000007905, 7.650000000000011902, 0.8500000000000520473 ) ) ;
#9829 = CARTESIAN_POINT ( 'NONE',  ( 0.1000000000000167422, 7.650000000000007461, 5.350000000000057376 ) ) ;
#9830 = ORIENTED_EDGE ( 'NONE', *, *, #1826, .F. ) ;
#9831 = ORIENTED_EDGE ( 'NONE', *, *, #6793, .F. ) ;
#9832 = DIRECTION ( 'NONE',  ( -0.2357022603954924966, -0.9428090415820747916, -0.2357022603954932183 ) ) ;
#9833 = FACE_OUTER_BOUND ( 'NONE', #5270, .T. ) ;
#9834 = DIRECTION ( 'NONE',  ( -1.748601263784621946E-15, 0.0000000000000000000, -1.000000000000000000 ) ) ;
#9835 = ORIENTED_EDGE ( 'NONE', *, *, #9966, .F. ) ;
#9836 = CARTESIAN_POINT ( 'NONE',  ( 1.327637489681996019, 8.199999999997109157, -5.476783897363945108 ) ) ;
#9837 = CARTESIAN_POINT ( 'NONE',  ( 11.00000000000002487, 5.200000000000025935, 8.645459231495035368 ) ) ;
#9838 = EDGE_CURVE ( 'NONE', #5919, #4119, #9507, .T. ) ;
#9839 = ORIENTED_EDGE ( 'NONE', *, *, #8917, .T. ) ;
#9840 = CARTESIAN_POINT ( 'NONE',  ( 1.499999999999997780, 8.200000000000009948, -4.639999999999945501 ) ) ;
#9841 = DIRECTION ( 'NONE',  ( -1.000000000000000000, -1.644517855226007998E-15, 1.748601263784621946E-15 ) ) ;
#9842 = ORIENTED_EDGE ( 'NONE', *, *, #1168, .T. ) ;
#9843 = LINE ( 'NONE', #5812, #4129 ) ;
#9844 = PLANE ( 'NONE',  #8055 ) ;
#9845 = EDGE_LOOP ( 'NONE', ( #7971, #3700, #1433, #33, #3220, #10038, #8131, #7288, #62, #4086, #4600, #6996 ) ) ;
#9846 = CARTESIAN_POINT ( 'NONE',  ( 0.7500000000000215383, -0.2499999999999906741, 1.100000000000054934 ) ) ;
#9847 = LINE ( 'NONE', #23, #9026 ) ;
#9848 = EDGE_CURVE ( 'NONE', #9219, #6051, #6131, .T. ) ;
#9849 = SURFACE_SIDE_STYLE ('',( #7520 ) ) ;
#9850 = LINE ( 'NONE', #9741, #9932 ) ;
#9851 = EDGE_LOOP ( 'NONE', ( #4072, #9344, #8537, #9170, #448 ) ) ;
#9852 = UNCERTAINTY_MEASURE_WITH_UNIT (LENGTH_MEASURE( 1.000000000000000082E-05 ), #1949, 'distance_accuracy_value', 'NONE');
#9853 = CARTESIAN_POINT ( 'NONE',  ( 0.7500000000000370814, -0.2499999999999906741, 10.60000000000005471 ) ) ;
#9854 = CARTESIAN_POINT ( 'NONE',  ( 1.500000000000030864, 4.200000000000010836, 10.35000000000005294 ) ) ;
#9855 = ORIENTED_EDGE ( 'NONE', *, *, #421, .F. ) ;
#9856 = DIRECTION ( 'NONE',  ( 0.5999999999999985345, 9.867107131356048382E-16, -0.8000000000000010436 ) ) ;
#9857 = VERTEX_POINT ( 'NONE', #8626 ) ;
#9858 = AXIS2_PLACEMENT_3D ( 'NONE', #4785, #758, #8050 ) ;
#9859 = VERTEX_POINT ( 'NONE', #5545 ) ;
#9860 = LINE ( 'NONE', #3244, #10219 ) ;
#9861 = COLOUR_RGB ( '',1.000000000000000000, 1.000000000000000000, 1.000000000000000000 ) ;
#9862 = ADVANCED_FACE ( 'NONE', ( #9352 ), #7089, .F. ) ;
#9863 = EDGE_LOOP ( 'NONE', ( #10442, #1455, #10126, #371 ) ) ;
#9864 = DIRECTION ( 'NONE',  ( -1.748601263784621946E-15, 0.0000000000000000000, -1.000000000000000000 ) ) ;
#9865 = UNCERTAINTY_MEASURE_WITH_UNIT (LENGTH_MEASURE( 1.000000000000000082E-05 ), #2981, 'distance_accuracy_value', 'NONE');
#9866 = CARTESIAN_POINT ( 'NONE',  ( 9.700000000000022382, 5.400000000000024336, 7.971320343560040378 ) ) ;
#9867 = FILL_AREA_STYLE ('',( #990 ) ) ;
#9868 = DIRECTION ( 'NONE',  ( 0.7071067811864963915, 1.162849727212585237E-15, -0.7071067811865986430 ) ) ;
#9869 = VERTEX_POINT ( 'NONE', #10223 ) ;
#9870 = DIRECTION ( 'NONE',  ( 0.9701425001453382047, 1.595416663602607856E-15, 0.2425356250363077670 ) ) ;
#9871 = ORIENTED_EDGE ( 'NONE', *, *, #9433, .T. ) ;
#9872 = CIRCLE ( 'NONE', #1535, 2.050000000001999556 ) ;
#9873 =( NAMED_UNIT ( * ) SI_UNIT ( $, .STERADIAN. ) SOLID_ANGLE_UNIT ( ) );
#9874 = FILL_AREA_STYLE ('',( #1738 ) ) ;
#9875 = EDGE_CURVE ( 'NONE', #5303, #1012, #9330, .T. ) ;
#9876 = CONICAL_SURFACE ( 'NONE', #212, 1.374999999999999556, 0.03224688243525484360 ) ;
#9877 = CARTESIAN_POINT ( 'NONE',  ( 2.400000000000007905, 7.450000000000011724, 0.8500000000000520473 ) ) ;
#9878 = CARTESIAN_POINT ( 'NONE',  ( 0.1000001696450283223, 8.200000000000008171, 13.35000000000005471 ) ) ;
#9879 = EDGE_CURVE ( 'NONE', #3705, #7655, #8827, .T. ) ;
#9880 = DIRECTION ( 'NONE',  ( -1.748601263784621748E-15, 1.482966057179082451E-32, -1.000000000000000000 ) ) ;
#9881 = EDGE_LOOP ( 'NONE', ( #1652, #2338, #2846, #6507 ) ) ;
#9882 = CARTESIAN_POINT ( 'NONE',  ( 1.400000000004007372, 7.649999999998870592, 0.8499999999980536458 ) ) ;
#9883 = DIRECTION ( 'NONE',  ( -1.748601263784621748E-15, 0.0000000000000000000, -1.000000000000000000 ) ) ;
#9884 = AXIS2_PLACEMENT_3D ( 'NONE', #988, #203, #2627 ) ;
#9885 = PLANE ( 'NONE',  #3971 ) ;
#9886 = EDGE_CURVE ( 'NONE', #152, #9011, #2128, .T. ) ;
#9887 = DIRECTION ( 'NONE',  ( -1.748601263784621946E-15, 0.0000000000000000000, -1.000000000000000000 ) ) ;
#9888 = ADVANCED_FACE ( 'NONE', ( #5762 ), #8986, .T. ) ;
#9889 = VECTOR ( 'NONE', #3933, 1000.000000000000000 ) ;
#9890 =( GEOMETRIC_REPRESENTATION_CONTEXT ( 3 ) GLOBAL_UNCERTAINTY_ASSIGNED_CONTEXT ( ( #4980 ) ) GLOBAL_UNIT_ASSIGNED_CONTEXT ( ( #214, #423, #6796 ) ) REPRESENTATION_CONTEXT ( 'NONE', 'WORKASPACE' ) );
#9891 = EDGE_LOOP ( 'NONE', ( #1383, #10455, #1450, #8605 ) ) ;
#9892 = ADVANCED_FACE ( 'NONE', ( #143 ), #8332, .F. ) ;
#9893 = DIRECTION ( 'NONE',  ( -1.644517855226007998E-15, 1.000000000000000000, 2.875605999964573094E-30 ) ) ;
#9894 =( NAMED_UNIT ( * ) SI_UNIT ( $, .STERADIAN. ) SOLID_ANGLE_UNIT ( ) );
#9895 = ORIENTED_EDGE ( 'NONE', *, *, #8917, .F. ) ;
#9896 = VECTOR ( 'NONE', #3984, 1000.000000000000000 ) ;
#9897 = VECTOR ( 'NONE', #5188, 1000.000000000000000 ) ;
#9898 = CARTESIAN_POINT ( 'NONE',  ( 1.799999999999999600, 8.144714285714311330, -4.614999999999946034 ) ) ;
#9899 = CARTESIAN_POINT ( 'NONE',  ( 0.1000000000000236811, 9.638089535207008396, 11.35000000000005471 ) ) ;
#9900 = CARTESIAN_POINT ( 'NONE',  ( 1.375000000000020206, 0.2500000000000106581, 0.8500000000000538236 ) ) ;
#9901 = DIRECTION ( 'NONE',  ( 1.644517855226008195E-15, -1.000000000000000000, -2.890435660536364269E-30 ) ) ;
#9902 = VERTEX_POINT ( 'NONE', #4164 ) ;
#9903 = VECTOR ( 'NONE', #2436, 1000.000000000000114 ) ;
#9904 = COLOUR_RGB ( '',1.000000000000000000, 1.000000000000000000, 1.000000000000000000 ) ;
#9905 = AXIS2_PLACEMENT_3D ( 'NONE', #8785, #10439, #5389 ) ;
#9906 = EDGE_CURVE ( 'NONE', #9859, #5865, #4843, .T. ) ;
#9907 = CARTESIAN_POINT ( 'NONE',  ( 1.800000000000011591, 6.844714285714310620, 1.340000000000053815 ) ) ;
#9908 = CARTESIAN_POINT ( 'NONE',  ( 0.6205608657817586193, 9.369703792022287203, 10.35000000000169074 ) ) ;
#9909 = VERTEX_POINT ( 'NONE', #4950 ) ;
#9910 = LINE ( 'NONE', #1715, #6169 ) ;
#9911 = CARTESIAN_POINT ( 'NONE',  ( 3.175000000000016254, 7.650000000000012790, 5.850000000000051159 ) ) ;
#9912 = ORIENTED_EDGE ( 'NONE', *, *, #5356, .T. ) ;
#9913 = SURFACE_STYLE_FILL_AREA ( #7528 ) ;
#9914 = ORIENTED_EDGE ( 'NONE', *, *, #9875, .F. ) ;
#9915 = MECHANICAL_DESIGN_GEOMETRIC_PRESENTATION_REPRESENTATION (  '', ( #9554 ), #9386 ) ;
#9916 = EDGE_LOOP ( 'NONE', ( #4416, #1306, #1397, #3445 ) ) ;
#9917 = DIRECTION ( 'NONE',  ( -0.9238697708742994452, 0.3553345272593985138, 0.1421338109037016129 ) ) ;
#9918 = VECTOR ( 'NONE', #5234, 1000.000000000000000 ) ;
#9919 = LINE ( 'NONE', #5893, #7707 ) ;
#9920 = AXIS2_PLACEMENT_3D ( 'NONE', #8428, #5275, #9261 ) ;
#9921 = VECTOR ( 'NONE', #6700, 1000.000000000000000 ) ;
#9922 = CARTESIAN_POINT ( 'NONE',  ( -0.5999999999999998668, 7.650000000000006573, -4.149999999999942624 ) ) ;
#9923 = ORIENTED_EDGE ( 'NONE', *, *, #5458, .F. ) ;
#9924 = DIRECTION ( 'NONE',  ( 1.706285386945153899E-15, -1.000000000000000000, 0.0000000000000000000 ) ) ;
#9925 = LINE ( 'NONE', #5083, #5472 ) ;
#9926 = LINE ( 'NONE', #7386, #6390 ) ;
#9927 = ORIENTED_EDGE ( 'NONE', *, *, #10489, .T. ) ;
#9928 = ORIENTED_EDGE ( 'NONE', *, *, #8655, .F. ) ;
#9929 = VECTOR ( 'NONE', #10012, 1000.000000000000000 ) ;
#9930 = CARTESIAN_POINT ( 'NONE',  ( 3.950000000000009948, 7.144714285714313995, 1.350000000000049161 ) ) ;
#9931 = ORIENTED_EDGE ( 'NONE', *, *, #8346, .T. ) ;
#9932 = VECTOR ( 'NONE', #29, 1000.000000000000227 ) ;
#9933 = VECTOR ( 'NONE', #8471, 1000.000000000000000 ) ;
#9934 = CARTESIAN_POINT ( 'NONE',  ( 1.500000000000030864, 4.200000000000010836, 10.35000000000005294 ) ) ;
#9935 = PLANE ( 'NONE',  #720 ) ;
#9936 = LINE ( 'NONE', #1, #9087 ) ;
#9937 = EDGE_LOOP ( 'NONE', ( #10053, #7719, #9476, #2189 ) ) ;
#9938 = CARTESIAN_POINT ( 'NONE',  ( 0.5000000000000213163, 0.7500000000000093259, 1.350000000000055156 ) ) ;
#9939 = ORIENTED_EDGE ( 'NONE', *, *, #3464, .T. ) ;
#9940 = CARTESIAN_POINT ( 'NONE',  ( 0.1000000000000219463, 9.638089535208006708, 10.35000000000005649 ) ) ;
#9941 = CARTESIAN_POINT ( 'NONE',  ( 9.699999999999992184, 12.25000000000002309, -3.449999999999960210 ) ) ;
#9942 = CARTESIAN_POINT ( 'NONE',  ( 9.699999999999995737, 10.60000000000002274, -3.449999999999960210 ) ) ;
#9943 = VECTOR ( 'NONE', #115, 1000.000000000000000 ) ;
#9944 = AXIS2_PLACEMENT_3D ( 'NONE', #422, #1845, #326 ) ;
#9945 = EDGE_CURVE ( 'NONE', #2708, #3472, #4000, .T. ) ;
#9946 = ADVANCED_FACE ( 'NONE', ( #9038 ), #7256, .F. ) ;
#9947 = STYLED_ITEM ( 'NONE', ( #6152 ), #6502 ) ;
#9948 = VECTOR ( 'NONE', #7060, 1000.000000000000000 ) ;
#9949 = AXIS2_PLACEMENT_3D ( 'NONE', #7862, #6302, #4554 ) ;
#9950 = VERTEX_POINT ( 'NONE', #913 ) ;
#9951 = VECTOR ( 'NONE', #3929, 1000.000000000000000 ) ;
#9952 = LINE ( 'NONE', #4311, #105 ) ;
#9953 = DIRECTION ( 'NONE',  ( -1.748601263784621748E-15, 0.0000000000000000000, -1.000000000000000000 ) ) ;
#9954 = ORIENTED_EDGE ( 'NONE', *, *, #7241, .T. ) ;
#9955 = SURFACE_SIDE_STYLE ('',( #7056 ) ) ;
#9956 = DIRECTION ( 'NONE',  ( 1.000000000000000000, 1.644517855226007998E-15, -1.748601263784621946E-15 ) ) ;
#9957 = CARTESIAN_POINT ( 'NONE',  ( 1.399516249111574240, 9.386410128057342206, -4.649999999999946176 ) ) ;
#9958 = PRESENTATION_STYLE_ASSIGNMENT (( #9094 ) ) ;
#9959 = LINE ( 'NONE', #4951, #4845 ) ;
#9960 = VECTOR ( 'NONE', #940, 1000.000000000000000 ) ;
#9961 = ORIENTED_EDGE ( 'NONE', *, *, #4327, .T. ) ;
#9962 = CARTESIAN_POINT ( 'NONE',  ( 11.00000000000000000, 7.650000000000026112, -3.684999999999962750 ) ) ;
#9963 = VECTOR ( 'NONE', #6833, 1000.000000000000227 ) ;
#9964 = PRESENTATION_LAYER_ASSIGNMENT (  '', '', ( #285 ) ) ;
#9965 = ADVANCED_FACE ( 'NONE', ( #3223 ), #4054, .F. ) ;
#9966 = EDGE_CURVE ( 'NONE', #2247, #3269, #7993, .T. ) ;
#9967 = EDGE_CURVE ( 'NONE', #10047, #6300, #699, .T. ) ;
#9968 = VECTOR ( 'NONE', #2165, 1000.000000000000000 ) ;
#9969 = DIRECTION ( 'NONE',  ( -0.8076923076923187006, 0.5896042198752116104, 1.334402673828312846E-15 ) ) ;
#9970 = DIRECTION ( 'NONE',  ( 1.000000000000000000, 1.644517855226007998E-15, -1.748601263784621946E-15 ) ) ;
#9971 = ORIENTED_EDGE ( 'NONE', *, *, #3443, .T. ) ;
#9972 = PLANE ( 'NONE',  #7015 ) ;
#9973 = LINE ( 'NONE', #6965, #9616 ) ;
#9974 = ORIENTED_EDGE ( 'NONE', *, *, #628, .T. ) ;
#9975 = SURFACE_SIDE_STYLE ('',( #9913 ) ) ;
#9976 = VERTEX_POINT ( 'NONE', #5709 ) ;
#9977 = ORIENTED_EDGE ( 'NONE', *, *, #4047, .F. ) ;
#9978 = FACE_OUTER_BOUND ( 'NONE', #6508, .T. ) ;
#9979 = DIRECTION ( 'NONE',  ( 1.644517855226007998E-15, -1.000000000000000000, -2.890435660536363919E-30 ) ) ;
#9980 = ADVANCED_FACE ( 'NONE', ( #8881 ), #1533, .T. ) ;
#9981 = SURFACE_STYLE_USAGE ( .BOTH. , #6909 ) ;
#9982 = CARTESIAN_POINT ( 'NONE',  ( 11.00000000000000711, 5.400000000000026112, -1.649999999999960609 ) ) ;
#9983 = ORIENTED_EDGE ( 'NONE', *, *, #2248, .F. ) ;
#9984 = CARTESIAN_POINT ( 'NONE',  ( 10.34999999141860805, 7.450000000000024158, 0.8500000000000382805 ) ) ;
#9985 = CARTESIAN_POINT ( 'NONE',  ( 9.699999995709015721, 5.400000000655023946, 3.728679656725039315 ) ) ;
#9986 = ORIENTED_EDGE ( 'NONE', *, *, #4409, .T. ) ;
#9987 = DIRECTION ( 'NONE',  ( -0.2307692307692121303, 0.9730085108210442257, 0.0000000000000000000 ) ) ;
#9988 = ORIENTED_EDGE ( 'NONE', *, *, #4809, .F. ) ;
#9989 = DIRECTION ( 'NONE',  ( -0.2357022603954924966, -0.9428090415820747916, -0.2357022603954932183 ) ) ;
#9990 = LINE ( 'NONE', #9069, #8230 ) ;
#9991 = ORIENTED_EDGE ( 'NONE', *, *, #6510, .T. ) ;
#9992 = ADVANCED_FACE ( 'NONE', ( #4101 ), #81, .T. ) ;
#9993 = ADVANCED_FACE ( 'NONE', ( #970 ), #1015, .T. ) ;
#9994 =( LENGTH_UNIT ( ) NAMED_UNIT ( * ) SI_UNIT ( .MILLI., .METRE. ) );
#9995 = DIRECTION ( 'NONE',  ( -1.644517855226008195E-15, 1.000000000000000000, 2.890435660536364269E-30 ) ) ;
#9996 = CARTESIAN_POINT ( 'NONE',  ( 0.1000000000000254158, 7.650000000000007461, 10.85000000000005649 ) ) ;
#9997 = SURFACE_STYLE_FILL_AREA ( #5150 ) ;
#9998 = ORIENTED_EDGE ( 'NONE', *, *, #1649, .T. ) ;
#9999 = LINE ( 'NONE', #9169, #7702 ) ;
#10000 = VERTEX_POINT ( 'NONE', #7469 ) ;
#10001 = CARTESIAN_POINT ( 'NONE',  ( 1.125000000000006217, 8.200000000000009948, 0.8500000000000547118 ) ) ;
#10002 = CARTESIAN_POINT ( 'NONE',  ( 0.6000000000000067502, 8.200000000000009948, 0.3044444450000550750 ) ) ;
#10003 = LINE ( 'NONE', #8397, #5149 ) ;
#10004 = ORIENTED_EDGE ( 'NONE', *, *, #5141, .T. ) ;
#10005 =( LENGTH_UNIT ( ) NAMED_UNIT ( * ) SI_UNIT ( .MILLI., .METRE. ) );
#10006 = ORIENTED_EDGE ( 'NONE', *, *, #628, .F. ) ;
#10007 = CARTESIAN_POINT ( 'NONE',  ( 2.399999999999999467, 7.650000000000011902, -4.149999999999947953 ) ) ;
#10008 = PLANE ( 'NONE',  #2920 ) ;
#10009 = DIRECTION ( 'NONE',  ( 1.644517855226007998E-15, -1.000000000000000000, -2.890435660536363919E-30 ) ) ;
#10010 = FILL_AREA_STYLE_COLOUR ( '', #7582 ) ;
#10011 = ORIENTED_EDGE ( 'NONE', *, *, #8137, .F. ) ;
#10012 = DIRECTION ( 'NONE',  ( -1.748601263784621946E-15, 0.0000000000000000000, -1.000000000000000000 ) ) ;
#10013 = EDGE_CURVE ( 'NONE', #6210, #7647, #4973, .T. ) ;
#10014 =( NAMED_UNIT ( * ) SI_UNIT ( $, .STERADIAN. ) SOLID_ANGLE_UNIT ( ) );
#10015 = DIRECTION ( 'NONE',  ( -1.748601263784621946E-15, 0.0000000000000000000, -1.000000000000000000 ) ) ;
#10016 = ORIENTED_EDGE ( 'NONE', *, *, #7893, .T. ) ;
#10017 = ADVANCED_FACE ( 'NONE', ( #10060 ), #8538, .F. ) ;
#10018 = DIRECTION ( 'NONE',  ( -1.668003342285391452E-15, 1.000000000000000000, 0.0000000000000000000 ) ) ;
#10019 = VERTEX_POINT ( 'NONE', #6864 ) ;
#10020 = CARTESIAN_POINT ( 'NONE',  ( 0.7000000000000043965, 6.250000000000008882, -2.349999999999945022 ) ) ;
#10021 = VERTEX_POINT ( 'NONE', #10115 ) ;
#10022 =( LENGTH_UNIT ( ) NAMED_UNIT ( * ) SI_UNIT ( .MILLI., .METRE. ) );
#10023 = ADVANCED_FACE ( 'NONE', ( #293 ), #4261, .T. ) ;
#10024 = ADVANCED_FACE ( 'NONE', ( #2699 ), #5969, .F. ) ;
#10025 = LINE ( 'NONE', #3523, #1084 ) ;
#10026 = B_SPLINE_CURVE_WITH_KNOTS ( 'NONE', 3,
 ( #4100, #5813, #3392, #9899 ),
 .UNSPECIFIED., .F., .F.,
 ( 4, 4 ),
 ( 0.0000000000000000000, 1.000000000000000000 ),
 .UNSPECIFIED. ) ;
#10027 = DIRECTION ( 'NONE',  ( -1.000000000000000000, -1.644517855226007998E-15, 1.748601263784621946E-15 ) ) ;
#10028 = EDGE_LOOP ( 'NONE', ( #4477, #5694, #8295, #324, #7387, #1836 ) ) ;
#10029 = CARTESIAN_POINT ( 'NONE',  ( 1.500000000000025535, 8.200000000000009948, 11.31500000000005457 ) ) ;
#10030 = EDGE_CURVE ( 'NONE', #1780, #3481, #1125, .T. ) ;
#10031 = CARTESIAN_POINT ( 'NONE',  ( 2.400000000000028777, 8.200000000000011724, 13.35000000000005471 ) ) ;
#10032 = LINE ( 'NONE', #361, #7763 ) ;
#10033 = EDGE_CURVE ( 'NONE', #2458, #10429, #7830, .T. ) ;
#10034 = ORIENTED_EDGE ( 'NONE', *, *, #9249, .T. ) ;
#10035 =( NAMED_UNIT ( * ) SI_UNIT ( $, .STERADIAN. ) SOLID_ANGLE_UNIT ( ) );
#10036 = ORIENTED_EDGE ( 'NONE', *, *, #9233, .T. ) ;
#10037 = LINE ( 'NONE', #8594, #7151 ) ;
#10038 = ORIENTED_EDGE ( 'NONE', *, *, #6584, .F. ) ;
#10039 = AXIS2_PLACEMENT_3D ( 'NONE', #10020, #4422, #2765 ) ;
#10040 = LINE ( 'NONE', #1193, #2956 ) ;
#10041 = DIRECTION ( 'NONE',  ( 0.9838699100999038771, 1.617991634378899823E-15, -0.1788854382000027443 ) ) ;
#10042 = DIRECTION ( 'NONE',  ( 0.9701425001453382047, -0.2425356250363079058, -1.696392401805311241E-15 ) ) ;
#10043 = EDGE_CURVE ( 'NONE', #2646, #6772, #1426, .T. ) ;
#10044 = ORIENTED_EDGE ( 'NONE', *, *, #10043, .F. ) ;
#10045 = AXIS2_PLACEMENT_3D ( 'NONE', #2042, #3696, #6953 ) ;
#10046 = DIRECTION ( 'NONE',  ( 1.644517855226008195E-15, -1.000000000000000000, -2.890435660536364269E-30 ) ) ;
#10047 = VERTEX_POINT ( 'NONE', #6322 ) ;
#10048 = SURFACE_SIDE_STYLE ('',( #2795 ) ) ;
#10049 = SURFACE_STYLE_FILL_AREA ( #6015 ) ;
#10050 = CARTESIAN_POINT ( 'NONE',  ( 1.400000000000015010, 8.959743461390676345, 5.354091780670053424 ) ) ;
#10051 = DIRECTION ( 'NONE',  ( -1.748601263784621946E-15, 0.0000000000000000000, -1.000000000000000000 ) ) ;
#10052 = LINE ( 'NONE', #9287, #10283 ) ;
#10053 = ORIENTED_EDGE ( 'NONE', *, *, #3081, .T. ) ;
#10054 = CIRCLE ( 'NONE', #5456, 1.399999999999000266 ) ;
#10055 = FACE_OUTER_BOUND ( 'NONE', #1673, .T. ) ;
#10056 = DIRECTION ( 'NONE',  ( 1.000000000000000000, 1.644517855226007801E-15, -1.748601263784621748E-15 ) ) ;
#10057 = ORIENTED_EDGE ( 'NONE', *, *, #6911, .F. ) ;
#10058 = CARTESIAN_POINT ( 'NONE',  ( 9.700000000000004619, 5.400000000000024336, -2.028679656439960066 ) ) ;
#10059 = CARTESIAN_POINT ( 'NONE',  ( 3.950000000000008171, 8.144714285714314883, 1.350000000000049161 ) ) ;
#10060 = FACE_OUTER_BOUND ( 'NONE', #9891, .T. ) ;
#10061 = VECTOR ( 'NONE', #4275, 1000.000000000000000 ) ;
#10062 = LINE ( 'NONE', #8466, #8564 ) ;
#10063 = PRESENTATION_LAYER_ASSIGNMENT (  '', '', ( #8363 ) ) ;
#10064 = VECTOR ( 'NONE', #2365, 1000.000000000000000 ) ;
#10065 = DIRECTION ( 'NONE',  ( 0.5999999999999985345, 9.867107131356048382E-16, -0.8000000000000010436 ) ) ;
#10066 = VECTOR ( 'NONE', #595, 1000.000000000000000 ) ;
#10067 = LINE ( 'NONE', #10173, #10074 ) ;
#10068 = CARTESIAN_POINT ( 'NONE',  ( 1.500000000000008216, 8.200000000000009948, 1.315000000000053904 ) ) ;
#10069 = CARTESIAN_POINT ( 'NONE',  ( -0.9999999999999731326, 3.750000000000006217, 7.650000000000058087 ) ) ;
#10070 = ORIENTED_EDGE ( 'NONE', *, *, #6201, .T. ) ;
#10071 = CARTESIAN_POINT ( 'NONE',  ( 8.800000000000007816, 7.144714285714321989, 0.3500000000000412781 ) ) ;
#10072 = LINE ( 'NONE', #3678, #4777 ) ;
#10073 = VECTOR ( 'NONE', #1268, 1000.000000000000000 ) ;
#10074 = VECTOR ( 'NONE', #2707, 1000.000000000000000 ) ;
#10075 = EDGE_CURVE ( 'NONE', #2086, #4763, #1273, .T. ) ;
#10076 = LINE ( 'NONE', #6091, #8224 ) ;
#10077 = AXIS2_PLACEMENT_3D ( 'NONE', #2844, #10102, #3806 ) ;
#10078 = EDGE_CURVE ( 'NONE', #1990, #7552, #9497, .T. ) ;
#10079 = B_SPLINE_CURVE_WITH_KNOTS ( 'NONE', 3,
 ( #781, #9695, #10453, #1726 ),
 .UNSPECIFIED., .F., .F.,
 ( 4, 4 ),
 ( 0.0000000000000000000, 1.000000000000000000 ),
 .UNSPECIFIED. ) ;
#10080 = CARTESIAN_POINT ( 'NONE',  ( 9.700000000000002842, 10.60000000000002274, 0.1500000000000389910 ) ) ;
#10081 = STYLED_ITEM ( 'NONE', ( #7654 ), #9477 ) ;
#10082 = EDGE_LOOP ( 'NONE', ( #994, #7210, #7791, #4702 ) ) ;
#10083 = PRESENTATION_LAYER_ASSIGNMENT (  '', '', ( #7715 ) ) ;
#10084 = DIRECTION ( 'NONE',  ( 0.9883716976506232710, -0.1520571842539018281, 0.0000000000000000000 ) ) ;
#10085 = DIRECTION ( 'NONE',  ( 1.644517855226008195E-15, -1.000000000000000000, -2.890435660536364269E-30 ) ) ;
#10086 = ORIENTED_EDGE ( 'NONE', *, *, #1240, .T. ) ;
#10087 = LINE ( 'NONE', #9472, #7761 ) ;
#10088 = ORIENTED_EDGE ( 'NONE', *, *, #4948, .T. ) ;
#10089 = DIRECTION ( 'NONE',  ( 1.000000000000000000, 1.644517855226007998E-15, -1.748601263784621946E-15 ) ) ;
#10090 = ORIENTED_EDGE ( 'NONE', *, *, #7788, .F. ) ;
#10091 = AXIS2_PLACEMENT_3D ( 'NONE', #7291, #6, #5753 ) ;
#10092 = EDGE_CURVE ( 'NONE', #3987, #8406, #5369, .T. ) ;
#10093 = AXIS2_PLACEMENT_3D ( 'NONE', #9286, #10201, #5211 ) ;
#10094 = EDGE_CURVE ( 'NONE', #9335, #7273, #9396, .T. ) ;
#10095 = DIRECTION ( 'NONE',  ( -1.644517855226007998E-15, 1.000000000000000000, -0.0000000000000000000 ) ) ;
#10096 = FILL_AREA_STYLE ('',( #9226 ) ) ;
#10097 = CIRCLE ( 'NONE', #424, 1.399999999999999023 ) ;
#10098 = VERTEX_POINT ( 'NONE', #7937 ) ;
#10099 = VECTOR ( 'NONE', #819, 1000.000000000000000 ) ;
#10100 = ORIENTED_EDGE ( 'NONE', *, *, #7840, .T. ) ;
#10101 = CARTESIAN_POINT ( 'NONE',  ( -0.9999999999999783507, 3.750000000000006217, 4.050000000000059330 ) ) ;
#10102 = DIRECTION ( 'NONE',  ( -1.000000000000000000, -1.644517855226007998E-15, 1.748601263784621946E-15 ) ) ;
#10103 = VECTOR ( 'NONE', #8962, 1000.000000000000000 ) ;
#10104 = SURFACE_SIDE_STYLE ('',( #7800 ) ) ;
#10105 = EDGE_CURVE ( 'NONE', #96, #5263, #10210, .T. ) ;
#10106 = VECTOR ( 'NONE', #695, 1000.000000000000000 ) ;
#10107 = CLOSED_SHELL ( 'NONE', ( #598, #7690, #7088, #473, #1169, #671, #7820, #1769, #3622, #2026, #4106, #9888, #6899, #1361, #7462, #3295, #4386, #5862, #5220, #3888, #1323, #7490, #6646, #8768, #7493, #1832, #4696, #6218, #5657, #377, #7305, #6214, #8839, #8069, #6110, #2342, #5169, #5552, #7185, #269, #3711, #8974, #7152, #9946, #2327, #1226, #2328, #2190, #5909, #6570, #1490, #2437, #5878, #6828, #1053, #9604, #2464, #8309, #1902, #6140, #8793, #5278, #3899, #3262, #9862, #5048, #4254, #6502, #7057, #6101, #6736, #3036, #5171, #3566, #5756, #4888, #10299, #5085, #2672, #2403, #9737, #4059, #1117, #344, #2428, #3837, #2478, #8000, #6554, #4891, #7876, #998, #1685, #9679, #26, #921, #1873, #5768, #769, #8148, #2785, #8345, #1576, #10017, #6623, #6783, #8268, #4368, #8549, #1442, #1660, #6492, #6585, #8779, #109, #5745, #2985, #9993, #5262, #2134, #5223, #7939, #1833, #7815, #7563, #5385, #6083, #991, #9248, #6573, #7031, #1671, #8284, #7391, #1875, #7294, #2683, #4035, #10268, #3098, #9761, #3739, #803, #1847, #9477, #6902, #11, #9980, #9992, #4551, #8200, #1582, #3398, #6067, #8654, #2933, #10433, #10, #9438, #6511, #5861, #7619, #2657, #1367, #1491, #183, #2467, #2262, #3576, #1181, #5639, #1755, #6967, #9143, #10023, #5322, #10024, #9965, #811, #313, #6780, #4094, #7028, #6251, #4038, #6460, #6834, #3426, #6434, #3386, #9539, #3193, #8325, #2856, #721, #3720, #4709, #3306, #2053, #3840, #4942, #4540, #7153, #7847, #2058, #10155, #8117, #4574, #5939, #5515, #4162, #6708, #2745, #4220, #3883, #4758, #3752, #3312, #7641, #2650, #9570, #75, #6435, #2330, #9235, #9810, #3765, #8840, #8467, #10477, #5541, #9557, #2479, #7547, #8863, #4427, #5877, #5094, #8226, #9892, #98, #1539, #9295, #4974, #8901, #3173, #9528, #1369, #1905, #9152, #6690, #341, #9478, #9620, #8477, #5291, #2202, #1159, #495, #366, #2214, #2966, #8320, #5033, #5410, #5214, #246, #5019, #6816, #3377, #6393, #4245, #686, #5732, #6005, #5600, #3851, #7341, #5289, #917, #7551, #7627, #3375, #3339, #7446, #9124, #1854, #1290, #3957, #2006, #8703, #7675, #10509, #5819, #4373, #10404, #3839, #6255, #2561 ) ) ;
#10108 = ORIENTED_EDGE ( 'NONE', *, *, #1559, .F. ) ;
#10109 = CARTESIAN_POINT ( 'NONE',  ( 1.400000000000005462, 9.600000000000010303, 0.3500000000000551559 ) ) ;
#10110 = LINE ( 'NONE', #6070, #6540 ) ;
#10111 = ORIENTED_EDGE ( 'NONE', *, *, #2090, .T. ) ;
#10112 = VECTOR ( 'NONE', #4893, 1000.000000000000000 ) ;
#10113 = CARTESIAN_POINT ( 'NONE',  ( 1.800000000000018696, 8.144714285714311330, 6.315000000000053682 ) ) ;
#10114 = CARTESIAN_POINT ( 'NONE',  ( 3.950000000000019273, 7.650000000000014566, 7.200000000000049027 ) ) ;
#10115 = CARTESIAN_POINT ( 'NONE',  ( 1.500000000000015099, 8.200000000000009948, 5.385000000000055742 ) ) ;
#10116 = MECHANICAL_DESIGN_GEOMETRIC_PRESENTATION_REPRESENTATION (  '', ( #8740 ), #7914 ) ;
#10117 = DIRECTION ( 'NONE',  ( 0.9238697708742983350, 0.3553345272594015114, -0.1421338109037016129 ) ) ;
#10118 = EDGE_CURVE ( 'NONE', #679, #8782, #6674, .T. ) ;
#10119 = AXIS2_PLACEMENT_3D ( 'NONE', #9740, #4904, #863 ) ;
#10120 = ORIENTED_EDGE ( 'NONE', *, *, #817, .T. ) ;
#10121 = PLANE ( 'NONE',  #6056 ) ;
#10122 = DIRECTION ( 'NONE',  ( 1.000000000000000000, 1.644517855226007998E-15, -1.748601263784621946E-15 ) ) ;
#10123 = VECTOR ( 'NONE', #2516, 1000.000000000000000 ) ;
#10124 = VECTOR ( 'NONE', #4864, 1000.000000000000114 ) ;
#10125 = PLANE ( 'NONE',  #6678 ) ;
#10126 = ORIENTED_EDGE ( 'NONE', *, *, #4732, .F. ) ;
#10127 = LINE ( 'NONE', #3520, #1709 ) ;
#10128 = CARTESIAN_POINT ( 'NONE',  ( 9.699999999999986855, 12.25000000000002309, -6.649999999999960387 ) ) ;
#10129 = ORIENTED_EDGE ( 'NONE', *, *, #8589, .F. ) ;
#10130 = CARTESIAN_POINT ( 'NONE',  ( 1.327602303228026637, 8.199999999929909578, 12.17680302882305199 ) ) ;
#10131 = DIRECTION ( 'NONE',  ( -0.2357022603954924966, -0.9428090415820747916, -0.2357022603954932183 ) ) ;
#10132 = MECHANICAL_DESIGN_GEOMETRIC_PRESENTATION_REPRESENTATION (  '', ( #9602 ), #6553 ) ;
#10133 = DIRECTION ( 'NONE',  ( -1.748601263784621946E-15, 0.0000000000000000000, -1.000000000000000000 ) ) ;
#10134 = CIRCLE ( 'NONE', #452, 0.9999999999999997780 ) ;
#10135 = CARTESIAN_POINT ( 'NONE',  ( 10.34999999141860449, 4.400000001320025333, -4.149999999999962164 ) ) ;
#10136 = PRODUCT_DEFINITION_SHAPE ( 'NONE', 'NONE',  #123 ) ;
#10137 = ORIENTED_EDGE ( 'NONE', *, *, #10203, .T. ) ;
#10138 = DIRECTION ( 'NONE',  ( 1.927470528863118161E-15, 0.0000000000000000000, 1.000000000000000000 ) ) ;
#10139 = CARTESIAN_POINT ( 'NONE',  ( -0.5999999999999789946, 4.200000000000007283, 4.050000000000059330 ) ) ;
#10140 = ORIENTED_EDGE ( 'NONE', *, *, #2353, .F. ) ;
#10141 = CARTESIAN_POINT ( 'NONE',  ( 1.500000000000006439, 4.200000000000010836, -3.649999999999946620 ) ) ;
#10142 = VERTEX_POINT ( 'NONE', #8616 ) ;
#10143 = CARTESIAN_POINT ( 'NONE',  ( 11.00000000000001599, 11.75000000000002487, 9.950000000000038369 ) ) ;
#10144 = CIRCLE ( 'NONE', #3327, 1.399999999999999911 ) ;
#10145 = ORIENTED_EDGE ( 'NONE', *, *, #5339, .F. ) ;
#10146 = DIRECTION ( 'NONE',  ( -0.1520571842539051866, -2.500607545209353004E-16, -0.9883716976506227159 ) ) ;
#10147 = CARTESIAN_POINT ( 'NONE',  ( 3.175000000000007816, 7.650000000000012790, 0.8500000000000512701 ) ) ;
#10148 = ORIENTED_EDGE ( 'NONE', *, *, #9222, .T. ) ;
#10149 = VERTEX_POINT ( 'NONE', #647 ) ;
#10150 = CARTESIAN_POINT ( 'NONE',  ( -0.5999999999999928724, 10.75000000000000533, 2.650000000000056755 ) ) ;
#10151 = EDGE_CURVE ( 'NONE', #8514, #2911, #6921, .T. ) ;
#10152 = DIRECTION ( 'NONE',  ( -1.748601263784621946E-15, 0.0000000000000000000, -1.000000000000000000 ) ) ;
#10153 = CARTESIAN_POINT ( 'NONE',  ( 0.7000000000000218270, 6.250000000000008882, 7.650000000000055422 ) ) ;
#10154 = LINE ( 'NONE', #6161, #6702 ) ;
#10155 = ADVANCED_FACE ( 'NONE', ( #3871 ), #3057, .T. ) ;
#10156 = EDGE_CURVE ( 'NONE', #3275, #740, #2960, .T. ) ;
#10157 = B_SPLINE_CURVE_WITH_KNOTS ( 'NONE', 3,
 ( #9801, #9908, #9046, #1773 ),
 .UNSPECIFIED., .F., .F.,
 ( 4, 4 ),
 ( 0.0000000000000000000, 1.000000000000000000 ),
 .UNSPECIFIED. ) ;
#10158 = ORIENTED_EDGE ( 'NONE', *, *, #6960, .F. ) ;
#10159 = CARTESIAN_POINT ( 'NONE',  ( 2.400000000000007905, 5.400000000000012790, -1.271320343559945609 ) ) ;
#10160 = DIRECTION ( 'NONE',  ( 0.2357022603954955775, -0.9428090415820740144, 0.2357022603954931905 ) ) ;
#10161 = ORIENTED_EDGE ( 'NONE', *, *, #2839, .T. ) ;
#10162 = DIRECTION ( 'NONE',  ( -1.748601263784621946E-15, 0.0000000000000000000, -1.000000000000000000 ) ) ;
#10163 = EDGE_CURVE ( 'NONE', #5430, #6977, #8712, .T. ) ;
#10164 = VERTEX_POINT ( 'NONE', #5470 ) ;
#10165 = DIRECTION ( 'NONE',  ( -1.000000000000000000, -1.644517855226007998E-15, 1.748601263784621946E-15 ) ) ;
#10166 = DIRECTION ( 'NONE',  ( -1.748601263784621748E-15, 1.482966057179082451E-32, -1.000000000000000000 ) ) ;
#10167 = ORIENTED_EDGE ( 'NONE', *, *, #7587, .T. ) ;
#10168 = CARTESIAN_POINT ( 'NONE',  ( 0.1000000000000271505, 7.650000000000007461, 11.35000000000005471 ) ) ;
#10169 = DIRECTION ( 'NONE',  ( 0.5999999999999985345, 9.867107131356048382E-16, -0.8000000000000010436 ) ) ;
#10170 = ORIENTED_EDGE ( 'NONE', *, *, #3378, .F. ) ;
#10171 = ORIENTED_EDGE ( 'NONE', *, *, #1753, .T. ) ;
#10172 = DIRECTION ( 'NONE',  ( -1.000000000000000000, -1.644517855226007998E-15, 1.748601263784621946E-15 ) ) ;
#10173 = CARTESIAN_POINT ( 'NONE',  ( 0.6999999999999992895, 8.200000000000009948, -3.609999999999944809 ) ) ;
#10174 = EDGE_CURVE ( 'NONE', #10142, #2429, #5258, .T. ) ;
#10175 = DIRECTION ( 'NONE',  ( 1.644517855226008195E-15, -1.000000000000000000, -2.890435660536364269E-30 ) ) ;
#10176 = PLANE ( 'NONE',  #6044 ) ;
#10177 = ORIENTED_EDGE ( 'NONE', *, *, #6595, .F. ) ;
#10178 = FACE_OUTER_BOUND ( 'NONE', #8602, .T. ) ;
#10179 = DIRECTION ( 'NONE',  ( -1.644517855226007998E-15, 1.000000000000000000, 2.890435660536363919E-30 ) ) ;
#10180 = B_SPLINE_CURVE_WITH_KNOTS ( 'NONE', 3,
 ( #6008, #3585, #5246, #10322 ),
 .UNSPECIFIED., .F., .F.,
 ( 4, 4 ),
 ( 0.0000000000000000000, 1.000000000000000000 ),
 .UNSPECIFIED. ) ;
#10181 = CARTESIAN_POINT ( 'NONE',  ( 1.250000000000011546, -0.2499999999999889533, -4.399999999999945288 ) ) ;
#10182 = LINE ( 'NONE', #2875, #6659 ) ;
#10183 = CARTESIAN_POINT ( 'NONE',  ( 1.250000000000020206, -0.2499999999999889533, 0.6000000000000544897 ) ) ;
#10184 = DIRECTION ( 'NONE',  ( -0.5407575913134772261, -0.8411784753765673139, 9.455694075718743083E-16 ) ) ;
#10185 = VERTEX_POINT ( 'NONE', #10476 ) ;
#10186 = DIRECTION ( 'NONE',  ( 1.748601263784621946E-15, 0.0000000000000000000, 1.000000000000000000 ) ) ;
#10187 = ORIENTED_EDGE ( 'NONE', *, *, #1618, .F. ) ;
#10188 = DIRECTION ( 'NONE',  ( 1.634159799354254388E-15, -1.000000000000000000, 0.0000000000000000000 ) ) ;
#10189 = EDGE_LOOP ( 'NONE', ( #7287, #564, #1272, #258 ) ) ;
#10190 = EDGE_CURVE ( 'NONE', #2055, #6210, #9615, .T. ) ;
#10191 = PLANE ( 'NONE',  #8256 ) ;
#10192 = LINE ( 'NONE', #10248, #2739 ) ;
#10193 = FILL_AREA_STYLE ('',( #6010 ) ) ;
#10194 = ORIENTED_EDGE ( 'NONE', *, *, #7321, .F. ) ;
#10195 = ORIENTED_EDGE ( 'NONE', *, *, #8410, .F. ) ;
#10196 = DIRECTION ( 'NONE',  ( 0.9238697708742987791, 0.3553345272594015669, 0.1421338109036983932 ) ) ;
#10197 = CARTESIAN_POINT ( 'NONE',  ( 2.400000000000001243, 5.400000000000012790, -5.549999999999946532 ) ) ;
#10198 = DIRECTION ( 'NONE',  ( 1.634159799354254388E-15, -1.000000000000000000, 0.0000000000000000000 ) ) ;
#10199 = VERTEX_POINT ( 'NONE', #8870 ) ;
#10200 = VECTOR ( 'NONE', #3878, 1000.000000000000114 ) ;
#10201 = DIRECTION ( 'NONE',  ( 1.000000000000000000, 1.644517855226007998E-15, -1.748601263784621748E-15 ) ) ;
#10202 = EDGE_CURVE ( 'NONE', #2598, #5915, #2271, .T. ) ;
#10203 = EDGE_CURVE ( 'NONE', #7891, #8911, #3115, .T. ) ;
#10204 =( GEOMETRIC_REPRESENTATION_CONTEXT ( 3 ) GLOBAL_UNCERTAINTY_ASSIGNED_CONTEXT ( ( #8893 ) ) GLOBAL_UNIT_ASSIGNED_CONTEXT ( ( #5207, #6106, #523 ) ) REPRESENTATION_CONTEXT ( 'NONE', 'WORKASPACE' ) );
#10205 = ORIENTED_EDGE ( 'NONE', *, *, #8084, .T. ) ;
#10206 = LINE ( 'NONE', #5252, #6040 ) ;
#10207 = EDGE_LOOP ( 'NONE', ( #4818, #4759, #5318, #1142, #8865 ) ) ;
#10208 = FACE_OUTER_BOUND ( 'NONE', #2350, .T. ) ;
#10209 = VERTEX_POINT ( 'NONE', #5755 ) ;
#10210 = LINE ( 'NONE', #4525, #9042 ) ;
#10211 = FILL_AREA_STYLE ('',( #3714 ) ) ;
#10212 = AXIS2_PLACEMENT_3D ( 'NONE', #2242, #5394, #1396 ) ;
#10213 = EDGE_CURVE ( 'NONE', #4882, #635, #6482, .T. ) ;
#10214 = EDGE_CURVE ( 'NONE', #2430, #7376, #8931, .T. ) ;
#10215 = EDGE_LOOP ( 'NONE', ( #5455, #978, #2946, #10496, #8648, #7844 ) ) ;
#10216 = CARTESIAN_POINT ( 'NONE',  ( 1.850000000000013189, 6.250000000000010658, 2.350000000000052491 ) ) ;
#10217 = DIRECTION ( 'NONE',  ( -1.000000000000000000, -1.644517855226007801E-15, 1.748601263784621748E-15 ) ) ;
#10218 = EDGE_LOOP ( 'NONE', ( #6763, #3476, #3145, #5100 ) ) ;
#10219 = VECTOR ( 'NONE', #97, 1000.000000000000000 ) ;
#10220 = ORIENTED_EDGE ( 'NONE', *, *, #7951, .T. ) ;
#10221 = CARTESIAN_POINT ( 'NONE',  ( 3.950000000000022826, 7.650000000000012790, 9.500000000000047962 ) ) ;
#10222 = DIRECTION ( 'NONE',  ( 1.000000000000000000, 1.644517855226007998E-15, -1.748601263784621946E-15 ) ) ;
#10223 = CARTESIAN_POINT ( 'NONE',  ( 1.800000000000034239, 4.200000000000010836, 12.65000000000005365 ) ) ;
#10224 = ORIENTED_EDGE ( 'NONE', *, *, #3412, .F. ) ;
#10225 = CARTESIAN_POINT ( 'NONE',  ( 1.177281315329027356, 8.200000000032510172, 12.25797679603505408 ) ) ;
#10226 = DIRECTION ( 'NONE',  ( -1.748601263784621946E-15, 0.0000000000000000000, -1.000000000000000000 ) ) ;
#10227 = VECTOR ( 'NONE', #3811, 1000.000000000000000 ) ;
#10228 = CIRCLE ( 'NONE', #6671, 1.350000000000000533 ) ;
#10229 = VECTOR ( 'NONE', #316, 1000.000000000000000 ) ;
#10230 = EDGE_CURVE ( 'NONE', #3164, #8848, #6432, .T. ) ;
#10231 = PRESENTATION_LAYER_ASSIGNMENT (  '', '', ( #9195 ) ) ;
#10232 = DIRECTION ( 'NONE',  ( 0.2425356250363111532, 3.988541659006108938E-16, 0.9701425001453373165 ) ) ;
#10233 = EDGE_CURVE ( 'NONE', #8473, #2598, #8813, .T. ) ;
#10234 = CARTESIAN_POINT ( 'NONE',  ( 0.09999999999999419076, 8.199999999999308287, -6.124841765812941929 ) ) ;
#10235 = PLANE ( 'NONE',  #3323 ) ;
#10236 = VERTEX_POINT ( 'NONE', #7180 ) ;
#10237 = DIRECTION ( 'NONE',  ( 0.9984603535126309604, 1.641985879086793353E-15, 0.05547001409258993376 ) ) ;
#10238 = AXIS2_PLACEMENT_3D ( 'NONE', #6170, #7825, #7883 ) ;
#10239 = AXIS2_PLACEMENT_3D ( 'NONE', #5323, #5269, #3675 ) ;
#10240 = ORIENTED_EDGE ( 'NONE', *, *, #5804, .F. ) ;
#10241 = DIRECTION ( 'NONE',  ( -1.000000000000000000, -1.644517855226007998E-15, 1.748601263784621946E-15 ) ) ;
#10242 = ORIENTED_EDGE ( 'NONE', *, *, #222, .F. ) ;
#10243 = PLANE ( 'NONE',  #7701 ) ;
#10244 = MECHANICAL_DESIGN_GEOMETRIC_PRESENTATION_REPRESENTATION (  '', ( #8874 ), #9164 ) ;
#10245 = VECTOR ( 'NONE', #3112, 1000.000000000000000 ) ;
#10246 = DIRECTION ( 'NONE',  ( 1.748601263784621946E-15, 0.0000000000000000000, 1.000000000000000000 ) ) ;
#10247 = FACE_OUTER_BOUND ( 'NONE', #7543, .T. ) ;
#10248 = CARTESIAN_POINT ( 'NONE',  ( 8.800000000000009592, 7.144714285714321989, 1.350000000000040501 ) ) ;
#10249 = DIRECTION ( 'NONE',  ( -0.2307692307692121303, 0.9730085108210442257, 6.672013369141569161E-16 ) ) ;
#10250 = ORIENTED_EDGE ( 'NONE', *, *, #2315, .T. ) ;
#10251 = ORIENTED_EDGE ( 'NONE', *, *, #4066, .T. ) ;
#10252 = FACE_OUTER_BOUND ( 'NONE', #7852, .T. ) ;
#10253 = CARTESIAN_POINT ( 'NONE',  ( 0.1000000000000028644, 8.199999999999308287, -1.124841765812942374 ) ) ;
#10254 = ORIENTED_EDGE ( 'NONE', *, *, #8102, .T. ) ;
#10255 = AXIS2_PLACEMENT_3D ( 'NONE', #2323, #4999, #2434 ) ;
#10256 = FACE_OUTER_BOUND ( 'NONE', #5086, .T. ) ;
#10257 = AXIS2_PLACEMENT_3D ( 'NONE', #5183, #254, #406 ) ;
#10258 = VECTOR ( 'NONE', #5597, 1000.000000000000000 ) ;
#10259 = LINE ( 'NONE', #2951, #2048 ) ;
#10260 = DIRECTION ( 'NONE',  ( -1.000000000000000000, -1.644517855226007998E-15, 1.748601263784621946E-15 ) ) ;
#10261 = ORIENTED_EDGE ( 'NONE', *, *, #1292, .T. ) ;
#10262 = DIRECTION ( 'NONE',  ( -1.748601263784621946E-15, 0.0000000000000000000, -1.000000000000000000 ) ) ;
#10263 = DIRECTION ( 'NONE',  ( -1.748601263784621946E-15, 0.0000000000000000000, -1.000000000000000000 ) ) ;
#10264 = CONICAL_SURFACE ( 'NONE', #5686, 1.374999999999999556, 0.03224688243525484360 ) ;
#10265 = PRESENTATION_STYLE_ASSIGNMENT (( #7784 ) ) ;
#10266 = EDGE_LOOP ( 'NONE', ( #9370, #9855, #10280, #4271 ) ) ;
#10267 = FACE_OUTER_BOUND ( 'NONE', #2531, .T. ) ;
#10268 = ADVANCED_FACE ( 'NONE', ( #9561 ), #3337, .T. ) ;
#10269 = B_SPLINE_CURVE_WITH_KNOTS ( 'NONE', 3,
 ( #2136, #3079, #562, #7906 ),
 .UNSPECIFIED., .F., .F.,
 ( 4, 4 ),
 ( 0.0000000000000000000, 1.000000000000000000 ),
 .UNSPECIFIED. ) ;
#10270 =( GEOMETRIC_REPRESENTATION_CONTEXT ( 3 ) GLOBAL_UNCERTAINTY_ASSIGNED_CONTEXT ( ( #7097 ) ) GLOBAL_UNIT_ASSIGNED_CONTEXT ( ( #7138, #6347, #4739 ) ) REPRESENTATION_CONTEXT ( 'NONE', 'WORKASPACE' ) );
#10271 = ORIENTED_EDGE ( 'NONE', *, *, #614, .F. ) ;
#10272 = DIRECTION ( 'NONE',  ( -1.644517855226008195E-15, 1.000000000000000000, 2.890435660536364269E-30 ) ) ;
#10273 = DIRECTION ( 'NONE',  ( -1.644517855226008195E-15, 1.000000000000000000, 2.890435660536364269E-30 ) ) ;
#10274 = ORIENTED_EDGE ( 'NONE', *, *, #4728, .F. ) ;
#10275 = VECTOR ( 'NONE', #8818, 1000.000000000000000 ) ;
#10276 = DIRECTION ( 'NONE',  ( 1.000000000000000000, 1.644517855226007998E-15, -1.748601263784621946E-15 ) ) ;
#10277 = CARTESIAN_POINT ( 'NONE',  ( 1.400000000000015898, 9.600000000000010303, 6.350000000000053824 ) ) ;
#10278 = DIRECTION ( 'NONE',  ( 0.0000000000000000000, -0.7142857142856899877, -0.6998542122237899621 ) ) ;
#10279 = ORIENTED_EDGE ( 'NONE', *, *, #7952, .T. ) ;
#10280 = ORIENTED_EDGE ( 'NONE', *, *, #2341, .F. ) ;
#10281 = CARTESIAN_POINT ( 'NONE',  ( -0.1999999927999787097, 4.200000000000007283, 5.260000005400058853 ) ) ;
#10282 = EDGE_CURVE ( 'NONE', #5009, #3861, #67, .T. ) ;
#10283 = VECTOR ( 'NONE', #1203, 1000.000000000000114 ) ;
#10284 = VECTOR ( 'NONE', #475, 1000.000000000000000 ) ;
#10285 = EDGE_CURVE ( 'NONE', #6723, #5213, #9784, .T. ) ;
#10286 = EDGE_CURVE ( 'NONE', #4524, #10346, #730, .T. ) ;
#10287 = AXIS2_PLACEMENT_3D ( 'NONE', #9609, #2318, #7286 ) ;
#10288 = AXIS2_PLACEMENT_3D ( 'NONE', #3643, #2687, #9326 ) ;
#10289 = LINE ( 'NONE', #617, #6485 ) ;
#10290 = UNCERTAINTY_MEASURE_WITH_UNIT (LENGTH_MEASURE( 1.000000000000000082E-05 ), #7969, 'distance_accuracy_value', 'NONE');
#10291 = COLOUR_RGB ( '',1.000000000000000000, 1.000000000000000000, 1.000000000000000000 ) ;
#10292 = CARTESIAN_POINT ( 'NONE',  ( 0.7500000000000249800, 7.611199771552088933, 10.36000000000005272 ) ) ;
#10293 = FACE_OUTER_BOUND ( 'NONE', #4920, .T. ) ;
#10294 = VERTEX_POINT ( 'NONE', #3925 ) ;
#10295 = DIRECTION ( 'NONE',  ( -1.000000000000000000, -1.644517855226007998E-15, 1.748601263784621946E-15 ) ) ;
#10296 = DIRECTION ( 'NONE',  ( 1.644517855226008195E-15, -1.000000000000000000, -2.890435660536364269E-30 ) ) ;
#10297 = ORIENTED_EDGE ( 'NONE', *, *, #5235, .T. ) ;
#10298 = DIRECTION ( 'NONE',  ( 1.489513996486856603E-09, -1.000000000000000000, 7.237765942743975668E-10 ) ) ;
#10299 = ADVANCED_FACE ( 'NONE', ( #848 ), #4092, .T. ) ;
#10300 = CONICAL_SURFACE ( 'NONE', #9430, 3.049999998679999269, 0.1526493283952326530 ) ;
#10301 = VECTOR ( 'NONE', #8301, 1000.000000000000000 ) ;
#10302 = PLANE ( 'NONE',  #9196 ) ;
#10303 = CARTESIAN_POINT ( 'NONE',  ( 1.000000000000011324, 0.2500000000000097700, -4.524999999999945288 ) ) ;
#10304 = ORIENTED_EDGE ( 'NONE', *, *, #8934, .T. ) ;
#10305 = CARTESIAN_POINT ( 'NONE',  ( 1.400000000000007239, 8.960000000000009734, 0.3561376710050564998 ) ) ;
#10306 = CARTESIAN_POINT ( 'NONE',  ( 1.800000000000027356, 6.844714285714310620, 10.35000000000005294 ) ) ;
#10307 = LINE ( 'NONE', #6636, #1277 ) ;
#10308 = EDGE_CURVE ( 'NONE', #7466, #10209, #9139, .T. ) ;
#10309 = LINE ( 'NONE', #2945, #8701 ) ;
#10310 = ORIENTED_EDGE ( 'NONE', *, *, #5466, .T. ) ;
#10311 = CARTESIAN_POINT ( 'NONE',  ( 1.955294117647008223, 8.144714285714311330, 0.3850000000000536882 ) ) ;
#10312 = CARTESIAN_POINT ( 'NONE',  ( 1.850000000000021849, 6.250000000000010658, 7.350000000000052935 ) ) ;
#10313 = CARTESIAN_POINT ( 'NONE',  ( -0.5999999999999737765, 4.200000000000007283, 7.650000000000057199 ) ) ;
#10314 = LINE ( 'NONE', #685, #9417 ) ;
#10315 = ORIENTED_EDGE ( 'NONE', *, *, #4521, .F. ) ;
#10316 = PLANE ( 'NONE',  #6003 ) ;
#10317 = CARTESIAN_POINT ( 'NONE',  ( 1.500000000000006439, 8.200000000000009948, 0.3850000000000554090 ) ) ;
#10318 = CARTESIAN_POINT ( 'NONE',  ( 1.955294117647009999, 8.144714285714311330, 1.315000000000053015 ) ) ;
#10319 = VERTEX_POINT ( 'NONE', #1052 ) ;
#10320 = DIRECTION ( 'NONE',  ( -0.8076923076923187006, 0.5896042198752116104, 1.417802840942582448E-15 ) ) ;
#10321 =( LENGTH_UNIT ( ) NAMED_UNIT ( * ) SI_UNIT ( .MILLI., .METRE. ) );
#10322 = CARTESIAN_POINT ( 'NONE',  ( 0.7500000000000075495, 7.611199771552088933, 0.3600000000000547207 ) ) ;
#10323 = EDGE_CURVE ( 'NONE', #7162, #7980, #904, .T. ) ;
#10324 = ORIENTED_EDGE ( 'NONE', *, *, #9771, .T. ) ;
#10325 = CARTESIAN_POINT ( 'NONE',  ( 0.7400000000000236389, 4.200000000000009059, 6.350000000000055600 ) ) ;
#10326 = ORIENTED_EDGE ( 'NONE', *, *, #6138, .F. ) ;
#10327 = CARTESIAN_POINT ( 'NONE',  ( 8.800000000000007816, 7.144714285714321989, 0.3500000000000412781 ) ) ;
#10328 =( NAMED_UNIT ( * ) PLANE_ANGLE_UNIT ( ) SI_UNIT ( $, .RADIAN. ) );
#10329 = CARTESIAN_POINT ( 'NONE',  ( 1.500000000000008216, 7.650000000000010125, 0.8500000000000538236 ) ) ;
#10330 = B_SPLINE_CURVE_WITH_KNOTS ( 'NONE', 3,
 ( #984, #7316, #3191, #773, #4020 ),
 .UNSPECIFIED., .F., .F.,
 ( 4, 1, 4 ),
 ( 0.0000000000000000000, 0.5000000000000000000, 1.000000000000000000 ),
 .UNSPECIFIED. ) ;
#10331 = CARTESIAN_POINT ( 'NONE',  ( 2.400000000000006128, 9.600000000000012079, 1.350000000000051603 ) ) ;
#10332 = EDGE_LOOP ( 'NONE', ( #3845, #2670, #780, #6317 ) ) ;
#10333 = LINE ( 'NONE', #4788, #585 ) ;
#10334 = DIRECTION ( 'NONE',  ( -1.748601263784621946E-15, 0.0000000000000000000, -1.000000000000000000 ) ) ;
#10335 = EDGE_CURVE ( 'NONE', #3744, #284, #2537, .T. ) ;
#10336 = PLANE ( 'NONE',  #8565 ) ;
#10337 = DIRECTION ( 'NONE',  ( -1.748601263784621748E-15, 1.482966057179082451E-32, -1.000000000000000000 ) ) ;
#10338 = LINE ( 'NONE', #4700, #4978 ) ;
#10339 = EDGE_LOOP ( 'NONE', ( #3190, #4550, #8516, #3213 ) ) ;
#10340 = CARTESIAN_POINT ( 'NONE',  ( 0.7500000000000058842, 8.200000000000009948, 0.3600000000000547207 ) ) ;
#10341 = ORIENTED_EDGE ( 'NONE', *, *, #8997, .T. ) ;
#10342 = EDGE_CURVE ( 'NONE', #4077, #10209, #7640, .T. ) ;
#10343 = ORIENTED_EDGE ( 'NONE', *, *, #5017, .F. ) ;
#10344 =( NAMED_UNIT ( * ) SI_UNIT ( $, .STERADIAN. ) SOLID_ANGLE_UNIT ( ) );
#10345 = CARTESIAN_POINT ( 'NONE',  ( 0.5000000000000125455, 0.7500000000000093259, -3.649999999999944844 ) ) ;
#10346 = VERTEX_POINT ( 'NONE', #9174 ) ;
#10347 = EDGE_CURVE ( 'NONE', #3910, #4436, #1157, .T. ) ;
#10348 = EDGE_CURVE ( 'NONE', #7128, #5393, #5918, .T. ) ;
#10349 = DIRECTION ( 'NONE',  ( 1.748601263784621748E-15, 0.0000000000000000000, 1.000000000000000000 ) ) ;
#10350 = FACE_OUTER_BOUND ( 'NONE', #394, .T. ) ;
#10351 = ORIENTED_EDGE ( 'NONE', *, *, #4769, .F. ) ;
#10352 = EDGE_LOOP ( 'NONE', ( #7758, #5061, #9385, #1688 ) ) ;
#10353 = PLANE ( 'NONE',  #6133 ) ;
#10354 = FACE_OUTER_BOUND ( 'NONE', #7006, .T. ) ;
#10355 = ORIENTED_EDGE ( 'NONE', *, *, #9662, .F. ) ;
#10356 = PLANE ( 'NONE',  #1558 ) ;
#10357 = EDGE_CURVE ( 'NONE', #9217, #4076, #6847, .T. ) ;
#10358 =( NAMED_UNIT ( * ) PLANE_ANGLE_UNIT ( ) SI_UNIT ( $, .RADIAN. ) );
#10359 = LINE ( 'NONE', #3980, #4778 ) ;
#10360 = FACE_OUTER_BOUND ( 'NONE', #7522, .T. ) ;
#10361 = ORIENTED_EDGE ( 'NONE', *, *, #5157, .T. ) ;
#10362 = CARTESIAN_POINT ( 'NONE',  ( -0.3999999999999889200, 6.450000000000008171, 1.590000000000056701 ) ) ;
#10363 = CARTESIAN_POINT ( 'NONE',  ( 1.125000000000018430, 6.200000000000009059, 5.360000000000054499 ) ) ;
#10364 = EDGE_LOOP ( 'NONE', ( #6013, #3062, #7943, #10279, #4433, #3535, #1460 ) ) ;
#10365 = CARTESIAN_POINT ( 'NONE',  ( 3.949999999999999734, 8.144714285714314883, -3.649999999999951061 ) ) ;
#10366 = AXIS2_PLACEMENT_3D ( 'NONE', #2099, #5351, #8020 ) ;
#10367 = CARTESIAN_POINT ( 'NONE',  ( 9.700000000000002842, 10.60000000000002274, 0.1500000000000389910 ) ) ;
#10368 = CARTESIAN_POINT ( 'NONE',  ( -0.1999999993499840256, 8.599999999630806968, 6.439999997785056607 ) ) ;
#10369 = VERTEX_POINT ( 'NONE', #8251 ) ;
#10370 = CARTESIAN_POINT ( 'NONE',  ( 9.700000000000024158, 7.450000000000023270, 10.85000000000004050 ) ) ;
#10371 = PLANE ( 'NONE',  #5312 ) ;
#10372 = LINE ( 'NONE', #453, #10200 ) ;
#10373 = CARTESIAN_POINT ( 'NONE',  ( 0.1000000000000063338, 5.400000000000009237, -2.149999999999943512 ) ) ;
#10374 = VECTOR ( 'NONE', #9989, 1000.000000000000227 ) ;
#10375 = ORIENTED_EDGE ( 'NONE', *, *, #4642, .T. ) ;
#10376 = CARTESIAN_POINT ( 'NONE',  ( 2.400000000000009681, 5.400000000000012790, -0.5499999999999463096 ) ) ;
#10377 = UNCERTAINTY_MEASURE_WITH_UNIT (LENGTH_MEASURE( 1.000000000000000082E-05 ), #2175, 'distance_accuracy_value', 'NONE');
#10378 = DIRECTION ( 'NONE',  ( -1.748601263784621748E-15, 0.0000000000000000000, -1.000000000000000000 ) ) ;
#10379 = SURFACE_STYLE_FILL_AREA ( #6142 ) ;
#10380 = EDGE_LOOP ( 'NONE', ( #5092, #5123, #9636, #1641, #1154 ) ) ;
#10381 = FACE_OUTER_BOUND ( 'NONE', #8711, .T. ) ;
#10382 = ORIENTED_EDGE ( 'NONE', *, *, #1313, .F. ) ;
#10383 = VERTEX_POINT ( 'NONE', #5058 ) ;
#10384 = DIRECTION ( 'NONE',  ( -0.2307692307692121303, 0.9730085108210442257, 3.336006684570784581E-16 ) ) ;
#10385 = EDGE_CURVE ( 'NONE', #10469, #110, #2693, .T. ) ;
#10386 = ORIENTED_EDGE ( 'NONE', *, *, #3898, .T. ) ;
#10387 = VECTOR ( 'NONE', #457, 1000.000000000000000 ) ;
#10388 = EDGE_CURVE ( 'NONE', #3577, #3965, #529, .T. ) ;
#10389 = DIRECTION ( 'NONE',  ( -1.644517855226007998E-15, 1.000000000000000000, 2.875605999964573094E-30 ) ) ;
#10390 =( GEOMETRIC_REPRESENTATION_CONTEXT ( 3 ) GLOBAL_UNCERTAINTY_ASSIGNED_CONTEXT ( ( #2719 ) ) GLOBAL_UNIT_ASSIGNED_CONTEXT ( ( #3741, #8795, #5448 ) ) REPRESENTATION_CONTEXT ( 'NONE', 'WORKASPACE' ) );
#10391 = DIRECTION ( 'NONE',  ( 1.171318563151324123E-15, -0.9701425001453377606, -0.2425356250363094601 ) ) ;
#10392 = AXIS2_PLACEMENT_3D ( 'NONE', #7252, #2443, #911 ) ;
#10393 = ORIENTED_EDGE ( 'NONE', *, *, #8089, .T. ) ;
#10394 = VECTOR ( 'NONE', #4487, 1000.000000000000114 ) ;
#10395 = CARTESIAN_POINT ( 'NONE',  ( 2.500000000000021316, 3.750000000000012434, 4.050000000000054001 ) ) ;
#10396 = CARTESIAN_POINT ( 'NONE',  ( 1.500000000000030864, 0.7500000000000111022, 6.350000000000053824 ) ) ;
#10397 = CARTESIAN_POINT ( 'NONE',  ( 9.800000000000007816, 7.894714285714324653, 1.100000000000038503 ) ) ;
#10398 = ORIENTED_EDGE ( 'NONE', *, *, #290, .F. ) ;
#10399 = EDGE_LOOP ( 'NONE', ( #4181, #8374, #3369, #521 ) ) ;
#10400 = CARTESIAN_POINT ( 'NONE',  ( 9.300000000000023803, 8.019714285714321989, 10.85000000000004050 ) ) ;
#10401 = PRESENTATION_LAYER_ASSIGNMENT (  '', '', ( #3427 ) ) ;
#10402 = DIRECTION ( 'NONE',  ( 0.2425356250363110699, -0.9701425001453374275, -4.240981004512866908E-16 ) ) ;
#10403 = VERTEX_POINT ( 'NONE', #5803 ) ;
#10404 = ADVANCED_FACE ( 'NONE', ( #181 ), #1853, .F. ) ;
#10405 = DIRECTION ( 'NONE',  ( -1.000000000000000000, -1.644517855226007998E-15, 1.748601263784621946E-15 ) ) ;
#10406 = VECTOR ( 'NONE', #8303, 1000.000000000000000 ) ;
#10407 = EDGE_CURVE ( 'NONE', #7722, #367, #10003, .T. ) ;
#10408 = EDGE_CURVE ( 'NONE', #6977, #3441, #4510, .T. ) ;
#10409 = DIRECTION ( 'NONE',  ( -1.644517855226008195E-15, 1.000000000000000000, 2.890435660536364269E-30 ) ) ;
#10410 = CARTESIAN_POINT ( 'NONE',  ( 1.398548747335005782, 8.959230384172009565, 0.3500000000000551559 ) ) ;
#10411 = ORIENTED_EDGE ( 'NONE', *, *, #209, .T. ) ;
#10412 = EDGE_LOOP ( 'NONE', ( #1614, #7679, #4112, #2746 ) ) ;
#10413 = VECTOR ( 'NONE', #1532, 1000.000000000000227 ) ;
#10414 = CARTESIAN_POINT ( 'NONE',  ( 1.399999999999996803, 10.60000000000000853, -3.649999999999946620 ) ) ;
#10415 = PLANE ( 'NONE',  #5371 ) ;
#10416 = FILL_AREA_STYLE ('',( #2054 ) ) ;
#10417 = ORIENTED_EDGE ( 'NONE', *, *, #5339, .T. ) ;
#10418 = FILL_AREA_STYLE_COLOUR ( '', #4290 ) ;
#10419 = EDGE_CURVE ( 'NONE', #8869, #8052, #1408, .T. ) ;
#10420 = VECTOR ( 'NONE', #7357, 1000.000000000000000 ) ;
#10421 = VECTOR ( 'NONE', #65, 1000.000000000000000 ) ;
#10422 = CARTESIAN_POINT ( 'NONE',  ( -0.5999999999999963141, 4.200000000000007283, -5.949999999999940670 ) ) ;
#10423 = LINE ( 'NONE', #1529, #9246 ) ;
#10424 = VERTEX_POINT ( 'NONE', #3594 ) ;
#10425 = CARTESIAN_POINT ( 'NONE',  ( 1.800000000000011591, 4.200000000000010836, -0.9499999999999456657 ) ) ;
#10426 = VECTOR ( 'NONE', #9247, 1000.000000000000000 ) ;
#10427 = PRESENTATION_STYLE_ASSIGNMENT (( #4690 ) ) ;
#10428 = CARTESIAN_POINT ( 'NONE',  ( 10.77560435693829710, 5.234522406625025326, -6.340447055017961908 ) ) ;
#10429 = VERTEX_POINT ( 'NONE', #9384 ) ;
#10430 =( NAMED_UNIT ( * ) SI_UNIT ( $, .STERADIAN. ) SOLID_ANGLE_UNIT ( ) );
#10431 = DIRECTION ( 'NONE',  ( 1.644517855226007998E-15, -1.000000000000000000, -2.890435660536363919E-30 ) ) ;
#10432 = DIRECTION ( 'NONE',  ( 1.000000000000000000, 1.644517855226007998E-15, -1.748601263784621946E-15 ) ) ;
#10433 = ADVANCED_FACE ( 'NONE', ( #6108 ), #2080, .T. ) ;
#10434 = STYLED_ITEM ( 'NONE', ( #4764 ), #2134 ) ;
#10435 = COLOUR_RGB ( '',1.000000000000000000, 1.000000000000000000, 1.000000000000000000 ) ;
#10436 = B_SPLINE_CURVE_WITH_KNOTS ( 'NONE', 3,
 ( #1630, #4874, #7449, #7603 ),
 .UNSPECIFIED., .F., .F.,
 ( 4, 4 ),
 ( 0.0000000000000000000, 1.000000000000000000 ),
 .UNSPECIFIED. ) ;
#10437 = SURFACE_STYLE_FILL_AREA ( #3842 ) ;
#10438 = ORIENTED_EDGE ( 'NONE', *, *, #10474, .F. ) ;
#10439 = DIRECTION ( 'NONE',  ( -1.000000000000000000, -1.644517855226007801E-15, 1.748601263784621748E-15 ) ) ;
#10440 = LINE ( 'NONE', #2085, #7593 ) ;
#10441 = ORIENTED_EDGE ( 'NONE', *, *, #7229, .F. ) ;
#10442 = ORIENTED_EDGE ( 'NONE', *, *, #9823, .T. ) ;
#10443 = COLOUR_RGB ( '',1.000000000000000000, 1.000000000000000000, 1.000000000000000000 ) ;
#10444 = EDGE_LOOP ( 'NONE', ( #3243, #8094, #7833, #2557 ) ) ;
#10445 = DIRECTION ( 'NONE',  ( -1.748601263784621946E-15, 0.0000000000000000000, -1.000000000000000000 ) ) ;
#10446 = DIRECTION ( 'NONE',  ( 1.000000000000000000, 1.644517855226007998E-15, -1.748601263784621946E-15 ) ) ;
#10447 = AXIS2_PLACEMENT_3D ( 'NONE', #857, #4102, #7355 ) ;
#10448 = VECTOR ( 'NONE', #1640, 1000.000000000000000 ) ;
#10449 = AXIS2_PLACEMENT_3D ( 'NONE', #6797, #1305, #6752 ) ;
#10450 = CIRCLE ( 'NONE', #4512, 2.950000000000001066 ) ;
#10451 =( LENGTH_UNIT ( ) NAMED_UNIT ( * ) SI_UNIT ( .MILLI., .METRE. ) );
#10452 = VERTEX_POINT ( 'NONE', #6215 ) ;
#10453 = CARTESIAN_POINT ( 'NONE',  ( 0.7466439969400097132, 7.606602420031609135, 1.343356003061055404 ) ) ;
#10454 =( NAMED_UNIT ( * ) PLANE_ANGLE_UNIT ( ) SI_UNIT ( $, .RADIAN. ) );
#10455 = ORIENTED_EDGE ( 'NONE', *, *, #7935, .T. ) ;
#10456 = CONICAL_SURFACE ( 'NONE', #5895, 3.049999998679999269, 0.1526493283952326530 ) ;
#10457 = ORIENTED_EDGE ( 'NONE', *, *, #38, .F. ) ;
#10458 = PLANE ( 'NONE',  #9683 ) ;
#10459 = CARTESIAN_POINT ( 'NONE',  ( 9.300000000000016698, 7.269714285714322877, 5.850000000000040501 ) ) ;
#10460 =( GEOMETRIC_REPRESENTATION_CONTEXT ( 3 ) GLOBAL_UNCERTAINTY_ASSIGNED_CONTEXT ( ( #4855 ) ) GLOBAL_UNIT_ASSIGNED_CONTEXT ( ( #44, #5840, #6681 ) ) REPRESENTATION_CONTEXT ( 'NONE', 'WORKASPACE' ) );
#10461 = ORIENTED_EDGE ( 'NONE', *, *, #1753, .F. ) ;
#10462 = AXIS2_PLACEMENT_3D ( 'NONE', #6926, #7033, #395 ) ;
#10463 = DIRECTION ( 'NONE',  ( -1.748601263784621946E-15, 0.0000000000000000000, -1.000000000000000000 ) ) ;
#10464 = AXIS2_PLACEMENT_3D ( 'NONE', #1611, #3141, #6406 ) ;
#10465 = CARTESIAN_POINT ( 'NONE',  ( -0.1999999927999943083, 4.200000000000007283, -3.560000005399943213 ) ) ;
#10466 = DIRECTION ( 'NONE',  ( 0.0000000000000000000, -0.7142857142856899877, -0.6998542122237899621 ) ) ;
#10467 = EDGE_CURVE ( 'NONE', #3451, #7527, #10309, .T. ) ;
#10468 = DIRECTION ( 'NONE',  ( 1.489513996486856603E-09, -1.000000000000000000, 7.237765942743975668E-10 ) ) ;
#10469 = VERTEX_POINT ( 'NONE', #4559 ) ;
#10470 = EDGE_LOOP ( 'NONE', ( #1974, #9510, #3307, #7855, #318, #10457, #1357, #8007, #4117, #7267, #6914, #10194, #5228, #3833 ) ) ;
#10471 = DIRECTION ( 'NONE',  ( -1.644517855226008195E-15, 1.000000000000000000, 2.890435660536364269E-30 ) ) ;
#10472 = DIRECTION ( 'NONE',  ( 0.2357022603954916640, 0.9428090415820747916, -0.2357022603954940509 ) ) ;
#10473 = DIRECTION ( 'NONE',  ( -1.748601263784621946E-15, 0.0000000000000000000, -1.000000000000000000 ) ) ;
#10474 = EDGE_CURVE ( 'NONE', #1621, #5243, #3699, .T. ) ;
#10475 = ORIENTED_EDGE ( 'NONE', *, *, #7683, .F. ) ;
#10476 = CARTESIAN_POINT ( 'NONE',  ( 1.500000000000023981, 8.200000000000009948, 10.36000000000005272 ) ) ;
#10477 = ADVANCED_FACE ( 'NONE', ( #6159 ), #6264, .F. ) ;
#10478 = FILL_AREA_STYLE_COLOUR ( '', #7216 ) ;
#10479 = VECTOR ( 'NONE', #9018, 1000.000000000000000 ) ;
#10480 = ORIENTED_EDGE ( 'NONE', *, *, #9838, .T. ) ;
#10481 = EDGE_CURVE ( 'NONE', #9593, #1945, #7817, .T. ) ;
#10482 = CARTESIAN_POINT ( 'NONE',  ( 0.1000000000000150074, 7.100000000000008527, 3.850000000000057376 ) ) ;
#10483 = DIRECTION ( 'NONE',  ( -1.644517855226007998E-15, 1.000000000000000000, 2.890435660536363919E-30 ) ) ;
#10484 = DIRECTION ( 'NONE',  ( -1.644517855226008195E-15, 1.000000000000000000, 2.890435660536364269E-30 ) ) ;
#10485 = CARTESIAN_POINT ( 'NONE',  ( 9.300000000000007816, 7.269714285714322877, 0.8500000000000399458 ) ) ;
#10486 = ORIENTED_EDGE ( 'NONE', *, *, #4327, .F. ) ;
#10487 = CARTESIAN_POINT ( 'NONE',  ( -0.9999999999999713562, 3.750000000000006217, 13.35000000000005471 ) ) ;
#10488 = FACE_OUTER_BOUND ( 'NONE', #10503, .T. ) ;
#10489 = EDGE_CURVE ( 'NONE', #4301, #798, #7190, .T. ) ;
#10490 = UNCERTAINTY_MEASURE_WITH_UNIT (LENGTH_MEASURE( 1.000000000000000082E-05 ), #6680, 'distance_accuracy_value', 'NONE');
#10491 = CARTESIAN_POINT ( 'NONE',  ( 0.7466439969400252563, 7.606602420031609135, 10.35664399693905402 ) ) ;
#10492 = SURFACE_SIDE_STYLE ('',( #4796 ) ) ;
#10493 = ORIENTED_EDGE ( 'NONE', *, *, #9433, .F. ) ;
#10494 = CARTESIAN_POINT ( 'NONE',  ( 2.500000000000003997, 3.750000000000012434, -5.949999999999945999 ) ) ;
#10495 = ORIENTED_EDGE ( 'NONE', *, *, #5808, .F. ) ;
#10496 = ORIENTED_EDGE ( 'NONE', *, *, #9489, .F. ) ;
#10497 = CARTESIAN_POINT ( 'NONE',  ( 1.500000000000023981, 4.200000000000010836, 6.350000000000053824 ) ) ;
#10498 = PRESENTATION_STYLE_ASSIGNMENT (( #6568 ) ) ;
#10499 = LINE ( 'NONE', #8323, #958 ) ;
#10500 = EDGE_LOOP ( 'NONE', ( #2301, #10034, #6537, #2601, #771, #3558, #7632, #5295, #415, #9585, #1499, #3107, #3400, #1509, #6177, #6367, #3357, #7106, #5372, #9998, #6876, #1153, #2152, #42, #1650, #950, #9273, #8786 ) ) ;
#10501 = DIRECTION ( 'NONE',  ( -1.644517855226008195E-15, 1.000000000000000000, 2.890435660536364269E-30 ) ) ;
#10502 = CARTESIAN_POINT ( 'NONE',  ( 1.955294117647001340, 8.144714285714311330, -3.684999999999947207 ) ) ;
#10503 = EDGE_LOOP ( 'NONE', ( #3777, #2717, #1425, #5469 ) ) ;
#10504 = ORIENTED_EDGE ( 'NONE', *, *, #4651, .F. ) ;
#10505 = FACE_OUTER_BOUND ( 'NONE', #3157, .T. ) ;
#10506 = CARTESIAN_POINT ( 'NONE',  ( 0.1000003392900208204, 8.200000179588007754, 8.875159725252057541 ) ) ;
#10507 = VERTEX_POINT ( 'NONE', #8604 ) ;
#10508 = CARTESIAN_POINT ( 'NONE',  ( 1.500000000000006439, 4.200000000000010836, -3.649999999999946620 ) ) ;
#10509 = ADVANCED_FACE ( 'NONE', ( #7012 ), #6499, .T. ) ;
#10510 = CARTESIAN_POINT ( 'NONE',  ( 10.33503886471863353, 5.302301713120025184, 13.01250650142103638 ) ) ;
#10511 = PRESENTATION_STYLE_ASSIGNMENT (( #7453 ) ) ;
ENDSEC;
END-ISO-10303-21;
