ISO-10303-21;
HEADER;
FILE_DESCRIPTION (( 'STEP AP214' ),
    '1' );
FILE_NAME ('TCMT1600T3.STEP',
    '2023-05-11T21:25:35',
    ( '' ),
    ( '' ),
    'SwSTEP 2.0',
    'SolidWorks 2021',
    '' );
FILE_SCHEMA (( 'AUTOMOTIVE_DESIGN' ));
ENDSEC;

DATA;
#1 = AXIS2_PLACEMENT_3D ( 'NONE', #3228, #2905, #1576 ) ;
#2 = CARTESIAN_POINT ( 'NONE',  ( -0.6349999999999998979, -0.9169264188335762844, 3.099520036392338529 ) ) ;
#3 = DIRECTION ( 'NONE',  ( -1.000000000000000000, -0.000000000000000000, -0.000000000000000000 ) ) ;
#4 = STYLED_ITEM ( 'NONE', ( #3000 ), #3192 ) ;
#5 = VERTEX_POINT ( 'NONE', #3444 ) ;
#6 = FACE_OUTER_BOUND ( 'NONE', #21, .T. ) ;
#7 = VERTEX_POINT ( 'NONE', #2324 ) ;
#8 = LINE ( 'NONE', #1085, #2761 ) ;
#9 = SURFACE_SIDE_STYLE ('',( #2718 ) ) ;
#10 = PRESENTATION_STYLE_ASSIGNMENT (( #3402 ) ) ;
#11 = FILL_AREA_STYLE_COLOUR ( '', #30 ) ;
#12 = ORIENTED_EDGE ( 'NONE', *, *, #29, .T. ) ;
#13 = VECTOR ( 'NONE', #2762, 1000.000000000000000 ) ;
#14 = PLANE ( 'NONE',  #619 ) ;
#15 = SURFACE_SIDE_STYLE ('',( #3257 ) ) ;
#16 = EDGE_CURVE ( 'NONE', #454, #5, #2303, .T. ) ;
#17 = PRESENTATION_LAYER_ASSIGNMENT (  '', '', ( #2733 ) ) ;
#18 = PRESENTATION_STYLE_ASSIGNMENT (( #2438 ) ) ;
#19 = COLOUR_RGB ( '',0.2980392156862745057, 0.2980392156862745057, 0.2980392156862745057 ) ;
#20 = MECHANICAL_DESIGN_GEOMETRIC_PRESENTATION_REPRESENTATION (  '', ( #289 ), #1263 ) ;
#21 = EDGE_LOOP ( 'NONE', ( #1287, #2613, #1372, #2358 ) ) ;
#22 = PRESENTATION_STYLE_ASSIGNMENT (( #370 ) ) ;
#23 = VERTEX_POINT ( 'NONE', #2885 ) ;
#24 = DIRECTION ( 'NONE',  ( 1.000000000000000000, 0.000000000000000000, 0.000000000000000000 ) ) ;
#25 = VECTOR ( 'NONE', #1172, 1000.000000000000000 ) ;
#26 = SURFACE_SIDE_STYLE ('',( #1464 ) ) ;
#27 =( GEOMETRIC_REPRESENTATION_CONTEXT ( 3 ) GLOBAL_UNCERTAINTY_ASSIGNED_CONTEXT ( ( #2996 ) ) GLOBAL_UNIT_ASSIGNED_CONTEXT ( ( #3374, #1515, #957 ) ) REPRESENTATION_CONTEXT ( 'NONE', 'WORKASPACE' ) );
#28 = UNCERTAINTY_MEASURE_WITH_UNIT (LENGTH_MEASURE( 1.000000000000000082E-05 ), #2721, 'distance_accuracy_value', 'NONE');
#29 = EDGE_CURVE ( 'NONE', #713, #2748, #745, .T. ) ;
#30 = COLOUR_RGB ( '',0.6666666666666666297, 0.6980392156862744724, 0.7686274509803920907 ) ;
#31 = ORIENTED_EDGE ( 'NONE', *, *, #1203, .F. ) ;
#32 =( NAMED_UNIT ( * ) PLANE_ANGLE_UNIT ( ) SI_UNIT ( $, .RADIAN. ) );
#33 = EDGE_CURVE ( 'NONE', #1532, #3007, #2441, .T. ) ;
#34 = COLOUR_RGB ( '',0.6666666666666666297, 0.6980392156862744724, 0.7686274509803920907 ) ;
#35 = FILL_AREA_STYLE ('',( #555 ) ) ;
#36 = DIRECTION ( 'NONE',  ( -1.000000000000000000, -0.000000000000000000, -0.000000000000000000 ) ) ;
#37 = EDGE_CURVE ( 'NONE', #1532, #962, #3460, .T. ) ;
#38 = CARTESIAN_POINT ( 'NONE',  ( -0.6349999999999998979, -0.09999999999999997780, 2.500479963607662004 ) ) ;
#39 = EDGE_CURVE ( 'NONE', #1215, #2991, #1876, .T. ) ;
#40 =( NAMED_UNIT ( * ) PLANE_ANGLE_UNIT ( ) SI_UNIT ( $, .RADIAN. ) );
#41 = VERTEX_POINT ( 'NONE', #2709 ) ;
#42 = ORIENTED_EDGE ( 'NONE', *, *, #2124, .F. ) ;
#43 =( NAMED_UNIT ( * ) SI_UNIT ( $, .STERADIAN. ) SOLID_ANGLE_UNIT ( ) );
#44 = VECTOR ( 'NONE', #1080, 1000.000000000000114 ) ;
#45 = MECHANICAL_DESIGN_GEOMETRIC_PRESENTATION_REPRESENTATION (  '', ( #1855 ), #2288 ) ;
#46 = LINE ( 'NONE', #1392, #1886 ) ;
#47 = ORIENTED_EDGE ( 'NONE', *, *, #425, .T. ) ;
#48 = CYLINDRICAL_SURFACE ( 'NONE', #1145, 0.2000000000000000944 ) ;
#49 = LINE ( 'NONE', #1890, #2266 ) ;
#50 = SURFACE_STYLE_FILL_AREA ( #1905 ) ;
#51 = CARTESIAN_POINT ( 'NONE',  ( 1.380872781989107567, 0.9419974785150240226, 1.955872781989108411 ) ) ;
#52 = CARTESIAN_POINT ( 'NONE',  ( 1.235488313638030577, -0.8500000000000000888, -1.339519113726805057E-16 ) ) ;
#53 = ORIENTED_EDGE ( 'NONE', *, *, #1518, .F. ) ;
#54 = COLOUR_RGB ( '',0.2980392156862745057, 0.2980392156862745057, 0.2980392156862745057 ) ;
#55 = ORIENTED_EDGE ( 'NONE', *, *, #92, .F. ) ;
#56 = STYLED_ITEM ( 'NONE', ( #645 ), #3370 ) ;
#57 = FACE_OUTER_BOUND ( 'NONE', #2317, .T. ) ;
#58 = DIRECTION ( 'NONE',  ( 0.000000000000000000, 0.000000000000000000, 1.000000000000000000 ) ) ;
#59 = UNCERTAINTY_MEASURE_WITH_UNIT (LENGTH_MEASURE( 1.000000000000000082E-05 ), #2008, 'distance_accuracy_value', 'NONE');
#60 = CARTESIAN_POINT ( 'NONE',  ( -1.034999999999999698, -0.1000000000000000056, 2.000000000000000444 ) ) ;
#61 = ORIENTED_EDGE ( 'NONE', *, *, #2158, .T. ) ;
#62 = CARTESIAN_POINT ( 'NONE',  ( 1.035000000000000142, -0.9169264188335762844, -3.099520036392338529 ) ) ;
#63 = LINE ( 'NONE', #2262, #1325 ) ;
#64 = CARTESIAN_POINT ( 'NONE',  ( -1.425000000000000711, 0.1000000000000000056, -1.999999999999999556 ) ) ;
#65 =( GEOMETRIC_REPRESENTATION_CONTEXT ( 3 ) GLOBAL_UNCERTAINTY_ASSIGNED_CONTEXT ( ( #712 ) ) GLOBAL_UNIT_ASSIGNED_CONTEXT ( ( #1701, #1149, #611 ) ) REPRESENTATION_CONTEXT ( 'NONE', 'WORKASPACE' ) );
#66 = CARTESIAN_POINT ( 'NONE',  ( 1.319750877632057229, 1.000000000000000222, 1.894750877632057851 ) ) ;
#67 = ORIENTED_EDGE ( 'NONE', *, *, #3179, .T. ) ;
#68 = VECTOR ( 'NONE', #2566, 1000.000000000000000 ) ;
#69 = FILL_AREA_STYLE_COLOUR ( '', #3267 ) ;
#70 = EDGE_CURVE ( 'NONE', #3031, #2811, #2983, .T. ) ;
#71 = SURFACE_STYLE_USAGE ( .BOTH. , #1171 ) ;
#72 = VECTOR ( 'NONE', #2727, 1000.000000000000000 ) ;
#73 = CARTESIAN_POINT ( 'NONE',  ( 0.6350000000000000089, -0.7169264188335763288, 3.099520036392337641 ) ) ;
#74 = SURFACE_STYLE_USAGE ( .BOTH. , #2787 ) ;
#75 = EDGE_CURVE ( 'NONE', #866, #2298, #3272, .T. ) ;
#76 =( GEOMETRIC_REPRESENTATION_CONTEXT ( 3 ) GLOBAL_UNCERTAINTY_ASSIGNED_CONTEXT ( ( #1963 ) ) GLOBAL_UNIT_ASSIGNED_CONTEXT ( ( #2848, #1179, #127 ) ) REPRESENTATION_CONTEXT ( 'NONE', 'WORKASPACE' ) );
#77 = DIRECTION ( 'NONE',  ( 1.000000000000000000, -0.000000000000000000, -0.000000000000000000 ) ) ;
#78 = PLANE ( 'NONE',  #2962 ) ;
#79 = EDGE_LOOP ( 'NONE', ( #3201, #2014, #3230, #3177, #2731, #1134, #2674, #3209, #562, #2847, #3300, #3486 ) ) ;
#80 = SURFACE_SIDE_STYLE ('',( #1380 ) ) ;
#81 = MECHANICAL_DESIGN_GEOMETRIC_PRESENTATION_REPRESENTATION (  '', ( #1049 ), #415 ) ;
#82 = LINE ( 'NONE', #882, #2391 ) ;
#83 = PLANE ( 'NONE',  #188 ) ;
#84 = DIRECTION ( 'NONE',  ( 1.000000000000000000, 0.000000000000000000, -0.000000000000000000 ) ) ;
#85 =( LENGTH_UNIT ( ) NAMED_UNIT ( * ) SI_UNIT ( .MILLI., .METRE. ) );
#86 = ORIENTED_EDGE ( 'NONE', *, *, #1174, .T. ) ;
#87 = EDGE_CURVE ( 'NONE', #2298, #1469, #2454, .T. ) ;
#88 = SURFACE_STYLE_FILL_AREA ( #101 ) ;
#89 = CARTESIAN_POINT ( 'NONE',  ( 1.035000000000000142, -0.2434098067674578258, -2.542786802365558430 ) ) ;
#90 = DIRECTION ( 'NONE',  ( -1.000000000000000000, -0.000000000000000000, -0.000000000000000000 ) ) ;
#91 = VERTEX_POINT ( 'NONE', #2470 ) ;
#92 = EDGE_CURVE ( 'NONE', #3125, #1043, #49, .T. ) ;
#93 =( NAMED_UNIT ( * ) PLANE_ANGLE_UNIT ( ) SI_UNIT ( $, .RADIAN. ) );
#94 = FILL_AREA_STYLE_COLOUR ( '', #3058 ) ;
#95 = EDGE_CURVE ( 'NONE', #3125, #2048, #1625, .T. ) ;
#96 = AXIS2_PLACEMENT_3D ( 'NONE', #1709, #3330, #1981 ) ;
#97 =( LENGTH_UNIT ( ) NAMED_UNIT ( * ) SI_UNIT ( .MILLI., .METRE. ) );
#98 =( LENGTH_UNIT ( ) NAMED_UNIT ( * ) SI_UNIT ( .MILLI., .METRE. ) );
#99 =( LENGTH_UNIT ( ) NAMED_UNIT ( * ) SI_UNIT ( .MILLI., .METRE. ) );
#100 = ORIENTED_EDGE ( 'NONE', *, *, #1285, .T. ) ;
#101 = FILL_AREA_STYLE ('',( #2497 ) ) ;
#102 = CARTESIAN_POINT ( 'NONE',  ( 1.319750877632057007, -1.000000000000000222, -1.894750877632056962 ) ) ;
#103 = STYLED_ITEM ( 'NONE', ( #3030 ), #2992 ) ;
#104 = CARTESIAN_POINT ( 'NONE',  ( -1.235488313638031688, 1.000000000000000000, -1.810488313638030533 ) ) ;
#105 = CARTESIAN_POINT ( 'NONE',  ( 1.035000000000000142, -0.9735166120661183919, -2.758173124849765401 ) ) ;
#106 = STYLED_ITEM ( 'NONE', ( #1813 ), #3140 ) ;
#107 = DIRECTION ( 'NONE',  ( 1.084202172485504434E-16, 0.000000000000000000, 1.000000000000000000 ) ) ;
#108 = ORIENTED_EDGE ( 'NONE', *, *, #3060, .F. ) ;
#109 =( NAMED_UNIT ( * ) PLANE_ANGLE_UNIT ( ) SI_UNIT ( $, .RADIAN. ) );
#110 = ADVANCED_FACE ( 'NONE', ( #265 ), #1665, .T. ) ;
#111 = LINE ( 'NONE', #2530, #1834 ) ;
#112 = ORIENTED_EDGE ( 'NONE', *, *, #655, .T. ) ;
#113 = FILL_AREA_STYLE ('',( #2554 ) ) ;
#114 = EDGE_CURVE ( 'NONE', #2055, #7, #1366, .T. ) ;
#115 = ORIENTED_EDGE ( 'NONE', *, *, #2843, .F. ) ;
#116 = FILL_AREA_STYLE_COLOUR ( '', #3433 ) ;
#117 = VECTOR ( 'NONE', #1131, 1000.000000000000000 ) ;
#118 = CYLINDRICAL_SURFACE ( 'NONE', #698, 0.1499999999999999667 ) ;
#119 = AXIS2_PLACEMENT_3D ( 'NONE', #3059, #409, #352 ) ;
#120 = SURFACE_STYLE_FILL_AREA ( #1767 ) ;
#121 = PRESENTATION_STYLE_ASSIGNMENT (( #1482 ) ) ;
#122 = UNCERTAINTY_MEASURE_WITH_UNIT (LENGTH_MEASURE( 1.000000000000000082E-05 ), #3353, 'distance_accuracy_value', 'NONE');
#123 = CYLINDRICAL_SURFACE ( 'NONE', #3077, 0.2000000000000000944 ) ;
#124 = SURFACE_STYLE_FILL_AREA ( #1972 ) ;
#125 = FACE_OUTER_BOUND ( 'NONE', #204, .T. ) ;
#126 = EDGE_LOOP ( 'NONE', ( #350, #579, #1451, #2873 ) ) ;
#127 =( NAMED_UNIT ( * ) SI_UNIT ( $, .STERADIAN. ) SOLID_ANGLE_UNIT ( ) );
#128 = VECTOR ( 'NONE', #892, 1000.000000000000000 ) ;
#129 = PLANE ( 'NONE',  #2776 ) ;
#130 = VERTEX_POINT ( 'NONE', #3481 ) ;
#131 = PRESENTATION_LAYER_ASSIGNMENT (  '', '', ( #3024 ) ) ;
#132 = DIRECTION ( 'NONE',  ( -0.000000000000000000, 0.9591343757511695545, 0.2829509661627160333 ) ) ;
#133 = ADVANCED_FACE ( 'NONE', ( #1650 ), #571, .T. ) ;
#134 = EDGE_CURVE ( 'NONE', #1221, #707, #1682, .T. ) ;
#135 = ORIENTED_EDGE ( 'NONE', *, *, #243, .F. ) ;
#136 = EDGE_LOOP ( 'NONE', ( #1300, #2349, #3361, #1143, #1435, #216, #3351, #518 ) ) ;
#137 = CARTESIAN_POINT ( 'NONE',  ( 1.380872781989106457, -0.9419974785150240226, -1.955872781989107079 ) ) ;
#138 = DIRECTION ( 'NONE',  ( -0.000000000000000000, 1.000000000000000000, 0.000000000000000000 ) ) ;
#139 = PRESENTATION_LAYER_ASSIGNMENT (  '', '', ( #1855 ) ) ;
#140 = EDGE_LOOP ( 'NONE', ( #3412, #1935, #1544, #61 ) ) ;
#141 = PRODUCT_DEFINITION_FORMATION_WITH_SPECIFIED_SOURCE ( 'ANY', '', #3226, .NOT_KNOWN. ) ;
#142 = LINE ( 'NONE', #1513, #3143 ) ;
#143 = CARTESIAN_POINT ( 'NONE',  ( 0.6350000000000000089, -0.2999999999999999889, -2.350959927215324097 ) ) ;
#144 = ORIENTED_EDGE ( 'NONE', *, *, #2597, .F. ) ;
#145 = LINE ( 'NONE', #3159, #153 ) ;
#146 = CIRCLE ( 'NONE', #3432, 0.2000000000000000944 ) ;
#147 = PRESENTATION_STYLE_ASSIGNMENT (( #169 ) ) ;
#148 = PRESENTATION_STYLE_ASSIGNMENT (( #2290 ) ) ;
#149 = VERTEX_POINT ( 'NONE', #2490 ) ;
#150 =( NAMED_UNIT ( * ) SI_UNIT ( $, .STERADIAN. ) SOLID_ANGLE_UNIT ( ) );
#151 = FILL_AREA_STYLE ('',( #2879 ) ) ;
#152 = VECTOR ( 'NONE', #2914, 1000.000000000000000 ) ;
#153 = VECTOR ( 'NONE', #1781, 1000.000000000000000 ) ;
#154 = AXIS2_PLACEMENT_3D ( 'NONE', #1798, #1458, #166 ) ;
#155 = DIRECTION ( 'NONE',  ( -1.000000000000000000, -0.000000000000000000, -0.000000000000000000 ) ) ;
#156 = FILL_AREA_STYLE ('',( #970 ) ) ;
#157 = VECTOR ( 'NONE', #235, 1000.000000000000000 ) ;
#158 = UNCERTAINTY_MEASURE_WITH_UNIT (LENGTH_MEASURE( 1.000000000000000082E-05 ), #99, 'distance_accuracy_value', 'NONE');
#159 = CARTESIAN_POINT ( 'NONE',  ( 1.424999999999999822, -0.1000000000000000056, 2.000000000000000444 ) ) ;
#160 = ORIENTED_EDGE ( 'NONE', *, *, #1456, .F. ) ;
#161 = STYLED_ITEM ( 'NONE', ( #2893 ), #3376 ) ;
#162 = DIRECTION ( 'NONE',  ( 1.000000000000000000, 0.000000000000000000, -0.000000000000000000 ) ) ;
#163 = CARTESIAN_POINT ( 'NONE',  ( -0.6349999999999998979, 0.1000000000000000056, 1.999999999999999556 ) ) ;
#164 = SURFACE_STYLE_USAGE ( .BOTH. , #2112 ) ;
#165 = UNCERTAINTY_MEASURE_WITH_UNIT (LENGTH_MEASURE( 1.000000000000000082E-05 ), #2849, 'distance_accuracy_value', 'NONE');
#166 = DIRECTION ( 'NONE',  ( 0.000000000000000000, 0.000000000000000000, 1.000000000000000000 ) ) ;
#167 = EDGE_CURVE ( 'NONE', #1377, #181, #111, .T. ) ;
#168 = CARTESIAN_POINT ( 'NONE',  ( -0.6349999999999998979, -0.9169264188335763954, 2.949999999999999734 ) ) ;
#169 = SURFACE_STYLE_USAGE ( .BOTH. , #3379 ) ;
#170 = VERTEX_POINT ( 'NONE', #1487 ) ;
#171 = ORIENTED_EDGE ( 'NONE', *, *, #1520, .F. ) ;
#172 = LINE ( 'NONE', #2581, #184 ) ;
#173 =( NAMED_UNIT ( * ) PLANE_ANGLE_UNIT ( ) SI_UNIT ( $, .RADIAN. ) );
#174 = STYLED_ITEM ( 'NONE', ( #18 ), #1575 ) ;
#175 = EDGE_CURVE ( 'NONE', #308, #3193, #2812, .T. ) ;
#176 = PLANE ( 'NONE',  #1751 ) ;
#177 = ADVANCED_FACE ( 'NONE', ( #1718 ), #1754, .T. ) ;
#178 = EDGE_CURVE ( 'NONE', #1844, #337, #63, .T. ) ;
#179 = CIRCLE ( 'NONE', #2389, 0.2000000000000000944 ) ;
#180 = CARTESIAN_POINT ( 'NONE',  ( -1.385282743851217635, -0.8578503934364415384, -1.960282743851216480 ) ) ;
#181 = VERTEX_POINT ( 'NONE', #3355 ) ;
#182 = DIRECTION ( 'NONE',  ( 0.000000000000000000, 0.000000000000000000, 1.000000000000000000 ) ) ;
#183 = DIRECTION ( 'NONE',  ( 0.000000000000000000, 0.000000000000000000, 1.000000000000000000 ) ) ;
#184 = VECTOR ( 'NONE', #3165, 1000.000000000000000 ) ;
#185 = SURFACE_SIDE_STYLE ('',( #727 ) ) ;
#186 = SURFACE_SIDE_STYLE ('',( #1636 ) ) ;
#187 = FILL_AREA_STYLE ('',( #2650 ) ) ;
#188 = AXIS2_PLACEMENT_3D ( 'NONE', #2730, #1083, #1165 ) ;
#189 = PLANE ( 'NONE',  #2570 ) ;
#190 = ORIENTED_EDGE ( 'NONE', *, *, #2310, .T. ) ;
#191 = LINE ( 'NONE', #477, #1668 ) ;
#192 = STYLED_ITEM ( 'NONE', ( #2755 ), #2344 ) ;
#193 = CYLINDRICAL_SURFACE ( 'NONE', #2773, 0.2000000000000000944 ) ;
#194 = CARTESIAN_POINT ( 'NONE',  ( -0.6349999999999998979, -0.2999999999999999889, -2.350959927215324097 ) ) ;
#195 = DIRECTION ( 'NONE',  ( 0.000000000000000000, 0.000000000000000000, -1.000000000000000000 ) ) ;
#196 = LINE ( 'NONE', #2846, #2642 ) ;
#197 = ORIENTED_EDGE ( 'NONE', *, *, #2060, .T. ) ;
#198 = VECTOR ( 'NONE', #218, 1000.000000000000000 ) ;
#199 = DIRECTION ( 'NONE',  ( 0.000000000000000000, -1.000000000000000000, 0.000000000000000000 ) ) ;
#200 = CARTESIAN_POINT ( 'NONE',  ( 1.035000000000000142, -0.2999999999999999889, 2.350959927215324097 ) ) ;
#201 = ORIENTED_EDGE ( 'NONE', *, *, #2223, .T. ) ;
#202 = CARTESIAN_POINT ( 'NONE',  ( -0.6349999999999998979, 0.1000000000000000056, -1.999999999999999556 ) ) ;
#203 = DIRECTION ( 'NONE',  ( -0.05226442768871397693, 0.9972646886342372285, -0.05226442768871396999 ) ) ;
#204 = EDGE_LOOP ( 'NONE', ( #3105, #624, #3049, #1067 ) ) ;
#205 = DIRECTION ( 'NONE',  ( 0.000000000000000000, 0.000000000000000000, -1.000000000000000000 ) ) ;
#206 = ORIENTED_EDGE ( 'NONE', *, *, #880, .F. ) ;
#207 = STYLED_ITEM ( 'NONE', ( #500 ), #329 ) ;
#208 = DIRECTION ( 'NONE',  ( 0.05226442768871395611, -0.9972646886342372285, -0.05226442768871396999 ) ) ;
#209 = CARTESIAN_POINT ( 'NONE',  ( -1.034999999999999920, -0.7735166120661184364, 2.907693161242103308 ) ) ;
#210 = FILL_AREA_STYLE ('',( #2643 ) ) ;
#211 = CARTESIAN_POINT ( 'NONE',  ( -1.385282743851217191, -0.8578503934364415384, 1.960282743851217369 ) ) ;
#212 = EDGE_LOOP ( 'NONE', ( #269, #2998, #1802, #532 ) ) ;
#213 = FILL_AREA_STYLE ('',( #1025 ) ) ;
#214 = SURFACE_STYLE_FILL_AREA ( #1291 ) ;
#215 = EDGE_CURVE ( 'NONE', #170, #2896, #933, .T. ) ;
#216 = ORIENTED_EDGE ( 'NONE', *, *, #906, .F. ) ;
#217 = PRESENTATION_LAYER_ASSIGNMENT (  '', '', ( #1764 ) ) ;
#218 = DIRECTION ( 'NONE',  ( 0.000000000000000000, -1.000000000000000000, 0.000000000000000000 ) ) ;
#219 = VECTOR ( 'NONE', #1765, 1000.000000000000114 ) ;
#220 = ORIENTED_EDGE ( 'NONE', *, *, #1138, .F. ) ;
#221 =( NAMED_UNIT ( * ) SI_UNIT ( $, .STERADIAN. ) SOLID_ANGLE_UNIT ( ) );
#222 = ORIENTED_EDGE ( 'NONE', *, *, #3383, .F. ) ;
#223 =( LENGTH_UNIT ( ) NAMED_UNIT ( * ) SI_UNIT ( .MILLI., .METRE. ) );
#224 = LINE ( 'NONE', #823, #2819 ) ;
#225 = CARTESIAN_POINT ( 'NONE',  ( -0.6349999999999998979, 0.1000000000000000056, -2.500479963607661116 ) ) ;
#226 = MECHANICAL_DESIGN_GEOMETRIC_PRESENTATION_REPRESENTATION (  '', ( #333 ), #65 ) ;
#227 = FILL_AREA_STYLE_COLOUR ( '', #341 ) ;
#228 = CARTESIAN_POINT ( 'NONE',  ( -0.6349999999999998979, -1.116926418833576351, -2.950000000000000622 ) ) ;
#229 =( NAMED_UNIT ( * ) PLANE_ANGLE_UNIT ( ) SI_UNIT ( $, .RADIAN. ) );
#230 = ORIENTED_EDGE ( 'NONE', *, *, #278, .T. ) ;
#231 = COLOUR_RGB ( '',0.6666666666666666297, 0.6980392156862744724, 0.7686274509803920907 ) ;
#232 = FILL_AREA_STYLE ('',( #2944 ) ) ;
#233 = EDGE_CURVE ( 'NONE', #962, #1051, #385, .T. ) ;
#234 = UNCERTAINTY_MEASURE_WITH_UNIT (LENGTH_MEASURE( 1.000000000000000082E-05 ), #295, 'distance_accuracy_value', 'NONE');
#235 = DIRECTION ( 'NONE',  ( -1.000000000000000000, -0.000000000000000000, -0.000000000000000000 ) ) ;
#236 = DIRECTION ( 'NONE',  ( -0.9986295347545739443, 0.05233595624294388321, 1.082716311089097834E-16 ) ) ;
#237 = AXIS2_PLACEMENT_3D ( 'NONE', #1216, #372, #2282 ) ;
#238 = EDGE_LOOP ( 'NONE', ( #1003, #2739, #2191, #2883 ) ) ;
#239 = ORIENTED_EDGE ( 'NONE', *, *, #2114, .T. ) ;
#240 = EDGE_CURVE ( 'NONE', #669, #2954, #1957, .T. ) ;
#241 = CIRCLE ( 'NONE', #411, 0.2000000000000000944 ) ;
#242 = CARTESIAN_POINT ( 'NONE',  ( -0.6349999999999998979, -0.7169264188335763288, -3.099520036392337641 ) ) ;
#243 = EDGE_CURVE ( 'NONE', #3291, #2634, #82, .T. ) ;
#244 = PRESENTATION_LAYER_ASSIGNMENT (  '', '', ( #3470 ) ) ;
#245 = LINE ( 'NONE', #225, #152 ) ;
#246 = MECHANICAL_DESIGN_GEOMETRIC_PRESENTATION_REPRESENTATION (  '', ( #1946 ), #1343 ) ;
#247 = FILL_AREA_STYLE ('',( #3208 ) ) ;
#248 = ORIENTED_EDGE ( 'NONE', *, *, #1493, .F. ) ;
#249 = FACE_OUTER_BOUND ( 'NONE', #525, .T. ) ;
#250 = LINE ( 'NONE', #1316, #2717 ) ;
#251 = DIRECTION ( 'NONE',  ( 1.000000000000000000, 0.000000000000000000, 0.000000000000000000 ) ) ;
#252 = ORIENTED_EDGE ( 'NONE', *, *, #2427, .T. ) ;
#253 = ORIENTED_EDGE ( 'NONE', *, *, #3183, .F. ) ;
#254 =( GEOMETRIC_REPRESENTATION_CONTEXT ( 3 ) GLOBAL_UNCERTAINTY_ASSIGNED_CONTEXT ( ( #3039 ) ) GLOBAL_UNIT_ASSIGNED_CONTEXT ( ( #748, #695, #1297 ) ) REPRESENTATION_CONTEXT ( 'NONE', 'WORKASPACE' ) );
#255 =( NAMED_UNIT ( * ) PLANE_ANGLE_UNIT ( ) SI_UNIT ( $, .RADIAN. ) );
#256 = ORIENTED_EDGE ( 'NONE', *, *, #2196, .T. ) ;
#257 =( GEOMETRIC_REPRESENTATION_CONTEXT ( 3 ) GLOBAL_UNCERTAINTY_ASSIGNED_CONTEXT ( ( #1062 ) ) GLOBAL_UNIT_ASSIGNED_CONTEXT ( ( #1599, #1883, #2105 ) ) REPRESENTATION_CONTEXT ( 'NONE', 'WORKASPACE' ) );
#258 = CYLINDRICAL_SURFACE ( 'NONE', #2416, 0.2000000000000000944 ) ;
#259 =( LENGTH_UNIT ( ) NAMED_UNIT ( * ) SI_UNIT ( .MILLI., .METRE. ) );
#260 = LINE ( 'NONE', #3016, #1728 ) ;
#261 = STYLED_ITEM ( 'NONE', ( #835 ), #1237 ) ;
#262 = EDGE_LOOP ( 'NONE', ( #422, #2379, #2888, #2890 ) ) ;
#263 = SURFACE_SIDE_STYLE ('',( #1396 ) ) ;
#264 = CARTESIAN_POINT ( 'NONE',  ( 0.6350000000000000089, -1.116926418833576351, -2.950000000000000622 ) ) ;
#265 = FACE_OUTER_BOUND ( 'NONE', #2477, .T. ) ;
#266 = COLOUR_RGB ( '',0.2980392156862745057, 0.2980392156862745057, 0.2980392156862745057 ) ;
#267 = DIRECTION ( 'NONE',  ( 0.000000000000000000, 0.000000000000000000, 1.000000000000000000 ) ) ;
#268 = FACE_OUTER_BOUND ( 'NONE', #140, .T. ) ;
#269 = ORIENTED_EDGE ( 'NONE', *, *, #1412, .T. ) ;
#270 = LINE ( 'NONE', #3263, #1327 ) ;
#271 = ORIENTED_EDGE ( 'NONE', *, *, #1246, .F. ) ;
#272 =( GEOMETRIC_REPRESENTATION_CONTEXT ( 3 ) GLOBAL_UNCERTAINTY_ASSIGNED_CONTEXT ( ( #1525 ) ) GLOBAL_UNIT_ASSIGNED_CONTEXT ( ( #760, #2882, #1567 ) ) REPRESENTATION_CONTEXT ( 'NONE', 'WORKASPACE' ) );
#273 = CARTESIAN_POINT ( 'NONE',  ( -0.6349999999999998979, 0.1000000000000000056, 2.000000000000000444 ) ) ;
#274 = EDGE_LOOP ( 'NONE', ( #3155, #2031, #1135, #1787 ) ) ;
#275 =( NAMED_UNIT ( * ) SI_UNIT ( $, .STERADIAN. ) SOLID_ANGLE_UNIT ( ) );
#276 = ADVANCED_FACE ( 'NONE', ( #1699 ), #2072, .F. ) ;
#277 = CARTESIAN_POINT ( 'NONE',  ( -0.6349999999999998979, -0.9169264188335762844, -3.500000000000000000 ) ) ;
#278 = EDGE_CURVE ( 'NONE', #1879, #2960, #146, .T. ) ;
#279 = FACE_OUTER_BOUND ( 'NONE', #834, .T. ) ;
#280 = ORIENTED_EDGE ( 'NONE', *, *, #922, .F. ) ;
#281 = EDGE_CURVE ( 'NONE', #843, #1001, #681, .T. ) ;
#282 = FILL_AREA_STYLE ('',( #3302 ) ) ;
#283 = STYLED_ITEM ( 'NONE', ( #2283 ), #1605 ) ;
#284 = FACE_OUTER_BOUND ( 'NONE', #3334, .T. ) ;
#285 = FILL_AREA_STYLE_COLOUR ( '', #19 ) ;
#286 = DIRECTION ( 'NONE',  ( 1.000000000000000000, 0.000000000000000000, -0.000000000000000000 ) ) ;
#287 = VECTOR ( 'NONE', #913, 1000.000000000000114 ) ;
#288 = PLANE ( 'NONE',  #3475 ) ;
#289 = STYLED_ITEM ( 'NONE', ( #1593 ), #2069 ) ;
#290 = PLANE ( 'NONE',  #3276 ) ;
#291 = ORIENTED_EDGE ( 'NONE', *, *, #2697, .T. ) ;
#292 = EDGE_CURVE ( 'NONE', #1594, #2298, #1249, .T. ) ;
#293 = ORIENTED_EDGE ( 'NONE', *, *, #292, .T. ) ;
#294 = COLOUR_RGB ( '',0.6666666666666666297, 0.6980392156862744724, 0.7686274509803920907 ) ;
#295 =( LENGTH_UNIT ( ) NAMED_UNIT ( * ) SI_UNIT ( .MILLI., .METRE. ) );
#296 =( LENGTH_UNIT ( ) NAMED_UNIT ( * ) SI_UNIT ( .MILLI., .METRE. ) );
#297 = VECTOR ( 'NONE', #2840, 1000.000000000000000 ) ;
#298 = COLOUR_RGB ( '',0.6666666666666666297, 0.6980392156862744724, 0.7686274509803920907 ) ;
#299 = FACE_OUTER_BOUND ( 'NONE', #1863, .T. ) ;
#300 = ORIENTED_EDGE ( 'NONE', *, *, #880, .T. ) ;
#301 = SURFACE_SIDE_STYLE ('',( #844 ) ) ;
#302 = SURFACE_STYLE_FILL_AREA ( #2742 ) ;
#303 = FACE_OUTER_BOUND ( 'NONE', #1928, .T. ) ;
#304 = DIRECTION ( 'NONE',  ( -1.000000000000000000, -0.000000000000000000, -0.000000000000000000 ) ) ;
#305 = SURFACE_STYLE_FILL_AREA ( #848 ) ;
#306 =( NAMED_UNIT ( * ) SI_UNIT ( $, .STERADIAN. ) SOLID_ANGLE_UNIT ( ) );
#307 = VERTEX_POINT ( 'NONE', #2880 ) ;
#308 = VERTEX_POINT ( 'NONE', #2891 ) ;
#309 = DIRECTION ( 'NONE',  ( -1.000000000000000000, -0.000000000000000000, -0.000000000000000000 ) ) ;
#310 =( GEOMETRIC_REPRESENTATION_CONTEXT ( 3 ) GLOBAL_UNCERTAINTY_ASSIGNED_CONTEXT ( ( #2692 ) ) GLOBAL_UNIT_ASSIGNED_CONTEXT ( ( #2582, #173, #2351 ) ) REPRESENTATION_CONTEXT ( 'NONE', 'WORKASPACE' ) );
#311 = CARTESIAN_POINT ( 'NONE',  ( 1.385282743851216303, -0.8578503934364415384, -1.960282743851216480 ) ) ;
#312 = DIRECTION ( 'NONE',  ( 0.000000000000000000, 1.000000000000000000, 0.000000000000000000 ) ) ;
#313 = ORIENTED_EDGE ( 'NONE', *, *, #3020, .F. ) ;
#314 = DIRECTION ( 'NONE',  ( -1.000000000000000000, 0.000000000000000000, -0.000000000000000000 ) ) ;
#315 = LINE ( 'NONE', #64, #2908 ) ;
#316 = FACE_OUTER_BOUND ( 'NONE', #374, .T. ) ;
#317 = EDGE_CURVE ( 'NONE', #2183, #2619, #2050, .T. ) ;
#318 = SURFACE_STYLE_USAGE ( .BOTH. , #600 ) ;
#319 = FILL_AREA_STYLE ('',( #2765 ) ) ;
#320 = ORIENTED_EDGE ( 'NONE', *, *, #855, .F. ) ;
#321 = STYLED_ITEM ( 'NONE', ( #2070 ), #2916 ) ;
#322 = ADVANCED_FACE ( 'NONE', ( #1265 ), #176, .T. ) ;
#323 =( LENGTH_UNIT ( ) NAMED_UNIT ( * ) SI_UNIT ( .MILLI., .METRE. ) );
#324 = VECTOR ( 'NONE', #3423, 1000.000000000000114 ) ;
#325 = UNCERTAINTY_MEASURE_WITH_UNIT (LENGTH_MEASURE( 1.000000000000000082E-05 ), #628, 'distance_accuracy_value', 'NONE');
#326 = PRESENTATION_LAYER_ASSIGNMENT (  '', '', ( #1921 ) ) ;
#327 = CARTESIAN_POINT ( 'NONE',  ( -1.319750877632058339, 1.000000000000000000, -1.894750877632056962 ) ) ;
#328 = CARTESIAN_POINT ( 'NONE',  ( 1.035000000000000142, -1.116926418833576351, 2.950000000000000622 ) ) ;
#329 = ADVANCED_FACE ( 'NONE', ( #664 ), #1208, .F. ) ;
#330 = ORIENTED_EDGE ( 'NONE', *, *, #3262, .T. ) ;
#331 = DIRECTION ( 'NONE',  ( 1.084202172485504434E-16, 0.000000000000000000, 1.000000000000000000 ) ) ;
#332 = CARTESIAN_POINT ( 'NONE',  ( 1.235488313638030355, 1.000000000000000000, -1.810488313638030533 ) ) ;
#333 = STYLED_ITEM ( 'NONE', ( #746 ), #1441 ) ;
#334 = CARTESIAN_POINT ( 'NONE',  ( -0.6349999999999998979, -0.1000000000000000056, 1.999999999999999556 ) ) ;
#335 = CARTESIAN_POINT ( 'NONE',  ( 0.6350000000000000089, -0.9169264188335763954, -2.949999999999999734 ) ) ;
#336 = FACE_OUTER_BOUND ( 'NONE', #3365, .T. ) ;
#337 = VERTEX_POINT ( 'NONE', #2977 ) ;
#338 = MECHANICAL_DESIGN_GEOMETRIC_PRESENTATION_REPRESENTATION (  '', ( #1259 ), #1831 ) ;
#339 = PRESENTATION_LAYER_ASSIGNMENT (  '', '', ( #1497 ) ) ;
#340 = CARTESIAN_POINT ( 'NONE',  ( -0.6349999999999998979, -0.1000000000000000056, -1.999999999999999556 ) ) ;
#341 = COLOUR_RGB ( '',0.6666666666666666297, 0.6980392156862744724, 0.7686274509803920907 ) ;
#342 = FILL_AREA_STYLE_COLOUR ( '', #3445 ) ;
#343 = EDGE_CURVE ( 'NONE', #2547, #1272, #3491, .T. ) ;
#344 = DIRECTION ( 'NONE',  ( -1.000000000000000000, -0.000000000000000000, -0.000000000000000000 ) ) ;
#345 = DIRECTION ( 'NONE',  ( -1.000000000000000000, -0.000000000000000000, -0.000000000000000000 ) ) ;
#346 = AXIS2_PLACEMENT_3D ( 'NONE', #3202, #2638, #2937 ) ;
#347 = STYLED_ITEM ( 'NONE', ( #2248 ), #812 ) ;
#348 = DIRECTION ( 'NONE',  ( 0.000000000000000000, 0.000000000000000000, -1.000000000000000000 ) ) ;
#349 = CARTESIAN_POINT ( 'NONE',  ( 0.6350000000000000089, -0.04340980676745787720, -2.692306838757896337 ) ) ;
#350 = ORIENTED_EDGE ( 'NONE', *, *, #3121, .F. ) ;
#351 = MECHANICAL_DESIGN_GEOMETRIC_PRESENTATION_REPRESENTATION (  '', ( #1568 ), #2852 ) ;
#352 = DIRECTION ( 'NONE',  ( 0.000000000000000000, 0.000000000000000000, 1.000000000000000000 ) ) ;
#353 = CARTESIAN_POINT ( 'NONE',  ( -1.425000000000000711, -0.1000000000000000056, -1.999999999999999556 ) ) ;
#354 = CYLINDRICAL_SURFACE ( 'NONE', #2382, 0.2000000000000000944 ) ;
#355 = PRESENTATION_LAYER_ASSIGNMENT (  '', '', ( #2521 ) ) ;
#356 = PRESENTATION_STYLE_ASSIGNMENT (( #2284 ) ) ;
#357 = DIRECTION ( 'NONE',  ( -1.000000000000000000, -0.000000000000000000, -0.000000000000000000 ) ) ;
#358 = ORIENTED_EDGE ( 'NONE', *, *, #1285, .F. ) ;
#359 = CARTESIAN_POINT ( 'NONE',  ( 1.035000000000000142, -0.9169264188335763954, 3.099520036392338529 ) ) ;
#360 = FILL_AREA_STYLE_COLOUR ( '', #2635 ) ;
#361 = DIRECTION ( 'NONE',  ( 1.000000000000000000, 0.000000000000000000, -0.000000000000000000 ) ) ;
#362 = SURFACE_SIDE_STYLE ('',( #3055 ) ) ;
#363 = UNCERTAINTY_MEASURE_WITH_UNIT (LENGTH_MEASURE( 1.000000000000000082E-05 ), #2256, 'distance_accuracy_value', 'NONE');
#364 = EDGE_CURVE ( 'NONE', #1500, #877, #2923, .T. ) ;
#365 = ORIENTED_EDGE ( 'NONE', *, *, #1070, .T. ) ;
#366 = DIRECTION ( 'NONE',  ( -0.05226442768871397693, -0.9972646886342372285, -0.05226442768871396999 ) ) ;
#367 = UNCERTAINTY_MEASURE_WITH_UNIT (LENGTH_MEASURE( 1.000000000000000082E-05 ), #1340, 'distance_accuracy_value', 'NONE');
#368 =( NAMED_UNIT ( * ) SI_UNIT ( $, .STERADIAN. ) SOLID_ANGLE_UNIT ( ) );
#369 = AXIS2_PLACEMENT_3D ( 'NONE', #1581, #2654, #1355 ) ;
#370 = SURFACE_STYLE_USAGE ( .BOTH. , #3063 ) ;
#371 = ORIENTED_EDGE ( 'NONE', *, *, #425, .F. ) ;
#372 = DIRECTION ( 'NONE',  ( -1.000000000000000000, -0.000000000000000000, -0.000000000000000000 ) ) ;
#373 =( NAMED_UNIT ( * ) SI_UNIT ( $, .STERADIAN. ) SOLID_ANGLE_UNIT ( ) );
#374 = EDGE_LOOP ( 'NONE', ( #2814, #894, #456, #201 ) ) ;
#375 = DIRECTION ( 'NONE',  ( 0.000000000000000000, 0.000000000000000000, 1.000000000000000000 ) ) ;
#376 = PRESENTATION_LAYER_ASSIGNMENT (  '', '', ( #3119 ) ) ;
#377 = CARTESIAN_POINT ( 'NONE',  ( 0.6350000000000000089, 0.1000000000000000056, -1.999999999999999556 ) ) ;
#378 =( NAMED_UNIT ( * ) SI_UNIT ( $, .STERADIAN. ) SOLID_ANGLE_UNIT ( ) );
#379 = MECHANICAL_DESIGN_GEOMETRIC_PRESENTATION_REPRESENTATION (  '', ( #2139 ), #2826 ) ;
#380 = EDGE_CURVE ( 'NONE', #3341, #1532, #1583, .T. ) ;
#381 = FILL_AREA_STYLE ('',( #908 ) ) ;
#382 = AXIS2_PLACEMENT_3D ( 'NONE', #618, #3052, #3035 ) ;
#383 = SURFACE_STYLE_USAGE ( .BOTH. , #2231 ) ;
#384 = CARTESIAN_POINT ( 'NONE',  ( 0.6350000000000000089, -0.04340980676745787720, 2.692306838757896337 ) ) ;
#385 = LINE ( 'NONE', #898, #1936 ) ;
#386 = EDGE_CURVE ( 'NONE', #2856, #1221, #245, .T. ) ;
#387 = ORIENTED_EDGE ( 'NONE', *, *, #502, .F. ) ;
#388 = SURFACE_STYLE_USAGE ( .BOTH. , #973 ) ;
#389 = PLANE ( 'NONE',  #755 ) ;
#390 = SURFACE_SIDE_STYLE ('',( #2832 ) ) ;
#391 = FILL_AREA_STYLE_COLOUR ( '', #2138 ) ;
#392 = VERTEX_POINT ( 'NONE', #2375 ) ;
#393 = PRESENTATION_LAYER_ASSIGNMENT (  '', '', ( #283 ) ) ;
#394 = DIRECTION ( 'NONE',  ( 0.000000000000000000, -0.000000000000000000, 1.000000000000000000 ) ) ;
#395 = SURFACE_STYLE_FILL_AREA ( #1747 ) ;
#396 = VECTOR ( 'NONE', #1267, 1000.000000000000000 ) ;
#397 = CARTESIAN_POINT ( 'NONE',  ( 0.6350000000000000089, -0.09999999999999997780, -2.500479963607662004 ) ) ;
#398 = PRODUCT_RELATED_PRODUCT_CATEGORY ( 'part', '', ( #3226 ) ) ;
#399 = DIRECTION ( 'NONE',  ( -1.000000000000000000, 0.000000000000000000, -0.000000000000000000 ) ) ;
#400 = ORIENTED_EDGE ( 'NONE', *, *, #2801, .T. ) ;
#401 = AXIS2_PLACEMENT_3D ( 'NONE', #719, #1223, #1543 ) ;
#402 = FACE_OUTER_BOUND ( 'NONE', #1311, .T. ) ;
#403 = DIRECTION ( 'NONE',  ( 0.000000000000000000, 0.9591343757511695545, -0.2829509661627160333 ) ) ;
#404 = VECTOR ( 'NONE', #3304, 1000.000000000000000 ) ;
#405 = UNCERTAINTY_MEASURE_WITH_UNIT (LENGTH_MEASURE( 1.000000000000000082E-05 ), #2035, 'distance_accuracy_value', 'NONE');
#406 =( GEOMETRIC_REPRESENTATION_CONTEXT ( 3 ) GLOBAL_UNCERTAINTY_ASSIGNED_CONTEXT ( ( #2177 ) ) GLOBAL_UNIT_ASSIGNED_CONTEXT ( ( #1612, #2668, #221 ) ) REPRESENTATION_CONTEXT ( 'NONE', 'WORKASPACE' ) );
#407 = DIRECTION ( 'NONE',  ( 1.084202172485504434E-16, -1.055768021563217230E-36, 1.000000000000000000 ) ) ;
#408 = COLOUR_RGB ( '',0.6666666666666666297, 0.6980392156862744724, 0.7686274509803920907 ) ;
#409 = DIRECTION ( 'NONE',  ( -1.000000000000000000, -0.000000000000000000, -0.000000000000000000 ) ) ;
#410 = CARTESIAN_POINT ( 'NONE',  ( -1.425000000000000711, 0.1000000000000000056, -1.999999999999999556 ) ) ;
#411 = AXIS2_PLACEMENT_3D ( 'NONE', #3391, #2039, #3141 ) ;
#412 = DIRECTION ( 'NONE',  ( -1.000000000000000000, -0.000000000000000000, -0.000000000000000000 ) ) ;
#413 = ORIENTED_EDGE ( 'NONE', *, *, #33, .F. ) ;
#414 = CARTESIAN_POINT ( 'NONE',  ( 0.6350000000000000089, -0.09999999999999990841, 2.350959927215323209 ) ) ;
#415 =( GEOMETRIC_REPRESENTATION_CONTEXT ( 3 ) GLOBAL_UNCERTAINTY_ASSIGNED_CONTEXT ( ( #1566 ) ) GLOBAL_UNIT_ASSIGNED_CONTEXT ( ( #1214, #1531, #2075 ) ) REPRESENTATION_CONTEXT ( 'NONE', 'WORKASPACE' ) );
#416 = ORIENTED_EDGE ( 'NONE', *, *, #167, .T. ) ;
#417 = COLOUR_RGB ( '',0.6666666666666666297, 0.6980392156862744724, 0.7686274509803920907 ) ;
#418 = LINE ( 'NONE', #2326, #2772 ) ;
#419 = STYLED_ITEM ( 'NONE', ( #1991 ), #2540 ) ;
#420 = VERTEX_POINT ( 'NONE', #209 ) ;
#421 = CARTESIAN_POINT ( 'NONE',  ( 1.377832998645262208, -0.8578503934364416494, 1.960282743851217369 ) ) ;
#422 = ORIENTED_EDGE ( 'NONE', *, *, #511, .T. ) ;
#423 = CARTESIAN_POINT ( 'NONE',  ( 1.424999999999999378, 0.1000000000000000056, -1.999999999999999556 ) ) ;
#424 =( NAMED_UNIT ( * ) PLANE_ANGLE_UNIT ( ) SI_UNIT ( $, .RADIAN. ) );
#425 = EDGE_CURVE ( 'NONE', #3019, #910, #2956, .T. ) ;
#426 = CARTESIAN_POINT ( 'NONE',  ( 1.424999999999999822, -0.1000000000000000056, 2.000000000000000444 ) ) ;
#427 = PRESENTATION_LAYER_ASSIGNMENT (  '', '', ( #1063 ) ) ;
#428 = EDGE_LOOP ( 'NONE', ( #1081, #1670, #222, #1613 ) ) ;
#429 = FILL_AREA_STYLE ('',( #2793 ) ) ;
#430 = SURFACE_STYLE_USAGE ( .BOTH. , #2058 ) ;
#431 = CARTESIAN_POINT ( 'NONE',  ( -1.377832998645263096, -0.8578503934364416494, -1.960282743851216480 ) ) ;
#432 = ORIENTED_EDGE ( 'NONE', *, *, #2701, .T. ) ;
#433 = MECHANICAL_DESIGN_GEOMETRIC_PRESENTATION_REPRESENTATION (  '', ( #1529 ), #491 ) ;
#434 =( GEOMETRIC_REPRESENTATION_CONTEXT ( 3 ) GLOBAL_UNCERTAINTY_ASSIGNED_CONTEXT ( ( #871 ) ) GLOBAL_UNIT_ASSIGNED_CONTEXT ( ( #519, #255, #2671 ) ) REPRESENTATION_CONTEXT ( 'NONE', 'WORKASPACE' ) );
#435 = ADVANCED_FACE ( 'NONE', ( #2688 ), #258, .F. ) ;
#436 = ORIENTED_EDGE ( 'NONE', *, *, #1082, .T. ) ;
#437 = ADVANCED_FACE ( 'NONE', ( #1087 ), #3189, .T. ) ;
#438 = ORIENTED_EDGE ( 'NONE', *, *, #597, .F. ) ;
#439 = PRESENTATION_LAYER_ASSIGNMENT (  '', '', ( #2715 ) ) ;
#440 = COLOUR_RGB ( '',0.6666666666666666297, 0.6980392156862744724, 0.7686274509803920907 ) ;
#441 = CARTESIAN_POINT ( 'NONE',  ( -1.385282743851217191, -0.8578503934364416494, 1.952832998645262830 ) ) ;
#442 = LINE ( 'NONE', #1283, #396 ) ;
#443 = AXIS2_PLACEMENT_3D ( 'NONE', #528, #1860, #2342 ) ;
#444 = DIRECTION ( 'NONE',  ( 0.000000000000000000, -0.000000000000000000, 1.000000000000000000 ) ) ;
#445 = CARTESIAN_POINT ( 'NONE',  ( 0.6350000000000000089, -0.09999999999999997780, 2.500479963607662004 ) ) ;
#446 = ORIENTED_EDGE ( 'NONE', *, *, #2798, .F. ) ;
#447 = COLOUR_RGB ( '',0.2980392156862745057, 0.2980392156862745057, 0.2980392156862745057 ) ;
#448 = CARTESIAN_POINT ( 'NONE',  ( -0.6349999999999998979, -0.9169264188335763954, 3.099520036392338529 ) ) ;
#449 =( NAMED_UNIT ( * ) SI_UNIT ( $, .STERADIAN. ) SOLID_ANGLE_UNIT ( ) );
#450 = UNCERTAINTY_MEASURE_WITH_UNIT (LENGTH_MEASURE( 1.000000000000000082E-05 ), #1741, 'distance_accuracy_value', 'NONE');
#451 =( NAMED_UNIT ( * ) SI_UNIT ( $, .STERADIAN. ) SOLID_ANGLE_UNIT ( ) );
#452 = CARTESIAN_POINT ( 'NONE',  ( 1.035000000000000142, -0.7735166120661184364, -2.907693161242103308 ) ) ;
#453 = DIRECTION ( 'NONE',  ( 0.000000000000000000, 0.000000000000000000, 1.000000000000000000 ) ) ;
#454 = VERTEX_POINT ( 'NONE', #311 ) ;
#455 = FILL_AREA_STYLE_COLOUR ( '', #1615 ) ;
#456 = ORIENTED_EDGE ( 'NONE', *, *, #817, .T. ) ;
#457 = CARTESIAN_POINT ( 'NONE',  ( 1.385282743851216303, -0.8578503934364415384, -1.960282743851216480 ) ) ;
#458 = CARTESIAN_POINT ( 'NONE',  ( -0.6349999999999998979, -1.116926418833576351, -2.950000000000000622 ) ) ;
#459 = CIRCLE ( 'NONE', #1553, 0.2000000000000000944 ) ;
#460 = MECHANICAL_DESIGN_GEOMETRIC_PRESENTATION_REPRESENTATION (  '', ( #3010 ), #920 ) ;
#461 = SURFACE_SIDE_STYLE ('',( #3101 ) ) ;
#462 = EDGE_CURVE ( 'NONE', #3253, #2580, #2524, .T. ) ;
#463 = DIRECTION ( 'NONE',  ( -0.000000000000000000, 1.000000000000000000, 0.000000000000000000 ) ) ;
#464 = CLOSED_SHELL ( 'NONE', ( #827, #1575, #564, #1956, #2344, #2016, #1153, #916, #133, #857, #2431, #2435, #776, #1237, #2092, #2271, #435, #966, #2946, #1292, #3140, #2069, #2871, #322, #110, #2976, #2057, #3394, #2162, #2664, #1401, #1630, #3321, #2545, #921, #2992, #2644, #2488, #2276, #2916, #276, #3416, #928, #3376, #2230, #2498, #1749, #3419, #1271, #329, #724, #2217, #3370, #1605, #1744, #3022, #3313, #812, #1733, #3192, #437, #612, #2466, #729, #969, #3066, #1702, #2154, #3100, #1875, #1441, #3238, #1821, #2097, #1763, #2540, #1976, #177 ) ) ;
#465 = FILL_AREA_STYLE ('',( #1794 ) ) ;
#466 = ORIENTED_EDGE ( 'NONE', *, *, #3218, .F. ) ;
#467 = CARTESIAN_POINT ( 'NONE',  ( 1.377832998645261764, -1.000000000000000000, -1.810488313638030533 ) ) ;
#468 =( NAMED_UNIT ( * ) PLANE_ANGLE_UNIT ( ) SI_UNIT ( $, .RADIAN. ) );
#469 = PLANE ( 'NONE',  #443 ) ;
#470 = LINE ( 'NONE', #1295, #3037 ) ;
#471 =( GEOMETRIC_REPRESENTATION_CONTEXT ( 3 ) GLOBAL_UNCERTAINTY_ASSIGNED_CONTEXT ( ( #2315 ) ) GLOBAL_UNIT_ASSIGNED_CONTEXT ( ( #1551, #468, #449 ) ) REPRESENTATION_CONTEXT ( 'NONE', 'WORKASPACE' ) );
#472 = PRESENTATION_STYLE_ASSIGNMENT (( #1336 ) ) ;
#473 = EDGE_CURVE ( 'NONE', #2135, #1489, #2239, .T. ) ;
#474 = AXIS2_PLACEMENT_3D ( 'NONE', #2156, #482, #1618 ) ;
#475 = SURFACE_STYLE_USAGE ( .BOTH. , #3485 ) ;
#476 = EDGE_LOOP ( 'NONE', ( #1779, #3389, #1736, #2783 ) ) ;
#477 = CARTESIAN_POINT ( 'NONE',  ( 1.035000000000000142, -0.1000000000000000056, -1.999999999999999556 ) ) ;
#478 = AXIS2_PLACEMENT_3D ( 'NONE', #686, #3106, #1721 ) ;
#479 = COLOUR_RGB ( '',0.6666666666666666297, 0.6980392156862744724, 0.7686274509803920907 ) ;
#480 = CARTESIAN_POINT ( 'NONE',  ( 0.6350000000000000089, -0.9169264188335763954, -3.099520036392338529 ) ) ;
#481 = EDGE_CURVE ( 'NONE', #1594, #1655, #2482, .T. ) ;
#482 = DIRECTION ( 'NONE',  ( 0.000000000000000000, -1.000000000000000000, 0.000000000000000000 ) ) ;
#483 = ORIENTED_EDGE ( 'NONE', *, *, #462, .F. ) ;
#484 = SURFACE_STYLE_FILL_AREA ( #232 ) ;
#485 = CYLINDRICAL_SURFACE ( 'NONE', #769, 0.1499999999999999667 ) ;
#486 = UNCERTAINTY_MEASURE_WITH_UNIT (LENGTH_MEASURE( 1.000000000000000082E-05 ), #1652, 'distance_accuracy_value', 'NONE');
#487 = CYLINDRICAL_SURFACE ( 'NONE', #678, 0.2000000000000000944 ) ;
#488 = COLOUR_RGB ( '',0.6666666666666666297, 0.6980392156862744724, 0.7686274509803920907 ) ;
#489 =( NAMED_UNIT ( * ) PLANE_ANGLE_UNIT ( ) SI_UNIT ( $, .RADIAN. ) );
#490 = FILL_AREA_STYLE ('',( #2346 ) ) ;
#491 =( GEOMETRIC_REPRESENTATION_CONTEXT ( 3 ) GLOBAL_UNCERTAINTY_ASSIGNED_CONTEXT ( ( #2930 ) ) GLOBAL_UNIT_ASSIGNED_CONTEXT ( ( #3036, #1140, #837 ) ) REPRESENTATION_CONTEXT ( 'NONE', 'WORKASPACE' ) );
#492 = CARTESIAN_POINT ( 'NONE',  ( 1.035000000000000142, -0.04340980676745784250, -2.692306838757896337 ) ) ;
#493 = ORIENTED_EDGE ( 'NONE', *, *, #3383, .T. ) ;
#494 = AXIS2_PLACEMENT_3D ( 'NONE', #3489, #24, #1371 ) ;
#495 = SURFACE_STYLE_USAGE ( .BOTH. , #2651 ) ;
#496 = ORIENTED_EDGE ( 'NONE', *, *, #3422, .F. ) ;
#497 =( BOUNDED_CURVE ( )  B_SPLINE_CURVE ( 3, ( #778, #1856, #2917, #2941 ),
 .UNSPECIFIED., .F., .T. ) 
 B_SPLINE_CURVE_WITH_KNOTS ( ( 4, 4 ),
 ( 3.193952531149622409, 4.712388980384687898 ),
 .UNSPECIFIED. ) 
 CURVE ( )  GEOMETRIC_REPRESENTATION_ITEM ( )  RATIONAL_B_SPLINE_CURVE ( ( 1.000000000000000000, 0.8169162473415252368, 0.8169162473415252368, 1.000000000000000000 ) ) 
 REPRESENTATION_ITEM ( '' )  );
#498 = DIRECTION ( 'NONE',  ( -1.084202172485504434E-16, -0.000000000000000000, -1.000000000000000000 ) ) ;
#499 = COLOUR_RGB ( '',0.6666666666666666297, 0.6980392156862744724, 0.7686274509803920907 ) ;
#500 = PRESENTATION_STYLE_ASSIGNMENT (( #2140 ) ) ;
#501 = FACE_OUTER_BOUND ( 'NONE', #1199, .T. ) ;
#502 = EDGE_CURVE ( 'NONE', #2182, #2811, #1915, .T. ) ;
#503 = VECTOR ( 'NONE', #2500, 1000.000000000000000 ) ;
#504 = FACE_OUTER_BOUND ( 'NONE', #2415, .T. ) ;
#505 = MECHANICAL_DESIGN_GEOMETRIC_PRESENTATION_REPRESENTATION (  '', ( #3119 ), #2544 ) ;
#506 = PRESENTATION_STYLE_ASSIGNMENT (( #2127 ) ) ;
#507 = ORIENTED_EDGE ( 'NONE', *, *, #1853, .F. ) ;
#508 = AXIS2_PLACEMENT_3D ( 'NONE', #3237, #1889, #2963 ) ;
#509 =( LENGTH_UNIT ( ) NAMED_UNIT ( * ) SI_UNIT ( .MILLI., .METRE. ) );
#510 = DIRECTION ( 'NONE',  ( 0.000000000000000000, 0.000000000000000000, 1.000000000000000000 ) ) ;
#511 = EDGE_CURVE ( 'NONE', #3249, #3375, #2708, .T. ) ;
#512 = ORIENTED_EDGE ( 'NONE', *, *, #343, .T. ) ;
#513 = MECHANICAL_DESIGN_GEOMETRIC_PRESENTATION_REPRESENTATION (  '', ( #1764 ), #968 ) ;
#514 = EDGE_CURVE ( 'NONE', #2634, #2229, #2205, .T. ) ;
#515 = LINE ( 'NONE', #2680, #2456 ) ;
#516 = ORIENTED_EDGE ( 'NONE', *, *, #2559, .T. ) ;
#517 = FACE_OUTER_BOUND ( 'NONE', #3083, .T. ) ;
#518 = ORIENTED_EDGE ( 'NONE', *, *, #3070, .F. ) ;
#519 =( LENGTH_UNIT ( ) NAMED_UNIT ( * ) SI_UNIT ( .MILLI., .METRE. ) );
#520 = STYLED_ITEM ( 'NONE', ( #1990 ), #1630 ) ;
#521 = DIRECTION ( 'NONE',  ( 1.000000000000000000, 0.000000000000000000, -0.000000000000000000 ) ) ;
#522 = DIRECTION ( 'NONE',  ( 0.000000000000000000, 0.000000000000000000, 1.000000000000000000 ) ) ;
#523 = MECHANICAL_DESIGN_GEOMETRIC_PRESENTATION_REPRESENTATION (  '', ( #2733 ), #2096 ) ;
#524 =( NAMED_UNIT ( * ) SI_UNIT ( $, .STERADIAN. ) SOLID_ANGLE_UNIT ( ) );
#525 = EDGE_LOOP ( 'NONE', ( #2631, #108, #2943, #531 ) ) ;
#526 = PRESENTATION_LAYER_ASSIGNMENT (  '', '', ( #923 ) ) ;
#527 = UNCERTAINTY_MEASURE_WITH_UNIT (LENGTH_MEASURE( 1.000000000000000082E-05 ), #2407, 'distance_accuracy_value', 'NONE');
#528 = CARTESIAN_POINT ( 'NONE',  ( 0.6350000000000000089, -0.2999999999999999889, -2.350959927215324097 ) ) ;
#529 = FILL_AREA_STYLE_COLOUR ( '', #3358 ) ;
#530 = STYLED_ITEM ( 'NONE', ( #10 ), #857 ) ;
#531 = ORIENTED_EDGE ( 'NONE', *, *, #2102, .T. ) ;
#532 = ORIENTED_EDGE ( 'NONE', *, *, #2621, .T. ) ;
#533 = VECTOR ( 'NONE', #901, 1000.000000000000000 ) ;
#534 = CARTESIAN_POINT ( 'NONE',  ( 1.235488313638030355, 1.000000000000000000, -1.810488313638030533 ) ) ;
#535 = COLOUR_RGB ( '',0.2980392156862745057, 0.2980392156862745057, 0.2980392156862745057 ) ;
#536 = DIRECTION ( 'NONE',  ( -1.000000000000000000, -0.000000000000000000, -0.000000000000000000 ) ) ;
#537 = COLOUR_RGB ( '',0.2980392156862745057, 0.2980392156862745057, 0.2980392156862745057 ) ;
#538 = ORIENTED_EDGE ( 'NONE', *, *, #1853, .T. ) ;
#539 = DIRECTION ( 'NONE',  ( 0.000000000000000000, -0.9591343757511695545, 0.2829509661627160333 ) ) ;
#540 = LINE ( 'NONE', #1634, #2486 ) ;
#541 = FILL_AREA_STYLE ('',( #1398 ) ) ;
#542 = FILL_AREA_STYLE ('',( #529 ) ) ;
#543 = PRESENTATION_LAYER_ASSIGNMENT (  '', '', ( #887 ) ) ;
#544 = SURFACE_SIDE_STYLE ('',( #3006 ) ) ;
#545 = ORIENTED_EDGE ( 'NONE', *, *, #870, .F. ) ;
#546 = EDGE_CURVE ( 'NONE', #41, #3401, #1930, .T. ) ;
#547 = ORIENTED_EDGE ( 'NONE', *, *, #134, .T. ) ;
#548 = CARTESIAN_POINT ( 'NONE',  ( -1.235488313638031688, -1.000000000000000000, -1.810488313638030533 ) ) ;
#549 = EDGE_CURVE ( 'NONE', #1603, #1680, #960, .T. ) ;
#550 = ORIENTED_EDGE ( 'NONE', *, *, #890, .F. ) ;
#551 = EDGE_CURVE ( 'NONE', #2960, #308, #1948, .T. ) ;
#552 = DIRECTION ( 'NONE',  ( 0.000000000000000000, -1.000000000000000000, 0.000000000000000000 ) ) ;
#553 = DIRECTION ( 'NONE',  ( 1.000000000000000000, 0.000000000000000000, 0.000000000000000000 ) ) ;
#554 = ORIENTED_EDGE ( 'NONE', *, *, #1099, .T. ) ;
#555 = FILL_AREA_STYLE_COLOUR ( '', #964 ) ;
#556 = EDGE_CURVE ( 'NONE', #3019, #1116, #2994, .T. ) ;
#557 = CARTESIAN_POINT ( 'NONE',  ( 1.035000000000000142, 0.1000000000000000056, -2.500479963607661116 ) ) ;
#558 =( GEOMETRIC_REPRESENTATION_CONTEXT ( 3 ) GLOBAL_UNCERTAINTY_ASSIGNED_CONTEXT ( ( #3348 ) ) GLOBAL_UNIT_ASSIGNED_CONTEXT ( ( #1559, #1227, #2860 ) ) REPRESENTATION_CONTEXT ( 'NONE', 'WORKASPACE' ) );
#559 = DIRECTION ( 'NONE',  ( 0.000000000000000000, 1.000000000000000000, 0.000000000000000000 ) ) ;
#560 = PRESENTATION_STYLE_ASSIGNMENT (( #2967 ) ) ;
#561 = PRESENTATION_STYLE_ASSIGNMENT (( #2988 ) ) ;
#562 = ORIENTED_EDGE ( 'NONE', *, *, #1026, .F. ) ;
#563 = ORIENTED_EDGE ( 'NONE', *, *, #2808, .F. ) ;
#564 = ADVANCED_FACE ( 'NONE', ( #1730 ), #2804, .T. ) ;
#565 = FILL_AREA_STYLE_COLOUR ( '', #3050 ) ;
#566 = PLANE ( 'NONE',  #3407 ) ;
#567 =( NAMED_UNIT ( * ) PLANE_ANGLE_UNIT ( ) SI_UNIT ( $, .RADIAN. ) );
#568 = ORIENTED_EDGE ( 'NONE', *, *, #1034, .T. ) ;
#569 =( LENGTH_UNIT ( ) NAMED_UNIT ( * ) SI_UNIT ( .MILLI., .METRE. ) );
#570 = MECHANICAL_DESIGN_GEOMETRIC_PRESENTATION_REPRESENTATION (  '', ( #691 ), #1031 ) ;
#571 = PLANE ( 'NONE',  #575 ) ;
#572 = AXIS2_PLACEMENT_3D ( 'NONE', #3367, #2246, #1737 ) ;
#573 = CARTESIAN_POINT ( 'NONE',  ( -1.034999999999999698, 0.1000000000000000056, -1.999999999999999556 ) ) ;
#574 = CARTESIAN_POINT ( 'NONE',  ( 1.385282743851216747, 0.8578503934364415384, 1.960282743851217369 ) ) ;
#575 = AXIS2_PLACEMENT_3D ( 'NONE', #353, #626, #331 ) ;
#576 = VECTOR ( 'NONE', #2560, 1000.000000000000000 ) ;
#577 = PRESENTATION_STYLE_ASSIGNMENT (( #1959 ) ) ;
#578 = ORIENTED_EDGE ( 'NONE', *, *, #662, .T. ) ;
#579 = ORIENTED_EDGE ( 'NONE', *, *, #2615, .F. ) ;
#580 = VECTOR ( 'NONE', #1406, 1000.000000000000000 ) ;
#581 = CARTESIAN_POINT ( 'NONE',  ( -1.425000000000000266, 0.1000000000000000056, 2.000000000000000444 ) ) ;
#582 = UNCERTAINTY_MEASURE_WITH_UNIT (LENGTH_MEASURE( 1.000000000000000082E-05 ), #3425, 'distance_accuracy_value', 'NONE');
#583 = VECTOR ( 'NONE', #1723, 1000.000000000000000 ) ;
#584 = ORIENTED_EDGE ( 'NONE', *, *, #3183, .T. ) ;
#585 = FILL_AREA_STYLE ('',( #360 ) ) ;
#586 = PRESENTATION_STYLE_ASSIGNMENT (( #74 ) ) ;
#587 = STYLED_ITEM ( 'NONE', ( #121 ), #2871 ) ;
#588 = LINE ( 'NONE', #1677, #3021 ) ;
#589 = FACE_OUTER_BOUND ( 'NONE', #3116, .T. ) ;
#590 = EDGE_CURVE ( 'NONE', #23, #3249, #172, .T. ) ;
#591 = MECHANICAL_DESIGN_GEOMETRIC_PRESENTATION_REPRESENTATION (  '', ( #3024 ), #1892 ) ;
#592 = DIRECTION ( 'NONE',  ( -1.000000000000000000, -0.000000000000000000, -0.000000000000000000 ) ) ;
#593 = ORIENTED_EDGE ( 'NONE', *, *, #1562, .T. ) ;
#594 = LINE ( 'NONE', #62, #2948 ) ;
#595 = AXIS2_PLACEMENT_3D ( 'NONE', #1637, #1893, #3307 ) ;
#596 = LINE ( 'NONE', #3285, #1478 ) ;
#597 = EDGE_CURVE ( 'NONE', #454, #3341, #753, .T. ) ;
#598 = CARTESIAN_POINT ( 'NONE',  ( 1.035000000000000142, -0.7735166120661184364, -2.907693161242103308 ) ) ;
#599 = DIRECTION ( 'NONE',  ( -1.000000000000000000, -0.000000000000000000, -0.000000000000000000 ) ) ;
#600 = SURFACE_SIDE_STYLE ('',( #305 ) ) ;
#601 = ORIENTED_EDGE ( 'NONE', *, *, #556, .F. ) ;
#602 = LINE ( 'NONE', #3009, #3220 ) ;
#603 = PRESENTATION_LAYER_ASSIGNMENT (  '', '', ( #2287 ) ) ;
#604 = FACE_OUTER_BOUND ( 'NONE', #720, .T. ) ;
#605 = PRESENTATION_LAYER_ASSIGNMENT (  '', '', ( #2480 ) ) ;
#606 = ORIENTED_EDGE ( 'NONE', *, *, #1445, .T. ) ;
#607 =( GEOMETRIC_REPRESENTATION_CONTEXT ( 3 ) GLOBAL_UNCERTAINTY_ASSIGNED_CONTEXT ( ( #1873 ) ) GLOBAL_UNIT_ASSIGNED_CONTEXT ( ( #323, #854, #1706 ) ) REPRESENTATION_CONTEXT ( 'NONE', 'WORKASPACE' ) );
#608 = CARTESIAN_POINT ( 'NONE',  ( -0.6349999999999998979, -0.2434098067674578258, -2.542786802365558430 ) ) ;
#609 = DIRECTION ( 'NONE',  ( 0.000000000000000000, 0.000000000000000000, -1.000000000000000000 ) ) ;
#610 = FILL_AREA_STYLE_COLOUR ( '', #2106 ) ;
#611 =( NAMED_UNIT ( * ) SI_UNIT ( $, .STERADIAN. ) SOLID_ANGLE_UNIT ( ) );
#612 = ADVANCED_FACE ( 'NONE', ( #1822 ), #1998, .F. ) ;
#613 =( NAMED_UNIT ( * ) PLANE_ANGLE_UNIT ( ) SI_UNIT ( $, .RADIAN. ) );
#614 = VERTEX_POINT ( 'NONE', #3468 ) ;
#615 = STYLED_ITEM ( 'NONE', ( #689 ), #3066 ) ;
#616 = MECHANICAL_DESIGN_GEOMETRIC_PRESENTATION_REPRESENTATION (  '', ( #2084 ), #3387 ) ;
#617 = UNCERTAINTY_MEASURE_WITH_UNIT (LENGTH_MEASURE( 1.000000000000000082E-05 ), #1982, 'distance_accuracy_value', 'NONE');
#618 = CARTESIAN_POINT ( 'NONE',  ( -0.6349999999999998979, -0.04340980676745784250, -2.692306838757896337 ) ) ;
#619 = AXIS2_PLACEMENT_3D ( 'NONE', #3388, #138, #1971 ) ;
#620 = PRESENTATION_STYLE_ASSIGNMENT (( #1690 ) ) ;
#621 = CARTESIAN_POINT ( 'NONE',  ( -1.385282743851217635, 0.8578503934364415384, -1.960282743851216480 ) ) ;
#622 = UNCERTAINTY_MEASURE_WITH_UNIT (LENGTH_MEASURE( 1.000000000000000082E-05 ), #2475, 'distance_accuracy_value', 'NONE');
#623 = CARTESIAN_POINT ( 'NONE',  ( 1.035000000000000142, -0.7735166120661184364, 2.907693161242103308 ) ) ;
#624 = ORIENTED_EDGE ( 'NONE', *, *, #1125, .F. ) ;
#625 = SURFACE_STYLE_FILL_AREA ( #156 ) ;
#626 = DIRECTION ( 'NONE',  ( -1.000000000000000000, 0.000000000000000000, 1.084202172485504434E-16 ) ) ;
#627 = CARTESIAN_POINT ( 'NONE',  ( 0.6350000000000000089, -0.9169264188335763954, 3.099520036392338529 ) ) ;
#628 =( LENGTH_UNIT ( ) NAMED_UNIT ( * ) SI_UNIT ( .MILLI., .METRE. ) );
#629 = PRESENTATION_LAYER_ASSIGNMENT (  '', '', ( #174 ) ) ;
#630 = SURFACE_STYLE_FILL_AREA ( #1432 ) ;
#631 = CARTESIAN_POINT ( 'NONE',  ( -0.6349999999999998979, -1.116926418833576351, 2.950000000000000622 ) ) ;
#632 = FACE_OUTER_BOUND ( 'NONE', #2660, .T. ) ;
#633 = ORIENTED_EDGE ( 'NONE', *, *, #292, .F. ) ;
#634 =( GEOMETRIC_REPRESENTATION_CONTEXT ( 3 ) GLOBAL_UNCERTAINTY_ASSIGNED_CONTEXT ( ( #2322 ) ) GLOBAL_UNIT_ASSIGNED_CONTEXT ( ( #509, #1588, #2144 ) ) REPRESENTATION_CONTEXT ( 'NONE', 'WORKASPACE' ) );
#635 = SURFACE_SIDE_STYLE ('',( #1137 ) ) ;
#636 = VECTOR ( 'NONE', #1293, 1000.000000000000114 ) ;
#637 = FACE_OUTER_BOUND ( 'NONE', #939, .T. ) ;
#638 = DIRECTION ( 'NONE',  ( -1.000000000000000000, -0.000000000000000000, -0.000000000000000000 ) ) ;
#639 = SURFACE_STYLE_USAGE ( .BOTH. , #3098 ) ;
#640 = VECTOR ( 'NONE', #1110, 1000.000000000000000 ) ;
#641 = CARTESIAN_POINT ( 'NONE',  ( -1.034999999999999920, -1.116926418833576351, -3.500000000000000000 ) ) ;
#642 = LINE ( 'NONE', #1394, #2224 ) ;
#643 = ORIENTED_EDGE ( 'NONE', *, *, #1303, .T. ) ;
#644 = CIRCLE ( 'NONE', #1333, 0.2000000000000000944 ) ;
#645 = PRESENTATION_STYLE_ASSIGNMENT (( #1986 ) ) ;
#646 = VECTOR ( 'NONE', #1773, 1000.000000000000000 ) ;
#647 = PRESENTATION_STYLE_ASSIGNMENT (( #2551 ) ) ;
#648 = EDGE_LOOP ( 'NONE', ( #67, #3465, #2652, #2602 ) ) ;
#649 =( NAMED_UNIT ( * ) SI_UNIT ( $, .STERADIAN. ) SOLID_ANGLE_UNIT ( ) );
#650 = VECTOR ( 'NONE', #592, 1000.000000000000000 ) ;
#651 = FACE_OUTER_BOUND ( 'NONE', #2370, .T. ) ;
#652 = SURFACE_STYLE_FILL_AREA ( #3142 ) ;
#653 = ORIENTED_EDGE ( 'NONE', *, *, #1910, .F. ) ;
#654 = CARTESIAN_POINT ( 'NONE',  ( -0.6349999999999998979, -0.09999999999999997780, -2.500479963607662004 ) ) ;
#655 = EDGE_CURVE ( 'NONE', #3401, #1537, #1504, .T. ) ;
#656 = ORIENTED_EDGE ( 'NONE', *, *, #1505, .F. ) ;
#657 = SURFACE_SIDE_STYLE ('',( #2874 ) ) ;
#658 = DIRECTION ( 'NONE',  ( 0.000000000000000000, -0.2829509661627160333, 0.9591343757511695545 ) ) ;
#659 = EDGE_CURVE ( 'NONE', #2183, #1051, #2809, .T. ) ;
#660 = CARTESIAN_POINT ( 'NONE',  ( 0.6350000000000000089, -1.116926418833576351, 3.500000000000000000 ) ) ;
#661 = UNCERTAINTY_MEASURE_WITH_UNIT (LENGTH_MEASURE( 1.000000000000000082E-05 ), #3443, 'distance_accuracy_value', 'NONE');
#662 = EDGE_CURVE ( 'NONE', #1495, #1879, #191, .T. ) ;
#663 = COLOUR_RGB ( '',0.7921568627450980005, 0.8196078431372548767, 0.9333333333333333481 ) ;
#664 = FACE_OUTER_BOUND ( 'NONE', #2778, .T. ) ;
#665 = PRESENTATION_STYLE_ASSIGNMENT (( #1210 ) ) ;
#666 = SURFACE_SIDE_STYLE ('',( #912 ) ) ;
#667 = VECTOR ( 'NONE', #2938, 1000.000000000000000 ) ;
#668 = FILL_AREA_STYLE_COLOUR ( '', #982 ) ;
#669 = VERTEX_POINT ( 'NONE', #332 ) ;
#670 = SURFACE_STYLE_USAGE ( .BOTH. , #3340 ) ;
#671 = CARTESIAN_POINT ( 'NONE',  ( 1.035000000000000142, -0.09999999999999997780, -2.500479963607662004 ) ) ;
#672 = SURFACE_SIDE_STYLE ('',( #652 ) ) ;
#673 = ORIENTED_EDGE ( 'NONE', *, *, #2491, .F. ) ;
#674 =( LENGTH_UNIT ( ) NAMED_UNIT ( * ) SI_UNIT ( .MILLI., .METRE. ) );
#675 = VECTOR ( 'NONE', #967, 1000.000000000000114 ) ;
#676 =( LENGTH_UNIT ( ) NAMED_UNIT ( * ) SI_UNIT ( .MILLI., .METRE. ) );
#677 = EDGE_LOOP ( 'NONE', ( #832, #1850, #1628, #1827 ) ) ;
#678 = AXIS2_PLACEMENT_3D ( 'NONE', #1077, #3023, #860 ) ;
#679 =( LENGTH_UNIT ( ) NAMED_UNIT ( * ) SI_UNIT ( .MILLI., .METRE. ) );
#680 =( NAMED_UNIT ( * ) PLANE_ANGLE_UNIT ( ) SI_UNIT ( $, .RADIAN. ) );
#681 = LINE ( 'NONE', #2353, #2766 ) ;
#682 = PRESENTATION_LAYER_ASSIGNMENT (  '', '', ( #2195 ) ) ;
#683 = FACE_OUTER_BOUND ( 'NONE', #1016, .T. ) ;
#684 = SURFACE_STYLE_USAGE ( .BOTH. , #2568 ) ;
#685 = ORIENTED_EDGE ( 'NONE', *, *, #1806, .T. ) ;
#686 = CARTESIAN_POINT ( 'NONE',  ( 1.035000000000000142, -0.2999999999999999889, 2.350959927215324097 ) ) ;
#687 = FACE_OUTER_BOUND ( 'NONE', #697, .T. ) ;
#688 = CARTESIAN_POINT ( 'NONE',  ( -0.6349999999999998979, -0.1000000000000000056, 1.999999999999999556 ) ) ;
#689 = PRESENTATION_STYLE_ASSIGNMENT (( #2870 ) ) ;
#690 = ORIENTED_EDGE ( 'NONE', *, *, #1806, .F. ) ;
#691 = STYLED_ITEM ( 'NONE', ( #1044 ), #1702 ) ;
#692 =( NAMED_UNIT ( * ) PLANE_ANGLE_UNIT ( ) SI_UNIT ( $, .RADIAN. ) );
#693 = CYLINDRICAL_SURFACE ( 'NONE', #1793, 0.2000000000000000944 ) ;
#694 = PRESENTATION_LAYER_ASSIGNMENT (  '', '', ( #2206 ) ) ;
#695 =( NAMED_UNIT ( * ) PLANE_ANGLE_UNIT ( ) SI_UNIT ( $, .RADIAN. ) );
#696 =( NAMED_UNIT ( * ) PLANE_ANGLE_UNIT ( ) SI_UNIT ( $, .RADIAN. ) );
#697 = EDGE_LOOP ( 'NONE', ( #795, #789, #1671, #2714 ) ) ;
#698 = AXIS2_PLACEMENT_3D ( 'NONE', #1015, #2889, #2935 ) ;
#699 = PRESENTATION_LAYER_ASSIGNMENT (  '', '', ( #3294 ) ) ;
#700 = UNCERTAINTY_MEASURE_WITH_UNIT (LENGTH_MEASURE( 1.000000000000000082E-05 ), #1128, 'distance_accuracy_value', 'NONE');
#701 = VECTOR ( 'NONE', #1973, 1000.000000000000000 ) ;
#702 = AXIS2_PLACEMENT_3D ( 'NONE', #1549, #3234, #162 ) ;
#703 = LINE ( 'NONE', #1791, #2567 ) ;
#704 = EDGE_CURVE ( 'NONE', #1024, #707, #829, .T. ) ;
#705 = PRESENTATION_LAYER_ASSIGNMENT (  '', '', ( #2516 ) ) ;
#706 = DIRECTION ( 'NONE',  ( 0.000000000000000000, 1.000000000000000000, 0.000000000000000000 ) ) ;
#707 = VERTEX_POINT ( 'NONE', #573 ) ;
#708 = FACE_OUTER_BOUND ( 'NONE', #238, .T. ) ;
#709 = SURFACE_SIDE_STYLE ('',( #2301 ) ) ;
#710 = EDGE_CURVE ( 'NONE', #5, #1001, #1130, .T. ) ;
#711 = CARTESIAN_POINT ( 'NONE',  ( -1.034999999999999920, -0.9169264188335762844, -3.500000000000000000 ) ) ;
#712 = UNCERTAINTY_MEASURE_WITH_UNIT (LENGTH_MEASURE( 1.000000000000000082E-05 ), #1701, 'distance_accuracy_value', 'NONE');
#713 = VERTEX_POINT ( 'NONE', #598 ) ;
#714 = STYLED_ITEM ( 'NONE', ( #3145 ), #2431 ) ;
#715 = DIRECTION ( 'NONE',  ( -1.000000000000000000, -0.000000000000000000, -0.000000000000000000 ) ) ;
#716 = APPLICATION_CONTEXT ( 'automotive_design' ) ;
#717 = COLOUR_RGB ( '',0.6666666666666666297, 0.6980392156862744724, 0.7686274509803920907 ) ;
#718 = APPLICATION_PROTOCOL_DEFINITION ( 'draft international standard', 'automotive_design', 1998, #716 ) ;
#719 = CARTESIAN_POINT ( 'NONE',  ( -0.6349999999999998979, -0.2999999999999999889, 2.350959927215324097 ) ) ;
#720 = EDGE_LOOP ( 'NONE', ( #2952, #1954, #3357, #1694 ) ) ;
#721 = DIRECTION ( 'NONE',  ( 0.000000000000000000, -1.000000000000000000, 0.000000000000000000 ) ) ;
#722 = EDGE_CURVE ( 'NONE', #1895, #1024, #315, .T. ) ;
#723 = CARTESIAN_POINT ( 'NONE',  ( -0.6349999999999998979, -0.9169264188335763954, -2.949999999999999734 ) ) ;
#724 = ADVANCED_FACE ( 'NONE', ( #1431 ), #1148, .F. ) ;
#725 = EDGE_LOOP ( 'NONE', ( #1331, #252, #55, #1014 ) ) ;
#726 = VECTOR ( 'NONE', #2367, 1000.000000000000114 ) ;
#727 = SURFACE_STYLE_FILL_AREA ( #2662 ) ;
#728 = LINE ( 'NONE', #3378, #2984 ) ;
#729 = ADVANCED_FACE ( 'NONE', ( #303 ), #2965, .F. ) ;
#730 =( NAMED_UNIT ( * ) PLANE_ANGLE_UNIT ( ) SI_UNIT ( $, .RADIAN. ) );
#731 = ORIENTED_EDGE ( 'NONE', *, *, #1996, .T. ) ;
#732 = EDGE_CURVE ( 'NONE', #3057, #2182, #2328, .T. ) ;
#733 = LINE ( 'NONE', #1005, #1685 ) ;
#734 = SURFACE_STYLE_FILL_AREA ( #1894 ) ;
#735 = COLOUR_RGB ( '',0.6666666666666666297, 0.6980392156862744724, 0.7686274509803920907 ) ;
#736 = SURFACE_STYLE_USAGE ( .BOTH. , #461 ) ;
#737 = CARTESIAN_POINT ( 'NONE',  ( 1.035000000000000142, -0.09999999999999990841, -2.350959927215323209 ) ) ;
#738 = CIRCLE ( 'NONE', #1182, 0.2000000000000000944 ) ;
#739 = SURFACE_STYLE_USAGE ( .BOTH. , #3154 ) ;
#740 = ORIENTED_EDGE ( 'NONE', *, *, #1493, .T. ) ;
#741 =( GEOMETRIC_REPRESENTATION_CONTEXT ( 3 ) GLOBAL_UNCERTAINTY_ASSIGNED_CONTEXT ( ( #2503 ) ) GLOBAL_UNIT_ASSIGNED_CONTEXT ( ( #2624, #3400, #2074 ) ) REPRESENTATION_CONTEXT ( 'NONE', 'WORKASPACE' ) );
#742 = CARTESIAN_POINT ( 'NONE',  ( -1.425000000000000711, -0.1000000000000000056, -1.999999999999999556 ) ) ;
#743 = UNCERTAINTY_MEASURE_WITH_UNIT (LENGTH_MEASURE( 1.000000000000000082E-05 ), #1452, 'distance_accuracy_value', 'NONE');
#744 = DIRECTION ( 'NONE',  ( -1.000000000000000000, -0.000000000000000000, -0.000000000000000000 ) ) ;
#745 = LINE ( 'NONE', #452, #2448 ) ;
#746 = PRESENTATION_STYLE_ASSIGNMENT (( #1276 ) ) ;
#747 = CARTESIAN_POINT ( 'NONE',  ( 1.035000000000000142, -0.2999999999999999889, -2.350959927215324097 ) ) ;
#748 =( LENGTH_UNIT ( ) NAMED_UNIT ( * ) SI_UNIT ( .MILLI., .METRE. ) );
#749 = ORIENTED_EDGE ( 'NONE', *, *, #2313, .F. ) ;
#750 = DIRECTION ( 'NONE',  ( 0.000000000000000000, -0.9986295347545739443, 0.05233595624294388321 ) ) ;
#751 = EDGE_LOOP ( 'NONE', ( #1243, #1580, #1241, #2111, #330, #3114, #1516, #1897, #190, #1774, #2245, #1978 ) ) ;
#752 = CARTESIAN_POINT ( 'NONE',  ( -1.380872781989108233, -0.9419974785150239116, -1.955872781989107079 ) ) ;
#753 =( BOUNDED_CURVE ( )  B_SPLINE_CURVE ( 3, ( #457, #137, #102, #2561 ),
 .UNSPECIFIED., .F., .T. ) 
 B_SPLINE_CURVE_WITH_KNOTS ( ( 4, 4 ),
 ( 0.05235987755982948744, 1.570796326794896558 ),
 .UNSPECIFIED. ) 
 CURVE ( )  GEOMETRIC_REPRESENTATION_ITEM ( )  RATIONAL_B_SPLINE_CURVE ( ( 1.000000000000000000, 0.8169162473415250147, 0.8169162473415250147, 1.000000000000000000 ) ) 
 REPRESENTATION_ITEM ( '' )  );
#754 = CARTESIAN_POINT ( 'NONE',  ( 1.319750877632056785, 1.000000000000000222, -1.894750877632057628 ) ) ;
#755 = AXIS2_PLACEMENT_3D ( 'NONE', #1550, #2402, #2341 ) ;
#756 = DIRECTION ( 'NONE',  ( -0.000000000000000000, 0.9591343757511695545, 0.2829509661627160333 ) ) ;
#757 = COLOUR_RGB ( '',0.6666666666666666297, 0.6980392156862744724, 0.7686274509803920907 ) ;
#758 = FILL_AREA_STYLE_COLOUR ( '', #2878 ) ;
#759 = CARTESIAN_POINT ( 'NONE',  ( 0.6349999999999998979, 0.1000000000000000056, -1.999999999999999556 ) ) ;
#760 =( LENGTH_UNIT ( ) NAMED_UNIT ( * ) SI_UNIT ( .MILLI., .METRE. ) );
#761 = VECTOR ( 'NONE', #1923, 1000.000000000000000 ) ;
#762 = DIRECTION ( 'NONE',  ( 1.000000000000000000, 0.000000000000000000, -0.000000000000000000 ) ) ;
#763 = ORIENTED_EDGE ( 'NONE', *, *, #178, .F. ) ;
#764 = PRESENTATION_STYLE_ASSIGNMENT (( #1061 ) ) ;
#765 =( LENGTH_UNIT ( ) NAMED_UNIT ( * ) SI_UNIT ( .MILLI., .METRE. ) );
#766 = AXIS2_PLACEMENT_3D ( 'NONE', #242, #3488, #2136 ) ;
#767 = CARTESIAN_POINT ( 'NONE',  ( -1.034999999999999920, -0.09999999999999997780, 2.500479963607662004 ) ) ;
#768 = LINE ( 'NONE', #202, #198 ) ;
#769 = AXIS2_PLACEMENT_3D ( 'NONE', #2677, #3478, #798 ) ;
#770 = PLANE ( 'NONE',  #3306 ) ;
#771 = STYLED_ITEM ( 'NONE', ( #2174 ), #2230 ) ;
#772 = ORIENTED_EDGE ( 'NONE', *, *, #1203, .T. ) ;
#773 = DIRECTION ( 'NONE',  ( -0.05226442768871395611, -0.9972646886342372285, 0.05226442768871396999 ) ) ;
#774 = STYLED_ITEM ( 'NONE', ( #1817 ), #2466 ) ;
#775 = CARTESIAN_POINT ( 'NONE',  ( -0.6349999999999998979, 0.1000000000000000056, 2.500479963607661116 ) ) ;
#776 = ADVANCED_FACE ( 'NONE', ( #1757 ), #1490, .T. ) ;
#777 = UNCERTAINTY_MEASURE_WITH_UNIT (LENGTH_MEASURE( 1.000000000000000082E-05 ), #3454, 'distance_accuracy_value', 'NONE');
#778 = CARTESIAN_POINT ( 'NONE',  ( -1.385282743851217191, 0.8578503934364415384, 1.960282743851217369 ) ) ;
#779 = PLANE ( 'NONE',  #2335 ) ;
#780 = VERTEX_POINT ( 'NONE', #414 ) ;
#781 =( NAMED_UNIT ( * ) PLANE_ANGLE_UNIT ( ) SI_UNIT ( $, .RADIAN. ) );
#782 =( NAMED_UNIT ( * ) PLANE_ANGLE_UNIT ( ) SI_UNIT ( $, .RADIAN. ) );
#783 = AXIS2_PLACEMENT_3D ( 'NONE', #943, #658, #2331 ) ;
#784 = CARTESIAN_POINT ( 'NONE',  ( 1.385282743851216747, -0.8578503934364415384, 1.960282743851217369 ) ) ;
#785 = CARTESIAN_POINT ( 'NONE',  ( 1.035000000000000142, 0.1000000000000000056, 1.999999999999999556 ) ) ;
#786 = VECTOR ( 'NONE', #2153, 1000.000000000000000 ) ;
#787 = ORIENTED_EDGE ( 'NONE', *, *, #3221, .T. ) ;
#788 = VECTOR ( 'NONE', #773, 1000.000000000000114 ) ;
#789 = ORIENTED_EDGE ( 'NONE', *, *, #2338, .T. ) ;
#790 = DIRECTION ( 'NONE',  ( -1.000000000000000000, -0.000000000000000000, -0.000000000000000000 ) ) ;
#791 =( NAMED_UNIT ( * ) PLANE_ANGLE_UNIT ( ) SI_UNIT ( $, .RADIAN. ) );
#792 = VECTOR ( 'NONE', #536, 1000.000000000000000 ) ;
#793 = MECHANICAL_DESIGN_GEOMETRIC_PRESENTATION_REPRESENTATION (  '', ( #2715 ), #1239 ) ;
#794 = VECTOR ( 'NONE', #208, 1000.000000000000114 ) ;
#795 = ORIENTED_EDGE ( 'NONE', *, *, #3118, .F. ) ;
#796 = VECTOR ( 'NONE', #996, 1000.000000000000000 ) ;
#797 = CARTESIAN_POINT ( 'NONE',  ( -1.425000000000000711, -0.1000000000000000056, -1.999999999999999556 ) ) ;
#798 = DIRECTION ( 'NONE',  ( 1.000000000000000000, 0.000000000000000000, -1.084202172485504064E-16 ) ) ;
#799 = AXIS2_PLACEMENT_3D ( 'NONE', #426, #950, #3337 ) ;
#800 = PLANE ( 'NONE',  #3146 ) ;
#801 = DIRECTION ( 'NONE',  ( 0.000000000000000000, 0.9591343757511695545, 0.2829509661627159778 ) ) ;
#802 = ORIENTED_EDGE ( 'NONE', *, *, #2865, .F. ) ;
#803 = ORIENTED_EDGE ( 'NONE', *, *, #1877, .T. ) ;
#804 = LINE ( 'NONE', #2444, #1352 ) ;
#805 = DIRECTION ( 'NONE',  ( 0.000000000000000000, 0.000000000000000000, 1.000000000000000000 ) ) ;
#806 =( NAMED_UNIT ( * ) SI_UNIT ( $, .STERADIAN. ) SOLID_ANGLE_UNIT ( ) );
#807 = VERTEX_POINT ( 'NONE', #955 ) ;
#808 = AXIS2_PLACEMENT_3D ( 'NONE', #3096, #1748, #399 ) ;
#809 =( NAMED_UNIT ( * ) SI_UNIT ( $, .STERADIAN. ) SOLID_ANGLE_UNIT ( ) );
#810 = EDGE_CURVE ( 'NONE', #2954, #1705, #142, .T. ) ;
#811 = STYLED_ITEM ( 'NONE', ( #3227 ), #110 ) ;
#812 = ADVANCED_FACE ( 'NONE', ( #708 ), #2868, .T. ) ;
#813 = COLOUR_RGB ( '',0.6666666666666666297, 0.6980392156862744724, 0.7686274509803920907 ) ;
#814 = CARTESIAN_POINT ( 'NONE',  ( -1.034999999999999920, -0.2999999999999999889, -2.350959927215324097 ) ) ;
#815 = EDGE_CURVE ( 'NONE', #1272, #1221, #1993, .T. ) ;
#816 = DIRECTION ( 'NONE',  ( -0.05233595624294388321, 0.9986295347545739443, 0.000000000000000000 ) ) ;
#817 = EDGE_CURVE ( 'NONE', #1224, #2971, #3492, .T. ) ;
#818 = ORIENTED_EDGE ( 'NONE', *, *, #978, .F. ) ;
#819 = FILL_AREA_STYLE_COLOUR ( '', #2213 ) ;
#820 = EDGE_LOOP ( 'NONE', ( #387, #3449, #1610, #2390 ) ) ;
#821 =( GEOMETRIC_REPRESENTATION_CONTEXT ( 3 ) GLOBAL_UNCERTAINTY_ASSIGNED_CONTEXT ( ( #158 ) ) GLOBAL_UNIT_ASSIGNED_CONTEXT ( ( #99, #1433, #937 ) ) REPRESENTATION_CONTEXT ( 'NONE', 'WORKASPACE' ) );
#822 =( NAMED_UNIT ( * ) SI_UNIT ( $, .STERADIAN. ) SOLID_ANGLE_UNIT ( ) );
#823 = CARTESIAN_POINT ( 'NONE',  ( 1.424999999999999378, -0.1000000000000000056, -1.999999999999999556 ) ) ;
#824 = PRESENTATION_LAYER_ASSIGNMENT (  '', '', ( #1627 ) ) ;
#825 = CARTESIAN_POINT ( 'NONE',  ( -0.6349999999999998979, 0.1000000000000000056, -1.999999999999999556 ) ) ;
#826 = CIRCLE ( 'NONE', #1734, 0.2000000000000000944 ) ;
#827 = ADVANCED_FACE ( 'NONE', ( #2703 ), #2430, .T. ) ;
#828 = ORIENTED_EDGE ( 'NONE', *, *, #2621, .F. ) ;
#829 = LINE ( 'NONE', #3026, #640 ) ;
#830 = CARTESIAN_POINT ( 'NONE',  ( 1.035000000000000142, -0.04340980676745787720, -2.692306838757896337 ) ) ;
#831 = SURFACE_SIDE_STYLE ('',( #2711 ) ) ;
#832 = ORIENTED_EDGE ( 'NONE', *, *, #3424, .T. ) ;
#833 = DIRECTION ( 'NONE',  ( -1.084202172485504557E-16, -0.000000000000000000, -1.000000000000000000 ) ) ;
#834 = EDGE_LOOP ( 'NONE', ( #554, #818, #2291, #740 ) ) ;
#835 = PRESENTATION_STYLE_ASSIGNMENT (( #1726 ) ) ;
#836 = MECHANICAL_DESIGN_GEOMETRIC_PRESENTATION_REPRESENTATION (  '', ( #2017 ), #2926 ) ;
#837 =( NAMED_UNIT ( * ) SI_UNIT ( $, .STERADIAN. ) SOLID_ANGLE_UNIT ( ) );
#838 = CARTESIAN_POINT ( 'NONE',  ( -1.034999999999999920, -0.09999999999999997780, -2.500479963607662004 ) ) ;
#839 = UNCERTAINTY_MEASURE_WITH_UNIT (LENGTH_MEASURE( 1.000000000000000082E-05 ), #1097, 'distance_accuracy_value', 'NONE');
#840 = FILL_AREA_STYLE ('',( #1647 ) ) ;
#841 = STYLED_ITEM ( 'NONE', ( #2252 ), #1271 ) ;
#842 = FACE_OUTER_BOUND ( 'NONE', #867, .T. ) ;
#843 = VERTEX_POINT ( 'NONE', #1057 ) ;
#844 = SURFACE_STYLE_FILL_AREA ( #3270 ) ;
#845 = SURFACE_STYLE_USAGE ( .BOTH. , #1365 ) ;
#846 = CARTESIAN_POINT ( 'NONE',  ( 1.035000000000000142, -1.116926418833576351, 3.500000000000000000 ) ) ;
#847 = LINE ( 'NONE', #2986, #977 ) ;
#848 = FILL_AREA_STYLE ('',( #1113 ) ) ;
#849 = DIRECTION ( 'NONE',  ( -0.000000000000000000, 1.000000000000000000, 0.000000000000000000 ) ) ;
#850 = AXIS2_PLACEMENT_3D ( 'NONE', #2126, #1586, #444 ) ;
#851 = ORIENTED_EDGE ( 'NONE', *, *, #1289, .T. ) ;
#852 = ORIENTED_EDGE ( 'NONE', *, *, #2223, .F. ) ;
#853 = CIRCLE ( 'NONE', #2704, 0.2000000000000000944 ) ;
#854 =( NAMED_UNIT ( * ) PLANE_ANGLE_UNIT ( ) SI_UNIT ( $, .RADIAN. ) );
#855 = EDGE_CURVE ( 'NONE', #2580, #3244, #3297, .T. ) ;
#856 = CARTESIAN_POINT ( 'NONE',  ( -0.6349999999999998979, -0.1000000000000000056, -1.999999999999999556 ) ) ;
#857 = ADVANCED_FACE ( 'NONE', ( #2318 ), #566, .T. ) ;
#858 = LINE ( 'NONE', #1953, #2693 ) ;
#859 = EDGE_LOOP ( 'NONE', ( #3395, #3172, #3088, #1086 ) ) ;
#860 = DIRECTION ( 'NONE',  ( 0.000000000000000000, 0.000000000000000000, 1.000000000000000000 ) ) ;
#861 =( GEOMETRIC_REPRESENTATION_CONTEXT ( 3 ) GLOBAL_UNCERTAINTY_ASSIGNED_CONTEXT ( ( #1571 ) ) GLOBAL_UNIT_ASSIGNED_CONTEXT ( ( #676, #1501, #378 ) ) REPRESENTATION_CONTEXT ( 'NONE', 'WORKASPACE' ) );
#862 = CARTESIAN_POINT ( 'NONE',  ( -0.6349999999999998979, -0.9735166120661183919, 2.758173124849765401 ) ) ;
#863 = COLOUR_RGB ( '',0.6666666666666666297, 0.6980392156862744724, 0.7686274509803920907 ) ;
#864 =( NAMED_UNIT ( * ) PLANE_ANGLE_UNIT ( ) SI_UNIT ( $, .RADIAN. ) );
#865 = SURFACE_STYLE_USAGE ( .BOTH. , #1387 ) ;
#866 = VERTEX_POINT ( 'NONE', #1949 ) ;
#867 = EDGE_LOOP ( 'NONE', ( #493, #2200, #2969, #3408 ) ) ;
#868 = COLOUR_RGB ( '',0.2980392156862745057, 0.2980392156862745057, 0.2980392156862745057 ) ;
#869 = LINE ( 'NONE', #1945, #1691 ) ;
#870 = EDGE_CURVE ( 'NONE', #2960, #1603, #1965, .T. ) ;
#871 = UNCERTAINTY_MEASURE_WITH_UNIT (LENGTH_MEASURE( 1.000000000000000082E-05 ), #519, 'distance_accuracy_value', 'NONE');
#872 =( GEOMETRIC_REPRESENTATION_CONTEXT ( 3 ) GLOBAL_UNCERTAINTY_ASSIGNED_CONTEXT ( ( #486 ) ) GLOBAL_UNIT_ASSIGNED_CONTEXT ( ( #1652, #1385, #2147 ) ) REPRESENTATION_CONTEXT ( 'NONE', 'WORKASPACE' ) );
#873 = CARTESIAN_POINT ( 'NONE',  ( -0.6349999999999998979, -0.09999999999999990841, -2.350959927215323209 ) ) ;
#874 = VECTOR ( 'NONE', #2895, 1000.000000000000000 ) ;
#875 = CARTESIAN_POINT ( 'NONE',  ( 1.385282743851216303, 0.8578503934364415384, -1.960282743851216480 ) ) ;
#876 = PRESENTATION_LAYER_ASSIGNMENT (  '', '', ( #1946 ) ) ;
#877 = VERTEX_POINT ( 'NONE', #1710 ) ;
#878 = EDGE_CURVE ( 'NONE', #7, #3439, #46, .T. ) ;
#879 = PRESENTATION_STYLE_ASSIGNMENT (( #2740 ) ) ;
#880 = EDGE_CURVE ( 'NONE', #2580, #2538, #1465, .T. ) ;
#881 =( NAMED_UNIT ( * ) SI_UNIT ( $, .STERADIAN. ) SOLID_ANGLE_UNIT ( ) );
#882 = CARTESIAN_POINT ( 'NONE',  ( 0.6350000000000000089, -1.116926418833576351, -2.950000000000000622 ) ) ;
#883 = SURFACE_SIDE_STYLE ('',( #50 ) ) ;
#884 =( NAMED_UNIT ( * ) SI_UNIT ( $, .STERADIAN. ) SOLID_ANGLE_UNIT ( ) );
#885 = EDGE_LOOP ( 'NONE', ( #1835, #673, #550, #1256 ) ) ;
#886 = CARTESIAN_POINT ( 'NONE',  ( -1.425000000000000711, 0.1000000000000000056, -1.999999999999999556 ) ) ;
#887 = STYLED_ITEM ( 'NONE', ( #1342 ), #969 ) ;
#888 = VECTOR ( 'NONE', #2633, 1000.000000000000000 ) ;
#889 = CARTESIAN_POINT ( 'NONE',  ( 1.035000000000000142, -0.9169264188335763954, -2.949999999999999734 ) ) ;
#890 = EDGE_CURVE ( 'NONE', #2954, #2081, #3178, .T. ) ;
#891 = CARTESIAN_POINT ( 'NONE',  ( -0.6349999999999998979, 0.1000000000000000056, 1.999999999999999556 ) ) ;
#892 = DIRECTION ( 'NONE',  ( -1.000000000000000000, -0.000000000000000000, -0.000000000000000000 ) ) ;
#893 = CARTESIAN_POINT ( 'NONE',  ( 0.6350000000000000089, 0.1000000000000000056, 1.999999999999999556 ) ) ;
#894 = ORIENTED_EDGE ( 'NONE', *, *, #1349, .T. ) ;
#895 = DIRECTION ( 'NONE',  ( -1.000000000000000000, -0.000000000000000000, -0.000000000000000000 ) ) ;
#896 = VECTOR ( 'NONE', #1421, 1000.000000000000000 ) ;
#897 = SURFACE_STYLE_USAGE ( .BOTH. , #80 ) ;
#898 = CARTESIAN_POINT ( 'NONE',  ( -1.235488313638031688, -1.000000000000000000, -1.952832998645261942 ) ) ;
#899 = DIRECTION ( 'NONE',  ( -1.000000000000000000, -0.000000000000000000, -0.000000000000000000 ) ) ;
#900 = DIRECTION ( 'NONE',  ( -1.000000000000000000, -0.000000000000000000, -0.000000000000000000 ) ) ;
#901 = DIRECTION ( 'NONE',  ( -0.000000000000000000, 1.000000000000000000, -0.000000000000000000 ) ) ;
#902 = CYLINDRICAL_SURFACE ( 'NONE', #154, 0.2000000000000000944 ) ;
#903 = EDGE_LOOP ( 'NONE', ( #1009, #2834, #1648, #828 ) ) ;
#904 = CARTESIAN_POINT ( 'NONE',  ( 1.035000000000000142, -0.1000000000000000056, 2.000000000000000444 ) ) ;
#905 = PRESENTATION_LAYER_ASSIGNMENT (  '', '', ( #4 ) ) ;
#906 = EDGE_CURVE ( 'NONE', #1500, #3253, #1731, .T. ) ;
#907 = CARTESIAN_POINT ( 'NONE',  ( -1.425000000000000711, -0.1000000000000000056, -1.999999999999999556 ) ) ;
#908 = FILL_AREA_STYLE_COLOUR ( '', #2110 ) ;
#909 = UNCERTAINTY_MEASURE_WITH_UNIT (LENGTH_MEASURE( 1.000000000000000082E-05 ), #85, 'distance_accuracy_value', 'NONE');
#910 = VERTEX_POINT ( 'NONE', #1676 ) ;
#911 = EDGE_CURVE ( 'NONE', #1964, #1074, #1444, .T. ) ;
#912 = SURFACE_STYLE_FILL_AREA ( #1176 ) ;
#913 = DIRECTION ( 'NONE',  ( 0.000000000000000000, -0.9591343757511695545, -0.2829509661627159778 ) ) ;
#914 = CARTESIAN_POINT ( 'NONE',  ( -0.6349999999999998979, 0.1000000000000000056, 2.500479963607661116 ) ) ;
#915 = FILL_AREA_STYLE ('',( #2038 ) ) ;
#916 = ADVANCED_FACE ( 'NONE', ( #57 ), #2805, .T. ) ;
#917 = FILL_AREA_STYLE_COLOUR ( '', #717 ) ;
#918 =( NAMED_UNIT ( * ) SI_UNIT ( $, .STERADIAN. ) SOLID_ANGLE_UNIT ( ) );
#919 = ORIENTED_EDGE ( 'NONE', *, *, #2884, .F. ) ;
#920 =( GEOMETRIC_REPRESENTATION_CONTEXT ( 3 ) GLOBAL_UNCERTAINTY_ASSIGNED_CONTEXT ( ( #743 ) ) GLOBAL_UNIT_ASSIGNED_CONTEXT ( ( #1452, #93, #3084 ) ) REPRESENTATION_CONTEXT ( 'NONE', 'WORKASPACE' ) );
#921 = ADVANCED_FACE ( 'NONE', ( #925 ), #2207, .T. ) ;
#922 = EDGE_CURVE ( 'NONE', #3439, #2451, #733, .T. ) ;
#923 = STYLED_ITEM ( 'NONE', ( #1786 ), #1976 ) ;
#924 = CARTESIAN_POINT ( 'NONE',  ( 0.6350000000000000089, 0.1000000000000000056, -2.500479963607661116 ) ) ;
#925 = FACE_OUTER_BOUND ( 'NONE', #1659, .T. ) ;
#926 = CARTESIAN_POINT ( 'NONE',  ( 1.035000000000000142, -0.04340980676745784250, 2.692306838757896337 ) ) ;
#927 = CARTESIAN_POINT ( 'NONE',  ( -1.235488313638031466, -0.8500000000000000888, 1.339519113726806043E-16 ) ) ;
#928 = ADVANCED_FACE ( 'NONE', ( #402 ), #1226, .T. ) ;
#929 = ORIENTED_EDGE ( 'NONE', *, *, #39, .F. ) ;
#930 = VECTOR ( 'NONE', #3346, 1000.000000000000114 ) ;
#931 = DIRECTION ( 'NONE',  ( 1.000000000000000000, -0.000000000000000000, 0.000000000000000000 ) ) ;
#932 =( GEOMETRIC_REPRESENTATION_CONTEXT ( 3 ) GLOBAL_UNCERTAINTY_ASSIGNED_CONTEXT ( ( #777 ) ) GLOBAL_UNIT_ASSIGNED_CONTEXT ( ( #3454, #1059, #2942 ) ) REPRESENTATION_CONTEXT ( 'NONE', 'WORKASPACE' ) );
#933 = LINE ( 'NONE', #2007, #3459 ) ;
#934 = ORIENTED_EDGE ( 'NONE', *, *, #2806, .F. ) ;
#935 = PRESENTATION_STYLE_ASSIGNMENT (( #670 ) ) ;
#936 = MECHANICAL_DESIGN_GEOMETRIC_PRESENTATION_REPRESENTATION (  '', ( #2521 ), #1218 ) ;
#937 =( NAMED_UNIT ( * ) SI_UNIT ( $, .STERADIAN. ) SOLID_ANGLE_UNIT ( ) );
#938 = EDGE_CURVE ( 'NONE', #2063, #2368, #1546, .T. ) ;
#939 = EDGE_LOOP ( 'NONE', ( #1261, #656, #3149, #2854 ) ) ;
#940 = SURFACE_STYLE_USAGE ( .BOTH. , #2204 ) ;
#941 = SURFACE_SIDE_STYLE ('',( #3364 ) ) ;
#942 = ORIENTED_EDGE ( 'NONE', *, *, #1456, .T. ) ;
#943 = CARTESIAN_POINT ( 'NONE',  ( 1.035000000000000142, -0.04340980676745784250, -2.692306838757896337 ) ) ;
#944 = CARTESIAN_POINT ( 'NONE',  ( -0.6349999999999998979, 0.1000000000000000056, -2.500479963607661116 ) ) ;
#945 = UNCERTAINTY_MEASURE_WITH_UNIT (LENGTH_MEASURE( 1.000000000000000082E-05 ), #2753, 'distance_accuracy_value', 'NONE');
#946 = VECTOR ( 'NONE', #1788, 1000.000000000000000 ) ;
#947 =( NAMED_UNIT ( * ) PLANE_ANGLE_UNIT ( ) SI_UNIT ( $, .RADIAN. ) );
#948 = FACE_OUTER_BOUND ( 'NONE', #2722, .T. ) ;
#949 = VECTOR ( 'NONE', #1656, 1000.000000000000000 ) ;
#950 = DIRECTION ( 'NONE',  ( 0.000000000000000000, -0.05233595624294388321, 0.9986295347545739443 ) ) ;
#951 = VECTOR ( 'NONE', #790, 1000.000000000000000 ) ;
#952 = DIRECTION ( 'NONE',  ( 0.000000000000000000, 0.000000000000000000, 1.000000000000000000 ) ) ;
#953 = EDGE_LOOP ( 'NONE', ( #516, #2928, #2175, #2797 ) ) ;
#954 = COLOUR_RGB ( '',0.2980392156862745057, 0.2980392156862745057, 0.2980392156862745057 ) ;
#955 = CARTESIAN_POINT ( 'NONE',  ( 1.035000000000000142, -0.04340980676745787720, -2.692306838757896337 ) ) ;
#956 =( NAMED_UNIT ( * ) SI_UNIT ( $, .STERADIAN. ) SOLID_ANGLE_UNIT ( ) );
#957 =( NAMED_UNIT ( * ) SI_UNIT ( $, .STERADIAN. ) SOLID_ANGLE_UNIT ( ) );
#958 = ORIENTED_EDGE ( 'NONE', *, *, #1772, .T. ) ;
#959 = CARTESIAN_POINT ( 'NONE',  ( -0.6349999999999998979, 0.1000000000000000056, -1.999999999999999556 ) ) ;
#960 = CIRCLE ( 'NONE', #2931, 0.2000000000000000944 ) ;
#961 = AXIS2_PLACEMENT_3D ( 'NONE', #52, #2181, #1908 ) ;
#962 = VERTEX_POINT ( 'NONE', #2275 ) ;
#963 = SURFACE_STYLE_USAGE ( .BOTH. , #2292 ) ;
#964 = COLOUR_RGB ( '',0.6666666666666666297, 0.6980392156862744724, 0.7686274509803920907 ) ;
#965 = SURFACE_SIDE_STYLE ('',( #120 ) ) ;
#966 = ADVANCED_FACE ( 'NONE', ( #2293 ), #1264, .F. ) ;
#967 = DIRECTION ( 'NONE',  ( 0.05226442768871397693, -0.9972646886342372285, 0.05226442768871396999 ) ) ;
#968 =( GEOMETRIC_REPRESENTATION_CONTEXT ( 3 ) GLOBAL_UNCERTAINTY_ASSIGNED_CONTEXT ( ( #1768 ) ) GLOBAL_UNIT_ASSIGNED_CONTEXT ( ( #1155, #2537, #1995 ) ) REPRESENTATION_CONTEXT ( 'NONE', 'WORKASPACE' ) );
#969 = ADVANCED_FACE ( 'NONE', ( #2639 ), #2015, .T. ) ;
#970 = FILL_AREA_STYLE_COLOUR ( '', #1496 ) ;
#971 =( NAMED_UNIT ( * ) SI_UNIT ( $, .STERADIAN. ) SOLID_ANGLE_UNIT ( ) );
#972 = ORIENTED_EDGE ( 'NONE', *, *, #870, .T. ) ;
#973 = SURFACE_SIDE_STYLE ('',( #2831 ) ) ;
#974 =( NAMED_UNIT ( * ) PLANE_ANGLE_UNIT ( ) SI_UNIT ( $, .RADIAN. ) );
#975 = CARTESIAN_POINT ( 'NONE',  ( -0.6349999999999998979, -0.04340980676745787720, 2.692306838757896337 ) ) ;
#976 = ORIENTED_EDGE ( 'NONE', *, *, #1865, .F. ) ;
#977 = VECTOR ( 'NONE', #559, 1000.000000000000000 ) ;
#978 = EDGE_CURVE ( 'NONE', #1369, #2875, #2121, .T. ) ;
#979 = SURFACE_STYLE_USAGE ( .BOTH. , #3393 ) ;
#980 = SURFACE_STYLE_USAGE ( .BOTH. , #1519 ) ;
#981 = ORIENTED_EDGE ( 'NONE', *, *, #386, .F. ) ;
#982 = COLOUR_RGB ( '',0.6666666666666666297, 0.6980392156862744724, 0.7686274509803920907 ) ;
#983 = ORIENTED_EDGE ( 'NONE', *, *, #386, .T. ) ;
#984 = SURFACE_SIDE_STYLE ('',( #3382 ) ) ;
#985 = SURFACE_STYLE_USAGE ( .BOTH. , #2294 ) ;
#986 = AXIS2_PLACEMENT_3D ( 'NONE', #838, #2123, #182 ) ;
#987 = DIRECTION ( 'NONE',  ( 0.000000000000000000, 0.000000000000000000, -1.000000000000000000 ) ) ;
#988 = DIRECTION ( 'NONE',  ( -1.000000000000000000, 0.000000000000000000, 0.000000000000000000 ) ) ;
#989 = EDGE_CURVE ( 'NONE', #2971, #5, #224, .T. ) ;
#990 = AXIS2_PLACEMENT_3D ( 'NONE', #2646, #2403, #510 ) ;
#991 = PLANE ( 'NONE',  #1446 ) ;
#992 = ORIENTED_EDGE ( 'NONE', *, *, #2949, .F. ) ;
#993 = SURFACE_SIDE_STYLE ('',( #1069 ) ) ;
#994 = SURFACE_STYLE_FILL_AREA ( #1812 ) ;
#995 = UNCERTAINTY_MEASURE_WITH_UNIT (LENGTH_MEASURE( 1.000000000000000082E-05 ), #1091, 'distance_accuracy_value', 'NONE');
#996 = DIRECTION ( 'NONE',  ( -1.000000000000000000, -0.000000000000000000, -0.000000000000000000 ) ) ;
#997 = VERTEX_POINT ( 'NONE', #3216 ) ;
#998 = VECTOR ( 'NONE', #2190, 1000.000000000000000 ) ;
#999 = CARTESIAN_POINT ( 'NONE',  ( -1.034999999999999920, -0.04340980676745787720, -2.692306838757896337 ) ) ;
#1000 =( LENGTH_UNIT ( ) NAMED_UNIT ( * ) SI_UNIT ( .MILLI., .METRE. ) );
#1001 = VERTEX_POINT ( 'NONE', #1068 ) ;
#1002 = DIRECTION ( 'NONE',  ( 0.000000000000000000, 0.05233595624294388321, 0.9986295347545739443 ) ) ;
#1003 = ORIENTED_EDGE ( 'NONE', *, *, #2203, .F. ) ;
#1004 =( NAMED_UNIT ( * ) SI_UNIT ( $, .STERADIAN. ) SOLID_ANGLE_UNIT ( ) );
#1005 = CARTESIAN_POINT ( 'NONE',  ( -1.034999999999999920, -0.9169264188335762844, 3.099520036392338529 ) ) ;
#1006 = PRESENTATION_STYLE_ASSIGNMENT (( #2825 ) ) ;
#1007 = CARTESIAN_POINT ( 'NONE',  ( 0.000000000000000000, -0.1000000000000000056, 0.000000000000000000 ) ) ;
#1008 = DIRECTION ( 'NONE',  ( 0.000000000000000000, 0.000000000000000000, -1.000000000000000000 ) ) ;
#1009 = ORIENTED_EDGE ( 'NONE', *, *, #2433, .F. ) ;
#1010 = CARTESIAN_POINT ( 'NONE',  ( 1.035000000000000142, -1.116926418833576351, 2.950000000000000622 ) ) ;
#1011 = PRESENTATION_STYLE_ASSIGNMENT (( #164 ) ) ;
#1012 = FILL_AREA_STYLE_COLOUR ( '', #1823 ) ;
#1013 = SURFACE_STYLE_FILL_AREA ( #3162 ) ;
#1014 = ORIENTED_EDGE ( 'NONE', *, *, #95, .T. ) ;
#1015 = CARTESIAN_POINT ( 'NONE',  ( 1.235488313638030577, 0.8500000000000000888, -1.339519113726805057E-16 ) ) ;
#1016 = EDGE_LOOP ( 'NONE', ( #280, #1708, #2645, #2557 ) ) ;
#1017 = PRESENTATION_STYLE_ASSIGNMENT (( #1803 ) ) ;
#1018 = VECTOR ( 'NONE', #756, 1000.000000000000114 ) ;
#1019 =( GEOMETRIC_REPRESENTATION_CONTEXT ( 3 ) GLOBAL_UNCERTAINTY_ASSIGNED_CONTEXT ( ( #622 ) ) GLOBAL_UNIT_ASSIGNED_CONTEXT ( ( #2475, #613, #2459 ) ) REPRESENTATION_CONTEXT ( 'NONE', 'WORKASPACE' ) );
#1020 =( LENGTH_UNIT ( ) NAMED_UNIT ( * ) SI_UNIT ( .MILLI., .METRE. ) );
#1021 = PLANE ( 'NONE',  #1324 ) ;
#1022 = MECHANICAL_DESIGN_GEOMETRIC_PRESENTATION_REPRESENTATION (  '', ( #106 ), #2614 ) ;
#1023 = FILL_AREA_STYLE ('',( #1328 ) ) ;
#1024 = VERTEX_POINT ( 'NONE', #1596 ) ;
#1025 = FILL_AREA_STYLE_COLOUR ( '', #757 ) ;
#1026 = EDGE_CURVE ( 'NONE', #2340, #1985, #3046, .T. ) ;
#1027 = PRESENTATION_STYLE_ASSIGNMENT (( #430 ) ) ;
#1028 = LINE ( 'NONE', #2129, #1864 ) ;
#1029 = CARTESIAN_POINT ( 'NONE',  ( -0.6349999999999998979, -0.2434098067674578258, -2.542786802365558430 ) ) ;
#1030 = LINE ( 'NONE', #1277, #2747 ) ;
#1031 =( GEOMETRIC_REPRESENTATION_CONTEXT ( 3 ) GLOBAL_UNCERTAINTY_ASSIGNED_CONTEXT ( ( #3034 ) ) GLOBAL_UNIT_ASSIGNED_CONTEXT ( ( #1828, #781, #3477 ) ) REPRESENTATION_CONTEXT ( 'NONE', 'WORKASPACE' ) );
#1032 = LINE ( 'NONE', #1279, #1662 ) ;
#1033 = ORIENTED_EDGE ( 'NONE', *, *, #1412, .F. ) ;
#1034 = EDGE_CURVE ( 'NONE', #1879, #877, #1103, .T. ) ;
#1035 = DIRECTION ( 'NONE',  ( -1.000000000000000000, -0.000000000000000000, -0.000000000000000000 ) ) ;
#1036 = VECTOR ( 'NONE', #3324, 1000.000000000000000 ) ;
#1037 = VECTOR ( 'NONE', #36, 1000.000000000000000 ) ;
#1038 = DIRECTION ( 'NONE',  ( 0.000000000000000000, 1.000000000000000000, 0.000000000000000000 ) ) ;
#1039 = STYLED_ITEM ( 'NONE', ( #3200 ), #2092 ) ;
#1040 = FILL_AREA_STYLE_COLOUR ( '', #3335 ) ;
#1041 = SURFACE_SIDE_STYLE ('',( #1919 ) ) ;
#1042 = COLOUR_RGB ( '',0.6666666666666666297, 0.6980392156862744724, 0.7686274509803920907 ) ;
#1043 = VERTEX_POINT ( 'NONE', #2425 ) ;
#1044 = PRESENTATION_STYLE_ASSIGNMENT (( #3194 ) ) ;
#1045 = AXIS2_PLACEMENT_3D ( 'NONE', #3002, #1667, #2743 ) ;
#1046 = PRESENTATION_LAYER_ASSIGNMENT (  '', '', ( #587 ) ) ;
#1047 = EDGE_LOOP ( 'NONE', ( #313, #31, #1388, #2424 ) ) ;
#1048 = EDGE_CURVE ( 'NONE', #669, #2771, #1477, .T. ) ;
#1049 = STYLED_ITEM ( 'NONE', ( #1809 ), #2217 ) ;
#1050 = SURFACE_STYLE_FILL_AREA ( #490 ) ;
#1051 = VERTEX_POINT ( 'NONE', #548 ) ;
#1052 = MECHANICAL_DESIGN_GEOMETRIC_PRESENTATION_REPRESENTATION (  '', ( #3470 ), #1845 ) ;
#1053 = ORIENTED_EDGE ( 'NONE', *, *, #2872, .T. ) ;
#1054 = DIRECTION ( 'NONE',  ( -1.000000000000000000, -0.000000000000000000, -0.000000000000000000 ) ) ;
#1055 = PRESENTATION_LAYER_ASSIGNMENT (  '', '', ( #774 ) ) ;
#1056 = SURFACE_STYLE_USAGE ( .BOTH. , #9 ) ;
#1057 = CARTESIAN_POINT ( 'NONE',  ( 1.424999999999999822, 0.1000000000000000056, 2.000000000000000444 ) ) ;
#1058 = UNCERTAINTY_MEASURE_WITH_UNIT (LENGTH_MEASURE( 1.000000000000000082E-05 ), #1310, 'distance_accuracy_value', 'NONE');
#1059 =( NAMED_UNIT ( * ) PLANE_ANGLE_UNIT ( ) SI_UNIT ( $, .RADIAN. ) );
#1060 = ORIENTED_EDGE ( 'NONE', *, *, #1448, .F. ) ;
#1061 = SURFACE_STYLE_USAGE ( .BOTH. , #1076 ) ;
#1062 = UNCERTAINTY_MEASURE_WITH_UNIT (LENGTH_MEASURE( 1.000000000000000082E-05 ), #1599, 'distance_accuracy_value', 'NONE');
#1063 = STYLED_ITEM ( 'NONE', ( #1017 ), #928 ) ;
#1064 = SURFACE_SIDE_STYLE ('',( #302 ) ) ;
#1065 =( GEOMETRIC_REPRESENTATION_CONTEXT ( 3 ) GLOBAL_UNCERTAINTY_ASSIGNED_CONTEXT ( ( #3224 ) ) GLOBAL_UNIT_ASSIGNED_CONTEXT ( ( #1020, #791, #3233 ) ) REPRESENTATION_CONTEXT ( 'NONE', 'WORKASPACE' ) );
#1066 = ORIENTED_EDGE ( 'NONE', *, *, #3072, .F. ) ;
#1067 = ORIENTED_EDGE ( 'NONE', *, *, #2723, .F. ) ;
#1068 = CARTESIAN_POINT ( 'NONE',  ( 1.424999999999999378, 0.1000000000000000056, -1.999999999999999556 ) ) ;
#1069 = SURFACE_STYLE_FILL_AREA ( #2995 ) ;
#1070 = EDGE_CURVE ( 'NONE', #1224, #1655, #1643, .T. ) ;
#1071 = PLANE ( 'NONE',  #3448 ) ;
#1072 = VECTOR ( 'NONE', #3260, 1000.000000000000000 ) ;
#1073 = SURFACE_STYLE_FILL_AREA ( #247 ) ;
#1074 = VERTEX_POINT ( 'NONE', #273 ) ;
#1075 = AXIS2_PLACEMENT_3D ( 'NONE', #143, #1724, #1494 ) ;
#1076 = SURFACE_SIDE_STYLE ('',( #484 ) ) ;
#1077 = CARTESIAN_POINT ( 'NONE',  ( 1.035000000000000142, -0.9169264188335763954, 2.949999999999999734 ) ) ;
#1078 =( NAMED_UNIT ( * ) SI_UNIT ( $, .STERADIAN. ) SOLID_ANGLE_UNIT ( ) );
#1079 = COLOUR_RGB ( '',0.2980392156862745057, 0.2980392156862745057, 0.2980392156862745057 ) ;
#1080 = DIRECTION ( 'NONE',  ( 0.000000000000000000, -0.9591343757511695545, -0.2829509661627159778 ) ) ;
#1081 = ORIENTED_EDGE ( 'NONE', *, *, #33, .T. ) ;
#1082 = EDGE_CURVE ( 'NONE', #1074, #2991, #3469, .T. ) ;
#1083 = DIRECTION ( 'NONE',  ( -0.000000000000000000, 0.2829509661627160333, 0.9591343757511695545 ) ) ;
#1084 = ORIENTED_EDGE ( 'NONE', *, *, #75, .F. ) ;
#1085 = CARTESIAN_POINT ( 'NONE',  ( 1.377832998645262208, 1.000000000000000000, 1.810488313638031421 ) ) ;
#1086 = ORIENTED_EDGE ( 'NONE', *, *, #2808, .T. ) ;
#1087 = FACE_OUTER_BOUND ( 'NONE', #1115, .T. ) ;
#1088 =( NAMED_UNIT ( * ) SI_UNIT ( $, .STERADIAN. ) SOLID_ANGLE_UNIT ( ) );
#1089 = COLOUR_RGB ( '',0.6666666666666666297, 0.6980392156862744724, 0.7686274509803920907 ) ;
#1090 = ORIENTED_EDGE ( 'NONE', *, *, #2754, .F. ) ;
#1091 =( LENGTH_UNIT ( ) NAMED_UNIT ( * ) SI_UNIT ( .MILLI., .METRE. ) );
#1092 = UNCERTAINTY_MEASURE_WITH_UNIT (LENGTH_MEASURE( 1.000000000000000082E-05 ), #3131, 'distance_accuracy_value', 'NONE');
#1093 = CARTESIAN_POINT ( 'NONE',  ( 0.6350000000000000089, -0.9735166120661183919, -2.758173124849765401 ) ) ;
#1094 = EDGE_CURVE ( 'NONE', #2619, #866, #804, .T. ) ;
#1095 =( NAMED_UNIT ( * ) PLANE_ANGLE_UNIT ( ) SI_UNIT ( $, .RADIAN. ) );
#1096 = PRESENTATION_LAYER_ASSIGNMENT (  '', '', ( #1206 ) ) ;
#1097 =( LENGTH_UNIT ( ) NAMED_UNIT ( * ) SI_UNIT ( .MILLI., .METRE. ) );
#1098 = FACE_OUTER_BOUND ( 'NONE', #2020, .T. ) ;
#1099 = EDGE_CURVE ( 'NONE', #2229, #2875, #1614, .T. ) ;
#1100 = ORIENTED_EDGE ( 'NONE', *, *, #1877, .F. ) ;
#1101 = ORIENTED_EDGE ( 'NONE', *, *, #2702, .T. ) ;
#1102 = VECTOR ( 'NONE', #1692, 1000.000000000000000 ) ;
#1103 = LINE ( 'NONE', #3232, #2417 ) ;
#1104 = VECTOR ( 'NONE', #1896, 1000.000000000000000 ) ;
#1105 = STYLED_ITEM ( 'NONE', ( #472 ), #2435 ) ;
#1106 = EDGE_CURVE ( 'NONE', #1369, #713, #2603, .T. ) ;
#1107 = ORIENTED_EDGE ( 'NONE', *, *, #3179, .F. ) ;
#1108 = CARTESIAN_POINT ( 'NONE',  ( 1.035000000000000142, -0.04340980676745784250, 2.692306838757896337 ) ) ;
#1109 = CARTESIAN_POINT ( 'NONE',  ( -0.6349999999999998979, -1.116926418833576351, 3.500000000000000000 ) ) ;
#1110 = DIRECTION ( 'NONE',  ( -1.000000000000000000, -0.000000000000000000, -0.000000000000000000 ) ) ;
#1111 = DIRECTION ( 'NONE',  ( 0.000000000000000000, 0.000000000000000000, -1.000000000000000000 ) ) ;
#1112 = EDGE_CURVE ( 'NONE', #392, #1215, #3203, .T. ) ;
#1113 = FILL_AREA_STYLE_COLOUR ( '', #1514 ) ;
#1114 =( GEOMETRIC_REPRESENTATION_CONTEXT ( 3 ) GLOBAL_UNCERTAINTY_ASSIGNED_CONTEXT ( ( #1160 ) ) GLOBAL_UNIT_ASSIGNED_CONTEXT ( ( #1000, #1541, #2062 ) ) REPRESENTATION_CONTEXT ( 'NONE', 'WORKASPACE' ) );
#1115 = EDGE_LOOP ( 'NONE', ( #690, #2590, #1262, #86 ) ) ;
#1116 = VERTEX_POINT ( 'NONE', #1851 ) ;
#1117 = SURFACE_STYLE_FILL_AREA ( #3309 ) ;
#1118 = STYLED_ITEM ( 'NONE', ( #2732 ), #1153 ) ;
#1119 = PRESENTATION_LAYER_ASSIGNMENT (  '', '', ( #207 ) ) ;
#1120 =( NAMED_UNIT ( * ) PLANE_ANGLE_UNIT ( ) SI_UNIT ( $, .RADIAN. ) );
#1121 = PRESENTATION_STYLE_ASSIGNMENT (( #639 ) ) ;
#1122 = UNCERTAINTY_MEASURE_WITH_UNIT (LENGTH_MEASURE( 1.000000000000000082E-05 ), #1400, 'distance_accuracy_value', 'NONE');
#1123 = CARTESIAN_POINT ( 'NONE',  ( -0.6349999999999998979, -0.9169264188335763954, -3.099520036392338529 ) ) ;
#1124 = DIRECTION ( 'NONE',  ( -1.000000000000000000, 0.000000000000000000, 1.084202172485504064E-16 ) ) ;
#1125 = EDGE_CURVE ( 'NONE', #1705, #1319, #8, .T. ) ;
#1126 = ORIENTED_EDGE ( 'NONE', *, *, #810, .F. ) ;
#1127 = PRESENTATION_LAYER_ASSIGNMENT (  '', '', ( #3437 ) ) ;
#1128 =( LENGTH_UNIT ( ) NAMED_UNIT ( * ) SI_UNIT ( .MILLI., .METRE. ) );
#1129 = AXIS2_PLACEMENT_3D ( 'NONE', #2059, #1573, #1846 ) ;
#1130 = LINE ( 'NONE', #2760, #3405 ) ;
#1131 = DIRECTION ( 'NONE',  ( 1.084202172485504434E-16, -1.055768021563217230E-36, 1.000000000000000000 ) ) ;
#1132 = CARTESIAN_POINT ( 'NONE',  ( 1.377832998645261764, 0.8578503934364416494, -1.960282743851216480 ) ) ;
#1133 = PRESENTATION_LAYER_ASSIGNMENT (  '', '', ( #56 ) ) ;
#1134 = ORIENTED_EDGE ( 'NONE', *, *, #590, .F. ) ;
#1135 = ORIENTED_EDGE ( 'NONE', *, *, #1914, .T. ) ;
#1136 =( GEOMETRIC_REPRESENTATION_CONTEXT ( 3 ) GLOBAL_UNCERTAINTY_ASSIGNED_CONTEXT ( ( #2584 ) ) GLOBAL_UNIT_ASSIGNED_CONTEXT ( ( #1727, #2617, #3409 ) ) REPRESENTATION_CONTEXT ( 'NONE', 'WORKASPACE' ) );
#1137 = SURFACE_STYLE_FILL_AREA ( #2749 ) ;
#1138 = EDGE_CURVE ( 'NONE', #170, #3235, #1899, .T. ) ;
#1139 = EDGE_CURVE ( 'NONE', #3253, #2575, #2494, .T. ) ;
#1140 =( NAMED_UNIT ( * ) PLANE_ANGLE_UNIT ( ) SI_UNIT ( $, .RADIAN. ) );
#1141 = CARTESIAN_POINT ( 'NONE',  ( 0.000000000000000000, -0.1000000000000000056, -1.999999999999999112 ) ) ;
#1142 =( NAMED_UNIT ( * ) SI_UNIT ( $, .STERADIAN. ) SOLID_ANGLE_UNIT ( ) );
#1143 = ORIENTED_EDGE ( 'NONE', *, *, #2053, .F. ) ;
#1144 = DIRECTION ( 'NONE',  ( -0.000000000000000000, -0.000000000000000000, 1.000000000000000000 ) ) ;
#1145 = AXIS2_PLACEMENT_3D ( 'NONE', #1663, #1937, #2176 ) ;
#1146 = DIRECTION ( 'NONE',  ( 0.000000000000000000, 3.861559712415244494E-17, 1.000000000000000000 ) ) ;
#1147 =( GEOMETRIC_REPRESENTATION_CONTEXT ( 3 ) GLOBAL_UNCERTAINTY_ASSIGNED_CONTEXT ( ( #1092 ) ) GLOBAL_UNIT_ASSIGNED_CONTEXT ( ( #3131, #696, #2837 ) ) REPRESENTATION_CONTEXT ( 'NONE', 'WORKASPACE' ) );
#1148 = PLANE ( 'NONE',  #1045 ) ;
#1149 =( NAMED_UNIT ( * ) PLANE_ANGLE_UNIT ( ) SI_UNIT ( $, .RADIAN. ) );
#1150 = MECHANICAL_DESIGN_GEOMETRIC_PRESENTATION_REPRESENTATION (  '', ( #3137 ), #3295 ) ;
#1151 = SURFACE_STYLE_FILL_AREA ( #1418 ) ;
#1152 = ORIENTED_EDGE ( 'NONE', *, *, #1622, .F. ) ;
#1153 = ADVANCED_FACE ( 'NONE', ( #3033 ), #1439, .T. ) ;
#1154 = LINE ( 'NONE', #886, #1811 ) ;
#1155 =( LENGTH_UNIT ( ) NAMED_UNIT ( * ) SI_UNIT ( .MILLI., .METRE. ) );
#1156 = CIRCLE ( 'NONE', #1842, 0.2000000000000000944 ) ;
#1157 = CARTESIAN_POINT ( 'NONE',  ( 0.6350000000000000089, -1.116926418833576351, 2.950000000000000622 ) ) ;
#1158 = MECHANICAL_DESIGN_GEOMETRIC_PRESENTATION_REPRESENTATION (  '', ( #1572 ), #1509 ) ;
#1159 = DIRECTION ( 'NONE',  ( 1.000000000000000000, 0.000000000000000000, -0.000000000000000000 ) ) ;
#1160 = UNCERTAINTY_MEASURE_WITH_UNIT (LENGTH_MEASURE( 1.000000000000000082E-05 ), #1000, 'distance_accuracy_value', 'NONE');
#1161 = MECHANICAL_DESIGN_GEOMETRIC_PRESENTATION_REPRESENTATION (  '', ( #774 ), #3207 ) ;
#1162 = CARTESIAN_POINT ( 'NONE',  ( 1.035000000000000142, -0.9169264188335762844, 3.500000000000000000 ) ) ;
#1163 = ORIENTED_EDGE ( 'NONE', *, *, #1099, .F. ) ;
#1164 =( NAMED_UNIT ( * ) PLANE_ANGLE_UNIT ( ) SI_UNIT ( $, .RADIAN. ) );
#1165 = DIRECTION ( 'NONE',  ( 0.000000000000000000, -0.9591343757511695545, 0.2829509661627160333 ) ) ;
#1166 = CARTESIAN_POINT ( 'NONE',  ( -0.6349999999999998979, -0.9169264188335762844, 3.500000000000000000 ) ) ;
#1167 = DIRECTION ( 'NONE',  ( 0.000000000000000000, 0.000000000000000000, 1.000000000000000000 ) ) ;
#1168 = CARTESIAN_POINT ( 'NONE',  ( 1.035000000000000142, 0.1000000000000000056, -1.999999999999999556 ) ) ;
#1169 = ORIENTED_EDGE ( 'NONE', *, *, #2125, .F. ) ;
#1170 = CARTESIAN_POINT ( 'NONE',  ( -0.6349999999999998979, -0.9735166120661183919, -2.758173124849765401 ) ) ;
#1171 = SURFACE_SIDE_STYLE ('',( #88 ) ) ;
#1172 = DIRECTION ( 'NONE',  ( -1.000000000000000000, -0.000000000000000000, -0.000000000000000000 ) ) ;
#1173 = CARTESIAN_POINT ( 'NONE',  ( 1.035000000000000142, -0.7169264188335763288, 3.099520036392337641 ) ) ;
#1174 = EDGE_CURVE ( 'NONE', #3235, #3057, #602, .T. ) ;
#1175 = ORIENTED_EDGE ( 'NONE', *, *, #2203, .T. ) ;
#1176 = FILL_AREA_STYLE ('',( #94 ) ) ;
#1177 = EDGE_CURVE ( 'NONE', #1881, #2991, #869, .T. ) ;
#1178 = PLANE ( 'NONE',  #2845 ) ;
#1179 =( NAMED_UNIT ( * ) PLANE_ANGLE_UNIT ( ) SI_UNIT ( $, .RADIAN. ) );
#1180 = LINE ( 'NONE', #163, #2894 ) ;
#1181 = VERTEX_POINT ( 'NONE', #1170 ) ;
#1182 = AXIS2_PLACEMENT_3D ( 'NONE', #767, #744, #1606 ) ;
#1183 = UNCERTAINTY_MEASURE_WITH_UNIT (LENGTH_MEASURE( 1.000000000000000082E-05 ), #259, 'distance_accuracy_value', 'NONE');
#1184 = EDGE_CURVE ( 'NONE', #1968, #420, #2238, .T. ) ;
#1185 = DIRECTION ( 'NONE',  ( 0.000000000000000000, 0.9591343757511695545, -0.2829509661627160333 ) ) ;
#1186 = MECHANICAL_DESIGN_GEOMETRIC_PRESENTATION_REPRESENTATION (  '', ( #1921 ), #1866 ) ;
#1187 = FILL_AREA_STYLE ('',( #2464 ) ) ;
#1188 = UNCERTAINTY_MEASURE_WITH_UNIT (LENGTH_MEASURE( 1.000000000000000082E-05 ), #1198, 'distance_accuracy_value', 'NONE');
#1189 = DIRECTION ( 'NONE',  ( 1.000000000000000000, 0.000000000000000000, -0.000000000000000000 ) ) ;
#1190 = ORIENTED_EDGE ( 'NONE', *, *, #2754, .T. ) ;
#1191 = CARTESIAN_POINT ( 'NONE',  ( -0.6349999999999998979, -0.9169264188335763954, 2.949999999999999734 ) ) ;
#1192 =( LENGTH_UNIT ( ) NAMED_UNIT ( * ) SI_UNIT ( .MILLI., .METRE. ) );
#1193 = ORIENTED_EDGE ( 'NONE', *, *, #556, .T. ) ;
#1194 =( NAMED_UNIT ( * ) PLANE_ANGLE_UNIT ( ) SI_UNIT ( $, .RADIAN. ) );
#1195 = PRESENTATION_LAYER_ASSIGNMENT (  '', '', ( #691 ) ) ;
#1196 = CARTESIAN_POINT ( 'NONE',  ( 1.035000000000000142, -0.09999999999999997780, 2.500479963607662004 ) ) ;
#1197 = FILL_AREA_STYLE_COLOUR ( '', #2913 ) ;
#1198 =( LENGTH_UNIT ( ) NAMED_UNIT ( * ) SI_UNIT ( .MILLI., .METRE. ) );
#1199 = EDGE_LOOP ( 'NONE', ( #1152, #2091, #1060, #115, #2099, #3410, #2392, #446, #3247, #763, #1337, #3275 ) ) ;
#1200 = AXIS2_PLACEMENT_3D ( 'NONE', #1108, #1633, #539 ) ;
#1201 = SURFACE_STYLE_USAGE ( .BOTH. , #3342 ) ;
#1202 = PRESENTATION_LAYER_ASSIGNMENT (  '', '', ( #289 ) ) ;
#1203 = EDGE_CURVE ( 'NONE', #1001, #1043, #1154, .T. ) ;
#1204 = AXIS2_PLACEMENT_3D ( 'NONE', #1253, #3217, #805 ) ;
#1205 = FILL_AREA_STYLE_COLOUR ( '', #2903 ) ;
#1206 = STYLED_ITEM ( 'NONE', ( #2032 ), #612 ) ;
#1207 = DIRECTION ( 'NONE',  ( -0.000000000000000000, 1.000000000000000000, -0.000000000000000000 ) ) ;
#1208 = PLANE ( 'NONE',  #1404 ) ;
#1209 = COLOUR_RGB ( '',0.2980392156862745057, 0.2980392156862745057, 0.2980392156862745057 ) ;
#1210 = SURFACE_STYLE_USAGE ( .BOTH. , #1510 ) ;
#1211 =( NAMED_UNIT ( * ) PLANE_ANGLE_UNIT ( ) SI_UNIT ( $, .RADIAN. ) );
#1212 = VECTOR ( 'NONE', #2713, 1000.000000000000000 ) ;
#1213 = DIRECTION ( 'NONE',  ( 0.000000000000000000, -0.9591343757511695545, 0.2829509661627159778 ) ) ;
#1214 =( LENGTH_UNIT ( ) NAMED_UNIT ( * ) SI_UNIT ( .MILLI., .METRE. ) );
#1215 = VERTEX_POINT ( 'NONE', #581 ) ;
#1216 = CARTESIAN_POINT ( 'NONE',  ( 1.035000000000000142, -0.9169264188335763954, -2.949999999999999734 ) ) ;
#1217 = LINE ( 'NONE', #1759, #2316 ) ;
#1218 =( GEOMETRIC_REPRESENTATION_CONTEXT ( 3 ) GLOBAL_UNCERTAINTY_ASSIGNED_CONTEXT ( ( #1122 ) ) GLOBAL_UNIT_ASSIGNED_CONTEXT ( ( #1400, #864, #2987 ) ) REPRESENTATION_CONTEXT ( 'NONE', 'WORKASPACE' ) );
#1219 = PLANE ( 'NONE',  #2160 ) ;
#1220 = CARTESIAN_POINT ( 'NONE',  ( 0.6350000000000000089, -0.9735166120661183919, 2.758173124849765401 ) ) ;
#1221 = VERTEX_POINT ( 'NONE', #3327 ) ;
#1222 = EDGE_CURVE ( 'NONE', #130, #1909, #2520, .T. ) ;
#1223 = DIRECTION ( 'NONE',  ( -1.000000000000000000, 0.000000000000000000, -0.000000000000000000 ) ) ;
#1224 = VERTEX_POINT ( 'NONE', #904 ) ;
#1225 = FILL_AREA_STYLE ('',( #3097 ) ) ;
#1226 = CYLINDRICAL_SURFACE ( 'NONE', #2012, 0.2000000000000000944 ) ;
#1227 =( NAMED_UNIT ( * ) PLANE_ANGLE_UNIT ( ) SI_UNIT ( $, .RADIAN. ) );
#1228 = UNCERTAINTY_MEASURE_WITH_UNIT (LENGTH_MEASURE( 1.000000000000000082E-05 ), #765, 'distance_accuracy_value', 'NONE');
#1229 = PRESENTATION_LAYER_ASSIGNMENT (  '', '', ( #1461 ) ) ;
#1230 = DIRECTION ( 'NONE',  ( 0.000000000000000000, -0.9591343757511695545, 0.2829509661627159778 ) ) ;
#1231 = CYLINDRICAL_SURFACE ( 'NONE', #2164, 0.1499999999999999667 ) ;
#1232 = ORIENTED_EDGE ( 'NONE', *, *, #1026, .T. ) ;
#1233 = PRESENTATION_STYLE_ASSIGNMENT (( #388 ) ) ;
#1234 = DIRECTION ( 'NONE',  ( 0.05233595624294388321, -0.9986295347545739443, 0.000000000000000000 ) ) ;
#1235 = SURFACE_STYLE_FILL_AREA ( #1255 ) ;
#1236 = CARTESIAN_POINT ( 'NONE',  ( 1.319750877632057229, -1.000000000000000222, 1.894750877632058295 ) ) ;
#1237 = ADVANCED_FACE ( 'NONE', ( #1673 ), #3071, .F. ) ;
#1238 = FACE_OUTER_BOUND ( 'NONE', #3380, .T. ) ;
#1239 =( GEOMETRIC_REPRESENTATION_CONTEXT ( 3 ) GLOBAL_UNCERTAINTY_ASSIGNED_CONTEXT ( ( #3498 ) ) GLOBAL_UNIT_ASSIGNED_CONTEXT ( ( #1816, #1538, #1554 ) ) REPRESENTATION_CONTEXT ( 'NONE', 'WORKASPACE' ) );
#1240 =( GEOMETRIC_REPRESENTATION_CONTEXT ( 3 ) GLOBAL_UNCERTAINTY_ASSIGNED_CONTEXT ( ( #2000 ) ) GLOBAL_UNIT_ASSIGNED_CONTEXT ( ( #2024, #2796, #918 ) ) REPRESENTATION_CONTEXT ( 'NONE', 'WORKASPACE' ) );
#1241 = ORIENTED_EDGE ( 'NONE', *, *, #3316, .T. ) ;
#1242 = CARTESIAN_POINT ( 'NONE',  ( 0.6350000000000000089, -0.04340980676745784250, 2.692306838757896337 ) ) ;
#1243 = ORIENTED_EDGE ( 'NONE', *, *, #2764, .T. ) ;
#1244 = DIRECTION ( 'NONE',  ( 0.000000000000000000, 0.000000000000000000, 1.000000000000000000 ) ) ;
#1245 = CARTESIAN_POINT ( 'NONE',  ( 1.424999999999999822, 0.1000000000000000056, 2.000000000000000444 ) ) ;
#1246 = EDGE_CURVE ( 'NONE', #2856, #1024, #2558, .T. ) ;
#1247 = PRESENTATION_LAYER_ASSIGNMENT (  '', '', ( #2141 ) ) ;
#1248 = EDGE_CURVE ( 'NONE', #1537, #2547, #728, .T. ) ;
#1249 = LINE ( 'NONE', #3168, #2131 ) ;
#1250 = DIRECTION ( 'NONE',  ( -0.000000000000000000, 1.000000000000000000, 0.000000000000000000 ) ) ;
#1251 =( LENGTH_UNIT ( ) NAMED_UNIT ( * ) SI_UNIT ( .MILLI., .METRE. ) );
#1252 = ORIENTED_EDGE ( 'NONE', *, *, #2597, .T. ) ;
#1253 = CARTESIAN_POINT ( 'NONE',  ( -0.6349999999999998979, -0.2999999999999999889, -2.350959927215324097 ) ) ;
#1254 = SURFACE_STYLE_USAGE ( .BOTH. , #709 ) ;
#1255 = FILL_AREA_STYLE ('',( #391 ) ) ;
#1256 = ORIENTED_EDGE ( 'NONE', *, *, #240, .F. ) ;
#1257 = VECTOR ( 'NONE', #3004, 1000.000000000000000 ) ;
#1258 = FACE_OUTER_BOUND ( 'NONE', #2476, .T. ) ;
#1259 = STYLED_ITEM ( 'NONE', ( #1681 ), #1744 ) ;
#1260 = LINE ( 'NONE', #1800, #888 ) ;
#1261 = ORIENTED_EDGE ( 'NONE', *, *, #1486, .F. ) ;
#1262 = ORIENTED_EDGE ( 'NONE', *, *, #1138, .T. ) ;
#1263 =( GEOMETRIC_REPRESENTATION_CONTEXT ( 3 ) GLOBAL_UNCERTAINTY_ASSIGNED_CONTEXT ( ( #2725 ) ) GLOBAL_UNIT_ASSIGNED_CONTEXT ( ( #1833, #2636, #2698 ) ) REPRESENTATION_CONTEXT ( 'NONE', 'WORKASPACE' ) );
#1264 = PLANE ( 'NONE',  #783 ) ;
#1265 = FACE_OUTER_BOUND ( 'NONE', #2596, .T. ) ;
#1266 =( GEOMETRIC_REPRESENTATION_CONTEXT ( 3 ) GLOBAL_UNCERTAINTY_ASSIGNED_CONTEXT ( ( #234 ) ) GLOBAL_UNIT_ASSIGNED_CONTEXT ( ( #295, #1120, #1004 ) ) REPRESENTATION_CONTEXT ( 'NONE', 'WORKASPACE' ) );
#1267 = DIRECTION ( 'NONE',  ( 0.000000000000000000, -1.000000000000000000, 0.000000000000000000 ) ) ;
#1268 = SURFACE_STYLE_FILL_AREA ( #1023 ) ;
#1269 = MECHANICAL_DESIGN_GEOMETRIC_PRESENTATION_REPRESENTATION (  '', ( #2516 ), #471 ) ;
#1270 = CARTESIAN_POINT ( 'NONE',  ( 0.6350000000000000089, -0.9169264188335762844, 3.500000000000000000 ) ) ;
#1271 = ADVANCED_FACE ( 'NONE', ( #1238 ), #3111, .T. ) ;
#1272 = VERTEX_POINT ( 'NONE', #999 ) ;
#1273 = UNCERTAINTY_MEASURE_WITH_UNIT (LENGTH_MEASURE( 1.000000000000000082E-05 ), #1379, 'distance_accuracy_value', 'NONE');
#1274 = VECTOR ( 'NONE', #899, 1000.000000000000000 ) ;
#1275 = FACE_OUTER_BOUND ( 'NONE', #3277, .T. ) ;
#1276 = SURFACE_STYLE_USAGE ( .BOTH. , #186 ) ;
#1277 = CARTESIAN_POINT ( 'NONE',  ( -1.425000000000000711, -0.1000000000000000056, -1.999999999999999556 ) ) ;
#1278 = VERTEX_POINT ( 'NONE', #2027 ) ;
#1279 = CARTESIAN_POINT ( 'NONE',  ( 1.035000000000000142, -1.116926418833576351, -2.950000000000000622 ) ) ;
#1280 = EDGE_LOOP ( 'NONE', ( #2128, #2119, #144, #2237 ) ) ;
#1281 = EDGE_CURVE ( 'NONE', #337, #2682, #1696, .T. ) ;
#1282 = DIRECTION ( 'NONE',  ( -1.084202172485504434E-16, -0.000000000000000000, -1.000000000000000000 ) ) ;
#1283 = CARTESIAN_POINT ( 'NONE',  ( 0.6350000000000000089, 0.1000000000000000056, 1.999999999999999556 ) ) ;
#1284 = COLOUR_RGB ( '',0.6666666666666666297, 0.6980392156862744724, 0.7686274509803920907 ) ;
#1285 = EDGE_CURVE ( 'NONE', #1895, #1500, #145, .T. ) ;
#1286 = SURFACE_SIDE_STYLE ('',( #2357 ) ) ;
#1287 = ORIENTED_EDGE ( 'NONE', *, *, #2737, .F. ) ;
#1288 = CARTESIAN_POINT ( 'NONE',  ( -1.034999999999999920, -0.04340980676745787720, 2.692306838757896337 ) ) ;
#1289 = EDGE_CURVE ( 'NONE', #707, #3328, #418, .T. ) ;
#1290 = VECTOR ( 'NONE', #2222, 1000.000000000000000 ) ;
#1291 = FILL_AREA_STYLE ('',( #3442 ) ) ;
#1292 = ADVANCED_FACE ( 'NONE', ( #1258 ), #1517, .F. ) ;
#1293 = DIRECTION ( 'NONE',  ( 0.05226442768871395611, 0.9972646886342372285, -0.05226442768871396999 ) ) ;
#1294 =( GEOMETRIC_REPRESENTATION_CONTEXT ( 3 ) GLOBAL_UNCERTAINTY_ASSIGNED_CONTEXT ( ( #2495 ) ) GLOBAL_UNIT_ASSIGNED_CONTEXT ( ( #2312, #947, #2622 ) ) REPRESENTATION_CONTEXT ( 'NONE', 'WORKASPACE' ) );
#1295 = CARTESIAN_POINT ( 'NONE',  ( 1.035000000000000142, 0.1000000000000000056, 1.999999999999999556 ) ) ;
#1296 = SURFACE_SIDE_STYLE ('',( #2061 ) ) ;
#1297 =( NAMED_UNIT ( * ) SI_UNIT ( $, .STERADIAN. ) SOLID_ANGLE_UNIT ( ) );
#1298 = ORIENTED_EDGE ( 'NONE', *, *, #3020, .T. ) ;
#1299 = SURFACE_STYLE_FILL_AREA ( #1353 ) ;
#1300 = ORIENTED_EDGE ( 'NONE', *, *, #16, .F. ) ;
#1301 = SURFACE_SIDE_STYLE ('',( #3133 ) ) ;
#1302 =( GEOMETRIC_REPRESENTATION_CONTEXT ( 3 ) GLOBAL_UNCERTAINTY_ASSIGNED_CONTEXT ( ( #2244 ) ) GLOBAL_UNIT_ASSIGNED_CONTEXT ( ( #3204, #2085, #1304 ) ) REPRESENTATION_CONTEXT ( 'NONE', 'WORKASPACE' ) );
#1303 = EDGE_CURVE ( 'NONE', #910, #2308, #3483, .T. ) ;
#1304 =( NAMED_UNIT ( * ) SI_UNIT ( $, .STERADIAN. ) SOLID_ANGLE_UNIT ( ) );
#1305 = CIRCLE ( 'NONE', #1075, 0.2000000000000000944 ) ;
#1306 = FILL_AREA_STYLE_COLOUR ( '', #1695 ) ;
#1307 = AXIS2_PLACEMENT_3D ( 'NONE', #2588, #931, #1770 ) ;
#1308 = UNCERTAINTY_MEASURE_WITH_UNIT (LENGTH_MEASURE( 1.000000000000000082E-05 ), #1251, 'distance_accuracy_value', 'NONE');
#1309 = PLANE ( 'NONE',  #2779 ) ;
#1310 =( LENGTH_UNIT ( ) NAMED_UNIT ( * ) SI_UNIT ( .MILLI., .METRE. ) );
#1311 = EDGE_LOOP ( 'NONE', ( #1232, #802, #3222, #2307 ) ) ;
#1312 = COLOUR_RGB ( '',0.7921568627450980005, 0.8196078431372548767, 0.9333333333333333481 ) ;
#1313 = SURFACE_STYLE_FILL_AREA ( #213 ) ;
#1314 =( NAMED_UNIT ( * ) SI_UNIT ( $, .STERADIAN. ) SOLID_ANGLE_UNIT ( ) );
#1315 = UNCERTAINTY_MEASURE_WITH_UNIT (LENGTH_MEASURE( 1.000000000000000082E-05 ), #97, 'distance_accuracy_value', 'NONE');
#1316 = CARTESIAN_POINT ( 'NONE',  ( -0.6349999999999998979, -0.09999999999999990841, 2.350959927215323209 ) ) ;
#1317 = CARTESIAN_POINT ( 'NONE',  ( 1.035000000000000142, -1.116926418833576351, -3.500000000000000000 ) ) ;
#1318 = FACE_OUTER_BOUND ( 'NONE', #2696, .T. ) ;
#1319 = VERTEX_POINT ( 'NONE', #2649 ) ;
#1320 = STYLED_ITEM ( 'NONE', ( #764 ), #1733 ) ;
#1321 = ORIENTED_EDGE ( 'NONE', *, *, #3170, .F. ) ;
#1322 = CARTESIAN_POINT ( 'NONE',  ( 1.035000000000000142, -0.1000000000000000056, 1.999999999999999556 ) ) ;
#1323 = COLOUR_RGB ( '',0.6666666666666666297, 0.6980392156862744724, 0.7686274509803920907 ) ;
#1324 = AXIS2_PLACEMENT_3D ( 'NONE', #1007, #1038, #2107 ) ;
#1325 = VECTOR ( 'NONE', #1213, 1000.000000000000114 ) ;
#1326 = FILL_AREA_STYLE ('',( #227 ) ) ;
#1327 = VECTOR ( 'NONE', #833, 1000.000000000000000 ) ;
#1328 = FILL_AREA_STYLE_COLOUR ( '', #447 ) ;
#1329 = DIRECTION ( 'NONE',  ( -0.000000000000000000, 0.000000000000000000, 1.000000000000000000 ) ) ;
#1330 = PRESENTATION_LAYER_ASSIGNMENT (  '', '', ( #2046 ) ) ;
#1331 = ORIENTED_EDGE ( 'NONE', *, *, #3422, .T. ) ;
#1332 = FILL_AREA_STYLE_COLOUR ( '', #2553 ) ;
#1333 = AXIS2_PLACEMENT_3D ( 'NONE', #1950, #2208, #348 ) ;
#1334 =( NAMED_UNIT ( * ) PLANE_ANGLE_UNIT ( ) SI_UNIT ( $, .RADIAN. ) );
#1335 = DIRECTION ( 'NONE',  ( -1.000000000000000000, -0.000000000000000000, -0.000000000000000000 ) ) ;
#1336 = SURFACE_STYLE_USAGE ( .BOTH. , #1296 ) ;
#1337 = ORIENTED_EDGE ( 'NONE', *, *, #2550, .F. ) ;
#1338 = EDGE_CURVE ( 'NONE', #1024, #3253, #768, .T. ) ;
#1339 = VECTOR ( 'NONE', #3, 1000.000000000000000 ) ;
#1340 =( LENGTH_UNIT ( ) NAMED_UNIT ( * ) SI_UNIT ( .MILLI., .METRE. ) );
#1341 = EDGE_LOOP ( 'NONE', ( #2829, #3182, #852, #2518 ) ) ;
#1342 = PRESENTATION_STYLE_ASSIGNMENT (( #1631 ) ) ;
#1343 =( GEOMETRIC_REPRESENTATION_CONTEXT ( 3 ) GLOBAL_UNCERTAINTY_ASSIGNED_CONTEXT ( ( #839 ) ) GLOBAL_UNIT_ASSIGNED_CONTEXT ( ( #1097, #2421, #884 ) ) REPRESENTATION_CONTEXT ( 'NONE', 'WORKASPACE' ) );
#1344 = DIRECTION ( 'NONE',  ( 1.084202172485504557E-16, -0.000000000000000000, 1.000000000000000000 ) ) ;
#1345 =( LENGTH_UNIT ( ) NAMED_UNIT ( * ) SI_UNIT ( .MILLI., .METRE. ) );
#1346 = EDGE_LOOP ( 'NONE', ( #2037, #2534, #3130, #1351 ) ) ;
#1347 = FILL_AREA_STYLE_COLOUR ( '', #2729 ) ;
#1348 = UNCERTAINTY_MEASURE_WITH_UNIT (LENGTH_MEASURE( 1.000000000000000082E-05 ), #1460, 'distance_accuracy_value', 'NONE');
#1349 = EDGE_CURVE ( 'NONE', #910, #1224, #470, .T. ) ;
#1350 = DIRECTION ( 'NONE',  ( -1.000000000000000000, -0.000000000000000000, -0.000000000000000000 ) ) ;
#1351 = ORIENTED_EDGE ( 'NONE', *, *, #2124, .T. ) ;
#1352 = VECTOR ( 'NONE', #1882, 1000.000000000000114 ) ;
#1353 = FILL_AREA_STYLE ('',( #455 ) ) ;
#1354 = ORIENTED_EDGE ( 'NONE', *, *, #911, .T. ) ;
#1355 = DIRECTION ( 'NONE',  ( 0.000000000000000000, 0.000000000000000000, -1.000000000000000000 ) ) ;
#1356 = DIRECTION ( 'NONE',  ( -1.000000000000000000, -0.000000000000000000, -0.000000000000000000 ) ) ;
#1357 = CARTESIAN_POINT ( 'NONE',  ( -1.425000000000000266, -0.1000000000000000056, 2.000000000000000444 ) ) ;
#1358 = PRODUCT_DEFINITION_SHAPE ( 'NONE', 'NONE',  #2859 ) ;
#1359 = EDGE_CURVE ( 'NONE', #3244, #1181, #2409, .T. ) ;
#1360 = MECHANICAL_DESIGN_GEOMETRIC_PRESENTATION_REPRESENTATION (  '', ( #841 ), #3329 ) ;
#1361 = MECHANICAL_DESIGN_GEOMETRIC_PRESENTATION_REPRESENTATION (  '', ( #615 ), #1649 ) ;
#1362 = SURFACE_SIDE_STYLE ('',( #1857 ) ) ;
#1363 = EDGE_LOOP ( 'NONE', ( #2479, #2115, #2025, #2143 ) ) ;
#1364 = COLOUR_RGB ( '',0.6666666666666666297, 0.6980392156862744724, 0.7686274509803920907 ) ;
#1365 = SURFACE_SIDE_STYLE ('',( #2215 ) ) ;
#1366 = LINE ( 'NONE', #1109, #1037 ) ;
#1367 = SURFACE_SIDE_STYLE ('',( #630 ) ) ;
#1368 = LINE ( 'NONE', #830, #1339 ) ;
#1369 = VERTEX_POINT ( 'NONE', #2366 ) ;
#1370 = ORIENTED_EDGE ( 'NONE', *, *, #1661, .F. ) ;
#1371 = DIRECTION ( 'NONE',  ( 0.000000000000000000, 0.000000000000000000, -1.000000000000000000 ) ) ;
#1372 = ORIENTED_EDGE ( 'NONE', *, *, #2843, .T. ) ;
#1373 = COLOUR_RGB ( '',0.6666666666666666297, 0.6980392156862744724, 0.7686274509803920907 ) ;
#1374 = SURFACE_SIDE_STYLE ('',( #2485 ) ) ;
#1375 = MECHANICAL_DESIGN_GEOMETRIC_PRESENTATION_REPRESENTATION (  '', ( #1320 ), #634 ) ;
#1376 = FILL_AREA_STYLE_COLOUR ( '', #2578 ) ;
#1377 = VERTEX_POINT ( 'NONE', #1317 ) ;
#1378 = MECHANICAL_DESIGN_GEOMETRIC_PRESENTATION_REPRESENTATION (  '', ( #1499 ), #1147 ) ;
#1379 =( LENGTH_UNIT ( ) NAMED_UNIT ( * ) SI_UNIT ( .MILLI., .METRE. ) );
#1380 = SURFACE_STYLE_FILL_AREA ( #35 ) ;
#1381 = EDGE_CURVE ( 'NONE', #2422, #1725, #2387, .T. ) ;
#1382 = VECTOR ( 'NONE', #251, 1000.000000000000000 ) ;
#1383 = CARTESIAN_POINT ( 'NONE',  ( -1.425000000000000266, -0.1000000000000000056, 2.000000000000000444 ) ) ;
#1384 = PRESENTATION_LAYER_ASSIGNMENT (  '', '', ( #347 ) ) ;
#1385 =( NAMED_UNIT ( * ) PLANE_ANGLE_UNIT ( ) SI_UNIT ( $, .RADIAN. ) );
#1386 = PRESENTATION_LAYER_ASSIGNMENT (  '', '', ( #2450 ) ) ;
#1387 = SURFACE_SIDE_STYLE ('',( #1151 ) ) ;
#1388 = ORIENTED_EDGE ( 'NONE', *, *, #710, .F. ) ;
#1389 = ORIENTED_EDGE ( 'NONE', *, *, #2338, .F. ) ;
#1390 = MECHANICAL_DESIGN_GEOMETRIC_PRESENTATION_REPRESENTATION (  '', ( #2218 ), #821 ) ;
#1391 = COLOUR_RGB ( '',0.6666666666666666297, 0.6980392156862744724, 0.7686274509803920907 ) ;
#1392 = CARTESIAN_POINT ( 'NONE',  ( -1.034999999999999920, -0.9169264188335762844, 3.500000000000000000 ) ) ;
#1393 = PRESENTATION_LAYER_ASSIGNMENT (  '', '', ( #1105 ) ) ;
#1394 = CARTESIAN_POINT ( 'NONE',  ( 1.385282743851216303, -0.8578503934364416494, -1.952832998645261942 ) ) ;
#1395 = ORIENTED_EDGE ( 'NONE', *, *, #178, .T. ) ;
#1396 = SURFACE_STYLE_FILL_AREA ( #282 ) ;
#1397 = CARTESIAN_POINT ( 'NONE',  ( 0.6350000000000000089, -0.1000000000000000056, 1.999999999999999556 ) ) ;
#1398 = FILL_AREA_STYLE_COLOUR ( '', #813 ) ;
#1399 = LINE ( 'NONE', #2514, #117 ) ;
#1400 =( LENGTH_UNIT ( ) NAMED_UNIT ( * ) SI_UNIT ( .MILLI., .METRE. ) );
#1401 = ADVANCED_FACE ( 'NONE', ( #3241 ), #800, .T. ) ;
#1402 = EDGE_LOOP ( 'NONE', ( #2572, #3109, #1912, #12 ) ) ;
#1403 = ORIENTED_EDGE ( 'NONE', *, *, #815, .T. ) ;
#1404 = AXIS2_PLACEMENT_3D ( 'NONE', #825, #552, #1852 ) ;
#1405 = DIRECTION ( 'NONE',  ( 1.000000000000000000, 0.000000000000000000, -0.000000000000000000 ) ) ;
#1406 = DIRECTION ( 'NONE',  ( -1.000000000000000000, -0.000000000000000000, -0.000000000000000000 ) ) ;
#1407 = EDGE_CURVE ( 'NONE', #3401, #3249, #515, .T. ) ;
#1408 = CARTESIAN_POINT ( 'NONE',  ( -0.6349999999999998979, -1.116926418833576351, -3.500000000000000000 ) ) ;
#1409 = ORIENTED_EDGE ( 'NONE', *, *, #2723, .T. ) ;
#1410 = AXIS2_PLACEMENT_3D ( 'NONE', #73, #1405, #2735 ) ;
#1411 = FACE_OUTER_BOUND ( 'NONE', #262, .T. ) ;
#1412 = EDGE_CURVE ( 'NONE', #866, #1215, #2694, .T. ) ;
#1413 =( GEOMETRIC_REPRESENTATION_CONTEXT ( 3 ) GLOBAL_UNCERTAINTY_ASSIGNED_CONTEXT ( ( #363 ) ) GLOBAL_UNIT_ASSIGNED_CONTEXT ( ( #2256, #680, #1423 ) ) REPRESENTATION_CONTEXT ( 'NONE', 'WORKASPACE' ) );
#1414 = DIRECTION ( 'NONE',  ( 0.000000000000000000, 3.861559712415244494E-17, -1.000000000000000000 ) ) ;
#1415 = SURFACE_SIDE_STYLE ('',( #3338 ) ) ;
#1416 = FILL_AREA_STYLE_COLOUR ( '', #1880 ) ;
#1417 = DIRECTION ( 'NONE',  ( 0.000000000000000000, -1.000000000000000000, 3.861559712415245110E-17 ) ) ;
#1418 = FILL_AREA_STYLE ('',( #2219 ) ) ;
#1419 = CIRCLE ( 'NONE', #1307, 0.2000000000000000944 ) ;
#1420 = ORIENTED_EDGE ( 'NONE', *, *, #473, .F. ) ;
#1421 = DIRECTION ( 'NONE',  ( -1.000000000000000000, -0.000000000000000000, -0.000000000000000000 ) ) ;
#1422 = CARTESIAN_POINT ( 'NONE',  ( -0.6349999999999998979, -0.9169264188335762844, -3.099520036392338529 ) ) ;
#1423 =( NAMED_UNIT ( * ) SI_UNIT ( $, .STERADIAN. ) SOLID_ANGLE_UNIT ( ) );
#1424 = MECHANICAL_DESIGN_GEOMETRIC_PRESENTATION_REPRESENTATION (  '', ( #174 ), #2257 ) ;
#1425 =( LENGTH_UNIT ( ) NAMED_UNIT ( * ) SI_UNIT ( .MILLI., .METRE. ) );
#1426 = ORIENTED_EDGE ( 'NONE', *, *, #704, .F. ) ;
#1427 = PRESENTATION_LAYER_ASSIGNMENT (  '', '', ( #1259 ) ) ;
#1428 = FILL_AREA_STYLE ('',( #668 ) ) ;
#1429 = VECTOR ( 'NONE', #1185, 1000.000000000000114 ) ;
#1430 = LINE ( 'NONE', #3356, #1212 ) ;
#1431 = FACE_OUTER_BOUND ( 'NONE', #2974, .T. ) ;
#1432 = FILL_AREA_STYLE ('',( #1416 ) ) ;
#1433 =( NAMED_UNIT ( * ) PLANE_ANGLE_UNIT ( ) SI_UNIT ( $, .RADIAN. ) );
#1434 = CYLINDRICAL_SURFACE ( 'NONE', #961, 0.1499999999999999667 ) ;
#1435 = ORIENTED_EDGE ( 'NONE', *, *, #1139, .F. ) ;
#1436 = EDGE_CURVE ( 'NONE', #2538, #3344, #2277, .T. ) ;
#1437 = PRESENTATION_LAYER_ASSIGNMENT (  '', '', ( #3017 ) ) ;
#1438 =( GEOMETRIC_REPRESENTATION_CONTEXT ( 3 ) GLOBAL_UNCERTAINTY_ASSIGNED_CONTEXT ( ( #2404 ) ) GLOBAL_UNIT_ASSIGNED_CONTEXT ( ( #1345, #2978, #2957 ) ) REPRESENTATION_CONTEXT ( 'NONE', 'WORKASPACE' ) );
#1439 = PLANE ( 'NONE',  #2768 ) ;
#1440 = UNCERTAINTY_MEASURE_WITH_UNIT (LENGTH_MEASURE( 1.000000000000000082E-05 ), #679, 'distance_accuracy_value', 'NONE');
#1441 = ADVANCED_FACE ( 'NONE', ( #2420 ), #2950, .T. ) ;
#1442 = CIRCLE ( 'NONE', #2577, 0.2000000000000000944 ) ;
#1443 = DIRECTION ( 'NONE',  ( 0.000000000000000000, 0.000000000000000000, -1.000000000000000000 ) ) ;
#1444 = LINE ( 'NONE', #891, #3487 ) ;
#1445 = EDGE_CURVE ( 'NONE', #2422, #3439, #2455, .T. ) ;
#1446 = AXIS2_PLACEMENT_3D ( 'NONE', #2297, #1511, #952 ) ;
#1447 = LINE ( 'NONE', #2526, #3205 ) ;
#1448 = EDGE_CURVE ( 'NONE', #149, #1964, #459, .T. ) ;
#1449 =( GEOMETRIC_REPRESENTATION_CONTEXT ( 3 ) GLOBAL_UNCERTAINTY_ASSIGNED_CONTEXT ( ( #2173 ) ) GLOBAL_UNIT_ASSIGNED_CONTEXT ( ( #1799, #1539, #3181 ) ) REPRESENTATION_CONTEXT ( 'NONE', 'WORKASPACE' ) );
#1450 = CARTESIAN_POINT ( 'NONE',  ( -0.6349999999999998979, -0.9169264188335762844, 3.500000000000000000 ) ) ;
#1451 = ORIENTED_EDGE ( 'NONE', *, *, #2798, .T. ) ;
#1452 =( LENGTH_UNIT ( ) NAMED_UNIT ( * ) SI_UNIT ( .MILLI., .METRE. ) );
#1453 = FILL_AREA_STYLE_COLOUR ( '', #1079 ) ;
#1454 = SURFACE_STYLE_USAGE ( .BOTH. , #1415 ) ;
#1455 = DIRECTION ( 'NONE',  ( 0.000000000000000000, 0.000000000000000000, 1.000000000000000000 ) ) ;
#1456 = EDGE_CURVE ( 'NONE', #3235, #2712, #2496, .T. ) ;
#1457 = PLANE ( 'NONE',  #2108 ) ;
#1458 = DIRECTION ( 'NONE',  ( -1.000000000000000000, -0.000000000000000000, -0.000000000000000000 ) ) ;
#1459 = EDGE_LOOP ( 'NONE', ( #3467, #1473, #2009, #1587, #365, #2767, #293, #1084 ) ) ;
#1460 =( LENGTH_UNIT ( ) NAMED_UNIT ( * ) SI_UNIT ( .MILLI., .METRE. ) );
#1461 = STYLED_ITEM ( 'NONE', ( #586 ), #916 ) ;
#1462 = FILL_AREA_STYLE ('',( #342 ) ) ;
#1463 = ORIENTED_EDGE ( 'NONE', *, *, #3493, .T. ) ;
#1464 = SURFACE_STYLE_FILL_AREA ( #585 ) ;
#1465 = LINE ( 'NONE', #873, #580 ) ;
#1466 = VECTOR ( 'NONE', #2184, 1000.000000000000114 ) ;
#1467 = CARTESIAN_POINT ( 'NONE',  ( 0.6350000000000000089, -0.7735166120661184364, -2.907693161242103308 ) ) ;
#1468 = DIRECTION ( 'NONE',  ( 0.000000000000000000, 1.000000000000000000, 0.000000000000000000 ) ) ;
#1469 = VERTEX_POINT ( 'NONE', #1669 ) ;
#1470 =( LENGTH_UNIT ( ) NAMED_UNIT ( * ) SI_UNIT ( .MILLI., .METRE. ) );
#1471 =( NAMED_UNIT ( * ) PLANE_ANGLE_UNIT ( ) SI_UNIT ( $, .RADIAN. ) );
#1472 = DIRECTION ( 'NONE',  ( 0.000000000000000000, 0.9591343757511695545, -0.2829509661627159778 ) ) ;
#1473 = ORIENTED_EDGE ( 'NONE', *, *, #2029, .T. ) ;
#1474 = SURFACE_STYLE_USAGE ( .BOTH. , #672 ) ;
#1475 = ORIENTED_EDGE ( 'NONE', *, *, #1819, .F. ) ;
#1476 = DIRECTION ( 'NONE',  ( -0.000000000000000000, 1.000000000000000000, 0.000000000000000000 ) ) ;
#1477 =( BOUNDED_CURVE ( )  B_SPLINE_CURVE ( 3, ( #534, #754, #2973, #2687 ),
 .UNSPECIFIED., .F., .T. ) 
 B_SPLINE_CURVE_WITH_KNOTS ( ( 4, 4 ),
 ( 4.712388980384689674, 6.230825429619756939 ),
 .UNSPECIFIED. ) 
 CURVE ( )  GEOMETRIC_REPRESENTATION_ITEM ( )  RATIONAL_B_SPLINE_CURVE ( ( 1.000000000000000000, 0.8169162473415250147, 0.8169162473415250147, 1.000000000000000000 ) ) 
 REPRESENTATION_ITEM ( '' )  );
#1478 = VECTOR ( 'NONE', #1414, 1000.000000000000000 ) ;
#1479 = LINE ( 'NONE', #2329, #576 ) ;
#1480 =( GEOMETRIC_REPRESENTATION_CONTEXT ( 3 ) GLOBAL_UNCERTAINTY_ASSIGNED_CONTEXT ( ( #945 ) ) GLOBAL_UNIT_ASSIGNED_CONTEXT ( ( #2753, #1951, #806 ) ) REPRESENTATION_CONTEXT ( 'NONE', 'WORKASPACE' ) );
#1481 = DIRECTION ( 'NONE',  ( -1.000000000000000000, -0.000000000000000000, -0.000000000000000000 ) ) ;
#1482 = SURFACE_STYLE_USAGE ( .BOTH. , #362 ) ;
#1483 = FILL_AREA_STYLE_COLOUR ( '', #499 ) ;
#1484 = FILL_AREA_STYLE_COLOUR ( '', #1776 ) ;
#1485 = COLOUR_RGB ( '',0.2980392156862745057, 0.2980392156862745057, 0.2980392156862745057 ) ;
#1486 = EDGE_CURVE ( 'NONE', #91, #1319, #2564, .T. ) ;
#1487 = CARTESIAN_POINT ( 'NONE',  ( 1.035000000000000142, -0.2434098067674578258, 2.542786802365558430 ) ) ;
#1488 = FACE_OUTER_BOUND ( 'NONE', #79, .T. ) ;
#1489 = VERTEX_POINT ( 'NONE', #2197 ) ;
#1490 = CYLINDRICAL_SURFACE ( 'NONE', #237, 0.2000000000000000944 ) ;
#1491 = VECTOR ( 'NONE', #1752, 1000.000000000000000 ) ;
#1492 = DIRECTION ( 'NONE',  ( -1.000000000000000000, -0.000000000000000000, -0.000000000000000000 ) ) ;
#1493 = EDGE_CURVE ( 'NONE', #181, #2229, #3288, .T. ) ;
#1494 = DIRECTION ( 'NONE',  ( 0.000000000000000000, 0.000000000000000000, 1.000000000000000000 ) ) ;
#1495 = VERTEX_POINT ( 'NONE', #3305 ) ;
#1496 = COLOUR_RGB ( '',0.6666666666666666297, 0.6980392156862744724, 0.7686274509803920907 ) ;
#1497 = STYLED_ITEM ( 'NONE', ( #2549 ), #177 ) ;
#1498 = FILL_AREA_STYLE ('',( #2305 ) ) ;
#1499 = STYLED_ITEM ( 'NONE', ( #148 ), #2016 ) ;
#1500 = VERTEX_POINT ( 'NONE', #1958 ) ;
#1501 =( NAMED_UNIT ( * ) PLANE_ANGLE_UNIT ( ) SI_UNIT ( $, .RADIAN. ) );
#1502 = ORIENTED_EDGE ( 'NONE', *, *, #2720, .F. ) ;
#1503 = CARTESIAN_POINT ( 'NONE',  ( -0.6349999999999998979, -0.9169264188335763954, -2.949999999999999734 ) ) ;
#1504 = CIRCLE ( 'NONE', #766, 0.2000000000000000944 ) ;
#1505 = EDGE_CURVE ( 'NONE', #2771, #91, #1399, .T. ) ;
#1506 = LINE ( 'NONE', #2912, #675 ) ;
#1507 = COLOUR_RGB ( '',0.2980392156862745057, 0.2980392156862745057, 0.2980392156862745057 ) ;
#1508 = PRESENTATION_STYLE_ASSIGNMENT (( #736 ) ) ;
#1509 =( GEOMETRIC_REPRESENTATION_CONTEXT ( 3 ) GLOBAL_UNCERTAINTY_ASSIGNED_CONTEXT ( ( #1308 ) ) GLOBAL_UNIT_ASSIGNED_CONTEXT ( ( #1251, #2054, #971 ) ) REPRESENTATION_CONTEXT ( 'NONE', 'WORKASPACE' ) );
#1510 = SURFACE_SIDE_STYLE ('',( #2864 ) ) ;
#1511 = DIRECTION ( 'NONE',  ( -1.000000000000000000, -0.000000000000000000, 0.000000000000000000 ) ) ;
#1512 = ORIENTED_EDGE ( 'NONE', *, *, #732, .T. ) ;
#1513 = CARTESIAN_POINT ( 'NONE',  ( -1.235488313638031244, 1.000000000000000000, 1.952832998645262830 ) ) ;
#1514 = COLOUR_RGB ( '',0.6666666666666666297, 0.6980392156862744724, 0.7686274509803920907 ) ;
#1515 =( NAMED_UNIT ( * ) PLANE_ANGLE_UNIT ( ) SI_UNIT ( $, .RADIAN. ) );
#1516 = ORIENTED_EDGE ( 'NONE', *, *, #878, .T. ) ;
#1517 = PLANE ( 'NONE',  #1 ) ;
#1518 = EDGE_CURVE ( 'NONE', #1116, #2308, #1925, .T. ) ;
#1519 = SURFACE_SIDE_STYLE ('',( #395 ) ) ;
#1520 = EDGE_CURVE ( 'NONE', #337, #307, #3273, .T. ) ;
#1521 = VECTOR ( 'NONE', #3462, 1000.000000000000000 ) ;
#1522 = ORIENTED_EDGE ( 'NONE', *, *, #3466, .F. ) ;
#1523 = SURFACE_STYLE_USAGE ( .BOTH. , #965 ) ;
#1524 = DIRECTION ( 'NONE',  ( 0.000000000000000000, -3.861559712415245110E-17, 1.000000000000000000 ) ) ;
#1525 = UNCERTAINTY_MEASURE_WITH_UNIT (LENGTH_MEASURE( 1.000000000000000082E-05 ), #760, 'distance_accuracy_value', 'NONE');
#1526 = COLOUR_RGB ( '',0.2980392156862745057, 0.2980392156862745057, 0.2980392156862745057 ) ;
#1527 = FILL_AREA_STYLE_COLOUR ( '', #954 ) ;
#1528 = CARTESIAN_POINT ( 'NONE',  ( -0.6349999999999998979, -0.2434098067674578258, 2.542786802365558430 ) ) ;
#1529 = STYLED_ITEM ( 'NONE', ( #620 ), #437 ) ;
#1530 = MECHANICAL_DESIGN_GEOMETRIC_PRESENTATION_REPRESENTATION (  '', ( #887 ), #434 ) ;
#1531 =( NAMED_UNIT ( * ) PLANE_ANGLE_UNIT ( ) SI_UNIT ( $, .RADIAN. ) );
#1532 = VERTEX_POINT ( 'NONE', #2163 ) ;
#1533 = SURFACE_STYLE_FILL_AREA ( #429 ) ;
#1534 = DIRECTION ( 'NONE',  ( 1.000000000000000000, 0.000000000000000000, -0.000000000000000000 ) ) ;
#1535 = PRESENTATION_LAYER_ASSIGNMENT (  '', '', ( #261 ) ) ;
#1536 = FACE_OUTER_BOUND ( 'NONE', #274, .T. ) ;
#1537 = VERTEX_POINT ( 'NONE', #1974 ) ;
#1538 =( NAMED_UNIT ( * ) PLANE_ANGLE_UNIT ( ) SI_UNIT ( $, .RADIAN. ) );
#1539 =( NAMED_UNIT ( * ) PLANE_ANGLE_UNIT ( ) SI_UNIT ( $, .RADIAN. ) );
#1540 = PRESENTATION_LAYER_ASSIGNMENT (  '', '', ( #615 ) ) ;
#1541 =( NAMED_UNIT ( * ) PLANE_ANGLE_UNIT ( ) SI_UNIT ( $, .RADIAN. ) );
#1542 = EDGE_LOOP ( 'NONE', ( #466, #3127, #1687, #1903 ) ) ;
#1543 = DIRECTION ( 'NONE',  ( 0.000000000000000000, 0.000000000000000000, -1.000000000000000000 ) ) ;
#1544 = ORIENTED_EDGE ( 'NONE', *, *, #546, .F. ) ;
#1545 = CIRCLE ( 'NONE', #2189, 0.2000000000000000944 ) ;
#1546 = LINE ( 'NONE', #458, #946 ) ;
#1547 = LINE ( 'NONE', #3171, #874 ) ;
#1548 = ORIENTED_EDGE ( 'NONE', *, *, #1125, .T. ) ;
#1549 = CARTESIAN_POINT ( 'NONE',  ( -1.425000000000000266, -0.1000000000000000056, 2.000000000000000444 ) ) ;
#1550 = CARTESIAN_POINT ( 'NONE',  ( 1.424999999999999378, -0.1000000000000000056, -1.999999999999999556 ) ) ;
#1551 =( LENGTH_UNIT ( ) NAMED_UNIT ( * ) SI_UNIT ( .MILLI., .METRE. ) );
#1552 = CARTESIAN_POINT ( 'NONE',  ( -0.6349999999999998979, -0.7735166120661184364, -2.907693161242103308 ) ) ;
#1553 = AXIS2_PLACEMENT_3D ( 'NONE', #38, #599, #1111 ) ;
#1554 =( NAMED_UNIT ( * ) SI_UNIT ( $, .STERADIAN. ) SOLID_ANGLE_UNIT ( ) );
#1555 = VECTOR ( 'NONE', #366, 1000.000000000000114 ) ;
#1556 = SURFACE_STYLE_FILL_AREA ( #2064 ) ;
#1557 = ORIENTED_EDGE ( 'NONE', *, *, #3262, .F. ) ;
#1558 = EDGE_CURVE ( 'NONE', #3031, #130, #847, .T. ) ;
#1559 =( LENGTH_UNIT ( ) NAMED_UNIT ( * ) SI_UNIT ( .MILLI., .METRE. ) );
#1560 = AXIS2_PLACEMENT_3D ( 'NONE', #1775, #2234, #2021 ) ;
#1561 =( NAMED_UNIT ( * ) SI_UNIT ( $, .STERADIAN. ) SOLID_ANGLE_UNIT ( ) );
#1562 = EDGE_CURVE ( 'NONE', #1594, #1278, #1653, .T. ) ;
#1563 = PRESENTATION_LAYER_ASSIGNMENT (  '', '', ( #2792 ) ) ;
#1564 = CARTESIAN_POINT ( 'NONE',  ( 1.035000000000000142, -0.9169264188335763954, 3.099520036392338529 ) ) ;
#1565 = EDGE_CURVE ( 'NONE', #1377, #2634, #1683, .T. ) ;
#1566 = UNCERTAINTY_MEASURE_WITH_UNIT (LENGTH_MEASURE( 1.000000000000000082E-05 ), #1214, 'distance_accuracy_value', 'NONE');
#1567 =( NAMED_UNIT ( * ) SI_UNIT ( $, .STERADIAN. ) SOLID_ANGLE_UNIT ( ) );
#1568 = STYLED_ITEM ( 'NONE', ( #1027 ), #2664 ) ;
#1569 = ORIENTED_EDGE ( 'NONE', *, *, #1996, .F. ) ;
#1570 = SURFACE_STYLE_FILL_AREA ( #2919 ) ;
#1571 = UNCERTAINTY_MEASURE_WITH_UNIT (LENGTH_MEASURE( 1.000000000000000082E-05 ), #676, 'distance_accuracy_value', 'NONE');
#1572 = STYLED_ITEM ( 'NONE', ( #2339 ), #2162 ) ;
#1573 = DIRECTION ( 'NONE',  ( -1.000000000000000000, -0.000000000000000000, -0.000000000000000000 ) ) ;
#1574 = ORIENTED_EDGE ( 'NONE', *, *, #1661, .T. ) ;
#1575 = ADVANCED_FACE ( 'NONE', ( #316 ), #3065, .T. ) ;
#1576 = DIRECTION ( 'NONE',  ( 0.000000000000000000, 0.000000000000000000, 1.000000000000000000 ) ) ;
#1577 = SURFACE_STYLE_USAGE ( .BOTH. , #2695 ) ;
#1578 = EDGE_LOOP ( 'NONE', ( #2618, #3231, #2922, #606 ) ) ;
#1579 = CARTESIAN_POINT ( 'NONE',  ( -0.6349999999999998979, -1.116926418833576351, -2.950000000000000622 ) ) ;
#1580 = ORIENTED_EDGE ( 'NONE', *, *, #87, .T. ) ;
#1581 = CARTESIAN_POINT ( 'NONE',  ( 0.6350000000000000089, -0.2999999999999999889, 2.350959927215324097 ) ) ;
#1582 = FILL_AREA_STYLE_COLOUR ( '', #3331 ) ;
#1583 = LINE ( 'NONE', #2672, #2535 ) ;
#1584 = CARTESIAN_POINT ( 'NONE',  ( -0.6349999999999998979, -0.9169264188335762844, 3.099520036392338529 ) ) ;
#1585 =( GEOMETRIC_REPRESENTATION_CONTEXT ( 3 ) GLOBAL_UNCERTAINTY_ASSIGNED_CONTEXT ( ( #1440 ) ) GLOBAL_UNIT_ASSIGNED_CONTEXT ( ( #679, #2309, #150 ) ) REPRESENTATION_CONTEXT ( 'NONE', 'WORKASPACE' ) );
#1586 = DIRECTION ( 'NONE',  ( -0.000000000000000000, 1.000000000000000000, 0.000000000000000000 ) ) ;
#1587 = ORIENTED_EDGE ( 'NONE', *, *, #817, .F. ) ;
#1588 =( NAMED_UNIT ( * ) PLANE_ANGLE_UNIT ( ) SI_UNIT ( $, .RADIAN. ) );
#1589 = LINE ( 'NONE', #3404, #2795 ) ;
#1590 = LINE ( 'NONE', #2094, #324 ) ;
#1591 = CARTESIAN_POINT ( 'NONE',  ( 0.000000000000000000, 0.000000000000000000, 0.000000000000000000 ) ) ;
#1592 = EDGE_LOOP ( 'NONE', ( #2867, #2286, #2076, #3132 ) ) ;
#1593 = PRESENTATION_STYLE_ASSIGNMENT (( #475 ) ) ;
#1594 = VERTEX_POINT ( 'NONE', #2816 ) ;
#1595 =( NAMED_UNIT ( * ) PLANE_ANGLE_UNIT ( ) SI_UNIT ( $, .RADIAN. ) );
#1596 = CARTESIAN_POINT ( 'NONE',  ( -0.6349999999999998979, 0.1000000000000000056, -1.999999999999999556 ) ) ;
#1597 = PRESENTATION_LAYER_ASSIGNMENT (  '', '', ( #103 ) ) ;
#1598 = PRESENTATION_LAYER_ASSIGNMENT (  '', '', ( #106 ) ) ;
#1599 =( LENGTH_UNIT ( ) NAMED_UNIT ( * ) SI_UNIT ( .MILLI., .METRE. ) );
#1600 =( GEOMETRIC_REPRESENTATION_CONTEXT ( 3 ) GLOBAL_UNCERTAINTY_ASSIGNED_CONTEXT ( ( #2861 ) ) GLOBAL_UNIT_ASSIGNED_CONTEXT ( ( #1470, #109, #2089 ) ) REPRESENTATION_CONTEXT ( 'NONE', 'WORKASPACE' ) );
#1601 = CARTESIAN_POINT ( 'NONE',  ( -1.235488313638031244, -1.000000000000000000, 1.810488313638031421 ) ) ;
#1602 = SURFACE_STYLE_USAGE ( .BOTH. , #1902 ) ;
#1603 = VERTEX_POINT ( 'NONE', #3390 ) ;
#1604 = UNCERTAINTY_MEASURE_WITH_UNIT (LENGTH_MEASURE( 1.000000000000000082E-05 ), #3025, 'distance_accuracy_value', 'NONE');
#1605 = ADVANCED_FACE ( 'NONE', ( #2056 ), #354, .T. ) ;
#1606 = DIRECTION ( 'NONE',  ( 0.000000000000000000, 0.000000000000000000, -1.000000000000000000 ) ) ;
#1607 = CARTESIAN_POINT ( 'NONE',  ( 1.235488313638030800, -1.000000000000000000, 1.810488313638031421 ) ) ;
#1608 = SURFACE_STYLE_FILL_AREA ( #3197 ) ;
#1609 =( LENGTH_UNIT ( ) NAMED_UNIT ( * ) SI_UNIT ( .MILLI., .METRE. ) );
#1610 = ORIENTED_EDGE ( 'NONE', *, *, #2125, .T. ) ;
#1611 = COLOUR_RGB ( '',0.6666666666666666297, 0.6980392156862744724, 0.7686274509803920907 ) ;
#1612 =( LENGTH_UNIT ( ) NAMED_UNIT ( * ) SI_UNIT ( .MILLI., .METRE. ) );
#1613 = ORIENTED_EDGE ( 'NONE', *, *, #37, .F. ) ;
#1614 = LINE ( 'NONE', #2955, #2179 ) ;
#1615 = COLOUR_RGB ( '',0.2980392156862745057, 0.2980392156862745057, 0.2980392156862745057 ) ;
#1616 = FILL_AREA_STYLE_COLOUR ( '', #3198 ) ;
#1617 = EDGE_CURVE ( 'NONE', #1989, #780, #1217, .T. ) ;
#1618 = DIRECTION ( 'NONE',  ( 0.000000000000000000, -0.000000000000000000, -1.000000000000000000 ) ) ;
#1619 = VECTOR ( 'NONE', #2940, 1000.000000000000000 ) ;
#1620 = ORIENTED_EDGE ( 'NONE', *, *, #551, .T. ) ;
#1621 = DIRECTION ( 'NONE',  ( 1.000000000000000000, -0.000000000000000000, -0.000000000000000000 ) ) ;
#1622 = EDGE_CURVE ( 'NONE', #1074, #1594, #1180, .T. ) ;
#1623 = DIRECTION ( 'NONE',  ( -1.000000000000000000, -0.000000000000000000, -0.000000000000000000 ) ) ;
#1624 = VECTOR ( 'NONE', #90, 1000.000000000000000 ) ;
#1625 = LINE ( 'NONE', #557, #2044 ) ;
#1626 = DIRECTION ( 'NONE',  ( 0.000000000000000000, -1.000000000000000000, 0.000000000000000000 ) ) ;
#1627 = STYLED_ITEM ( 'NONE', ( #506 ), #2276 ) ;
#1628 = ORIENTED_EDGE ( 'NONE', *, *, #1248, .F. ) ;
#1629 = ORIENTED_EDGE ( 'NONE', *, *, #2365, .T. ) ;
#1630 = ADVANCED_FACE ( 'NONE', ( #687 ), #389, .T. ) ;
#1631 = SURFACE_STYLE_USAGE ( .BOTH. , #1301 ) ;
#1632 = VERTEX_POINT ( 'NONE', #797 ) ;
#1633 = DIRECTION ( 'NONE',  ( -0.000000000000000000, 0.2829509661627160333, 0.9591343757511695545 ) ) ;
#1634 = CARTESIAN_POINT ( 'NONE',  ( -0.6349999999999998979, -0.9169264188335763954, 3.099520036392338529 ) ) ;
#1635 = DIRECTION ( 'NONE',  ( -1.000000000000000000, -0.000000000000000000, 0.000000000000000000 ) ) ;
#1636 = SURFACE_STYLE_FILL_AREA ( #542 ) ;
#1637 = CARTESIAN_POINT ( 'NONE',  ( 0.000000000000000000, -0.8500000000000000888, -1.810488313638030533 ) ) ;
#1638 = FILL_AREA_STYLE ('',( #1977 ) ) ;
#1639 = VECTOR ( 'NONE', #3312, 1000.000000000000000 ) ;
#1640 = ORIENTED_EDGE ( 'NONE', *, *, #2615, .T. ) ;
#1641 = FILL_AREA_STYLE ('',( #819 ) ) ;
#1642 = ORIENTED_EDGE ( 'NONE', *, *, #2023, .F. ) ;
#1643 = LINE ( 'NONE', #1322, #951 ) ;
#1644 =( GEOMETRIC_REPRESENTATION_CONTEXT ( 3 ) GLOBAL_UNCERTAINTY_ASSIGNED_CONTEXT ( ( #1348 ) ) GLOBAL_UNIT_ASSIGNED_CONTEXT ( ( #1460, #2170, #43 ) ) REPRESENTATION_CONTEXT ( 'NONE', 'WORKASPACE' ) );
#1645 = DIRECTION ( 'NONE',  ( 0.000000000000000000, 0.000000000000000000, -1.000000000000000000 ) ) ;
#1646 = DIRECTION ( 'NONE',  ( 0.000000000000000000, -0.9591343757511695545, 0.2829509661627159778 ) ) ;
#1647 = FILL_AREA_STYLE_COLOUR ( '', #1651 ) ;
#1648 = ORIENTED_EDGE ( 'NONE', *, *, #1094, .T. ) ;
#1649 =( GEOMETRIC_REPRESENTATION_CONTEXT ( 3 ) GLOBAL_UNCERTAINTY_ASSIGNED_CONTEXT ( ( #2543 ) ) GLOBAL_UNIT_ASSIGNED_CONTEXT ( ( #3406, #1992, #2323 ) ) REPRESENTATION_CONTEXT ( 'NONE', 'WORKASPACE' ) );
#1650 = FACE_OUTER_BOUND ( 'NONE', #212, .T. ) ;
#1651 = COLOUR_RGB ( '',0.6666666666666666297, 0.6980392156862744724, 0.7686274509803920907 ) ;
#1652 =( LENGTH_UNIT ( ) NAMED_UNIT ( * ) SI_UNIT ( .MILLI., .METRE. ) );
#1653 = LINE ( 'NONE', #334, #2945 ) ;
#1654 = ORIENTED_EDGE ( 'NONE', *, *, #2381, .T. ) ;
#1655 = VERTEX_POINT ( 'NONE', #1871 ) ;
#1656 = DIRECTION ( 'NONE',  ( 0.000000000000000000, 0.000000000000000000, 1.000000000000000000 ) ) ;
#1657 =( GEOMETRIC_REPRESENTATION_CONTEXT ( 3 ) GLOBAL_UNCERTAINTY_ASSIGNED_CONTEXT ( ( #450 ) ) GLOBAL_UNIT_ASSIGNED_CONTEXT ( ( #1741, #2320, #373 ) ) REPRESENTATION_CONTEXT ( 'NONE', 'WORKASPACE' ) );
#1658 = LINE ( 'NONE', #2738, #998 ) ;
#1659 = EDGE_LOOP ( 'NONE', ( #2523, #2434, #1574, #2251 ) ) ;
#1660 = AXIS2_PLACEMENT_3D ( 'NONE', #3369, #314, #2232 ) ;
#1661 = EDGE_CURVE ( 'NONE', #1051, #3341, #2929, .T. ) ;
#1662 = VECTOR ( 'NONE', #205, 1000.000000000000000 ) ;
#1663 = CARTESIAN_POINT ( 'NONE',  ( -0.6349999999999998979, -0.7169264188335763288, -3.099520036392337641 ) ) ;
#1664 = PLANE ( 'NONE',  #1762 ) ;
#1665 = PLANE ( 'NONE',  #2630 ) ;
#1666 = PRESENTATION_LAYER_ASSIGNMENT (  '', '', ( #530 ) ) ;
#1667 = DIRECTION ( 'NONE',  ( -1.000000000000000000, -0.000000000000000000, 0.000000000000000000 ) ) ;
#1668 = VECTOR ( 'NONE', #1940, 1000.000000000000000 ) ;
#1669 = CARTESIAN_POINT ( 'NONE',  ( -1.034999999999999920, -0.09999999999999990841, 2.350959927215323209 ) ) ;
#1670 = ORIENTED_EDGE ( 'NONE', *, *, #2029, .F. ) ;
#1671 = ORIENTED_EDGE ( 'NONE', *, *, #16, .T. ) ;
#1672 = VECTOR ( 'NONE', #77, 1000.000000000000000 ) ;
#1673 = FACE_OUTER_BOUND ( 'NONE', #476, .T. ) ;
#1674 = CIRCLE ( 'NONE', #2457, 0.2000000000000000944 ) ;
#1675 = PRESENTATION_STYLE_ASSIGNMENT (( #3265 ) ) ;
#1676 = CARTESIAN_POINT ( 'NONE',  ( 1.035000000000000142, 0.1000000000000000056, 1.999999999999999556 ) ) ;
#1677 = CARTESIAN_POINT ( 'NONE',  ( -1.034999999999999920, -0.2434098067674578258, 2.542786802365558430 ) ) ;
#1678 = SURFACE_STYLE_USAGE ( .BOTH. , #1374 ) ;
#1679 = SURFACE_SIDE_STYLE ('',( #3040 ) ) ;
#1680 = VERTEX_POINT ( 'NONE', #2691 ) ;
#1681 = PRESENTATION_STYLE_ASSIGNMENT (( #2981 ) ) ;
#1682 = LINE ( 'NONE', #1987, #2098 ) ;
#1683 = LINE ( 'NONE', #3047, #13 ) ;
#1684 = CYLINDRICAL_SURFACE ( 'NONE', #595, 0.1500000000000001887 ) ;
#1685 = VECTOR ( 'NONE', #2877, 1000.000000000000000 ) ;
#1686 = CARTESIAN_POINT ( 'NONE',  ( 1.385282743851216747, -0.8578503934364415384, 1.960282743851217369 ) ) ;
#1687 = ORIENTED_EDGE ( 'NONE', *, *, #1910, .T. ) ;
#1688 = SURFACE_STYLE_USAGE ( .BOTH. , #1929 ) ;
#1689 = FACE_OUTER_BOUND ( 'NONE', #677, .T. ) ;
#1690 = SURFACE_STYLE_USAGE ( .BOTH. , #2786 ) ;
#1691 = VECTOR ( 'NONE', #3051, 1000.000000000000000 ) ;
#1692 = DIRECTION ( 'NONE',  ( 0.000000000000000000, -1.000000000000000000, 0.000000000000000000 ) ) ;
#1693 = DIRECTION ( 'NONE',  ( -1.000000000000000000, -0.000000000000000000, -0.000000000000000000 ) ) ;
#1694 = ORIENTED_EDGE ( 'NONE', *, *, #281, .T. ) ;
#1695 = COLOUR_RGB ( '',0.6666666666666666297, 0.6980392156862744724, 0.7686274509803920907 ) ;
#1696 = CIRCLE ( 'NONE', #1970, 0.2000000000000000944 ) ;
#1697 = VECTOR ( 'NONE', #2533, 1000.000000000000000 ) ;
#1698 =( NAMED_UNIT ( * ) PLANE_ANGLE_UNIT ( ) SI_UNIT ( $, .RADIAN. ) );
#1699 = FACE_OUTER_BOUND ( 'NONE', #2699, .T. ) ;
#1700 = VECTOR ( 'NONE', #1146, 1000.000000000000000 ) ;
#1701 =( LENGTH_UNIT ( ) NAMED_UNIT ( * ) SI_UNIT ( .MILLI., .METRE. ) );
#1702 = ADVANCED_FACE ( 'NONE', ( #249 ), #2675, .T. ) ;
#1703 = LINE ( 'NONE', #1132, #2116 ) ;
#1704 = MECHANICAL_DESIGN_GEOMETRIC_PRESENTATION_REPRESENTATION (  '', ( #161 ), #272 ) ;
#1705 = VERTEX_POINT ( 'NONE', #3457 ) ;
#1706 =( NAMED_UNIT ( * ) SI_UNIT ( $, .STERADIAN. ) SOLID_ANGLE_UNIT ( ) );
#1707 = LINE ( 'NONE', #2785, #219 ) ;
#1708 = ORIENTED_EDGE ( 'NONE', *, *, #1445, .F. ) ;
#1709 = CARTESIAN_POINT ( 'NONE',  ( 1.035000000000000142, -0.2434098067674578258, 2.542786802365558430 ) ) ;
#1710 = CARTESIAN_POINT ( 'NONE',  ( 0.6350000000000000089, -0.09999999999999990841, -2.350959927215323209 ) ) ;
#1711 = LINE ( 'NONE', #3079, #1624 ) ;
#1712 = MECHANICAL_DESIGN_GEOMETRIC_PRESENTATION_REPRESENTATION (  '', ( #283 ), #1830 ) ;
#1713 = LINE ( 'NONE', #328, #3473 ) ;
#1714 = ORIENTED_EDGE ( 'NONE', *, *, #1436, .T. ) ;
#1715 = PRESENTATION_STYLE_ASSIGNMENT (( #383 ) ) ;
#1716 = MECHANICAL_DESIGN_GEOMETRIC_PRESENTATION_REPRESENTATION (  '', ( #2206 ), #2679 ) ;
#1717 = SURFACE_STYLE_FILL_AREA ( #2296 ) ;
#1718 = FACE_OUTER_BOUND ( 'NONE', #751, .T. ) ;
#1719 = CIRCLE ( 'NONE', #3399, 0.2000000000000000944 ) ;
#1720 = FACE_OUTER_BOUND ( 'NONE', #1784, .T. ) ;
#1721 = DIRECTION ( 'NONE',  ( 0.000000000000000000, 0.000000000000000000, -1.000000000000000000 ) ) ;
#1722 = MECHANICAL_DESIGN_GEOMETRIC_PRESENTATION_REPRESENTATION (  '', ( #811 ), #2902 ) ;
#1723 = DIRECTION ( 'NONE',  ( -1.000000000000000000, -0.000000000000000000, -0.000000000000000000 ) ) ;
#1724 = DIRECTION ( 'NONE',  ( -1.000000000000000000, -0.000000000000000000, 0.000000000000000000 ) ) ;
#1725 = VERTEX_POINT ( 'NONE', #448 ) ;
#1726 = SURFACE_STYLE_USAGE ( .BOTH. , #635 ) ;
#1727 =( LENGTH_UNIT ( ) NAMED_UNIT ( * ) SI_UNIT ( .MILLI., .METRE. ) );
#1728 = VECTOR ( 'NONE', #3252, 1000.000000000000114 ) ;
#1729 = LINE ( 'NONE', #421, #2951 ) ;
#1730 = FACE_OUTER_BOUND ( 'NONE', #2411, .T. ) ;
#1731 = LINE ( 'NONE', #907, #3215 ) ;
#1732 = LINE ( 'NONE', #1966, #1789 ) ;
#1733 = ADVANCED_FACE ( 'NONE', ( #2093 ), #2661, .T. ) ;
#1734 = AXIS2_PLACEMENT_3D ( 'NONE', #3081, #1189, #2258 ) ;
#1735 = FACE_OUTER_BOUND ( 'NONE', #725, .T. ) ;
#1736 = ORIENTED_EDGE ( 'NONE', *, *, #2060, .F. ) ;
#1737 = DIRECTION ( 'NONE',  ( 0.000000000000000000, 0.000000000000000000, -1.000000000000000000 ) ) ;
#1738 =( NAMED_UNIT ( * ) SI_UNIT ( $, .STERADIAN. ) SOLID_ANGLE_UNIT ( ) );
#1739 = DIRECTION ( 'NONE',  ( 1.000000000000000000, 0.000000000000000000, 0.000000000000000000 ) ) ;
#1740 = VERTEX_POINT ( 'NONE', #1288 ) ;
#1741 =( LENGTH_UNIT ( ) NAMED_UNIT ( * ) SI_UNIT ( .MILLI., .METRE. ) );
#1742 = LINE ( 'NONE', #711, #533 ) ;
#1743 = ORIENTED_EDGE ( 'NONE', *, *, #1952, .T. ) ;
#1744 = ADVANCED_FACE ( 'NONE', ( #2359 ), #3441, .T. ) ;
#1745 = CARTESIAN_POINT ( 'NONE',  ( 1.035000000000000142, -1.116926418833576351, -2.950000000000000622 ) ) ;
#1746 = PRESENTATION_LAYER_ASSIGNMENT (  '', '', ( #3371 ) ) ;
#1747 = FILL_AREA_STYLE ('',( #2800 ) ) ;
#1748 = DIRECTION ( 'NONE',  ( 0.000000000000000000, 0.000000000000000000, -1.000000000000000000 ) ) ;
#1749 = ADVANCED_FACE ( 'NONE', ( #1411 ), #48, .F. ) ;
#1750 = LINE ( 'NONE', #3333, #3091 ) ;
#1751 = AXIS2_PLACEMENT_3D ( 'NONE', #2334, #3417, #3434 ) ;
#1752 = DIRECTION ( 'NONE',  ( -1.000000000000000000, -0.000000000000000000, -0.000000000000000000 ) ) ;
#1753 = EDGE_CURVE ( 'NONE', #181, #1369, #594, .T. ) ;
#1754 = PLANE ( 'NONE',  #1660 ) ;
#1755 =( NAMED_UNIT ( * ) PLANE_ANGLE_UNIT ( ) SI_UNIT ( $, .RADIAN. ) );
#1756 = ORIENTED_EDGE ( 'NONE', *, *, #3218, .T. ) ;
#1757 = FACE_OUTER_BOUND ( 'NONE', #859, .T. ) ;
#1758 = AXIS2_PLACEMENT_3D ( 'NONE', #1943, #2782, #2440 ) ;
#1759 = CARTESIAN_POINT ( 'NONE',  ( 1.035000000000000142, -0.09999999999999990841, 2.350959927215323209 ) ) ;
#1760 = DIRECTION ( 'NONE',  ( 0.000000000000000000, -1.000000000000000000, 3.861559712415245110E-17 ) ) ;
#1761 = ORIENTED_EDGE ( 'NONE', *, *, #1112, .T. ) ;
#1762 = AXIS2_PLACEMENT_3D ( 'NONE', #2159, #3303, #1955 ) ;
#1763 = ADVANCED_FACE ( 'NONE', ( #2214 ), #2961, .F. ) ;
#1764 = STYLED_ITEM ( 'NONE', ( #2836 ), #3419 ) ;
#1765 = DIRECTION ( 'NONE',  ( -0.000000000000000000, 0.9591343757511695545, 0.2829509661627160333 ) ) ;
#1766 = ORIENTED_EDGE ( 'NONE', *, *, #810, .T. ) ;
#1767 = FILL_AREA_STYLE ('',( #2562 ) ) ;
#1768 = UNCERTAINTY_MEASURE_WITH_UNIT (LENGTH_MEASURE( 1.000000000000000082E-05 ), #1155, 'distance_accuracy_value', 'NONE');
#1769 =( NAMED_UNIT ( * ) PLANE_ANGLE_UNIT ( ) SI_UNIT ( $, .RADIAN. ) );
#1770 = DIRECTION ( 'NONE',  ( 0.000000000000000000, 0.000000000000000000, -1.000000000000000000 ) ) ;
#1771 = PRESENTATION_LAYER_ASSIGNMENT (  '', '', ( #1320 ) ) ;
#1772 = EDGE_CURVE ( 'NONE', #997, #3019, #3240, .T. ) ;
#1773 = DIRECTION ( 'NONE',  ( 0.000000000000000000, 1.000000000000000000, 0.000000000000000000 ) ) ;
#1774 = ORIENTED_EDGE ( 'NONE', *, *, #2737, .T. ) ;
#1775 = CARTESIAN_POINT ( 'NONE',  ( 0.6350000000000000089, -0.9169264188335763954, 2.949999999999999734 ) ) ;
#1776 = COLOUR_RGB ( '',0.6666666666666666297, 0.6980392156862744724, 0.7686274509803920907 ) ;
#1777 = FILL_AREA_STYLE_COLOUR ( '', #1373 ) ;
#1778 = CARTESIAN_POINT ( 'NONE',  ( -1.425000000000000266, -0.1000000000000000056, 2.000000000000000444 ) ) ;
#1779 = ORIENTED_EDGE ( 'NONE', *, *, #243, .T. ) ;
#1780 = PRESENTATION_LAYER_ASSIGNMENT (  '', '', ( #2844 ) ) ;
#1781 = DIRECTION ( 'NONE',  ( 0.000000000000000000, -1.000000000000000000, 0.000000000000000000 ) ) ;
#1782 = AXIS2_PLACEMENT_3D ( 'NONE', #2909, #3245, #1739 ) ;
#1783 = APPLICATION_PROTOCOL_DEFINITION ( 'draft international standard', 'automotive_design', 1998, #3014 ) ;
#1784 = EDGE_LOOP ( 'NONE', ( #2201, #42, #1395, #1960 ) ) ;
#1785 = STYLED_ITEM ( 'NONE', ( #1233 ), #776 ) ;
#1786 = PRESENTATION_STYLE_ASSIGNMENT (( #2601 ) ) ;
#1787 = ORIENTED_EDGE ( 'NONE', *, *, #1184, .T. ) ;
#1788 = DIRECTION ( 'NONE',  ( 0.000000000000000000, 0.000000000000000000, -1.000000000000000000 ) ) ;
#1789 = VECTOR ( 'NONE', #3298, 1000.000000000000000 ) ;
#1790 = COLOUR_RGB ( '',0.6666666666666666297, 0.6980392156862744724, 0.7686274509803920907 ) ;
#1791 = CARTESIAN_POINT ( 'NONE',  ( 0.6350000000000000089, -0.2434098067674578258, 2.542786802365558430 ) ) ;
#1792 = PLANE ( 'NONE',  #799 ) ;
#1793 = AXIS2_PLACEMENT_3D ( 'NONE', #747, #2632, #1862 ) ;
#1794 = FILL_AREA_STYLE_COLOUR ( '', #535 ) ;
#1795 = ORIENTED_EDGE ( 'NONE', *, *, #462, .T. ) ;
#1796 = AXIS2_PLACEMENT_3D ( 'NONE', #335, #2267, #3067 ) ;
#1797 = DIRECTION ( 'NONE',  ( 0.000000000000000000, -3.861559712415245110E-17, -1.000000000000000000 ) ) ;
#1798 = CARTESIAN_POINT ( 'NONE',  ( 1.035000000000000142, -0.7169264188335763288, 3.099520036392337641 ) ) ;
#1799 =( LENGTH_UNIT ( ) NAMED_UNIT ( * ) SI_UNIT ( .MILLI., .METRE. ) );
#1800 = CARTESIAN_POINT ( 'NONE',  ( -1.425000000000000266, 0.1000000000000000056, 2.000000000000000444 ) ) ;
#1801 = CARTESIAN_POINT ( 'NONE',  ( -1.034999999999999920, -1.116926418833576351, -2.950000000000000622 ) ) ;
#1802 = ORIENTED_EDGE ( 'NONE', *, *, #2663, .F. ) ;
#1803 = SURFACE_STYLE_USAGE ( .BOTH. , #984 ) ;
#1804 = DIRECTION ( 'NONE',  ( 0.000000000000000000, 0.000000000000000000, 1.000000000000000000 ) ) ;
#1805 = FACE_OUTER_BOUND ( 'NONE', #1592, .T. ) ;
#1806 = EDGE_CURVE ( 'NONE', #2896, #3057, #703, .T. ) ;
#1807 = VECTOR ( 'NONE', #2172, 1000.000000000000000 ) ;
#1808 = DIRECTION ( 'NONE',  ( 0.000000000000000000, -0.000000000000000000, 1.000000000000000000 ) ) ;
#1809 = PRESENTATION_STYLE_ASSIGNMENT (( #2866 ) ) ;
#1810 = ORIENTED_EDGE ( 'NONE', *, *, #175, .F. ) ;
#1811 = VECTOR ( 'NONE', #3278, 1000.000000000000000 ) ;
#1812 = FILL_AREA_STYLE ('',( #2361 ) ) ;
#1813 = PRESENTATION_STYLE_ASSIGNMENT (( #3210 ) ) ;
#1814 = CARTESIAN_POINT ( 'NONE',  ( 1.424999999999999378, -0.1000000000000000056, -1.999999999999999556 ) ) ;
#1815 = EDGE_CURVE ( 'NONE', #1985, #2790, #3336, .T. ) ;
#1816 =( LENGTH_UNIT ( ) NAMED_UNIT ( * ) SI_UNIT ( .MILLI., .METRE. ) );
#1817 = PRESENTATION_STYLE_ASSIGNMENT (( #1577 ) ) ;
#1818 = DIRECTION ( 'NONE',  ( 1.000000000000000000, 0.000000000000000000, -0.000000000000000000 ) ) ;
#1819 = EDGE_CURVE ( 'NONE', #2281, #1489, #2841, .T. ) ;
#1820 = ORIENTED_EDGE ( 'NONE', *, *, #1303, .F. ) ;
#1821 = ADVANCED_FACE ( 'NONE', ( #948 ), #123, .T. ) ;
#1822 = FACE_OUTER_BOUND ( 'NONE', #1920, .T. ) ;
#1823 = COLOUR_RGB ( '',0.6666666666666666297, 0.6980392156862744724, 0.7686274509803920907 ) ;
#1824 = SURFACE_SIDE_STYLE ('',( #2336 ) ) ;
#1825 = CARTESIAN_POINT ( 'NONE',  ( -1.034999999999999920, -0.7735166120661184364, -2.907693161242103308 ) ) ;
#1826 = CARTESIAN_POINT ( 'NONE',  ( 0.000000000000000000, 0.8500000000000000888, 1.810488313638031421 ) ) ;
#1827 = ORIENTED_EDGE ( 'NONE', *, *, #3186, .T. ) ;
#1828 =( LENGTH_UNIT ( ) NAMED_UNIT ( * ) SI_UNIT ( .MILLI., .METRE. ) );
#1829 = DIRECTION ( 'NONE',  ( 0.000000000000000000, 1.000000000000000000, 0.000000000000000000 ) ) ;
#1830 =( GEOMETRIC_REPRESENTATION_CONTEXT ( 3 ) GLOBAL_UNCERTAINTY_ASSIGNED_CONTEXT ( ( #2750 ) ) GLOBAL_UNIT_ASSIGNED_CONTEXT ( ( #98, #974, #649 ) ) REPRESENTATION_CONTEXT ( 'NONE', 'WORKASPACE' ) );
#1831 =( GEOMETRIC_REPRESENTATION_CONTEXT ( 3 ) GLOBAL_UNCERTAINTY_ASSIGNED_CONTEXT ( ( #995 ) ) GLOBAL_UNIT_ASSIGNED_CONTEXT ( ( #1091, #32, #809 ) ) REPRESENTATION_CONTEXT ( 'NONE', 'WORKASPACE' ) );
#1832 = ORIENTED_EDGE ( 'NONE', *, *, #2764, .F. ) ;
#1833 =( LENGTH_UNIT ( ) NAMED_UNIT ( * ) SI_UNIT ( .MILLI., .METRE. ) );
#1834 = VECTOR ( 'NONE', #3086, 1000.000000000000000 ) ;
#1835 = ORIENTED_EDGE ( 'NONE', *, *, #1048, .T. ) ;
#1836 = CARTESIAN_POINT ( 'NONE',  ( -1.319750877632058561, -0.9999999999999997780, -1.894750877632056962 ) ) ;
#1837 = MECHANICAL_DESIGN_GEOMETRIC_PRESENTATION_REPRESENTATION (  '', ( #3135 ), #2789 ) ;
#1838 = DIRECTION ( 'NONE',  ( 0.000000000000000000, 0.000000000000000000, -1.000000000000000000 ) ) ;
#1839 = CARTESIAN_POINT ( 'NONE',  ( -1.235488313638031688, 1.000000000000000000, -1.810488313638030533 ) ) ;
#1840 = VECTOR ( 'NONE', #638, 1000.000000000000000 ) ;
#1841 = LINE ( 'NONE', #2376, #3349 ) ;
#1842 = AXIS2_PLACEMENT_3D ( 'NONE', #671, #84, #1167 ) ;
#1843 = DIRECTION ( 'NONE',  ( 0.000000000000000000, 0.000000000000000000, -1.000000000000000000 ) ) ;
#1844 = VERTEX_POINT ( 'NONE', #1528 ) ;
#1845 =( GEOMETRIC_REPRESENTATION_CONTEXT ( 3 ) GLOBAL_UNCERTAINTY_ASSIGNED_CONTEXT ( ( #3219 ) ) GLOBAL_UNIT_ASSIGNED_CONTEXT ( ( #1192, #1755, #2423 ) ) REPRESENTATION_CONTEXT ( 'NONE', 'WORKASPACE' ) );
#1846 = DIRECTION ( 'NONE',  ( 0.000000000000000000, 0.000000000000000000, 1.000000000000000000 ) ) ;
#1847 = ORIENTED_EDGE ( 'NONE', *, *, #1359, .F. ) ;
#1848 = COLOUR_RGB ( '',0.6666666666666666297, 0.6980392156862744724, 0.7686274509803920907 ) ;
#1849 = PRESENTATION_STYLE_ASSIGNMENT (( #2345 ) ) ;
#1850 = ORIENTED_EDGE ( 'NONE', *, *, #343, .F. ) ;
#1851 = CARTESIAN_POINT ( 'NONE',  ( 0.6350000000000000089, 0.1000000000000000056, 2.500479963607661116 ) ) ;
#1852 = DIRECTION ( 'NONE',  ( 0.000000000000000000, -0.000000000000000000, -1.000000000000000000 ) ) ;
#1853 = EDGE_CURVE ( 'NONE', #2081, #3328, #2606, .T. ) ;
#1854 = CARTESIAN_POINT ( 'NONE',  ( -0.6349999999999998979, -0.7735166120661184364, 2.907693161242103308 ) ) ;
#1855 = STYLED_ITEM ( 'NONE', ( #1121 ), #921 ) ;
#1856 = CARTESIAN_POINT ( 'NONE',  ( -1.380872781989107567, 0.9419974785150239116, 1.955872781989107745 ) ) ;
#1857 = SURFACE_STYLE_FILL_AREA ( #2414 ) ;
#1858 = ORIENTED_EDGE ( 'NONE', *, *, #2166, .T. ) ;
#1859 = AXIS2_PLACEMENT_3D ( 'NONE', #2372, #1035, #1838 ) ;
#1860 = DIRECTION ( 'NONE',  ( -1.000000000000000000, -0.000000000000000000, 0.000000000000000000 ) ) ;
#1861 =( NAMED_UNIT ( * ) SI_UNIT ( $, .STERADIAN. ) SOLID_ANGLE_UNIT ( ) );
#1862 = DIRECTION ( 'NONE',  ( 0.000000000000000000, 0.000000000000000000, 1.000000000000000000 ) ) ;
#1863 = EDGE_LOOP ( 'NONE', ( #1947, #2481, #2685, #568 ) ) ;
#1864 = VECTOR ( 'NONE', #3196, 1000.000000000000000 ) ;
#1865 = EDGE_CURVE ( 'NONE', #997, #3326, #2548, .T. ) ;
#1866 =( GEOMETRIC_REPRESENTATION_CONTEXT ( 3 ) GLOBAL_UNCERTAINTY_ASSIGNED_CONTEXT ( ( #405 ) ) GLOBAL_UNIT_ASSIGNED_CONTEXT ( ( #2035, #1211, #368 ) ) REPRESENTATION_CONTEXT ( 'NONE', 'WORKASPACE' ) );
#1867 = UNCERTAINTY_MEASURE_WITH_UNIT (LENGTH_MEASURE( 1.000000000000000082E-05 ), #1425, 'distance_accuracy_value', 'NONE');
#1868 = CARTESIAN_POINT ( 'NONE',  ( 0.000000000000000000, 0.8500000000000000888, -1.810488313638030533 ) ) ;
#1869 = CARTESIAN_POINT ( 'NONE',  ( 0.6350000000000000089, -0.9169264188335762844, 3.500000000000000000 ) ) ;
#1870 = ORIENTED_EDGE ( 'NONE', *, *, #1622, .T. ) ;
#1871 = CARTESIAN_POINT ( 'NONE',  ( 0.6350000000000000089, -0.1000000000000000056, 1.999999999999999556 ) ) ;
#1872 = CARTESIAN_POINT ( 'NONE',  ( -0.6349999999999998979, -1.116926418833576351, 2.950000000000000622 ) ) ;
#1873 = UNCERTAINTY_MEASURE_WITH_UNIT (LENGTH_MEASURE( 1.000000000000000082E-05 ), #323, 'distance_accuracy_value', 'NONE');
#1874 =( NAMED_UNIT ( * ) PLANE_ANGLE_UNIT ( ) SI_UNIT ( $, .RADIAN. ) );
#1875 = ADVANCED_FACE ( 'NONE', ( #683 ), #3102, .T. ) ;
#1876 = LINE ( 'NONE', #2437, #1382 ) ;
#1877 = EDGE_CURVE ( 'NONE', #2265, #2135, #2088, .T. ) ;
#1878 = DIRECTION ( 'NONE',  ( -1.000000000000000000, -0.000000000000000000, 0.000000000000000000 ) ) ;
#1879 = VERTEX_POINT ( 'NONE', #737 ) ;
#1880 = COLOUR_RGB ( '',0.2980392156862745057, 0.2980392156862745057, 0.2980392156862745057 ) ;
#1881 = VERTEX_POINT ( 'NONE', #2073 ) ;
#1882 = DIRECTION ( 'NONE',  ( -0.05226442768871395611, 0.9972646886342372285, 0.05226442768871396999 ) ) ;
#1883 =( NAMED_UNIT ( * ) PLANE_ANGLE_UNIT ( ) SI_UNIT ( $, .RADIAN. ) );
#1884 = CARTESIAN_POINT ( 'NONE',  ( -1.425000000000000711, -0.1000000000000000056, -1.999999999999999556 ) ) ;
#1885 = FACE_OUTER_BOUND ( 'NONE', #953, .T. ) ;
#1886 = VECTOR ( 'NONE', #312, 1000.000000000000000 ) ;
#1887 = ORIENTED_EDGE ( 'NONE', *, *, #546, .T. ) ;
#1888 = FILL_AREA_STYLE_COLOUR ( '', #1089 ) ;
#1889 = DIRECTION ( 'NONE',  ( -1.000000000000000000, -0.000000000000000000, -0.000000000000000000 ) ) ;
#1890 = CARTESIAN_POINT ( 'NONE',  ( 1.035000000000000142, 0.1000000000000000056, -1.999999999999999556 ) ) ;
#1891 = DIRECTION ( 'NONE',  ( 0.000000000000000000, 1.000000000000000000, 0.000000000000000000 ) ) ;
#1892 =( GEOMETRIC_REPRESENTATION_CONTEXT ( 3 ) GLOBAL_UNCERTAINTY_ASSIGNED_CONTEXT ( ( #28 ) ) GLOBAL_UNIT_ASSIGNED_CONTEXT ( ( #2721, #2705, #2979 ) ) REPRESENTATION_CONTEXT ( 'NONE', 'WORKASPACE' ) );
#1893 = DIRECTION ( 'NONE',  ( 1.000000000000000000, 0.000000000000000000, 0.000000000000000000 ) ) ;
#1894 = FILL_AREA_STYLE ('',( #1582 ) ) ;
#1895 = VERTEX_POINT ( 'NONE', #759 ) ;
#1896 = DIRECTION ( 'NONE',  ( 0.000000000000000000, 1.000000000000000000, 0.000000000000000000 ) ) ;
#1897 = ORIENTED_EDGE ( 'NONE', *, *, #922, .T. ) ;
#1898 = EDGE_CURVE ( 'NONE', #2308, #1655, #442, .T. ) ;
#1899 = LINE ( 'NONE', #2463, #1466 ) ;
#1900 = ORIENTED_EDGE ( 'NONE', *, *, #2702, .F. ) ;
#1901 = SURFACE_SIDE_STYLE ('',( #2627 ) ) ;
#1902 = SURFACE_SIDE_STYLE ('',( #1073 ) ) ;
#1903 = ORIENTED_EDGE ( 'NONE', *, *, #1617, .T. ) ;
#1904 = CARTESIAN_POINT ( 'NONE',  ( -1.034999999999999920, -0.1000000000000000056, 1.999999999999999556 ) ) ;
#1905 = FILL_AREA_STYLE ('',( #610 ) ) ;
#1906 = CARTESIAN_POINT ( 'NONE',  ( -0.6349999999999998979, -0.9169264188335762844, 3.500000000000000000 ) ) ;
#1907 = FILL_AREA_STYLE_COLOUR ( '', #537 ) ;
#1908 = DIRECTION ( 'NONE',  ( 1.000000000000000000, 0.000000000000000000, -1.084202172485504064E-16 ) ) ;
#1909 = VERTEX_POINT ( 'NONE', #1564 ) ;
#1910 = EDGE_CURVE ( 'NONE', #1224, #1989, #1841, .T. ) ;
#1911 = LINE ( 'NONE', #2970, #1274 ) ;
#1912 = ORIENTED_EDGE ( 'NONE', *, *, #3480, .F. ) ;
#1913 = CARTESIAN_POINT ( 'NONE',  ( 1.035000000000000142, -0.9169264188335762844, 3.099520036392338529 ) ) ;
#1914 = EDGE_CURVE ( 'NONE', #1725, #1968, #179, .T. ) ;
#1915 = LINE ( 'NONE', #1157, #949 ) ;
#1916 = MECHANICAL_DESIGN_GEOMETRIC_PRESENTATION_REPRESENTATION (  '', ( #3437 ), #558 ) ;
#1917 = CARTESIAN_POINT ( 'NONE',  ( 1.035000000000000142, -0.9169264188335762844, 3.500000000000000000 ) ) ;
#1918 = VECTOR ( 'NONE', #2921, 1000.000000000000000 ) ;
#1919 = SURFACE_STYLE_FILL_AREA ( #3496 ) ;
#1920 = EDGE_LOOP ( 'NONE', ( #1502, #2259, #584, #2462 ) ) ;
#1921 = STYLED_ITEM ( 'NONE', ( #2261 ), #3321 ) ;
#1922 = CARTESIAN_POINT ( 'NONE',  ( 1.035000000000000142, -0.9735166120661183919, 2.758173124849765401 ) ) ;
#1923 = DIRECTION ( 'NONE',  ( 0.000000000000000000, 3.861559712415244494E-17, 1.000000000000000000 ) ) ;
#1924 = MECHANICAL_DESIGN_GEOMETRIC_PRESENTATION_REPRESENTATION (  '', ( #2830 ), #1480 ) ;
#1925 = LINE ( 'NONE', #3027, #1036 ) ;
#1926 = CARTESIAN_POINT ( 'NONE',  ( 1.424999999999999822, -0.1000000000000000056, 2.000000000000000444 ) ) ;
#1927 = ORIENTED_EDGE ( 'NONE', *, *, #1222, .T. ) ;
#1928 = EDGE_LOOP ( 'NONE', ( #2728, #371, #2493, #1900, #2157, #2169, #3450, #1169, #160, #220, #253, #653 ) ) ;
#1929 = SURFACE_SIDE_STYLE ('',( #1117 ) ) ;
#1930 = LINE ( 'NONE', #1422, #503 ) ;
#1931 = AXIS2_PLACEMENT_3D ( 'NONE', #1584, #1250, #2925 ) ;
#1932 = SURFACE_STYLE_FILL_AREA ( #2774 ) ;
#1933 = PRESENTATION_LAYER_ASSIGNMENT (  '', '', ( #3135 ) ) ;
#1934 = CARTESIAN_POINT ( 'NONE',  ( 1.035000000000000142, -1.116926418833576351, -2.950000000000000622 ) ) ;
#1935 = ORIENTED_EDGE ( 'NONE', *, *, #1407, .F. ) ;
#1936 = VECTOR ( 'NONE', #2569, 1000.000000000000000 ) ;
#1937 = DIRECTION ( 'NONE',  ( -1.000000000000000000, -0.000000000000000000, -0.000000000000000000 ) ) ;
#1938 = FILL_AREA_STYLE_COLOUR ( '', #1364 ) ;
#1939 =( GEOMETRIC_REPRESENTATION_CONTEXT ( 3 ) GLOBAL_UNCERTAINTY_ASSIGNED_CONTEXT ( ( #1315 ) ) GLOBAL_UNIT_ASSIGNED_CONTEXT ( ( #97, #1194, #275 ) ) REPRESENTATION_CONTEXT ( 'NONE', 'WORKASPACE' ) );
#1940 = DIRECTION ( 'NONE',  ( 0.000000000000000000, 3.861559712415244494E-17, -1.000000000000000000 ) ) ;
#1941 = DIRECTION ( 'NONE',  ( 0.000000000000000000, 3.861559712415244494E-17, 1.000000000000000000 ) ) ;
#1942 = DIRECTION ( 'NONE',  ( 1.000000000000000000, -0.000000000000000000, -0.000000000000000000 ) ) ;
#1943 = CARTESIAN_POINT ( 'NONE',  ( -0.6349999999999998979, -0.09999999999999997780, -2.500479963607662004 ) ) ;
#1944 = ORIENTED_EDGE ( 'NONE', *, *, #3136, .T. ) ;
#1945 = CARTESIAN_POINT ( 'NONE',  ( -1.034999999999999920, 0.1000000000000000056, 1.999999999999999556 ) ) ;
#1946 = STYLED_ITEM ( 'NONE', ( #2439 ), #2498 ) ;
#1947 = ORIENTED_EDGE ( 'NONE', *, *, #3072, .T. ) ;
#1948 = LINE ( 'NONE', #89, #25 ) ;
#1949 = CARTESIAN_POINT ( 'NONE',  ( -1.425000000000000266, -0.1000000000000000056, 2.000000000000000444 ) ) ;
#1950 = CARTESIAN_POINT ( 'NONE',  ( 0.6350000000000000089, -0.2999999999999999889, 2.350959927215324097 ) ) ;
#1951 =( NAMED_UNIT ( * ) PLANE_ANGLE_UNIT ( ) SI_UNIT ( $, .RADIAN. ) );
#1952 = EDGE_CURVE ( 'NONE', #1181, #2063, #1719, .T. ) ;
#1953 = CARTESIAN_POINT ( 'NONE',  ( -0.6349999999999998979, -0.9735166120661183919, -2.758173124849765401 ) ) ;
#1954 = ORIENTED_EDGE ( 'NONE', *, *, #1505, .T. ) ;
#1955 = DIRECTION ( 'NONE',  ( 0.000000000000000000, -0.000000000000000000, -1.000000000000000000 ) ) ;
#1956 = ADVANCED_FACE ( 'NONE', ( #1805 ), #1021, .F. ) ;
#1957 = LINE ( 'NONE', #2216, #404 ) ;
#1958 = CARTESIAN_POINT ( 'NONE',  ( 0.6349999999999994538, -0.1000000000000000056, -1.999999999999999556 ) ) ;
#1959 = SURFACE_STYLE_USAGE ( .BOTH. , #544 ) ;
#1960 = ORIENTED_EDGE ( 'NONE', *, *, #1520, .T. ) ;
#1961 = CARTESIAN_POINT ( 'NONE',  ( 1.424999999999999378, -0.1000000000000000056, -1.999999999999999556 ) ) ;
#1962 = PRESENTATION_LAYER_ASSIGNMENT (  '', '', ( #1529 ) ) ;
#1963 = UNCERTAINTY_MEASURE_WITH_UNIT (LENGTH_MEASURE( 1.000000000000000082E-05 ), #2848, 'distance_accuracy_value', 'NONE');
#1964 = VERTEX_POINT ( 'NONE', #775 ) ;
#1965 = LINE ( 'NONE', #2751, #2104 ) ;
#1966 = CARTESIAN_POINT ( 'NONE',  ( -0.6349999999999998979, -0.2434098067674578258, -2.542786802365558430 ) ) ;
#1967 = DIRECTION ( 'NONE',  ( -1.084202172485504434E-16, -1.055768021563217230E-36, -1.000000000000000000 ) ) ;
#1968 = VERTEX_POINT ( 'NONE', #1854 ) ;
#1969 = FILL_AREA_STYLE ('',( #1484 ) ) ;
#1970 = AXIS2_PLACEMENT_3D ( 'NONE', #168, #715, #375 ) ;
#1971 = DIRECTION ( 'NONE',  ( 0.000000000000000000, -0.000000000000000000, 1.000000000000000000 ) ) ;
#1972 = FILL_AREA_STYLE ('',( #3320 ) ) ;
#1973 = DIRECTION ( 'NONE',  ( -1.000000000000000000, -0.000000000000000000, -0.000000000000000000 ) ) ;
#1974 = CARTESIAN_POINT ( 'NONE',  ( -0.6349999999999998979, -0.7735166120661184364, -2.907693161242103308 ) ) ;
#1975 = LINE ( 'NONE', #631, #583 ) ;
#1976 = ADVANCED_FACE ( 'NONE', ( #501 ), #2673, .F. ) ;
#1977 = FILL_AREA_STYLE_COLOUR ( '', #2990 ) ;
#1978 = ORIENTED_EDGE ( 'NONE', *, *, #1177, .T. ) ;
#1979 = DIRECTION ( 'NONE',  ( 0.000000000000000000, 0.000000000000000000, -1.000000000000000000 ) ) ;
#1980 = FILL_AREA_STYLE ('',( #1997 ) ) ;
#1981 = DIRECTION ( 'NONE',  ( 0.000000000000000000, 0.9591343757511695545, -0.2829509661627159778 ) ) ;
#1982 =( LENGTH_UNIT ( ) NAMED_UNIT ( * ) SI_UNIT ( .MILLI., .METRE. ) );
#1983 = LINE ( 'NONE', #926, #930 ) ;
#1984 = DIRECTION ( 'NONE',  ( -1.084202172485504557E-16, 0.000000000000000000, -1.000000000000000000 ) ) ;
#1985 = VERTEX_POINT ( 'NONE', #1801 ) ;
#1986 = SURFACE_STYLE_USAGE ( .BOTH. , #666 ) ;
#1987 = CARTESIAN_POINT ( 'NONE',  ( -1.034999999999999920, 0.1000000000000000056, -1.999999999999999556 ) ) ;
#1988 = FILL_AREA_STYLE ('',( #2513 ) ) ;
#1989 = VERTEX_POINT ( 'NONE', #2803 ) ;
#1990 = PRESENTATION_STYLE_ASSIGNMENT (( #1254 ) ) ;
#1991 = PRESENTATION_STYLE_ASSIGNMENT (( #2250 ) ) ;
#1992 =( NAMED_UNIT ( * ) PLANE_ANGLE_UNIT ( ) SI_UNIT ( $, .RADIAN. ) );
#1993 = CIRCLE ( 'NONE', #986, 0.2000000000000000944 ) ;
#1994 = EDGE_LOOP ( 'NONE', ( #1642, #1475, #1101, #2910 ) ) ;
#1995 =( NAMED_UNIT ( * ) SI_UNIT ( $, .STERADIAN. ) SOLID_ANGLE_UNIT ( ) );
#1996 = EDGE_CURVE ( 'NONE', #1909, #2135, #2047, .T. ) ;
#1997 = FILL_AREA_STYLE_COLOUR ( '', #2209 ) ;
#1998 = CYLINDRICAL_SURFACE ( 'NONE', #346, 0.2000000000000000944 ) ;
#1999 = DIRECTION ( 'NONE',  ( -1.000000000000000000, -0.000000000000000000, -0.000000000000000000 ) ) ;
#2000 = UNCERTAINTY_MEASURE_WITH_UNIT (LENGTH_MEASURE( 1.000000000000000082E-05 ), #2024, 'distance_accuracy_value', 'NONE');
#2001 =( GEOMETRIC_REPRESENTATION_CONTEXT ( 3 ) GLOBAL_UNCERTAINTY_ASSIGNED_CONTEXT ( ( #325 ) ) GLOBAL_UNIT_ASSIGNED_CONTEXT ( ( #628, #3089, #2299 ) ) REPRESENTATION_CONTEXT ( 'NONE', 'WORKASPACE' ) );
#2002 = MECHANICAL_DESIGN_GEOMETRIC_PRESENTATION_REPRESENTATION (  '', ( #192 ), #3028 ) ;
#2003 = DIRECTION ( 'NONE',  ( -1.000000000000000000, -0.000000000000000000, 0.000000000000000000 ) ) ;
#2004 = EDGE_LOOP ( 'NONE', ( #919, #1409, #1761, #3484, #2706, #3308, #1820, #1463 ) ) ;
#2005 =( LENGTH_UNIT ( ) NAMED_UNIT ( * ) SI_UNIT ( .MILLI., .METRE. ) );
#2006 = FACE_OUTER_BOUND ( 'NONE', #1459, .T. ) ;
#2007 = CARTESIAN_POINT ( 'NONE',  ( 1.035000000000000142, -0.2434098067674578258, 2.542786802365558430 ) ) ;
#2008 =( LENGTH_UNIT ( ) NAMED_UNIT ( * ) SI_UNIT ( .MILLI., .METRE. ) );
#2009 = ORIENTED_EDGE ( 'NONE', *, *, #3118, .T. ) ;
#2010 = SURFACE_SIDE_STYLE ('',( #1235 ) ) ;
#2011 = ORIENTED_EDGE ( 'NONE', *, *, #2102, .F. ) ;
#2012 = AXIS2_PLACEMENT_3D ( 'NONE', #1503, #1481, #1244 ) ;
#2013 = SURFACE_STYLE_USAGE ( .BOTH. , #941 ) ;
#2014 = ORIENTED_EDGE ( 'NONE', *, *, #134, .F. ) ;
#2015 = PLANE ( 'NONE',  #369 ) ;
#2016 = ADVANCED_FACE ( 'NONE', ( #2254 ), #3148, .T. ) ;
#2017 = STYLED_ITEM ( 'NONE', ( #1508 ), #322 ) ;
#2018 = SURFACE_STYLE_FILL_AREA ( #2279 ) ;
#2019 = FILL_AREA_STYLE_COLOUR ( '', #1790 ) ;
#2020 = EDGE_LOOP ( 'NONE', ( #3163, #1766, #1548, #239 ) ) ;
#2021 = DIRECTION ( 'NONE',  ( 0.000000000000000000, 0.000000000000000000, 1.000000000000000000 ) ) ;
#2022 = STYLED_ITEM ( 'NONE', ( #561 ), #3022 ) ;
#2023 = EDGE_CURVE ( 'NONE', #1489, #3326, #2579, .T. ) ;
#2024 =( LENGTH_UNIT ( ) NAMED_UNIT ( * ) SI_UNIT ( .MILLI., .METRE. ) );
#2025 = ORIENTED_EDGE ( 'NONE', *, *, #2663, .T. ) ;
#2026 =( GEOMETRIC_REPRESENTATION_CONTEXT ( 3 ) GLOBAL_UNCERTAINTY_ASSIGNED_CONTEXT ( ( #2824 ) ) GLOBAL_UNIT_ASSIGNED_CONTEXT ( ( #2741, #1698, #3256 ) ) REPRESENTATION_CONTEXT ( 'NONE', 'WORKASPACE' ) );
#2027 = CARTESIAN_POINT ( 'NONE',  ( -0.6349999999999998979, -0.09999999999999990841, 2.350959927215323209 ) ) ;
#2028 = PRESENTATION_LAYER_ASSIGNMENT (  '', '', ( #2830 ) ) ;
#2029 = EDGE_CURVE ( 'NONE', #2619, #3007, #1729, .T. ) ;
#2030 = DIRECTION ( 'NONE',  ( 1.000000000000000000, 0.000000000000000000, 0.000000000000000000 ) ) ;
#2031 = ORIENTED_EDGE ( 'NONE', *, *, #3279, .F. ) ;
#2032 = PRESENTATION_STYLE_ASSIGNMENT (( #963 ) ) ;
#2033 = FACE_OUTER_BOUND ( 'NONE', #3318, .T. ) ;
#2034 = DIRECTION ( 'NONE',  ( 0.000000000000000000, 0.000000000000000000, 1.000000000000000000 ) ) ;
#2035 =( LENGTH_UNIT ( ) NAMED_UNIT ( * ) SI_UNIT ( .MILLI., .METRE. ) );
#2036 = SURFACE_STYLE_FILL_AREA ( #465 ) ;
#2037 = ORIENTED_EDGE ( 'NONE', *, *, #3316, .F. ) ;
#2038 = FILL_AREA_STYLE_COLOUR ( '', #1485 ) ;
#2039 = DIRECTION ( 'NONE',  ( 1.000000000000000000, -0.000000000000000000, 0.000000000000000000 ) ) ;
#2040 = UNCERTAINTY_MEASURE_WITH_UNIT (LENGTH_MEASURE( 1.000000000000000082E-05 ), #674, 'distance_accuracy_value', 'NONE');
#2041 = CARTESIAN_POINT ( 'NONE',  ( -1.425000000000000711, -0.1000000000000000056, -1.999999999999999556 ) ) ;
#2042 = ORIENTED_EDGE ( 'NONE', *, *, #1139, .T. ) ;
#2043 = COLOUR_RGB ( '',0.2980392156862745057, 0.2980392156862745057, 0.2980392156862745057 ) ;
#2044 = VECTOR ( 'NONE', #1350, 1000.000000000000000 ) ;
#2045 = PRESENTATION_STYLE_ASSIGNMENT (( #979 ) ) ;
#2046 = STYLED_ITEM ( 'NONE', ( #2719 ), #827 ) ;
#2047 = LINE ( 'NONE', #359, #2152 ) ;
#2048 = VERTEX_POINT ( 'NONE', #924 ) ;
#2049 = SURFACE_SIDE_STYLE ('',( #734 ) ) ;
#2050 = LINE ( 'NONE', #441, #2659 ) ;
#2051 =( GEOMETRIC_REPRESENTATION_CONTEXT ( 3 ) GLOBAL_UNCERTAINTY_ASSIGNED_CONTEXT ( ( #1058 ) ) GLOBAL_UNIT_ASSIGNED_CONTEXT ( ( #1310, #229, #524 ) ) REPRESENTATION_CONTEXT ( 'NONE', 'WORKASPACE' ) );
#2052 = SURFACE_SIDE_STYLE ('',( #1268 ) ) ;
#2053 = EDGE_CURVE ( 'NONE', #2575, #1632, #1479, .T. ) ;
#2054 =( NAMED_UNIT ( * ) PLANE_ANGLE_UNIT ( ) SI_UNIT ( $, .RADIAN. ) );
#2055 = VERTEX_POINT ( 'NONE', #3075 ) ;
#2056 = FACE_OUTER_BOUND ( 'NONE', #2770, .T. ) ;
#2057 = ADVANCED_FACE ( 'NONE', ( #637 ), #118, .T. ) ;
#2058 = SURFACE_SIDE_STYLE ('',( #214 ) ) ;
#2059 = CARTESIAN_POINT ( 'NONE',  ( -0.6349999999999998979, -0.7169264188335763288, 3.099520036392337641 ) ) ;
#2060 = EDGE_CURVE ( 'NONE', #1680, #1377, #1032, .T. ) ;
#2061 = SURFACE_STYLE_FILL_AREA ( #187 ) ;
#2062 =( NAMED_UNIT ( * ) SI_UNIT ( $, .STERADIAN. ) SOLID_ANGLE_UNIT ( ) );
#2063 = VERTEX_POINT ( 'NONE', #1579 ) ;
#2064 = FILL_AREA_STYLE ('',( #2082 ) ) ;
#2065 = ORIENTED_EDGE ( 'NONE', *, *, #3480, .T. ) ;
#2066 = DIRECTION ( 'NONE',  ( -1.000000000000000000, 0.000000000000000000, -0.000000000000000000 ) ) ;
#2067 = MECHANICAL_DESIGN_GEOMETRIC_PRESENTATION_REPRESENTATION (  '', ( #2287 ), #2519 ) ;
#2068 = FILL_AREA_STYLE ('',( #3150 ) ) ;
#2069 = ADVANCED_FACE ( 'NONE', ( #2369 ), #189, .T. ) ;
#2070 = PRESENTATION_STYLE_ASSIGNMENT (( #985 ) ) ;
#2071 = PRESENTATION_LAYER_ASSIGNMENT (  '', '', ( #2236 ) ) ;
#2072 = CYLINDRICAL_SURFACE ( 'NONE', #2355, 0.2000000000000000944 ) ;
#2073 = CARTESIAN_POINT ( 'NONE',  ( -1.034999999999999920, 0.1000000000000000056, 2.500479963607661116 ) ) ;
#2074 =( NAMED_UNIT ( * ) SI_UNIT ( $, .STERADIAN. ) SOLID_ANGLE_UNIT ( ) );
#2075 =( NAMED_UNIT ( * ) SI_UNIT ( $, .STERADIAN. ) SOLID_ANGLE_UNIT ( ) );
#2076 = ORIENTED_EDGE ( 'NONE', *, *, #1034, .F. ) ;
#2077 = SURFACE_SIDE_STYLE ('',( #1570 ) ) ;
#2078 = AXIS2_PLACEMENT_3D ( 'NONE', #1745, #1476, #394 ) ;
#2079 = UNCERTAINTY_MEASURE_WITH_UNIT (LENGTH_MEASURE( 1.000000000000000082E-05 ), #2005, 'distance_accuracy_value', 'NONE');
#2080 = LINE ( 'NONE', #1552, #1918 ) ;
#2081 = VERTEX_POINT ( 'NONE', #2683 ) ;
#2082 = FILL_AREA_STYLE_COLOUR ( '', #231 ) ;
#2083 = ORIENTED_EDGE ( 'NONE', *, *, #87, .F. ) ;
#2084 = STYLED_ITEM ( 'NONE', ( #2556 ), #3100 ) ;
#2085 =( NAMED_UNIT ( * ) PLANE_ANGLE_UNIT ( ) SI_UNIT ( $, .RADIAN. ) );
#2086 = AXIS2_PLACEMENT_3D ( 'NONE', #1868, #988, #522 ) ;
#2087 = FILL_AREA_STYLE ('',( #1306 ) ) ;
#2088 = LINE ( 'NONE', #3206, #2897 ) ;
#2089 =( NAMED_UNIT ( * ) SI_UNIT ( $, .STERADIAN. ) SOLID_ANGLE_UNIT ( ) );
#2090 = DIRECTION ( 'NONE',  ( -1.084202172485504434E-16, -1.055768021563217230E-36, -1.000000000000000000 ) ) ;
#2091 = ORIENTED_EDGE ( 'NONE', *, *, #911, .F. ) ;
#2092 = ADVANCED_FACE ( 'NONE', ( #517 ), #2953, .F. ) ;
#2093 = FACE_OUTER_BOUND ( 'NONE', #820, .T. ) ;
#2094 = CARTESIAN_POINT ( 'NONE',  ( 1.424999999999999822, -0.1000000000000000056, 2.000000000000000444 ) ) ;
#2095 = FILL_AREA_STYLE_COLOUR ( '', #3482 ) ;
#2096 =( GEOMETRIC_REPRESENTATION_CONTEXT ( 3 ) GLOBAL_UNCERTAINTY_ASSIGNED_CONTEXT ( ( #3158 ) ) GLOBAL_UNIT_ASSIGNED_CONTEXT ( ( #569, #2724, #2707 ) ) REPRESENTATION_CONTEXT ( 'NONE', 'WORKASPACE' ) );
#2097 = ADVANCED_FACE ( 'NONE', ( #1720 ), #1178, .T. ) ;
#2098 = VECTOR ( 'NONE', #3062, 1000.000000000000000 ) ;
#2099 = ORIENTED_EDGE ( 'NONE', *, *, #1914, .F. ) ;
#2100 =( GEOMETRIC_REPRESENTATION_CONTEXT ( 3 ) GLOBAL_UNCERTAINTY_ASSIGNED_CONTEXT ( ( #2900 ) ) GLOBAL_UNIT_ASSIGNED_CONTEXT ( ( #3435, #3453, #2892 ) ) REPRESENTATION_CONTEXT ( 'NONE', 'WORKASPACE' ) );
#2101 = CARTESIAN_POINT ( 'NONE',  ( -1.425000000000000266, 0.1000000000000000056, 2.000000000000000444 ) ) ;
#2102 = EDGE_CURVE ( 'NONE', #1964, #1881, #3339, .T. ) ;
#2103 = DIRECTION ( 'NONE',  ( 0.000000000000000000, 0.000000000000000000, 1.000000000000000000 ) ) ;
#2104 = VECTOR ( 'NONE', #3054, 1000.000000000000114 ) ;
#2105 =( NAMED_UNIT ( * ) SI_UNIT ( $, .STERADIAN. ) SOLID_ANGLE_UNIT ( ) );
#2106 = COLOUR_RGB ( '',0.6666666666666666297, 0.6980392156862744724, 0.7686274509803920907 ) ;
#2107 = DIRECTION ( 'NONE',  ( 0.000000000000000000, -0.000000000000000000, 1.000000000000000000 ) ) ;
#2108 = AXIS2_PLACEMENT_3D ( 'NONE', #1778, #2515, #1234 ) ;
#2109 = FILL_AREA_STYLE ('',( #1040 ) ) ;
#2110 = COLOUR_RGB ( '',0.2980392156862745057, 0.2980392156862745057, 0.2980392156862745057 ) ;
#2111 = ORIENTED_EDGE ( 'NONE', *, *, #2700, .T. ) ;
#2112 = SURFACE_SIDE_STYLE ('',( #994 ) ) ;
#2113 = PRESENTATION_LAYER_ASSIGNMENT (  '', '', ( #771 ) ) ;
#2114 = EDGE_CURVE ( 'NONE', #1319, #669, #270, .T. ) ;
#2115 = ORIENTED_EDGE ( 'NONE', *, *, #2053, .T. ) ;
#2116 = VECTOR ( 'NONE', #1942, 1000.000000000000000 ) ;
#2117 = SURFACE_SIDE_STYLE ('',( #1608 ) ) ;
#2118 = EDGE_CURVE ( 'NONE', #2055, #2422, #2828, .T. ) ;
#2119 = ORIENTED_EDGE ( 'NONE', *, *, #95, .F. ) ;
#2120 = ORIENTED_EDGE ( 'NONE', *, *, #2196, .F. ) ;
#2121 = LINE ( 'NONE', #2412, #3377 ) ;
#2122 = CARTESIAN_POINT ( 'NONE',  ( 0.6350000000000000089, -0.1000000000000000056, -1.999999999999999556 ) ) ;
#2123 = DIRECTION ( 'NONE',  ( 1.000000000000000000, 0.000000000000000000, -0.000000000000000000 ) ) ;
#2124 = EDGE_CURVE ( 'NONE', #1844, #2690, #1911, .T. ) ;
#2125 = EDGE_CURVE ( 'NONE', #2712, #3031, #1430, .T. ) ;
#2126 = CARTESIAN_POINT ( 'NONE',  ( 1.035000000000000142, 0.1000000000000000056, 1.999999999999999556 ) ) ;
#2127 = SURFACE_STYLE_USAGE ( .BOTH. , #1041 ) ;
#2128 = ORIENTED_EDGE ( 'NONE', *, *, #3466, .T. ) ;
#2129 = CARTESIAN_POINT ( 'NONE',  ( -1.034999999999999920, -1.116926418833576351, 2.950000000000000622 ) ) ;
#2130 = FILL_AREA_STYLE_COLOUR ( '', #2325 ) ;
#2131 = VECTOR ( 'NONE', #2863, 1000.000000000000000 ) ;
#2132 = CARTESIAN_POINT ( 'NONE',  ( -1.425000000000000266, -0.1000000000000000056, 2.000000000000000444 ) ) ;
#2133 =( NAMED_UNIT ( * ) SI_UNIT ( $, .STERADIAN. ) SOLID_ANGLE_UNIT ( ) );
#2134 = ORIENTED_EDGE ( 'NONE', *, *, #732, .F. ) ;
#2135 = VERTEX_POINT ( 'NONE', #627 ) ;
#2136 = DIRECTION ( 'NONE',  ( 0.000000000000000000, 0.000000000000000000, -1.000000000000000000 ) ) ;
#2137 = CARTESIAN_POINT ( 'NONE',  ( -0.6349999999999998979, 0.1000000000000000056, 1.999999999999999556 ) ) ;
#2138 = COLOUR_RGB ( '',0.6666666666666666297, 0.6980392156862744724, 0.7686274509803920907 ) ;
#2139 = STYLED_ITEM ( 'NONE', ( #2436 ), #3238 ) ;
#2140 = SURFACE_STYLE_USAGE ( .BOTH. , #2656 ) ;
#2141 = STYLED_ITEM ( 'NONE', ( #3085 ), #3313 ) ;
#2142 = CARTESIAN_POINT ( 'NONE',  ( -0.6349999999999998979, -0.9169264188335762844, -3.500000000000000000 ) ) ;
#2143 = ORIENTED_EDGE ( 'NONE', *, *, #1289, .F. ) ;
#2144 =( NAMED_UNIT ( * ) SI_UNIT ( $, .STERADIAN. ) SOLID_ANGLE_UNIT ( ) );
#2145 = CARTESIAN_POINT ( 'NONE',  ( -0.6349999999999998979, -0.1000000000000000056, -1.999999999999999556 ) ) ;
#2146 = CARTESIAN_POINT ( 'NONE',  ( -1.377832998645262652, -1.000000000000000000, 1.810488313638031421 ) ) ;
#2147 =( NAMED_UNIT ( * ) SI_UNIT ( $, .STERADIAN. ) SOLID_ANGLE_UNIT ( ) );
#2148 = ORIENTED_EDGE ( 'NONE', *, *, #1174, .F. ) ;
#2149 =( NAMED_UNIT ( * ) SI_UNIT ( $, .STERADIAN. ) SOLID_ANGLE_UNIT ( ) );
#2150 = ORIENTED_EDGE ( 'NONE', *, *, #514, .T. ) ;
#2151 = DIRECTION ( 'NONE',  ( 1.000000000000000000, 0.000000000000000000, -0.000000000000000000 ) ) ;
#2152 = VECTOR ( 'NONE', #2855, 1000.000000000000000 ) ;
#2153 = DIRECTION ( 'NONE',  ( 0.000000000000000000, 3.861559712415244494E-17, -1.000000000000000000 ) ) ;
#2154 = ADVANCED_FACE ( 'NONE', ( #6 ), #83, .T. ) ;
#2155 = MECHANICAL_DESIGN_GEOMETRIC_PRESENTATION_REPRESENTATION (  '', ( #1206 ), #3199 ) ;
#2156 = CARTESIAN_POINT ( 'NONE',  ( 1.035000000000000142, -0.9169264188335762844, -3.099520036392338529 ) ) ;
#2157 = ORIENTED_EDGE ( 'NONE', *, *, #2801, .F. ) ;
#2158 = EDGE_CURVE ( 'NONE', #41, #23, #1547, .T. ) ;
#2159 = CARTESIAN_POINT ( 'NONE',  ( -0.6349999999999998979, -1.116926418833576351, 2.950000000000000622 ) ) ;
#2160 = AXIS2_PLACEMENT_3D ( 'NONE', #688, #1760, #1797 ) ;
#2161 = DIRECTION ( 'NONE',  ( -0.05233595624294388321, -0.9986295347545739443, 0.000000000000000000 ) ) ;
#2162 = ADVANCED_FACE ( 'NONE', ( #125 ), #1231, .T. ) ;
#2163 = CARTESIAN_POINT ( 'NONE',  ( 1.235488313638030800, -1.000000000000000000, 1.810488313638031421 ) ) ;
#2164 = AXIS2_PLACEMENT_3D ( 'NONE', #1826, #762, #1843 ) ;
#2165 =( NAMED_UNIT ( * ) PLANE_ANGLE_UNIT ( ) SI_UNIT ( $, .RADIAN. ) );
#2166 = EDGE_CURVE ( 'NONE', #392, #2081, #196, .T. ) ;
#2167 = CARTESIAN_POINT ( 'NONE',  ( 1.035000000000000142, 0.1000000000000000056, 2.500479963607661116 ) ) ;
#2168 = EDGE_LOOP ( 'NONE', ( #358, #496, #1522, #992, #1107, #1163, #3139, #135, #3497, #1810, #1066, #3185 ) ) ;
#2169 = ORIENTED_EDGE ( 'NONE', *, *, #1222, .F. ) ;
#2170 =( NAMED_UNIT ( * ) PLANE_ANGLE_UNIT ( ) SI_UNIT ( $, .RADIAN. ) );
#2171 = ORIENTED_EDGE ( 'NONE', *, *, #1898, .T. ) ;
#2172 = DIRECTION ( 'NONE',  ( 0.000000000000000000, 3.861559712415244494E-17, -1.000000000000000000 ) ) ;
#2173 = UNCERTAINTY_MEASURE_WITH_UNIT (LENGTH_MEASURE( 1.000000000000000082E-05 ), #1799, 'distance_accuracy_value', 'NONE');
#2174 = PRESENTATION_STYLE_ASSIGNMENT (( #1602 ) ) ;
#2175 = ORIENTED_EDGE ( 'NONE', *, *, #2701, .F. ) ;
#2176 = DIRECTION ( 'NONE',  ( 0.000000000000000000, 0.000000000000000000, 1.000000000000000000 ) ) ;
#2177 = UNCERTAINTY_MEASURE_WITH_UNIT (LENGTH_MEASURE( 1.000000000000000082E-05 ), #1612, 'distance_accuracy_value', 'NONE');
#2178 = SURFACE_SIDE_STYLE ('',( #3225 ) ) ;
#2179 = VECTOR ( 'NONE', #3187, 1000.000000000000000 ) ;
#2180 = CARTESIAN_POINT ( 'NONE',  ( 1.235488313638030800, 1.000000000000000000, 1.810488313638031421 ) ) ;
#2181 = DIRECTION ( 'NONE',  ( 1.084202172485504557E-16, 0.000000000000000000, 1.000000000000000000 ) ) ;
#2182 = VERTEX_POINT ( 'NONE', #3138 ) ;
#2183 = VERTEX_POINT ( 'NONE', #180 ) ;
#2184 = DIRECTION ( 'NONE',  ( 0.000000000000000000, -0.9591343757511695545, 0.2829509661627159778 ) ) ;
#2185 = CARTESIAN_POINT ( 'NONE',  ( -1.425000000000000266, -0.1000000000000000056, 2.000000000000000444 ) ) ;
#2186 = MECHANICAL_DESIGN_GEOMETRIC_PRESENTATION_REPRESENTATION (  '', ( #321 ), #1302 ) ;
#2187 =( NAMED_UNIT ( * ) PLANE_ANGLE_UNIT ( ) SI_UNIT ( $, .RADIAN. ) );
#2188 = PRESENTATION_STYLE_ASSIGNMENT (( #1678 ) ) ;
#2189 = AXIS2_PLACEMENT_3D ( 'NONE', #200, #2629, #3499 ) ;
#2190 = DIRECTION ( 'NONE',  ( 1.000000000000000000, -0.000000000000000000, -0.000000000000000000 ) ) ;
#2191 = ORIENTED_EDGE ( 'NONE', *, *, #1558, .T. ) ;
#2192 = MECHANICAL_DESIGN_GEOMETRIC_PRESENTATION_REPRESENTATION (  '', ( #2141 ), #2670 ) ;
#2193 =( NAMED_UNIT ( * ) PLANE_ANGLE_UNIT ( ) SI_UNIT ( $, .RADIAN. ) );
#2194 = SURFACE_STYLE_USAGE ( .BOTH. , #1064 ) ;
#2195 = STYLED_ITEM ( 'NONE', ( #2240 ), #3458 ) ;
#2196 = EDGE_CURVE ( 'NONE', #3326, #1116, #1674, .T. ) ;
#2197 = CARTESIAN_POINT ( 'NONE',  ( 0.6350000000000000089, -0.7735166120661184364, 2.907693161242103308 ) ) ;
#2198 = CARTESIAN_POINT ( 'NONE',  ( 1.035000000000000142, -0.1000000000000000056, 1.999999999999999556 ) ) ;
#2199 = DIRECTION ( 'NONE',  ( 0.000000000000000000, -0.000000000000000000, 1.000000000000000000 ) ) ;
#2200 = ORIENTED_EDGE ( 'NONE', *, *, #317, .F. ) ;
#2201 = ORIENTED_EDGE ( 'NONE', *, *, #2700, .F. ) ;
#2202 = PRESENTATION_LAYER_ASSIGNMENT (  '', '', ( #520 ) ) ;
#2203 = EDGE_CURVE ( 'NONE', #2811, #2265, #3438, .T. ) ;
#2204 = SURFACE_SIDE_STYLE ('',( #2253 ) ) ;
#2205 = LINE ( 'NONE', #3076, #1639 ) ;
#2206 = STYLED_ITEM ( 'NONE', ( #665 ), #1821 ) ;
#2207 = PLANE ( 'NONE',  #3103 ) ;
#2208 = DIRECTION ( 'NONE',  ( 1.000000000000000000, -0.000000000000000000, 0.000000000000000000 ) ) ;
#2209 = COLOUR_RGB ( '',0.2980392156862745057, 0.2980392156862745057, 0.2980392156862745057 ) ;
#2210 = LINE ( 'NONE', #1162, #3151 ) ;
#2211 = ORIENTED_EDGE ( 'NONE', *, *, #855, .T. ) ;
#2212 =( GEOMETRIC_REPRESENTATION_CONTEXT ( 3 ) GLOBAL_UNCERTAINTY_ASSIGNED_CONTEXT ( ( #3073 ) ) GLOBAL_UNIT_ASSIGNED_CONTEXT ( ( #2511, #1471, #3044 ) ) REPRESENTATION_CONTEXT ( 'NONE', 'WORKASPACE' ) );
#2213 = COLOUR_RGB ( '',0.6666666666666666297, 0.6980392156862744724, 0.7686274509803920907 ) ;
#2214 = FACE_OUTER_BOUND ( 'NONE', #1346, .T. ) ;
#2215 = SURFACE_STYLE_FILL_AREA ( #2469 ) ;
#2216 = CARTESIAN_POINT ( 'NONE',  ( -1.377832998645263096, 1.000000000000000000, -1.810488313638030533 ) ) ;
#2217 = ADVANCED_FACE ( 'NONE', ( #1488 ), #991, .T. ) ;
#2218 = STYLED_ITEM ( 'NONE', ( #356 ), #2545 ) ;
#2219 = FILL_AREA_STYLE_COLOUR ( '', #266 ) ;
#2220 = ORIENTED_EDGE ( 'NONE', *, *, #597, .T. ) ;
#2221 = MECHANICAL_DESIGN_GEOMETRIC_PRESENTATION_REPRESENTATION (  '', ( #771 ), #2051 ) ;
#2222 = DIRECTION ( 'NONE',  ( -1.000000000000000000, -0.000000000000000000, -0.000000000000000000 ) ) ;
#2223 = EDGE_CURVE ( 'NONE', #2971, #843, #3124, .T. ) ;
#2224 = VECTOR ( 'NONE', #1967, 1000.000000000000000 ) ;
#2225 = DIRECTION ( 'NONE',  ( 0.000000000000000000, 0.000000000000000000, -1.000000000000000000 ) ) ;
#2226 = CIRCLE ( 'NONE', #1796, 0.2000000000000000944 ) ;
#2227 = CARTESIAN_POINT ( 'NONE',  ( -1.425000000000000266, 0.1000000000000000056, 2.000000000000000444 ) ) ;
#2228 = DIRECTION ( 'NONE',  ( -1.000000000000000000, -0.000000000000000000, -0.000000000000000000 ) ) ;
#2229 = VERTEX_POINT ( 'NONE', #2589 ) ;
#2230 = ADVANCED_FACE ( 'NONE', ( #1885 ), #779, .F. ) ;
#2231 = SURFACE_SIDE_STYLE ('',( #625 ) ) ;
#2232 = DIRECTION ( 'NONE',  ( 0.000000000000000000, 0.000000000000000000, -1.000000000000000000 ) ) ;
#2233 = SURFACE_STYLE_FILL_AREA ( #1641 ) ;
#2234 = DIRECTION ( 'NONE',  ( -1.000000000000000000, -0.000000000000000000, -0.000000000000000000 ) ) ;
#2235 = SURFACE_SIDE_STYLE ('',( #2532 ) ) ;
#2236 = STYLED_ITEM ( 'NONE', ( #147 ), #2360 ) ;
#2237 = ORIENTED_EDGE ( 'NONE', *, *, #2474, .T. ) ;
#2238 = LINE ( 'NONE', #2769, #896 ) ;
#2239 = CIRCLE ( 'NONE', #1410, 0.2000000000000000944 ) ;
#2240 = PRESENTATION_STYLE_ASSIGNMENT (( #71 ) ) ;
#2241 = CARTESIAN_POINT ( 'NONE',  ( 1.035000000000000142, 0.1000000000000000056, 2.500479963607661116 ) ) ;
#2242 = DIRECTION ( 'NONE',  ( 0.000000000000000000, 0.000000000000000000, -1.000000000000000000 ) ) ;
#2243 = DIRECTION ( 'NONE',  ( 0.000000000000000000, 0.9591343757511695545, -0.2829509661627160333 ) ) ;
#2244 = UNCERTAINTY_MEASURE_WITH_UNIT (LENGTH_MEASURE( 1.000000000000000082E-05 ), #3204, 'distance_accuracy_value', 'NONE');
#2245 = ORIENTED_EDGE ( 'NONE', *, *, #3174, .T. ) ;
#2246 = DIRECTION ( 'NONE',  ( -1.000000000000000000, -0.000000000000000000, -0.000000000000000000 ) ) ;
#2247 = DIRECTION ( 'NONE',  ( 0.000000000000000000, -0.2829509661627159778, -0.9591343757511695545 ) ) ;
#2248 = PRESENTATION_STYLE_ASSIGNMENT (( #2815 ) ) ;
#2249 = DIRECTION ( 'NONE',  ( 0.000000000000000000, 0.000000000000000000, 1.000000000000000000 ) ) ;
#2250 = SURFACE_STYLE_USAGE ( .BOTH. , #2235 ) ;
#2251 = ORIENTED_EDGE ( 'NONE', *, *, #380, .T. ) ;
#2252 = PRESENTATION_STYLE_ASSIGNMENT (( #1201 ) ) ;
#2253 = SURFACE_STYLE_FILL_AREA ( #1462 ) ;
#2254 = FACE_OUTER_BOUND ( 'NONE', #1363, .T. ) ;
#2255 =( NAMED_UNIT ( * ) SI_UNIT ( $, .STERADIAN. ) SOLID_ANGLE_UNIT ( ) );
#2256 =( LENGTH_UNIT ( ) NAMED_UNIT ( * ) SI_UNIT ( .MILLI., .METRE. ) );
#2257 =( GEOMETRIC_REPRESENTATION_CONTEXT ( 3 ) GLOBAL_UNCERTAINTY_ASSIGNED_CONTEXT ( ( #165 ) ) GLOBAL_UNIT_ASSIGNED_CONTEXT ( ( #2849, #2555, #956 ) ) REPRESENTATION_CONTEXT ( 'NONE', 'WORKASPACE' ) );
#2258 = DIRECTION ( 'NONE',  ( 0.000000000000000000, 0.000000000000000000, 1.000000000000000000 ) ) ;
#2259 = ORIENTED_EDGE ( 'NONE', *, *, #1617, .F. ) ;
#2260 = STYLED_ITEM ( 'NONE', ( #879 ), #1763 ) ;
#2261 = PRESENTATION_STYLE_ASSIGNMENT (( #684 ) ) ;
#2262 = CARTESIAN_POINT ( 'NONE',  ( -0.6349999999999998979, -0.2434098067674578258, 2.542786802365558430 ) ) ;
#2263 = MECHANICAL_DESIGN_GEOMETRIC_PRESENTATION_REPRESENTATION (  '', ( #1497 ), #2212 ) ;
#2264 = CARTESIAN_POINT ( 'NONE',  ( -0.6349999999999998979, -0.2434098067674578258, 2.542786802365558430 ) ) ;
#2265 = VERTEX_POINT ( 'NONE', #1869 ) ;
#2266 = VECTOR ( 'NONE', #2419, 1000.000000000000000 ) ;
#2267 = DIRECTION ( 'NONE',  ( 1.000000000000000000, 0.000000000000000000, 0.000000000000000000 ) ) ;
#2268 = CARTESIAN_POINT ( 'NONE',  ( -0.6349999999999998979, 0.1000000000000000056, 1.999999999999999556 ) ) ;
#2269 = ORIENTED_EDGE ( 'NONE', *, *, #2491, .T. ) ;
#2270 = MECHANICAL_DESIGN_GEOMETRIC_PRESENTATION_REPRESENTATION (  '', ( #2792 ), #1266 ) ;
#2271 = ADVANCED_FACE ( 'NONE', ( #279 ), #3268, .F. ) ;
#2272 = EDGE_LOOP ( 'NONE', ( #53, #601, #47, #643 ) ) ;
#2273 = VECTOR ( 'NONE', #1829, 1000.000000000000000 ) ;
#2274 = FILL_AREA_STYLE ('',( #1205 ) ) ;
#2275 = CARTESIAN_POINT ( 'NONE',  ( -1.235488313638031244, -1.000000000000000000, 1.810488313638031421 ) ) ;
#2276 = ADVANCED_FACE ( 'NONE', ( #842 ), #2378, .T. ) ;
#2277 = CIRCLE ( 'NONE', #2640, 0.2000000000000000944 ) ;
#2278 = LINE ( 'NONE', #2542, #3301 ) ;
#2279 = FILL_AREA_STYLE ('',( #1483 ) ) ;
#2280 = SURFACE_SIDE_STYLE ('',( #124 ) ) ;
#2281 = VERTEX_POINT ( 'NONE', #623 ) ;
#2282 = DIRECTION ( 'NONE',  ( 0.000000000000000000, 0.000000000000000000, 1.000000000000000000 ) ) ;
#2283 = PRESENTATION_STYLE_ASSIGNMENT (( #2593 ) ) ;
#2284 = SURFACE_STYLE_USAGE ( .BOTH. , #390 ) ;
#2285 = DIRECTION ( 'NONE',  ( 0.000000000000000000, -0.000000000000000000, 1.000000000000000000 ) ) ;
#2286 = ORIENTED_EDGE ( 'NONE', *, *, #364, .T. ) ;
#2287 = STYLED_ITEM ( 'NONE', ( #1849 ), #1401 ) ;
#2288 =( GEOMETRIC_REPRESENTATION_CONTEXT ( 3 ) GLOBAL_UNCERTAINTY_ASSIGNED_CONTEXT ( ( #3195 ) ) GLOBAL_UNIT_ASSIGNED_CONTEXT ( ( #296, #2187, #3314 ) ) REPRESENTATION_CONTEXT ( 'NONE', 'WORKASPACE' ) );
#2289 = DIRECTION ( 'NONE',  ( 0.000000000000000000, 0.000000000000000000, 1.000000000000000000 ) ) ;
#2290 = SURFACE_STYLE_USAGE ( .BOTH. , #657 ) ;
#2291 = ORIENTED_EDGE ( 'NONE', *, *, #1753, .F. ) ;
#2292 = SURFACE_SIDE_STYLE ('',( #3381 ) ) ;
#2293 = FACE_OUTER_BOUND ( 'NONE', #1402, .T. ) ;
#2294 = SURFACE_SIDE_STYLE ('',( #2583 ) ) ;
#2295 = CARTESIAN_POINT ( 'NONE',  ( 1.035000000000000142, -0.7735166120661184364, 2.907693161242103308 ) ) ;
#2296 = FILL_AREA_STYLE ('',( #1453 ) ) ;
#2297 = CARTESIAN_POINT ( 'NONE',  ( -1.034999999999999920, -0.2999999999999999889, -2.350959927215324097 ) ) ;
#2298 = VERTEX_POINT ( 'NONE', #60 ) ;
#2299 =( NAMED_UNIT ( * ) SI_UNIT ( $, .STERADIAN. ) SOLID_ANGLE_UNIT ( ) );
#2300 = MECHANICAL_DESIGN_GEOMETRIC_PRESENTATION_REPRESENTATION (  '', ( #103 ), #1019 ) ;
#2301 = SURFACE_STYLE_FILL_AREA ( #915 ) ;
#2302 = CARTESIAN_POINT ( 'NONE',  ( -0.6349999999999998979, -0.04340980676745787720, -2.692306838757896337 ) ) ;
#2303 = LINE ( 'NONE', #1814, #636 ) ;
#2304 = PRESENTATION_LAYER_ASSIGNMENT (  '', '', ( #2084 ) ) ;
#2305 = FILL_AREA_STYLE_COLOUR ( '', #735 ) ;
#2306 = PRESENTATION_LAYER_ASSIGNMENT (  '', '', ( #161 ) ) ;
#2307 = ORIENTED_EDGE ( 'NONE', *, *, #2313, .T. ) ;
#2308 = VERTEX_POINT ( 'NONE', #893 ) ;
#2309 =( NAMED_UNIT ( * ) PLANE_ANGLE_UNIT ( ) SI_UNIT ( $, .RADIAN. ) );
#2310 = EDGE_CURVE ( 'NONE', #2451, #420, #826, .T. ) ;
#2311 = LINE ( 'NONE', #423, #794 ) ;
#2312 =( LENGTH_UNIT ( ) NAMED_UNIT ( * ) SI_UNIT ( .MILLI., .METRE. ) );
#2313 = EDGE_CURVE ( 'NONE', #1181, #2340, #858, .T. ) ;
#2314 = SURFACE_STYLE_FILL_AREA ( #1326 ) ;
#2315 = UNCERTAINTY_MEASURE_WITH_UNIT (LENGTH_MEASURE( 1.000000000000000082E-05 ), #1551, 'distance_accuracy_value', 'NONE');
#2316 = VECTOR ( 'NONE', #3090, 1000.000000000000000 ) ;
#2317 = EDGE_LOOP ( 'NONE', ( #1832, #929, #1033, #3372 ) ) ;
#2318 = FACE_OUTER_BOUND ( 'NONE', #1047, .T. ) ;
#2319 =( GEOMETRIC_REPRESENTATION_CONTEXT ( 3 ) GLOBAL_UNCERTAINTY_ASSIGNED_CONTEXT ( ( #1273 ) ) GLOBAL_UNIT_ASSIGNED_CONTEXT ( ( #1379, #2508, #3254 ) ) REPRESENTATION_CONTEXT ( 'NONE', 'WORKASPACE' ) );
#2320 =( NAMED_UNIT ( * ) PLANE_ANGLE_UNIT ( ) SI_UNIT ( $, .RADIAN. ) );
#2321 = CARTESIAN_POINT ( 'NONE',  ( -1.385282743851217191, -0.8578503934364415384, 1.960282743851217369 ) ) ;
#2322 = UNCERTAINTY_MEASURE_WITH_UNIT (LENGTH_MEASURE( 1.000000000000000082E-05 ), #509, 'distance_accuracy_value', 'NONE');
#2323 =( NAMED_UNIT ( * ) SI_UNIT ( $, .STERADIAN. ) SOLID_ANGLE_UNIT ( ) );
#2324 = CARTESIAN_POINT ( 'NONE',  ( -1.034999999999999920, -1.116926418833576351, 3.500000000000000000 ) ) ;
#2325 = COLOUR_RGB ( '',0.2980392156862745057, 0.2980392156862745057, 0.2980392156862745057 ) ;
#2326 = CARTESIAN_POINT ( 'NONE',  ( -1.425000000000000711, 0.1000000000000000056, -1.999999999999999556 ) ) ;
#2327 = ORIENTED_EDGE ( 'NONE', *, *, #906, .T. ) ;
#2328 = CIRCLE ( 'NONE', #1560, 0.2000000000000000944 ) ;
#2329 = CARTESIAN_POINT ( 'NONE',  ( -1.425000000000000711, -0.1000000000000000056, -1.999999999999999556 ) ) ;
#2330 = ORIENTED_EDGE ( 'NONE', *, *, #1359, .T. ) ;
#2331 = DIRECTION ( 'NONE',  ( 0.000000000000000000, -0.9591343757511695545, -0.2829509661627160333 ) ) ;
#2332 = CARTESIAN_POINT ( 'NONE',  ( -0.6349999999999998979, -0.1000000000000000056, -1.999999999999999556 ) ) ;
#2333 = PRESENTATION_LAYER_ASSIGNMENT (  '', '', ( #2218 ) ) ;
#2334 = CARTESIAN_POINT ( 'NONE',  ( 1.424999999999999378, 0.1000000000000000056, -1.999999999999999556 ) ) ;
#2335 = AXIS2_PLACEMENT_3D ( 'NONE', #2142, #1329, #553 ) ;
#2336 = SURFACE_STYLE_FILL_AREA ( #210 ) ;
#2337 = FACE_OUTER_BOUND ( 'NONE', #885, .T. ) ;
#2338 = EDGE_CURVE ( 'NONE', #3007, #454, #642, .T. ) ;
#2339 = PRESENTATION_STYLE_ASSIGNMENT (( #739 ) ) ;
#2340 = VERTEX_POINT ( 'NONE', #2505 ) ;
#2341 = DIRECTION ( 'NONE',  ( 0.05233595624294388321, 0.9986295347545739443, 0.000000000000000000 ) ) ;
#2342 = DIRECTION ( 'NONE',  ( 0.000000000000000000, 0.000000000000000000, 1.000000000000000000 ) ) ;
#2343 = ORIENTED_EDGE ( 'NONE', *, *, #2720, .T. ) ;
#2344 = ADVANCED_FACE ( 'NONE', ( #1735 ), #78, .T. ) ;
#2345 = SURFACE_STYLE_USAGE ( .BOTH. , #2117 ) ;
#2346 = FILL_AREA_STYLE_COLOUR ( '', #1848 ) ;
#2347 = ORIENTED_EDGE ( 'NONE', *, *, #2166, .F. ) ;
#2348 =( NAMED_UNIT ( * ) PLANE_ANGLE_UNIT ( ) SI_UNIT ( $, .RADIAN. ) );
#2349 = ORIENTED_EDGE ( 'NONE', *, *, #3082, .T. ) ;
#2350 = MECHANICAL_DESIGN_GEOMETRIC_PRESENTATION_REPRESENTATION (  '', ( #1063 ), #1585 ) ;
#2351 =( NAMED_UNIT ( * ) SI_UNIT ( $, .STERADIAN. ) SOLID_ANGLE_UNIT ( ) );
#2352 = CARTESIAN_POINT ( 'NONE',  ( 0.6350000000000000089, -0.04340980676745784250, -2.692306838757896337 ) ) ;
#2353 = CARTESIAN_POINT ( 'NONE',  ( 1.424999999999999378, 0.1000000000000000056, -1.999999999999999556 ) ) ;
#2354 = DIRECTION ( 'NONE',  ( 0.000000000000000000, 3.861559712415244494E-17, 1.000000000000000000 ) ) ;
#2355 = AXIS2_PLACEMENT_3D ( 'NONE', #194, #155, #1804 ) ;
#2356 = CARTESIAN_POINT ( 'NONE',  ( -1.319750877632057895, -1.000000000000000000, 1.894750877632058073 ) ) ;
#2357 = SURFACE_STYLE_FILL_AREA ( #2571 ) ;
#2358 = ORIENTED_EDGE ( 'NONE', *, *, #3060, .T. ) ;
#2359 = FACE_OUTER_BOUND ( 'NONE', #1994, .T. ) ;
#2360 = ADVANCED_BREP_SHAPE_REPRESENTATION ( 'TCMT1600T3', ( #3458, #3160 ), #1114 ) ;
#2361 = FILL_AREA_STYLE_COLOUR ( '', #1209 ) ;
#2362 = EDGE_CURVE ( 'NONE', #130, #2265, #2210, .T. ) ;
#2363 = LINE ( 'NONE', #3479, #157 ) ;
#2364 = DIRECTION ( 'NONE',  ( -1.000000000000000000, -0.000000000000000000, -0.000000000000000000 ) ) ;
#2365 = EDGE_CURVE ( 'NONE', #2712, #2182, #1713, .T. ) ;
#2366 = CARTESIAN_POINT ( 'NONE',  ( 1.035000000000000142, -0.9169264188335763954, -3.099520036392338529 ) ) ;
#2367 = DIRECTION ( 'NONE',  ( -0.000000000000000000, 0.9591343757511695545, 0.2829509661627160333 ) ) ;
#2368 = VERTEX_POINT ( 'NONE', #1408 ) ;
#2369 = FACE_OUTER_BOUND ( 'NONE', #2004, .T. ) ;
#2370 = EDGE_LOOP ( 'NONE', ( #2083, #633, #593, #1944 ) ) ;
#2371 = MECHANICAL_DESIGN_GEOMETRIC_PRESENTATION_REPRESENTATION (  '', ( #56 ), #1600 ) ;
#2372 = CARTESIAN_POINT ( 'NONE',  ( 1.035000000000000142, -0.7169264188335763288, -3.099520036392337641 ) ) ;
#2373 = CARTESIAN_POINT ( 'NONE',  ( 1.035000000000000142, -0.09999999999999997780, -2.500479963607662004 ) ) ;
#2374 = VECTOR ( 'NONE', #3113, 1000.000000000000000 ) ;
#2375 = CARTESIAN_POINT ( 'NONE',  ( -1.385282743851217191, 0.8578503934364415384, 1.960282743851217369 ) ) ;
#2376 = CARTESIAN_POINT ( 'NONE',  ( 1.035000000000000142, -0.1000000000000000056, 1.999999999999999556 ) ) ;
#2377 = SURFACE_SIDE_STYLE ('',( #2607 ) ) ;
#2378 = CYLINDRICAL_SURFACE ( 'NONE', #2858, 0.1499999999999999667 ) ;
#2379 = ORIENTED_EDGE ( 'NONE', *, *, #3186, .F. ) ;
#2380 = DIRECTION ( 'NONE',  ( -1.000000000000000000, -0.000000000000000000, -0.000000000000000000 ) ) ;
#2381 = EDGE_CURVE ( 'NONE', #3328, #1215, #3317, .T. ) ;
#2382 = AXIS2_PLACEMENT_3D ( 'NONE', #1196, #1492, #2249 ) ;
#2383 = DIRECTION ( 'NONE',  ( 1.084202172485504434E-16, 0.000000000000000000, 1.000000000000000000 ) ) ;
#2384 = EDGE_CURVE ( 'NONE', #1680, #3291, #2487, .T. ) ;
#2385 = VERTEX_POINT ( 'NONE', #349 ) ;
#2386 = MECHANICAL_DESIGN_GEOMETRIC_PRESENTATION_REPRESENTATION (  '', ( #2260 ), #2319 ) ;
#2387 = LINE ( 'NONE', #2, #1521 ) ;
#2388 = CARTESIAN_POINT ( 'NONE',  ( -1.034999999999999920, -0.9169264188335763954, 3.099520036392338529 ) ) ;
#2389 = AXIS2_PLACEMENT_3D ( 'NONE', #2623, #2397, #3153 ) ;
#2390 = ORIENTED_EDGE ( 'NONE', *, *, #70, .T. ) ;
#2391 = VECTOR ( 'NONE', #609, 1000.000000000000000 ) ;
#2392 = ORIENTED_EDGE ( 'NONE', *, *, #2118, .F. ) ;
#2393 = EDGE_CURVE ( 'NONE', #707, #2575, #3299, .T. ) ;
#2394 = AXIS2_PLACEMENT_3D ( 'NONE', #1917, #3472, #521 ) ;
#2395 = AXIS2_PLACEMENT_3D ( 'NONE', #2876, #2620, #2066 ) ;
#2396 =( NAMED_UNIT ( * ) PLANE_ANGLE_UNIT ( ) SI_UNIT ( $, .RADIAN. ) );
#2397 = DIRECTION ( 'NONE',  ( 1.000000000000000000, 0.000000000000000000, -0.000000000000000000 ) ) ;
#2398 = MECHANICAL_DESIGN_GEOMETRIC_PRESENTATION_REPRESENTATION (  '', ( #587 ), #1413 ) ;
#2399 = SURFACE_STYLE_USAGE ( .BOTH. , #2377 ) ;
#2400 = PRESENTATION_STYLE_ASSIGNMENT (( #2927 ) ) ;
#2401 = ORIENTED_EDGE ( 'NONE', *, *, #890, .T. ) ;
#2402 = DIRECTION ( 'NONE',  ( 0.9986295347545739443, -0.05233595624294388321, -1.082716311089097834E-16 ) ) ;
#2403 = DIRECTION ( 'NONE',  ( -1.000000000000000000, 0.000000000000000000, 0.000000000000000000 ) ) ;
#2404 = UNCERTAINTY_MEASURE_WITH_UNIT (LENGTH_MEASURE( 1.000000000000000082E-05 ), #1345, 'distance_accuracy_value', 'NONE');
#2405 = PRESENTATION_LAYER_ASSIGNMENT (  '', '', ( #714 ) ) ;
#2406 = FILL_AREA_STYLE ('',( #1332 ) ) ;
#2407 =( LENGTH_UNIT ( ) NAMED_UNIT ( * ) SI_UNIT ( .MILLI., .METRE. ) );
#2408 = PRESENTATION_LAYER_ASSIGNMENT (  '', '', ( #419 ) ) ;
#2409 = LINE ( 'NONE', #1029, #44 ) ;
#2410 = ORIENTED_EDGE ( 'NONE', *, *, #1898, .F. ) ;
#2411 = EDGE_LOOP ( 'NONE', ( #2327, #2443, #2506, #100 ) ) ;
#2412 = CARTESIAN_POINT ( 'NONE',  ( 1.035000000000000142, -0.9169264188335763954, -3.099520036392338529 ) ) ;
#2413 = PRESENTATION_STYLE_ASSIGNMENT (( #1056 ) ) ;
#2414 = FILL_AREA_STYLE ('',( #11 ) ) ;
#2415 = EDGE_LOOP ( 'NONE', ( #3264, #1321, #3289, #3213 ) ) ;
#2416 = AXIS2_PLACEMENT_3D ( 'NONE', #2447, #1356, #2429 ) ;
#2417 = VECTOR ( 'NONE', #1054, 1000.000000000000000 ) ;
#2418 =( NAMED_UNIT ( * ) SI_UNIT ( $, .STERADIAN. ) SOLID_ANGLE_UNIT ( ) );
#2419 = DIRECTION ( 'NONE',  ( -0.000000000000000000, -0.000000000000000000, 1.000000000000000000 ) ) ;
#2420 = FACE_OUTER_BOUND ( 'NONE', #1578, .T. ) ;
#2421 =( NAMED_UNIT ( * ) PLANE_ANGLE_UNIT ( ) SI_UNIT ( $, .RADIAN. ) );
#2422 = VERTEX_POINT ( 'NONE', #1450 ) ;
#2423 =( NAMED_UNIT ( * ) SI_UNIT ( $, .STERADIAN. ) SOLID_ANGLE_UNIT ( ) );
#2424 = ORIENTED_EDGE ( 'NONE', *, *, #3070, .T. ) ;
#2425 = CARTESIAN_POINT ( 'NONE',  ( 1.035000000000000142, 0.1000000000000000056, -1.999999999999999556 ) ) ;
#2426 = PRESENTATION_LAYER_ASSIGNMENT (  '', '', ( #321 ) ) ;
#2427 = EDGE_CURVE ( 'NONE', #1895, #1043, #1658, .T. ) ;
#2428 = COLOUR_RGB ( '',0.6666666666666666297, 0.6980392156862744724, 0.7686274509803920907 ) ;
#2429 = DIRECTION ( 'NONE',  ( 0.000000000000000000, 0.000000000000000000, 1.000000000000000000 ) ) ;
#2430 = PLANE ( 'NONE',  #702 ) ;
#2431 = ADVANCED_FACE ( 'NONE', ( #299 ), #693, .F. ) ;
#2432 = PRESENTATION_LAYER_ASSIGNMENT (  '', '', ( #2616 ) ) ;
#2433 = EDGE_CURVE ( 'NONE', #2183, #1632, #1030, .T. ) ;
#2434 = ORIENTED_EDGE ( 'NONE', *, *, #233, .T. ) ;
#2435 = ADVANCED_FACE ( 'NONE', ( #1318 ), #770, .F. ) ;
#2436 = PRESENTATION_STYLE_ASSIGNMENT (( #845 ) ) ;
#2437 = CARTESIAN_POINT ( 'NONE',  ( -1.425000000000000266, 0.1000000000000000056, 2.000000000000000444 ) ) ;
#2438 = SURFACE_STYLE_USAGE ( .BOTH. , #1367 ) ;
#2439 = PRESENTATION_STYLE_ASSIGNMENT (( #318 ) ) ;
#2440 = DIRECTION ( 'NONE',  ( 0.000000000000000000, 0.000000000000000000, 1.000000000000000000 ) ) ;
#2441 =( BOUNDED_CURVE ( )  B_SPLINE_CURVE ( 3, ( #1607, #1236, #3211, #784 ),
 .UNSPECIFIED., .F., .T. ) 
 B_SPLINE_CURVE_WITH_KNOTS ( ( 4, 4 ),
 ( 4.712388980384689674, 6.230825429619756939 ),
 .UNSPECIFIED. ) 
 CURVE ( )  GEOMETRIC_REPRESENTATION_ITEM ( )  RATIONAL_B_SPLINE_CURVE ( ( 1.000000000000000000, 0.8169162473415250147, 0.8169162473415250147, 1.000000000000000000 ) ) 
 REPRESENTATION_ITEM ( '' )  );
#2442 = ORIENTED_EDGE ( 'NONE', *, *, #167, .F. ) ;
#2443 = ORIENTED_EDGE ( 'NONE', *, *, #1338, .F. ) ;
#2444 = CARTESIAN_POINT ( 'NONE',  ( -1.425000000000000266, -0.1000000000000000056, 2.000000000000000444 ) ) ;
#2445 = MECHANICAL_DESIGN_GEOMETRIC_PRESENTATION_REPRESENTATION (  '', ( #2844 ), #3347 ) ;
#2446 = PRESENTATION_LAYER_ASSIGNMENT (  '', '', ( #3011 ) ) ;
#2447 = CARTESIAN_POINT ( 'NONE',  ( 1.035000000000000142, -0.7169264188335763288, -3.099520036392337641 ) ) ;
#2448 = VECTOR ( 'NONE', #2364, 1000.000000000000000 ) ;
#2449 = PRESENTATION_LAYER_ASSIGNMENT (  '', '', ( #1785 ) ) ;
#2450 = STYLED_ITEM ( 'NONE', ( #3045 ), #724 ) ;
#2451 = VERTEX_POINT ( 'NONE', #2388 ) ;
#2452 = FACE_OUTER_BOUND ( 'NONE', #126, .T. ) ;
#2453 = VECTOR ( 'NONE', #1207, 1000.000000000000000 ) ;
#2454 = LINE ( 'NONE', #1904, #761 ) ;
#2455 = LINE ( 'NONE', #1906, #1257 ) ;
#2456 = VECTOR ( 'NONE', #1335, 1000.000000000000000 ) ;
#2457 = AXIS2_PLACEMENT_3D ( 'NONE', #445, #412, #1008 ) ;
#2458 =( NAMED_UNIT ( * ) SI_UNIT ( $, .STERADIAN. ) SOLID_ANGLE_UNIT ( ) );
#2459 =( NAMED_UNIT ( * ) SI_UNIT ( $, .STERADIAN. ) SOLID_ANGLE_UNIT ( ) );
#2460 = ORIENTED_EDGE ( 'NONE', *, *, #2427, .F. ) ;
#2461 =( GEOMETRIC_REPRESENTATION_CONTEXT ( 3 ) GLOBAL_UNCERTAINTY_ASSIGNED_CONTEXT ( ( #2465 ) ) GLOBAL_UNIT_ASSIGNED_CONTEXT ( ( #3161, #730, #2133 ) ) REPRESENTATION_CONTEXT ( 'NONE', 'WORKASPACE' ) );
#2462 = ORIENTED_EDGE ( 'NONE', *, *, #215, .T. ) ;
#2463 = CARTESIAN_POINT ( 'NONE',  ( 1.035000000000000142, -0.2434098067674578258, 2.542786802365558430 ) ) ;
#2464 = FILL_AREA_STYLE_COLOUR ( '', #2757 ) ;
#2465 = UNCERTAINTY_MEASURE_WITH_UNIT (LENGTH_MEASURE( 1.000000000000000082E-05 ), #3161, 'distance_accuracy_value', 'NONE');
#2466 = ADVANCED_FACE ( 'NONE', ( #3464 ), #3447, .T. ) ;
#2467 = SURFACE_STYLE_USAGE ( .BOTH. , #1679 ) ;
#2468 = ORIENTED_EDGE ( 'NONE', *, *, #473, .T. ) ;
#2469 = FILL_AREA_STYLE ('',( #1938 ) ) ;
#2470 = CARTESIAN_POINT ( 'NONE',  ( 1.385282743851216747, 0.8578503934364415384, 1.960282743851217369 ) ) ;
#2471 = VECTOR ( 'NONE', #3012, 1000.000000000000000 ) ;
#2472 = DIRECTION ( 'NONE',  ( -1.000000000000000000, -0.000000000000000000, -0.000000000000000000 ) ) ;
#2473 = DIRECTION ( 'NONE',  ( 0.000000000000000000, 0.000000000000000000, 1.000000000000000000 ) ) ;
#2474 = EDGE_CURVE ( 'NONE', #807, #2385, #1368, .T. ) ;
#2475 =( LENGTH_UNIT ( ) NAMED_UNIT ( * ) SI_UNIT ( .MILLI., .METRE. ) );
#2476 = EDGE_LOOP ( 'NONE', ( #1298, #578, #230, #972, #2669, #197, #416, #2528, #2838, #2065, #1252, #2626 ) ) ;
#2477 = EDGE_LOOP ( 'NONE', ( #3214, #1858, #538, #1654 ) ) ;
#2478 = DIRECTION ( 'NONE',  ( 1.000000000000000000, 0.000000000000000000, -1.084202172485504434E-16 ) ) ;
#2479 = ORIENTED_EDGE ( 'NONE', *, *, #2393, .T. ) ;
#2480 = STYLED_ITEM ( 'NONE', ( #2413 ), #435 ) ;
#2481 = ORIENTED_EDGE ( 'NONE', *, *, #551, .F. ) ;
#2482 = LINE ( 'NONE', #2185, #2471 ) ;
#2483 = DIRECTION ( 'NONE',  ( -1.000000000000000000, 0.000000000000000000, -0.000000000000000000 ) ) ;
#2484 = CARTESIAN_POINT ( 'NONE',  ( 1.035000000000000142, -1.116926418833576351, 2.950000000000000622 ) ) ;
#2485 = SURFACE_STYLE_FILL_AREA ( #840 ) ;
#2486 = VECTOR ( 'NONE', #3271, 1000.000000000000000 ) ;
#2487 = LINE ( 'NONE', #1934, #650 ) ;
#2488 = ADVANCED_FACE ( 'NONE', ( #3242 ), #1684, .T. ) ;
#2489 = ORIENTED_EDGE ( 'NONE', *, *, #1281, .T. ) ;
#2490 = CARTESIAN_POINT ( 'NONE',  ( -0.6349999999999998979, -0.04340980676745787720, 2.692306838757896337 ) ) ;
#2491 = EDGE_CURVE ( 'NONE', #2081, #2771, #1703, .T. ) ;
#2492 = DIRECTION ( 'NONE',  ( 0.000000000000000000, 1.000000000000000000, 0.000000000000000000 ) ) ;
#2493 = ORIENTED_EDGE ( 'NONE', *, *, #1772, .F. ) ;
#2494 = LINE ( 'NONE', #340, #1290 ) ;
#2495 = UNCERTAINTY_MEASURE_WITH_UNIT (LENGTH_MEASURE( 1.000000000000000082E-05 ), #2312, 'distance_accuracy_value', 'NONE');
#2496 = CIRCLE ( 'NONE', #3236, 0.2000000000000000944 ) ;
#2497 = FILL_AREA_STYLE_COLOUR ( '', #1312 ) ;
#2498 = ADVANCED_FACE ( 'NONE', ( #268 ), #288, .F. ) ;
#2499 = EDGE_CURVE ( 'NONE', #3193, #3291, #2226, .T. ) ;
#2500 = DIRECTION ( 'NONE',  ( -0.000000000000000000, -0.000000000000000000, 1.000000000000000000 ) ) ;
#2501 = VECTOR ( 'NONE', #3122, 1000.000000000000000 ) ;
#2502 = FILL_AREA_STYLE_COLOUR ( '', #1526 ) ;
#2503 = UNCERTAINTY_MEASURE_WITH_UNIT (LENGTH_MEASURE( 1.000000000000000082E-05 ), #2624, 'distance_accuracy_value', 'NONE');
#2504 = MECHANICAL_DESIGN_GEOMETRIC_PRESENTATION_REPRESENTATION (  '', ( #923 ), #861 ) ;
#2505 = CARTESIAN_POINT ( 'NONE',  ( -1.034999999999999920, -0.9735166120661183919, -2.758173124849765401 ) ) ;
#2506 = ORIENTED_EDGE ( 'NONE', *, *, #722, .F. ) ;
#2507 = VECTOR ( 'NONE', #3239, 1000.000000000000000 ) ;
#2508 =( NAMED_UNIT ( * ) PLANE_ANGLE_UNIT ( ) SI_UNIT ( $, .RADIAN. ) );
#2509 = CARTESIAN_POINT ( 'NONE',  ( -1.034999999999999920, -0.9169264188335763954, -3.099520036392338529 ) ) ;
#2510 = MECHANICAL_DESIGN_GEOMETRIC_PRESENTATION_REPRESENTATION (  '', ( #3017 ), #2001 ) ;
#2511 =( LENGTH_UNIT ( ) NAMED_UNIT ( * ) SI_UNIT ( .MILLI., .METRE. ) );
#2512 = MECHANICAL_DESIGN_GEOMETRIC_PRESENTATION_REPRESENTATION (  '', ( #530 ), #1438 ) ;
#2513 = FILL_AREA_STYLE_COLOUR ( '', #298 ) ;
#2514 = CARTESIAN_POINT ( 'NONE',  ( 1.385282743851216747, 0.8578503934364416494, 1.952832998645262830 ) ) ;
#2515 = DIRECTION ( 'NONE',  ( -0.9986295347545739443, -0.05233595624294388321, 1.082716311089097834E-16 ) ) ;
#2516 = STYLED_ITEM ( 'NONE', ( #1011 ), #2644 ) ;
#2517 = LINE ( 'NONE', #1168, #1072 ) ;
#2518 = ORIENTED_EDGE ( 'NONE', *, *, #989, .T. ) ;
#2519 =( GEOMETRIC_REPRESENTATION_CONTEXT ( 3 ) GLOBAL_UNCERTAINTY_ASSIGNED_CONTEXT ( ( #582 ) ) GLOBAL_UNIT_ASSIGNED_CONTEXT ( ( #3425, #489, #1861 ) ) REPRESENTATION_CONTEXT ( 'NONE', 'WORKASPACE' ) );
#2520 = LINE ( 'NONE', #1913, #2605 ) ;
#2521 = STYLED_ITEM ( 'NONE', ( #560 ), #2488 ) ;
#2522 = CARTESIAN_POINT ( 'NONE',  ( -1.034999999999999920, -0.9169264188335762844, 3.500000000000000000 ) ) ;
#2523 = ORIENTED_EDGE ( 'NONE', *, *, #37, .T. ) ;
#2524 = LINE ( 'NONE', #856, #1807 ) ;
#2525 = DIRECTION ( 'NONE',  ( 0.000000000000000000, 0.000000000000000000, 1.000000000000000000 ) ) ;
#2526 = CARTESIAN_POINT ( 'NONE',  ( -1.034999999999999920, -0.04340980676745784250, 2.692306838757896337 ) ) ;
#2527 = DIRECTION ( 'NONE',  ( 0.000000000000000000, -0.000000000000000000, 1.000000000000000000 ) ) ;
#2528 = ORIENTED_EDGE ( 'NONE', *, *, #1753, .T. ) ;
#2529 = CARTESIAN_POINT ( 'NONE',  ( 1.235488313638030355, -1.000000000000000000, -1.810488313638030533 ) ) ;
#2530 = CARTESIAN_POINT ( 'NONE',  ( 1.035000000000000142, -0.9169264188335762844, -3.500000000000000000 ) ) ;
#2531 =( NAMED_UNIT ( * ) PLANE_ANGLE_UNIT ( ) SI_UNIT ( $, .RADIAN. ) );
#2532 = SURFACE_STYLE_FILL_AREA ( #2594 ) ;
#2533 = DIRECTION ( 'NONE',  ( -1.000000000000000000, -0.000000000000000000, -0.000000000000000000 ) ) ;
#2534 = ORIENTED_EDGE ( 'NONE', *, *, #3136, .F. ) ;
#2535 = VECTOR ( 'NONE', #1344, 1000.000000000000000 ) ;
#2536 = UNCERTAINTY_MEASURE_WITH_UNIT (LENGTH_MEASURE( 1.000000000000000082E-05 ), #223, 'distance_accuracy_value', 'NONE');
#2537 =( NAMED_UNIT ( * ) PLANE_ANGLE_UNIT ( ) SI_UNIT ( $, .RADIAN. ) );
#2538 = VERTEX_POINT ( 'NONE', #2573 ) ;
#2539 = DIRECTION ( 'NONE',  ( 1.000000000000000000, -0.000000000000000000, -0.000000000000000000 ) ) ;
#2540 = ADVANCED_FACE ( 'NONE', ( #651 ), #1219, .T. ) ;
#2541 = VECTOR ( 'NONE', #3094, 1000.000000000000000 ) ;
#2542 = CARTESIAN_POINT ( 'NONE',  ( -0.6349999999999998979, -1.116926418833576351, 2.950000000000000622 ) ) ;
#2543 = UNCERTAINTY_MEASURE_WITH_UNIT (LENGTH_MEASURE( 1.000000000000000082E-05 ), #3406, 'distance_accuracy_value', 'NONE');
#2544 =( GEOMETRIC_REPRESENTATION_CONTEXT ( 3 ) GLOBAL_UNCERTAINTY_ASSIGNED_CONTEXT ( ( #909 ) ) GLOBAL_UNIT_ASSIGNED_CONTEXT ( ( #85, #40, #306 ) ) REPRESENTATION_CONTEXT ( 'NONE', 'WORKASPACE' ) );
#2545 = ADVANCED_FACE ( 'NONE', ( #2794 ), #1457, .T. ) ;
#2546 = CARTESIAN_POINT ( 'NONE',  ( -1.425000000000000711, 0.1000000000000000056, -1.999999999999999556 ) ) ;
#2547 = VERTEX_POINT ( 'NONE', #2302 ) ;
#2548 = LINE ( 'NONE', #2587, #2501 ) ;
#2549 = PRESENTATION_STYLE_ASSIGNMENT (( #1454 ) ) ;
#2550 = EDGE_CURVE ( 'NONE', #1278, #1844, #241, .T. ) ;
#2551 = SURFACE_STYLE_USAGE ( .BOTH. , #3087 ) ;
#2552 = ORIENTED_EDGE ( 'NONE', *, *, #1177, .F. ) ;
#2553 = COLOUR_RGB ( '',0.6666666666666666297, 0.6980392156862744724, 0.7686274509803920907 ) ;
#2554 = FILL_AREA_STYLE_COLOUR ( '', #1042 ) ;
#2555 =( NAMED_UNIT ( * ) PLANE_ANGLE_UNIT ( ) SI_UNIT ( $, .RADIAN. ) );
#2556 = PRESENTATION_STYLE_ASSIGNMENT (( #1474 ) ) ;
#2557 = ORIENTED_EDGE ( 'NONE', *, *, #3279, .T. ) ;
#2558 = LINE ( 'NONE', #959, #2541 ) ;
#2559 = EDGE_CURVE ( 'NONE', #2790, #23, #1742, .T. ) ;
#2560 = DIRECTION ( 'NONE',  ( -1.000000000000000000, -0.000000000000000000, -0.000000000000000000 ) ) ;
#2561 = CARTESIAN_POINT ( 'NONE',  ( 1.235488313638030355, -1.000000000000000000, -1.810488313638030533 ) ) ;
#2562 = FILL_AREA_STYLE_COLOUR ( '', #488 ) ;
#2563 = DIRECTION ( 'NONE',  ( 0.000000000000000000, 0.000000000000000000, 1.000000000000000000 ) ) ;
#2564 =( BOUNDED_CURVE ( )  B_SPLINE_CURVE ( 3, ( #574, #51, #66, #2180 ),
 .UNSPECIFIED., .F., .T. ) 
 B_SPLINE_CURVE_WITH_KNOTS ( ( 4, 4 ),
 ( 0.05235987755982942499, 1.570796326794896558 ),
 .UNSPECIFIED. ) 
 CURVE ( )  GEOMETRIC_REPRESENTATION_ITEM ( )  RATIONAL_B_SPLINE_CURVE ( ( 1.000000000000000000, 0.8169162473415250147, 0.8169162473415250147, 1.000000000000000000 ) ) 
 REPRESENTATION_ITEM ( '' )  );
#2565 = FILL_AREA_STYLE ('',( #1527 ) ) ;
#2566 = DIRECTION ( 'NONE',  ( 0.000000000000000000, 0.000000000000000000, -1.000000000000000000 ) ) ;
#2567 = VECTOR ( 'NONE', #1230, 1000.000000000000114 ) ;
#2568 = SURFACE_SIDE_STYLE ('',( #1717 ) ) ;
#2569 = DIRECTION ( 'NONE',  ( -1.084202172485504557E-16, -0.000000000000000000, -1.000000000000000000 ) ) ;
#2570 = AXIS2_PLACEMENT_3D ( 'NONE', #3428, #1002, #750 ) ;
#2571 = FILL_AREA_STYLE ('',( #2019 ) ) ;
#2572 = ORIENTED_EDGE ( 'NONE', *, *, #2949, .T. ) ;
#2573 = CARTESIAN_POINT ( 'NONE',  ( -1.034999999999999920, -0.09999999999999990841, -2.350959927215323209 ) ) ;
#2574 = CYLINDRICAL_SURFACE ( 'NONE', #1129, 0.2000000000000000944 ) ;
#2575 = VERTEX_POINT ( 'NONE', #2869 ) ;
#2576 = SURFACE_STYLE_FILL_AREA ( #1498 ) ;
#2577 = AXIS2_PLACEMENT_3D ( 'NONE', #1173, #1159, #2563 ) ;
#2578 = COLOUR_RGB ( '',0.2980392156862745057, 0.2980392156862745057, 0.2980392156862745057 ) ;
#2579 = LINE ( 'NONE', #1242, #1429 ) ;
#2580 = VERTEX_POINT ( 'NONE', #2817 ) ;
#2581 = CARTESIAN_POINT ( 'NONE',  ( -1.034999999999999920, -0.9169264188335762844, -3.099520036392338529 ) ) ;
#2582 =( LENGTH_UNIT ( ) NAMED_UNIT ( * ) SI_UNIT ( .MILLI., .METRE. ) );
#2583 = SURFACE_STYLE_FILL_AREA ( #151 ) ;
#2584 = UNCERTAINTY_MEASURE_WITH_UNIT (LENGTH_MEASURE( 1.000000000000000082E-05 ), #1727, 'distance_accuracy_value', 'NONE');
#2585 = VECTOR ( 'NONE', #107, 1000.000000000000000 ) ;
#2586 = CARTESIAN_POINT ( 'NONE',  ( 1.035000000000000142, -0.2999999999999999889, -2.350959927215324097 ) ) ;
#2587 = CARTESIAN_POINT ( 'NONE',  ( 1.035000000000000142, -0.04340980676745787720, 2.692306838757896337 ) ) ;
#2588 = CARTESIAN_POINT ( 'NONE',  ( -1.034999999999999920, -0.2999999999999999889, 2.350959927215324097 ) ) ;
#2589 = CARTESIAN_POINT ( 'NONE',  ( 0.6350000000000000089, -0.9169264188335762844, -3.500000000000000000 ) ) ;
#2590 = ORIENTED_EDGE ( 'NONE', *, *, #215, .F. ) ;
#2591 = DIRECTION ( 'NONE',  ( 1.084202172485504557E-16, -0.000000000000000000, 1.000000000000000000 ) ) ;
#2592 = VECTOR ( 'NONE', #3446, 1000.000000000000000 ) ;
#2593 = SURFACE_STYLE_USAGE ( .BOTH. , #3403 ) ;
#2594 = FILL_AREA_STYLE ('',( #917 ) ) ;
#2595 = DIRECTION ( 'NONE',  ( -0.000000000000000000, 1.000000000000000000, 0.000000000000000000 ) ) ;
#2596 = EDGE_LOOP ( 'NONE', ( #507, #2269, #1053, #772, #2460, #3008, #3093, #851 ) ) ;
#2597 = EDGE_CURVE ( 'NONE', #807, #3125, #1156, .T. ) ;
#2598 = FILL_AREA_STYLE ('',( #116 ) ) ;
#2599 = MECHANICAL_DESIGN_GEOMETRIC_PRESENTATION_REPRESENTATION (  '', ( #3371 ), #310 ) ;
#2600 = LINE ( 'NONE', #492, #726 ) ;
#2601 = SURFACE_STYLE_USAGE ( .BOTH. , #3398 ) ;
#2602 = ORIENTED_EDGE ( 'NONE', *, *, #978, .T. ) ;
#2603 = CIRCLE ( 'NONE', #1859, 0.2000000000000000944 ) ;
#2604 = DIRECTION ( 'NONE',  ( -1.000000000000000000, -0.000000000000000000, -0.000000000000000000 ) ) ;
#2605 = VECTOR ( 'NONE', #1979, 1000.000000000000000 ) ;
#2606 = LINE ( 'NONE', #3386, #1555 ) ;
#2607 = SURFACE_STYLE_FILL_AREA ( #2109 ) ;
#2608 = EDGE_LOOP ( 'NONE', ( #2220, #1370, #3283, #2746 ) ) ;
#2609 = AXIS2_PLACEMENT_3D ( 'NONE', #654, #3144, #2886 ) ;
#2610 = FILL_AREA_STYLE_COLOUR ( '', #868 ) ;
#2611 = SURFACE_STYLE_FILL_AREA ( #3157 ) ;
#2612 = CYLINDRICAL_SURFACE ( 'NONE', #990, 0.1500000000000001887 ) ;
#2613 = ORIENTED_EDGE ( 'NONE', *, *, #1184, .F. ) ;
#2614 =( GEOMETRIC_REPRESENTATION_CONTEXT ( 3 ) GLOBAL_UNCERTAINTY_ASSIGNED_CONTEXT ( ( #661 ) ) GLOBAL_UNIT_ASSIGNED_CONTEXT ( ( #3443, #782, #451 ) ) REPRESENTATION_CONTEXT ( 'NONE', 'WORKASPACE' ) );
#2615 = EDGE_CURVE ( 'NONE', #2682, #614, #1975, .T. ) ;
#2616 = STYLED_ITEM ( 'NONE', ( #3190 ), #3394 ) ;
#2617 =( NAMED_UNIT ( * ) PLANE_ANGLE_UNIT ( ) SI_UNIT ( $, .RADIAN. ) );
#2618 = ORIENTED_EDGE ( 'NONE', *, *, #878, .F. ) ;
#2619 = VERTEX_POINT ( 'NONE', #2321 ) ;
#2620 = DIRECTION ( 'NONE',  ( 0.000000000000000000, 0.000000000000000000, -1.000000000000000000 ) ) ;
#2621 = EDGE_CURVE ( 'NONE', #1632, #866, #1589, .T. ) ;
#2622 =( NAMED_UNIT ( * ) SI_UNIT ( $, .STERADIAN. ) SOLID_ANGLE_UNIT ( ) );
#2623 = CARTESIAN_POINT ( 'NONE',  ( -0.6349999999999998979, -0.7169264188335763288, 3.099520036392337641 ) ) ;
#2624 =( LENGTH_UNIT ( ) NAMED_UNIT ( * ) SI_UNIT ( .MILLI., .METRE. ) );
#2625 = AXIS2_PLACEMENT_3D ( 'NONE', #1166, #267, #286 ) ;
#2626 = ORIENTED_EDGE ( 'NONE', *, *, #92, .T. ) ;
#2627 = SURFACE_STYLE_FILL_AREA ( #3156 ) ;
#2628 = FACE_OUTER_BOUND ( 'NONE', #428, .T. ) ;
#2629 = DIRECTION ( 'NONE',  ( 1.000000000000000000, -0.000000000000000000, 0.000000000000000000 ) ) ;
#2630 = AXIS2_PLACEMENT_3D ( 'NONE', #3001, #236, #2161 ) ;
#2631 = ORIENTED_EDGE ( 'NONE', *, *, #3174, .F. ) ;
#2632 = DIRECTION ( 'NONE',  ( -1.000000000000000000, -0.000000000000000000, -0.000000000000000000 ) ) ;
#2633 = DIRECTION ( 'NONE',  ( 1.000000000000000000, 0.000000000000000000, 0.000000000000000000 ) ) ;
#2634 = VERTEX_POINT ( 'NONE', #2899 ) ;
#2635 = COLOUR_RGB ( '',0.2980392156862745057, 0.2980392156862745057, 0.2980392156862745057 ) ;
#2636 =( NAMED_UNIT ( * ) PLANE_ANGLE_UNIT ( ) SI_UNIT ( $, .RADIAN. ) );
#2637 = ORIENTED_EDGE ( 'NONE', *, *, #2023, .T. ) ;
#2638 = DIRECTION ( 'NONE',  ( -1.000000000000000000, -0.000000000000000000, -0.000000000000000000 ) ) ;
#2639 = FACE_OUTER_BOUND ( 'NONE', #3476, .T. ) ;
#2640 = AXIS2_PLACEMENT_3D ( 'NONE', #814, #1878, #2966 ) ;
#2641 = DIRECTION ( 'NONE',  ( -0.000000000000000000, 1.000000000000000000, 3.861559712415245110E-17 ) ) ;
#2642 = VECTOR ( 'NONE', #2090, 1000.000000000000000 ) ;
#2643 = FILL_AREA_STYLE_COLOUR ( '', #2043 ) ;
#2644 = ADVANCED_FACE ( 'NONE', ( #2628 ), #2612, .T. ) ;
#2645 = ORIENTED_EDGE ( 'NONE', *, *, #1381, .T. ) ;
#2646 = CARTESIAN_POINT ( 'NONE',  ( 0.000000000000000000, -0.8500000000000000888, 1.810488313638031421 ) ) ;
#2647 = DIRECTION ( 'NONE',  ( 0.000000000000000000, 0.000000000000000000, -1.000000000000000000 ) ) ;
#2648 = ORIENTED_EDGE ( 'NONE', *, *, #481, .T. ) ;
#2649 = CARTESIAN_POINT ( 'NONE',  ( 1.235488313638030800, 1.000000000000000000, 1.810488313638031421 ) ) ;
#2650 = FILL_AREA_STYLE_COLOUR ( '', #417 ) ;
#2651 = SURFACE_SIDE_STYLE ('',( #1556 ) ) ;
#2652 = ORIENTED_EDGE ( 'NONE', *, *, #1106, .F. ) ;
#2653 = AXIS2_PLACEMENT_3D ( 'NONE', #3078, #2525, #361 ) ;
#2654 = DIRECTION ( 'NONE',  ( -1.000000000000000000, 0.000000000000000000, -0.000000000000000000 ) ) ;
#2655 = SURFACE_STYLE_USAGE ( .BOTH. , #2049 ) ;
#2656 = SURFACE_SIDE_STYLE ('',( #2018 ) ) ;
#2657 = PRESENTATION_LAYER_ASSIGNMENT (  '', '', ( #1118 ) ) ;
#2658 = DIRECTION ( 'NONE',  ( 1.000000000000000000, 0.000000000000000000, 0.000000000000000000 ) ) ;
#2659 = VECTOR ( 'NONE', #407, 1000.000000000000000 ) ;
#2660 = EDGE_LOOP ( 'NONE', ( #2552, #2011, #1354, #436 ) ) ;
#2661 = PLANE ( 'NONE',  #3345 ) ;
#2662 = FILL_AREA_STYLE ('',( #1012 ) ) ;
#2663 = EDGE_CURVE ( 'NONE', #1632, #3328, #3175, .T. ) ;
#2664 = ADVANCED_FACE ( 'NONE', ( #3223 ), #485, .T. ) ;
#2665 = CIRCLE ( 'NONE', #1758, 0.2000000000000000944 ) ;
#2666 = CIRCLE ( 'NONE', #508, 0.2000000000000000944 ) ;
#2667 = ORIENTED_EDGE ( 'NONE', *, *, #1246, .T. ) ;
#2668 =( NAMED_UNIT ( * ) PLANE_ANGLE_UNIT ( ) SI_UNIT ( $, .RADIAN. ) );
#2669 = ORIENTED_EDGE ( 'NONE', *, *, #549, .T. ) ;
#2670 =( GEOMETRIC_REPRESENTATION_CONTEXT ( 3 ) GLOBAL_UNCERTAINTY_ASSIGNED_CONTEXT ( ( #122 ) ) GLOBAL_UNIT_ASSIGNED_CONTEXT ( ( #3353, #1164, #3368 ) ) REPRESENTATION_CONTEXT ( 'NONE', 'WORKASPACE' ) );
#2671 =( NAMED_UNIT ( * ) SI_UNIT ( $, .STERADIAN. ) SOLID_ANGLE_UNIT ( ) );
#2672 = CARTESIAN_POINT ( 'NONE',  ( 1.235488313638030800, -1.000000000000000000, 1.952832998645262830 ) ) ;
#2673 = PLANE ( 'NONE',  #401 ) ;
#2674 = ORIENTED_EDGE ( 'NONE', *, *, #2559, .F. ) ;
#2675 = CYLINDRICAL_SURFACE ( 'NONE', #3287, 0.2000000000000000944 ) ;
#2676 = MECHANICAL_DESIGN_GEOMETRIC_PRESENTATION_REPRESENTATION (  '', ( #520 ), #1657 ) ;
#2677 = CARTESIAN_POINT ( 'NONE',  ( -1.235488313638031466, 0.8500000000000000888, 1.339519113726806043E-16 ) ) ;
#2678 = CARTESIAN_POINT ( 'NONE',  ( 0.6350000000000000089, -0.7169264188335763288, -3.099520036392337641 ) ) ;
#2679 =( GEOMETRIC_REPRESENTATION_CONTEXT ( 3 ) GLOBAL_UNCERTAINTY_ASSIGNED_CONTEXT ( ( #2079 ) ) GLOBAL_UNIT_ASSIGNED_CONTEXT ( ( #2005, #1769, #3134 ) ) REPRESENTATION_CONTEXT ( 'NONE', 'WORKASPACE' ) );
#2680 = CARTESIAN_POINT ( 'NONE',  ( -0.6349999999999998979, -0.9169264188335763954, -3.099520036392338529 ) ) ;
#2681 = PRESENTATION_LAYER_ASSIGNMENT (  '', '', ( #1039 ) ) ;
#2682 = VERTEX_POINT ( 'NONE', #1872 ) ;
#2683 = CARTESIAN_POINT ( 'NONE',  ( -1.385282743851217635, 0.8578503934364415384, -1.960282743851216480 ) ) ;
#2684 = MECHANICAL_DESIGN_GEOMETRIC_PRESENTATION_REPRESENTATION (  '', ( #3294 ), #1294 ) ;
#2685 = ORIENTED_EDGE ( 'NONE', *, *, #278, .F. ) ;
#2686 = PRESENTATION_LAYER_ASSIGNMENT (  '', '', ( #3137 ) ) ;
#2687 = CARTESIAN_POINT ( 'NONE',  ( 1.385282743851216303, 0.8578503934364415384, -1.960282743851216480 ) ) ;
#2688 = FACE_OUTER_BOUND ( 'NONE', #648, .T. ) ;
#2689 = PRESENTATION_LAYER_ASSIGNMENT (  '', '', ( #1572 ) ) ;
#2690 = VERTEX_POINT ( 'NONE', #2959 ) ;
#2691 = CARTESIAN_POINT ( 'NONE',  ( 1.035000000000000142, -1.116926418833576351, -2.950000000000000622 ) ) ;
#2692 = UNCERTAINTY_MEASURE_WITH_UNIT (LENGTH_MEASURE( 1.000000000000000082E-05 ), #2582, 'distance_accuracy_value', 'NONE');
#2693 = VECTOR ( 'NONE', #2777, 1000.000000000000000 ) ;
#2694 = LINE ( 'NONE', #2132, #3362 ) ;
#2695 = SURFACE_SIDE_STYLE ('',( #1050 ) ) ;
#2696 = EDGE_LOOP ( 'NONE', ( #3429, #563, #545, #1620 ) ) ;
#2697 = EDGE_CURVE ( 'NONE', #3344, #2340, #260, .T. ) ;
#2698 =( NAMED_UNIT ( * ) SI_UNIT ( $, .STERADIAN. ) SOLID_ANGLE_UNIT ( ) );
#2699 = EDGE_LOOP ( 'NONE', ( #1714, #1090, #320, #300 ) ) ;
#2700 = EDGE_CURVE ( 'NONE', #2690, #307, #588, .T. ) ;
#2701 = EDGE_CURVE ( 'NONE', #2368, #41, #2752, .T. ) ;
#2702 = EDGE_CURVE ( 'NONE', #2281, #997, #1983, .T. ) ;
#2703 = FACE_OUTER_BOUND ( 'NONE', #2936, .T. ) ;
#2704 = AXIS2_PLACEMENT_3D ( 'NONE', #397, #1818, #453 ) ;
#2705 =( NAMED_UNIT ( * ) PLANE_ANGLE_UNIT ( ) SI_UNIT ( $, .RADIAN. ) );
#2706 = ORIENTED_EDGE ( 'NONE', *, *, #1082, .F. ) ;
#2707 =( NAMED_UNIT ( * ) SI_UNIT ( $, .STERADIAN. ) SOLID_ANGLE_UNIT ( ) );
#2708 = CIRCLE ( 'NONE', #3166, 0.2000000000000000944 ) ;
#2709 = CARTESIAN_POINT ( 'NONE',  ( -0.6349999999999998979, -0.9169264188335762844, -3.500000000000000000 ) ) ;
#2710 = DIRECTION ( 'NONE',  ( 0.000000000000000000, -1.000000000000000000, 0.000000000000000000 ) ) ;
#2711 = SURFACE_STYLE_FILL_AREA ( #1638 ) ;
#2712 = VERTEX_POINT ( 'NONE', #2484 ) ;
#2713 = DIRECTION ( 'NONE',  ( 0.000000000000000000, 0.000000000000000000, 1.000000000000000000 ) ) ;
#2714 = ORIENTED_EDGE ( 'NONE', *, *, #989, .F. ) ;
#2715 = STYLED_ITEM ( 'NONE', ( #2045 ), #1292 ) ;
#2716 = AXIS2_PLACEMENT_3D ( 'NONE', #1245, #3188, #816 ) ;
#2717 = VECTOR ( 'NONE', #3176, 1000.000000000000000 ) ;
#2718 = SURFACE_STYLE_FILL_AREA ( #2087 ) ;
#2719 = PRESENTATION_STYLE_ASSIGNMENT (( #3251 ) ) ;
#2720 = EDGE_CURVE ( 'NONE', #780, #2896, #644, .T. ) ;
#2721 =( LENGTH_UNIT ( ) NAMED_UNIT ( * ) SI_UNIT ( .MILLI., .METRE. ) );
#2722 = EDGE_LOOP ( 'NONE', ( #1557, #171, #2489, #1640 ) ) ;
#2723 = EDGE_CURVE ( 'NONE', #91, #392, #1711, .T. ) ;
#2724 =( NAMED_UNIT ( * ) PLANE_ANGLE_UNIT ( ) SI_UNIT ( $, .RADIAN. ) );
#2725 = UNCERTAINTY_MEASURE_WITH_UNIT (LENGTH_MEASURE( 1.000000000000000082E-05 ), #1833, 'distance_accuracy_value', 'NONE');
#2726 = SURFACE_STYLE_USAGE ( .BOTH. , #2178 ) ;
#2727 = DIRECTION ( 'NONE',  ( -1.000000000000000000, -0.000000000000000000, -0.000000000000000000 ) ) ;
#2728 = ORIENTED_EDGE ( 'NONE', *, *, #1349, .F. ) ;
#2729 = COLOUR_RGB ( '',0.6666666666666666297, 0.6980392156862744724, 0.7686274509803920907 ) ;
#2730 = CARTESIAN_POINT ( 'NONE',  ( -0.6349999999999998979, -0.04340980676745784250, 2.692306838757896337 ) ) ;
#2731 = ORIENTED_EDGE ( 'NONE', *, *, #511, .F. ) ;
#2732 = PRESENTATION_STYLE_ASSIGNMENT (( #1688 ) ) ;
#2733 = STYLED_ITEM ( 'NONE', ( #2999 ), #1749 ) ;
#2734 = MECHANICAL_DESIGN_GEOMETRIC_PRESENTATION_REPRESENTATION (  '', ( #3011 ), #2100 ) ;
#2735 = DIRECTION ( 'NONE',  ( 0.000000000000000000, 0.000000000000000000, 1.000000000000000000 ) ) ;
#2736 =( GEOMETRIC_REPRESENTATION_CONTEXT ( 3 ) GLOBAL_UNCERTAINTY_ASSIGNED_CONTEXT ( ( #1183 ) ) GLOBAL_UNIT_ASSIGNED_CONTEXT ( ( #259, #2396, #1088 ) ) REPRESENTATION_CONTEXT ( 'NONE', 'WORKASPACE' ) );
#2737 = EDGE_CURVE ( 'NONE', #420, #1740, #1447, .T. ) ;
#2738 = CARTESIAN_POINT ( 'NONE',  ( 0.000000000000000000, 0.1000000000000000056, -1.999999999999999112 ) ) ;
#2739 = ORIENTED_EDGE ( 'NONE', *, *, #70, .F. ) ;
#2740 = SURFACE_STYLE_USAGE ( .BOTH. , #263 ) ;
#2741 =( LENGTH_UNIT ( ) NAMED_UNIT ( * ) SI_UNIT ( .MILLI., .METRE. ) );
#2742 = FILL_AREA_STYLE ('',( #285 ) ) ;
#2743 = DIRECTION ( 'NONE',  ( 0.000000000000000000, 0.000000000000000000, 1.000000000000000000 ) ) ;
#2744 = CARTESIAN_POINT ( 'NONE',  ( 1.035000000000000142, -0.9169264188335763954, 2.949999999999999734 ) ) ;
#2745 = CARTESIAN_POINT ( 'NONE',  ( -1.034999999999999920, 0.1000000000000000056, 2.000000000000000444 ) ) ;
#2746 = ORIENTED_EDGE ( 'NONE', *, *, #3082, .F. ) ;
#2747 = VECTOR ( 'NONE', #203, 1000.000000000000114 ) ;
#2748 = VERTEX_POINT ( 'NONE', #1467 ) ;
#2749 = FILL_AREA_STYLE ('',( #565 ) ) ;
#2750 = UNCERTAINTY_MEASURE_WITH_UNIT (LENGTH_MEASURE( 1.000000000000000082E-05 ), #98, 'distance_accuracy_value', 'NONE');
#2751 = CARTESIAN_POINT ( 'NONE',  ( 1.035000000000000142, -0.2434098067674578258, -2.542786802365558430 ) ) ;
#2752 = LINE ( 'NONE', #277, #2453 ) ;
#2753 =( LENGTH_UNIT ( ) NAMED_UNIT ( * ) SI_UNIT ( .MILLI., .METRE. ) );
#2754 = EDGE_CURVE ( 'NONE', #3244, #3344, #1732, .T. ) ;
#2755 = PRESENTATION_STYLE_ASSIGNMENT (( #2467 ) ) ;
#2756 = ORIENTED_EDGE ( 'NONE', *, *, #2362, .F. ) ;
#2757 = COLOUR_RGB ( '',0.2980392156862745057, 0.2980392156862745057, 0.2980392156862745057 ) ;
#2758 = LINE ( 'NONE', #1397, #1700 ) ;
#2759 = CARTESIAN_POINT ( 'NONE',  ( 0.6350000000000000089, -0.2434098067674578258, -2.542786802365558430 ) ) ;
#2760 = CARTESIAN_POINT ( 'NONE',  ( 1.424999999999999378, -0.1000000000000000056, -1.999999999999999556 ) ) ;
#2761 = VECTOR ( 'NONE', #2151, 1000.000000000000000 ) ;
#2762 = DIRECTION ( 'NONE',  ( -1.000000000000000000, -0.000000000000000000, -0.000000000000000000 ) ) ;
#2763 = CARTESIAN_POINT ( 'NONE',  ( -0.6349999999999998979, -0.9169264188335762844, -3.099520036392338529 ) ) ;
#2764 = EDGE_CURVE ( 'NONE', #2991, #2298, #3099, .T. ) ;
#2765 = FILL_AREA_STYLE_COLOUR ( '', #54 ) ;
#2766 = VECTOR ( 'NONE', #1282, 1000.000000000000000 ) ;
#2767 = ORIENTED_EDGE ( 'NONE', *, *, #481, .F. ) ;
#2768 = AXIS2_PLACEMENT_3D ( 'NONE', #1961, #2478, #3292 ) ;
#2769 = CARTESIAN_POINT ( 'NONE',  ( -0.6349999999999998979, -0.7735166120661184364, 2.907693161242103308 ) ) ;
#2770 = EDGE_LOOP ( 'NONE', ( #2120, #976, #958, #1193 ) ) ;
#2771 = VERTEX_POINT ( 'NONE', #875 ) ;
#2772 = VECTOR ( 'NONE', #2835, 1000.000000000000000 ) ;
#2773 = AXIS2_PLACEMENT_3D ( 'NONE', #2373, #2604, #2103 ) ;
#2774 = FILL_AREA_STYLE ('',( #2502 ) ) ;
#2775 = PLANE ( 'NONE',  #2716 ) ;
#2776 = AXIS2_PLACEMENT_3D ( 'NONE', #2268, #2595, #2285 ) ;
#2777 = DIRECTION ( 'NONE',  ( -1.000000000000000000, -0.000000000000000000, -0.000000000000000000 ) ) ;
#2778 = EDGE_LOOP ( 'NONE', ( #547, #1426, #271, #983 ) ) ;
#2779 = AXIS2_PLACEMENT_3D ( 'NONE', #228, #463, #1808 ) ;
#2780 = DIRECTION ( 'NONE',  ( -1.000000000000000000, -0.000000000000000000, -0.000000000000000000 ) ) ;
#2781 = DIRECTION ( 'NONE',  ( 0.000000000000000000, -0.000000000000000000, -1.000000000000000000 ) ) ;
#2782 = DIRECTION ( 'NONE',  ( 1.000000000000000000, 0.000000000000000000, -0.000000000000000000 ) ) ;
#2783 = ORIENTED_EDGE ( 'NONE', *, *, #2384, .T. ) ;
#2784 = PRESENTATION_LAYER_ASSIGNMENT (  '', '', ( #333 ) ) ;
#2785 = CARTESIAN_POINT ( 'NONE',  ( -1.034999999999999920, -0.04340980676745784250, -2.692306838757896337 ) ) ;
#2786 = SURFACE_SIDE_STYLE ('',( #3471 ) ) ;
#2787 = SURFACE_SIDE_STYLE ('',( #3332 ) ) ;
#2788 = CARTESIAN_POINT ( 'NONE',  ( -1.034999999999999920, 0.1000000000000000056, 1.999999999999999556 ) ) ;
#2789 =( GEOMETRIC_REPRESENTATION_CONTEXT ( 3 ) GLOBAL_UNCERTAINTY_ASSIGNED_CONTEXT ( ( #367 ) ) GLOBAL_UNIT_ASSIGNED_CONTEXT ( ( #1340, #2348, #3184 ) ) REPRESENTATION_CONTEXT ( 'NONE', 'WORKASPACE' ) );
#2790 = VERTEX_POINT ( 'NONE', #641 ) ;
#2791 = FACE_OUTER_BOUND ( 'NONE', #2272, .T. ) ;
#2792 = STYLED_ITEM ( 'NONE', ( #1675 ), #564 ) ;
#2793 = FILL_AREA_STYLE_COLOUR ( '', #408 ) ;
#2794 = FACE_OUTER_BOUND ( 'NONE', #903, .T. ) ;
#2795 = VECTOR ( 'NONE', #2383, 1000.000000000000000 ) ;
#2796 =( NAMED_UNIT ( * ) PLANE_ANGLE_UNIT ( ) SI_UNIT ( $, .RADIAN. ) );
#2797 = ORIENTED_EDGE ( 'NONE', *, *, #3170, .T. ) ;
#2798 = EDGE_CURVE ( 'NONE', #2682, #2055, #2278, .T. ) ;
#2799 = MECHANICAL_DESIGN_GEOMETRIC_PRESENTATION_REPRESENTATION (  '', ( #1627 ), #932 ) ;
#2800 = FILL_AREA_STYLE_COLOUR ( '', #479 ) ;
#2801 = EDGE_CURVE ( 'NONE', #1909, #2281, #1442, .T. ) ;
#2802 = PRESENTATION_LAYER_ASSIGNMENT (  '', '', ( #192 ) ) ;
#2803 = CARTESIAN_POINT ( 'NONE',  ( 1.035000000000000142, -0.09999999999999990841, 2.350959927215323209 ) ) ;
#2804 = PLANE ( 'NONE',  #2395 ) ;
#2805 = PLANE ( 'NONE',  #2653 ) ;
#2806 = EDGE_CURVE ( 'NONE', #1074, #2308, #3366, .T. ) ;
#2807 = LINE ( 'NONE', #1141, #1672 ) ;
#2808 = EDGE_CURVE ( 'NONE', #1603, #3193, #3315, .T. ) ;
#2809 =( BOUNDED_CURVE ( )  B_SPLINE_CURVE ( 3, ( #3430, #752, #1836, #2911 ),
 .UNSPECIFIED., .F., .T. ) 
 B_SPLINE_CURVE_WITH_KNOTS ( ( 4, 4 ),
 ( 3.193952531149622409, 4.712388980384687898 ),
 .UNSPECIFIED. ) 
 CURVE ( )  GEOMETRIC_REPRESENTATION_ITEM ( )  RATIONAL_B_SPLINE_CURVE ( ( 1.000000000000000000, 0.8169162473415252368, 0.8169162473415252368, 1.000000000000000000 ) ) 
 REPRESENTATION_ITEM ( '' )  );
#2810 = FILL_AREA_STYLE ('',( #2997 ) ) ;
#2811 = VERTEX_POINT ( 'NONE', #660 ) ;
#2812 = LINE ( 'NONE', #2759, #287 ) ;
#2813 = MECHANICAL_DESIGN_GEOMETRIC_PRESENTATION_REPRESENTATION (  '', ( #1461 ), #2975 ) ;
#2814 = ORIENTED_EDGE ( 'NONE', *, *, #3493, .F. ) ;
#2815 = SURFACE_STYLE_USAGE ( .BOTH. , #3323 ) ;
#2816 = CARTESIAN_POINT ( 'NONE',  ( -0.6349999999999998979, -0.1000000000000000056, 1.999999999999999556 ) ) ;
#2817 = CARTESIAN_POINT ( 'NONE',  ( -0.6349999999999998979, -0.09999999999999990841, -2.350959927215323209 ) ) ;
#2818 = EDGE_LOOP ( 'NONE', ( #2401, #2347, #2918, #1126 ) ) ;
#2819 = VECTOR ( 'NONE', #498, 1000.000000000000000 ) ;
#2820 =( NAMED_UNIT ( * ) SI_UNIT ( $, .STERADIAN. ) SOLID_ANGLE_UNIT ( ) );
#2821 = PLANE ( 'NONE',  #382 ) ;
#2822 = PRESENTATION_LAYER_ASSIGNMENT (  '', '', ( #841 ) ) ;
#2823 = LINE ( 'NONE', #3038, #128 ) ;
#2824 = UNCERTAINTY_MEASURE_WITH_UNIT (LENGTH_MEASURE( 1.000000000000000082E-05 ), #2741, 'distance_accuracy_value', 'NONE');
#2825 = SURFACE_STYLE_USAGE ( .BOTH. , #2280 ) ;
#2826 =( GEOMETRIC_REPRESENTATION_CONTEXT ( 3 ) GLOBAL_UNCERTAINTY_ASSIGNED_CONTEXT ( ( #700 ) ) GLOBAL_UNIT_ASSIGNED_CONTEXT ( ( #1128, #2193, #881 ) ) REPRESENTATION_CONTEXT ( 'NONE', 'WORKASPACE' ) );
#2827 = DIRECTION ( 'NONE',  ( -1.000000000000000000, -0.000000000000000000, -0.000000000000000000 ) ) ;
#2828 = LINE ( 'NONE', #3322, #1104 ) ;
#2829 = ORIENTED_EDGE ( 'NONE', *, *, #710, .T. ) ;
#2830 = STYLED_ITEM ( 'NONE', ( #2188 ), #3416 ) ;
#2831 = SURFACE_STYLE_FILL_AREA ( #113 ) ;
#2832 = SURFACE_STYLE_FILL_AREA ( #3359 ) ;
#2833 = MECHANICAL_DESIGN_GEOMETRIC_PRESENTATION_REPRESENTATION (  '', ( #2195 ), #1136 ) ;
#2834 = ORIENTED_EDGE ( 'NONE', *, *, #317, .T. ) ;
#2835 = DIRECTION ( 'NONE',  ( -1.000000000000000000, -0.000000000000000000, -0.000000000000000000 ) ) ;
#2836 = PRESENTATION_STYLE_ASSIGNMENT (( #940 ) ) ;
#2837 =( NAMED_UNIT ( * ) SI_UNIT ( $, .STERADIAN. ) SOLID_ANGLE_UNIT ( ) );
#2838 = ORIENTED_EDGE ( 'NONE', *, *, #1106, .T. ) ;
#2839 = CARTESIAN_POINT ( 'NONE',  ( 0.000000000000000000, -1.000000000000000000, 0.000000000000000000 ) ) ;
#2840 = DIRECTION ( 'NONE',  ( 1.000000000000000000, 0.000000000000000000, 0.000000000000000000 ) ) ;
#2841 = LINE ( 'NONE', #2295, #1491 ) ;
#2842 = PLANE ( 'NONE',  #850 ) ;
#2843 = EDGE_CURVE ( 'NONE', #1968, #149, #1750, .T. ) ;
#2844 = STYLED_ITEM ( 'NONE', ( #3286 ), #133 ) ;
#2845 = AXIS2_PLACEMENT_3D ( 'NONE', #2264, #2247, #1472 ) ;
#2846 = CARTESIAN_POINT ( 'NONE',  ( -1.385282743851217635, 0.8578503934364416494, -1.952832998645261942 ) ) ;
#2847 = ORIENTED_EDGE ( 'NONE', *, *, #2697, .F. ) ;
#2848 =( LENGTH_UNIT ( ) NAMED_UNIT ( * ) SI_UNIT ( .MILLI., .METRE. ) );
#2849 =( LENGTH_UNIT ( ) NAMED_UNIT ( * ) SI_UNIT ( .MILLI., .METRE. ) );
#2850 = EDGE_CURVE ( 'NONE', #1500, #1495, #2807, .T. ) ;
#2851 = EDGE_LOOP ( 'NONE', ( #1420, #1569, #400, #2980 ) ) ;
#2852 =( GEOMETRIC_REPRESENTATION_CONTEXT ( 3 ) GLOBAL_UNCERTAINTY_ASSIGNED_CONTEXT ( ( #1228 ) ) GLOBAL_UNIT_ASSIGNED_CONTEXT ( ( #765, #2920, #1314 ) ) REPRESENTATION_CONTEXT ( 'NONE', 'WORKASPACE' ) );
#2853 = SHAPE_DEFINITION_REPRESENTATION ( #1358, #2360 ) ;
#2854 = ORIENTED_EDGE ( 'NONE', *, *, #2114, .F. ) ;
#2855 = DIRECTION ( 'NONE',  ( -1.000000000000000000, -0.000000000000000000, -0.000000000000000000 ) ) ;
#2856 = VERTEX_POINT ( 'NONE', #944 ) ;
#2857 = FILL_AREA_STYLE_COLOUR ( '', #3042 ) ;
#2858 = AXIS2_PLACEMENT_3D ( 'NONE', #927, #1984, #1124 ) ;
#2859 = PRODUCT_DEFINITION ( 'UNKNOWN', '', #141, #3080 ) ;
#2860 =( NAMED_UNIT ( * ) SI_UNIT ( $, .STERADIAN. ) SOLID_ANGLE_UNIT ( ) );
#2861 = UNCERTAINTY_MEASURE_WITH_UNIT (LENGTH_MEASURE( 1.000000000000000082E-05 ), #1470, 'distance_accuracy_value', 'NONE');
#2862 = MECHANICAL_DESIGN_GEOMETRIC_PRESENTATION_REPRESENTATION (  '', ( #419 ), #27 ) ;
#2863 = DIRECTION ( 'NONE',  ( -1.000000000000000000, -0.000000000000000000, -0.000000000000000000 ) ) ;
#2864 = SURFACE_STYLE_FILL_AREA ( #1969 ) ;
#2865 = EDGE_CURVE ( 'NONE', #2063, #1985, #2823, .T. ) ;
#2866 = SURFACE_STYLE_USAGE ( .BOTH. , #1286 ) ;
#2867 = ORIENTED_EDGE ( 'NONE', *, *, #2850, .F. ) ;
#2868 = PLANE ( 'NONE',  #2394 ) ;
#2869 = CARTESIAN_POINT ( 'NONE',  ( -1.034999999999999920, -0.1000000000000000056, -1.999999999999999556 ) ) ;
#2870 = SURFACE_STYLE_USAGE ( .BOTH. , #2010 ) ;
#2871 = ADVANCED_FACE ( 'NONE', ( #604 ), #2775, .T. ) ;
#2872 = EDGE_CURVE ( 'NONE', #2771, #1001, #2311, .T. ) ;
#2873 = ORIENTED_EDGE ( 'NONE', *, *, #114, .T. ) ;
#2874 = SURFACE_STYLE_FILL_AREA ( #1980 ) ;
#2875 = VERTEX_POINT ( 'NONE', #480 ) ;
#2876 = CARTESIAN_POINT ( 'NONE',  ( -1.425000000000000711, -0.1000000000000000056, -1.999999999999999556 ) ) ;
#2877 = DIRECTION ( 'NONE',  ( 0.000000000000000000, 0.000000000000000000, -1.000000000000000000 ) ) ;
#2878 = COLOUR_RGB ( '',0.6666666666666666297, 0.6980392156862744724, 0.7686274509803920907 ) ;
#2879 = FILL_AREA_STYLE_COLOUR ( '', #440 ) ;
#2880 = CARTESIAN_POINT ( 'NONE',  ( -1.034999999999999920, -0.9735166120661183919, 2.758173124849765401 ) ) ;
#2881 = PRESENTATION_STYLE_ASSIGNMENT (( #3169 ) ) ;
#2882 =( NAMED_UNIT ( * ) PLANE_ANGLE_UNIT ( ) SI_UNIT ( $, .RADIAN. ) );
#2883 = ORIENTED_EDGE ( 'NONE', *, *, #2362, .T. ) ;
#2884 = EDGE_CURVE ( 'NONE', #91, #843, #1506, .T. ) ;
#2885 = CARTESIAN_POINT ( 'NONE',  ( -1.034999999999999920, -0.9169264188335762844, -3.500000000000000000 ) ) ;
#2886 = DIRECTION ( 'NONE',  ( 0.000000000000000000, 0.000000000000000000, 1.000000000000000000 ) ) ;
#2887 = MECHANICAL_DESIGN_GEOMETRIC_PRESENTATION_REPRESENTATION (  '', ( #2616 ), #741 ) ;
#2888 = ORIENTED_EDGE ( 'NONE', *, *, #655, .F. ) ;
#2889 = DIRECTION ( 'NONE',  ( -1.084202172485504557E-16, 0.000000000000000000, -1.000000000000000000 ) ) ;
#2890 = ORIENTED_EDGE ( 'NONE', *, *, #1407, .T. ) ;
#2891 = CARTESIAN_POINT ( 'NONE',  ( 0.6350000000000000089, -0.2434098067674578258, -2.542786802365558430 ) ) ;
#2892 =( NAMED_UNIT ( * ) SI_UNIT ( $, .STERADIAN. ) SOLID_ANGLE_UNIT ( ) );
#2893 = PRESENTATION_STYLE_ASSIGNMENT (( #2399 ) ) ;
#2894 = VECTOR ( 'NONE', #3373, 1000.000000000000000 ) ;
#2895 = DIRECTION ( 'NONE',  ( -1.000000000000000000, -0.000000000000000000, -0.000000000000000000 ) ) ;
#2896 = VERTEX_POINT ( 'NONE', #3152 ) ;
#2897 = VECTOR ( 'NONE', #195, 1000.000000000000000 ) ;
#2898 = DIRECTION ( 'NONE',  ( 0.000000000000000000, -0.000000000000000000, -1.000000000000000000 ) ) ;
#2899 = CARTESIAN_POINT ( 'NONE',  ( 0.6350000000000000089, -1.116926418833576351, -3.500000000000000000 ) ) ;
#2900 = UNCERTAINTY_MEASURE_WITH_UNIT (LENGTH_MEASURE( 1.000000000000000082E-05 ), #3435, 'distance_accuracy_value', 'NONE');
#2901 = CARTESIAN_POINT ( 'NONE',  ( 1.035000000000000142, 0.1000000000000000056, -2.500479963607661116 ) ) ;
#2902 =( GEOMETRIC_REPRESENTATION_CONTEXT ( 3 ) GLOBAL_UNCERTAINTY_ASSIGNED_CONTEXT ( ( #527 ) ) GLOBAL_UNIT_ASSIGNED_CONTEXT ( ( #2407, #1095, #1078 ) ) REPRESENTATION_CONTEXT ( 'NONE', 'WORKASPACE' ) );
#2903 = COLOUR_RGB ( '',0.2980392156862745057, 0.2980392156862745057, 0.2980392156862745057 ) ;
#2904 = VECTOR ( 'NONE', #1635, 1000.000000000000000 ) ;
#2905 = DIRECTION ( 'NONE',  ( -1.000000000000000000, -0.000000000000000000, 0.000000000000000000 ) ) ;
#2906 = MECHANICAL_DESIGN_GEOMETRIC_PRESENTATION_REPRESENTATION (  '', ( #2046 ), #2736 ) ;
#2907 = DIRECTION ( 'NONE',  ( 0.000000000000000000, 0.2829509661627159778, -0.9591343757511695545 ) ) ;
#2908 = VECTOR ( 'NONE', #2472, 1000.000000000000000 ) ;
#2909 = CARTESIAN_POINT ( 'NONE',  ( 1.035000000000000142, -0.9169264188335762844, -3.500000000000000000 ) ) ;
#2910 = ORIENTED_EDGE ( 'NONE', *, *, #1865, .T. ) ;
#2911 = CARTESIAN_POINT ( 'NONE',  ( -1.235488313638031688, -1.000000000000000000, -1.810488313638030533 ) ) ;
#2912 = CARTESIAN_POINT ( 'NONE',  ( 1.424999999999999822, 0.1000000000000000056, 2.000000000000000444 ) ) ;
#2913 = COLOUR_RGB ( '',0.2980392156862745057, 0.2980392156862745057, 0.2980392156862745057 ) ;
#2914 = DIRECTION ( 'NONE',  ( -1.000000000000000000, -0.000000000000000000, -0.000000000000000000 ) ) ;
#2915 = VECTOR ( 'NONE', #706, 1000.000000000000000 ) ;
#2916 = ADVANCED_FACE ( 'NONE', ( #2033 ), #3167, .F. ) ;
#2917 = CARTESIAN_POINT ( 'NONE',  ( -1.319750877632057895, 0.9999999999999997780, 1.894750877632058073 ) ) ;
#2918 = ORIENTED_EDGE ( 'NONE', *, *, #3384, .T. ) ;
#2919 = FILL_AREA_STYLE ('',( #1347 ) ) ;
#2920 =( NAMED_UNIT ( * ) PLANE_ANGLE_UNIT ( ) SI_UNIT ( $, .RADIAN. ) );
#2921 = DIRECTION ( 'NONE',  ( -1.000000000000000000, -0.000000000000000000, -0.000000000000000000 ) ) ;
#2922 = ORIENTED_EDGE ( 'NONE', *, *, #2118, .T. ) ;
#2923 = LINE ( 'NONE', #2122, #786 ) ;
#2924 = MECHANICAL_DESIGN_GEOMETRIC_PRESENTATION_REPRESENTATION (  '', ( #1118 ), #607 ) ;
#2925 = DIRECTION ( 'NONE',  ( 0.000000000000000000, -0.000000000000000000, 1.000000000000000000 ) ) ;
#2926 =( GEOMETRIC_REPRESENTATION_CONTEXT ( 3 ) GLOBAL_UNCERTAINTY_ASSIGNED_CONTEXT ( ( #3310 ) ) GLOBAL_UNIT_ASSIGNED_CONTEXT ( ( #3120, #424, #1561 ) ) REPRESENTATION_CONTEXT ( 'NONE', 'WORKASPACE' ) );
#2927 = SURFACE_STYLE_USAGE ( .BOTH. , #1362 ) ;
#2928 = ORIENTED_EDGE ( 'NONE', *, *, #2158, .F. ) ;
#2929 = LINE ( 'NONE', #467, #3074 ) ;
#2930 = UNCERTAINTY_MEASURE_WITH_UNIT (LENGTH_MEASURE( 1.000000000000000082E-05 ), #3036, 'distance_accuracy_value', 'NONE');
#2931 = AXIS2_PLACEMENT_3D ( 'NONE', #889, #3296, #1443 ) ;
#2932 = PRESENTATION_LAYER_ASSIGNMENT (  '', '', ( #2022 ) ) ;
#2933 = DIRECTION ( 'NONE',  ( 0.000000000000000000, -0.05233595624294388321, -0.9986295347545739443 ) ) ;
#2934 = CARTESIAN_POINT ( 'NONE',  ( 1.035000000000000142, -0.2434098067674578258, -2.542786802365558430 ) ) ;
#2935 = DIRECTION ( 'NONE',  ( -1.000000000000000000, 0.000000000000000000, 1.084202172485504064E-16 ) ) ;
#2936 = EDGE_LOOP ( 'NONE', ( #934, #1870, #2648, #2410 ) ) ;
#2937 = DIRECTION ( 'NONE',  ( 0.000000000000000000, 0.000000000000000000, 1.000000000000000000 ) ) ;
#2938 = DIRECTION ( 'NONE',  ( -1.000000000000000000, -0.000000000000000000, -0.000000000000000000 ) ) ;
#2939 = CARTESIAN_POINT ( 'NONE',  ( -0.6349999999999998979, -0.04340980676745787720, -2.692306838757896337 ) ) ;
#2940 = DIRECTION ( 'NONE',  ( 1.000000000000000000, 0.000000000000000000, 0.000000000000000000 ) ) ;
#2941 = CARTESIAN_POINT ( 'NONE',  ( -1.235488313638031244, 1.000000000000000000, 1.810488313638031421 ) ) ;
#2942 =( NAMED_UNIT ( * ) SI_UNIT ( $, .STERADIAN. ) SOLID_ANGLE_UNIT ( ) );
#2943 = ORIENTED_EDGE ( 'NONE', *, *, #1448, .T. ) ;
#2944 = FILL_AREA_STYLE_COLOUR ( '', #1611 ) ;
#2945 = VECTOR ( 'NONE', #1941, 1000.000000000000000 ) ;
#2946 = ADVANCED_FACE ( 'NONE', ( #3415 ), #193, .T. ) ;
#2947 = FACE_OUTER_BOUND ( 'NONE', #2168, .T. ) ;
#2948 = VECTOR ( 'NONE', #1144, 1000.000000000000000 ) ;
#2949 = EDGE_CURVE ( 'NONE', #2748, #2385, #3451, .T. ) ;
#2950 = PLANE ( 'NONE',  #2625 ) ;
#2951 = VECTOR ( 'NONE', #2539, 1000.000000000000000 ) ;
#2952 = ORIENTED_EDGE ( 'NONE', *, *, #2872, .F. ) ;
#2953 = PLANE ( 'NONE',  #1782 ) ;
#2954 = VERTEX_POINT ( 'NONE', #1839 ) ;
#2955 = CARTESIAN_POINT ( 'NONE',  ( 0.6350000000000000089, -0.9169264188335762844, -3.099520036392338529 ) ) ;
#2956 = LINE ( 'NONE', #3250, #3110 ) ;
#2957 =( NAMED_UNIT ( * ) SI_UNIT ( $, .STERADIAN. ) SOLID_ANGLE_UNIT ( ) );
#2958 = VECTOR ( 'NONE', #1999, 1000.000000000000000 ) ;
#2959 = CARTESIAN_POINT ( 'NONE',  ( -1.034999999999999920, -0.2434098067674578258, 2.542786802365558430 ) ) ;
#2960 = VERTEX_POINT ( 'NONE', #2968 ) ;
#2961 = CYLINDRICAL_SURFACE ( 'NONE', #119, 0.2000000000000000944 ) ;
#2962 = AXIS2_PLACEMENT_3D ( 'NONE', #3282, #1468, #2527 ) ;
#2963 = DIRECTION ( 'NONE',  ( 0.000000000000000000, 0.000000000000000000, 1.000000000000000000 ) ) ;
#2964 = SURFACE_STYLE_USAGE ( .BOTH. , #15 ) ;
#2965 = PLANE ( 'NONE',  #478 ) ;
#2966 = DIRECTION ( 'NONE',  ( 0.000000000000000000, 0.000000000000000000, 1.000000000000000000 ) ) ;
#2967 = SURFACE_STYLE_USAGE ( .BOTH. , #3029 ) ;
#2968 = CARTESIAN_POINT ( 'NONE',  ( 1.035000000000000142, -0.2434098067674578258, -2.542786802365558430 ) ) ;
#2969 = ORIENTED_EDGE ( 'NONE', *, *, #659, .T. ) ;
#2970 = CARTESIAN_POINT ( 'NONE',  ( -0.6349999999999998979, -0.2434098067674578258, 2.542786802365558430 ) ) ;
#2971 = VERTEX_POINT ( 'NONE', #1926 ) ;
#2972 = EDGE_CURVE ( 'NONE', #2547, #2856, #2665, .T. ) ;
#2973 = CARTESIAN_POINT ( 'NONE',  ( 1.380872781989106457, 0.9419974785150240226, -1.955872781989107523 ) ) ;
#2974 = EDGE_LOOP ( 'NONE', ( #3069, #1795, #2211, #2330, #1743, #3455, #432, #1887, #112, #3164, #2989, #2667 ) ) ;
#2975 =( GEOMETRIC_REPRESENTATION_CONTEXT ( 3 ) GLOBAL_UNCERTAINTY_ASSIGNED_CONTEXT ( ( #617 ) ) GLOBAL_UNIT_ASSIGNED_CONTEXT ( ( #1982, #3281, #2255 ) ) REPRESENTATION_CONTEXT ( 'NONE', 'WORKASPACE' ) );
#2976 = ADVANCED_FACE ( 'NONE', ( #1098 ), #290, .T. ) ;
#2977 = CARTESIAN_POINT ( 'NONE',  ( -0.6349999999999998979, -0.9735166120661183919, 2.758173124849765401 ) ) ;
#2978 =( NAMED_UNIT ( * ) PLANE_ANGLE_UNIT ( ) SI_UNIT ( $, .RADIAN. ) );
#2979 =( NAMED_UNIT ( * ) SI_UNIT ( $, .STERADIAN. ) SOLID_ANGLE_UNIT ( ) );
#2980 = ORIENTED_EDGE ( 'NONE', *, *, #1819, .T. ) ;
#2981 = SURFACE_STYLE_USAGE ( .BOTH. , #3284 ) ;
#2982 = PRESENTATION_LAYER_ASSIGNMENT (  '', '', ( #2017 ) ) ;
#2983 = LINE ( 'NONE', #846, #72 ) ;
#2984 = VECTOR ( 'NONE', #132, 1000.000000000000114 ) ;
#2985 = SURFACE_STYLE_USAGE ( .BOTH. , #883 ) ;
#2986 = CARTESIAN_POINT ( 'NONE',  ( 1.035000000000000142, -0.9169264188335762844, 3.500000000000000000 ) ) ;
#2987 =( NAMED_UNIT ( * ) SI_UNIT ( $, .STERADIAN. ) SOLID_ANGLE_UNIT ( ) );
#2988 = SURFACE_STYLE_USAGE ( .BOTH. , #831 ) ;
#2989 = ORIENTED_EDGE ( 'NONE', *, *, #2972, .T. ) ;
#2990 = COLOUR_RGB ( '',0.6666666666666666297, 0.6980392156862744724, 0.7686274509803920907 ) ;
#2991 = VERTEX_POINT ( 'NONE', #2745 ) ;
#2992 = ADVANCED_FACE ( 'NONE', ( #336 ), #1434, .T. ) ;
#2993 = AXIS2_PLACEMENT_3D ( 'NONE', #2678, #1623, #2647 ) ;
#2994 = LINE ( 'NONE', #2241, #1840 ) ;
#2995 = FILL_AREA_STYLE ('',( #2610 ) ) ;
#2996 = UNCERTAINTY_MEASURE_WITH_UNIT (LENGTH_MEASURE( 1.000000000000000082E-05 ), #3374, 'distance_accuracy_value', 'NONE');
#2997 = FILL_AREA_STYLE_COLOUR ( '', #34 ) ;
#2998 = ORIENTED_EDGE ( 'NONE', *, *, #2381, .F. ) ;
#2999 = PRESENTATION_STYLE_ASSIGNMENT (( #3043 ) ) ;
#3000 = PRESENTATION_STYLE_ASSIGNMENT (( #2726 ) ) ;
#3001 = CARTESIAN_POINT ( 'NONE',  ( -1.425000000000000711, 0.1000000000000000056, -1.999999999999999556 ) ) ;
#3002 = CARTESIAN_POINT ( 'NONE',  ( -0.6349999999999998979, -0.2999999999999999889, -2.350959927215324097 ) ) ;
#3003 = VECTOR ( 'NONE', #900, 1000.000000000000000 ) ;
#3004 = DIRECTION ( 'NONE',  ( -1.000000000000000000, -0.000000000000000000, -0.000000000000000000 ) ) ;
#3005 = FILL_AREA_STYLE ('',( #1907 ) ) ;
#3006 = SURFACE_STYLE_FILL_AREA ( #319 ) ;
#3007 = VERTEX_POINT ( 'NONE', #1686 ) ;
#3008 = ORIENTED_EDGE ( 'NONE', *, *, #722, .T. ) ;
#3009 = CARTESIAN_POINT ( 'NONE',  ( 1.035000000000000142, -0.9735166120661183919, 2.758173124849765401 ) ) ;
#3010 = STYLED_ITEM ( 'NONE', ( #1715 ), #1875 ) ;
#3011 = STYLED_ITEM ( 'NONE', ( #2881 ), #1956 ) ;
#3012 = DIRECTION ( 'NONE',  ( 1.000000000000000000, 0.000000000000000000, 0.000000000000000000 ) ) ;
#3013 = CARTESIAN_POINT ( 'NONE',  ( -1.380872781989108011, 0.9419974785150239116, -1.955872781989107079 ) ) ;
#3014 = APPLICATION_CONTEXT ( 'automotive_design' ) ;
#3015 = MECHANICAL_DESIGN_GEOMETRIC_PRESENTATION_REPRESENTATION (  '', ( #347 ), #1939 ) ;
#3016 = CARTESIAN_POINT ( 'NONE',  ( -1.034999999999999920, -0.2434098067674578258, -2.542786802365558430 ) ) ;
#3017 = STYLED_ITEM ( 'NONE', ( #935 ), #729 ) ;
#3018 = CARTESIAN_POINT ( 'NONE',  ( -1.034999999999999920, 0.1000000000000000056, -1.999999999999999556 ) ) ;
#3019 = VERTEX_POINT ( 'NONE', #2167 ) ;
#3020 = EDGE_CURVE ( 'NONE', #1043, #1495, #2517, .T. ) ;
#3021 = VECTOR ( 'NONE', #1646, 1000.000000000000114 ) ;
#3022 = ADVANCED_FACE ( 'NONE', ( #3325 ), #902, .F. ) ;
#3023 = DIRECTION ( 'NONE',  ( -1.000000000000000000, -0.000000000000000000, -0.000000000000000000 ) ) ;
#3024 = STYLED_ITEM ( 'NONE', ( #2400 ), #2271 ) ;
#3025 =( LENGTH_UNIT ( ) NAMED_UNIT ( * ) SI_UNIT ( .MILLI., .METRE. ) );
#3026 = CARTESIAN_POINT ( 'NONE',  ( -0.6349999999999998979, 0.1000000000000000056, -1.999999999999999556 ) ) ;
#3027 = CARTESIAN_POINT ( 'NONE',  ( 0.6350000000000000089, 0.1000000000000000056, 1.999999999999999556 ) ) ;
#3028 =( GEOMETRIC_REPRESENTATION_CONTEXT ( 3 ) GLOBAL_UNCERTAINTY_ASSIGNED_CONTEXT ( ( #1867 ) ) GLOBAL_UNIT_ASSIGNED_CONTEXT ( ( #1425, #567, #1142 ) ) REPRESENTATION_CONTEXT ( 'NONE', 'WORKASPACE' ) );
#3029 = SURFACE_SIDE_STYLE ('',( #3274 ) ) ;
#3030 = PRESENTATION_STYLE_ASSIGNMENT (( #865 ) ) ;
#3031 = VERTEX_POINT ( 'NONE', #3126 ) ;
#3032 = AXIS2_PLACEMENT_3D ( 'NONE', #2198, #1417, #3259 ) ;
#3033 = FACE_OUTER_BOUND ( 'NONE', #1341, .T. ) ;
#3034 = UNCERTAINTY_MEASURE_WITH_UNIT (LENGTH_MEASURE( 1.000000000000000082E-05 ), #1828, 'distance_accuracy_value', 'NONE');
#3035 = DIRECTION ( 'NONE',  ( 0.000000000000000000, -0.9591343757511695545, -0.2829509661627160333 ) ) ;
#3036 =( LENGTH_UNIT ( ) NAMED_UNIT ( * ) SI_UNIT ( .MILLI., .METRE. ) );
#3037 = VECTOR ( 'NONE', #1626, 1000.000000000000000 ) ;
#3038 = CARTESIAN_POINT ( 'NONE',  ( -0.6349999999999998979, -1.116926418833576351, -2.950000000000000622 ) ) ;
#3039 = UNCERTAINTY_MEASURE_WITH_UNIT (LENGTH_MEASURE( 1.000000000000000082E-05 ), #748, 'distance_accuracy_value', 'NONE');
#3040 = SURFACE_STYLE_FILL_AREA ( #2810 ) ;
#3041 = ORIENTED_EDGE ( 'NONE', *, *, #380, .F. ) ;
#3042 = COLOUR_RGB ( '',0.6666666666666666297, 0.6980392156862744724, 0.7686274509803920907 ) ;
#3043 = SURFACE_STYLE_USAGE ( .BOTH. , #301 ) ;
#3044 =( NAMED_UNIT ( * ) SI_UNIT ( $, .STERADIAN. ) SOLID_ANGLE_UNIT ( ) );
#3045 = PRESENTATION_STYLE_ASSIGNMENT (( #2985 ) ) ;
#3046 = CIRCLE ( 'NONE', #494, 0.2000000000000000944 ) ;
#3047 = CARTESIAN_POINT ( 'NONE',  ( 1.035000000000000142, -1.116926418833576351, -3.500000000000000000 ) ) ;
#3048 = CARTESIAN_POINT ( 'NONE',  ( 0.000000000000000000, 1.000000000000000000, 0.000000000000000000 ) ) ;
#3049 = ORIENTED_EDGE ( 'NONE', *, *, #3384, .F. ) ;
#3050 = COLOUR_RGB ( '',0.6666666666666666297, 0.6980392156862744724, 0.7686274509803920907 ) ;
#3051 = DIRECTION ( 'NONE',  ( 0.000000000000000000, 0.000000000000000000, -1.000000000000000000 ) ) ;
#3052 = DIRECTION ( 'NONE',  ( 0.000000000000000000, -0.2829509661627160333, 0.9591343757511695545 ) ) ;
#3053 = CARTESIAN_POINT ( 'NONE',  ( -1.034999999999999920, -0.7169264188335763288, -3.099520036392337641 ) ) ;
#3054 = DIRECTION ( 'NONE',  ( 0.000000000000000000, -0.9591343757511695545, -0.2829509661627159778 ) ) ;
#3055 = SURFACE_STYLE_FILL_AREA ( #381 ) ;
#3056 = CIRCLE ( 'NONE', #2993, 0.2000000000000000944 ) ;
#3057 = VERTEX_POINT ( 'NONE', #1220 ) ;
#3058 = COLOUR_RGB ( '',0.6666666666666666297, 0.6980392156862744724, 0.7686274509803920907 ) ;
#3059 = CARTESIAN_POINT ( 'NONE',  ( -0.6349999999999998979, -0.2999999999999999889, 2.350959927215324097 ) ) ;
#3060 = EDGE_CURVE ( 'NONE', #149, #1740, #3068, .T. ) ;
#3061 = CARTESIAN_POINT ( 'NONE',  ( -1.034999999999999920, -0.2434098067674578258, -2.542786802365558430 ) ) ;
#3062 = DIRECTION ( 'NONE',  ( -0.000000000000000000, -0.000000000000000000, 1.000000000000000000 ) ) ;
#3063 = SURFACE_SIDE_STYLE ('',( #2233 ) ) ;
#3064 = SURFACE_STYLE_FILL_AREA ( #541 ) ;
#3065 = PLANE ( 'NONE',  #3396 ) ;
#3066 = ADVANCED_FACE ( 'NONE', ( #632 ), #129, .T. ) ;
#3067 = DIRECTION ( 'NONE',  ( 0.000000000000000000, 0.000000000000000000, -1.000000000000000000 ) ) ;
#3068 = LINE ( 'NONE', #975, #1697 ) ;
#3069 = ORIENTED_EDGE ( 'NONE', *, *, #1338, .T. ) ;
#3070 = EDGE_CURVE ( 'NONE', #5, #1495, #3092, .T. ) ;
#3071 = PLANE ( 'NONE',  #2078 ) ;
#3072 = EDGE_CURVE ( 'NONE', #877, #308, #1305, .T. ) ;
#3073 = UNCERTAINTY_MEASURE_WITH_UNIT (LENGTH_MEASURE( 1.000000000000000082E-05 ), #2511, 'distance_accuracy_value', 'NONE');
#3074 = VECTOR ( 'NONE', #1621, 1000.000000000000000 ) ;
#3075 = CARTESIAN_POINT ( 'NONE',  ( -0.6349999999999998979, -1.116926418833576351, 3.500000000000000000 ) ) ;
#3076 = CARTESIAN_POINT ( 'NONE',  ( 0.6350000000000000089, -0.9169264188335762844, -3.500000000000000000 ) ) ;
#3077 = AXIS2_PLACEMENT_3D ( 'NONE', #1191, #895, #3352 ) ;
#3078 = CARTESIAN_POINT ( 'NONE',  ( -1.425000000000000266, -0.1000000000000000056, 2.000000000000000444 ) ) ;
#3079 = CARTESIAN_POINT ( 'NONE',  ( -1.377832998645262652, 0.8578503934364416494, 1.960282743851217369 ) ) ;
#3080 = PRODUCT_DEFINITION_CONTEXT ( 'detailed design', #3014, 'design' ) ;
#3081 = CARTESIAN_POINT ( 'NONE',  ( -1.034999999999999920, -0.7169264188335763288, 3.099520036392337641 ) ) ;
#3082 = EDGE_CURVE ( 'NONE', #454, #2183, #3392, .T. ) ;
#3083 = EDGE_LOOP ( 'NONE', ( #2150, #248, #2442, #3261 ) ) ;
#3084 =( NAMED_UNIT ( * ) SI_UNIT ( $, .STERADIAN. ) SOLID_ANGLE_UNIT ( ) );
#3085 = PRESENTATION_STYLE_ASSIGNMENT (( #897 ) ) ;
#3086 = DIRECTION ( 'NONE',  ( -0.000000000000000000, 1.000000000000000000, -0.000000000000000000 ) ) ;
#3087 = SURFACE_SIDE_STYLE ('',( #3104 ) ) ;
#3088 = ORIENTED_EDGE ( 'NONE', *, *, #549, .F. ) ;
#3089 =( NAMED_UNIT ( * ) PLANE_ANGLE_UNIT ( ) SI_UNIT ( $, .RADIAN. ) );
#3090 = DIRECTION ( 'NONE',  ( -1.000000000000000000, -0.000000000000000000, -0.000000000000000000 ) ) ;
#3091 = VECTOR ( 'NONE', #403, 1000.000000000000114 ) ;
#3092 = LINE ( 'NONE', #2041, #796 ) ;
#3093 = ORIENTED_EDGE ( 'NONE', *, *, #704, .T. ) ;
#3094 = DIRECTION ( 'NONE',  ( -0.000000000000000000, -0.000000000000000000, 1.000000000000000000 ) ) ;
#3095 = MECHANICAL_DESIGN_GEOMETRIC_PRESENTATION_REPRESENTATION (  '', ( #1105 ), #2461 ) ;
#3096 = CARTESIAN_POINT ( 'NONE',  ( -1.425000000000000711, -0.1000000000000000056, -1.999999999999999556 ) ) ;
#3097 = FILL_AREA_STYLE_COLOUR ( '', #294 ) ;
#3098 = SURFACE_SIDE_STYLE ('',( #1932 ) ) ;
#3099 = LINE ( 'NONE', #2788, #1102 ) ;
#3100 = ADVANCED_FACE ( 'NONE', ( #1536 ), #2574, .F. ) ;
#3101 = SURFACE_STYLE_FILL_AREA ( #2565 ) ;
#3102 = PLANE ( 'NONE',  #1931 ) ;
#3103 = AXIS2_PLACEMENT_3D ( 'NONE', #2839, #721, #3413 ) ;
#3104 = SURFACE_STYLE_FILL_AREA ( #1988 ) ;
#3105 = ORIENTED_EDGE ( 'NONE', *, *, #1486, .T. ) ;
#3106 = DIRECTION ( 'NONE',  ( -1.000000000000000000, 0.000000000000000000, -0.000000000000000000 ) ) ;
#3107 = CARTESIAN_POINT ( 'NONE',  ( -1.425000000000000266, -0.1000000000000000056, 2.000000000000000444 ) ) ;
#3108 = FILL_AREA_STYLE_COLOUR ( '', #2428 ) ;
#3109 = ORIENTED_EDGE ( 'NONE', *, *, #2474, .F. ) ;
#3110 = VECTOR ( 'NONE', #1645, 1000.000000000000000 ) ;
#3111 = CYLINDRICAL_SURFACE ( 'NONE', #2609, 0.2000000000000000944 ) ;
#3112 = MECHANICAL_DESIGN_GEOMETRIC_PRESENTATION_REPRESENTATION (  '', ( #207 ), #257 ) ;
#3113 = DIRECTION ( 'NONE',  ( -0.000000000000000000, -0.000000000000000000, 1.000000000000000000 ) ) ;
#3114 = ORIENTED_EDGE ( 'NONE', *, *, #3121, .T. ) ;
#3115 = PRESENTATION_STYLE_ASSIGNMENT (( #2013 ) ) ;
#3116 = EDGE_LOOP ( 'NONE', ( #291, #749, #1847, #1190 ) ) ;
#3117 = FILL_AREA_STYLE ('',( #2857 ) ) ;
#3118 = EDGE_CURVE ( 'NONE', #3007, #2971, #1590, .T. ) ;
#3119 = STYLED_ITEM ( 'NONE', ( #577 ), #2976 ) ;
#3120 =( LENGTH_UNIT ( ) NAMED_UNIT ( * ) SI_UNIT ( .MILLI., .METRE. ) );
#3121 = EDGE_CURVE ( 'NONE', #614, #7, #1028, .T. ) ;
#3122 = DIRECTION ( 'NONE',  ( -1.000000000000000000, -0.000000000000000000, -0.000000000000000000 ) ) ;
#3123 = VECTOR ( 'NONE', #357, 1000.000000000000000 ) ;
#3124 = LINE ( 'NONE', #159, #646 ) ;
#3125 = VERTEX_POINT ( 'NONE', #2901 ) ;
#3126 = CARTESIAN_POINT ( 'NONE',  ( 1.035000000000000142, -1.116926418833576351, 3.500000000000000000 ) ) ;
#3127 = ORIENTED_EDGE ( 'NONE', *, *, #1070, .F. ) ;
#3128 = SURFACE_STYLE_FILL_AREA ( #2598 ) ;
#3129 = PRODUCT_CONTEXT ( 'NONE', #716, 'mechanical' ) ;
#3130 = ORIENTED_EDGE ( 'NONE', *, *, #2550, .T. ) ;
#3131 =( LENGTH_UNIT ( ) NAMED_UNIT ( * ) SI_UNIT ( .MILLI., .METRE. ) );
#3132 = ORIENTED_EDGE ( 'NONE', *, *, #662, .F. ) ;
#3133 = SURFACE_STYLE_FILL_AREA ( #3117 ) ;
#3134 =( NAMED_UNIT ( * ) SI_UNIT ( $, .STERADIAN. ) SOLID_ANGLE_UNIT ( ) );
#3135 = STYLED_ITEM ( 'NONE', ( #3115 ), #2057 ) ;
#3136 = EDGE_CURVE ( 'NONE', #1278, #1469, #250, .T. ) ;
#3137 = STYLED_ITEM ( 'NONE', ( #22 ), #2097 ) ;
#3138 = CARTESIAN_POINT ( 'NONE',  ( 0.6350000000000000089, -1.116926418833576351, 2.950000000000000622 ) ) ;
#3139 = ORIENTED_EDGE ( 'NONE', *, *, #514, .F. ) ;
#3140 = ADVANCED_FACE ( 'NONE', ( #2947 ), #469, .T. ) ;
#3141 = DIRECTION ( 'NONE',  ( 0.000000000000000000, 0.000000000000000000, -1.000000000000000000 ) ) ;
#3142 = FILL_AREA_STYLE ('',( #3108 ) ) ;
#3143 = VECTOR ( 'NONE', #2591, 1000.000000000000000 ) ;
#3144 = DIRECTION ( 'NONE',  ( -1.000000000000000000, -0.000000000000000000, -0.000000000000000000 ) ) ;
#3145 = PRESENTATION_STYLE_ASSIGNMENT (( #980 ) ) ;
#3146 = AXIS2_PLACEMENT_3D ( 'NONE', #3212, #2933, #3180 ) ;
#3147 = ORIENTED_EDGE ( 'NONE', *, *, #2972, .F. ) ;
#3148 = PLANE ( 'NONE',  #808 ) ;
#3149 = ORIENTED_EDGE ( 'NONE', *, *, #1048, .F. ) ;
#3150 = FILL_AREA_STYLE_COLOUR ( '', #1284 ) ;
#3151 = VECTOR ( 'NONE', #1693, 1000.000000000000000 ) ;
#3152 = CARTESIAN_POINT ( 'NONE',  ( 0.6350000000000000089, -0.2434098067674578258, 2.542786802365558430 ) ) ;
#3153 = DIRECTION ( 'NONE',  ( 0.000000000000000000, 0.000000000000000000, 1.000000000000000000 ) ) ;
#3154 = SURFACE_SIDE_STYLE ('',( #2036 ) ) ;
#3155 = ORIENTED_EDGE ( 'NONE', *, *, #2310, .F. ) ;
#3156 = FILL_AREA_STYLE ('',( #1616 ) ) ;
#3157 = FILL_AREA_STYLE ('',( #1777 ) ) ;
#3158 = UNCERTAINTY_MEASURE_WITH_UNIT (LENGTH_MEASURE( 1.000000000000000082E-05 ), #569, 'distance_accuracy_value', 'NONE');
#3159 = CARTESIAN_POINT ( 'NONE',  ( 0.6350000000000000089, 0.1000000000000000056, -1.999999999999999556 ) ) ;
#3160 = AXIS2_PLACEMENT_3D ( 'NONE', #1591, #2289, #2030 ) ;
#3161 =( LENGTH_UNIT ( ) NAMED_UNIT ( * ) SI_UNIT ( .MILLI., .METRE. ) );
#3162 = FILL_AREA_STYLE ('',( #3427 ) ) ;
#3163 = ORIENTED_EDGE ( 'NONE', *, *, #240, .T. ) ;
#3164 = ORIENTED_EDGE ( 'NONE', *, *, #1248, .T. ) ;
#3165 = DIRECTION ( 'NONE',  ( -0.000000000000000000, -0.000000000000000000, 1.000000000000000000 ) ) ;
#3166 = AXIS2_PLACEMENT_3D ( 'NONE', #3053, #344, #2225 ) ;
#3167 = PLANE ( 'NONE',  #3173 ) ;
#3168 = CARTESIAN_POINT ( 'NONE',  ( -0.6349999999999998979, -0.1000000000000000056, 1.999999999999999556 ) ) ;
#3169 = SURFACE_STYLE_USAGE ( .BOTH. , #1824 ) ;
#3170 = EDGE_CURVE ( 'NONE', #2368, #2790, #2363, .T. ) ;
#3171 = CARTESIAN_POINT ( 'NONE',  ( -0.6349999999999998979, -0.9169264188335762844, -3.500000000000000000 ) ) ;
#3172 = ORIENTED_EDGE ( 'NONE', *, *, #2384, .F. ) ;
#3173 = AXIS2_PLACEMENT_3D ( 'NONE', #2332, #2641, #1524 ) ;
#3174 = EDGE_CURVE ( 'NONE', #1740, #1881, #738, .T. ) ;
#3175 = LINE ( 'NONE', #742, #2273 ) ;
#3176 = DIRECTION ( 'NONE',  ( -1.000000000000000000, -0.000000000000000000, -0.000000000000000000 ) ) ;
#3177 = ORIENTED_EDGE ( 'NONE', *, *, #3424, .F. ) ;
#3178 =( BOUNDED_CURVE ( )  B_SPLINE_CURVE ( 3, ( #104, #327, #3013, #621 ),
 .UNSPECIFIED., .F., .T. ) 
 B_SPLINE_CURVE_WITH_KNOTS ( ( 4, 4 ),
 ( 4.712388980384690562, 6.230825429619756939 ),
 .UNSPECIFIED. ) 
 CURVE ( )  GEOMETRIC_REPRESENTATION_ITEM ( )  RATIONAL_B_SPLINE_CURVE ( ( 1.000000000000000000, 0.8169162473415251258, 0.8169162473415251258, 1.000000000000000000 ) ) 
 REPRESENTATION_ITEM ( '' )  );
#3179 = EDGE_CURVE ( 'NONE', #2875, #2748, #3056, .T. ) ;
#3180 = DIRECTION ( 'NONE',  ( 0.000000000000000000, 0.9986295347545739443, -0.05233595624294388321 ) ) ;
#3181 =( NAMED_UNIT ( * ) SI_UNIT ( $, .STERADIAN. ) SOLID_ANGLE_UNIT ( ) );
#3182 = ORIENTED_EDGE ( 'NONE', *, *, #281, .F. ) ;
#3183 = EDGE_CURVE ( 'NONE', #1989, #170, #1545, .T. ) ;
#3184 =( NAMED_UNIT ( * ) SI_UNIT ( $, .STERADIAN. ) SOLID_ANGLE_UNIT ( ) );
#3185 = ORIENTED_EDGE ( 'NONE', *, *, #364, .F. ) ;
#3186 = EDGE_CURVE ( 'NONE', #1537, #3375, #2080, .T. ) ;
#3187 = DIRECTION ( 'NONE',  ( -0.000000000000000000, -0.000000000000000000, 1.000000000000000000 ) ) ;
#3188 = DIRECTION ( 'NONE',  ( 0.9986295347545739443, 0.05233595624294388321, -1.082716311089097834E-16 ) ) ;
#3189 = PLANE ( 'NONE',  #96 ) ;
#3190 = PRESENTATION_STYLE_ASSIGNMENT (( #3418 ) ) ;
#3191 = VECTOR ( 'NONE', #2780, 1000.000000000000000 ) ;
#3192 = ADVANCED_FACE ( 'NONE', ( #1275 ), #487, .T. ) ;
#3193 = VERTEX_POINT ( 'NONE', #1093 ) ;
#3194 = SURFACE_STYLE_USAGE ( .BOTH. , #2077 ) ;
#3195 = UNCERTAINTY_MEASURE_WITH_UNIT (LENGTH_MEASURE( 1.000000000000000082E-05 ), #296, 'distance_accuracy_value', 'NONE');
#3196 = DIRECTION ( 'NONE',  ( 0.000000000000000000, 0.000000000000000000, 1.000000000000000000 ) ) ;
#3197 = FILL_AREA_STYLE ('',( #2095 ) ) ;
#3198 = COLOUR_RGB ( '',0.2980392156862745057, 0.2980392156862745057, 0.2980392156862745057 ) ;
#3199 =( GEOMETRIC_REPRESENTATION_CONTEXT ( 3 ) GLOBAL_UNCERTAINTY_ASSIGNED_CONTEXT ( ( #2536 ) ) GLOBAL_UNIT_ASSIGNED_CONTEXT ( ( #223, #1595, #822 ) ) REPRESENTATION_CONTEXT ( 'NONE', 'WORKASPACE' ) );
#3200 = PRESENTATION_STYLE_ASSIGNMENT (( #495 ) ) ;
#3201 = ORIENTED_EDGE ( 'NONE', *, *, #2393, .F. ) ;
#3202 = CARTESIAN_POINT ( 'NONE',  ( 1.035000000000000142, -0.2999999999999999889, 2.350959927215324097 ) ) ;
#3203 = LINE ( 'NONE', #2101, #788 ) ;
#3204 =( LENGTH_UNIT ( ) NAMED_UNIT ( * ) SI_UNIT ( .MILLI., .METRE. ) );
#3205 = VECTOR ( 'NONE', #2243, 1000.000000000000114 ) ;
#3206 = CARTESIAN_POINT ( 'NONE',  ( 0.6350000000000000089, -0.9169264188335762844, 3.099520036392338529 ) ) ;
#3207 =( GEOMETRIC_REPRESENTATION_CONTEXT ( 3 ) GLOBAL_UNCERTAINTY_ASSIGNED_CONTEXT ( ( #3494 ) ) GLOBAL_UNIT_ASSIGNED_CONTEXT ( ( #1609, #2165, #2458 ) ) REPRESENTATION_CONTEXT ( 'NONE', 'WORKASPACE' ) );
#3208 = FILL_AREA_STYLE_COLOUR ( '', #1391 ) ;
#3209 = ORIENTED_EDGE ( 'NONE', *, *, #1815, .F. ) ;
#3210 = SURFACE_STYLE_USAGE ( .BOTH. , #185 ) ;
#3211 = CARTESIAN_POINT ( 'NONE',  ( 1.380872781989106901, -0.9419974785150240226, 1.955872781989108411 ) ) ;
#3212 = CARTESIAN_POINT ( 'NONE',  ( -1.425000000000000711, -0.1000000000000000056, -1.999999999999999556 ) ) ;
#3213 = ORIENTED_EDGE ( 'NONE', *, *, #2865, .T. ) ;
#3214 = ORIENTED_EDGE ( 'NONE', *, *, #1112, .F. ) ;
#3215 = VECTOR ( 'NONE', #345, 1000.000000000000000 ) ;
#3216 = CARTESIAN_POINT ( 'NONE',  ( 1.035000000000000142, -0.04340980676745787720, 2.692306838757896337 ) ) ;
#3217 = DIRECTION ( 'NONE',  ( -1.000000000000000000, -0.000000000000000000, 0.000000000000000000 ) ) ;
#3218 = EDGE_CURVE ( 'NONE', #1655, #780, #2758, .T. ) ;
#3219 = UNCERTAINTY_MEASURE_WITH_UNIT (LENGTH_MEASURE( 1.000000000000000082E-05 ), #1192, 'distance_accuracy_value', 'NONE');
#3220 = VECTOR ( 'NONE', #309, 1000.000000000000000 ) ;
#3221 = EDGE_CURVE ( 'NONE', #2575, #2538, #596, .T. ) ;
#3222 = ORIENTED_EDGE ( 'NONE', *, *, #1952, .F. ) ;
#3223 = FACE_OUTER_BOUND ( 'NONE', #2818, .T. ) ;
#3224 = UNCERTAINTY_MEASURE_WITH_UNIT (LENGTH_MEASURE( 1.000000000000000082E-05 ), #1020, 'distance_accuracy_value', 'NONE');
#3225 = SURFACE_STYLE_FILL_AREA ( #2406 ) ;
#3226 = PRODUCT ( 'TCMT1600T3', 'TCMT1600T3', '', ( #3129 ) ) ;
#3227 = PRESENTATION_STYLE_ASSIGNMENT (( #2964 ) ) ;
#3228 = CARTESIAN_POINT ( 'NONE',  ( 1.035000000000000142, -0.2999999999999999889, -2.350959927215324097 ) ) ;
#3229 = MECHANICAL_DESIGN_GEOMETRIC_PRESENTATION_REPRESENTATION (  '', ( #4 ), #2026 ) ;
#3230 = ORIENTED_EDGE ( 'NONE', *, *, #815, .F. ) ;
#3231 = ORIENTED_EDGE ( 'NONE', *, *, #114, .F. ) ;
#3232 = CARTESIAN_POINT ( 'NONE',  ( 1.035000000000000142, -0.09999999999999990841, -2.350959927215323209 ) ) ;
#3233 =( NAMED_UNIT ( * ) SI_UNIT ( $, .STERADIAN. ) SOLID_ANGLE_UNIT ( ) );
#3234 = DIRECTION ( 'NONE',  ( 0.000000000000000000, 0.000000000000000000, 1.000000000000000000 ) ) ;
#3235 = VERTEX_POINT ( 'NONE', #1922 ) ;
#3236 = AXIS2_PLACEMENT_3D ( 'NONE', #2744, #304, #2473 ) ;
#3237 = CARTESIAN_POINT ( 'NONE',  ( -1.034999999999999920, -0.9169264188335763954, 2.949999999999999734 ) ) ;
#3238 = ADVANCED_FACE ( 'NONE', ( #2452 ), #1664, .T. ) ;
#3239 = DIRECTION ( 'NONE',  ( 1.000000000000000000, 0.000000000000000000, 0.000000000000000000 ) ) ;
#3240 = CIRCLE ( 'NONE', #572, 0.2000000000000000944 ) ;
#3241 = FACE_OUTER_BOUND ( 'NONE', #136, .T. ) ;
#3242 = FACE_OUTER_BOUND ( 'NONE', #2608, .T. ) ;
#3243 = MECHANICAL_DESIGN_GEOMETRIC_PRESENTATION_REPRESENTATION (  '', ( #1039 ), #406 ) ;
#3244 = VERTEX_POINT ( 'NONE', #608 ) ;
#3245 = DIRECTION ( 'NONE',  ( -0.000000000000000000, 0.000000000000000000, 1.000000000000000000 ) ) ;
#3246 = PRESENTATION_LAYER_ASSIGNMENT (  '', '', ( #811 ) ) ;
#3247 = ORIENTED_EDGE ( 'NONE', *, *, #1281, .F. ) ;
#3248 = DIRECTION ( 'NONE',  ( -1.000000000000000000, -0.000000000000000000, -0.000000000000000000 ) ) ;
#3249 = VERTEX_POINT ( 'NONE', #2509 ) ;
#3250 = CARTESIAN_POINT ( 'NONE',  ( 1.035000000000000142, 0.1000000000000000056, 1.999999999999999556 ) ) ;
#3251 = SURFACE_STYLE_USAGE ( .BOTH. , #993 ) ;
#3252 = DIRECTION ( 'NONE',  ( 0.000000000000000000, -0.9591343757511695545, -0.2829509661627159778 ) ) ;
#3253 = VERTEX_POINT ( 'NONE', #2145 ) ;
#3254 =( NAMED_UNIT ( * ) SI_UNIT ( $, .STERADIAN. ) SOLID_ANGLE_UNIT ( ) );
#3255 = VECTOR ( 'NONE', #3350, 1000.000000000000000 ) ;
#3256 =( NAMED_UNIT ( * ) SI_UNIT ( $, .STERADIAN. ) SOLID_ANGLE_UNIT ( ) );
#3257 = SURFACE_STYLE_FILL_AREA ( #3500 ) ;
#3258 = CARTESIAN_POINT ( 'NONE',  ( 1.035000000000000142, -0.9169264188335762844, -3.500000000000000000 ) ) ;
#3259 = DIRECTION ( 'NONE',  ( 0.000000000000000000, -3.861559712415245110E-17, -1.000000000000000000 ) ) ;
#3260 = DIRECTION ( 'NONE',  ( 0.000000000000000000, -1.000000000000000000, 0.000000000000000000 ) ) ;
#3261 = ORIENTED_EDGE ( 'NONE', *, *, #1565, .T. ) ;
#3262 = EDGE_CURVE ( 'NONE', #307, #614, #2666, .T. ) ;
#3263 = CARTESIAN_POINT ( 'NONE',  ( 1.235488313638030355, 1.000000000000000000, -1.952832998645261942 ) ) ;
#3264 = ORIENTED_EDGE ( 'NONE', *, *, #1815, .T. ) ;
#3265 = SURFACE_STYLE_USAGE ( .BOTH. , #26 ) ;
#3266 = DIRECTION ( 'NONE',  ( 0.000000000000000000, 0.000000000000000000, -1.000000000000000000 ) ) ;
#3267 = COLOUR_RGB ( '',0.2980392156862745057, 0.2980392156862745057, 0.2980392156862745057 ) ;
#3268 = PLANE ( 'NONE',  #474 ) ;
#3269 = ORIENTED_EDGE ( 'NONE', *, *, #502, .T. ) ;
#3270 = FILL_AREA_STYLE ('',( #1888 ) ) ;
#3271 = DIRECTION ( 'NONE',  ( -1.000000000000000000, -0.000000000000000000, -0.000000000000000000 ) ) ;
#3272 = LINE ( 'NONE', #1383, #2507 ) ;
#3273 = LINE ( 'NONE', #862, #3003 ) ;
#3274 = SURFACE_STYLE_FILL_AREA ( #3005 ) ;
#3275 = ORIENTED_EDGE ( 'NONE', *, *, #1562, .F. ) ;
#3276 = AXIS2_PLACEMENT_3D ( 'NONE', #3048, #849, #2199 ) ;
#3277 = EDGE_LOOP ( 'NONE', ( #2134, #2148, #942, #1629 ) ) ;
#3278 = DIRECTION ( 'NONE',  ( -1.000000000000000000, -0.000000000000000000, -0.000000000000000000 ) ) ;
#3279 = EDGE_CURVE ( 'NONE', #1725, #2451, #540, .T. ) ;
#3280 =( BOUNDED_CURVE ( )  B_SPLINE_CURVE ( 3, ( #1601, #2356, #3474, #211 ),
 .UNSPECIFIED., .F., .T. ) 
 B_SPLINE_CURVE_WITH_KNOTS ( ( 4, 4 ),
 ( 4.712388980384690562, 6.230825429619756939 ),
 .UNSPECIFIED. ) 
 CURVE ( )  GEOMETRIC_REPRESENTATION_ITEM ( )  RATIONAL_B_SPLINE_CURVE ( ( 1.000000000000000000, 0.8169162473415251258, 0.8169162473415251258, 1.000000000000000000 ) ) 
 REPRESENTATION_ITEM ( '' )  );
#3281 =( NAMED_UNIT ( * ) PLANE_ANGLE_UNIT ( ) SI_UNIT ( $, .RADIAN. ) );
#3282 = CARTESIAN_POINT ( 'NONE',  ( 0.000000000000000000, 0.1000000000000000056, 0.000000000000000000 ) ) ;
#3283 = ORIENTED_EDGE ( 'NONE', *, *, #659, .F. ) ;
#3284 = SURFACE_SIDE_STYLE ('',( #1313 ) ) ;
#3285 = CARTESIAN_POINT ( 'NONE',  ( -1.034999999999999920, -0.1000000000000000056, -1.999999999999999556 ) ) ;
#3286 = PRESENTATION_STYLE_ASSIGNMENT (( #2194 ) ) ;
#3287 = AXIS2_PLACEMENT_3D ( 'NONE', #3421, #2380, #183 ) ;
#3288 = LINE ( 'NONE', #3258, #3191 ) ;
#3289 = ORIENTED_EDGE ( 'NONE', *, *, #938, .F. ) ;
#3290 = PRESENTATION_LAYER_ASSIGNMENT (  '', '', ( #2260 ) ) ;
#3291 = VERTEX_POINT ( 'NONE', #264 ) ;
#3292 = DIRECTION ( 'NONE',  ( -1.084202172485504434E-16, 0.000000000000000000, -1.000000000000000000 ) ) ;
#3293 = LINE ( 'NONE', #377, #2374 ) ;
#3294 = STYLED_ITEM ( 'NONE', ( #1006 ), #276 ) ;
#3295 =( GEOMETRIC_REPRESENTATION_CONTEXT ( 3 ) GLOBAL_UNCERTAINTY_ASSIGNED_CONTEXT ( ( #59 ) ) GLOBAL_UNIT_ASSIGNED_CONTEXT ( ( #2008, #2531, #2149 ) ) REPRESENTATION_CONTEXT ( 'NONE', 'WORKASPACE' ) );
#3296 = DIRECTION ( 'NONE',  ( 1.000000000000000000, 0.000000000000000000, 0.000000000000000000 ) ) ;
#3297 = CIRCLE ( 'NONE', #1204, 0.2000000000000000944 ) ;
#3298 = DIRECTION ( 'NONE',  ( -1.000000000000000000, -0.000000000000000000, -0.000000000000000000 ) ) ;
#3299 = LINE ( 'NONE', #3018, #3255 ) ;
#3300 = ORIENTED_EDGE ( 'NONE', *, *, #1436, .F. ) ;
#3301 = VECTOR ( 'NONE', #58, 1000.000000000000000 ) ;
#3302 = FILL_AREA_STYLE_COLOUR ( '', #1323 ) ;
#3303 = DIRECTION ( 'NONE',  ( 0.000000000000000000, -1.000000000000000000, 0.000000000000000000 ) ) ;
#3304 = DIRECTION ( 'NONE',  ( -1.000000000000000000, -0.000000000000000000, -0.000000000000000000 ) ) ;
#3305 = CARTESIAN_POINT ( 'NONE',  ( 1.034999999999999698, -0.1000000000000000056, -1.999999999999999556 ) ) ;
#3306 = AXIS2_PLACEMENT_3D ( 'NONE', #2934, #2907, #801 ) ;
#3307 = DIRECTION ( 'NONE',  ( 0.000000000000000000, 0.000000000000000000, -1.000000000000000000 ) ) ;
#3308 = ORIENTED_EDGE ( 'NONE', *, *, #2806, .T. ) ;
#3309 = FILL_AREA_STYLE ('',( #69 ) ) ;
#3310 = UNCERTAINTY_MEASURE_WITH_UNIT (LENGTH_MEASURE( 1.000000000000000082E-05 ), #3120, 'distance_accuracy_value', 'NONE');
#3311 = CARTESIAN_POINT ( 'NONE',  ( -0.6349999999999998979, -0.2434098067674578258, -2.542786802365558430 ) ) ;
#3312 = DIRECTION ( 'NONE',  ( -0.000000000000000000, 1.000000000000000000, -0.000000000000000000 ) ) ;
#3313 = ADVANCED_FACE ( 'NONE', ( #284 ), #14, .T. ) ;
#3314 =( NAMED_UNIT ( * ) SI_UNIT ( $, .STERADIAN. ) SOLID_ANGLE_UNIT ( ) );
#3315 = LINE ( 'NONE', #105, #2958 ) ;
#3316 = EDGE_CURVE ( 'NONE', #1469, #2690, #1419, .T. ) ;
#3317 = LINE ( 'NONE', #2546, #2585 ) ;
#3318 = EDGE_LOOP ( 'NONE', ( #787, #206, #483, #2042 ) ) ;
#3319 = CARTESIAN_POINT ( 'NONE',  ( -1.034999999999999920, -1.116926418833576351, -2.950000000000000622 ) ) ;
#3320 = FILL_AREA_STYLE_COLOUR ( '', #863 ) ;
#3321 = ADVANCED_FACE ( 'NONE', ( #2006 ), #1792, .T. ) ;
#3322 = CARTESIAN_POINT ( 'NONE',  ( -0.6349999999999998979, -0.9169264188335762844, 3.500000000000000000 ) ) ;
#3323 = SURFACE_SIDE_STYLE ('',( #1533 ) ) ;
#3324 = DIRECTION ( 'NONE',  ( 0.000000000000000000, 0.000000000000000000, -1.000000000000000000 ) ) ;
#3325 = FACE_OUTER_BOUND ( 'NONE', #2851, .T. ) ;
#3326 = VERTEX_POINT ( 'NONE', #384 ) ;
#3327 = CARTESIAN_POINT ( 'NONE',  ( -1.034999999999999920, 0.1000000000000000056, -2.500479963607661116 ) ) ;
#3328 = VERTEX_POINT ( 'NONE', #410 ) ;
#3329 =( GEOMETRIC_REPRESENTATION_CONTEXT ( 3 ) GLOBAL_UNCERTAINTY_ASSIGNED_CONTEXT ( ( #2040 ) ) GLOBAL_UNIT_ASSIGNED_CONTEXT ( ( #674, #692, #2820 ) ) REPRESENTATION_CONTEXT ( 'NONE', 'WORKASPACE' ) );
#3330 = DIRECTION ( 'NONE',  ( 0.000000000000000000, -0.2829509661627159778, -0.9591343757511695545 ) ) ;
#3331 = COLOUR_RGB ( '',0.6666666666666666297, 0.6980392156862744724, 0.7686274509803920907 ) ;
#3332 = SURFACE_STYLE_FILL_AREA ( #1187 ) ;
#3333 = CARTESIAN_POINT ( 'NONE',  ( -0.6349999999999998979, -0.04340980676745784250, 2.692306838757896337 ) ) ;
#3334 = EDGE_LOOP ( 'NONE', ( #1100, #2756, #1927, #731 ) ) ;
#3335 = COLOUR_RGB ( '',0.6666666666666666297, 0.6980392156862744724, 0.7686274509803920907 ) ;
#3336 = LINE ( 'NONE', #3319, #68 ) ;
#3337 = DIRECTION ( 'NONE',  ( 0.000000000000000000, -0.9986295347545739443, -0.05233595624294388321 ) ) ;
#3338 = SURFACE_STYLE_FILL_AREA ( #1428 ) ;
#3339 = LINE ( 'NONE', #914, #701 ) ;
#3340 = SURFACE_SIDE_STYLE ('',( #3064 ) ) ;
#3341 = VERTEX_POINT ( 'NONE', #2529 ) ;
#3342 = SURFACE_SIDE_STYLE ('',( #3128 ) ) ;
#3343 = DIRECTION ( 'NONE',  ( 0.000000000000000000, 0.2829509661627159778, -0.9591343757511695545 ) ) ;
#3344 = VERTEX_POINT ( 'NONE', #3061 ) ;
#3345 = AXIS2_PLACEMENT_3D ( 'NONE', #1010, #199, #2898 ) ;
#3346 = DIRECTION ( 'NONE',  ( 0.000000000000000000, 0.9591343757511695545, -0.2829509661627160333 ) ) ;
#3347 =( GEOMETRIC_REPRESENTATION_CONTEXT ( 3 ) GLOBAL_UNCERTAINTY_ASSIGNED_CONTEXT ( ( #1604 ) ) GLOBAL_UNIT_ASSIGNED_CONTEXT ( ( #3025, #1334, #1738 ) ) REPRESENTATION_CONTEXT ( 'NONE', 'WORKASPACE' ) );
#3348 = UNCERTAINTY_MEASURE_WITH_UNIT (LENGTH_MEASURE( 1.000000000000000082E-05 ), #1559, 'distance_accuracy_value', 'NONE');
#3349 = VECTOR ( 'NONE', #2354, 1000.000000000000000 ) ;
#3350 = DIRECTION ( 'NONE',  ( 0.000000000000000000, -1.000000000000000000, 0.000000000000000000 ) ) ;
#3351 = ORIENTED_EDGE ( 'NONE', *, *, #2850, .T. ) ;
#3352 = DIRECTION ( 'NONE',  ( 0.000000000000000000, 0.000000000000000000, 1.000000000000000000 ) ) ;
#3353 =( LENGTH_UNIT ( ) NAMED_UNIT ( * ) SI_UNIT ( .MILLI., .METRE. ) );
#3354 = MECHANICAL_DESIGN_GEOMETRIC_PRESENTATION_REPRESENTATION (  '', ( #2450 ), #872 ) ;
#3355 = CARTESIAN_POINT ( 'NONE',  ( 1.035000000000000142, -0.9169264188335762844, -3.500000000000000000 ) ) ;
#3356 = CARTESIAN_POINT ( 'NONE',  ( 1.035000000000000142, -1.116926418833576351, 2.950000000000000622 ) ) ;
#3357 = ORIENTED_EDGE ( 'NONE', *, *, #2884, .T. ) ;
#3358 = COLOUR_RGB ( '',0.6666666666666666297, 0.6980392156862744724, 0.7686274509803920907 ) ;
#3359 = FILL_AREA_STYLE ('',( #1197 ) ) ;
#3360 = PRESENTATION_LAYER_ASSIGNMENT (  '', '', ( #1568 ) ) ;
#3361 = ORIENTED_EDGE ( 'NONE', *, *, #2433, .T. ) ;
#3362 = VECTOR ( 'NONE', #1891, 1000.000000000000000 ) ;
#3363 = DIRECTION ( 'NONE',  ( 0.000000000000000000, 0.9591343757511695545, 0.2829509661627159778 ) ) ;
#3364 = SURFACE_STYLE_FILL_AREA ( #2274 ) ;
#3365 = EDGE_LOOP ( 'NONE', ( #438, #1389, #413, #3041 ) ) ;
#3366 = LINE ( 'NONE', #2227, #297 ) ;
#3367 = CARTESIAN_POINT ( 'NONE',  ( 1.035000000000000142, -0.09999999999999997780, 2.500479963607662004 ) ) ;
#3368 =( NAMED_UNIT ( * ) SI_UNIT ( $, .STERADIAN. ) SOLID_ANGLE_UNIT ( ) );
#3369 = CARTESIAN_POINT ( 'NONE',  ( -1.034999999999999920, -0.2999999999999999889, 2.350959927215324097 ) ) ;
#3370 = ADVANCED_FACE ( 'NONE', ( #2791 ), #2842, .T. ) ;
#3371 = STYLED_ITEM ( 'NONE', ( #3431 ), #966 ) ;
#3372 = ORIENTED_EDGE ( 'NONE', *, *, #75, .T. ) ;
#3373 = DIRECTION ( 'NONE',  ( 0.000000000000000000, -1.000000000000000000, 0.000000000000000000 ) ) ;
#3374 =( LENGTH_UNIT ( ) NAMED_UNIT ( * ) SI_UNIT ( .MILLI., .METRE. ) );
#3375 = VERTEX_POINT ( 'NONE', #1825 ) ;
#3376 = ADVANCED_FACE ( 'NONE', ( #504 ), #1309, .F. ) ;
#3377 = VECTOR ( 'NONE', #3248, 1000.000000000000000 ) ;
#3378 = CARTESIAN_POINT ( 'NONE',  ( -0.6349999999999998979, -0.04340980676745784250, -2.692306838757896337 ) ) ;
#3379 = SURFACE_SIDE_STYLE ('',( #1013 ) ) ;
#3380 = EDGE_LOOP ( 'NONE', ( #1403, #981, #3147, #512 ) ) ;
#3381 = SURFACE_STYLE_FILL_AREA ( #1225 ) ;
#3382 = SURFACE_STYLE_FILL_AREA ( #2068 ) ;
#3383 = EDGE_CURVE ( 'NONE', #962, #2619, #3280, .T. ) ;
#3384 = EDGE_CURVE ( 'NONE', #392, #1705, #497, .T. ) ;
#3385 = MECHANICAL_DESIGN_GEOMETRIC_PRESENTATION_REPRESENTATION (  '', ( #2022 ), #1240 ) ;
#3386 = CARTESIAN_POINT ( 'NONE',  ( -1.425000000000000711, 0.1000000000000000056, -1.999999999999999556 ) ) ;
#3387 =( GEOMETRIC_REPRESENTATION_CONTEXT ( 3 ) GLOBAL_UNCERTAINTY_ASSIGNED_CONTEXT ( ( #1188 ) ) GLOBAL_UNIT_ASSIGNED_CONTEXT ( ( #1198, #1874, #2418 ) ) REPRESENTATION_CONTEXT ( 'NONE', 'WORKASPACE' ) );
#3388 = CARTESIAN_POINT ( 'NONE',  ( 1.035000000000000142, -0.9169264188335762844, 3.099520036392338529 ) ) ;
#3389 = ORIENTED_EDGE ( 'NONE', *, *, #1565, .F. ) ;
#3390 = CARTESIAN_POINT ( 'NONE',  ( 1.035000000000000142, -0.9735166120661183919, -2.758173124849765401 ) ) ;
#3391 = CARTESIAN_POINT ( 'NONE',  ( -0.6349999999999998979, -0.2999999999999999889, 2.350959927215324097 ) ) ;
#3392 = LINE ( 'NONE', #431, #3123 ) ;
#3393 = SURFACE_SIDE_STYLE ('',( #2576 ) ) ;
#3394 = ADVANCED_FACE ( 'NONE', ( #2337 ), #3436, .T. ) ;
#3395 = ORIENTED_EDGE ( 'NONE', *, *, #2499, .T. ) ;
#3396 = AXIS2_PLACEMENT_3D ( 'NONE', #3107, #1455, #1534 ) ;
#3397 = PRESENTATION_STYLE_ASSIGNMENT (( #2655 ) ) ;
#3398 = SURFACE_SIDE_STYLE ('',( #2314 ) ) ;
#3399 = AXIS2_PLACEMENT_3D ( 'NONE', #723, #2658, #987 ) ;
#3400 =( NAMED_UNIT ( * ) PLANE_ANGLE_UNIT ( ) SI_UNIT ( $, .RADIAN. ) );
#3401 = VERTEX_POINT ( 'NONE', #1123 ) ;
#3402 = SURFACE_STYLE_USAGE ( .BOTH. , #1901 ) ;
#3403 = SURFACE_SIDE_STYLE ('',( #2611 ) ) ;
#3404 = CARTESIAN_POINT ( 'NONE',  ( -1.425000000000000711, -0.1000000000000000056, -1.999999999999999556 ) ) ;
#3405 = VECTOR ( 'NONE', #2492, 1000.000000000000000 ) ;
#3406 =( LENGTH_UNIT ( ) NAMED_UNIT ( * ) SI_UNIT ( .MILLI., .METRE. ) );
#3407 = AXIS2_PLACEMENT_3D ( 'NONE', #1884, #3266, #2483 ) ;
#3408 = ORIENTED_EDGE ( 'NONE', *, *, #233, .F. ) ;
#3409 =( NAMED_UNIT ( * ) SI_UNIT ( $, .STERADIAN. ) SOLID_ANGLE_UNIT ( ) );
#3410 = ORIENTED_EDGE ( 'NONE', *, *, #1381, .F. ) ;
#3411 = PRESENTATION_LAYER_ASSIGNMENT (  '', '', ( #1049 ) ) ;
#3412 = ORIENTED_EDGE ( 'NONE', *, *, #590, .T. ) ;
#3413 = DIRECTION ( 'NONE',  ( 0.000000000000000000, -0.000000000000000000, -1.000000000000000000 ) ) ;
#3414 = MECHANICAL_DESIGN_GEOMETRIC_PRESENTATION_REPRESENTATION (  '', ( #714 ), #1449 ) ;
#3415 = FACE_OUTER_BOUND ( 'NONE', #1280, .T. ) ;
#3416 = ADVANCED_FACE ( 'NONE', ( #589 ), #1071, .F. ) ;
#3417 = DIRECTION ( 'NONE',  ( 0.000000000000000000, 0.05233595624294388321, -0.9986295347545739443 ) ) ;
#3418 = SURFACE_STYLE_USAGE ( .BOTH. , #2052 ) ;
#3419 = ADVANCED_FACE ( 'NONE', ( #1689 ), #2821, .F. ) ;
#3420 = ORIENTED_EDGE ( 'NONE', *, *, #1518, .T. ) ;
#3421 = CARTESIAN_POINT ( 'NONE',  ( -0.6349999999999998979, -0.09999999999999997780, 2.500479963607662004 ) ) ;
#3422 = EDGE_CURVE ( 'NONE', #2048, #1895, #3293, .T. ) ;
#3423 = DIRECTION ( 'NONE',  ( 0.05226442768871397693, 0.9972646886342372285, 0.05226442768871396999 ) ) ;
#3424 = EDGE_CURVE ( 'NONE', #3375, #1272, #1707, .T. ) ;
#3425 =( LENGTH_UNIT ( ) NAMED_UNIT ( * ) SI_UNIT ( .MILLI., .METRE. ) );
#3426 = MECHANICAL_DESIGN_GEOMETRIC_PRESENTATION_REPRESENTATION (  '', ( #2236 ), #254 ) ;
#3427 = FILL_AREA_STYLE_COLOUR ( '', #663 ) ;
#3428 = CARTESIAN_POINT ( 'NONE',  ( -1.425000000000000266, 0.1000000000000000056, 2.000000000000000444 ) ) ;
#3429 = ORIENTED_EDGE ( 'NONE', *, *, #175, .T. ) ;
#3430 = CARTESIAN_POINT ( 'NONE',  ( -1.385282743851217635, -0.8578503934364415384, -1.960282743851216480 ) ) ;
#3431 = PRESENTATION_STYLE_ASSIGNMENT (( #1523 ) ) ;
#3432 = AXIS2_PLACEMENT_3D ( 'NONE', #2586, #2003, #2034 ) ;
#3433 = COLOUR_RGB ( '',0.6666666666666666297, 0.6980392156862744724, 0.7686274509803920907 ) ;
#3434 = DIRECTION ( 'NONE',  ( 0.000000000000000000, 0.9986295347545739443, 0.05233595624294388321 ) ) ;
#3435 =( LENGTH_UNIT ( ) NAMED_UNIT ( * ) SI_UNIT ( .MILLI., .METRE. ) );
#3436 = CYLINDRICAL_SURFACE ( 'NONE', #2086, 0.1499999999999999667 ) ;
#3437 = STYLED_ITEM ( 'NONE', ( #3397 ), #2946 ) ;
#3438 = LINE ( 'NONE', #1270, #2915 ) ;
#3439 = VERTEX_POINT ( 'NONE', #2522 ) ;
#3440 = PRESENTATION_LAYER_ASSIGNMENT (  '', '', ( #2139 ) ) ;
#3441 = PLANE ( 'NONE',  #1200 ) ;
#3442 = FILL_AREA_STYLE_COLOUR ( '', #1507 ) ;
#3443 =( LENGTH_UNIT ( ) NAMED_UNIT ( * ) SI_UNIT ( .MILLI., .METRE. ) );
#3444 = CARTESIAN_POINT ( 'NONE',  ( 1.424999999999999378, -0.1000000000000000056, -1.999999999999999556 ) ) ;
#3445 = COLOUR_RGB ( '',0.6666666666666666297, 0.6980392156862744724, 0.7686274509803920907 ) ;
#3446 = DIRECTION ( 'NONE',  ( -1.000000000000000000, -0.000000000000000000, -0.000000000000000000 ) ) ;
#3447 = PLANE ( 'NONE',  #3032 ) ;
#3448 = AXIS2_PLACEMENT_3D ( 'NONE', #3311, #3343, #3363 ) ;
#3449 = ORIENTED_EDGE ( 'NONE', *, *, #2365, .F. ) ;
#3450 = ORIENTED_EDGE ( 'NONE', *, *, #1558, .F. ) ;
#3451 = LINE ( 'NONE', #2352, #1018 ) ;
#3452 = FILL_AREA_STYLE ('',( #758 ) ) ;
#3453 =( NAMED_UNIT ( * ) PLANE_ANGLE_UNIT ( ) SI_UNIT ( $, .RADIAN. ) );
#3454 =( LENGTH_UNIT ( ) NAMED_UNIT ( * ) SI_UNIT ( .MILLI., .METRE. ) );
#3455 = ORIENTED_EDGE ( 'NONE', *, *, #938, .T. ) ;
#3456 = PRESENTATION_LAYER_ASSIGNMENT (  '', '', ( #3010 ) ) ;
#3457 = CARTESIAN_POINT ( 'NONE',  ( -1.235488313638031244, 1.000000000000000000, 1.810488313638031421 ) ) ;
#3458 = MANIFOLD_SOLID_BREP ( 'Mirror1', #464 ) ;
#3459 = VECTOR ( 'NONE', #2827, 1000.000000000000000 ) ;
#3460 = LINE ( 'NONE', #2146, #2904 ) ;
#3461 = PRESENTATION_LAYER_ASSIGNMENT (  '', '', ( #1499 ) ) ;
#3462 = DIRECTION ( 'NONE',  ( 0.000000000000000000, 0.000000000000000000, -1.000000000000000000 ) ) ;
#3463 = MECHANICAL_DESIGN_GEOMETRIC_PRESENTATION_REPRESENTATION (  '', ( #1785 ), #76 ) ;
#3464 = FACE_OUTER_BOUND ( 'NONE', #1542, .T. ) ;
#3465 = ORIENTED_EDGE ( 'NONE', *, *, #29, .F. ) ;
#3466 = EDGE_CURVE ( 'NONE', #2385, #2048, #853, .T. ) ;
#3467 = ORIENTED_EDGE ( 'NONE', *, *, #1094, .F. ) ;
#3468 = CARTESIAN_POINT ( 'NONE',  ( -1.034999999999999920, -1.116926418833576351, 2.950000000000000622 ) ) ;
#3469 = LINE ( 'NONE', #2137, #667 ) ;
#3470 = STYLED_ITEM ( 'NONE', ( #647 ), #2154 ) ;
#3471 = SURFACE_STYLE_FILL_AREA ( #3452 ) ;
#3472 = DIRECTION ( 'NONE',  ( 0.000000000000000000, 0.000000000000000000, 1.000000000000000000 ) ) ;
#3473 = VECTOR ( 'NONE', #2228, 1000.000000000000000 ) ;
#3474 = CARTESIAN_POINT ( 'NONE',  ( -1.380872781989107345, -0.9419974785150239116, 1.955872781989107745 ) ) ;
#3475 = AXIS2_PLACEMENT_3D ( 'NONE', #2763, #2710, #2781 ) ;
#3476 = EDGE_LOOP ( 'NONE', ( #2171, #1756, #2343, #685, #1512, #3269, #1175, #803, #2468, #2637, #256, #3420 ) ) ;
#3477 =( NAMED_UNIT ( * ) SI_UNIT ( $, .STERADIAN. ) SOLID_ANGLE_UNIT ( ) );
#3478 = DIRECTION ( 'NONE',  ( 1.084202172485504557E-16, 0.000000000000000000, 1.000000000000000000 ) ) ;
#3479 = CARTESIAN_POINT ( 'NONE',  ( -0.6349999999999998979, -1.116926418833576351, -3.500000000000000000 ) ) ;
#3480 = EDGE_CURVE ( 'NONE', #713, #807, #2600, .T. ) ;
#3481 = CARTESIAN_POINT ( 'NONE',  ( 1.035000000000000142, -0.9169264188335762844, 3.500000000000000000 ) ) ;
#3482 = COLOUR_RGB ( '',0.2980392156862745057, 0.2980392156862745057, 0.2980392156862745057 ) ;
#3483 = LINE ( 'NONE', #785, #2592 ) ;
#3484 = ORIENTED_EDGE ( 'NONE', *, *, #39, .T. ) ;
#3485 = SURFACE_SIDE_STYLE ('',( #1299 ) ) ;
#3486 = ORIENTED_EDGE ( 'NONE', *, *, #3221, .F. ) ;
#3487 = VECTOR ( 'NONE', #2242, 1000.000000000000000 ) ;
#3488 = DIRECTION ( 'NONE',  ( -1.000000000000000000, -0.000000000000000000, -0.000000000000000000 ) ) ;
#3489 = CARTESIAN_POINT ( 'NONE',  ( -1.034999999999999920, -0.9169264188335763954, -2.949999999999999734 ) ) ;
#3490 = MECHANICAL_DESIGN_GEOMETRIC_PRESENTATION_REPRESENTATION (  '', ( #2480 ), #1065 ) ;
#3491 = LINE ( 'NONE', #2939, #792 ) ;
#3492 = LINE ( 'NONE', #1357, #1619 ) ;
#3493 = EDGE_CURVE ( 'NONE', #910, #843, #1260, .T. ) ;
#3494 = UNCERTAINTY_MEASURE_WITH_UNIT (LENGTH_MEASURE( 1.000000000000000082E-05 ), #1609, 'distance_accuracy_value', 'NONE');
#3495 = MECHANICAL_DESIGN_GEOMETRIC_PRESENTATION_REPRESENTATION (  '', ( #261 ), #1644 ) ;
#3496 = FILL_AREA_STYLE ('',( #1376 ) ) ;
#3497 = ORIENTED_EDGE ( 'NONE', *, *, #2499, .F. ) ;
#3498 = UNCERTAINTY_MEASURE_WITH_UNIT (LENGTH_MEASURE( 1.000000000000000082E-05 ), #1816, 'distance_accuracy_value', 'NONE');
#3499 = DIRECTION ( 'NONE',  ( 0.000000000000000000, 0.000000000000000000, -1.000000000000000000 ) ) ;
#3500 = FILL_AREA_STYLE ('',( #2130 ) ) ;
ENDSEC;
END-ISO-10303-21;
